[2026-09-19T21:00:16.447+0000] {processor.py:156} INFO - Started process (PID=54) to work on /home/airflow/.local/lib/python3.7/site-packages/airflow/example_dags/example_branch_day_of_week_operator.py
[2026-09-19T21:00:16.449+0000] {processor.py:799} INFO - Processing file /home/airflow/.local/lib/python3.7/site-packages/airflow/example_dags/example_branch_day_of_week_operator.py for tasks to queue
[2026-09-19T21:00:16.450+0000] {logging_mixin.py:149} INFO - [2026-09-19T21:00:16.450+0000] {dagbag.py:541} INFO - Filling up the DagBag from /home/airflow/.local/lib/python3.7/site-packages/airflow/example_dags/example_branch_day_of_week_operator.py
[2026-09-19T21:00:16.855+0000] {processor.py:809} INFO - DAG(s) dict_keys(['example_weekday_branch_operator']) retrieved from /home/airflow/.local/lib/python3.7/site-packages/airflow/example_dags/example_branch_day_of_week_operator.py
[2026-09-19T21:00:16.878+0000] {logging_mixin.py:149} INFO - [2026-09-19T21:00:16.877+0000] {dag.py:2726} INFO - Sync 1 DAGs
[2026-09-19T21:00:16.921+0000] {logging_mixin.py:149} INFO - [2026-09-19T21:00:16.921+0000] {dag.py:3490} INFO - Setting next_dagrun for example_weekday_branch_operator to 2026-09-18T00:00:00+00:00, run_after=2026-09-19T00:00:00+00:00
[2026-09-19T21:00:17.008+0000] {processor.py:178} INFO - Processing /home/airflow/.local/lib/python3.7/site-packages/airflow/example_dags/example_branch_day_of_week_operator.py took 0.566 seconds
[2026-09-19T21:00:47.537+0000] {processor.py:156} INFO - Started process (PID=110) to work on /home/airflow/.local/lib/python3.7/site-packages/airflow/example_dags/example_branch_day_of_week_operator.py
[2026-09-19T21:00:47.541+0000] {processor.py:799} INFO - Processing file /home/airflow/.local/lib/python3.7/site-packages/airflow/example_dags/example_branch_day_of_week_operator.py for tasks to queue
[2026-09-19T21:00:47.542+0000] {logging_mixin.py:149} INFO - [2026-09-19T21:00:47.542+0000] {dagbag.py:541} INFO - Filling up the DagBag from /home/airflow/.local/lib/python3.7/site-packages/airflow/example_dags/example_branch_day_of_week_operator.py
[2026-09-19T21:00:47.556+0000] {processor.py:809} INFO - DAG(s) dict_keys(['example_weekday_branch_operator']) retrieved from /home/airflow/.local/lib/python3.7/site-packages/airflow/example_dags/example_branch_day_of_week_operator.py
[2026-09-19T21:00:47.601+0000] {logging_mixin.py:149} INFO - [2026-09-19T21:00:47.600+0000] {dag.py:2726} INFO - Sync 1 DAGs
[2026-09-19T21:00:47.651+0000] {logging_mixin.py:149} INFO - [2026-09-19T21:00:47.651+0000] {dag.py:3490} INFO - Setting next_dagrun for example_weekday_branch_operator to 2026-09-18T00:00:00+00:00, run_after=2026-09-19T00:00:00+00:00
[2026-09-19T21:00:47.691+0000] {processor.py:178} INFO - Processing /home/airflow/.local/lib/python3.7/site-packages/airflow/example_dags/example_branch_day_of_week_operator.py took 0.160 seconds
[2026-09-19T21:01:18.109+0000] {processor.py:156} INFO - Started process (PID=166) to work on /home/airflow/.local/lib/python3.7/site-packages/airflow/example_dags/example_branch_day_of_week_operator.py
[2026-09-19T21:01:18.112+0000] {processor.py:799} INFO - Processing file /home/airflow/.local/lib/python3.7/site-packages/airflow/example_dags/example_branch_day_of_week_operator.py for tasks to queue
[2026-09-19T21:01:18.113+0000] {logging_mixin.py:149} INFO - [2026-09-19T21:01:18.113+0000] {dagbag.py:541} INFO - Filling up the DagBag from /home/airflow/.local/lib/python3.7/site-packages/airflow/example_dags/example_branch_day_of_week_operator.py
[2026-09-19T21:01:18.133+0000] {processor.py:809} INFO - DAG(s) dict_keys(['example_weekday_branch_operator']) retrieved from /home/airflow/.local/lib/python3.7/site-packages/airflow/example_dags/example_branch_day_of_week_operator.py
[2026-09-19T21:01:18.182+0000] {logging_mixin.py:149} INFO - [2026-09-19T21:01:18.182+0000] {dag.py:2726} INFO - Sync 1 DAGs
[2026-09-19T21:01:18.275+0000] {logging_mixin.py:149} INFO - [2026-09-19T21:01:18.274+0000] {dag.py:3490} INFO - Setting next_dagrun for example_weekday_branch_operator to 2026-09-18T00:00:00+00:00, run_after=2026-09-19T00:00:00+00:00
[2026-09-19T21:01:18.331+0000] {processor.py:178} INFO - Processing /home/airflow/.local/lib/python3.7/site-packages/airflow/example_dags/example_branch_day_of_week_operator.py took 0.230 seconds
[2026-09-19T21:01:48.441+0000] {processor.py:156} INFO - Started process (PID=222) to work on /home/airflow/.local/lib/python3.7/site-packages/airflow/example_dags/example_branch_day_of_week_operator.py
[2026-09-19T21:01:48.443+0000] {processor.py:799} INFO - Processing file /home/airflow/.local/lib/python3.7/site-packages/airflow/example_dags/example_branch_day_of_week_operator.py for tasks to queue
[2026-09-19T21:01:48.444+0000] {logging_mixin.py:149} INFO - [2026-09-19T21:01:48.444+0000] {dagbag.py:541} INFO - Filling up the DagBag from /home/airflow/.local/lib/python3.7/site-packages/airflow/example_dags/example_branch_day_of_week_operator.py
[2026-09-19T21:01:48.457+0000] {processor.py:809} INFO - DAG(s) dict_keys(['example_weekday_branch_operator']) retrieved from /home/airflow/.local/lib/python3.7/site-packages/airflow/example_dags/example_branch_day_of_week_operator.py
[2026-09-19T21:01:48.505+0000] {logging_mixin.py:149} INFO - [2026-09-19T21:01:48.505+0000] {dag.py:2726} INFO - Sync 1 DAGs
[2026-09-19T21:01:48.554+0000] {logging_mixin.py:149} INFO - [2026-09-19T21:01:48.554+0000] {dag.py:3490} INFO - Setting next_dagrun for example_weekday_branch_operator to 2026-09-18T00:00:00+00:00, run_after=2026-09-19T00:00:00+00:00
[2026-09-19T21:01:48.581+0000] {processor.py:178} INFO - Processing /home/airflow/.local/lib/python3.7/site-packages/airflow/example_dags/example_branch_day_of_week_operator.py took 0.147 seconds
[2026-09-19T21:02:18.698+0000] {processor.py:156} INFO - Started process (PID=278) to work on /home/airflow/.local/lib/python3.7/site-packages/airflow/example_dags/example_branch_day_of_week_operator.py
[2026-09-19T21:02:18.700+0000] {processor.py:799} INFO - Processing file /home/airflow/.local/lib/python3.7/site-packages/airflow/example_dags/example_branch_day_of_week_operator.py for tasks to queue
[2026-09-19T21:02:18.702+0000] {logging_mixin.py:149} INFO - [2026-09-19T21:02:18.701+0000] {dagbag.py:541} INFO - Filling up the DagBag from /home/airflow/.local/lib/python3.7/site-packages/airflow/example_dags/example_branch_day_of_week_operator.py
[2026-09-19T21:02:18.716+0000] {processor.py:809} INFO - DAG(s) dict_keys(['example_weekday_branch_operator']) retrieved from /home/airflow/.local/lib/python3.7/site-packages/airflow/example_dags/example_branch_day_of_week_operator.py
[2026-09-19T21:02:18.763+0000] {logging_mixin.py:149} INFO - [2026-09-19T21:02:18.763+0000] {dag.py:2726} INFO - Sync 1 DAGs
[2026-09-19T21:02:18.806+0000] {logging_mixin.py:149} INFO - [2026-09-19T21:02:18.805+0000] {dag.py:3490} INFO - Setting next_dagrun for example_weekday_branch_operator to 2026-09-18T00:00:00+00:00, run_after=2026-09-19T00:00:00+00:00
[2026-09-19T21:02:18.837+0000] {processor.py:178} INFO - Processing /home/airflow/.local/lib/python3.7/site-packages/airflow/example_dags/example_branch_day_of_week_operator.py took 0.146 seconds
[2026-09-19T21:02:49.220+0000] {processor.py:156} INFO - Started process (PID=334) to work on /home/airflow/.local/lib/python3.7/site-packages/airflow/example_dags/example_branch_day_of_week_operator.py
[2026-09-19T21:02:49.223+0000] {processor.py:799} INFO - Processing file /home/airflow/.local/lib/python3.7/site-packages/airflow/example_dags/example_branch_day_of_week_operator.py for tasks to queue
[2026-09-19T21:02:49.224+0000] {logging_mixin.py:149} INFO - [2026-09-19T21:02:49.223+0000] {dagbag.py:541} INFO - Filling up the DagBag from /home/airflow/.local/lib/python3.7/site-packages/airflow/example_dags/example_branch_day_of_week_operator.py
[2026-09-19T21:02:49.236+0000] {processor.py:809} INFO - DAG(s) dict_keys(['example_weekday_branch_operator']) retrieved from /home/airflow/.local/lib/python3.7/site-packages/airflow/example_dags/example_branch_day_of_week_operator.py
[2026-09-19T21:02:49.279+0000] {logging_mixin.py:149} INFO - [2026-09-19T21:02:49.279+0000] {dag.py:2726} INFO - Sync 1 DAGs
[2026-09-19T21:02:49.321+0000] {logging_mixin.py:149} INFO - [2026-09-19T21:02:49.320+0000] {dag.py:3490} INFO - Setting next_dagrun for example_weekday_branch_operator to 2026-09-18T00:00:00+00:00, run_after=2026-09-19T00:00:00+00:00
[2026-09-19T21:02:49.352+0000] {processor.py:178} INFO - Processing /home/airflow/.local/lib/python3.7/site-packages/airflow/example_dags/example_branch_day_of_week_operator.py took 0.137 seconds
[2026-09-19T21:03:19.614+0000] {processor.py:156} INFO - Started process (PID=390) to work on /home/airflow/.local/lib/python3.7/site-packages/airflow/example_dags/example_branch_day_of_week_operator.py
[2026-09-19T21:03:19.617+0000] {processor.py:799} INFO - Processing file /home/airflow/.local/lib/python3.7/site-packages/airflow/example_dags/example_branch_day_of_week_operator.py for tasks to queue
[2026-09-19T21:03:19.619+0000] {logging_mixin.py:149} INFO - [2026-09-19T21:03:19.619+0000] {dagbag.py:541} INFO - Filling up the DagBag from /home/airflow/.local/lib/python3.7/site-packages/airflow/example_dags/example_branch_day_of_week_operator.py
[2026-09-19T21:03:19.636+0000] {processor.py:809} INFO - DAG(s) dict_keys(['example_weekday_branch_operator']) retrieved from /home/airflow/.local/lib/python3.7/site-packages/airflow/example_dags/example_branch_day_of_week_operator.py
[2026-09-19T21:03:19.681+0000] {logging_mixin.py:149} INFO - [2026-09-19T21:03:19.681+0000] {dag.py:2726} INFO - Sync 1 DAGs
[2026-09-19T21:03:19.732+0000] {logging_mixin.py:149} INFO - [2026-09-19T21:03:19.732+0000] {dag.py:3490} INFO - Setting next_dagrun for example_weekday_branch_operator to 2026-09-18T00:00:00+00:00, run_after=2026-09-19T00:00:00+00:00
[2026-09-19T21:03:19.763+0000] {processor.py:178} INFO - Processing /home/airflow/.local/lib/python3.7/site-packages/airflow/example_dags/example_branch_day_of_week_operator.py took 0.157 seconds
[2026-09-19T21:03:50.102+0000] {processor.py:156} INFO - Started process (PID=446) to work on /home/airflow/.local/lib/python3.7/site-packages/airflow/example_dags/example_branch_day_of_week_operator.py
[2026-09-19T21:03:50.107+0000] {processor.py:799} INFO - Processing file /home/airflow/.local/lib/python3.7/site-packages/airflow/example_dags/example_branch_day_of_week_operator.py for tasks to queue
[2026-09-19T21:03:50.108+0000] {logging_mixin.py:149} INFO - [2026-09-19T21:03:50.107+0000] {dagbag.py:541} INFO - Filling up the DagBag from /home/airflow/.local/lib/python3.7/site-packages/airflow/example_dags/example_branch_day_of_week_operator.py
[2026-09-19T21:03:50.120+0000] {processor.py:809} INFO - DAG(s) dict_keys(['example_weekday_branch_operator']) retrieved from /home/airflow/.local/lib/python3.7/site-packages/airflow/example_dags/example_branch_day_of_week_operator.py
[2026-09-19T21:03:50.166+0000] {logging_mixin.py:149} INFO - [2026-09-19T21:03:50.166+0000] {dag.py:2726} INFO - Sync 1 DAGs
[2026-09-19T21:03:50.211+0000] {logging_mixin.py:149} INFO - [2026-09-19T21:03:50.210+0000] {dag.py:3490} INFO - Setting next_dagrun for example_weekday_branch_operator to 2026-09-18T00:00:00+00:00, run_after=2026-09-19T00:00:00+00:00
[2026-09-19T21:03:50.241+0000] {processor.py:178} INFO - Processing /home/airflow/.local/lib/python3.7/site-packages/airflow/example_dags/example_branch_day_of_week_operator.py took 0.145 seconds
[2026-09-19T21:04:20.453+0000] {processor.py:156} INFO - Started process (PID=502) to work on /home/airflow/.local/lib/python3.7/site-packages/airflow/example_dags/example_branch_day_of_week_operator.py
[2026-09-19T21:04:20.456+0000] {processor.py:799} INFO - Processing file /home/airflow/.local/lib/python3.7/site-packages/airflow/example_dags/example_branch_day_of_week_operator.py for tasks to queue
[2026-09-19T21:04:20.460+0000] {logging_mixin.py:149} INFO - [2026-09-19T21:04:20.460+0000] {dagbag.py:541} INFO - Filling up the DagBag from /home/airflow/.local/lib/python3.7/site-packages/airflow/example_dags/example_branch_day_of_week_operator.py
[2026-09-19T21:04:20.474+0000] {processor.py:809} INFO - DAG(s) dict_keys(['example_weekday_branch_operator']) retrieved from /home/airflow/.local/lib/python3.7/site-packages/airflow/example_dags/example_branch_day_of_week_operator.py
[2026-09-19T21:04:20.521+0000] {logging_mixin.py:149} INFO - [2026-09-19T21:04:20.521+0000] {dag.py:2726} INFO - Sync 1 DAGs
[2026-09-19T21:04:20.571+0000] {logging_mixin.py:149} INFO - [2026-09-19T21:04:20.571+0000] {dag.py:3490} INFO - Setting next_dagrun for example_weekday_branch_operator to 2026-09-18T00:00:00+00:00, run_after=2026-09-19T00:00:00+00:00
[2026-09-19T21:04:20.605+0000] {processor.py:178} INFO - Processing /home/airflow/.local/lib/python3.7/site-packages/airflow/example_dags/example_branch_day_of_week_operator.py took 0.159 seconds
[2026-09-19T21:04:50.717+0000] {processor.py:156} INFO - Started process (PID=558) to work on /home/airflow/.local/lib/python3.7/site-packages/airflow/example_dags/example_branch_day_of_week_operator.py
[2026-09-19T21:04:50.719+0000] {processor.py:799} INFO - Processing file /home/airflow/.local/lib/python3.7/site-packages/airflow/example_dags/example_branch_day_of_week_operator.py for tasks to queue
[2026-09-19T21:04:50.720+0000] {logging_mixin.py:149} INFO - [2026-09-19T21:04:50.720+0000] {dagbag.py:541} INFO - Filling up the DagBag from /home/airflow/.local/lib/python3.7/site-packages/airflow/example_dags/example_branch_day_of_week_operator.py
[2026-09-19T21:04:50.733+0000] {processor.py:809} INFO - DAG(s) dict_keys(['example_weekday_branch_operator']) retrieved from /home/airflow/.local/lib/python3.7/site-packages/airflow/example_dags/example_branch_day_of_week_operator.py
[2026-09-19T21:04:50.781+0000] {logging_mixin.py:149} INFO - [2026-09-19T21:04:50.781+0000] {dag.py:2726} INFO - Sync 1 DAGs
[2026-09-19T21:04:50.831+0000] {logging_mixin.py:149} INFO - [2026-09-19T21:04:50.831+0000] {dag.py:3490} INFO - Setting next_dagrun for example_weekday_branch_operator to 2026-09-18T00:00:00+00:00, run_after=2026-09-19T00:00:00+00:00
[2026-09-19T21:04:50.863+0000] {processor.py:178} INFO - Processing /home/airflow/.local/lib/python3.7/site-packages/airflow/example_dags/example_branch_day_of_week_operator.py took 0.153 seconds
[2026-09-19T21:05:20.934+0000] {processor.py:156} INFO - Started process (PID=614) to work on /home/airflow/.local/lib/python3.7/site-packages/airflow/example_dags/example_branch_day_of_week_operator.py
[2026-09-19T21:05:20.937+0000] {processor.py:799} INFO - Processing file /home/airflow/.local/lib/python3.7/site-packages/airflow/example_dags/example_branch_day_of_week_operator.py for tasks to queue
[2026-09-19T21:05:20.938+0000] {logging_mixin.py:149} INFO - [2026-09-19T21:05:20.938+0000] {dagbag.py:541} INFO - Filling up the DagBag from /home/airflow/.local/lib/python3.7/site-packages/airflow/example_dags/example_branch_day_of_week_operator.py
[2026-09-19T21:05:20.954+0000] {processor.py:809} INFO - DAG(s) dict_keys(['example_weekday_branch_operator']) retrieved from /home/airflow/.local/lib/python3.7/site-packages/airflow/example_dags/example_branch_day_of_week_operator.py
[2026-09-19T21:05:21.002+0000] {logging_mixin.py:149} INFO - [2026-09-19T21:05:21.002+0000] {dag.py:2726} INFO - Sync 1 DAGs
[2026-09-19T21:05:21.053+0000] {logging_mixin.py:149} INFO - [2026-09-19T21:05:21.053+0000] {dag.py:3490} INFO - Setting next_dagrun for example_weekday_branch_operator to 2026-09-18T00:00:00+00:00, run_after=2026-09-19T00:00:00+00:00
[2026-09-19T21:05:21.087+0000] {processor.py:178} INFO - Processing /home/airflow/.local/lib/python3.7/site-packages/airflow/example_dags/example_branch_day_of_week_operator.py took 0.159 seconds
[2026-09-19T21:05:51.380+0000] {processor.py:156} INFO - Started process (PID=670) to work on /home/airflow/.local/lib/python3.7/site-packages/airflow/example_dags/example_branch_day_of_week_operator.py
[2026-09-19T21:05:51.382+0000] {processor.py:799} INFO - Processing file /home/airflow/.local/lib/python3.7/site-packages/airflow/example_dags/example_branch_day_of_week_operator.py for tasks to queue
[2026-09-19T21:05:51.383+0000] {logging_mixin.py:149} INFO - [2026-09-19T21:05:51.383+0000] {dagbag.py:541} INFO - Filling up the DagBag from /home/airflow/.local/lib/python3.7/site-packages/airflow/example_dags/example_branch_day_of_week_operator.py
[2026-09-19T21:05:51.396+0000] {processor.py:809} INFO - DAG(s) dict_keys(['example_weekday_branch_operator']) retrieved from /home/airflow/.local/lib/python3.7/site-packages/airflow/example_dags/example_branch_day_of_week_operator.py
[2026-09-19T21:05:51.446+0000] {logging_mixin.py:149} INFO - [2026-09-19T21:05:51.446+0000] {dag.py:2726} INFO - Sync 1 DAGs
[2026-09-19T21:05:51.502+0000] {logging_mixin.py:149} INFO - [2026-09-19T21:05:51.502+0000] {dag.py:3490} INFO - Setting next_dagrun for example_weekday_branch_operator to 2026-09-18T00:00:00+00:00, run_after=2026-09-19T00:00:00+00:00
[2026-09-19T21:05:51.533+0000] {processor.py:178} INFO - Processing /home/airflow/.local/lib/python3.7/site-packages/airflow/example_dags/example_branch_day_of_week_operator.py took 0.159 seconds
[2026-09-19T21:06:21.623+0000] {processor.py:156} INFO - Started process (PID=725) to work on /home/airflow/.local/lib/python3.7/site-packages/airflow/example_dags/example_branch_day_of_week_operator.py
[2026-09-19T21:06:21.625+0000] {processor.py:799} INFO - Processing file /home/airflow/.local/lib/python3.7/site-packages/airflow/example_dags/example_branch_day_of_week_operator.py for tasks to queue
[2026-09-19T21:06:21.626+0000] {logging_mixin.py:149} INFO - [2026-09-19T21:06:21.626+0000] {dagbag.py:541} INFO - Filling up the DagBag from /home/airflow/.local/lib/python3.7/site-packages/airflow/example_dags/example_branch_day_of_week_operator.py
[2026-09-19T21:06:21.637+0000] {processor.py:809} INFO - DAG(s) dict_keys(['example_weekday_branch_operator']) retrieved from /home/airflow/.local/lib/python3.7/site-packages/airflow/example_dags/example_branch_day_of_week_operator.py
[2026-09-19T21:06:21.682+0000] {logging_mixin.py:149} INFO - [2026-09-19T21:06:21.681+0000] {dag.py:2726} INFO - Sync 1 DAGs
[2026-09-19T21:06:21.729+0000] {logging_mixin.py:149} INFO - [2026-09-19T21:06:21.729+0000] {dag.py:3490} INFO - Setting next_dagrun for example_weekday_branch_operator to 2026-09-18T00:00:00+00:00, run_after=2026-09-19T00:00:00+00:00
[2026-09-19T21:06:21.762+0000] {processor.py:178} INFO - Processing /home/airflow/.local/lib/python3.7/site-packages/airflow/example_dags/example_branch_day_of_week_operator.py took 0.145 seconds
[2026-09-19T21:06:51.890+0000] {processor.py:156} INFO - Started process (PID=781) to work on /home/airflow/.local/lib/python3.7/site-packages/airflow/example_dags/example_branch_day_of_week_operator.py
[2026-09-19T21:06:51.894+0000] {processor.py:799} INFO - Processing file /home/airflow/.local/lib/python3.7/site-packages/airflow/example_dags/example_branch_day_of_week_operator.py for tasks to queue
[2026-09-19T21:06:51.895+0000] {logging_mixin.py:149} INFO - [2026-09-19T21:06:51.895+0000] {dagbag.py:541} INFO - Filling up the DagBag from /home/airflow/.local/lib/python3.7/site-packages/airflow/example_dags/example_branch_day_of_week_operator.py
[2026-09-19T21:06:51.909+0000] {processor.py:809} INFO - DAG(s) dict_keys(['example_weekday_branch_operator']) retrieved from /home/airflow/.local/lib/python3.7/site-packages/airflow/example_dags/example_branch_day_of_week_operator.py
[2026-09-19T21:06:51.965+0000] {logging_mixin.py:149} INFO - [2026-09-19T21:06:51.964+0000] {dag.py:2726} INFO - Sync 1 DAGs
[2026-09-19T21:06:52.013+0000] {logging_mixin.py:149} INFO - [2026-09-19T21:06:52.012+0000] {dag.py:3490} INFO - Setting next_dagrun for example_weekday_branch_operator to 2026-09-18T00:00:00+00:00, run_after=2026-09-19T00:00:00+00:00
[2026-09-19T21:06:52.048+0000] {processor.py:178} INFO - Processing /home/airflow/.local/lib/python3.7/site-packages/airflow/example_dags/example_branch_day_of_week_operator.py took 0.164 seconds
[2026-09-19T21:07:22.267+0000] {processor.py:156} INFO - Started process (PID=837) to work on /home/airflow/.local/lib/python3.7/site-packages/airflow/example_dags/example_branch_day_of_week_operator.py
[2026-09-19T21:07:22.269+0000] {processor.py:799} INFO - Processing file /home/airflow/.local/lib/python3.7/site-packages/airflow/example_dags/example_branch_day_of_week_operator.py for tasks to queue
[2026-09-19T21:07:22.270+0000] {logging_mixin.py:149} INFO - [2026-09-19T21:07:22.270+0000] {dagbag.py:541} INFO - Filling up the DagBag from /home/airflow/.local/lib/python3.7/site-packages/airflow/example_dags/example_branch_day_of_week_operator.py
[2026-09-19T21:07:22.282+0000] {processor.py:809} INFO - DAG(s) dict_keys(['example_weekday_branch_operator']) retrieved from /home/airflow/.local/lib/python3.7/site-packages/airflow/example_dags/example_branch_day_of_week_operator.py
[2026-09-19T21:07:22.327+0000] {logging_mixin.py:149} INFO - [2026-09-19T21:07:22.327+0000] {dag.py:2726} INFO - Sync 1 DAGs
[2026-09-19T21:07:22.375+0000] {logging_mixin.py:149} INFO - [2026-09-19T21:07:22.375+0000] {dag.py:3490} INFO - Setting next_dagrun for example_weekday_branch_operator to 2026-09-18T00:00:00+00:00, run_after=2026-09-19T00:00:00+00:00
[2026-09-19T21:07:22.406+0000] {processor.py:178} INFO - Processing /home/airflow/.local/lib/python3.7/site-packages/airflow/example_dags/example_branch_day_of_week_operator.py took 0.144 seconds
[2026-09-19T21:07:52.719+0000] {processor.py:156} INFO - Started process (PID=893) to work on /home/airflow/.local/lib/python3.7/site-packages/airflow/example_dags/example_branch_day_of_week_operator.py
[2026-09-19T21:07:52.721+0000] {processor.py:799} INFO - Processing file /home/airflow/.local/lib/python3.7/site-packages/airflow/example_dags/example_branch_day_of_week_operator.py for tasks to queue
[2026-09-19T21:07:52.722+0000] {logging_mixin.py:149} INFO - [2026-09-19T21:07:52.722+0000] {dagbag.py:541} INFO - Filling up the DagBag from /home/airflow/.local/lib/python3.7/site-packages/airflow/example_dags/example_branch_day_of_week_operator.py
[2026-09-19T21:07:52.736+0000] {processor.py:809} INFO - DAG(s) dict_keys(['example_weekday_branch_operator']) retrieved from /home/airflow/.local/lib/python3.7/site-packages/airflow/example_dags/example_branch_day_of_week_operator.py
[2026-09-19T21:07:52.782+0000] {logging_mixin.py:149} INFO - [2026-09-19T21:07:52.782+0000] {dag.py:2726} INFO - Sync 1 DAGs
[2026-09-19T21:07:52.832+0000] {logging_mixin.py:149} INFO - [2026-09-19T21:07:52.831+0000] {dag.py:3490} INFO - Setting next_dagrun for example_weekday_branch_operator to 2026-09-18T00:00:00+00:00, run_after=2026-09-19T00:00:00+00:00
[2026-09-19T21:07:52.862+0000] {processor.py:178} INFO - Processing /home/airflow/.local/lib/python3.7/site-packages/airflow/example_dags/example_branch_day_of_week_operator.py took 0.150 seconds
[2026-09-19T21:08:22.957+0000] {processor.py:156} INFO - Started process (PID=949) to work on /home/airflow/.local/lib/python3.7/site-packages/airflow/example_dags/example_branch_day_of_week_operator.py
[2026-09-19T21:08:22.959+0000] {processor.py:799} INFO - Processing file /home/airflow/.local/lib/python3.7/site-packages/airflow/example_dags/example_branch_day_of_week_operator.py for tasks to queue
[2026-09-19T21:08:22.960+0000] {logging_mixin.py:149} INFO - [2026-09-19T21:08:22.960+0000] {dagbag.py:541} INFO - Filling up the DagBag from /home/airflow/.local/lib/python3.7/site-packages/airflow/example_dags/example_branch_day_of_week_operator.py
[2026-09-19T21:08:22.973+0000] {processor.py:809} INFO - DAG(s) dict_keys(['example_weekday_branch_operator']) retrieved from /home/airflow/.local/lib/python3.7/site-packages/airflow/example_dags/example_branch_day_of_week_operator.py
[2026-09-19T21:08:23.019+0000] {logging_mixin.py:149} INFO - [2026-09-19T21:08:23.019+0000] {dag.py:2726} INFO - Sync 1 DAGs
[2026-09-19T21:08:23.071+0000] {logging_mixin.py:149} INFO - [2026-09-19T21:08:23.071+0000] {dag.py:3490} INFO - Setting next_dagrun for example_weekday_branch_operator to 2026-09-18T00:00:00+00:00, run_after=2026-09-19T00:00:00+00:00
[2026-09-19T21:08:23.106+0000] {processor.py:178} INFO - Processing /home/airflow/.local/lib/python3.7/site-packages/airflow/example_dags/example_branch_day_of_week_operator.py took 0.155 seconds
[2026-09-19T21:08:53.676+0000] {processor.py:156} INFO - Started process (PID=1005) to work on /home/airflow/.local/lib/python3.7/site-packages/airflow/example_dags/example_branch_day_of_week_operator.py
[2026-09-19T21:08:53.678+0000] {processor.py:799} INFO - Processing file /home/airflow/.local/lib/python3.7/site-packages/airflow/example_dags/example_branch_day_of_week_operator.py for tasks to queue
[2026-09-19T21:08:53.679+0000] {logging_mixin.py:149} INFO - [2026-09-19T21:08:53.679+0000] {dagbag.py:541} INFO - Filling up the DagBag from /home/airflow/.local/lib/python3.7/site-packages/airflow/example_dags/example_branch_day_of_week_operator.py
[2026-09-19T21:08:53.693+0000] {processor.py:809} INFO - DAG(s) dict_keys(['example_weekday_branch_operator']) retrieved from /home/airflow/.local/lib/python3.7/site-packages/airflow/example_dags/example_branch_day_of_week_operator.py
[2026-09-19T21:08:53.742+0000] {logging_mixin.py:149} INFO - [2026-09-19T21:08:53.742+0000] {dag.py:2726} INFO - Sync 1 DAGs
[2026-09-19T21:08:53.791+0000] {logging_mixin.py:149} INFO - [2026-09-19T21:08:53.790+0000] {dag.py:3490} INFO - Setting next_dagrun for example_weekday_branch_operator to 2026-09-18T00:00:00+00:00, run_after=2026-09-19T00:00:00+00:00
[2026-09-19T21:08:53.824+0000] {processor.py:178} INFO - Processing /home/airflow/.local/lib/python3.7/site-packages/airflow/example_dags/example_branch_day_of_week_operator.py took 0.156 seconds
[2026-09-19T21:09:23.980+0000] {processor.py:156} INFO - Started process (PID=1062) to work on /home/airflow/.local/lib/python3.7/site-packages/airflow/example_dags/example_branch_day_of_week_operator.py
[2026-09-19T21:09:23.985+0000] {processor.py:799} INFO - Processing file /home/airflow/.local/lib/python3.7/site-packages/airflow/example_dags/example_branch_day_of_week_operator.py for tasks to queue
[2026-09-19T21:09:23.987+0000] {logging_mixin.py:149} INFO - [2026-09-19T21:09:23.986+0000] {dagbag.py:541} INFO - Filling up the DagBag from /home/airflow/.local/lib/python3.7/site-packages/airflow/example_dags/example_branch_day_of_week_operator.py
[2026-09-19T21:09:24.000+0000] {processor.py:809} INFO - DAG(s) dict_keys(['example_weekday_branch_operator']) retrieved from /home/airflow/.local/lib/python3.7/site-packages/airflow/example_dags/example_branch_day_of_week_operator.py
[2026-09-19T21:09:24.042+0000] {logging_mixin.py:149} INFO - [2026-09-19T21:09:24.041+0000] {dag.py:2726} INFO - Sync 1 DAGs
[2026-09-19T21:09:24.089+0000] {logging_mixin.py:149} INFO - [2026-09-19T21:09:24.089+0000] {dag.py:3490} INFO - Setting next_dagrun for example_weekday_branch_operator to 2026-09-18T00:00:00+00:00, run_after=2026-09-19T00:00:00+00:00
[2026-09-19T21:09:24.123+0000] {processor.py:178} INFO - Processing /home/airflow/.local/lib/python3.7/site-packages/airflow/example_dags/example_branch_day_of_week_operator.py took 0.149 seconds
[2026-09-19T21:09:54.387+0000] {processor.py:156} INFO - Started process (PID=1119) to work on /home/airflow/.local/lib/python3.7/site-packages/airflow/example_dags/example_branch_day_of_week_operator.py
[2026-09-19T21:09:54.389+0000] {processor.py:799} INFO - Processing file /home/airflow/.local/lib/python3.7/site-packages/airflow/example_dags/example_branch_day_of_week_operator.py for tasks to queue
[2026-09-19T21:09:54.390+0000] {logging_mixin.py:149} INFO - [2026-09-19T21:09:54.390+0000] {dagbag.py:541} INFO - Filling up the DagBag from /home/airflow/.local/lib/python3.7/site-packages/airflow/example_dags/example_branch_day_of_week_operator.py
[2026-09-19T21:09:54.404+0000] {processor.py:809} INFO - DAG(s) dict_keys(['example_weekday_branch_operator']) retrieved from /home/airflow/.local/lib/python3.7/site-packages/airflow/example_dags/example_branch_day_of_week_operator.py
[2026-09-19T21:09:54.453+0000] {logging_mixin.py:149} INFO - [2026-09-19T21:09:54.452+0000] {dag.py:2726} INFO - Sync 1 DAGs
[2026-09-19T21:09:54.506+0000] {logging_mixin.py:149} INFO - [2026-09-19T21:09:54.506+0000] {dag.py:3490} INFO - Setting next_dagrun for example_weekday_branch_operator to 2026-09-18T00:00:00+00:00, run_after=2026-09-19T00:00:00+00:00
[2026-09-19T21:09:54.539+0000] {processor.py:178} INFO - Processing /home/airflow/.local/lib/python3.7/site-packages/airflow/example_dags/example_branch_day_of_week_operator.py took 0.157 seconds
[2026-09-19T21:10:24.867+0000] {processor.py:156} INFO - Started process (PID=1175) to work on /home/airflow/.local/lib/python3.7/site-packages/airflow/example_dags/example_branch_day_of_week_operator.py
[2026-09-19T21:10:24.869+0000] {processor.py:799} INFO - Processing file /home/airflow/.local/lib/python3.7/site-packages/airflow/example_dags/example_branch_day_of_week_operator.py for tasks to queue
[2026-09-19T21:10:24.870+0000] {logging_mixin.py:149} INFO - [2026-09-19T21:10:24.870+0000] {dagbag.py:541} INFO - Filling up the DagBag from /home/airflow/.local/lib/python3.7/site-packages/airflow/example_dags/example_branch_day_of_week_operator.py
[2026-09-19T21:10:24.884+0000] {processor.py:809} INFO - DAG(s) dict_keys(['example_weekday_branch_operator']) retrieved from /home/airflow/.local/lib/python3.7/site-packages/airflow/example_dags/example_branch_day_of_week_operator.py
[2026-09-19T21:10:24.930+0000] {logging_mixin.py:149} INFO - [2026-09-19T21:10:24.930+0000] {dag.py:2726} INFO - Sync 1 DAGs
[2026-09-19T21:10:24.987+0000] {logging_mixin.py:149} INFO - [2026-09-19T21:10:24.986+0000] {dag.py:3490} INFO - Setting next_dagrun for example_weekday_branch_operator to 2026-09-18T00:00:00+00:00, run_after=2026-09-19T00:00:00+00:00
[2026-09-19T21:10:25.018+0000] {processor.py:178} INFO - Processing /home/airflow/.local/lib/python3.7/site-packages/airflow/example_dags/example_branch_day_of_week_operator.py took 0.157 seconds
[2026-09-19T21:10:55.550+0000] {processor.py:156} INFO - Started process (PID=1230) to work on /home/airflow/.local/lib/python3.7/site-packages/airflow/example_dags/example_branch_day_of_week_operator.py
[2026-09-19T21:10:55.556+0000] {processor.py:799} INFO - Processing file /home/airflow/.local/lib/python3.7/site-packages/airflow/example_dags/example_branch_day_of_week_operator.py for tasks to queue
[2026-09-19T21:10:55.558+0000] {logging_mixin.py:149} INFO - [2026-09-19T21:10:55.557+0000] {dagbag.py:541} INFO - Filling up the DagBag from /home/airflow/.local/lib/python3.7/site-packages/airflow/example_dags/example_branch_day_of_week_operator.py
[2026-09-19T21:10:55.571+0000] {processor.py:809} INFO - DAG(s) dict_keys(['example_weekday_branch_operator']) retrieved from /home/airflow/.local/lib/python3.7/site-packages/airflow/example_dags/example_branch_day_of_week_operator.py
[2026-09-19T21:10:55.622+0000] {logging_mixin.py:149} INFO - [2026-09-19T21:10:55.622+0000] {dag.py:2726} INFO - Sync 1 DAGs
[2026-09-19T21:10:55.667+0000] {logging_mixin.py:149} INFO - [2026-09-19T21:10:55.667+0000] {dag.py:3490} INFO - Setting next_dagrun for example_weekday_branch_operator to 2026-09-18T00:00:00+00:00, run_after=2026-09-19T00:00:00+00:00
[2026-09-19T21:10:55.700+0000] {processor.py:178} INFO - Processing /home/airflow/.local/lib/python3.7/site-packages/airflow/example_dags/example_branch_day_of_week_operator.py took 0.157 seconds
[2026-09-19T21:11:26.038+0000] {processor.py:156} INFO - Started process (PID=1286) to work on /home/airflow/.local/lib/python3.7/site-packages/airflow/example_dags/example_branch_day_of_week_operator.py
[2026-09-19T21:11:26.040+0000] {processor.py:799} INFO - Processing file /home/airflow/.local/lib/python3.7/site-packages/airflow/example_dags/example_branch_day_of_week_operator.py for tasks to queue
[2026-09-19T21:11:26.041+0000] {logging_mixin.py:149} INFO - [2026-09-19T21:11:26.041+0000] {dagbag.py:541} INFO - Filling up the DagBag from /home/airflow/.local/lib/python3.7/site-packages/airflow/example_dags/example_branch_day_of_week_operator.py
[2026-09-19T21:11:26.054+0000] {processor.py:809} INFO - DAG(s) dict_keys(['example_weekday_branch_operator']) retrieved from /home/airflow/.local/lib/python3.7/site-packages/airflow/example_dags/example_branch_day_of_week_operator.py
[2026-09-19T21:11:26.099+0000] {logging_mixin.py:149} INFO - [2026-09-19T21:11:26.099+0000] {dag.py:2726} INFO - Sync 1 DAGs
[2026-09-19T21:11:26.144+0000] {logging_mixin.py:149} INFO - [2026-09-19T21:11:26.144+0000] {dag.py:3490} INFO - Setting next_dagrun for example_weekday_branch_operator to 2026-09-18T00:00:00+00:00, run_after=2026-09-19T00:00:00+00:00
[2026-09-19T21:11:26.178+0000] {processor.py:178} INFO - Processing /home/airflow/.local/lib/python3.7/site-packages/airflow/example_dags/example_branch_day_of_week_operator.py took 0.146 seconds
[2026-09-19T21:11:56.657+0000] {processor.py:156} INFO - Started process (PID=1342) to work on /home/airflow/.local/lib/python3.7/site-packages/airflow/example_dags/example_branch_day_of_week_operator.py
[2026-09-19T21:11:56.659+0000] {processor.py:799} INFO - Processing file /home/airflow/.local/lib/python3.7/site-packages/airflow/example_dags/example_branch_day_of_week_operator.py for tasks to queue
[2026-09-19T21:11:56.660+0000] {logging_mixin.py:149} INFO - [2026-09-19T21:11:56.659+0000] {dagbag.py:541} INFO - Filling up the DagBag from /home/airflow/.local/lib/python3.7/site-packages/airflow/example_dags/example_branch_day_of_week_operator.py
[2026-09-19T21:11:56.674+0000] {processor.py:809} INFO - DAG(s) dict_keys(['example_weekday_branch_operator']) retrieved from /home/airflow/.local/lib/python3.7/site-packages/airflow/example_dags/example_branch_day_of_week_operator.py
[2026-09-19T21:11:56.722+0000] {logging_mixin.py:149} INFO - [2026-09-19T21:11:56.722+0000] {dag.py:2726} INFO - Sync 1 DAGs
[2026-09-19T21:11:56.774+0000] {logging_mixin.py:149} INFO - [2026-09-19T21:11:56.774+0000] {dag.py:3490} INFO - Setting next_dagrun for example_weekday_branch_operator to 2026-09-18T00:00:00+00:00, run_after=2026-09-19T00:00:00+00:00
[2026-09-19T21:11:56.807+0000] {processor.py:178} INFO - Processing /home/airflow/.local/lib/python3.7/site-packages/airflow/example_dags/example_branch_day_of_week_operator.py took 0.156 seconds
[2026-09-19T21:12:26.995+0000] {processor.py:156} INFO - Started process (PID=1398) to work on /home/airflow/.local/lib/python3.7/site-packages/airflow/example_dags/example_branch_day_of_week_operator.py
[2026-09-19T21:12:27.000+0000] {processor.py:799} INFO - Processing file /home/airflow/.local/lib/python3.7/site-packages/airflow/example_dags/example_branch_day_of_week_operator.py for tasks to queue
[2026-09-19T21:12:27.001+0000] {logging_mixin.py:149} INFO - [2026-09-19T21:12:27.001+0000] {dagbag.py:541} INFO - Filling up the DagBag from /home/airflow/.local/lib/python3.7/site-packages/airflow/example_dags/example_branch_day_of_week_operator.py
[2026-09-19T21:12:27.012+0000] {processor.py:809} INFO - DAG(s) dict_keys(['example_weekday_branch_operator']) retrieved from /home/airflow/.local/lib/python3.7/site-packages/airflow/example_dags/example_branch_day_of_week_operator.py
[2026-09-19T21:12:27.056+0000] {logging_mixin.py:149} INFO - [2026-09-19T21:12:27.056+0000] {dag.py:2726} INFO - Sync 1 DAGs
[2026-09-19T21:12:27.098+0000] {logging_mixin.py:149} INFO - [2026-09-19T21:12:27.098+0000] {dag.py:3490} INFO - Setting next_dagrun for example_weekday_branch_operator to 2026-09-18T00:00:00+00:00, run_after=2026-09-19T00:00:00+00:00
[2026-09-19T21:12:27.127+0000] {processor.py:178} INFO - Processing /home/airflow/.local/lib/python3.7/site-packages/airflow/example_dags/example_branch_day_of_week_operator.py took 0.136 seconds
[2026-09-19T21:12:57.415+0000] {processor.py:156} INFO - Started process (PID=1454) to work on /home/airflow/.local/lib/python3.7/site-packages/airflow/example_dags/example_branch_day_of_week_operator.py
[2026-09-19T21:12:57.417+0000] {processor.py:799} INFO - Processing file /home/airflow/.local/lib/python3.7/site-packages/airflow/example_dags/example_branch_day_of_week_operator.py for tasks to queue
[2026-09-19T21:12:57.418+0000] {logging_mixin.py:149} INFO - [2026-09-19T21:12:57.418+0000] {dagbag.py:541} INFO - Filling up the DagBag from /home/airflow/.local/lib/python3.7/site-packages/airflow/example_dags/example_branch_day_of_week_operator.py
[2026-09-19T21:12:57.431+0000] {processor.py:809} INFO - DAG(s) dict_keys(['example_weekday_branch_operator']) retrieved from /home/airflow/.local/lib/python3.7/site-packages/airflow/example_dags/example_branch_day_of_week_operator.py
[2026-09-19T21:12:57.481+0000] {logging_mixin.py:149} INFO - [2026-09-19T21:12:57.481+0000] {dag.py:2726} INFO - Sync 1 DAGs
[2026-09-19T21:12:57.536+0000] {logging_mixin.py:149} INFO - [2026-09-19T21:12:57.536+0000] {dag.py:3490} INFO - Setting next_dagrun for example_weekday_branch_operator to 2026-09-18T00:00:00+00:00, run_after=2026-09-19T00:00:00+00:00
[2026-09-19T21:12:57.571+0000] {processor.py:178} INFO - Processing /home/airflow/.local/lib/python3.7/site-packages/airflow/example_dags/example_branch_day_of_week_operator.py took 0.162 seconds
[2026-09-19T21:13:27.954+0000] {processor.py:156} INFO - Started process (PID=1510) to work on /home/airflow/.local/lib/python3.7/site-packages/airflow/example_dags/example_branch_day_of_week_operator.py
[2026-09-19T21:13:27.956+0000] {processor.py:799} INFO - Processing file /home/airflow/.local/lib/python3.7/site-packages/airflow/example_dags/example_branch_day_of_week_operator.py for tasks to queue
[2026-09-19T21:13:27.957+0000] {logging_mixin.py:149} INFO - [2026-09-19T21:13:27.957+0000] {dagbag.py:541} INFO - Filling up the DagBag from /home/airflow/.local/lib/python3.7/site-packages/airflow/example_dags/example_branch_day_of_week_operator.py
[2026-09-19T21:13:27.973+0000] {processor.py:809} INFO - DAG(s) dict_keys(['example_weekday_branch_operator']) retrieved from /home/airflow/.local/lib/python3.7/site-packages/airflow/example_dags/example_branch_day_of_week_operator.py
[2026-09-19T21:13:28.031+0000] {logging_mixin.py:149} INFO - [2026-09-19T21:13:28.030+0000] {dag.py:2726} INFO - Sync 1 DAGs
[2026-09-19T21:13:28.085+0000] {logging_mixin.py:149} INFO - [2026-09-19T21:13:28.085+0000] {dag.py:3490} INFO - Setting next_dagrun for example_weekday_branch_operator to 2026-09-18T00:00:00+00:00, run_after=2026-09-19T00:00:00+00:00
[2026-09-19T21:13:28.122+0000] {processor.py:178} INFO - Processing /home/airflow/.local/lib/python3.7/site-packages/airflow/example_dags/example_branch_day_of_week_operator.py took 0.177 seconds
[2026-09-19T21:13:58.509+0000] {processor.py:156} INFO - Started process (PID=1566) to work on /home/airflow/.local/lib/python3.7/site-packages/airflow/example_dags/example_branch_day_of_week_operator.py
[2026-09-19T21:13:58.511+0000] {processor.py:799} INFO - Processing file /home/airflow/.local/lib/python3.7/site-packages/airflow/example_dags/example_branch_day_of_week_operator.py for tasks to queue
[2026-09-19T21:13:58.512+0000] {logging_mixin.py:149} INFO - [2026-09-19T21:13:58.512+0000] {dagbag.py:541} INFO - Filling up the DagBag from /home/airflow/.local/lib/python3.7/site-packages/airflow/example_dags/example_branch_day_of_week_operator.py
[2026-09-19T21:13:58.527+0000] {processor.py:809} INFO - DAG(s) dict_keys(['example_weekday_branch_operator']) retrieved from /home/airflow/.local/lib/python3.7/site-packages/airflow/example_dags/example_branch_day_of_week_operator.py
[2026-09-19T21:13:58.571+0000] {logging_mixin.py:149} INFO - [2026-09-19T21:13:58.570+0000] {dag.py:2726} INFO - Sync 1 DAGs
[2026-09-19T21:13:58.621+0000] {logging_mixin.py:149} INFO - [2026-09-19T21:13:58.620+0000] {dag.py:3490} INFO - Setting next_dagrun for example_weekday_branch_operator to 2026-09-18T00:00:00+00:00, run_after=2026-09-19T00:00:00+00:00
[2026-09-19T21:13:58.652+0000] {processor.py:178} INFO - Processing /home/airflow/.local/lib/python3.7/site-packages/airflow/example_dags/example_branch_day_of_week_operator.py took 0.148 seconds
[2026-09-19T21:14:29.457+0000] {processor.py:156} INFO - Started process (PID=1617) to work on /home/airflow/.local/lib/python3.7/site-packages/airflow/example_dags/example_branch_day_of_week_operator.py
[2026-09-19T21:14:29.459+0000] {processor.py:799} INFO - Processing file /home/airflow/.local/lib/python3.7/site-packages/airflow/example_dags/example_branch_day_of_week_operator.py for tasks to queue
[2026-09-19T21:14:29.460+0000] {logging_mixin.py:149} INFO - [2026-09-19T21:14:29.459+0000] {dagbag.py:541} INFO - Filling up the DagBag from /home/airflow/.local/lib/python3.7/site-packages/airflow/example_dags/example_branch_day_of_week_operator.py
[2026-09-19T21:14:29.471+0000] {processor.py:809} INFO - DAG(s) dict_keys(['example_weekday_branch_operator']) retrieved from /home/airflow/.local/lib/python3.7/site-packages/airflow/example_dags/example_branch_day_of_week_operator.py
[2026-09-19T21:14:29.519+0000] {logging_mixin.py:149} INFO - [2026-09-19T21:14:29.519+0000] {dag.py:2726} INFO - Sync 1 DAGs
[2026-09-19T21:14:29.575+0000] {logging_mixin.py:149} INFO - [2026-09-19T21:14:29.574+0000] {dag.py:3490} INFO - Setting next_dagrun for example_weekday_branch_operator to 2026-09-18T00:00:00+00:00, run_after=2026-09-19T00:00:00+00:00
[2026-09-19T21:14:29.603+0000] {processor.py:178} INFO - Processing /home/airflow/.local/lib/python3.7/site-packages/airflow/example_dags/example_branch_day_of_week_operator.py took 0.152 seconds
[2026-09-19T21:15:00.167+0000] {processor.py:156} INFO - Started process (PID=1673) to work on /home/airflow/.local/lib/python3.7/site-packages/airflow/example_dags/example_branch_day_of_week_operator.py
[2026-09-19T21:15:00.169+0000] {processor.py:799} INFO - Processing file /home/airflow/.local/lib/python3.7/site-packages/airflow/example_dags/example_branch_day_of_week_operator.py for tasks to queue
[2026-09-19T21:15:00.170+0000] {logging_mixin.py:149} INFO - [2026-09-19T21:15:00.170+0000] {dagbag.py:541} INFO - Filling up the DagBag from /home/airflow/.local/lib/python3.7/site-packages/airflow/example_dags/example_branch_day_of_week_operator.py
[2026-09-19T21:15:00.183+0000] {processor.py:809} INFO - DAG(s) dict_keys(['example_weekday_branch_operator']) retrieved from /home/airflow/.local/lib/python3.7/site-packages/airflow/example_dags/example_branch_day_of_week_operator.py
[2026-09-19T21:15:00.231+0000] {logging_mixin.py:149} INFO - [2026-09-19T21:15:00.231+0000] {dag.py:2726} INFO - Sync 1 DAGs
[2026-09-19T21:15:00.278+0000] {logging_mixin.py:149} INFO - [2026-09-19T21:15:00.278+0000] {dag.py:3490} INFO - Setting next_dagrun for example_weekday_branch_operator to 2026-09-18T00:00:00+00:00, run_after=2026-09-19T00:00:00+00:00
[2026-09-19T21:15:00.317+0000] {processor.py:178} INFO - Processing /home/airflow/.local/lib/python3.7/site-packages/airflow/example_dags/example_branch_day_of_week_operator.py took 0.155 seconds
[2026-09-19T21:15:30.898+0000] {processor.py:156} INFO - Started process (PID=1729) to work on /home/airflow/.local/lib/python3.7/site-packages/airflow/example_dags/example_branch_day_of_week_operator.py
[2026-09-19T21:15:30.900+0000] {processor.py:799} INFO - Processing file /home/airflow/.local/lib/python3.7/site-packages/airflow/example_dags/example_branch_day_of_week_operator.py for tasks to queue
[2026-09-19T21:15:30.901+0000] {logging_mixin.py:149} INFO - [2026-09-19T21:15:30.901+0000] {dagbag.py:541} INFO - Filling up the DagBag from /home/airflow/.local/lib/python3.7/site-packages/airflow/example_dags/example_branch_day_of_week_operator.py
[2026-09-19T21:15:30.916+0000] {processor.py:809} INFO - DAG(s) dict_keys(['example_weekday_branch_operator']) retrieved from /home/airflow/.local/lib/python3.7/site-packages/airflow/example_dags/example_branch_day_of_week_operator.py
[2026-09-19T21:15:30.961+0000] {logging_mixin.py:149} INFO - [2026-09-19T21:15:30.961+0000] {dag.py:2726} INFO - Sync 1 DAGs
[2026-09-19T21:15:31.007+0000] {logging_mixin.py:149} INFO - [2026-09-19T21:15:31.006+0000] {dag.py:3490} INFO - Setting next_dagrun for example_weekday_branch_operator to 2026-09-18T00:00:00+00:00, run_after=2026-09-19T00:00:00+00:00
[2026-09-19T21:15:31.035+0000] {processor.py:178} INFO - Processing /home/airflow/.local/lib/python3.7/site-packages/airflow/example_dags/example_branch_day_of_week_operator.py took 0.143 seconds
[2026-09-19T21:16:01.319+0000] {processor.py:156} INFO - Started process (PID=1785) to work on /home/airflow/.local/lib/python3.7/site-packages/airflow/example_dags/example_branch_day_of_week_operator.py
[2026-09-19T21:16:01.321+0000] {processor.py:799} INFO - Processing file /home/airflow/.local/lib/python3.7/site-packages/airflow/example_dags/example_branch_day_of_week_operator.py for tasks to queue
[2026-09-19T21:16:01.323+0000] {logging_mixin.py:149} INFO - [2026-09-19T21:16:01.323+0000] {dagbag.py:541} INFO - Filling up the DagBag from /home/airflow/.local/lib/python3.7/site-packages/airflow/example_dags/example_branch_day_of_week_operator.py
[2026-09-19T21:16:01.338+0000] {processor.py:809} INFO - DAG(s) dict_keys(['example_weekday_branch_operator']) retrieved from /home/airflow/.local/lib/python3.7/site-packages/airflow/example_dags/example_branch_day_of_week_operator.py
[2026-09-19T21:16:01.382+0000] {logging_mixin.py:149} INFO - [2026-09-19T21:16:01.382+0000] {dag.py:2726} INFO - Sync 1 DAGs
[2026-09-19T21:16:01.429+0000] {logging_mixin.py:149} INFO - [2026-09-19T21:16:01.428+0000] {dag.py:3490} INFO - Setting next_dagrun for example_weekday_branch_operator to 2026-09-18T00:00:00+00:00, run_after=2026-09-19T00:00:00+00:00
[2026-09-19T21:16:01.461+0000] {processor.py:178} INFO - Processing /home/airflow/.local/lib/python3.7/site-packages/airflow/example_dags/example_branch_day_of_week_operator.py took 0.147 seconds
[2026-09-19T21:16:31.822+0000] {processor.py:156} INFO - Started process (PID=1841) to work on /home/airflow/.local/lib/python3.7/site-packages/airflow/example_dags/example_branch_day_of_week_operator.py
[2026-09-19T21:16:31.824+0000] {processor.py:799} INFO - Processing file /home/airflow/.local/lib/python3.7/site-packages/airflow/example_dags/example_branch_day_of_week_operator.py for tasks to queue
[2026-09-19T21:16:31.825+0000] {logging_mixin.py:149} INFO - [2026-09-19T21:16:31.825+0000] {dagbag.py:541} INFO - Filling up the DagBag from /home/airflow/.local/lib/python3.7/site-packages/airflow/example_dags/example_branch_day_of_week_operator.py
[2026-09-19T21:16:31.837+0000] {processor.py:809} INFO - DAG(s) dict_keys(['example_weekday_branch_operator']) retrieved from /home/airflow/.local/lib/python3.7/site-packages/airflow/example_dags/example_branch_day_of_week_operator.py
[2026-09-19T21:16:31.881+0000] {logging_mixin.py:149} INFO - [2026-09-19T21:16:31.880+0000] {dag.py:2726} INFO - Sync 1 DAGs
[2026-09-19T21:16:31.934+0000] {logging_mixin.py:149} INFO - [2026-09-19T21:16:31.934+0000] {dag.py:3490} INFO - Setting next_dagrun for example_weekday_branch_operator to 2026-09-18T00:00:00+00:00, run_after=2026-09-19T00:00:00+00:00
[2026-09-19T21:16:31.969+0000] {processor.py:178} INFO - Processing /home/airflow/.local/lib/python3.7/site-packages/airflow/example_dags/example_branch_day_of_week_operator.py took 0.152 seconds
[2026-09-19T21:17:02.570+0000] {processor.py:156} INFO - Started process (PID=1897) to work on /home/airflow/.local/lib/python3.7/site-packages/airflow/example_dags/example_branch_day_of_week_operator.py
[2026-09-19T21:17:02.572+0000] {processor.py:799} INFO - Processing file /home/airflow/.local/lib/python3.7/site-packages/airflow/example_dags/example_branch_day_of_week_operator.py for tasks to queue
[2026-09-19T21:17:02.573+0000] {logging_mixin.py:149} INFO - [2026-09-19T21:17:02.573+0000] {dagbag.py:541} INFO - Filling up the DagBag from /home/airflow/.local/lib/python3.7/site-packages/airflow/example_dags/example_branch_day_of_week_operator.py
[2026-09-19T21:17:02.586+0000] {processor.py:809} INFO - DAG(s) dict_keys(['example_weekday_branch_operator']) retrieved from /home/airflow/.local/lib/python3.7/site-packages/airflow/example_dags/example_branch_day_of_week_operator.py
[2026-09-19T21:17:02.636+0000] {logging_mixin.py:149} INFO - [2026-09-19T21:17:02.636+0000] {dag.py:2726} INFO - Sync 1 DAGs
[2026-09-19T21:17:02.681+0000] {logging_mixin.py:149} INFO - [2026-09-19T21:17:02.681+0000] {dag.py:3490} INFO - Setting next_dagrun for example_weekday_branch_operator to 2026-09-18T00:00:00+00:00, run_after=2026-09-19T00:00:00+00:00
[2026-09-19T21:17:02.713+0000] {processor.py:178} INFO - Processing /home/airflow/.local/lib/python3.7/site-packages/airflow/example_dags/example_branch_day_of_week_operator.py took 0.151 seconds
[2026-09-19T21:17:33.499+0000] {processor.py:156} INFO - Started process (PID=1953) to work on /home/airflow/.local/lib/python3.7/site-packages/airflow/example_dags/example_branch_day_of_week_operator.py
[2026-09-19T21:17:33.502+0000] {processor.py:799} INFO - Processing file /home/airflow/.local/lib/python3.7/site-packages/airflow/example_dags/example_branch_day_of_week_operator.py for tasks to queue
[2026-09-19T21:17:33.503+0000] {logging_mixin.py:149} INFO - [2026-09-19T21:17:33.503+0000] {dagbag.py:541} INFO - Filling up the DagBag from /home/airflow/.local/lib/python3.7/site-packages/airflow/example_dags/example_branch_day_of_week_operator.py
[2026-09-19T21:17:33.517+0000] {processor.py:809} INFO - DAG(s) dict_keys(['example_weekday_branch_operator']) retrieved from /home/airflow/.local/lib/python3.7/site-packages/airflow/example_dags/example_branch_day_of_week_operator.py
[2026-09-19T21:17:33.573+0000] {logging_mixin.py:149} INFO - [2026-09-19T21:17:33.573+0000] {dag.py:2726} INFO - Sync 1 DAGs
[2026-09-19T21:17:33.622+0000] {logging_mixin.py:149} INFO - [2026-09-19T21:17:33.622+0000] {dag.py:3490} INFO - Setting next_dagrun for example_weekday_branch_operator to 2026-09-18T00:00:00+00:00, run_after=2026-09-19T00:00:00+00:00
[2026-09-19T21:17:33.658+0000] {processor.py:178} INFO - Processing /home/airflow/.local/lib/python3.7/site-packages/airflow/example_dags/example_branch_day_of_week_operator.py took 0.168 seconds
[2026-09-19T21:18:03.929+0000] {processor.py:156} INFO - Started process (PID=2009) to work on /home/airflow/.local/lib/python3.7/site-packages/airflow/example_dags/example_branch_day_of_week_operator.py
[2026-09-19T21:18:03.931+0000] {processor.py:799} INFO - Processing file /home/airflow/.local/lib/python3.7/site-packages/airflow/example_dags/example_branch_day_of_week_operator.py for tasks to queue
[2026-09-19T21:18:03.933+0000] {logging_mixin.py:149} INFO - [2026-09-19T21:18:03.933+0000] {dagbag.py:541} INFO - Filling up the DagBag from /home/airflow/.local/lib/python3.7/site-packages/airflow/example_dags/example_branch_day_of_week_operator.py
[2026-09-19T21:18:03.948+0000] {processor.py:809} INFO - DAG(s) dict_keys(['example_weekday_branch_operator']) retrieved from /home/airflow/.local/lib/python3.7/site-packages/airflow/example_dags/example_branch_day_of_week_operator.py
[2026-09-19T21:18:04.008+0000] {logging_mixin.py:149} INFO - [2026-09-19T21:18:04.007+0000] {dag.py:2726} INFO - Sync 1 DAGs
[2026-09-19T21:18:04.074+0000] {logging_mixin.py:149} INFO - [2026-09-19T21:18:04.074+0000] {dag.py:3490} INFO - Setting next_dagrun for example_weekday_branch_operator to 2026-09-18T00:00:00+00:00, run_after=2026-09-19T00:00:00+00:00
[2026-09-19T21:18:04.117+0000] {processor.py:178} INFO - Processing /home/airflow/.local/lib/python3.7/site-packages/airflow/example_dags/example_branch_day_of_week_operator.py took 0.197 seconds
[2026-09-19T21:18:34.799+0000] {processor.py:156} INFO - Started process (PID=2065) to work on /home/airflow/.local/lib/python3.7/site-packages/airflow/example_dags/example_branch_day_of_week_operator.py
[2026-09-19T21:18:34.801+0000] {processor.py:799} INFO - Processing file /home/airflow/.local/lib/python3.7/site-packages/airflow/example_dags/example_branch_day_of_week_operator.py for tasks to queue
[2026-09-19T21:18:34.802+0000] {logging_mixin.py:149} INFO - [2026-09-19T21:18:34.801+0000] {dagbag.py:541} INFO - Filling up the DagBag from /home/airflow/.local/lib/python3.7/site-packages/airflow/example_dags/example_branch_day_of_week_operator.py
[2026-09-19T21:18:34.813+0000] {processor.py:809} INFO - DAG(s) dict_keys(['example_weekday_branch_operator']) retrieved from /home/airflow/.local/lib/python3.7/site-packages/airflow/example_dags/example_branch_day_of_week_operator.py
[2026-09-19T21:18:34.861+0000] {logging_mixin.py:149} INFO - [2026-09-19T21:18:34.861+0000] {dag.py:2726} INFO - Sync 1 DAGs
[2026-09-19T21:18:34.906+0000] {logging_mixin.py:149} INFO - [2026-09-19T21:18:34.906+0000] {dag.py:3490} INFO - Setting next_dagrun for example_weekday_branch_operator to 2026-09-18T00:00:00+00:00, run_after=2026-09-19T00:00:00+00:00
[2026-09-19T21:18:34.939+0000] {processor.py:178} INFO - Processing /home/airflow/.local/lib/python3.7/site-packages/airflow/example_dags/example_branch_day_of_week_operator.py took 0.145 seconds
[2026-09-19T21:19:05.283+0000] {processor.py:156} INFO - Started process (PID=2121) to work on /home/airflow/.local/lib/python3.7/site-packages/airflow/example_dags/example_branch_day_of_week_operator.py
[2026-09-19T21:19:05.286+0000] {processor.py:799} INFO - Processing file /home/airflow/.local/lib/python3.7/site-packages/airflow/example_dags/example_branch_day_of_week_operator.py for tasks to queue
[2026-09-19T21:19:05.287+0000] {logging_mixin.py:149} INFO - [2026-09-19T21:19:05.287+0000] {dagbag.py:541} INFO - Filling up the DagBag from /home/airflow/.local/lib/python3.7/site-packages/airflow/example_dags/example_branch_day_of_week_operator.py
[2026-09-19T21:19:05.303+0000] {processor.py:809} INFO - DAG(s) dict_keys(['example_weekday_branch_operator']) retrieved from /home/airflow/.local/lib/python3.7/site-packages/airflow/example_dags/example_branch_day_of_week_operator.py
[2026-09-19T21:19:05.350+0000] {logging_mixin.py:149} INFO - [2026-09-19T21:19:05.350+0000] {dag.py:2726} INFO - Sync 1 DAGs
[2026-09-19T21:19:05.400+0000] {logging_mixin.py:149} INFO - [2026-09-19T21:19:05.400+0000] {dag.py:3490} INFO - Setting next_dagrun for example_weekday_branch_operator to 2026-09-18T00:00:00+00:00, run_after=2026-09-19T00:00:00+00:00
[2026-09-19T21:19:05.434+0000] {processor.py:178} INFO - Processing /home/airflow/.local/lib/python3.7/site-packages/airflow/example_dags/example_branch_day_of_week_operator.py took 0.157 seconds
[2026-09-19T21:19:36.079+0000] {processor.py:156} INFO - Started process (PID=2177) to work on /home/airflow/.local/lib/python3.7/site-packages/airflow/example_dags/example_branch_day_of_week_operator.py
[2026-09-19T21:19:36.081+0000] {processor.py:799} INFO - Processing file /home/airflow/.local/lib/python3.7/site-packages/airflow/example_dags/example_branch_day_of_week_operator.py for tasks to queue
[2026-09-19T21:19:36.082+0000] {logging_mixin.py:149} INFO - [2026-09-19T21:19:36.082+0000] {dagbag.py:541} INFO - Filling up the DagBag from /home/airflow/.local/lib/python3.7/site-packages/airflow/example_dags/example_branch_day_of_week_operator.py
[2026-09-19T21:19:36.095+0000] {processor.py:809} INFO - DAG(s) dict_keys(['example_weekday_branch_operator']) retrieved from /home/airflow/.local/lib/python3.7/site-packages/airflow/example_dags/example_branch_day_of_week_operator.py
[2026-09-19T21:19:36.143+0000] {logging_mixin.py:149} INFO - [2026-09-19T21:19:36.143+0000] {dag.py:2726} INFO - Sync 1 DAGs
[2026-09-19T21:19:36.196+0000] {logging_mixin.py:149} INFO - [2026-09-19T21:19:36.196+0000] {dag.py:3490} INFO - Setting next_dagrun for example_weekday_branch_operator to 2026-09-18T00:00:00+00:00, run_after=2026-09-19T00:00:00+00:00
[2026-09-19T21:19:36.232+0000] {processor.py:178} INFO - Processing /home/airflow/.local/lib/python3.7/site-packages/airflow/example_dags/example_branch_day_of_week_operator.py took 0.159 seconds
[2026-09-19T21:20:06.311+0000] {processor.py:156} INFO - Started process (PID=2233) to work on /home/airflow/.local/lib/python3.7/site-packages/airflow/example_dags/example_branch_day_of_week_operator.py
[2026-09-19T21:20:06.313+0000] {processor.py:799} INFO - Processing file /home/airflow/.local/lib/python3.7/site-packages/airflow/example_dags/example_branch_day_of_week_operator.py for tasks to queue
[2026-09-19T21:20:06.314+0000] {logging_mixin.py:149} INFO - [2026-09-19T21:20:06.314+0000] {dagbag.py:541} INFO - Filling up the DagBag from /home/airflow/.local/lib/python3.7/site-packages/airflow/example_dags/example_branch_day_of_week_operator.py
[2026-09-19T21:20:06.330+0000] {processor.py:809} INFO - DAG(s) dict_keys(['example_weekday_branch_operator']) retrieved from /home/airflow/.local/lib/python3.7/site-packages/airflow/example_dags/example_branch_day_of_week_operator.py
[2026-09-19T21:20:06.380+0000] {logging_mixin.py:149} INFO - [2026-09-19T21:20:06.380+0000] {dag.py:2726} INFO - Sync 1 DAGs
[2026-09-19T21:20:06.433+0000] {logging_mixin.py:149} INFO - [2026-09-19T21:20:06.432+0000] {dag.py:3490} INFO - Setting next_dagrun for example_weekday_branch_operator to 2026-09-18T00:00:00+00:00, run_after=2026-09-19T00:00:00+00:00
[2026-09-19T21:20:06.464+0000] {processor.py:178} INFO - Processing /home/airflow/.local/lib/python3.7/site-packages/airflow/example_dags/example_branch_day_of_week_operator.py took 0.159 seconds
[2026-09-19T21:20:37.058+0000] {processor.py:156} INFO - Started process (PID=2289) to work on /home/airflow/.local/lib/python3.7/site-packages/airflow/example_dags/example_branch_day_of_week_operator.py
[2026-09-19T21:20:37.061+0000] {processor.py:799} INFO - Processing file /home/airflow/.local/lib/python3.7/site-packages/airflow/example_dags/example_branch_day_of_week_operator.py for tasks to queue
[2026-09-19T21:20:37.061+0000] {logging_mixin.py:149} INFO - [2026-09-19T21:20:37.061+0000] {dagbag.py:541} INFO - Filling up the DagBag from /home/airflow/.local/lib/python3.7/site-packages/airflow/example_dags/example_branch_day_of_week_operator.py
[2026-09-19T21:20:37.075+0000] {processor.py:809} INFO - DAG(s) dict_keys(['example_weekday_branch_operator']) retrieved from /home/airflow/.local/lib/python3.7/site-packages/airflow/example_dags/example_branch_day_of_week_operator.py
[2026-09-19T21:20:37.122+0000] {logging_mixin.py:149} INFO - [2026-09-19T21:20:37.122+0000] {dag.py:2726} INFO - Sync 1 DAGs
[2026-09-19T21:20:37.171+0000] {logging_mixin.py:149} INFO - [2026-09-19T21:20:37.170+0000] {dag.py:3490} INFO - Setting next_dagrun for example_weekday_branch_operator to 2026-09-18T00:00:00+00:00, run_after=2026-09-19T00:00:00+00:00
[2026-09-19T21:20:37.206+0000] {processor.py:178} INFO - Processing /home/airflow/.local/lib/python3.7/site-packages/airflow/example_dags/example_branch_day_of_week_operator.py took 0.153 seconds
[2026-09-19T21:21:07.397+0000] {processor.py:156} INFO - Started process (PID=2345) to work on /home/airflow/.local/lib/python3.7/site-packages/airflow/example_dags/example_branch_day_of_week_operator.py
[2026-09-19T21:21:07.399+0000] {processor.py:799} INFO - Processing file /home/airflow/.local/lib/python3.7/site-packages/airflow/example_dags/example_branch_day_of_week_operator.py for tasks to queue
[2026-09-19T21:21:07.400+0000] {logging_mixin.py:149} INFO - [2026-09-19T21:21:07.400+0000] {dagbag.py:541} INFO - Filling up the DagBag from /home/airflow/.local/lib/python3.7/site-packages/airflow/example_dags/example_branch_day_of_week_operator.py
[2026-09-19T21:21:07.412+0000] {processor.py:809} INFO - DAG(s) dict_keys(['example_weekday_branch_operator']) retrieved from /home/airflow/.local/lib/python3.7/site-packages/airflow/example_dags/example_branch_day_of_week_operator.py
[2026-09-19T21:21:07.460+0000] {logging_mixin.py:149} INFO - [2026-09-19T21:21:07.460+0000] {dag.py:2726} INFO - Sync 1 DAGs
[2026-09-19T21:21:07.521+0000] {logging_mixin.py:149} INFO - [2026-09-19T21:21:07.521+0000] {dag.py:3490} INFO - Setting next_dagrun for example_weekday_branch_operator to 2026-09-18T00:00:00+00:00, run_after=2026-09-19T00:00:00+00:00
[2026-09-19T21:21:07.552+0000] {processor.py:178} INFO - Processing /home/airflow/.local/lib/python3.7/site-packages/airflow/example_dags/example_branch_day_of_week_operator.py took 0.161 seconds
[2026-09-19T21:21:38.184+0000] {processor.py:156} INFO - Started process (PID=2401) to work on /home/airflow/.local/lib/python3.7/site-packages/airflow/example_dags/example_branch_day_of_week_operator.py
[2026-09-19T21:21:38.186+0000] {processor.py:799} INFO - Processing file /home/airflow/.local/lib/python3.7/site-packages/airflow/example_dags/example_branch_day_of_week_operator.py for tasks to queue
[2026-09-19T21:21:38.187+0000] {logging_mixin.py:149} INFO - [2026-09-19T21:21:38.187+0000] {dagbag.py:541} INFO - Filling up the DagBag from /home/airflow/.local/lib/python3.7/site-packages/airflow/example_dags/example_branch_day_of_week_operator.py
[2026-09-19T21:21:38.203+0000] {processor.py:809} INFO - DAG(s) dict_keys(['example_weekday_branch_operator']) retrieved from /home/airflow/.local/lib/python3.7/site-packages/airflow/example_dags/example_branch_day_of_week_operator.py
[2026-09-19T21:21:38.258+0000] {logging_mixin.py:149} INFO - [2026-09-19T21:21:38.258+0000] {dag.py:2726} INFO - Sync 1 DAGs
[2026-09-19T21:21:38.306+0000] {logging_mixin.py:149} INFO - [2026-09-19T21:21:38.306+0000] {dag.py:3490} INFO - Setting next_dagrun for example_weekday_branch_operator to 2026-09-18T00:00:00+00:00, run_after=2026-09-19T00:00:00+00:00
[2026-09-19T21:21:38.342+0000] {processor.py:178} INFO - Processing /home/airflow/.local/lib/python3.7/site-packages/airflow/example_dags/example_branch_day_of_week_operator.py took 0.166 seconds
[2026-09-19T21:22:08.758+0000] {processor.py:156} INFO - Started process (PID=2457) to work on /home/airflow/.local/lib/python3.7/site-packages/airflow/example_dags/example_branch_day_of_week_operator.py
[2026-09-19T21:22:08.760+0000] {processor.py:799} INFO - Processing file /home/airflow/.local/lib/python3.7/site-packages/airflow/example_dags/example_branch_day_of_week_operator.py for tasks to queue
[2026-09-19T21:22:08.761+0000] {logging_mixin.py:149} INFO - [2026-09-19T21:22:08.760+0000] {dagbag.py:541} INFO - Filling up the DagBag from /home/airflow/.local/lib/python3.7/site-packages/airflow/example_dags/example_branch_day_of_week_operator.py
[2026-09-19T21:22:08.773+0000] {processor.py:809} INFO - DAG(s) dict_keys(['example_weekday_branch_operator']) retrieved from /home/airflow/.local/lib/python3.7/site-packages/airflow/example_dags/example_branch_day_of_week_operator.py
[2026-09-19T21:22:08.821+0000] {logging_mixin.py:149} INFO - [2026-09-19T21:22:08.821+0000] {dag.py:2726} INFO - Sync 1 DAGs
[2026-09-19T21:22:08.866+0000] {logging_mixin.py:149} INFO - [2026-09-19T21:22:08.866+0000] {dag.py:3490} INFO - Setting next_dagrun for example_weekday_branch_operator to 2026-09-18T00:00:00+00:00, run_after=2026-09-19T00:00:00+00:00
[2026-09-19T21:22:08.899+0000] {processor.py:178} INFO - Processing /home/airflow/.local/lib/python3.7/site-packages/airflow/example_dags/example_branch_day_of_week_operator.py took 0.147 seconds
[2026-09-19T21:22:39.673+0000] {processor.py:156} INFO - Started process (PID=2509) to work on /home/airflow/.local/lib/python3.7/site-packages/airflow/example_dags/example_branch_day_of_week_operator.py
[2026-09-19T21:22:39.675+0000] {processor.py:799} INFO - Processing file /home/airflow/.local/lib/python3.7/site-packages/airflow/example_dags/example_branch_day_of_week_operator.py for tasks to queue
[2026-09-19T21:22:39.676+0000] {logging_mixin.py:149} INFO - [2026-09-19T21:22:39.675+0000] {dagbag.py:541} INFO - Filling up the DagBag from /home/airflow/.local/lib/python3.7/site-packages/airflow/example_dags/example_branch_day_of_week_operator.py
[2026-09-19T21:22:39.689+0000] {processor.py:809} INFO - DAG(s) dict_keys(['example_weekday_branch_operator']) retrieved from /home/airflow/.local/lib/python3.7/site-packages/airflow/example_dags/example_branch_day_of_week_operator.py
[2026-09-19T21:22:39.742+0000] {logging_mixin.py:149} INFO - [2026-09-19T21:22:39.742+0000] {dag.py:2726} INFO - Sync 1 DAGs
[2026-09-19T21:22:39.808+0000] {logging_mixin.py:149} INFO - [2026-09-19T21:22:39.808+0000] {dag.py:3490} INFO - Setting next_dagrun for example_weekday_branch_operator to 2026-09-18T00:00:00+00:00, run_after=2026-09-19T00:00:00+00:00
[2026-09-19T21:22:39.841+0000] {processor.py:178} INFO - Processing /home/airflow/.local/lib/python3.7/site-packages/airflow/example_dags/example_branch_day_of_week_operator.py took 0.175 seconds
[2026-09-19T21:23:10.395+0000] {processor.py:156} INFO - Started process (PID=2565) to work on /home/airflow/.local/lib/python3.7/site-packages/airflow/example_dags/example_branch_day_of_week_operator.py
[2026-09-19T21:23:10.396+0000] {processor.py:799} INFO - Processing file /home/airflow/.local/lib/python3.7/site-packages/airflow/example_dags/example_branch_day_of_week_operator.py for tasks to queue
[2026-09-19T21:23:10.397+0000] {logging_mixin.py:149} INFO - [2026-09-19T21:23:10.397+0000] {dagbag.py:541} INFO - Filling up the DagBag from /home/airflow/.local/lib/python3.7/site-packages/airflow/example_dags/example_branch_day_of_week_operator.py
[2026-09-19T21:23:10.412+0000] {processor.py:809} INFO - DAG(s) dict_keys(['example_weekday_branch_operator']) retrieved from /home/airflow/.local/lib/python3.7/site-packages/airflow/example_dags/example_branch_day_of_week_operator.py
[2026-09-19T21:23:10.461+0000] {logging_mixin.py:149} INFO - [2026-09-19T21:23:10.461+0000] {dag.py:2726} INFO - Sync 1 DAGs
[2026-09-19T21:23:10.510+0000] {logging_mixin.py:149} INFO - [2026-09-19T21:23:10.510+0000] {dag.py:3490} INFO - Setting next_dagrun for example_weekday_branch_operator to 2026-09-18T00:00:00+00:00, run_after=2026-09-19T00:00:00+00:00
[2026-09-19T21:23:10.545+0000] {processor.py:178} INFO - Processing /home/airflow/.local/lib/python3.7/site-packages/airflow/example_dags/example_branch_day_of_week_operator.py took 0.157 seconds
[2026-09-19T21:23:41.128+0000] {processor.py:156} INFO - Started process (PID=2621) to work on /home/airflow/.local/lib/python3.7/site-packages/airflow/example_dags/example_branch_day_of_week_operator.py
[2026-09-19T21:23:41.130+0000] {processor.py:799} INFO - Processing file /home/airflow/.local/lib/python3.7/site-packages/airflow/example_dags/example_branch_day_of_week_operator.py for tasks to queue
[2026-09-19T21:23:41.131+0000] {logging_mixin.py:149} INFO - [2026-09-19T21:23:41.131+0000] {dagbag.py:541} INFO - Filling up the DagBag from /home/airflow/.local/lib/python3.7/site-packages/airflow/example_dags/example_branch_day_of_week_operator.py
[2026-09-19T21:23:41.144+0000] {processor.py:809} INFO - DAG(s) dict_keys(['example_weekday_branch_operator']) retrieved from /home/airflow/.local/lib/python3.7/site-packages/airflow/example_dags/example_branch_day_of_week_operator.py
[2026-09-19T21:23:41.202+0000] {logging_mixin.py:149} INFO - [2026-09-19T21:23:41.201+0000] {dag.py:2726} INFO - Sync 1 DAGs
[2026-09-19T21:23:41.251+0000] {logging_mixin.py:149} INFO - [2026-09-19T21:23:41.250+0000] {dag.py:3490} INFO - Setting next_dagrun for example_weekday_branch_operator to 2026-09-18T00:00:00+00:00, run_after=2026-09-19T00:00:00+00:00
[2026-09-19T21:23:41.286+0000] {processor.py:178} INFO - Processing /home/airflow/.local/lib/python3.7/site-packages/airflow/example_dags/example_branch_day_of_week_operator.py took 0.164 seconds
[2026-09-19T21:24:12.226+0000] {processor.py:156} INFO - Started process (PID=2678) to work on /home/airflow/.local/lib/python3.7/site-packages/airflow/example_dags/example_branch_day_of_week_operator.py
[2026-09-19T21:24:12.227+0000] {processor.py:799} INFO - Processing file /home/airflow/.local/lib/python3.7/site-packages/airflow/example_dags/example_branch_day_of_week_operator.py for tasks to queue
[2026-09-19T21:24:12.228+0000] {logging_mixin.py:149} INFO - [2026-09-19T21:24:12.228+0000] {dagbag.py:541} INFO - Filling up the DagBag from /home/airflow/.local/lib/python3.7/site-packages/airflow/example_dags/example_branch_day_of_week_operator.py
[2026-09-19T21:24:12.240+0000] {processor.py:809} INFO - DAG(s) dict_keys(['example_weekday_branch_operator']) retrieved from /home/airflow/.local/lib/python3.7/site-packages/airflow/example_dags/example_branch_day_of_week_operator.py
[2026-09-19T21:24:12.289+0000] {logging_mixin.py:149} INFO - [2026-09-19T21:24:12.289+0000] {dag.py:2726} INFO - Sync 1 DAGs
[2026-09-19T21:24:12.346+0000] {logging_mixin.py:149} INFO - [2026-09-19T21:24:12.345+0000] {dag.py:3490} INFO - Setting next_dagrun for example_weekday_branch_operator to 2026-09-18T00:00:00+00:00, run_after=2026-09-19T00:00:00+00:00
[2026-09-19T21:24:12.376+0000] {processor.py:178} INFO - Processing /home/airflow/.local/lib/python3.7/site-packages/airflow/example_dags/example_branch_day_of_week_operator.py took 0.157 seconds
[2026-09-19T21:24:42.519+0000] {processor.py:156} INFO - Started process (PID=2733) to work on /home/airflow/.local/lib/python3.7/site-packages/airflow/example_dags/example_branch_day_of_week_operator.py
[2026-09-19T21:24:42.522+0000] {processor.py:799} INFO - Processing file /home/airflow/.local/lib/python3.7/site-packages/airflow/example_dags/example_branch_day_of_week_operator.py for tasks to queue
[2026-09-19T21:24:42.523+0000] {logging_mixin.py:149} INFO - [2026-09-19T21:24:42.523+0000] {dagbag.py:541} INFO - Filling up the DagBag from /home/airflow/.local/lib/python3.7/site-packages/airflow/example_dags/example_branch_day_of_week_operator.py
[2026-09-19T21:24:42.537+0000] {processor.py:809} INFO - DAG(s) dict_keys(['example_weekday_branch_operator']) retrieved from /home/airflow/.local/lib/python3.7/site-packages/airflow/example_dags/example_branch_day_of_week_operator.py
[2026-09-19T21:24:42.586+0000] {logging_mixin.py:149} INFO - [2026-09-19T21:24:42.585+0000] {dag.py:2726} INFO - Sync 1 DAGs
[2026-09-19T21:24:42.639+0000] {logging_mixin.py:149} INFO - [2026-09-19T21:24:42.638+0000] {dag.py:3490} INFO - Setting next_dagrun for example_weekday_branch_operator to 2026-09-18T00:00:00+00:00, run_after=2026-09-19T00:00:00+00:00
[2026-09-19T21:24:42.678+0000] {processor.py:178} INFO - Processing /home/airflow/.local/lib/python3.7/site-packages/airflow/example_dags/example_branch_day_of_week_operator.py took 0.166 seconds
[2026-09-19T21:25:13.048+0000] {processor.py:156} INFO - Started process (PID=2789) to work on /home/airflow/.local/lib/python3.7/site-packages/airflow/example_dags/example_branch_day_of_week_operator.py
[2026-09-19T21:25:13.049+0000] {processor.py:799} INFO - Processing file /home/airflow/.local/lib/python3.7/site-packages/airflow/example_dags/example_branch_day_of_week_operator.py for tasks to queue
[2026-09-19T21:25:13.050+0000] {logging_mixin.py:149} INFO - [2026-09-19T21:25:13.050+0000] {dagbag.py:541} INFO - Filling up the DagBag from /home/airflow/.local/lib/python3.7/site-packages/airflow/example_dags/example_branch_day_of_week_operator.py
[2026-09-19T21:25:13.063+0000] {processor.py:809} INFO - DAG(s) dict_keys(['example_weekday_branch_operator']) retrieved from /home/airflow/.local/lib/python3.7/site-packages/airflow/example_dags/example_branch_day_of_week_operator.py
[2026-09-19T21:25:13.109+0000] {logging_mixin.py:149} INFO - [2026-09-19T21:25:13.108+0000] {dag.py:2726} INFO - Sync 1 DAGs
[2026-09-19T21:25:13.158+0000] {logging_mixin.py:149} INFO - [2026-09-19T21:25:13.158+0000] {dag.py:3490} INFO - Setting next_dagrun for example_weekday_branch_operator to 2026-09-18T00:00:00+00:00, run_after=2026-09-19T00:00:00+00:00
[2026-09-19T21:25:13.191+0000] {processor.py:178} INFO - Processing /home/airflow/.local/lib/python3.7/site-packages/airflow/example_dags/example_branch_day_of_week_operator.py took 0.149 seconds
[2026-09-19T21:25:43.707+0000] {processor.py:156} INFO - Started process (PID=2845) to work on /home/airflow/.local/lib/python3.7/site-packages/airflow/example_dags/example_branch_day_of_week_operator.py
[2026-09-19T21:25:43.712+0000] {processor.py:799} INFO - Processing file /home/airflow/.local/lib/python3.7/site-packages/airflow/example_dags/example_branch_day_of_week_operator.py for tasks to queue
[2026-09-19T21:25:43.715+0000] {logging_mixin.py:149} INFO - [2026-09-19T21:25:43.713+0000] {dagbag.py:541} INFO - Filling up the DagBag from /home/airflow/.local/lib/python3.7/site-packages/airflow/example_dags/example_branch_day_of_week_operator.py
[2026-09-19T21:25:43.732+0000] {processor.py:809} INFO - DAG(s) dict_keys(['example_weekday_branch_operator']) retrieved from /home/airflow/.local/lib/python3.7/site-packages/airflow/example_dags/example_branch_day_of_week_operator.py
[2026-09-19T21:25:43.790+0000] {logging_mixin.py:149} INFO - [2026-09-19T21:25:43.790+0000] {dag.py:2726} INFO - Sync 1 DAGs
[2026-09-19T21:25:43.853+0000] {logging_mixin.py:149} INFO - [2026-09-19T21:25:43.852+0000] {dag.py:3490} INFO - Setting next_dagrun for example_weekday_branch_operator to 2026-09-18T00:00:00+00:00, run_after=2026-09-19T00:00:00+00:00
[2026-09-19T21:25:43.924+0000] {processor.py:178} INFO - Processing /home/airflow/.local/lib/python3.7/site-packages/airflow/example_dags/example_branch_day_of_week_operator.py took 0.223 seconds
[2026-09-19T21:26:14.861+0000] {processor.py:156} INFO - Started process (PID=2898) to work on /home/airflow/.local/lib/python3.7/site-packages/airflow/example_dags/example_branch_day_of_week_operator.py
[2026-09-19T21:26:14.862+0000] {processor.py:799} INFO - Processing file /home/airflow/.local/lib/python3.7/site-packages/airflow/example_dags/example_branch_day_of_week_operator.py for tasks to queue
[2026-09-19T21:26:14.863+0000] {logging_mixin.py:149} INFO - [2026-09-19T21:26:14.863+0000] {dagbag.py:541} INFO - Filling up the DagBag from /home/airflow/.local/lib/python3.7/site-packages/airflow/example_dags/example_branch_day_of_week_operator.py
[2026-09-19T21:26:14.884+0000] {processor.py:809} INFO - DAG(s) dict_keys(['example_weekday_branch_operator']) retrieved from /home/airflow/.local/lib/python3.7/site-packages/airflow/example_dags/example_branch_day_of_week_operator.py
[2026-09-19T21:26:14.942+0000] {logging_mixin.py:149} INFO - [2026-09-19T21:26:14.941+0000] {dag.py:2726} INFO - Sync 1 DAGs
[2026-09-19T21:26:14.995+0000] {logging_mixin.py:149} INFO - [2026-09-19T21:26:14.995+0000] {dag.py:3490} INFO - Setting next_dagrun for example_weekday_branch_operator to 2026-09-18T00:00:00+00:00, run_after=2026-09-19T00:00:00+00:00
[2026-09-19T21:26:15.065+0000] {processor.py:178} INFO - Processing /home/airflow/.local/lib/python3.7/site-packages/airflow/example_dags/example_branch_day_of_week_operator.py took 0.214 seconds
[2026-09-19T21:26:45.457+0000] {processor.py:156} INFO - Started process (PID=2952) to work on /home/airflow/.local/lib/python3.7/site-packages/airflow/example_dags/example_branch_day_of_week_operator.py
[2026-09-19T21:26:45.460+0000] {processor.py:799} INFO - Processing file /home/airflow/.local/lib/python3.7/site-packages/airflow/example_dags/example_branch_day_of_week_operator.py for tasks to queue
[2026-09-19T21:26:45.462+0000] {logging_mixin.py:149} INFO - [2026-09-19T21:26:45.461+0000] {dagbag.py:541} INFO - Filling up the DagBag from /home/airflow/.local/lib/python3.7/site-packages/airflow/example_dags/example_branch_day_of_week_operator.py
[2026-09-19T21:26:45.477+0000] {processor.py:809} INFO - DAG(s) dict_keys(['example_weekday_branch_operator']) retrieved from /home/airflow/.local/lib/python3.7/site-packages/airflow/example_dags/example_branch_day_of_week_operator.py
[2026-09-19T21:26:45.532+0000] {logging_mixin.py:149} INFO - [2026-09-19T21:26:45.532+0000] {dag.py:2726} INFO - Sync 1 DAGs
[2026-09-19T21:26:45.598+0000] {logging_mixin.py:149} INFO - [2026-09-19T21:26:45.597+0000] {dag.py:3490} INFO - Setting next_dagrun for example_weekday_branch_operator to 2026-09-18T00:00:00+00:00, run_after=2026-09-19T00:00:00+00:00
[2026-09-19T21:26:45.633+0000] {processor.py:178} INFO - Processing /home/airflow/.local/lib/python3.7/site-packages/airflow/example_dags/example_branch_day_of_week_operator.py took 0.187 seconds
[2026-09-19T21:27:15.958+0000] {processor.py:156} INFO - Started process (PID=3007) to work on /home/airflow/.local/lib/python3.7/site-packages/airflow/example_dags/example_branch_day_of_week_operator.py
[2026-09-19T21:27:15.960+0000] {processor.py:799} INFO - Processing file /home/airflow/.local/lib/python3.7/site-packages/airflow/example_dags/example_branch_day_of_week_operator.py for tasks to queue
[2026-09-19T21:27:15.961+0000] {logging_mixin.py:149} INFO - [2026-09-19T21:27:15.961+0000] {dagbag.py:541} INFO - Filling up the DagBag from /home/airflow/.local/lib/python3.7/site-packages/airflow/example_dags/example_branch_day_of_week_operator.py
[2026-09-19T21:27:15.974+0000] {processor.py:809} INFO - DAG(s) dict_keys(['example_weekday_branch_operator']) retrieved from /home/airflow/.local/lib/python3.7/site-packages/airflow/example_dags/example_branch_day_of_week_operator.py
[2026-09-19T21:27:16.022+0000] {logging_mixin.py:149} INFO - [2026-09-19T21:27:16.022+0000] {dag.py:2726} INFO - Sync 1 DAGs
[2026-09-19T21:27:16.070+0000] {logging_mixin.py:149} INFO - [2026-09-19T21:27:16.069+0000] {dag.py:3490} INFO - Setting next_dagrun for example_weekday_branch_operator to 2026-09-18T00:00:00+00:00, run_after=2026-09-19T00:00:00+00:00
[2026-09-19T21:27:16.106+0000] {processor.py:178} INFO - Processing /home/airflow/.local/lib/python3.7/site-packages/airflow/example_dags/example_branch_day_of_week_operator.py took 0.154 seconds
[2026-09-19T21:27:46.304+0000] {processor.py:156} INFO - Started process (PID=3060) to work on /home/airflow/.local/lib/python3.7/site-packages/airflow/example_dags/example_branch_day_of_week_operator.py
[2026-09-19T21:27:46.307+0000] {processor.py:799} INFO - Processing file /home/airflow/.local/lib/python3.7/site-packages/airflow/example_dags/example_branch_day_of_week_operator.py for tasks to queue
[2026-09-19T21:27:46.308+0000] {logging_mixin.py:149} INFO - [2026-09-19T21:27:46.308+0000] {dagbag.py:541} INFO - Filling up the DagBag from /home/airflow/.local/lib/python3.7/site-packages/airflow/example_dags/example_branch_day_of_week_operator.py
[2026-09-19T21:27:46.322+0000] {processor.py:809} INFO - DAG(s) dict_keys(['example_weekday_branch_operator']) retrieved from /home/airflow/.local/lib/python3.7/site-packages/airflow/example_dags/example_branch_day_of_week_operator.py
[2026-09-19T21:27:46.374+0000] {logging_mixin.py:149} INFO - [2026-09-19T21:27:46.374+0000] {dag.py:2726} INFO - Sync 1 DAGs
[2026-09-19T21:27:46.429+0000] {logging_mixin.py:149} INFO - [2026-09-19T21:27:46.428+0000] {dag.py:3490} INFO - Setting next_dagrun for example_weekday_branch_operator to 2026-09-18T00:00:00+00:00, run_after=2026-09-19T00:00:00+00:00
[2026-09-19T21:27:46.465+0000] {processor.py:178} INFO - Processing /home/airflow/.local/lib/python3.7/site-packages/airflow/example_dags/example_branch_day_of_week_operator.py took 0.171 seconds
[2026-09-19T21:28:16.874+0000] {processor.py:156} INFO - Started process (PID=3114) to work on /home/airflow/.local/lib/python3.7/site-packages/airflow/example_dags/example_branch_day_of_week_operator.py
[2026-09-19T21:28:16.876+0000] {processor.py:799} INFO - Processing file /home/airflow/.local/lib/python3.7/site-packages/airflow/example_dags/example_branch_day_of_week_operator.py for tasks to queue
[2026-09-19T21:28:16.877+0000] {logging_mixin.py:149} INFO - [2026-09-19T21:28:16.877+0000] {dagbag.py:541} INFO - Filling up the DagBag from /home/airflow/.local/lib/python3.7/site-packages/airflow/example_dags/example_branch_day_of_week_operator.py
[2026-09-19T21:28:16.892+0000] {processor.py:809} INFO - DAG(s) dict_keys(['example_weekday_branch_operator']) retrieved from /home/airflow/.local/lib/python3.7/site-packages/airflow/example_dags/example_branch_day_of_week_operator.py
[2026-09-19T21:28:16.940+0000] {logging_mixin.py:149} INFO - [2026-09-19T21:28:16.940+0000] {dag.py:2726} INFO - Sync 1 DAGs
[2026-09-19T21:28:16.987+0000] {logging_mixin.py:149} INFO - [2026-09-19T21:28:16.987+0000] {dag.py:3490} INFO - Setting next_dagrun for example_weekday_branch_operator to 2026-09-18T00:00:00+00:00, run_after=2026-09-19T00:00:00+00:00
[2026-09-19T21:28:17.023+0000] {processor.py:178} INFO - Processing /home/airflow/.local/lib/python3.7/site-packages/airflow/example_dags/example_branch_day_of_week_operator.py took 0.157 seconds
[2026-09-19T21:28:47.672+0000] {processor.py:156} INFO - Started process (PID=3170) to work on /home/airflow/.local/lib/python3.7/site-packages/airflow/example_dags/example_branch_day_of_week_operator.py
[2026-09-19T21:28:47.674+0000] {processor.py:799} INFO - Processing file /home/airflow/.local/lib/python3.7/site-packages/airflow/example_dags/example_branch_day_of_week_operator.py for tasks to queue
[2026-09-19T21:28:47.675+0000] {logging_mixin.py:149} INFO - [2026-09-19T21:28:47.675+0000] {dagbag.py:541} INFO - Filling up the DagBag from /home/airflow/.local/lib/python3.7/site-packages/airflow/example_dags/example_branch_day_of_week_operator.py
[2026-09-19T21:28:47.688+0000] {processor.py:809} INFO - DAG(s) dict_keys(['example_weekday_branch_operator']) retrieved from /home/airflow/.local/lib/python3.7/site-packages/airflow/example_dags/example_branch_day_of_week_operator.py
[2026-09-19T21:28:47.742+0000] {logging_mixin.py:149} INFO - [2026-09-19T21:28:47.742+0000] {dag.py:2726} INFO - Sync 1 DAGs
[2026-09-19T21:28:47.798+0000] {logging_mixin.py:149} INFO - [2026-09-19T21:28:47.797+0000] {dag.py:3490} INFO - Setting next_dagrun for example_weekday_branch_operator to 2026-09-18T00:00:00+00:00, run_after=2026-09-19T00:00:00+00:00
[2026-09-19T21:28:47.830+0000] {processor.py:178} INFO - Processing /home/airflow/.local/lib/python3.7/site-packages/airflow/example_dags/example_branch_day_of_week_operator.py took 0.165 seconds
[2026-09-19T21:29:18.145+0000] {processor.py:156} INFO - Started process (PID=3227) to work on /home/airflow/.local/lib/python3.7/site-packages/airflow/example_dags/example_branch_day_of_week_operator.py
[2026-09-19T21:29:18.146+0000] {processor.py:799} INFO - Processing file /home/airflow/.local/lib/python3.7/site-packages/airflow/example_dags/example_branch_day_of_week_operator.py for tasks to queue
[2026-09-19T21:29:18.148+0000] {logging_mixin.py:149} INFO - [2026-09-19T21:29:18.147+0000] {dagbag.py:541} INFO - Filling up the DagBag from /home/airflow/.local/lib/python3.7/site-packages/airflow/example_dags/example_branch_day_of_week_operator.py
[2026-09-19T21:29:18.164+0000] {processor.py:809} INFO - DAG(s) dict_keys(['example_weekday_branch_operator']) retrieved from /home/airflow/.local/lib/python3.7/site-packages/airflow/example_dags/example_branch_day_of_week_operator.py
[2026-09-19T21:29:18.213+0000] {logging_mixin.py:149} INFO - [2026-09-19T21:29:18.213+0000] {dag.py:2726} INFO - Sync 1 DAGs
[2026-09-19T21:29:18.258+0000] {logging_mixin.py:149} INFO - [2026-09-19T21:29:18.258+0000] {dag.py:3490} INFO - Setting next_dagrun for example_weekday_branch_operator to 2026-09-18T00:00:00+00:00, run_after=2026-09-19T00:00:00+00:00
[2026-09-19T21:29:18.300+0000] {processor.py:178} INFO - Processing /home/airflow/.local/lib/python3.7/site-packages/airflow/example_dags/example_branch_day_of_week_operator.py took 0.164 seconds
[2026-09-19T21:29:48.910+0000] {processor.py:156} INFO - Started process (PID=3283) to work on /home/airflow/.local/lib/python3.7/site-packages/airflow/example_dags/example_branch_day_of_week_operator.py
[2026-09-19T21:29:48.913+0000] {processor.py:799} INFO - Processing file /home/airflow/.local/lib/python3.7/site-packages/airflow/example_dags/example_branch_day_of_week_operator.py for tasks to queue
[2026-09-19T21:29:48.914+0000] {logging_mixin.py:149} INFO - [2026-09-19T21:29:48.913+0000] {dagbag.py:541} INFO - Filling up the DagBag from /home/airflow/.local/lib/python3.7/site-packages/airflow/example_dags/example_branch_day_of_week_operator.py
[2026-09-19T21:29:48.928+0000] {processor.py:809} INFO - DAG(s) dict_keys(['example_weekday_branch_operator']) retrieved from /home/airflow/.local/lib/python3.7/site-packages/airflow/example_dags/example_branch_day_of_week_operator.py
[2026-09-19T21:29:48.978+0000] {logging_mixin.py:149} INFO - [2026-09-19T21:29:48.977+0000] {dag.py:2726} INFO - Sync 1 DAGs
[2026-09-19T21:29:49.035+0000] {logging_mixin.py:149} INFO - [2026-09-19T21:29:49.035+0000] {dag.py:3490} INFO - Setting next_dagrun for example_weekday_branch_operator to 2026-09-18T00:00:00+00:00, run_after=2026-09-19T00:00:00+00:00
[2026-09-19T21:29:49.069+0000] {processor.py:178} INFO - Processing /home/airflow/.local/lib/python3.7/site-packages/airflow/example_dags/example_branch_day_of_week_operator.py took 0.164 seconds
[2026-09-19T21:30:19.293+0000] {processor.py:156} INFO - Started process (PID=3339) to work on /home/airflow/.local/lib/python3.7/site-packages/airflow/example_dags/example_branch_day_of_week_operator.py
[2026-09-19T21:30:19.295+0000] {processor.py:799} INFO - Processing file /home/airflow/.local/lib/python3.7/site-packages/airflow/example_dags/example_branch_day_of_week_operator.py for tasks to queue
[2026-09-19T21:30:19.296+0000] {logging_mixin.py:149} INFO - [2026-09-19T21:30:19.296+0000] {dagbag.py:541} INFO - Filling up the DagBag from /home/airflow/.local/lib/python3.7/site-packages/airflow/example_dags/example_branch_day_of_week_operator.py
[2026-09-19T21:30:19.308+0000] {processor.py:809} INFO - DAG(s) dict_keys(['example_weekday_branch_operator']) retrieved from /home/airflow/.local/lib/python3.7/site-packages/airflow/example_dags/example_branch_day_of_week_operator.py
[2026-09-19T21:30:19.362+0000] {logging_mixin.py:149} INFO - [2026-09-19T21:30:19.362+0000] {dag.py:2726} INFO - Sync 1 DAGs
[2026-09-19T21:30:19.412+0000] {logging_mixin.py:149} INFO - [2026-09-19T21:30:19.412+0000] {dag.py:3490} INFO - Setting next_dagrun for example_weekday_branch_operator to 2026-09-18T00:00:00+00:00, run_after=2026-09-19T00:00:00+00:00
[2026-09-19T21:30:19.440+0000] {processor.py:178} INFO - Processing /home/airflow/.local/lib/python3.7/site-packages/airflow/example_dags/example_branch_day_of_week_operator.py took 0.153 seconds
[2026-09-19T21:30:49.744+0000] {processor.py:156} INFO - Started process (PID=3395) to work on /home/airflow/.local/lib/python3.7/site-packages/airflow/example_dags/example_branch_day_of_week_operator.py
[2026-09-19T21:30:49.746+0000] {processor.py:799} INFO - Processing file /home/airflow/.local/lib/python3.7/site-packages/airflow/example_dags/example_branch_day_of_week_operator.py for tasks to queue
[2026-09-19T21:30:49.747+0000] {logging_mixin.py:149} INFO - [2026-09-19T21:30:49.747+0000] {dagbag.py:541} INFO - Filling up the DagBag from /home/airflow/.local/lib/python3.7/site-packages/airflow/example_dags/example_branch_day_of_week_operator.py
[2026-09-19T21:30:49.760+0000] {processor.py:809} INFO - DAG(s) dict_keys(['example_weekday_branch_operator']) retrieved from /home/airflow/.local/lib/python3.7/site-packages/airflow/example_dags/example_branch_day_of_week_operator.py
[2026-09-19T21:30:49.811+0000] {logging_mixin.py:149} INFO - [2026-09-19T21:30:49.811+0000] {dag.py:2726} INFO - Sync 1 DAGs
[2026-09-19T21:30:49.865+0000] {logging_mixin.py:149} INFO - [2026-09-19T21:30:49.865+0000] {dag.py:3490} INFO - Setting next_dagrun for example_weekday_branch_operator to 2026-09-18T00:00:00+00:00, run_after=2026-09-19T00:00:00+00:00
[2026-09-19T21:30:49.900+0000] {processor.py:178} INFO - Processing /home/airflow/.local/lib/python3.7/site-packages/airflow/example_dags/example_branch_day_of_week_operator.py took 0.162 seconds
[2026-09-19T21:31:20.053+0000] {processor.py:156} INFO - Started process (PID=3451) to work on /home/airflow/.local/lib/python3.7/site-packages/airflow/example_dags/example_branch_day_of_week_operator.py
[2026-09-19T21:31:20.054+0000] {processor.py:799} INFO - Processing file /home/airflow/.local/lib/python3.7/site-packages/airflow/example_dags/example_branch_day_of_week_operator.py for tasks to queue
[2026-09-19T21:31:20.055+0000] {logging_mixin.py:149} INFO - [2026-09-19T21:31:20.055+0000] {dagbag.py:541} INFO - Filling up the DagBag from /home/airflow/.local/lib/python3.7/site-packages/airflow/example_dags/example_branch_day_of_week_operator.py
[2026-09-19T21:31:20.067+0000] {processor.py:809} INFO - DAG(s) dict_keys(['example_weekday_branch_operator']) retrieved from /home/airflow/.local/lib/python3.7/site-packages/airflow/example_dags/example_branch_day_of_week_operator.py
[2026-09-19T21:31:20.116+0000] {logging_mixin.py:149} INFO - [2026-09-19T21:31:20.116+0000] {dag.py:2726} INFO - Sync 1 DAGs
[2026-09-19T21:31:20.165+0000] {logging_mixin.py:149} INFO - [2026-09-19T21:31:20.165+0000] {dag.py:3490} INFO - Setting next_dagrun for example_weekday_branch_operator to 2026-09-18T00:00:00+00:00, run_after=2026-09-19T00:00:00+00:00
[2026-09-19T21:31:20.198+0000] {processor.py:178} INFO - Processing /home/airflow/.local/lib/python3.7/site-packages/airflow/example_dags/example_branch_day_of_week_operator.py took 0.150 seconds
[2026-09-19T21:31:50.433+0000] {processor.py:156} INFO - Started process (PID=3507) to work on /home/airflow/.local/lib/python3.7/site-packages/airflow/example_dags/example_branch_day_of_week_operator.py
[2026-09-19T21:31:50.435+0000] {processor.py:799} INFO - Processing file /home/airflow/.local/lib/python3.7/site-packages/airflow/example_dags/example_branch_day_of_week_operator.py for tasks to queue
[2026-09-19T21:31:50.436+0000] {logging_mixin.py:149} INFO - [2026-09-19T21:31:50.435+0000] {dagbag.py:541} INFO - Filling up the DagBag from /home/airflow/.local/lib/python3.7/site-packages/airflow/example_dags/example_branch_day_of_week_operator.py
[2026-09-19T21:31:50.448+0000] {processor.py:809} INFO - DAG(s) dict_keys(['example_weekday_branch_operator']) retrieved from /home/airflow/.local/lib/python3.7/site-packages/airflow/example_dags/example_branch_day_of_week_operator.py
[2026-09-19T21:31:50.500+0000] {logging_mixin.py:149} INFO - [2026-09-19T21:31:50.499+0000] {dag.py:2726} INFO - Sync 1 DAGs
[2026-09-19T21:31:50.555+0000] {logging_mixin.py:149} INFO - [2026-09-19T21:31:50.555+0000] {dag.py:3490} INFO - Setting next_dagrun for example_weekday_branch_operator to 2026-09-18T00:00:00+00:00, run_after=2026-09-19T00:00:00+00:00
[2026-09-19T21:31:50.595+0000] {processor.py:178} INFO - Processing /home/airflow/.local/lib/python3.7/site-packages/airflow/example_dags/example_branch_day_of_week_operator.py took 0.168 seconds
[2026-09-19T21:32:20.770+0000] {processor.py:156} INFO - Started process (PID=3563) to work on /home/airflow/.local/lib/python3.7/site-packages/airflow/example_dags/example_branch_day_of_week_operator.py
[2026-09-19T21:32:20.772+0000] {processor.py:799} INFO - Processing file /home/airflow/.local/lib/python3.7/site-packages/airflow/example_dags/example_branch_day_of_week_operator.py for tasks to queue
[2026-09-19T21:32:20.773+0000] {logging_mixin.py:149} INFO - [2026-09-19T21:32:20.773+0000] {dagbag.py:541} INFO - Filling up the DagBag from /home/airflow/.local/lib/python3.7/site-packages/airflow/example_dags/example_branch_day_of_week_operator.py
[2026-09-19T21:32:20.786+0000] {processor.py:809} INFO - DAG(s) dict_keys(['example_weekday_branch_operator']) retrieved from /home/airflow/.local/lib/python3.7/site-packages/airflow/example_dags/example_branch_day_of_week_operator.py
[2026-09-19T21:32:20.830+0000] {logging_mixin.py:149} INFO - [2026-09-19T21:32:20.830+0000] {dag.py:2726} INFO - Sync 1 DAGs
[2026-09-19T21:32:20.878+0000] {logging_mixin.py:149} INFO - [2026-09-19T21:32:20.878+0000] {dag.py:3490} INFO - Setting next_dagrun for example_weekday_branch_operator to 2026-09-18T00:00:00+00:00, run_after=2026-09-19T00:00:00+00:00
[2026-09-19T21:32:20.912+0000] {processor.py:178} INFO - Processing /home/airflow/.local/lib/python3.7/site-packages/airflow/example_dags/example_branch_day_of_week_operator.py took 0.149 seconds
[2026-09-19T21:32:51.465+0000] {processor.py:156} INFO - Started process (PID=3625) to work on /home/airflow/.local/lib/python3.7/site-packages/airflow/example_dags/example_branch_day_of_week_operator.py
[2026-09-19T21:32:51.467+0000] {processor.py:799} INFO - Processing file /home/airflow/.local/lib/python3.7/site-packages/airflow/example_dags/example_branch_day_of_week_operator.py for tasks to queue
[2026-09-19T21:32:51.468+0000] {logging_mixin.py:149} INFO - [2026-09-19T21:32:51.468+0000] {dagbag.py:541} INFO - Filling up the DagBag from /home/airflow/.local/lib/python3.7/site-packages/airflow/example_dags/example_branch_day_of_week_operator.py
[2026-09-19T21:32:51.480+0000] {processor.py:809} INFO - DAG(s) dict_keys(['example_weekday_branch_operator']) retrieved from /home/airflow/.local/lib/python3.7/site-packages/airflow/example_dags/example_branch_day_of_week_operator.py
[2026-09-19T21:32:51.524+0000] {logging_mixin.py:149} INFO - [2026-09-19T21:32:51.524+0000] {dag.py:2726} INFO - Sync 1 DAGs
[2026-09-19T21:32:51.576+0000] {logging_mixin.py:149} INFO - [2026-09-19T21:32:51.576+0000] {dag.py:3490} INFO - Setting next_dagrun for example_weekday_branch_operator to 2026-09-18T00:00:00+00:00, run_after=2026-09-19T00:00:00+00:00
[2026-09-19T21:32:51.614+0000] {processor.py:178} INFO - Processing /home/airflow/.local/lib/python3.7/site-packages/airflow/example_dags/example_branch_day_of_week_operator.py took 0.156 seconds
[2026-09-19T21:33:21.798+0000] {processor.py:156} INFO - Started process (PID=3681) to work on /home/airflow/.local/lib/python3.7/site-packages/airflow/example_dags/example_branch_day_of_week_operator.py
[2026-09-19T21:33:21.799+0000] {processor.py:799} INFO - Processing file /home/airflow/.local/lib/python3.7/site-packages/airflow/example_dags/example_branch_day_of_week_operator.py for tasks to queue
[2026-09-19T21:33:21.800+0000] {logging_mixin.py:149} INFO - [2026-09-19T21:33:21.800+0000] {dagbag.py:541} INFO - Filling up the DagBag from /home/airflow/.local/lib/python3.7/site-packages/airflow/example_dags/example_branch_day_of_week_operator.py
[2026-09-19T21:33:21.813+0000] {processor.py:809} INFO - DAG(s) dict_keys(['example_weekday_branch_operator']) retrieved from /home/airflow/.local/lib/python3.7/site-packages/airflow/example_dags/example_branch_day_of_week_operator.py
[2026-09-19T21:33:21.858+0000] {logging_mixin.py:149} INFO - [2026-09-19T21:33:21.858+0000] {dag.py:2726} INFO - Sync 1 DAGs
[2026-09-19T21:33:21.907+0000] {logging_mixin.py:149} INFO - [2026-09-19T21:33:21.906+0000] {dag.py:3490} INFO - Setting next_dagrun for example_weekday_branch_operator to 2026-09-18T00:00:00+00:00, run_after=2026-09-19T00:00:00+00:00
[2026-09-19T21:33:21.937+0000] {processor.py:178} INFO - Processing /home/airflow/.local/lib/python3.7/site-packages/airflow/example_dags/example_branch_day_of_week_operator.py took 0.145 seconds
[2026-09-19T21:33:52.432+0000] {processor.py:156} INFO - Started process (PID=3737) to work on /home/airflow/.local/lib/python3.7/site-packages/airflow/example_dags/example_branch_day_of_week_operator.py
[2026-09-19T21:33:52.434+0000] {processor.py:799} INFO - Processing file /home/airflow/.local/lib/python3.7/site-packages/airflow/example_dags/example_branch_day_of_week_operator.py for tasks to queue
[2026-09-19T21:33:52.435+0000] {logging_mixin.py:149} INFO - [2026-09-19T21:33:52.435+0000] {dagbag.py:541} INFO - Filling up the DagBag from /home/airflow/.local/lib/python3.7/site-packages/airflow/example_dags/example_branch_day_of_week_operator.py
[2026-09-19T21:33:52.448+0000] {processor.py:809} INFO - DAG(s) dict_keys(['example_weekday_branch_operator']) retrieved from /home/airflow/.local/lib/python3.7/site-packages/airflow/example_dags/example_branch_day_of_week_operator.py
[2026-09-19T21:33:52.504+0000] {logging_mixin.py:149} INFO - [2026-09-19T21:33:52.503+0000] {dag.py:2726} INFO - Sync 1 DAGs
[2026-09-19T21:33:52.556+0000] {logging_mixin.py:149} INFO - [2026-09-19T21:33:52.555+0000] {dag.py:3490} INFO - Setting next_dagrun for example_weekday_branch_operator to 2026-09-18T00:00:00+00:00, run_after=2026-09-19T00:00:00+00:00
[2026-09-19T21:33:52.588+0000] {processor.py:178} INFO - Processing /home/airflow/.local/lib/python3.7/site-packages/airflow/example_dags/example_branch_day_of_week_operator.py took 0.162 seconds
[2026-09-19T21:34:23.249+0000] {processor.py:156} INFO - Started process (PID=3793) to work on /home/airflow/.local/lib/python3.7/site-packages/airflow/example_dags/example_branch_day_of_week_operator.py
[2026-09-19T21:34:23.251+0000] {processor.py:799} INFO - Processing file /home/airflow/.local/lib/python3.7/site-packages/airflow/example_dags/example_branch_day_of_week_operator.py for tasks to queue
[2026-09-19T21:34:23.252+0000] {logging_mixin.py:149} INFO - [2026-09-19T21:34:23.252+0000] {dagbag.py:541} INFO - Filling up the DagBag from /home/airflow/.local/lib/python3.7/site-packages/airflow/example_dags/example_branch_day_of_week_operator.py
[2026-09-19T21:34:23.266+0000] {processor.py:809} INFO - DAG(s) dict_keys(['example_weekday_branch_operator']) retrieved from /home/airflow/.local/lib/python3.7/site-packages/airflow/example_dags/example_branch_day_of_week_operator.py
[2026-09-19T21:34:23.310+0000] {logging_mixin.py:149} INFO - [2026-09-19T21:34:23.310+0000] {dag.py:2726} INFO - Sync 1 DAGs
[2026-09-19T21:34:23.357+0000] {logging_mixin.py:149} INFO - [2026-09-19T21:34:23.357+0000] {dag.py:3490} INFO - Setting next_dagrun for example_weekday_branch_operator to 2026-09-18T00:00:00+00:00, run_after=2026-09-19T00:00:00+00:00
[2026-09-19T21:34:23.391+0000] {processor.py:178} INFO - Processing /home/airflow/.local/lib/python3.7/site-packages/airflow/example_dags/example_branch_day_of_week_operator.py took 0.150 seconds
[2026-09-19T21:34:54.003+0000] {processor.py:156} INFO - Started process (PID=3849) to work on /home/airflow/.local/lib/python3.7/site-packages/airflow/example_dags/example_branch_day_of_week_operator.py
[2026-09-19T21:34:54.005+0000] {processor.py:799} INFO - Processing file /home/airflow/.local/lib/python3.7/site-packages/airflow/example_dags/example_branch_day_of_week_operator.py for tasks to queue
[2026-09-19T21:34:54.006+0000] {logging_mixin.py:149} INFO - [2026-09-19T21:34:54.006+0000] {dagbag.py:541} INFO - Filling up the DagBag from /home/airflow/.local/lib/python3.7/site-packages/airflow/example_dags/example_branch_day_of_week_operator.py
[2026-09-19T21:34:54.018+0000] {processor.py:809} INFO - DAG(s) dict_keys(['example_weekday_branch_operator']) retrieved from /home/airflow/.local/lib/python3.7/site-packages/airflow/example_dags/example_branch_day_of_week_operator.py
[2026-09-19T21:34:54.067+0000] {logging_mixin.py:149} INFO - [2026-09-19T21:34:54.067+0000] {dag.py:2726} INFO - Sync 1 DAGs
[2026-09-19T21:34:54.120+0000] {logging_mixin.py:149} INFO - [2026-09-19T21:34:54.120+0000] {dag.py:3490} INFO - Setting next_dagrun for example_weekday_branch_operator to 2026-09-18T00:00:00+00:00, run_after=2026-09-19T00:00:00+00:00
[2026-09-19T21:34:54.152+0000] {processor.py:178} INFO - Processing /home/airflow/.local/lib/python3.7/site-packages/airflow/example_dags/example_branch_day_of_week_operator.py took 0.156 seconds
[2026-09-19T21:35:24.491+0000] {processor.py:156} INFO - Started process (PID=3905) to work on /home/airflow/.local/lib/python3.7/site-packages/airflow/example_dags/example_branch_day_of_week_operator.py
[2026-09-19T21:35:24.493+0000] {processor.py:799} INFO - Processing file /home/airflow/.local/lib/python3.7/site-packages/airflow/example_dags/example_branch_day_of_week_operator.py for tasks to queue
[2026-09-19T21:35:24.494+0000] {logging_mixin.py:149} INFO - [2026-09-19T21:35:24.494+0000] {dagbag.py:541} INFO - Filling up the DagBag from /home/airflow/.local/lib/python3.7/site-packages/airflow/example_dags/example_branch_day_of_week_operator.py
[2026-09-19T21:35:24.512+0000] {processor.py:809} INFO - DAG(s) dict_keys(['example_weekday_branch_operator']) retrieved from /home/airflow/.local/lib/python3.7/site-packages/airflow/example_dags/example_branch_day_of_week_operator.py
[2026-09-19T21:35:24.564+0000] {logging_mixin.py:149} INFO - [2026-09-19T21:35:24.564+0000] {dag.py:2726} INFO - Sync 1 DAGs
[2026-09-19T21:35:24.613+0000] {logging_mixin.py:149} INFO - [2026-09-19T21:35:24.613+0000] {dag.py:3490} INFO - Setting next_dagrun for example_weekday_branch_operator to 2026-09-18T00:00:00+00:00, run_after=2026-09-19T00:00:00+00:00
[2026-09-19T21:35:24.646+0000] {processor.py:178} INFO - Processing /home/airflow/.local/lib/python3.7/site-packages/airflow/example_dags/example_branch_day_of_week_operator.py took 0.163 seconds
[2026-09-19T21:35:54.990+0000] {processor.py:156} INFO - Started process (PID=3961) to work on /home/airflow/.local/lib/python3.7/site-packages/airflow/example_dags/example_branch_day_of_week_operator.py
[2026-09-19T21:35:54.993+0000] {processor.py:799} INFO - Processing file /home/airflow/.local/lib/python3.7/site-packages/airflow/example_dags/example_branch_day_of_week_operator.py for tasks to queue
[2026-09-19T21:35:54.994+0000] {logging_mixin.py:149} INFO - [2026-09-19T21:35:54.994+0000] {dagbag.py:541} INFO - Filling up the DagBag from /home/airflow/.local/lib/python3.7/site-packages/airflow/example_dags/example_branch_day_of_week_operator.py
[2026-09-19T21:35:55.011+0000] {processor.py:809} INFO - DAG(s) dict_keys(['example_weekday_branch_operator']) retrieved from /home/airflow/.local/lib/python3.7/site-packages/airflow/example_dags/example_branch_day_of_week_operator.py
[2026-09-19T21:35:55.066+0000] {logging_mixin.py:149} INFO - [2026-09-19T21:35:55.065+0000] {dag.py:2726} INFO - Sync 1 DAGs
[2026-09-19T21:35:55.114+0000] {logging_mixin.py:149} INFO - [2026-09-19T21:35:55.114+0000] {dag.py:3490} INFO - Setting next_dagrun for example_weekday_branch_operator to 2026-09-18T00:00:00+00:00, run_after=2026-09-19T00:00:00+00:00
[2026-09-19T21:35:55.149+0000] {processor.py:178} INFO - Processing /home/airflow/.local/lib/python3.7/site-packages/airflow/example_dags/example_branch_day_of_week_operator.py took 0.166 seconds
[2026-09-19T21:36:25.332+0000] {processor.py:156} INFO - Started process (PID=4017) to work on /home/airflow/.local/lib/python3.7/site-packages/airflow/example_dags/example_branch_day_of_week_operator.py
[2026-09-19T21:36:25.334+0000] {processor.py:799} INFO - Processing file /home/airflow/.local/lib/python3.7/site-packages/airflow/example_dags/example_branch_day_of_week_operator.py for tasks to queue
[2026-09-19T21:36:25.335+0000] {logging_mixin.py:149} INFO - [2026-09-19T21:36:25.334+0000] {dagbag.py:541} INFO - Filling up the DagBag from /home/airflow/.local/lib/python3.7/site-packages/airflow/example_dags/example_branch_day_of_week_operator.py
[2026-09-19T21:36:25.347+0000] {processor.py:809} INFO - DAG(s) dict_keys(['example_weekday_branch_operator']) retrieved from /home/airflow/.local/lib/python3.7/site-packages/airflow/example_dags/example_branch_day_of_week_operator.py
[2026-09-19T21:36:25.395+0000] {logging_mixin.py:149} INFO - [2026-09-19T21:36:25.395+0000] {dag.py:2726} INFO - Sync 1 DAGs
[2026-09-19T21:36:25.448+0000] {logging_mixin.py:149} INFO - [2026-09-19T21:36:25.447+0000] {dag.py:3490} INFO - Setting next_dagrun for example_weekday_branch_operator to 2026-09-18T00:00:00+00:00, run_after=2026-09-19T00:00:00+00:00
[2026-09-19T21:36:25.486+0000] {processor.py:178} INFO - Processing /home/airflow/.local/lib/python3.7/site-packages/airflow/example_dags/example_branch_day_of_week_operator.py took 0.164 seconds
[2026-09-19T21:36:55.747+0000] {processor.py:156} INFO - Started process (PID=4072) to work on /home/airflow/.local/lib/python3.7/site-packages/airflow/example_dags/example_branch_day_of_week_operator.py
[2026-09-19T21:36:55.750+0000] {processor.py:799} INFO - Processing file /home/airflow/.local/lib/python3.7/site-packages/airflow/example_dags/example_branch_day_of_week_operator.py for tasks to queue
[2026-09-19T21:36:55.751+0000] {logging_mixin.py:149} INFO - [2026-09-19T21:36:55.751+0000] {dagbag.py:541} INFO - Filling up the DagBag from /home/airflow/.local/lib/python3.7/site-packages/airflow/example_dags/example_branch_day_of_week_operator.py
[2026-09-19T21:36:55.764+0000] {processor.py:809} INFO - DAG(s) dict_keys(['example_weekday_branch_operator']) retrieved from /home/airflow/.local/lib/python3.7/site-packages/airflow/example_dags/example_branch_day_of_week_operator.py
[2026-09-19T21:36:55.813+0000] {logging_mixin.py:149} INFO - [2026-09-19T21:36:55.813+0000] {dag.py:2726} INFO - Sync 1 DAGs
[2026-09-19T21:36:55.862+0000] {logging_mixin.py:149} INFO - [2026-09-19T21:36:55.862+0000] {dag.py:3490} INFO - Setting next_dagrun for example_weekday_branch_operator to 2026-09-18T00:00:00+00:00, run_after=2026-09-19T00:00:00+00:00
[2026-09-19T21:36:55.894+0000] {processor.py:178} INFO - Processing /home/airflow/.local/lib/python3.7/site-packages/airflow/example_dags/example_branch_day_of_week_operator.py took 0.152 seconds
[2026-09-19T21:37:26.244+0000] {processor.py:156} INFO - Started process (PID=4129) to work on /home/airflow/.local/lib/python3.7/site-packages/airflow/example_dags/example_branch_day_of_week_operator.py
[2026-09-19T21:37:26.245+0000] {processor.py:799} INFO - Processing file /home/airflow/.local/lib/python3.7/site-packages/airflow/example_dags/example_branch_day_of_week_operator.py for tasks to queue
[2026-09-19T21:37:26.247+0000] {logging_mixin.py:149} INFO - [2026-09-19T21:37:26.246+0000] {dagbag.py:541} INFO - Filling up the DagBag from /home/airflow/.local/lib/python3.7/site-packages/airflow/example_dags/example_branch_day_of_week_operator.py
[2026-09-19T21:37:26.259+0000] {processor.py:809} INFO - DAG(s) dict_keys(['example_weekday_branch_operator']) retrieved from /home/airflow/.local/lib/python3.7/site-packages/airflow/example_dags/example_branch_day_of_week_operator.py
[2026-09-19T21:37:26.310+0000] {logging_mixin.py:149} INFO - [2026-09-19T21:37:26.310+0000] {dag.py:2726} INFO - Sync 1 DAGs
[2026-09-19T21:37:26.359+0000] {logging_mixin.py:149} INFO - [2026-09-19T21:37:26.359+0000] {dag.py:3490} INFO - Setting next_dagrun for example_weekday_branch_operator to 2026-09-18T00:00:00+00:00, run_after=2026-09-19T00:00:00+00:00
[2026-09-19T21:37:26.391+0000] {processor.py:178} INFO - Processing /home/airflow/.local/lib/python3.7/site-packages/airflow/example_dags/example_branch_day_of_week_operator.py took 0.156 seconds
[2026-09-19T21:37:56.449+0000] {processor.py:156} INFO - Started process (PID=4180) to work on /home/airflow/.local/lib/python3.7/site-packages/airflow/example_dags/example_branch_day_of_week_operator.py
[2026-09-19T21:37:56.457+0000] {processor.py:799} INFO - Processing file /home/airflow/.local/lib/python3.7/site-packages/airflow/example_dags/example_branch_day_of_week_operator.py for tasks to queue
[2026-09-19T21:37:56.459+0000] {logging_mixin.py:149} INFO - [2026-09-19T21:37:56.458+0000] {dagbag.py:541} INFO - Filling up the DagBag from /home/airflow/.local/lib/python3.7/site-packages/airflow/example_dags/example_branch_day_of_week_operator.py
[2026-09-19T21:37:56.474+0000] {processor.py:809} INFO - DAG(s) dict_keys(['example_weekday_branch_operator']) retrieved from /home/airflow/.local/lib/python3.7/site-packages/airflow/example_dags/example_branch_day_of_week_operator.py
[2026-09-19T21:37:56.518+0000] {logging_mixin.py:149} INFO - [2026-09-19T21:37:56.518+0000] {dag.py:2726} INFO - Sync 1 DAGs
[2026-09-19T21:37:56.567+0000] {logging_mixin.py:149} INFO - [2026-09-19T21:37:56.566+0000] {dag.py:3490} INFO - Setting next_dagrun for example_weekday_branch_operator to 2026-09-18T00:00:00+00:00, run_after=2026-09-19T00:00:00+00:00
[2026-09-19T21:37:56.596+0000] {processor.py:178} INFO - Processing /home/airflow/.local/lib/python3.7/site-packages/airflow/example_dags/example_branch_day_of_week_operator.py took 0.154 seconds
[2026-09-19T21:38:27.499+0000] {processor.py:156} INFO - Started process (PID=4236) to work on /home/airflow/.local/lib/python3.7/site-packages/airflow/example_dags/example_branch_day_of_week_operator.py
[2026-09-19T21:38:27.501+0000] {processor.py:799} INFO - Processing file /home/airflow/.local/lib/python3.7/site-packages/airflow/example_dags/example_branch_day_of_week_operator.py for tasks to queue
[2026-09-19T21:38:27.502+0000] {logging_mixin.py:149} INFO - [2026-09-19T21:38:27.502+0000] {dagbag.py:541} INFO - Filling up the DagBag from /home/airflow/.local/lib/python3.7/site-packages/airflow/example_dags/example_branch_day_of_week_operator.py
[2026-09-19T21:38:27.515+0000] {processor.py:809} INFO - DAG(s) dict_keys(['example_weekday_branch_operator']) retrieved from /home/airflow/.local/lib/python3.7/site-packages/airflow/example_dags/example_branch_day_of_week_operator.py
[2026-09-19T21:38:27.564+0000] {logging_mixin.py:149} INFO - [2026-09-19T21:38:27.564+0000] {dag.py:2726} INFO - Sync 1 DAGs
[2026-09-19T21:38:27.611+0000] {logging_mixin.py:149} INFO - [2026-09-19T21:38:27.611+0000] {dag.py:3490} INFO - Setting next_dagrun for example_weekday_branch_operator to 2026-09-18T00:00:00+00:00, run_after=2026-09-19T00:00:00+00:00
[2026-09-19T21:38:27.642+0000] {processor.py:178} INFO - Processing /home/airflow/.local/lib/python3.7/site-packages/airflow/example_dags/example_branch_day_of_week_operator.py took 0.150 seconds
[2026-09-19T21:38:58.237+0000] {processor.py:156} INFO - Started process (PID=4292) to work on /home/airflow/.local/lib/python3.7/site-packages/airflow/example_dags/example_branch_day_of_week_operator.py
[2026-09-19T21:38:58.255+0000] {processor.py:799} INFO - Processing file /home/airflow/.local/lib/python3.7/site-packages/airflow/example_dags/example_branch_day_of_week_operator.py for tasks to queue
[2026-09-19T21:38:58.256+0000] {logging_mixin.py:149} INFO - [2026-09-19T21:38:58.256+0000] {dagbag.py:541} INFO - Filling up the DagBag from /home/airflow/.local/lib/python3.7/site-packages/airflow/example_dags/example_branch_day_of_week_operator.py
[2026-09-19T21:38:58.273+0000] {processor.py:809} INFO - DAG(s) dict_keys(['example_weekday_branch_operator']) retrieved from /home/airflow/.local/lib/python3.7/site-packages/airflow/example_dags/example_branch_day_of_week_operator.py
[2026-09-19T21:38:58.330+0000] {logging_mixin.py:149} INFO - [2026-09-19T21:38:58.329+0000] {dag.py:2726} INFO - Sync 1 DAGs
[2026-09-19T21:38:58.381+0000] {logging_mixin.py:149} INFO - [2026-09-19T21:38:58.381+0000] {dag.py:3490} INFO - Setting next_dagrun for example_weekday_branch_operator to 2026-09-18T00:00:00+00:00, run_after=2026-09-19T00:00:00+00:00
[2026-09-19T21:38:58.424+0000] {processor.py:178} INFO - Processing /home/airflow/.local/lib/python3.7/site-packages/airflow/example_dags/example_branch_day_of_week_operator.py took 0.193 seconds
[2026-09-19T21:39:28.702+0000] {processor.py:156} INFO - Started process (PID=4348) to work on /home/airflow/.local/lib/python3.7/site-packages/airflow/example_dags/example_branch_day_of_week_operator.py
[2026-09-19T21:39:28.706+0000] {processor.py:799} INFO - Processing file /home/airflow/.local/lib/python3.7/site-packages/airflow/example_dags/example_branch_day_of_week_operator.py for tasks to queue
[2026-09-19T21:39:28.707+0000] {logging_mixin.py:149} INFO - [2026-09-19T21:39:28.707+0000] {dagbag.py:541} INFO - Filling up the DagBag from /home/airflow/.local/lib/python3.7/site-packages/airflow/example_dags/example_branch_day_of_week_operator.py
[2026-09-19T21:39:28.722+0000] {processor.py:809} INFO - DAG(s) dict_keys(['example_weekday_branch_operator']) retrieved from /home/airflow/.local/lib/python3.7/site-packages/airflow/example_dags/example_branch_day_of_week_operator.py
[2026-09-19T21:39:28.773+0000] {logging_mixin.py:149} INFO - [2026-09-19T21:39:28.772+0000] {dag.py:2726} INFO - Sync 1 DAGs
[2026-09-19T21:39:28.819+0000] {logging_mixin.py:149} INFO - [2026-09-19T21:39:28.819+0000] {dag.py:3490} INFO - Setting next_dagrun for example_weekday_branch_operator to 2026-09-18T00:00:00+00:00, run_after=2026-09-19T00:00:00+00:00
[2026-09-19T21:39:28.852+0000] {processor.py:178} INFO - Processing /home/airflow/.local/lib/python3.7/site-packages/airflow/example_dags/example_branch_day_of_week_operator.py took 0.155 seconds
[2026-09-19T21:39:58.907+0000] {processor.py:156} INFO - Started process (PID=4404) to work on /home/airflow/.local/lib/python3.7/site-packages/airflow/example_dags/example_branch_day_of_week_operator.py
[2026-09-19T21:39:58.909+0000] {processor.py:799} INFO - Processing file /home/airflow/.local/lib/python3.7/site-packages/airflow/example_dags/example_branch_day_of_week_operator.py for tasks to queue
[2026-09-19T21:39:58.910+0000] {logging_mixin.py:149} INFO - [2026-09-19T21:39:58.910+0000] {dagbag.py:541} INFO - Filling up the DagBag from /home/airflow/.local/lib/python3.7/site-packages/airflow/example_dags/example_branch_day_of_week_operator.py
[2026-09-19T21:39:58.926+0000] {processor.py:809} INFO - DAG(s) dict_keys(['example_weekday_branch_operator']) retrieved from /home/airflow/.local/lib/python3.7/site-packages/airflow/example_dags/example_branch_day_of_week_operator.py
[2026-09-19T21:39:58.953+0000] {logging_mixin.py:149} INFO - [2026-09-19T21:39:58.953+0000] {dag.py:2726} INFO - Sync 1 DAGs
[2026-09-19T21:39:59.009+0000] {logging_mixin.py:149} INFO - [2026-09-19T21:39:59.009+0000] {dag.py:3490} INFO - Setting next_dagrun for example_weekday_branch_operator to 2026-09-18T00:00:00+00:00, run_after=2026-09-19T00:00:00+00:00
[2026-09-19T21:39:59.040+0000] {processor.py:178} INFO - Processing /home/airflow/.local/lib/python3.7/site-packages/airflow/example_dags/example_branch_day_of_week_operator.py took 0.140 seconds
[2026-09-19T21:40:29.589+0000] {processor.py:156} INFO - Started process (PID=4459) to work on /home/airflow/.local/lib/python3.7/site-packages/airflow/example_dags/example_branch_day_of_week_operator.py
[2026-09-19T21:40:29.591+0000] {processor.py:799} INFO - Processing file /home/airflow/.local/lib/python3.7/site-packages/airflow/example_dags/example_branch_day_of_week_operator.py for tasks to queue
[2026-09-19T21:40:29.592+0000] {logging_mixin.py:149} INFO - [2026-09-19T21:40:29.592+0000] {dagbag.py:541} INFO - Filling up the DagBag from /home/airflow/.local/lib/python3.7/site-packages/airflow/example_dags/example_branch_day_of_week_operator.py
[2026-09-19T21:40:29.605+0000] {processor.py:809} INFO - DAG(s) dict_keys(['example_weekday_branch_operator']) retrieved from /home/airflow/.local/lib/python3.7/site-packages/airflow/example_dags/example_branch_day_of_week_operator.py
[2026-09-19T21:40:29.649+0000] {logging_mixin.py:149} INFO - [2026-09-19T21:40:29.649+0000] {dag.py:2726} INFO - Sync 1 DAGs
[2026-09-19T21:40:29.696+0000] {logging_mixin.py:149} INFO - [2026-09-19T21:40:29.696+0000] {dag.py:3490} INFO - Setting next_dagrun for example_weekday_branch_operator to 2026-09-18T00:00:00+00:00, run_after=2026-09-19T00:00:00+00:00
[2026-09-19T21:40:29.736+0000] {processor.py:178} INFO - Processing /home/airflow/.local/lib/python3.7/site-packages/airflow/example_dags/example_branch_day_of_week_operator.py took 0.153 seconds
[2026-09-19T21:41:00.280+0000] {processor.py:156} INFO - Started process (PID=4515) to work on /home/airflow/.local/lib/python3.7/site-packages/airflow/example_dags/example_branch_day_of_week_operator.py
[2026-09-19T21:41:00.282+0000] {processor.py:799} INFO - Processing file /home/airflow/.local/lib/python3.7/site-packages/airflow/example_dags/example_branch_day_of_week_operator.py for tasks to queue
[2026-09-19T21:41:00.283+0000] {logging_mixin.py:149} INFO - [2026-09-19T21:41:00.282+0000] {dagbag.py:541} INFO - Filling up the DagBag from /home/airflow/.local/lib/python3.7/site-packages/airflow/example_dags/example_branch_day_of_week_operator.py
[2026-09-19T21:41:00.295+0000] {processor.py:809} INFO - DAG(s) dict_keys(['example_weekday_branch_operator']) retrieved from /home/airflow/.local/lib/python3.7/site-packages/airflow/example_dags/example_branch_day_of_week_operator.py
[2026-09-19T21:41:00.319+0000] {logging_mixin.py:149} INFO - [2026-09-19T21:41:00.319+0000] {dag.py:2726} INFO - Sync 1 DAGs
[2026-09-19T21:41:00.374+0000] {logging_mixin.py:149} INFO - [2026-09-19T21:41:00.374+0000] {dag.py:3490} INFO - Setting next_dagrun for example_weekday_branch_operator to 2026-09-18T00:00:00+00:00, run_after=2026-09-19T00:00:00+00:00
[2026-09-19T21:41:00.410+0000] {processor.py:178} INFO - Processing /home/airflow/.local/lib/python3.7/site-packages/airflow/example_dags/example_branch_day_of_week_operator.py took 0.135 seconds
[2026-09-19T21:41:31.167+0000] {processor.py:156} INFO - Started process (PID=4571) to work on /home/airflow/.local/lib/python3.7/site-packages/airflow/example_dags/example_branch_day_of_week_operator.py
[2026-09-19T21:41:31.170+0000] {processor.py:799} INFO - Processing file /home/airflow/.local/lib/python3.7/site-packages/airflow/example_dags/example_branch_day_of_week_operator.py for tasks to queue
[2026-09-19T21:41:31.171+0000] {logging_mixin.py:149} INFO - [2026-09-19T21:41:31.171+0000] {dagbag.py:541} INFO - Filling up the DagBag from /home/airflow/.local/lib/python3.7/site-packages/airflow/example_dags/example_branch_day_of_week_operator.py
[2026-09-19T21:41:31.185+0000] {processor.py:809} INFO - DAG(s) dict_keys(['example_weekday_branch_operator']) retrieved from /home/airflow/.local/lib/python3.7/site-packages/airflow/example_dags/example_branch_day_of_week_operator.py
[2026-09-19T21:41:31.231+0000] {logging_mixin.py:149} INFO - [2026-09-19T21:41:31.231+0000] {dag.py:2726} INFO - Sync 1 DAGs
[2026-09-19T21:41:31.282+0000] {logging_mixin.py:149} INFO - [2026-09-19T21:41:31.281+0000] {dag.py:3490} INFO - Setting next_dagrun for example_weekday_branch_operator to 2026-09-18T00:00:00+00:00, run_after=2026-09-19T00:00:00+00:00
[2026-09-19T21:41:31.313+0000] {processor.py:178} INFO - Processing /home/airflow/.local/lib/python3.7/site-packages/airflow/example_dags/example_branch_day_of_week_operator.py took 0.153 seconds
[2026-09-19T21:42:02.018+0000] {processor.py:156} INFO - Started process (PID=4627) to work on /home/airflow/.local/lib/python3.7/site-packages/airflow/example_dags/example_branch_day_of_week_operator.py
[2026-09-19T21:42:02.019+0000] {processor.py:799} INFO - Processing file /home/airflow/.local/lib/python3.7/site-packages/airflow/example_dags/example_branch_day_of_week_operator.py for tasks to queue
[2026-09-19T21:42:02.020+0000] {logging_mixin.py:149} INFO - [2026-09-19T21:42:02.020+0000] {dagbag.py:541} INFO - Filling up the DagBag from /home/airflow/.local/lib/python3.7/site-packages/airflow/example_dags/example_branch_day_of_week_operator.py
[2026-09-19T21:42:02.033+0000] {processor.py:809} INFO - DAG(s) dict_keys(['example_weekday_branch_operator']) retrieved from /home/airflow/.local/lib/python3.7/site-packages/airflow/example_dags/example_branch_day_of_week_operator.py
[2026-09-19T21:42:02.089+0000] {logging_mixin.py:149} INFO - [2026-09-19T21:42:02.089+0000] {dag.py:2726} INFO - Sync 1 DAGs
[2026-09-19T21:42:02.143+0000] {logging_mixin.py:149} INFO - [2026-09-19T21:42:02.142+0000] {dag.py:3490} INFO - Setting next_dagrun for example_weekday_branch_operator to 2026-09-18T00:00:00+00:00, run_after=2026-09-19T00:00:00+00:00
[2026-09-19T21:42:02.177+0000] {processor.py:178} INFO - Processing /home/airflow/.local/lib/python3.7/site-packages/airflow/example_dags/example_branch_day_of_week_operator.py took 0.165 seconds
[2026-09-19T21:42:32.601+0000] {processor.py:156} INFO - Started process (PID=4683) to work on /home/airflow/.local/lib/python3.7/site-packages/airflow/example_dags/example_branch_day_of_week_operator.py
[2026-09-19T21:42:32.603+0000] {processor.py:799} INFO - Processing file /home/airflow/.local/lib/python3.7/site-packages/airflow/example_dags/example_branch_day_of_week_operator.py for tasks to queue
[2026-09-19T21:42:32.604+0000] {logging_mixin.py:149} INFO - [2026-09-19T21:42:32.604+0000] {dagbag.py:541} INFO - Filling up the DagBag from /home/airflow/.local/lib/python3.7/site-packages/airflow/example_dags/example_branch_day_of_week_operator.py
[2026-09-19T21:42:32.619+0000] {processor.py:809} INFO - DAG(s) dict_keys(['example_weekday_branch_operator']) retrieved from /home/airflow/.local/lib/python3.7/site-packages/airflow/example_dags/example_branch_day_of_week_operator.py
[2026-09-19T21:42:32.668+0000] {logging_mixin.py:149} INFO - [2026-09-19T21:42:32.667+0000] {dag.py:2726} INFO - Sync 1 DAGs
[2026-09-19T21:42:32.713+0000] {logging_mixin.py:149} INFO - [2026-09-19T21:42:32.712+0000] {dag.py:3490} INFO - Setting next_dagrun for example_weekday_branch_operator to 2026-09-18T00:00:00+00:00, run_after=2026-09-19T00:00:00+00:00
[2026-09-19T21:42:32.745+0000] {processor.py:178} INFO - Processing /home/airflow/.local/lib/python3.7/site-packages/airflow/example_dags/example_branch_day_of_week_operator.py took 0.151 seconds
[2026-09-19T21:43:03.076+0000] {processor.py:156} INFO - Started process (PID=4739) to work on /home/airflow/.local/lib/python3.7/site-packages/airflow/example_dags/example_branch_day_of_week_operator.py
[2026-09-19T21:43:03.079+0000] {processor.py:799} INFO - Processing file /home/airflow/.local/lib/python3.7/site-packages/airflow/example_dags/example_branch_day_of_week_operator.py for tasks to queue
[2026-09-19T21:43:03.080+0000] {logging_mixin.py:149} INFO - [2026-09-19T21:43:03.080+0000] {dagbag.py:541} INFO - Filling up the DagBag from /home/airflow/.local/lib/python3.7/site-packages/airflow/example_dags/example_branch_day_of_week_operator.py
[2026-09-19T21:43:03.094+0000] {processor.py:809} INFO - DAG(s) dict_keys(['example_weekday_branch_operator']) retrieved from /home/airflow/.local/lib/python3.7/site-packages/airflow/example_dags/example_branch_day_of_week_operator.py
[2026-09-19T21:43:03.136+0000] {logging_mixin.py:149} INFO - [2026-09-19T21:43:03.135+0000] {dag.py:2726} INFO - Sync 1 DAGs
[2026-09-19T21:43:03.183+0000] {logging_mixin.py:149} INFO - [2026-09-19T21:43:03.182+0000] {dag.py:3490} INFO - Setting next_dagrun for example_weekday_branch_operator to 2026-09-18T00:00:00+00:00, run_after=2026-09-19T00:00:00+00:00
[2026-09-19T21:43:03.214+0000] {processor.py:178} INFO - Processing /home/airflow/.local/lib/python3.7/site-packages/airflow/example_dags/example_branch_day_of_week_operator.py took 0.144 seconds
[2026-09-19T21:43:34.102+0000] {processor.py:156} INFO - Started process (PID=4795) to work on /home/airflow/.local/lib/python3.7/site-packages/airflow/example_dags/example_branch_day_of_week_operator.py
[2026-09-19T21:43:34.103+0000] {processor.py:799} INFO - Processing file /home/airflow/.local/lib/python3.7/site-packages/airflow/example_dags/example_branch_day_of_week_operator.py for tasks to queue
[2026-09-19T21:43:34.105+0000] {logging_mixin.py:149} INFO - [2026-09-19T21:43:34.104+0000] {dagbag.py:541} INFO - Filling up the DagBag from /home/airflow/.local/lib/python3.7/site-packages/airflow/example_dags/example_branch_day_of_week_operator.py
[2026-09-19T21:43:34.120+0000] {processor.py:809} INFO - DAG(s) dict_keys(['example_weekday_branch_operator']) retrieved from /home/airflow/.local/lib/python3.7/site-packages/airflow/example_dags/example_branch_day_of_week_operator.py
[2026-09-19T21:43:34.173+0000] {logging_mixin.py:149} INFO - [2026-09-19T21:43:34.172+0000] {dag.py:2726} INFO - Sync 1 DAGs
[2026-09-19T21:43:34.225+0000] {logging_mixin.py:149} INFO - [2026-09-19T21:43:34.224+0000] {dag.py:3490} INFO - Setting next_dagrun for example_weekday_branch_operator to 2026-09-18T00:00:00+00:00, run_after=2026-09-19T00:00:00+00:00
[2026-09-19T21:43:34.257+0000] {processor.py:178} INFO - Processing /home/airflow/.local/lib/python3.7/site-packages/airflow/example_dags/example_branch_day_of_week_operator.py took 0.161 seconds
[2026-09-19T21:44:04.332+0000] {processor.py:156} INFO - Started process (PID=4851) to work on /home/airflow/.local/lib/python3.7/site-packages/airflow/example_dags/example_branch_day_of_week_operator.py
[2026-09-19T21:44:04.335+0000] {processor.py:799} INFO - Processing file /home/airflow/.local/lib/python3.7/site-packages/airflow/example_dags/example_branch_day_of_week_operator.py for tasks to queue
[2026-09-19T21:44:04.336+0000] {logging_mixin.py:149} INFO - [2026-09-19T21:44:04.336+0000] {dagbag.py:541} INFO - Filling up the DagBag from /home/airflow/.local/lib/python3.7/site-packages/airflow/example_dags/example_branch_day_of_week_operator.py
[2026-09-19T21:44:04.350+0000] {processor.py:809} INFO - DAG(s) dict_keys(['example_weekday_branch_operator']) retrieved from /home/airflow/.local/lib/python3.7/site-packages/airflow/example_dags/example_branch_day_of_week_operator.py
[2026-09-19T21:44:04.399+0000] {logging_mixin.py:149} INFO - [2026-09-19T21:44:04.398+0000] {dag.py:2726} INFO - Sync 1 DAGs
[2026-09-19T21:44:04.442+0000] {logging_mixin.py:149} INFO - [2026-09-19T21:44:04.442+0000] {dag.py:3490} INFO - Setting next_dagrun for example_weekday_branch_operator to 2026-09-18T00:00:00+00:00, run_after=2026-09-19T00:00:00+00:00
[2026-09-19T21:44:04.477+0000] {processor.py:178} INFO - Processing /home/airflow/.local/lib/python3.7/site-packages/airflow/example_dags/example_branch_day_of_week_operator.py took 0.157 seconds
[2026-09-19T21:44:34.549+0000] {processor.py:156} INFO - Started process (PID=4907) to work on /home/airflow/.local/lib/python3.7/site-packages/airflow/example_dags/example_branch_day_of_week_operator.py
[2026-09-19T21:44:34.550+0000] {processor.py:799} INFO - Processing file /home/airflow/.local/lib/python3.7/site-packages/airflow/example_dags/example_branch_day_of_week_operator.py for tasks to queue
[2026-09-19T21:44:34.551+0000] {logging_mixin.py:149} INFO - [2026-09-19T21:44:34.551+0000] {dagbag.py:541} INFO - Filling up the DagBag from /home/airflow/.local/lib/python3.7/site-packages/airflow/example_dags/example_branch_day_of_week_operator.py
[2026-09-19T21:44:34.563+0000] {processor.py:809} INFO - DAG(s) dict_keys(['example_weekday_branch_operator']) retrieved from /home/airflow/.local/lib/python3.7/site-packages/airflow/example_dags/example_branch_day_of_week_operator.py
[2026-09-19T21:44:34.612+0000] {logging_mixin.py:149} INFO - [2026-09-19T21:44:34.612+0000] {dag.py:2726} INFO - Sync 1 DAGs
[2026-09-19T21:44:34.656+0000] {logging_mixin.py:149} INFO - [2026-09-19T21:44:34.655+0000] {dag.py:3490} INFO - Setting next_dagrun for example_weekday_branch_operator to 2026-09-18T00:00:00+00:00, run_after=2026-09-19T00:00:00+00:00
[2026-09-19T21:44:34.689+0000] {processor.py:178} INFO - Processing /home/airflow/.local/lib/python3.7/site-packages/airflow/example_dags/example_branch_day_of_week_operator.py took 0.147 seconds
[2026-09-19T21:45:05.187+0000] {processor.py:156} INFO - Started process (PID=4963) to work on /home/airflow/.local/lib/python3.7/site-packages/airflow/example_dags/example_branch_day_of_week_operator.py
[2026-09-19T21:45:05.193+0000] {processor.py:799} INFO - Processing file /home/airflow/.local/lib/python3.7/site-packages/airflow/example_dags/example_branch_day_of_week_operator.py for tasks to queue
[2026-09-19T21:45:05.195+0000] {logging_mixin.py:149} INFO - [2026-09-19T21:45:05.194+0000] {dagbag.py:541} INFO - Filling up the DagBag from /home/airflow/.local/lib/python3.7/site-packages/airflow/example_dags/example_branch_day_of_week_operator.py
[2026-09-19T21:45:05.211+0000] {processor.py:809} INFO - DAG(s) dict_keys(['example_weekday_branch_operator']) retrieved from /home/airflow/.local/lib/python3.7/site-packages/airflow/example_dags/example_branch_day_of_week_operator.py
[2026-09-19T21:45:05.266+0000] {logging_mixin.py:149} INFO - [2026-09-19T21:45:05.266+0000] {dag.py:2726} INFO - Sync 1 DAGs
[2026-09-19T21:45:05.325+0000] {logging_mixin.py:149} INFO - [2026-09-19T21:45:05.325+0000] {dag.py:3490} INFO - Setting next_dagrun for example_weekday_branch_operator to 2026-09-18T00:00:00+00:00, run_after=2026-09-19T00:00:00+00:00
[2026-09-19T21:45:05.360+0000] {processor.py:178} INFO - Processing /home/airflow/.local/lib/python3.7/site-packages/airflow/example_dags/example_branch_day_of_week_operator.py took 0.181 seconds
[2026-09-19T21:45:35.542+0000] {processor.py:156} INFO - Started process (PID=5018) to work on /home/airflow/.local/lib/python3.7/site-packages/airflow/example_dags/example_branch_day_of_week_operator.py
[2026-09-19T21:45:35.544+0000] {processor.py:799} INFO - Processing file /home/airflow/.local/lib/python3.7/site-packages/airflow/example_dags/example_branch_day_of_week_operator.py for tasks to queue
[2026-09-19T21:45:35.545+0000] {logging_mixin.py:149} INFO - [2026-09-19T21:45:35.545+0000] {dagbag.py:541} INFO - Filling up the DagBag from /home/airflow/.local/lib/python3.7/site-packages/airflow/example_dags/example_branch_day_of_week_operator.py
[2026-09-19T21:45:35.559+0000] {processor.py:809} INFO - DAG(s) dict_keys(['example_weekday_branch_operator']) retrieved from /home/airflow/.local/lib/python3.7/site-packages/airflow/example_dags/example_branch_day_of_week_operator.py
[2026-09-19T21:45:35.610+0000] {logging_mixin.py:149} INFO - [2026-09-19T21:45:35.610+0000] {dag.py:2726} INFO - Sync 1 DAGs
[2026-09-19T21:45:35.662+0000] {logging_mixin.py:149} INFO - [2026-09-19T21:45:35.662+0000] {dag.py:3490} INFO - Setting next_dagrun for example_weekday_branch_operator to 2026-09-18T00:00:00+00:00, run_after=2026-09-19T00:00:00+00:00
[2026-09-19T21:45:35.701+0000] {processor.py:178} INFO - Processing /home/airflow/.local/lib/python3.7/site-packages/airflow/example_dags/example_branch_day_of_week_operator.py took 0.168 seconds
[2026-09-19T21:46:05.946+0000] {processor.py:156} INFO - Started process (PID=5072) to work on /home/airflow/.local/lib/python3.7/site-packages/airflow/example_dags/example_branch_day_of_week_operator.py
[2026-09-19T21:46:05.947+0000] {processor.py:799} INFO - Processing file /home/airflow/.local/lib/python3.7/site-packages/airflow/example_dags/example_branch_day_of_week_operator.py for tasks to queue
[2026-09-19T21:46:05.948+0000] {logging_mixin.py:149} INFO - [2026-09-19T21:46:05.948+0000] {dagbag.py:541} INFO - Filling up the DagBag from /home/airflow/.local/lib/python3.7/site-packages/airflow/example_dags/example_branch_day_of_week_operator.py
[2026-09-19T21:46:05.962+0000] {processor.py:809} INFO - DAG(s) dict_keys(['example_weekday_branch_operator']) retrieved from /home/airflow/.local/lib/python3.7/site-packages/airflow/example_dags/example_branch_day_of_week_operator.py
[2026-09-19T21:46:06.020+0000] {logging_mixin.py:149} INFO - [2026-09-19T21:46:06.020+0000] {dag.py:2726} INFO - Sync 1 DAGs
[2026-09-19T21:46:06.078+0000] {logging_mixin.py:149} INFO - [2026-09-19T21:46:06.077+0000] {dag.py:3490} INFO - Setting next_dagrun for example_weekday_branch_operator to 2026-09-18T00:00:00+00:00, run_after=2026-09-19T00:00:00+00:00
[2026-09-19T21:46:06.112+0000] {processor.py:178} INFO - Processing /home/airflow/.local/lib/python3.7/site-packages/airflow/example_dags/example_branch_day_of_week_operator.py took 0.172 seconds
[2026-09-19T21:46:36.281+0000] {processor.py:156} INFO - Started process (PID=5127) to work on /home/airflow/.local/lib/python3.7/site-packages/airflow/example_dags/example_branch_day_of_week_operator.py
[2026-09-19T21:46:36.283+0000] {processor.py:799} INFO - Processing file /home/airflow/.local/lib/python3.7/site-packages/airflow/example_dags/example_branch_day_of_week_operator.py for tasks to queue
[2026-09-19T21:46:36.284+0000] {logging_mixin.py:149} INFO - [2026-09-19T21:46:36.284+0000] {dagbag.py:541} INFO - Filling up the DagBag from /home/airflow/.local/lib/python3.7/site-packages/airflow/example_dags/example_branch_day_of_week_operator.py
[2026-09-19T21:46:36.301+0000] {processor.py:809} INFO - DAG(s) dict_keys(['example_weekday_branch_operator']) retrieved from /home/airflow/.local/lib/python3.7/site-packages/airflow/example_dags/example_branch_day_of_week_operator.py
[2026-09-19T21:46:36.351+0000] {logging_mixin.py:149} INFO - [2026-09-19T21:46:36.350+0000] {dag.py:2726} INFO - Sync 1 DAGs
[2026-09-19T21:46:36.403+0000] {logging_mixin.py:149} INFO - [2026-09-19T21:46:36.402+0000] {dag.py:3490} INFO - Setting next_dagrun for example_weekday_branch_operator to 2026-09-18T00:00:00+00:00, run_after=2026-09-19T00:00:00+00:00
[2026-09-19T21:46:36.436+0000] {processor.py:178} INFO - Processing /home/airflow/.local/lib/python3.7/site-packages/airflow/example_dags/example_branch_day_of_week_operator.py took 0.163 seconds
[2026-09-19T21:47:06.977+0000] {processor.py:156} INFO - Started process (PID=5184) to work on /home/airflow/.local/lib/python3.7/site-packages/airflow/example_dags/example_branch_day_of_week_operator.py
[2026-09-19T21:47:06.979+0000] {processor.py:799} INFO - Processing file /home/airflow/.local/lib/python3.7/site-packages/airflow/example_dags/example_branch_day_of_week_operator.py for tasks to queue
[2026-09-19T21:47:06.980+0000] {logging_mixin.py:149} INFO - [2026-09-19T21:47:06.980+0000] {dagbag.py:541} INFO - Filling up the DagBag from /home/airflow/.local/lib/python3.7/site-packages/airflow/example_dags/example_branch_day_of_week_operator.py
[2026-09-19T21:47:06.994+0000] {processor.py:809} INFO - DAG(s) dict_keys(['example_weekday_branch_operator']) retrieved from /home/airflow/.local/lib/python3.7/site-packages/airflow/example_dags/example_branch_day_of_week_operator.py
[2026-09-19T21:47:07.046+0000] {logging_mixin.py:149} INFO - [2026-09-19T21:47:07.045+0000] {dag.py:2726} INFO - Sync 1 DAGs
[2026-09-19T21:47:07.099+0000] {logging_mixin.py:149} INFO - [2026-09-19T21:47:07.098+0000] {dag.py:3490} INFO - Setting next_dagrun for example_weekday_branch_operator to 2026-09-18T00:00:00+00:00, run_after=2026-09-19T00:00:00+00:00
[2026-09-19T21:47:07.137+0000] {processor.py:178} INFO - Processing /home/airflow/.local/lib/python3.7/site-packages/airflow/example_dags/example_branch_day_of_week_operator.py took 0.168 seconds
[2026-09-19T21:47:37.266+0000] {processor.py:156} INFO - Started process (PID=5240) to work on /home/airflow/.local/lib/python3.7/site-packages/airflow/example_dags/example_branch_day_of_week_operator.py
[2026-09-19T21:47:37.268+0000] {processor.py:799} INFO - Processing file /home/airflow/.local/lib/python3.7/site-packages/airflow/example_dags/example_branch_day_of_week_operator.py for tasks to queue
[2026-09-19T21:47:37.269+0000] {logging_mixin.py:149} INFO - [2026-09-19T21:47:37.269+0000] {dagbag.py:541} INFO - Filling up the DagBag from /home/airflow/.local/lib/python3.7/site-packages/airflow/example_dags/example_branch_day_of_week_operator.py
[2026-09-19T21:47:37.285+0000] {processor.py:809} INFO - DAG(s) dict_keys(['example_weekday_branch_operator']) retrieved from /home/airflow/.local/lib/python3.7/site-packages/airflow/example_dags/example_branch_day_of_week_operator.py
[2026-09-19T21:47:37.339+0000] {logging_mixin.py:149} INFO - [2026-09-19T21:47:37.339+0000] {dag.py:2726} INFO - Sync 1 DAGs
[2026-09-19T21:47:37.389+0000] {logging_mixin.py:149} INFO - [2026-09-19T21:47:37.388+0000] {dag.py:3490} INFO - Setting next_dagrun for example_weekday_branch_operator to 2026-09-18T00:00:00+00:00, run_after=2026-09-19T00:00:00+00:00
[2026-09-19T21:47:37.427+0000] {processor.py:178} INFO - Processing /home/airflow/.local/lib/python3.7/site-packages/airflow/example_dags/example_branch_day_of_week_operator.py took 0.168 seconds
[2026-09-19T21:48:07.697+0000] {processor.py:156} INFO - Started process (PID=5296) to work on /home/airflow/.local/lib/python3.7/site-packages/airflow/example_dags/example_branch_day_of_week_operator.py
[2026-09-19T21:48:07.698+0000] {processor.py:799} INFO - Processing file /home/airflow/.local/lib/python3.7/site-packages/airflow/example_dags/example_branch_day_of_week_operator.py for tasks to queue
[2026-09-19T21:48:07.699+0000] {logging_mixin.py:149} INFO - [2026-09-19T21:48:07.699+0000] {dagbag.py:541} INFO - Filling up the DagBag from /home/airflow/.local/lib/python3.7/site-packages/airflow/example_dags/example_branch_day_of_week_operator.py
[2026-09-19T21:48:07.713+0000] {processor.py:809} INFO - DAG(s) dict_keys(['example_weekday_branch_operator']) retrieved from /home/airflow/.local/lib/python3.7/site-packages/airflow/example_dags/example_branch_day_of_week_operator.py
[2026-09-19T21:48:07.758+0000] {logging_mixin.py:149} INFO - [2026-09-19T21:48:07.758+0000] {dag.py:2726} INFO - Sync 1 DAGs
[2026-09-19T21:48:07.806+0000] {logging_mixin.py:149} INFO - [2026-09-19T21:48:07.805+0000] {dag.py:3490} INFO - Setting next_dagrun for example_weekday_branch_operator to 2026-09-18T00:00:00+00:00, run_after=2026-09-19T00:00:00+00:00
[2026-09-19T21:48:07.835+0000] {processor.py:178} INFO - Processing /home/airflow/.local/lib/python3.7/site-packages/airflow/example_dags/example_branch_day_of_week_operator.py took 0.146 seconds
[2026-09-19T21:48:38.028+0000] {processor.py:156} INFO - Started process (PID=5352) to work on /home/airflow/.local/lib/python3.7/site-packages/airflow/example_dags/example_branch_day_of_week_operator.py
[2026-09-19T21:48:38.030+0000] {processor.py:799} INFO - Processing file /home/airflow/.local/lib/python3.7/site-packages/airflow/example_dags/example_branch_day_of_week_operator.py for tasks to queue
[2026-09-19T21:48:38.031+0000] {logging_mixin.py:149} INFO - [2026-09-19T21:48:38.031+0000] {dagbag.py:541} INFO - Filling up the DagBag from /home/airflow/.local/lib/python3.7/site-packages/airflow/example_dags/example_branch_day_of_week_operator.py
[2026-09-19T21:48:38.050+0000] {processor.py:809} INFO - DAG(s) dict_keys(['example_weekday_branch_operator']) retrieved from /home/airflow/.local/lib/python3.7/site-packages/airflow/example_dags/example_branch_day_of_week_operator.py
[2026-09-19T21:48:38.097+0000] {logging_mixin.py:149} INFO - [2026-09-19T21:48:38.097+0000] {dag.py:2726} INFO - Sync 1 DAGs
[2026-09-19T21:48:38.151+0000] {logging_mixin.py:149} INFO - [2026-09-19T21:48:38.151+0000] {dag.py:3490} INFO - Setting next_dagrun for example_weekday_branch_operator to 2026-09-18T00:00:00+00:00, run_after=2026-09-19T00:00:00+00:00
[2026-09-19T21:48:38.183+0000] {processor.py:178} INFO - Processing /home/airflow/.local/lib/python3.7/site-packages/airflow/example_dags/example_branch_day_of_week_operator.py took 0.163 seconds
[2026-09-19T21:49:08.315+0000] {processor.py:156} INFO - Started process (PID=5404) to work on /home/airflow/.local/lib/python3.7/site-packages/airflow/example_dags/example_branch_day_of_week_operator.py
[2026-09-19T21:49:08.319+0000] {processor.py:799} INFO - Processing file /home/airflow/.local/lib/python3.7/site-packages/airflow/example_dags/example_branch_day_of_week_operator.py for tasks to queue
[2026-09-19T21:49:08.320+0000] {logging_mixin.py:149} INFO - [2026-09-19T21:49:08.320+0000] {dagbag.py:541} INFO - Filling up the DagBag from /home/airflow/.local/lib/python3.7/site-packages/airflow/example_dags/example_branch_day_of_week_operator.py
[2026-09-19T21:49:08.334+0000] {processor.py:809} INFO - DAG(s) dict_keys(['example_weekday_branch_operator']) retrieved from /home/airflow/.local/lib/python3.7/site-packages/airflow/example_dags/example_branch_day_of_week_operator.py
[2026-09-19T21:49:08.383+0000] {logging_mixin.py:149} INFO - [2026-09-19T21:49:08.383+0000] {dag.py:2726} INFO - Sync 1 DAGs
[2026-09-19T21:49:08.430+0000] {logging_mixin.py:149} INFO - [2026-09-19T21:49:08.429+0000] {dag.py:3490} INFO - Setting next_dagrun for example_weekday_branch_operator to 2026-09-18T00:00:00+00:00, run_after=2026-09-19T00:00:00+00:00
[2026-09-19T21:49:08.474+0000] {processor.py:178} INFO - Processing /home/airflow/.local/lib/python3.7/site-packages/airflow/example_dags/example_branch_day_of_week_operator.py took 0.165 seconds
[2026-09-19T21:49:39.452+0000] {processor.py:156} INFO - Started process (PID=5460) to work on /home/airflow/.local/lib/python3.7/site-packages/airflow/example_dags/example_branch_day_of_week_operator.py
[2026-09-19T21:49:39.454+0000] {processor.py:799} INFO - Processing file /home/airflow/.local/lib/python3.7/site-packages/airflow/example_dags/example_branch_day_of_week_operator.py for tasks to queue
[2026-09-19T21:49:39.455+0000] {logging_mixin.py:149} INFO - [2026-09-19T21:49:39.454+0000] {dagbag.py:541} INFO - Filling up the DagBag from /home/airflow/.local/lib/python3.7/site-packages/airflow/example_dags/example_branch_day_of_week_operator.py
[2026-09-19T21:49:39.468+0000] {processor.py:809} INFO - DAG(s) dict_keys(['example_weekday_branch_operator']) retrieved from /home/airflow/.local/lib/python3.7/site-packages/airflow/example_dags/example_branch_day_of_week_operator.py
[2026-09-19T21:49:39.522+0000] {logging_mixin.py:149} INFO - [2026-09-19T21:49:39.522+0000] {dag.py:2726} INFO - Sync 1 DAGs
[2026-09-19T21:49:39.575+0000] {logging_mixin.py:149} INFO - [2026-09-19T21:49:39.574+0000] {dag.py:3490} INFO - Setting next_dagrun for example_weekday_branch_operator to 2026-09-18T00:00:00+00:00, run_after=2026-09-19T00:00:00+00:00
[2026-09-19T21:49:39.610+0000] {processor.py:178} INFO - Processing /home/airflow/.local/lib/python3.7/site-packages/airflow/example_dags/example_branch_day_of_week_operator.py took 0.163 seconds
[2026-09-19T21:50:10.191+0000] {processor.py:156} INFO - Started process (PID=5513) to work on /home/airflow/.local/lib/python3.7/site-packages/airflow/example_dags/example_branch_day_of_week_operator.py
[2026-09-19T21:50:10.197+0000] {processor.py:799} INFO - Processing file /home/airflow/.local/lib/python3.7/site-packages/airflow/example_dags/example_branch_day_of_week_operator.py for tasks to queue
[2026-09-19T21:50:10.199+0000] {logging_mixin.py:149} INFO - [2026-09-19T21:50:10.199+0000] {dagbag.py:541} INFO - Filling up the DagBag from /home/airflow/.local/lib/python3.7/site-packages/airflow/example_dags/example_branch_day_of_week_operator.py
[2026-09-19T21:50:10.214+0000] {processor.py:809} INFO - DAG(s) dict_keys(['example_weekday_branch_operator']) retrieved from /home/airflow/.local/lib/python3.7/site-packages/airflow/example_dags/example_branch_day_of_week_operator.py
[2026-09-19T21:50:10.266+0000] {logging_mixin.py:149} INFO - [2026-09-19T21:50:10.266+0000] {dag.py:2726} INFO - Sync 1 DAGs
[2026-09-19T21:50:10.320+0000] {logging_mixin.py:149} INFO - [2026-09-19T21:50:10.320+0000] {dag.py:3490} INFO - Setting next_dagrun for example_weekday_branch_operator to 2026-09-18T00:00:00+00:00, run_after=2026-09-19T00:00:00+00:00
[2026-09-19T21:50:10.351+0000] {processor.py:178} INFO - Processing /home/airflow/.local/lib/python3.7/site-packages/airflow/example_dags/example_branch_day_of_week_operator.py took 0.168 seconds
[2026-09-19T21:50:40.943+0000] {processor.py:156} INFO - Started process (PID=5569) to work on /home/airflow/.local/lib/python3.7/site-packages/airflow/example_dags/example_branch_day_of_week_operator.py
[2026-09-19T21:50:40.944+0000] {processor.py:799} INFO - Processing file /home/airflow/.local/lib/python3.7/site-packages/airflow/example_dags/example_branch_day_of_week_operator.py for tasks to queue
[2026-09-19T21:50:40.946+0000] {logging_mixin.py:149} INFO - [2026-09-19T21:50:40.946+0000] {dagbag.py:541} INFO - Filling up the DagBag from /home/airflow/.local/lib/python3.7/site-packages/airflow/example_dags/example_branch_day_of_week_operator.py
[2026-09-19T21:50:40.962+0000] {processor.py:809} INFO - DAG(s) dict_keys(['example_weekday_branch_operator']) retrieved from /home/airflow/.local/lib/python3.7/site-packages/airflow/example_dags/example_branch_day_of_week_operator.py
[2026-09-19T21:50:41.015+0000] {logging_mixin.py:149} INFO - [2026-09-19T21:50:41.015+0000] {dag.py:2726} INFO - Sync 1 DAGs
[2026-09-19T21:50:41.065+0000] {logging_mixin.py:149} INFO - [2026-09-19T21:50:41.065+0000] {dag.py:3490} INFO - Setting next_dagrun for example_weekday_branch_operator to 2026-09-18T00:00:00+00:00, run_after=2026-09-19T00:00:00+00:00
[2026-09-19T21:50:41.104+0000] {processor.py:178} INFO - Processing /home/airflow/.local/lib/python3.7/site-packages/airflow/example_dags/example_branch_day_of_week_operator.py took 0.167 seconds
[2026-09-19T21:51:11.490+0000] {processor.py:156} INFO - Started process (PID=5621) to work on /home/airflow/.local/lib/python3.7/site-packages/airflow/example_dags/example_branch_day_of_week_operator.py
[2026-09-19T21:51:11.493+0000] {processor.py:799} INFO - Processing file /home/airflow/.local/lib/python3.7/site-packages/airflow/example_dags/example_branch_day_of_week_operator.py for tasks to queue
[2026-09-19T21:51:11.494+0000] {logging_mixin.py:149} INFO - [2026-09-19T21:51:11.494+0000] {dagbag.py:541} INFO - Filling up the DagBag from /home/airflow/.local/lib/python3.7/site-packages/airflow/example_dags/example_branch_day_of_week_operator.py
[2026-09-19T21:51:11.508+0000] {processor.py:809} INFO - DAG(s) dict_keys(['example_weekday_branch_operator']) retrieved from /home/airflow/.local/lib/python3.7/site-packages/airflow/example_dags/example_branch_day_of_week_operator.py
[2026-09-19T21:51:11.556+0000] {logging_mixin.py:149} INFO - [2026-09-19T21:51:11.556+0000] {dag.py:2726} INFO - Sync 1 DAGs
[2026-09-19T21:51:11.609+0000] {logging_mixin.py:149} INFO - [2026-09-19T21:51:11.608+0000] {dag.py:3490} INFO - Setting next_dagrun for example_weekday_branch_operator to 2026-09-18T00:00:00+00:00, run_after=2026-09-19T00:00:00+00:00
[2026-09-19T21:51:11.653+0000] {processor.py:178} INFO - Processing /home/airflow/.local/lib/python3.7/site-packages/airflow/example_dags/example_branch_day_of_week_operator.py took 0.176 seconds
[2026-09-19T21:51:42.366+0000] {processor.py:156} INFO - Started process (PID=5677) to work on /home/airflow/.local/lib/python3.7/site-packages/airflow/example_dags/example_branch_day_of_week_operator.py
[2026-09-19T21:51:42.367+0000] {processor.py:799} INFO - Processing file /home/airflow/.local/lib/python3.7/site-packages/airflow/example_dags/example_branch_day_of_week_operator.py for tasks to queue
[2026-09-19T21:51:42.368+0000] {logging_mixin.py:149} INFO - [2026-09-19T21:51:42.368+0000] {dagbag.py:541} INFO - Filling up the DagBag from /home/airflow/.local/lib/python3.7/site-packages/airflow/example_dags/example_branch_day_of_week_operator.py
[2026-09-19T21:51:42.387+0000] {processor.py:809} INFO - DAG(s) dict_keys(['example_weekday_branch_operator']) retrieved from /home/airflow/.local/lib/python3.7/site-packages/airflow/example_dags/example_branch_day_of_week_operator.py
[2026-09-19T21:51:42.433+0000] {logging_mixin.py:149} INFO - [2026-09-19T21:51:42.433+0000] {dag.py:2726} INFO - Sync 1 DAGs
[2026-09-19T21:51:42.485+0000] {logging_mixin.py:149} INFO - [2026-09-19T21:51:42.485+0000] {dag.py:3490} INFO - Setting next_dagrun for example_weekday_branch_operator to 2026-09-18T00:00:00+00:00, run_after=2026-09-19T00:00:00+00:00
[2026-09-19T21:51:42.517+0000] {processor.py:178} INFO - Processing /home/airflow/.local/lib/python3.7/site-packages/airflow/example_dags/example_branch_day_of_week_operator.py took 0.159 seconds
[2026-09-19T21:52:13.283+0000] {processor.py:156} INFO - Started process (PID=5733) to work on /home/airflow/.local/lib/python3.7/site-packages/airflow/example_dags/example_branch_day_of_week_operator.py
[2026-09-19T21:52:13.285+0000] {processor.py:799} INFO - Processing file /home/airflow/.local/lib/python3.7/site-packages/airflow/example_dags/example_branch_day_of_week_operator.py for tasks to queue
[2026-09-19T21:52:13.286+0000] {logging_mixin.py:149} INFO - [2026-09-19T21:52:13.286+0000] {dagbag.py:541} INFO - Filling up the DagBag from /home/airflow/.local/lib/python3.7/site-packages/airflow/example_dags/example_branch_day_of_week_operator.py
[2026-09-19T21:52:13.301+0000] {processor.py:809} INFO - DAG(s) dict_keys(['example_weekday_branch_operator']) retrieved from /home/airflow/.local/lib/python3.7/site-packages/airflow/example_dags/example_branch_day_of_week_operator.py
[2026-09-19T21:52:13.351+0000] {logging_mixin.py:149} INFO - [2026-09-19T21:52:13.350+0000] {dag.py:2726} INFO - Sync 1 DAGs
[2026-09-19T21:52:13.402+0000] {logging_mixin.py:149} INFO - [2026-09-19T21:52:13.401+0000] {dag.py:3490} INFO - Setting next_dagrun for example_weekday_branch_operator to 2026-09-18T00:00:00+00:00, run_after=2026-09-19T00:00:00+00:00
[2026-09-19T21:52:13.437+0000] {processor.py:178} INFO - Processing /home/airflow/.local/lib/python3.7/site-packages/airflow/example_dags/example_branch_day_of_week_operator.py took 0.162 seconds
[2026-09-19T21:52:43.522+0000] {processor.py:156} INFO - Started process (PID=5789) to work on /home/airflow/.local/lib/python3.7/site-packages/airflow/example_dags/example_branch_day_of_week_operator.py
[2026-09-19T21:52:43.523+0000] {processor.py:799} INFO - Processing file /home/airflow/.local/lib/python3.7/site-packages/airflow/example_dags/example_branch_day_of_week_operator.py for tasks to queue
[2026-09-19T21:52:43.525+0000] {logging_mixin.py:149} INFO - [2026-09-19T21:52:43.524+0000] {dagbag.py:541} INFO - Filling up the DagBag from /home/airflow/.local/lib/python3.7/site-packages/airflow/example_dags/example_branch_day_of_week_operator.py
[2026-09-19T21:52:43.540+0000] {processor.py:809} INFO - DAG(s) dict_keys(['example_weekday_branch_operator']) retrieved from /home/airflow/.local/lib/python3.7/site-packages/airflow/example_dags/example_branch_day_of_week_operator.py
[2026-09-19T21:52:43.585+0000] {logging_mixin.py:149} INFO - [2026-09-19T21:52:43.585+0000] {dag.py:2726} INFO - Sync 1 DAGs
[2026-09-19T21:52:43.636+0000] {logging_mixin.py:149} INFO - [2026-09-19T21:52:43.635+0000] {dag.py:3490} INFO - Setting next_dagrun for example_weekday_branch_operator to 2026-09-18T00:00:00+00:00, run_after=2026-09-19T00:00:00+00:00
[2026-09-19T21:52:43.668+0000] {processor.py:178} INFO - Processing /home/airflow/.local/lib/python3.7/site-packages/airflow/example_dags/example_branch_day_of_week_operator.py took 0.154 seconds
[2026-09-19T21:53:13.745+0000] {processor.py:156} INFO - Started process (PID=5845) to work on /home/airflow/.local/lib/python3.7/site-packages/airflow/example_dags/example_branch_day_of_week_operator.py
[2026-09-19T21:53:13.747+0000] {processor.py:799} INFO - Processing file /home/airflow/.local/lib/python3.7/site-packages/airflow/example_dags/example_branch_day_of_week_operator.py for tasks to queue
[2026-09-19T21:53:13.748+0000] {logging_mixin.py:149} INFO - [2026-09-19T21:53:13.748+0000] {dagbag.py:541} INFO - Filling up the DagBag from /home/airflow/.local/lib/python3.7/site-packages/airflow/example_dags/example_branch_day_of_week_operator.py
[2026-09-19T21:53:13.763+0000] {processor.py:809} INFO - DAG(s) dict_keys(['example_weekday_branch_operator']) retrieved from /home/airflow/.local/lib/python3.7/site-packages/airflow/example_dags/example_branch_day_of_week_operator.py
[2026-09-19T21:53:13.821+0000] {logging_mixin.py:149} INFO - [2026-09-19T21:53:13.821+0000] {dag.py:2726} INFO - Sync 1 DAGs
[2026-09-19T21:53:13.871+0000] {logging_mixin.py:149} INFO - [2026-09-19T21:53:13.870+0000] {dag.py:3490} INFO - Setting next_dagrun for example_weekday_branch_operator to 2026-09-18T00:00:00+00:00, run_after=2026-09-19T00:00:00+00:00
[2026-09-19T21:53:13.902+0000] {processor.py:178} INFO - Processing /home/airflow/.local/lib/python3.7/site-packages/airflow/example_dags/example_branch_day_of_week_operator.py took 0.163 seconds
[2026-09-19T21:53:44.733+0000] {processor.py:156} INFO - Started process (PID=5901) to work on /home/airflow/.local/lib/python3.7/site-packages/airflow/example_dags/example_branch_day_of_week_operator.py
[2026-09-19T21:53:44.734+0000] {processor.py:799} INFO - Processing file /home/airflow/.local/lib/python3.7/site-packages/airflow/example_dags/example_branch_day_of_week_operator.py for tasks to queue
[2026-09-19T21:53:44.735+0000] {logging_mixin.py:149} INFO - [2026-09-19T21:53:44.735+0000] {dagbag.py:541} INFO - Filling up the DagBag from /home/airflow/.local/lib/python3.7/site-packages/airflow/example_dags/example_branch_day_of_week_operator.py
[2026-09-19T21:53:44.751+0000] {processor.py:809} INFO - DAG(s) dict_keys(['example_weekday_branch_operator']) retrieved from /home/airflow/.local/lib/python3.7/site-packages/airflow/example_dags/example_branch_day_of_week_operator.py
[2026-09-19T21:53:44.803+0000] {logging_mixin.py:149} INFO - [2026-09-19T21:53:44.802+0000] {dag.py:2726} INFO - Sync 1 DAGs
[2026-09-19T21:53:44.853+0000] {logging_mixin.py:149} INFO - [2026-09-19T21:53:44.853+0000] {dag.py:3490} INFO - Setting next_dagrun for example_weekday_branch_operator to 2026-09-18T00:00:00+00:00, run_after=2026-09-19T00:00:00+00:00
[2026-09-19T21:53:44.886+0000] {processor.py:178} INFO - Processing /home/airflow/.local/lib/python3.7/site-packages/airflow/example_dags/example_branch_day_of_week_operator.py took 0.159 seconds
[2026-09-19T21:54:15.585+0000] {processor.py:156} INFO - Started process (PID=5957) to work on /home/airflow/.local/lib/python3.7/site-packages/airflow/example_dags/example_branch_day_of_week_operator.py
[2026-09-19T21:54:15.587+0000] {processor.py:799} INFO - Processing file /home/airflow/.local/lib/python3.7/site-packages/airflow/example_dags/example_branch_day_of_week_operator.py for tasks to queue
[2026-09-19T21:54:15.588+0000] {logging_mixin.py:149} INFO - [2026-09-19T21:54:15.588+0000] {dagbag.py:541} INFO - Filling up the DagBag from /home/airflow/.local/lib/python3.7/site-packages/airflow/example_dags/example_branch_day_of_week_operator.py
[2026-09-19T21:54:15.600+0000] {processor.py:809} INFO - DAG(s) dict_keys(['example_weekday_branch_operator']) retrieved from /home/airflow/.local/lib/python3.7/site-packages/airflow/example_dags/example_branch_day_of_week_operator.py
[2026-09-19T21:54:15.644+0000] {logging_mixin.py:149} INFO - [2026-09-19T21:54:15.643+0000] {dag.py:2726} INFO - Sync 1 DAGs
[2026-09-19T21:54:15.690+0000] {logging_mixin.py:149} INFO - [2026-09-19T21:54:15.689+0000] {dag.py:3490} INFO - Setting next_dagrun for example_weekday_branch_operator to 2026-09-18T00:00:00+00:00, run_after=2026-09-19T00:00:00+00:00
[2026-09-19T21:54:15.726+0000] {processor.py:178} INFO - Processing /home/airflow/.local/lib/python3.7/site-packages/airflow/example_dags/example_branch_day_of_week_operator.py took 0.150 seconds
[2026-09-19T21:54:46.633+0000] {processor.py:156} INFO - Started process (PID=6013) to work on /home/airflow/.local/lib/python3.7/site-packages/airflow/example_dags/example_branch_day_of_week_operator.py
[2026-09-19T21:54:46.634+0000] {processor.py:799} INFO - Processing file /home/airflow/.local/lib/python3.7/site-packages/airflow/example_dags/example_branch_day_of_week_operator.py for tasks to queue
[2026-09-19T21:54:46.635+0000] {logging_mixin.py:149} INFO - [2026-09-19T21:54:46.635+0000] {dagbag.py:541} INFO - Filling up the DagBag from /home/airflow/.local/lib/python3.7/site-packages/airflow/example_dags/example_branch_day_of_week_operator.py
[2026-09-19T21:54:46.649+0000] {processor.py:809} INFO - DAG(s) dict_keys(['example_weekday_branch_operator']) retrieved from /home/airflow/.local/lib/python3.7/site-packages/airflow/example_dags/example_branch_day_of_week_operator.py
[2026-09-19T21:54:46.701+0000] {logging_mixin.py:149} INFO - [2026-09-19T21:54:46.701+0000] {dag.py:2726} INFO - Sync 1 DAGs
[2026-09-19T21:54:46.754+0000] {logging_mixin.py:149} INFO - [2026-09-19T21:54:46.754+0000] {dag.py:3490} INFO - Setting next_dagrun for example_weekday_branch_operator to 2026-09-18T00:00:00+00:00, run_after=2026-09-19T00:00:00+00:00
[2026-09-19T21:54:46.790+0000] {processor.py:178} INFO - Processing /home/airflow/.local/lib/python3.7/site-packages/airflow/example_dags/example_branch_day_of_week_operator.py took 0.163 seconds
[2026-09-19T21:55:16.878+0000] {processor.py:156} INFO - Started process (PID=6068) to work on /home/airflow/.local/lib/python3.7/site-packages/airflow/example_dags/example_branch_day_of_week_operator.py
[2026-09-19T21:55:16.881+0000] {processor.py:799} INFO - Processing file /home/airflow/.local/lib/python3.7/site-packages/airflow/example_dags/example_branch_day_of_week_operator.py for tasks to queue
[2026-09-19T21:55:16.882+0000] {logging_mixin.py:149} INFO - [2026-09-19T21:55:16.882+0000] {dagbag.py:541} INFO - Filling up the DagBag from /home/airflow/.local/lib/python3.7/site-packages/airflow/example_dags/example_branch_day_of_week_operator.py
[2026-09-19T21:55:16.896+0000] {processor.py:809} INFO - DAG(s) dict_keys(['example_weekday_branch_operator']) retrieved from /home/airflow/.local/lib/python3.7/site-packages/airflow/example_dags/example_branch_day_of_week_operator.py
[2026-09-19T21:55:16.938+0000] {logging_mixin.py:149} INFO - [2026-09-19T21:55:16.938+0000] {dag.py:2726} INFO - Sync 1 DAGs
[2026-09-19T21:55:16.991+0000] {logging_mixin.py:149} INFO - [2026-09-19T21:55:16.991+0000] {dag.py:3490} INFO - Setting next_dagrun for example_weekday_branch_operator to 2026-09-18T00:00:00+00:00, run_after=2026-09-19T00:00:00+00:00
[2026-09-19T21:55:17.025+0000] {processor.py:178} INFO - Processing /home/airflow/.local/lib/python3.7/site-packages/airflow/example_dags/example_branch_day_of_week_operator.py took 0.152 seconds
[2026-09-19T21:55:47.320+0000] {processor.py:156} INFO - Started process (PID=6124) to work on /home/airflow/.local/lib/python3.7/site-packages/airflow/example_dags/example_branch_day_of_week_operator.py
[2026-09-19T21:55:47.322+0000] {processor.py:799} INFO - Processing file /home/airflow/.local/lib/python3.7/site-packages/airflow/example_dags/example_branch_day_of_week_operator.py for tasks to queue
[2026-09-19T21:55:47.323+0000] {logging_mixin.py:149} INFO - [2026-09-19T21:55:47.323+0000] {dagbag.py:541} INFO - Filling up the DagBag from /home/airflow/.local/lib/python3.7/site-packages/airflow/example_dags/example_branch_day_of_week_operator.py
[2026-09-19T21:55:47.337+0000] {processor.py:809} INFO - DAG(s) dict_keys(['example_weekday_branch_operator']) retrieved from /home/airflow/.local/lib/python3.7/site-packages/airflow/example_dags/example_branch_day_of_week_operator.py
[2026-09-19T21:55:47.383+0000] {logging_mixin.py:149} INFO - [2026-09-19T21:55:47.383+0000] {dag.py:2726} INFO - Sync 1 DAGs
[2026-09-19T21:55:47.429+0000] {logging_mixin.py:149} INFO - [2026-09-19T21:55:47.429+0000] {dag.py:3490} INFO - Setting next_dagrun for example_weekday_branch_operator to 2026-09-18T00:00:00+00:00, run_after=2026-09-19T00:00:00+00:00
[2026-09-19T21:55:47.457+0000] {processor.py:178} INFO - Processing /home/airflow/.local/lib/python3.7/site-packages/airflow/example_dags/example_branch_day_of_week_operator.py took 0.143 seconds
[2026-09-19T21:56:18.629+0000] {processor.py:156} INFO - Started process (PID=6180) to work on /home/airflow/.local/lib/python3.7/site-packages/airflow/example_dags/example_branch_day_of_week_operator.py
[2026-09-19T21:56:18.631+0000] {processor.py:799} INFO - Processing file /home/airflow/.local/lib/python3.7/site-packages/airflow/example_dags/example_branch_day_of_week_operator.py for tasks to queue
[2026-09-19T21:56:18.633+0000] {logging_mixin.py:149} INFO - [2026-09-19T21:56:18.632+0000] {dagbag.py:541} INFO - Filling up the DagBag from /home/airflow/.local/lib/python3.7/site-packages/airflow/example_dags/example_branch_day_of_week_operator.py
[2026-09-19T21:56:18.649+0000] {processor.py:809} INFO - DAG(s) dict_keys(['example_weekday_branch_operator']) retrieved from /home/airflow/.local/lib/python3.7/site-packages/airflow/example_dags/example_branch_day_of_week_operator.py
[2026-09-19T21:56:18.698+0000] {logging_mixin.py:149} INFO - [2026-09-19T21:56:18.698+0000] {dag.py:2726} INFO - Sync 1 DAGs
[2026-09-19T21:56:18.755+0000] {logging_mixin.py:149} INFO - [2026-09-19T21:56:18.754+0000] {dag.py:3490} INFO - Setting next_dagrun for example_weekday_branch_operator to 2026-09-18T00:00:00+00:00, run_after=2026-09-19T00:00:00+00:00
[2026-09-19T21:56:18.785+0000] {processor.py:178} INFO - Processing /home/airflow/.local/lib/python3.7/site-packages/airflow/example_dags/example_branch_day_of_week_operator.py took 0.161 seconds
[2026-09-19T21:56:49.167+0000] {processor.py:156} INFO - Started process (PID=6233) to work on /home/airflow/.local/lib/python3.7/site-packages/airflow/example_dags/example_branch_day_of_week_operator.py
[2026-09-19T21:56:49.168+0000] {processor.py:799} INFO - Processing file /home/airflow/.local/lib/python3.7/site-packages/airflow/example_dags/example_branch_day_of_week_operator.py for tasks to queue
[2026-09-19T21:56:49.169+0000] {logging_mixin.py:149} INFO - [2026-09-19T21:56:49.169+0000] {dagbag.py:541} INFO - Filling up the DagBag from /home/airflow/.local/lib/python3.7/site-packages/airflow/example_dags/example_branch_day_of_week_operator.py
[2026-09-19T21:56:49.182+0000] {processor.py:809} INFO - DAG(s) dict_keys(['example_weekday_branch_operator']) retrieved from /home/airflow/.local/lib/python3.7/site-packages/airflow/example_dags/example_branch_day_of_week_operator.py
[2026-09-19T21:56:49.231+0000] {logging_mixin.py:149} INFO - [2026-09-19T21:56:49.230+0000] {dag.py:2726} INFO - Sync 1 DAGs
[2026-09-19T21:56:49.290+0000] {logging_mixin.py:149} INFO - [2026-09-19T21:56:49.290+0000] {dag.py:3490} INFO - Setting next_dagrun for example_weekday_branch_operator to 2026-09-18T00:00:00+00:00, run_after=2026-09-19T00:00:00+00:00
[2026-09-19T21:56:49.321+0000] {processor.py:178} INFO - Processing /home/airflow/.local/lib/python3.7/site-packages/airflow/example_dags/example_branch_day_of_week_operator.py took 0.161 seconds
[2026-09-19T21:57:19.808+0000] {processor.py:156} INFO - Started process (PID=6287) to work on /home/airflow/.local/lib/python3.7/site-packages/airflow/example_dags/example_branch_day_of_week_operator.py
[2026-09-19T21:57:19.810+0000] {processor.py:799} INFO - Processing file /home/airflow/.local/lib/python3.7/site-packages/airflow/example_dags/example_branch_day_of_week_operator.py for tasks to queue
[2026-09-19T21:57:19.811+0000] {logging_mixin.py:149} INFO - [2026-09-19T21:57:19.811+0000] {dagbag.py:541} INFO - Filling up the DagBag from /home/airflow/.local/lib/python3.7/site-packages/airflow/example_dags/example_branch_day_of_week_operator.py
[2026-09-19T21:57:19.826+0000] {processor.py:809} INFO - DAG(s) dict_keys(['example_weekday_branch_operator']) retrieved from /home/airflow/.local/lib/python3.7/site-packages/airflow/example_dags/example_branch_day_of_week_operator.py
[2026-09-19T21:57:19.878+0000] {logging_mixin.py:149} INFO - [2026-09-19T21:57:19.878+0000] {dag.py:2726} INFO - Sync 1 DAGs
[2026-09-19T21:57:19.922+0000] {logging_mixin.py:149} INFO - [2026-09-19T21:57:19.922+0000] {dag.py:3490} INFO - Setting next_dagrun for example_weekday_branch_operator to 2026-09-18T00:00:00+00:00, run_after=2026-09-19T00:00:00+00:00
[2026-09-19T21:57:19.955+0000] {processor.py:178} INFO - Processing /home/airflow/.local/lib/python3.7/site-packages/airflow/example_dags/example_branch_day_of_week_operator.py took 0.155 seconds
[2026-09-19T21:57:50.208+0000] {processor.py:156} INFO - Started process (PID=6343) to work on /home/airflow/.local/lib/python3.7/site-packages/airflow/example_dags/example_branch_day_of_week_operator.py
[2026-09-19T21:57:50.210+0000] {processor.py:799} INFO - Processing file /home/airflow/.local/lib/python3.7/site-packages/airflow/example_dags/example_branch_day_of_week_operator.py for tasks to queue
[2026-09-19T21:57:50.211+0000] {logging_mixin.py:149} INFO - [2026-09-19T21:57:50.210+0000] {dagbag.py:541} INFO - Filling up the DagBag from /home/airflow/.local/lib/python3.7/site-packages/airflow/example_dags/example_branch_day_of_week_operator.py
[2026-09-19T21:57:50.225+0000] {processor.py:809} INFO - DAG(s) dict_keys(['example_weekday_branch_operator']) retrieved from /home/airflow/.local/lib/python3.7/site-packages/airflow/example_dags/example_branch_day_of_week_operator.py
[2026-09-19T21:57:50.278+0000] {logging_mixin.py:149} INFO - [2026-09-19T21:57:50.277+0000] {dag.py:2726} INFO - Sync 1 DAGs
[2026-09-19T21:57:50.325+0000] {logging_mixin.py:149} INFO - [2026-09-19T21:57:50.324+0000] {dag.py:3490} INFO - Setting next_dagrun for example_weekday_branch_operator to 2026-09-18T00:00:00+00:00, run_after=2026-09-19T00:00:00+00:00
[2026-09-19T21:57:50.355+0000] {processor.py:178} INFO - Processing /home/airflow/.local/lib/python3.7/site-packages/airflow/example_dags/example_branch_day_of_week_operator.py took 0.155 seconds
[2026-09-19T21:58:20.596+0000] {processor.py:156} INFO - Started process (PID=6400) to work on /home/airflow/.local/lib/python3.7/site-packages/airflow/example_dags/example_branch_day_of_week_operator.py
[2026-09-19T21:58:20.598+0000] {processor.py:799} INFO - Processing file /home/airflow/.local/lib/python3.7/site-packages/airflow/example_dags/example_branch_day_of_week_operator.py for tasks to queue
[2026-09-19T21:58:20.599+0000] {logging_mixin.py:149} INFO - [2026-09-19T21:58:20.599+0000] {dagbag.py:541} INFO - Filling up the DagBag from /home/airflow/.local/lib/python3.7/site-packages/airflow/example_dags/example_branch_day_of_week_operator.py
[2026-09-19T21:58:20.612+0000] {processor.py:809} INFO - DAG(s) dict_keys(['example_weekday_branch_operator']) retrieved from /home/airflow/.local/lib/python3.7/site-packages/airflow/example_dags/example_branch_day_of_week_operator.py
[2026-09-19T21:58:20.656+0000] {logging_mixin.py:149} INFO - [2026-09-19T21:58:20.656+0000] {dag.py:2726} INFO - Sync 1 DAGs
[2026-09-19T21:58:20.703+0000] {logging_mixin.py:149} INFO - [2026-09-19T21:58:20.703+0000] {dag.py:3490} INFO - Setting next_dagrun for example_weekday_branch_operator to 2026-09-18T00:00:00+00:00, run_after=2026-09-19T00:00:00+00:00
[2026-09-19T21:58:20.736+0000] {processor.py:178} INFO - Processing /home/airflow/.local/lib/python3.7/site-packages/airflow/example_dags/example_branch_day_of_week_operator.py took 0.146 seconds
[2026-09-19T21:58:50.792+0000] {processor.py:156} INFO - Started process (PID=6453) to work on /home/airflow/.local/lib/python3.7/site-packages/airflow/example_dags/example_branch_day_of_week_operator.py
[2026-09-19T21:58:50.793+0000] {processor.py:799} INFO - Processing file /home/airflow/.local/lib/python3.7/site-packages/airflow/example_dags/example_branch_day_of_week_operator.py for tasks to queue
[2026-09-19T21:58:50.794+0000] {logging_mixin.py:149} INFO - [2026-09-19T21:58:50.794+0000] {dagbag.py:541} INFO - Filling up the DagBag from /home/airflow/.local/lib/python3.7/site-packages/airflow/example_dags/example_branch_day_of_week_operator.py
[2026-09-19T21:58:50.830+0000] {processor.py:809} INFO - DAG(s) dict_keys(['example_weekday_branch_operator']) retrieved from /home/airflow/.local/lib/python3.7/site-packages/airflow/example_dags/example_branch_day_of_week_operator.py
[2026-09-19T21:58:50.913+0000] {logging_mixin.py:149} INFO - [2026-09-19T21:58:50.912+0000] {dag.py:2726} INFO - Sync 1 DAGs
[2026-09-19T21:58:50.966+0000] {logging_mixin.py:149} INFO - [2026-09-19T21:58:50.966+0000] {dag.py:3490} INFO - Setting next_dagrun for example_weekday_branch_operator to 2026-09-18T00:00:00+00:00, run_after=2026-09-19T00:00:00+00:00
[2026-09-19T21:58:51.000+0000] {processor.py:178} INFO - Processing /home/airflow/.local/lib/python3.7/site-packages/airflow/example_dags/example_branch_day_of_week_operator.py took 0.215 seconds
[2026-09-19T21:59:21.252+0000] {processor.py:156} INFO - Started process (PID=6507) to work on /home/airflow/.local/lib/python3.7/site-packages/airflow/example_dags/example_branch_day_of_week_operator.py
[2026-09-19T21:59:21.253+0000] {processor.py:799} INFO - Processing file /home/airflow/.local/lib/python3.7/site-packages/airflow/example_dags/example_branch_day_of_week_operator.py for tasks to queue
[2026-09-19T21:59:21.254+0000] {logging_mixin.py:149} INFO - [2026-09-19T21:59:21.254+0000] {dagbag.py:541} INFO - Filling up the DagBag from /home/airflow/.local/lib/python3.7/site-packages/airflow/example_dags/example_branch_day_of_week_operator.py
[2026-09-19T21:59:21.267+0000] {processor.py:809} INFO - DAG(s) dict_keys(['example_weekday_branch_operator']) retrieved from /home/airflow/.local/lib/python3.7/site-packages/airflow/example_dags/example_branch_day_of_week_operator.py
[2026-09-19T21:59:21.317+0000] {logging_mixin.py:149} INFO - [2026-09-19T21:59:21.316+0000] {dag.py:2726} INFO - Sync 1 DAGs
[2026-09-19T21:59:21.371+0000] {logging_mixin.py:149} INFO - [2026-09-19T21:59:21.371+0000] {dag.py:3490} INFO - Setting next_dagrun for example_weekday_branch_operator to 2026-09-18T00:00:00+00:00, run_after=2026-09-19T00:00:00+00:00
[2026-09-19T21:59:21.402+0000] {processor.py:178} INFO - Processing /home/airflow/.local/lib/python3.7/site-packages/airflow/example_dags/example_branch_day_of_week_operator.py took 0.155 seconds
[2026-09-19T21:59:51.963+0000] {processor.py:156} INFO - Started process (PID=6563) to work on /home/airflow/.local/lib/python3.7/site-packages/airflow/example_dags/example_branch_day_of_week_operator.py
[2026-09-19T21:59:51.964+0000] {processor.py:799} INFO - Processing file /home/airflow/.local/lib/python3.7/site-packages/airflow/example_dags/example_branch_day_of_week_operator.py for tasks to queue
[2026-09-19T21:59:51.965+0000] {logging_mixin.py:149} INFO - [2026-09-19T21:59:51.965+0000] {dagbag.py:541} INFO - Filling up the DagBag from /home/airflow/.local/lib/python3.7/site-packages/airflow/example_dags/example_branch_day_of_week_operator.py
[2026-09-19T21:59:51.978+0000] {processor.py:809} INFO - DAG(s) dict_keys(['example_weekday_branch_operator']) retrieved from /home/airflow/.local/lib/python3.7/site-packages/airflow/example_dags/example_branch_day_of_week_operator.py
[2026-09-19T21:59:52.026+0000] {logging_mixin.py:149} INFO - [2026-09-19T21:59:52.026+0000] {dag.py:2726} INFO - Sync 1 DAGs
[2026-09-19T21:59:52.074+0000] {logging_mixin.py:149} INFO - [2026-09-19T21:59:52.074+0000] {dag.py:3490} INFO - Setting next_dagrun for example_weekday_branch_operator to 2026-09-18T00:00:00+00:00, run_after=2026-09-19T00:00:00+00:00
[2026-09-19T21:59:52.106+0000] {processor.py:178} INFO - Processing /home/airflow/.local/lib/python3.7/site-packages/airflow/example_dags/example_branch_day_of_week_operator.py took 0.149 seconds
[2026-09-19T22:00:22.556+0000] {processor.py:156} INFO - Started process (PID=6618) to work on /home/airflow/.local/lib/python3.7/site-packages/airflow/example_dags/example_branch_day_of_week_operator.py
[2026-09-19T22:00:22.557+0000] {processor.py:799} INFO - Processing file /home/airflow/.local/lib/python3.7/site-packages/airflow/example_dags/example_branch_day_of_week_operator.py for tasks to queue
[2026-09-19T22:00:22.558+0000] {logging_mixin.py:149} INFO - [2026-09-19T22:00:22.558+0000] {dagbag.py:541} INFO - Filling up the DagBag from /home/airflow/.local/lib/python3.7/site-packages/airflow/example_dags/example_branch_day_of_week_operator.py
[2026-09-19T22:00:22.573+0000] {processor.py:809} INFO - DAG(s) dict_keys(['example_weekday_branch_operator']) retrieved from /home/airflow/.local/lib/python3.7/site-packages/airflow/example_dags/example_branch_day_of_week_operator.py
[2026-09-19T22:00:22.633+0000] {logging_mixin.py:149} INFO - [2026-09-19T22:00:22.632+0000] {dag.py:2726} INFO - Sync 1 DAGs
[2026-09-19T22:00:22.683+0000] {logging_mixin.py:149} INFO - [2026-09-19T22:00:22.683+0000] {dag.py:3490} INFO - Setting next_dagrun for example_weekday_branch_operator to 2026-09-18T00:00:00+00:00, run_after=2026-09-19T00:00:00+00:00
[2026-09-19T22:00:22.715+0000] {processor.py:178} INFO - Processing /home/airflow/.local/lib/python3.7/site-packages/airflow/example_dags/example_branch_day_of_week_operator.py took 0.165 seconds
[2026-09-19T22:00:53.139+0000] {processor.py:156} INFO - Started process (PID=6674) to work on /home/airflow/.local/lib/python3.7/site-packages/airflow/example_dags/example_branch_day_of_week_operator.py
[2026-09-19T22:00:53.141+0000] {processor.py:799} INFO - Processing file /home/airflow/.local/lib/python3.7/site-packages/airflow/example_dags/example_branch_day_of_week_operator.py for tasks to queue
[2026-09-19T22:00:53.142+0000] {logging_mixin.py:149} INFO - [2026-09-19T22:00:53.142+0000] {dagbag.py:541} INFO - Filling up the DagBag from /home/airflow/.local/lib/python3.7/site-packages/airflow/example_dags/example_branch_day_of_week_operator.py
[2026-09-19T22:00:53.155+0000] {processor.py:809} INFO - DAG(s) dict_keys(['example_weekday_branch_operator']) retrieved from /home/airflow/.local/lib/python3.7/site-packages/airflow/example_dags/example_branch_day_of_week_operator.py
[2026-09-19T22:00:53.205+0000] {logging_mixin.py:149} INFO - [2026-09-19T22:00:53.205+0000] {dag.py:2726} INFO - Sync 1 DAGs
[2026-09-19T22:00:53.251+0000] {logging_mixin.py:149} INFO - [2026-09-19T22:00:53.250+0000] {dag.py:3490} INFO - Setting next_dagrun for example_weekday_branch_operator to 2026-09-18T00:00:00+00:00, run_after=2026-09-19T00:00:00+00:00
[2026-09-19T22:00:53.279+0000] {processor.py:178} INFO - Processing /home/airflow/.local/lib/python3.7/site-packages/airflow/example_dags/example_branch_day_of_week_operator.py took 0.145 seconds
[2026-09-19T22:01:24.085+0000] {processor.py:156} INFO - Started process (PID=6730) to work on /home/airflow/.local/lib/python3.7/site-packages/airflow/example_dags/example_branch_day_of_week_operator.py
[2026-09-19T22:01:24.088+0000] {processor.py:799} INFO - Processing file /home/airflow/.local/lib/python3.7/site-packages/airflow/example_dags/example_branch_day_of_week_operator.py for tasks to queue
[2026-09-19T22:01:24.089+0000] {logging_mixin.py:149} INFO - [2026-09-19T22:01:24.089+0000] {dagbag.py:541} INFO - Filling up the DagBag from /home/airflow/.local/lib/python3.7/site-packages/airflow/example_dags/example_branch_day_of_week_operator.py
[2026-09-19T22:01:24.112+0000] {processor.py:809} INFO - DAG(s) dict_keys(['example_weekday_branch_operator']) retrieved from /home/airflow/.local/lib/python3.7/site-packages/airflow/example_dags/example_branch_day_of_week_operator.py
[2026-09-19T22:01:24.161+0000] {logging_mixin.py:149} INFO - [2026-09-19T22:01:24.161+0000] {dag.py:2726} INFO - Sync 1 DAGs
[2026-09-19T22:01:24.213+0000] {logging_mixin.py:149} INFO - [2026-09-19T22:01:24.213+0000] {dag.py:3490} INFO - Setting next_dagrun for example_weekday_branch_operator to 2026-09-18T00:00:00+00:00, run_after=2026-09-19T00:00:00+00:00
[2026-09-19T22:01:24.247+0000] {processor.py:178} INFO - Processing /home/airflow/.local/lib/python3.7/site-packages/airflow/example_dags/example_branch_day_of_week_operator.py took 0.170 seconds
[2026-09-19T22:01:55.104+0000] {processor.py:156} INFO - Started process (PID=6786) to work on /home/airflow/.local/lib/python3.7/site-packages/airflow/example_dags/example_branch_day_of_week_operator.py
[2026-09-19T22:01:55.110+0000] {processor.py:799} INFO - Processing file /home/airflow/.local/lib/python3.7/site-packages/airflow/example_dags/example_branch_day_of_week_operator.py for tasks to queue
[2026-09-19T22:01:55.112+0000] {logging_mixin.py:149} INFO - [2026-09-19T22:01:55.112+0000] {dagbag.py:541} INFO - Filling up the DagBag from /home/airflow/.local/lib/python3.7/site-packages/airflow/example_dags/example_branch_day_of_week_operator.py
[2026-09-19T22:01:55.126+0000] {processor.py:809} INFO - DAG(s) dict_keys(['example_weekday_branch_operator']) retrieved from /home/airflow/.local/lib/python3.7/site-packages/airflow/example_dags/example_branch_day_of_week_operator.py
[2026-09-19T22:01:55.173+0000] {logging_mixin.py:149} INFO - [2026-09-19T22:01:55.173+0000] {dag.py:2726} INFO - Sync 1 DAGs
[2026-09-19T22:01:55.219+0000] {logging_mixin.py:149} INFO - [2026-09-19T22:01:55.218+0000] {dag.py:3490} INFO - Setting next_dagrun for example_weekday_branch_operator to 2026-09-18T00:00:00+00:00, run_after=2026-09-19T00:00:00+00:00
[2026-09-19T22:01:55.251+0000] {processor.py:178} INFO - Processing /home/airflow/.local/lib/python3.7/site-packages/airflow/example_dags/example_branch_day_of_week_operator.py took 0.155 seconds
[2026-09-19T22:02:26.283+0000] {processor.py:156} INFO - Started process (PID=6842) to work on /home/airflow/.local/lib/python3.7/site-packages/airflow/example_dags/example_branch_day_of_week_operator.py
[2026-09-19T22:02:26.285+0000] {processor.py:799} INFO - Processing file /home/airflow/.local/lib/python3.7/site-packages/airflow/example_dags/example_branch_day_of_week_operator.py for tasks to queue
[2026-09-19T22:02:26.287+0000] {logging_mixin.py:149} INFO - [2026-09-19T22:02:26.286+0000] {dagbag.py:541} INFO - Filling up the DagBag from /home/airflow/.local/lib/python3.7/site-packages/airflow/example_dags/example_branch_day_of_week_operator.py
[2026-09-19T22:02:26.306+0000] {processor.py:809} INFO - DAG(s) dict_keys(['example_weekday_branch_operator']) retrieved from /home/airflow/.local/lib/python3.7/site-packages/airflow/example_dags/example_branch_day_of_week_operator.py
[2026-09-19T22:02:26.357+0000] {logging_mixin.py:149} INFO - [2026-09-19T22:02:26.357+0000] {dag.py:2726} INFO - Sync 1 DAGs
[2026-09-19T22:02:26.407+0000] {logging_mixin.py:149} INFO - [2026-09-19T22:02:26.407+0000] {dag.py:3490} INFO - Setting next_dagrun for example_weekday_branch_operator to 2026-09-18T00:00:00+00:00, run_after=2026-09-19T00:00:00+00:00
[2026-09-19T22:02:26.443+0000] {processor.py:178} INFO - Processing /home/airflow/.local/lib/python3.7/site-packages/airflow/example_dags/example_branch_day_of_week_operator.py took 0.168 seconds
[2026-09-19T22:02:56.630+0000] {processor.py:156} INFO - Started process (PID=6899) to work on /home/airflow/.local/lib/python3.7/site-packages/airflow/example_dags/example_branch_day_of_week_operator.py
[2026-09-19T22:02:56.632+0000] {processor.py:799} INFO - Processing file /home/airflow/.local/lib/python3.7/site-packages/airflow/example_dags/example_branch_day_of_week_operator.py for tasks to queue
[2026-09-19T22:02:56.633+0000] {logging_mixin.py:149} INFO - [2026-09-19T22:02:56.633+0000] {dagbag.py:541} INFO - Filling up the DagBag from /home/airflow/.local/lib/python3.7/site-packages/airflow/example_dags/example_branch_day_of_week_operator.py
[2026-09-19T22:02:56.648+0000] {processor.py:809} INFO - DAG(s) dict_keys(['example_weekday_branch_operator']) retrieved from /home/airflow/.local/lib/python3.7/site-packages/airflow/example_dags/example_branch_day_of_week_operator.py
[2026-09-19T22:02:56.699+0000] {logging_mixin.py:149} INFO - [2026-09-19T22:02:56.698+0000] {dag.py:2726} INFO - Sync 1 DAGs
[2026-09-19T22:02:56.760+0000] {logging_mixin.py:149} INFO - [2026-09-19T22:02:56.760+0000] {dag.py:3490} INFO - Setting next_dagrun for example_weekday_branch_operator to 2026-09-18T00:00:00+00:00, run_after=2026-09-19T00:00:00+00:00
[2026-09-19T22:02:56.801+0000] {processor.py:178} INFO - Processing /home/airflow/.local/lib/python3.7/site-packages/airflow/example_dags/example_branch_day_of_week_operator.py took 0.177 seconds
[2026-09-19T22:03:26.904+0000] {processor.py:156} INFO - Started process (PID=6956) to work on /home/airflow/.local/lib/python3.7/site-packages/airflow/example_dags/example_branch_day_of_week_operator.py
[2026-09-19T22:03:26.905+0000] {processor.py:799} INFO - Processing file /home/airflow/.local/lib/python3.7/site-packages/airflow/example_dags/example_branch_day_of_week_operator.py for tasks to queue
[2026-09-19T22:03:26.907+0000] {logging_mixin.py:149} INFO - [2026-09-19T22:03:26.907+0000] {dagbag.py:541} INFO - Filling up the DagBag from /home/airflow/.local/lib/python3.7/site-packages/airflow/example_dags/example_branch_day_of_week_operator.py
[2026-09-19T22:03:26.920+0000] {processor.py:809} INFO - DAG(s) dict_keys(['example_weekday_branch_operator']) retrieved from /home/airflow/.local/lib/python3.7/site-packages/airflow/example_dags/example_branch_day_of_week_operator.py
[2026-09-19T22:03:26.983+0000] {logging_mixin.py:149} INFO - [2026-09-19T22:03:26.983+0000] {dag.py:2726} INFO - Sync 1 DAGs
[2026-09-19T22:03:27.031+0000] {logging_mixin.py:149} INFO - [2026-09-19T22:03:27.031+0000] {dag.py:3490} INFO - Setting next_dagrun for example_weekday_branch_operator to 2026-09-18T00:00:00+00:00, run_after=2026-09-19T00:00:00+00:00
[2026-09-19T22:03:27.069+0000] {processor.py:178} INFO - Processing /home/airflow/.local/lib/python3.7/site-packages/airflow/example_dags/example_branch_day_of_week_operator.py took 0.172 seconds
[2026-09-19T22:03:57.647+0000] {processor.py:156} INFO - Started process (PID=7018) to work on /home/airflow/.local/lib/python3.7/site-packages/airflow/example_dags/example_branch_day_of_week_operator.py
[2026-09-19T22:03:57.649+0000] {processor.py:799} INFO - Processing file /home/airflow/.local/lib/python3.7/site-packages/airflow/example_dags/example_branch_day_of_week_operator.py for tasks to queue
[2026-09-19T22:03:57.650+0000] {logging_mixin.py:149} INFO - [2026-09-19T22:03:57.649+0000] {dagbag.py:541} INFO - Filling up the DagBag from /home/airflow/.local/lib/python3.7/site-packages/airflow/example_dags/example_branch_day_of_week_operator.py
[2026-09-19T22:03:57.664+0000] {processor.py:809} INFO - DAG(s) dict_keys(['example_weekday_branch_operator']) retrieved from /home/airflow/.local/lib/python3.7/site-packages/airflow/example_dags/example_branch_day_of_week_operator.py
[2026-09-19T22:03:57.714+0000] {logging_mixin.py:149} INFO - [2026-09-19T22:03:57.714+0000] {dag.py:2726} INFO - Sync 1 DAGs
[2026-09-19T22:03:57.761+0000] {logging_mixin.py:149} INFO - [2026-09-19T22:03:57.761+0000] {dag.py:3490} INFO - Setting next_dagrun for example_weekday_branch_operator to 2026-09-18T00:00:00+00:00, run_after=2026-09-19T00:00:00+00:00
[2026-09-19T22:03:57.793+0000] {processor.py:178} INFO - Processing /home/airflow/.local/lib/python3.7/site-packages/airflow/example_dags/example_branch_day_of_week_operator.py took 0.153 seconds
[2026-09-19T22:04:27.884+0000] {processor.py:156} INFO - Started process (PID=7074) to work on /home/airflow/.local/lib/python3.7/site-packages/airflow/example_dags/example_branch_day_of_week_operator.py
[2026-09-19T22:04:27.885+0000] {processor.py:799} INFO - Processing file /home/airflow/.local/lib/python3.7/site-packages/airflow/example_dags/example_branch_day_of_week_operator.py for tasks to queue
[2026-09-19T22:04:27.886+0000] {logging_mixin.py:149} INFO - [2026-09-19T22:04:27.886+0000] {dagbag.py:541} INFO - Filling up the DagBag from /home/airflow/.local/lib/python3.7/site-packages/airflow/example_dags/example_branch_day_of_week_operator.py
[2026-09-19T22:04:27.899+0000] {processor.py:809} INFO - DAG(s) dict_keys(['example_weekday_branch_operator']) retrieved from /home/airflow/.local/lib/python3.7/site-packages/airflow/example_dags/example_branch_day_of_week_operator.py
[2026-09-19T22:04:27.955+0000] {logging_mixin.py:149} INFO - [2026-09-19T22:04:27.955+0000] {dag.py:2726} INFO - Sync 1 DAGs
[2026-09-19T22:04:28.004+0000] {logging_mixin.py:149} INFO - [2026-09-19T22:04:28.004+0000] {dag.py:3490} INFO - Setting next_dagrun for example_weekday_branch_operator to 2026-09-18T00:00:00+00:00, run_after=2026-09-19T00:00:00+00:00
[2026-09-19T22:04:28.039+0000] {processor.py:178} INFO - Processing /home/airflow/.local/lib/python3.7/site-packages/airflow/example_dags/example_branch_day_of_week_operator.py took 0.161 seconds
[2026-09-19T22:04:58.951+0000] {processor.py:156} INFO - Started process (PID=7131) to work on /home/airflow/.local/lib/python3.7/site-packages/airflow/example_dags/example_branch_day_of_week_operator.py
[2026-09-19T22:04:58.953+0000] {processor.py:799} INFO - Processing file /home/airflow/.local/lib/python3.7/site-packages/airflow/example_dags/example_branch_day_of_week_operator.py for tasks to queue
[2026-09-19T22:04:58.954+0000] {logging_mixin.py:149} INFO - [2026-09-19T22:04:58.954+0000] {dagbag.py:541} INFO - Filling up the DagBag from /home/airflow/.local/lib/python3.7/site-packages/airflow/example_dags/example_branch_day_of_week_operator.py
[2026-09-19T22:04:58.968+0000] {processor.py:809} INFO - DAG(s) dict_keys(['example_weekday_branch_operator']) retrieved from /home/airflow/.local/lib/python3.7/site-packages/airflow/example_dags/example_branch_day_of_week_operator.py
[2026-09-19T22:04:59.019+0000] {logging_mixin.py:149} INFO - [2026-09-19T22:04:59.019+0000] {dag.py:2726} INFO - Sync 1 DAGs
[2026-09-19T22:04:59.068+0000] {logging_mixin.py:149} INFO - [2026-09-19T22:04:59.068+0000] {dag.py:3490} INFO - Setting next_dagrun for example_weekday_branch_operator to 2026-09-18T00:00:00+00:00, run_after=2026-09-19T00:00:00+00:00
[2026-09-19T22:04:59.109+0000] {processor.py:178} INFO - Processing /home/airflow/.local/lib/python3.7/site-packages/airflow/example_dags/example_branch_day_of_week_operator.py took 0.164 seconds
[2026-09-19T22:05:29.939+0000] {processor.py:156} INFO - Started process (PID=7187) to work on /home/airflow/.local/lib/python3.7/site-packages/airflow/example_dags/example_branch_day_of_week_operator.py
[2026-09-19T22:05:29.940+0000] {processor.py:799} INFO - Processing file /home/airflow/.local/lib/python3.7/site-packages/airflow/example_dags/example_branch_day_of_week_operator.py for tasks to queue
[2026-09-19T22:05:29.941+0000] {logging_mixin.py:149} INFO - [2026-09-19T22:05:29.941+0000] {dagbag.py:541} INFO - Filling up the DagBag from /home/airflow/.local/lib/python3.7/site-packages/airflow/example_dags/example_branch_day_of_week_operator.py
[2026-09-19T22:05:29.953+0000] {processor.py:809} INFO - DAG(s) dict_keys(['example_weekday_branch_operator']) retrieved from /home/airflow/.local/lib/python3.7/site-packages/airflow/example_dags/example_branch_day_of_week_operator.py
[2026-09-19T22:05:30.003+0000] {logging_mixin.py:149} INFO - [2026-09-19T22:05:30.003+0000] {dag.py:2726} INFO - Sync 1 DAGs
[2026-09-19T22:05:30.053+0000] {logging_mixin.py:149} INFO - [2026-09-19T22:05:30.053+0000] {dag.py:3490} INFO - Setting next_dagrun for example_weekday_branch_operator to 2026-09-18T00:00:00+00:00, run_after=2026-09-19T00:00:00+00:00
[2026-09-19T22:05:30.085+0000] {processor.py:178} INFO - Processing /home/airflow/.local/lib/python3.7/site-packages/airflow/example_dags/example_branch_day_of_week_operator.py took 0.152 seconds
[2026-09-19T22:06:01.000+0000] {processor.py:156} INFO - Started process (PID=7243) to work on /home/airflow/.local/lib/python3.7/site-packages/airflow/example_dags/example_branch_day_of_week_operator.py
[2026-09-19T22:06:01.002+0000] {processor.py:799} INFO - Processing file /home/airflow/.local/lib/python3.7/site-packages/airflow/example_dags/example_branch_day_of_week_operator.py for tasks to queue
[2026-09-19T22:06:01.003+0000] {logging_mixin.py:149} INFO - [2026-09-19T22:06:01.002+0000] {dagbag.py:541} INFO - Filling up the DagBag from /home/airflow/.local/lib/python3.7/site-packages/airflow/example_dags/example_branch_day_of_week_operator.py
[2026-09-19T22:06:01.019+0000] {processor.py:809} INFO - DAG(s) dict_keys(['example_weekday_branch_operator']) retrieved from /home/airflow/.local/lib/python3.7/site-packages/airflow/example_dags/example_branch_day_of_week_operator.py
[2026-09-19T22:06:01.070+0000] {logging_mixin.py:149} INFO - [2026-09-19T22:06:01.070+0000] {dag.py:2726} INFO - Sync 1 DAGs
[2026-09-19T22:06:01.120+0000] {logging_mixin.py:149} INFO - [2026-09-19T22:06:01.120+0000] {dag.py:3490} INFO - Setting next_dagrun for example_weekday_branch_operator to 2026-09-18T00:00:00+00:00, run_after=2026-09-19T00:00:00+00:00
[2026-09-19T22:06:01.154+0000] {processor.py:178} INFO - Processing /home/airflow/.local/lib/python3.7/site-packages/airflow/example_dags/example_branch_day_of_week_operator.py took 0.160 seconds
[2026-09-19T22:06:32.126+0000] {processor.py:156} INFO - Started process (PID=7299) to work on /home/airflow/.local/lib/python3.7/site-packages/airflow/example_dags/example_branch_day_of_week_operator.py
[2026-09-19T22:06:32.129+0000] {processor.py:799} INFO - Processing file /home/airflow/.local/lib/python3.7/site-packages/airflow/example_dags/example_branch_day_of_week_operator.py for tasks to queue
[2026-09-19T22:06:32.130+0000] {logging_mixin.py:149} INFO - [2026-09-19T22:06:32.130+0000] {dagbag.py:541} INFO - Filling up the DagBag from /home/airflow/.local/lib/python3.7/site-packages/airflow/example_dags/example_branch_day_of_week_operator.py
[2026-09-19T22:06:32.145+0000] {processor.py:809} INFO - DAG(s) dict_keys(['example_weekday_branch_operator']) retrieved from /home/airflow/.local/lib/python3.7/site-packages/airflow/example_dags/example_branch_day_of_week_operator.py
[2026-09-19T22:06:32.194+0000] {logging_mixin.py:149} INFO - [2026-09-19T22:06:32.194+0000] {dag.py:2726} INFO - Sync 1 DAGs
[2026-09-19T22:06:32.243+0000] {logging_mixin.py:149} INFO - [2026-09-19T22:06:32.243+0000] {dag.py:3490} INFO - Setting next_dagrun for example_weekday_branch_operator to 2026-09-18T00:00:00+00:00, run_after=2026-09-19T00:00:00+00:00
[2026-09-19T22:06:32.275+0000] {processor.py:178} INFO - Processing /home/airflow/.local/lib/python3.7/site-packages/airflow/example_dags/example_branch_day_of_week_operator.py took 0.155 seconds
[2026-09-19T22:07:03.113+0000] {processor.py:156} INFO - Started process (PID=7355) to work on /home/airflow/.local/lib/python3.7/site-packages/airflow/example_dags/example_branch_day_of_week_operator.py
[2026-09-19T22:07:03.116+0000] {processor.py:799} INFO - Processing file /home/airflow/.local/lib/python3.7/site-packages/airflow/example_dags/example_branch_day_of_week_operator.py for tasks to queue
[2026-09-19T22:07:03.117+0000] {logging_mixin.py:149} INFO - [2026-09-19T22:07:03.117+0000] {dagbag.py:541} INFO - Filling up the DagBag from /home/airflow/.local/lib/python3.7/site-packages/airflow/example_dags/example_branch_day_of_week_operator.py
[2026-09-19T22:07:03.132+0000] {processor.py:809} INFO - DAG(s) dict_keys(['example_weekday_branch_operator']) retrieved from /home/airflow/.local/lib/python3.7/site-packages/airflow/example_dags/example_branch_day_of_week_operator.py
[2026-09-19T22:07:03.180+0000] {logging_mixin.py:149} INFO - [2026-09-19T22:07:03.180+0000] {dag.py:2726} INFO - Sync 1 DAGs
[2026-09-19T22:07:03.228+0000] {logging_mixin.py:149} INFO - [2026-09-19T22:07:03.228+0000] {dag.py:3490} INFO - Setting next_dagrun for example_weekday_branch_operator to 2026-09-18T00:00:00+00:00, run_after=2026-09-19T00:00:00+00:00
[2026-09-19T22:07:03.261+0000] {processor.py:178} INFO - Processing /home/airflow/.local/lib/python3.7/site-packages/airflow/example_dags/example_branch_day_of_week_operator.py took 0.155 seconds
[2026-09-19T22:07:34.063+0000] {processor.py:156} INFO - Started process (PID=7411) to work on /home/airflow/.local/lib/python3.7/site-packages/airflow/example_dags/example_branch_day_of_week_operator.py
[2026-09-19T22:07:34.065+0000] {processor.py:799} INFO - Processing file /home/airflow/.local/lib/python3.7/site-packages/airflow/example_dags/example_branch_day_of_week_operator.py for tasks to queue
[2026-09-19T22:07:34.066+0000] {logging_mixin.py:149} INFO - [2026-09-19T22:07:34.066+0000] {dagbag.py:541} INFO - Filling up the DagBag from /home/airflow/.local/lib/python3.7/site-packages/airflow/example_dags/example_branch_day_of_week_operator.py
[2026-09-19T22:07:34.082+0000] {processor.py:809} INFO - DAG(s) dict_keys(['example_weekday_branch_operator']) retrieved from /home/airflow/.local/lib/python3.7/site-packages/airflow/example_dags/example_branch_day_of_week_operator.py
[2026-09-19T22:07:34.129+0000] {logging_mixin.py:149} INFO - [2026-09-19T22:07:34.129+0000] {dag.py:2726} INFO - Sync 1 DAGs
[2026-09-19T22:07:34.176+0000] {logging_mixin.py:149} INFO - [2026-09-19T22:07:34.176+0000] {dag.py:3490} INFO - Setting next_dagrun for example_weekday_branch_operator to 2026-09-18T00:00:00+00:00, run_after=2026-09-19T00:00:00+00:00
[2026-09-19T22:07:34.206+0000] {processor.py:178} INFO - Processing /home/airflow/.local/lib/python3.7/site-packages/airflow/example_dags/example_branch_day_of_week_operator.py took 0.149 seconds
[2026-09-19T22:08:05.172+0000] {processor.py:156} INFO - Started process (PID=7468) to work on /home/airflow/.local/lib/python3.7/site-packages/airflow/example_dags/example_branch_day_of_week_operator.py
[2026-09-19T22:08:05.174+0000] {processor.py:799} INFO - Processing file /home/airflow/.local/lib/python3.7/site-packages/airflow/example_dags/example_branch_day_of_week_operator.py for tasks to queue
[2026-09-19T22:08:05.175+0000] {logging_mixin.py:149} INFO - [2026-09-19T22:08:05.175+0000] {dagbag.py:541} INFO - Filling up the DagBag from /home/airflow/.local/lib/python3.7/site-packages/airflow/example_dags/example_branch_day_of_week_operator.py
[2026-09-19T22:08:05.190+0000] {processor.py:809} INFO - DAG(s) dict_keys(['example_weekday_branch_operator']) retrieved from /home/airflow/.local/lib/python3.7/site-packages/airflow/example_dags/example_branch_day_of_week_operator.py
[2026-09-19T22:08:05.236+0000] {logging_mixin.py:149} INFO - [2026-09-19T22:08:05.235+0000] {dag.py:2726} INFO - Sync 1 DAGs
[2026-09-19T22:08:05.285+0000] {logging_mixin.py:149} INFO - [2026-09-19T22:08:05.285+0000] {dag.py:3490} INFO - Setting next_dagrun for example_weekday_branch_operator to 2026-09-18T00:00:00+00:00, run_after=2026-09-19T00:00:00+00:00
[2026-09-19T22:08:05.512+0000] {processor.py:178} INFO - Processing /home/airflow/.local/lib/python3.7/site-packages/airflow/example_dags/example_branch_day_of_week_operator.py took 0.346 seconds
[2026-09-19T22:08:35.832+0000] {processor.py:156} INFO - Started process (PID=7524) to work on /home/airflow/.local/lib/python3.7/site-packages/airflow/example_dags/example_branch_day_of_week_operator.py
[2026-09-19T22:08:35.833+0000] {processor.py:799} INFO - Processing file /home/airflow/.local/lib/python3.7/site-packages/airflow/example_dags/example_branch_day_of_week_operator.py for tasks to queue
[2026-09-19T22:08:35.834+0000] {logging_mixin.py:149} INFO - [2026-09-19T22:08:35.834+0000] {dagbag.py:541} INFO - Filling up the DagBag from /home/airflow/.local/lib/python3.7/site-packages/airflow/example_dags/example_branch_day_of_week_operator.py
[2026-09-19T22:08:35.848+0000] {processor.py:809} INFO - DAG(s) dict_keys(['example_weekday_branch_operator']) retrieved from /home/airflow/.local/lib/python3.7/site-packages/airflow/example_dags/example_branch_day_of_week_operator.py
[2026-09-19T22:08:35.897+0000] {logging_mixin.py:149} INFO - [2026-09-19T22:08:35.897+0000] {dag.py:2726} INFO - Sync 1 DAGs
[2026-09-19T22:08:35.948+0000] {logging_mixin.py:149} INFO - [2026-09-19T22:08:35.948+0000] {dag.py:3490} INFO - Setting next_dagrun for example_weekday_branch_operator to 2026-09-18T00:00:00+00:00, run_after=2026-09-19T00:00:00+00:00
[2026-09-19T22:08:35.982+0000] {processor.py:178} INFO - Processing /home/airflow/.local/lib/python3.7/site-packages/airflow/example_dags/example_branch_day_of_week_operator.py took 0.155 seconds
[2026-09-19T22:09:06.607+0000] {processor.py:156} INFO - Started process (PID=7580) to work on /home/airflow/.local/lib/python3.7/site-packages/airflow/example_dags/example_branch_day_of_week_operator.py
[2026-09-19T22:09:06.612+0000] {processor.py:799} INFO - Processing file /home/airflow/.local/lib/python3.7/site-packages/airflow/example_dags/example_branch_day_of_week_operator.py for tasks to queue
[2026-09-19T22:09:06.613+0000] {logging_mixin.py:149} INFO - [2026-09-19T22:09:06.613+0000] {dagbag.py:541} INFO - Filling up the DagBag from /home/airflow/.local/lib/python3.7/site-packages/airflow/example_dags/example_branch_day_of_week_operator.py
[2026-09-19T22:09:06.626+0000] {processor.py:809} INFO - DAG(s) dict_keys(['example_weekday_branch_operator']) retrieved from /home/airflow/.local/lib/python3.7/site-packages/airflow/example_dags/example_branch_day_of_week_operator.py
[2026-09-19T22:09:06.669+0000] {logging_mixin.py:149} INFO - [2026-09-19T22:09:06.669+0000] {dag.py:2726} INFO - Sync 1 DAGs
[2026-09-19T22:09:06.718+0000] {logging_mixin.py:149} INFO - [2026-09-19T22:09:06.718+0000] {dag.py:3490} INFO - Setting next_dagrun for example_weekday_branch_operator to 2026-09-18T00:00:00+00:00, run_after=2026-09-19T00:00:00+00:00
[2026-09-19T22:09:06.751+0000] {processor.py:178} INFO - Processing /home/airflow/.local/lib/python3.7/site-packages/airflow/example_dags/example_branch_day_of_week_operator.py took 0.150 seconds
[2026-09-19T22:09:37.839+0000] {processor.py:156} INFO - Started process (PID=7636) to work on /home/airflow/.local/lib/python3.7/site-packages/airflow/example_dags/example_branch_day_of_week_operator.py
[2026-09-19T22:09:37.843+0000] {processor.py:799} INFO - Processing file /home/airflow/.local/lib/python3.7/site-packages/airflow/example_dags/example_branch_day_of_week_operator.py for tasks to queue
[2026-09-19T22:09:37.844+0000] {logging_mixin.py:149} INFO - [2026-09-19T22:09:37.844+0000] {dagbag.py:541} INFO - Filling up the DagBag from /home/airflow/.local/lib/python3.7/site-packages/airflow/example_dags/example_branch_day_of_week_operator.py
[2026-09-19T22:09:37.856+0000] {processor.py:809} INFO - DAG(s) dict_keys(['example_weekday_branch_operator']) retrieved from /home/airflow/.local/lib/python3.7/site-packages/airflow/example_dags/example_branch_day_of_week_operator.py
[2026-09-19T22:09:37.904+0000] {logging_mixin.py:149} INFO - [2026-09-19T22:09:37.904+0000] {dag.py:2726} INFO - Sync 1 DAGs
[2026-09-19T22:09:37.955+0000] {logging_mixin.py:149} INFO - [2026-09-19T22:09:37.954+0000] {dag.py:3490} INFO - Setting next_dagrun for example_weekday_branch_operator to 2026-09-18T00:00:00+00:00, run_after=2026-09-19T00:00:00+00:00
[2026-09-19T22:09:37.987+0000] {processor.py:178} INFO - Processing /home/airflow/.local/lib/python3.7/site-packages/airflow/example_dags/example_branch_day_of_week_operator.py took 0.154 seconds
[2026-09-19T22:10:08.218+0000] {processor.py:156} INFO - Started process (PID=7692) to work on /home/airflow/.local/lib/python3.7/site-packages/airflow/example_dags/example_branch_day_of_week_operator.py
[2026-09-19T22:10:08.221+0000] {processor.py:799} INFO - Processing file /home/airflow/.local/lib/python3.7/site-packages/airflow/example_dags/example_branch_day_of_week_operator.py for tasks to queue
[2026-09-19T22:10:08.222+0000] {logging_mixin.py:149} INFO - [2026-09-19T22:10:08.222+0000] {dagbag.py:541} INFO - Filling up the DagBag from /home/airflow/.local/lib/python3.7/site-packages/airflow/example_dags/example_branch_day_of_week_operator.py
[2026-09-19T22:10:08.235+0000] {processor.py:809} INFO - DAG(s) dict_keys(['example_weekday_branch_operator']) retrieved from /home/airflow/.local/lib/python3.7/site-packages/airflow/example_dags/example_branch_day_of_week_operator.py
[2026-09-19T22:10:08.262+0000] {logging_mixin.py:149} INFO - [2026-09-19T22:10:08.261+0000] {dag.py:2726} INFO - Sync 1 DAGs
[2026-09-19T22:10:08.315+0000] {logging_mixin.py:149} INFO - [2026-09-19T22:10:08.315+0000] {dag.py:3490} INFO - Setting next_dagrun for example_weekday_branch_operator to 2026-09-18T00:00:00+00:00, run_after=2026-09-19T00:00:00+00:00
[2026-09-19T22:10:08.350+0000] {processor.py:178} INFO - Processing /home/airflow/.local/lib/python3.7/site-packages/airflow/example_dags/example_branch_day_of_week_operator.py took 0.137 seconds
[2026-09-19T22:10:39.343+0000] {processor.py:156} INFO - Started process (PID=7749) to work on /home/airflow/.local/lib/python3.7/site-packages/airflow/example_dags/example_branch_day_of_week_operator.py
[2026-09-19T22:10:39.344+0000] {processor.py:799} INFO - Processing file /home/airflow/.local/lib/python3.7/site-packages/airflow/example_dags/example_branch_day_of_week_operator.py for tasks to queue
[2026-09-19T22:10:39.345+0000] {logging_mixin.py:149} INFO - [2026-09-19T22:10:39.345+0000] {dagbag.py:541} INFO - Filling up the DagBag from /home/airflow/.local/lib/python3.7/site-packages/airflow/example_dags/example_branch_day_of_week_operator.py
[2026-09-19T22:10:39.359+0000] {processor.py:809} INFO - DAG(s) dict_keys(['example_weekday_branch_operator']) retrieved from /home/airflow/.local/lib/python3.7/site-packages/airflow/example_dags/example_branch_day_of_week_operator.py
[2026-09-19T22:10:39.404+0000] {logging_mixin.py:149} INFO - [2026-09-19T22:10:39.404+0000] {dag.py:2726} INFO - Sync 1 DAGs
[2026-09-19T22:10:39.448+0000] {logging_mixin.py:149} INFO - [2026-09-19T22:10:39.447+0000] {dag.py:3490} INFO - Setting next_dagrun for example_weekday_branch_operator to 2026-09-18T00:00:00+00:00, run_after=2026-09-19T00:00:00+00:00
[2026-09-19T22:10:39.478+0000] {processor.py:178} INFO - Processing /home/airflow/.local/lib/python3.7/site-packages/airflow/example_dags/example_branch_day_of_week_operator.py took 0.143 seconds
[2026-09-19T22:11:09.999+0000] {processor.py:156} INFO - Started process (PID=7805) to work on /home/airflow/.local/lib/python3.7/site-packages/airflow/example_dags/example_branch_day_of_week_operator.py
[2026-09-19T22:11:10.001+0000] {processor.py:799} INFO - Processing file /home/airflow/.local/lib/python3.7/site-packages/airflow/example_dags/example_branch_day_of_week_operator.py for tasks to queue
[2026-09-19T22:11:10.002+0000] {logging_mixin.py:149} INFO - [2026-09-19T22:11:10.002+0000] {dagbag.py:541} INFO - Filling up the DagBag from /home/airflow/.local/lib/python3.7/site-packages/airflow/example_dags/example_branch_day_of_week_operator.py
[2026-09-19T22:11:10.014+0000] {processor.py:809} INFO - DAG(s) dict_keys(['example_weekday_branch_operator']) retrieved from /home/airflow/.local/lib/python3.7/site-packages/airflow/example_dags/example_branch_day_of_week_operator.py
[2026-09-19T22:11:10.060+0000] {logging_mixin.py:149} INFO - [2026-09-19T22:11:10.060+0000] {dag.py:2726} INFO - Sync 1 DAGs
[2026-09-19T22:11:10.114+0000] {logging_mixin.py:149} INFO - [2026-09-19T22:11:10.114+0000] {dag.py:3490} INFO - Setting next_dagrun for example_weekday_branch_operator to 2026-09-18T00:00:00+00:00, run_after=2026-09-19T00:00:00+00:00
[2026-09-19T22:11:10.347+0000] {processor.py:178} INFO - Processing /home/airflow/.local/lib/python3.7/site-packages/airflow/example_dags/example_branch_day_of_week_operator.py took 0.354 seconds
[2026-09-19T22:11:41.054+0000] {processor.py:156} INFO - Started process (PID=7861) to work on /home/airflow/.local/lib/python3.7/site-packages/airflow/example_dags/example_branch_day_of_week_operator.py
[2026-09-19T22:11:41.056+0000] {processor.py:799} INFO - Processing file /home/airflow/.local/lib/python3.7/site-packages/airflow/example_dags/example_branch_day_of_week_operator.py for tasks to queue
[2026-09-19T22:11:41.057+0000] {logging_mixin.py:149} INFO - [2026-09-19T22:11:41.057+0000] {dagbag.py:541} INFO - Filling up the DagBag from /home/airflow/.local/lib/python3.7/site-packages/airflow/example_dags/example_branch_day_of_week_operator.py
[2026-09-19T22:11:41.070+0000] {processor.py:809} INFO - DAG(s) dict_keys(['example_weekday_branch_operator']) retrieved from /home/airflow/.local/lib/python3.7/site-packages/airflow/example_dags/example_branch_day_of_week_operator.py
[2026-09-19T22:11:41.118+0000] {logging_mixin.py:149} INFO - [2026-09-19T22:11:41.118+0000] {dag.py:2726} INFO - Sync 1 DAGs
[2026-09-19T22:11:41.167+0000] {logging_mixin.py:149} INFO - [2026-09-19T22:11:41.166+0000] {dag.py:3490} INFO - Setting next_dagrun for example_weekday_branch_operator to 2026-09-18T00:00:00+00:00, run_after=2026-09-19T00:00:00+00:00
[2026-09-19T22:11:41.198+0000] {processor.py:178} INFO - Processing /home/airflow/.local/lib/python3.7/site-packages/airflow/example_dags/example_branch_day_of_week_operator.py took 0.152 seconds
[2026-09-19T22:12:11.855+0000] {processor.py:156} INFO - Started process (PID=7917) to work on /home/airflow/.local/lib/python3.7/site-packages/airflow/example_dags/example_branch_day_of_week_operator.py
[2026-09-19T22:12:11.857+0000] {processor.py:799} INFO - Processing file /home/airflow/.local/lib/python3.7/site-packages/airflow/example_dags/example_branch_day_of_week_operator.py for tasks to queue
[2026-09-19T22:12:11.858+0000] {logging_mixin.py:149} INFO - [2026-09-19T22:12:11.858+0000] {dagbag.py:541} INFO - Filling up the DagBag from /home/airflow/.local/lib/python3.7/site-packages/airflow/example_dags/example_branch_day_of_week_operator.py
[2026-09-19T22:12:11.870+0000] {processor.py:809} INFO - DAG(s) dict_keys(['example_weekday_branch_operator']) retrieved from /home/airflow/.local/lib/python3.7/site-packages/airflow/example_dags/example_branch_day_of_week_operator.py
[2026-09-19T22:12:11.921+0000] {logging_mixin.py:149} INFO - [2026-09-19T22:12:11.921+0000] {dag.py:2726} INFO - Sync 1 DAGs
[2026-09-19T22:12:12.154+0000] {logging_mixin.py:149} INFO - [2026-09-19T22:12:12.154+0000] {dag.py:3490} INFO - Setting next_dagrun for example_weekday_branch_operator to 2026-09-18T00:00:00+00:00, run_after=2026-09-19T00:00:00+00:00
[2026-09-19T22:12:12.183+0000] {processor.py:178} INFO - Processing /home/airflow/.local/lib/python3.7/site-packages/airflow/example_dags/example_branch_day_of_week_operator.py took 0.335 seconds
[2026-09-19T22:12:42.741+0000] {processor.py:156} INFO - Started process (PID=7973) to work on /home/airflow/.local/lib/python3.7/site-packages/airflow/example_dags/example_branch_day_of_week_operator.py
[2026-09-19T22:12:42.742+0000] {processor.py:799} INFO - Processing file /home/airflow/.local/lib/python3.7/site-packages/airflow/example_dags/example_branch_day_of_week_operator.py for tasks to queue
[2026-09-19T22:12:42.743+0000] {logging_mixin.py:149} INFO - [2026-09-19T22:12:42.743+0000] {dagbag.py:541} INFO - Filling up the DagBag from /home/airflow/.local/lib/python3.7/site-packages/airflow/example_dags/example_branch_day_of_week_operator.py
[2026-09-19T22:12:42.757+0000] {processor.py:809} INFO - DAG(s) dict_keys(['example_weekday_branch_operator']) retrieved from /home/airflow/.local/lib/python3.7/site-packages/airflow/example_dags/example_branch_day_of_week_operator.py
[2026-09-19T22:12:42.809+0000] {logging_mixin.py:149} INFO - [2026-09-19T22:12:42.809+0000] {dag.py:2726} INFO - Sync 1 DAGs
[2026-09-19T22:12:42.856+0000] {logging_mixin.py:149} INFO - [2026-09-19T22:12:42.856+0000] {dag.py:3490} INFO - Setting next_dagrun for example_weekday_branch_operator to 2026-09-18T00:00:00+00:00, run_after=2026-09-19T00:00:00+00:00
[2026-09-19T22:12:43.099+0000] {processor.py:178} INFO - Processing /home/airflow/.local/lib/python3.7/site-packages/airflow/example_dags/example_branch_day_of_week_operator.py took 0.364 seconds
[2026-09-19T22:13:13.466+0000] {processor.py:156} INFO - Started process (PID=8029) to work on /home/airflow/.local/lib/python3.7/site-packages/airflow/example_dags/example_branch_day_of_week_operator.py
[2026-09-19T22:13:13.469+0000] {processor.py:799} INFO - Processing file /home/airflow/.local/lib/python3.7/site-packages/airflow/example_dags/example_branch_day_of_week_operator.py for tasks to queue
[2026-09-19T22:13:13.470+0000] {logging_mixin.py:149} INFO - [2026-09-19T22:13:13.470+0000] {dagbag.py:541} INFO - Filling up the DagBag from /home/airflow/.local/lib/python3.7/site-packages/airflow/example_dags/example_branch_day_of_week_operator.py
[2026-09-19T22:13:13.486+0000] {processor.py:809} INFO - DAG(s) dict_keys(['example_weekday_branch_operator']) retrieved from /home/airflow/.local/lib/python3.7/site-packages/airflow/example_dags/example_branch_day_of_week_operator.py
[2026-09-19T22:13:13.540+0000] {logging_mixin.py:149} INFO - [2026-09-19T22:13:13.540+0000] {dag.py:2726} INFO - Sync 1 DAGs
[2026-09-19T22:13:13.591+0000] {logging_mixin.py:149} INFO - [2026-09-19T22:13:13.591+0000] {dag.py:3490} INFO - Setting next_dagrun for example_weekday_branch_operator to 2026-09-18T00:00:00+00:00, run_after=2026-09-19T00:00:00+00:00
[2026-09-19T22:13:13.626+0000] {processor.py:178} INFO - Processing /home/airflow/.local/lib/python3.7/site-packages/airflow/example_dags/example_branch_day_of_week_operator.py took 0.166 seconds
[2026-09-19T22:13:43.964+0000] {processor.py:156} INFO - Started process (PID=8086) to work on /home/airflow/.local/lib/python3.7/site-packages/airflow/example_dags/example_branch_day_of_week_operator.py
[2026-09-19T22:13:43.965+0000] {processor.py:799} INFO - Processing file /home/airflow/.local/lib/python3.7/site-packages/airflow/example_dags/example_branch_day_of_week_operator.py for tasks to queue
[2026-09-19T22:13:43.967+0000] {logging_mixin.py:149} INFO - [2026-09-19T22:13:43.966+0000] {dagbag.py:541} INFO - Filling up the DagBag from /home/airflow/.local/lib/python3.7/site-packages/airflow/example_dags/example_branch_day_of_week_operator.py
[2026-09-19T22:13:43.990+0000] {processor.py:809} INFO - DAG(s) dict_keys(['example_weekday_branch_operator']) retrieved from /home/airflow/.local/lib/python3.7/site-packages/airflow/example_dags/example_branch_day_of_week_operator.py
[2026-09-19T22:13:44.035+0000] {logging_mixin.py:149} INFO - [2026-09-19T22:13:44.035+0000] {dag.py:2726} INFO - Sync 1 DAGs
[2026-09-19T22:13:44.296+0000] {logging_mixin.py:149} INFO - [2026-09-19T22:13:44.296+0000] {dag.py:3490} INFO - Setting next_dagrun for example_weekday_branch_operator to 2026-09-18T00:00:00+00:00, run_after=2026-09-19T00:00:00+00:00
[2026-09-19T22:13:44.326+0000] {processor.py:178} INFO - Processing /home/airflow/.local/lib/python3.7/site-packages/airflow/example_dags/example_branch_day_of_week_operator.py took 0.370 seconds
[2026-09-19T22:14:15.254+0000] {processor.py:156} INFO - Started process (PID=8141) to work on /home/airflow/.local/lib/python3.7/site-packages/airflow/example_dags/example_branch_day_of_week_operator.py
[2026-09-19T22:14:15.257+0000] {processor.py:799} INFO - Processing file /home/airflow/.local/lib/python3.7/site-packages/airflow/example_dags/example_branch_day_of_week_operator.py for tasks to queue
[2026-09-19T22:14:15.258+0000] {logging_mixin.py:149} INFO - [2026-09-19T22:14:15.258+0000] {dagbag.py:541} INFO - Filling up the DagBag from /home/airflow/.local/lib/python3.7/site-packages/airflow/example_dags/example_branch_day_of_week_operator.py
[2026-09-19T22:14:15.271+0000] {processor.py:809} INFO - DAG(s) dict_keys(['example_weekday_branch_operator']) retrieved from /home/airflow/.local/lib/python3.7/site-packages/airflow/example_dags/example_branch_day_of_week_operator.py
[2026-09-19T22:14:15.319+0000] {logging_mixin.py:149} INFO - [2026-09-19T22:14:15.319+0000] {dag.py:2726} INFO - Sync 1 DAGs
[2026-09-19T22:14:15.382+0000] {logging_mixin.py:149} INFO - [2026-09-19T22:14:15.381+0000] {dag.py:3490} INFO - Setting next_dagrun for example_weekday_branch_operator to 2026-09-18T00:00:00+00:00, run_after=2026-09-19T00:00:00+00:00
[2026-09-19T22:14:15.418+0000] {processor.py:178} INFO - Processing /home/airflow/.local/lib/python3.7/site-packages/airflow/example_dags/example_branch_day_of_week_operator.py took 0.171 seconds
[2026-09-19T22:14:45.718+0000] {processor.py:156} INFO - Started process (PID=8197) to work on /home/airflow/.local/lib/python3.7/site-packages/airflow/example_dags/example_branch_day_of_week_operator.py
[2026-09-19T22:14:45.719+0000] {processor.py:799} INFO - Processing file /home/airflow/.local/lib/python3.7/site-packages/airflow/example_dags/example_branch_day_of_week_operator.py for tasks to queue
[2026-09-19T22:14:45.720+0000] {logging_mixin.py:149} INFO - [2026-09-19T22:14:45.720+0000] {dagbag.py:541} INFO - Filling up the DagBag from /home/airflow/.local/lib/python3.7/site-packages/airflow/example_dags/example_branch_day_of_week_operator.py
[2026-09-19T22:14:45.733+0000] {processor.py:809} INFO - DAG(s) dict_keys(['example_weekday_branch_operator']) retrieved from /home/airflow/.local/lib/python3.7/site-packages/airflow/example_dags/example_branch_day_of_week_operator.py
[2026-09-19T22:14:45.994+0000] {logging_mixin.py:149} INFO - [2026-09-19T22:14:45.994+0000] {dag.py:2726} INFO - Sync 1 DAGs
[2026-09-19T22:14:46.038+0000] {logging_mixin.py:149} INFO - [2026-09-19T22:14:46.037+0000] {dag.py:3490} INFO - Setting next_dagrun for example_weekday_branch_operator to 2026-09-18T00:00:00+00:00, run_after=2026-09-19T00:00:00+00:00
[2026-09-19T22:14:46.069+0000] {processor.py:178} INFO - Processing /home/airflow/.local/lib/python3.7/site-packages/airflow/example_dags/example_branch_day_of_week_operator.py took 0.356 seconds
[2026-09-19T22:15:16.480+0000] {processor.py:156} INFO - Started process (PID=8253) to work on /home/airflow/.local/lib/python3.7/site-packages/airflow/example_dags/example_branch_day_of_week_operator.py
[2026-09-19T22:15:16.484+0000] {processor.py:799} INFO - Processing file /home/airflow/.local/lib/python3.7/site-packages/airflow/example_dags/example_branch_day_of_week_operator.py for tasks to queue
[2026-09-19T22:15:16.485+0000] {logging_mixin.py:149} INFO - [2026-09-19T22:15:16.485+0000] {dagbag.py:541} INFO - Filling up the DagBag from /home/airflow/.local/lib/python3.7/site-packages/airflow/example_dags/example_branch_day_of_week_operator.py
[2026-09-19T22:15:16.500+0000] {processor.py:809} INFO - DAG(s) dict_keys(['example_weekday_branch_operator']) retrieved from /home/airflow/.local/lib/python3.7/site-packages/airflow/example_dags/example_branch_day_of_week_operator.py
[2026-09-19T22:15:16.554+0000] {logging_mixin.py:149} INFO - [2026-09-19T22:15:16.554+0000] {dag.py:2726} INFO - Sync 1 DAGs
[2026-09-19T22:15:16.611+0000] {logging_mixin.py:149} INFO - [2026-09-19T22:15:16.611+0000] {dag.py:3490} INFO - Setting next_dagrun for example_weekday_branch_operator to 2026-09-18T00:00:00+00:00, run_after=2026-09-19T00:00:00+00:00
[2026-09-19T22:15:16.649+0000] {processor.py:178} INFO - Processing /home/airflow/.local/lib/python3.7/site-packages/airflow/example_dags/example_branch_day_of_week_operator.py took 0.174 seconds
[2026-09-19T22:15:46.712+0000] {processor.py:156} INFO - Started process (PID=8309) to work on /home/airflow/.local/lib/python3.7/site-packages/airflow/example_dags/example_branch_day_of_week_operator.py
[2026-09-19T22:15:46.714+0000] {processor.py:799} INFO - Processing file /home/airflow/.local/lib/python3.7/site-packages/airflow/example_dags/example_branch_day_of_week_operator.py for tasks to queue
[2026-09-19T22:15:46.716+0000] {logging_mixin.py:149} INFO - [2026-09-19T22:15:46.715+0000] {dagbag.py:541} INFO - Filling up the DagBag from /home/airflow/.local/lib/python3.7/site-packages/airflow/example_dags/example_branch_day_of_week_operator.py
[2026-09-19T22:15:46.729+0000] {processor.py:809} INFO - DAG(s) dict_keys(['example_weekday_branch_operator']) retrieved from /home/airflow/.local/lib/python3.7/site-packages/airflow/example_dags/example_branch_day_of_week_operator.py
[2026-09-19T22:15:46.779+0000] {logging_mixin.py:149} INFO - [2026-09-19T22:15:46.779+0000] {dag.py:2726} INFO - Sync 1 DAGs
[2026-09-19T22:15:46.828+0000] {logging_mixin.py:149} INFO - [2026-09-19T22:15:46.828+0000] {dag.py:3490} INFO - Setting next_dagrun for example_weekday_branch_operator to 2026-09-18T00:00:00+00:00, run_after=2026-09-19T00:00:00+00:00
[2026-09-19T22:15:46.861+0000] {processor.py:178} INFO - Processing /home/airflow/.local/lib/python3.7/site-packages/airflow/example_dags/example_branch_day_of_week_operator.py took 0.155 seconds
[2026-09-19T22:16:17.078+0000] {processor.py:156} INFO - Started process (PID=8365) to work on /home/airflow/.local/lib/python3.7/site-packages/airflow/example_dags/example_branch_day_of_week_operator.py
[2026-09-19T22:16:17.080+0000] {processor.py:799} INFO - Processing file /home/airflow/.local/lib/python3.7/site-packages/airflow/example_dags/example_branch_day_of_week_operator.py for tasks to queue
[2026-09-19T22:16:17.081+0000] {logging_mixin.py:149} INFO - [2026-09-19T22:16:17.081+0000] {dagbag.py:541} INFO - Filling up the DagBag from /home/airflow/.local/lib/python3.7/site-packages/airflow/example_dags/example_branch_day_of_week_operator.py
[2026-09-19T22:16:17.094+0000] {processor.py:809} INFO - DAG(s) dict_keys(['example_weekday_branch_operator']) retrieved from /home/airflow/.local/lib/python3.7/site-packages/airflow/example_dags/example_branch_day_of_week_operator.py
[2026-09-19T22:16:17.143+0000] {logging_mixin.py:149} INFO - [2026-09-19T22:16:17.143+0000] {dag.py:2726} INFO - Sync 1 DAGs
[2026-09-19T22:16:17.193+0000] {logging_mixin.py:149} INFO - [2026-09-19T22:16:17.193+0000] {dag.py:3490} INFO - Setting next_dagrun for example_weekday_branch_operator to 2026-09-18T00:00:00+00:00, run_after=2026-09-19T00:00:00+00:00
[2026-09-19T22:16:17.222+0000] {processor.py:178} INFO - Processing /home/airflow/.local/lib/python3.7/site-packages/airflow/example_dags/example_branch_day_of_week_operator.py took 0.150 seconds
[2026-09-19T22:16:47.815+0000] {processor.py:156} INFO - Started process (PID=8421) to work on /home/airflow/.local/lib/python3.7/site-packages/airflow/example_dags/example_branch_day_of_week_operator.py
[2026-09-19T22:16:47.816+0000] {processor.py:799} INFO - Processing file /home/airflow/.local/lib/python3.7/site-packages/airflow/example_dags/example_branch_day_of_week_operator.py for tasks to queue
[2026-09-19T22:16:47.817+0000] {logging_mixin.py:149} INFO - [2026-09-19T22:16:47.817+0000] {dagbag.py:541} INFO - Filling up the DagBag from /home/airflow/.local/lib/python3.7/site-packages/airflow/example_dags/example_branch_day_of_week_operator.py
[2026-09-19T22:16:47.829+0000] {processor.py:809} INFO - DAG(s) dict_keys(['example_weekday_branch_operator']) retrieved from /home/airflow/.local/lib/python3.7/site-packages/airflow/example_dags/example_branch_day_of_week_operator.py
[2026-09-19T22:16:47.881+0000] {logging_mixin.py:149} INFO - [2026-09-19T22:16:47.881+0000] {dag.py:2726} INFO - Sync 1 DAGs
[2026-09-19T22:16:47.929+0000] {logging_mixin.py:149} INFO - [2026-09-19T22:16:47.929+0000] {dag.py:3490} INFO - Setting next_dagrun for example_weekday_branch_operator to 2026-09-18T00:00:00+00:00, run_after=2026-09-19T00:00:00+00:00
[2026-09-19T22:16:47.964+0000] {processor.py:178} INFO - Processing /home/airflow/.local/lib/python3.7/site-packages/airflow/example_dags/example_branch_day_of_week_operator.py took 0.156 seconds
[2026-09-19T22:17:18.291+0000] {processor.py:156} INFO - Started process (PID=8476) to work on /home/airflow/.local/lib/python3.7/site-packages/airflow/example_dags/example_branch_day_of_week_operator.py
[2026-09-19T22:17:18.296+0000] {processor.py:799} INFO - Processing file /home/airflow/.local/lib/python3.7/site-packages/airflow/example_dags/example_branch_day_of_week_operator.py for tasks to queue
[2026-09-19T22:17:18.297+0000] {logging_mixin.py:149} INFO - [2026-09-19T22:17:18.297+0000] {dagbag.py:541} INFO - Filling up the DagBag from /home/airflow/.local/lib/python3.7/site-packages/airflow/example_dags/example_branch_day_of_week_operator.py
[2026-09-19T22:17:18.311+0000] {processor.py:809} INFO - DAG(s) dict_keys(['example_weekday_branch_operator']) retrieved from /home/airflow/.local/lib/python3.7/site-packages/airflow/example_dags/example_branch_day_of_week_operator.py
[2026-09-19T22:17:18.366+0000] {logging_mixin.py:149} INFO - [2026-09-19T22:17:18.366+0000] {dag.py:2726} INFO - Sync 1 DAGs
[2026-09-19T22:17:18.422+0000] {logging_mixin.py:149} INFO - [2026-09-19T22:17:18.422+0000] {dag.py:3490} INFO - Setting next_dagrun for example_weekday_branch_operator to 2026-09-18T00:00:00+00:00, run_after=2026-09-19T00:00:00+00:00
[2026-09-19T22:17:18.455+0000] {processor.py:178} INFO - Processing /home/airflow/.local/lib/python3.7/site-packages/airflow/example_dags/example_branch_day_of_week_operator.py took 0.173 seconds
[2026-09-19T22:17:49.145+0000] {processor.py:156} INFO - Started process (PID=8531) to work on /home/airflow/.local/lib/python3.7/site-packages/airflow/example_dags/example_branch_day_of_week_operator.py
[2026-09-19T22:17:49.146+0000] {processor.py:799} INFO - Processing file /home/airflow/.local/lib/python3.7/site-packages/airflow/example_dags/example_branch_day_of_week_operator.py for tasks to queue
[2026-09-19T22:17:49.147+0000] {logging_mixin.py:149} INFO - [2026-09-19T22:17:49.147+0000] {dagbag.py:541} INFO - Filling up the DagBag from /home/airflow/.local/lib/python3.7/site-packages/airflow/example_dags/example_branch_day_of_week_operator.py
[2026-09-19T22:17:49.161+0000] {processor.py:809} INFO - DAG(s) dict_keys(['example_weekday_branch_operator']) retrieved from /home/airflow/.local/lib/python3.7/site-packages/airflow/example_dags/example_branch_day_of_week_operator.py
[2026-09-19T22:17:49.211+0000] {logging_mixin.py:149} INFO - [2026-09-19T22:17:49.211+0000] {dag.py:2726} INFO - Sync 1 DAGs
[2026-09-19T22:17:49.262+0000] {logging_mixin.py:149} INFO - [2026-09-19T22:17:49.262+0000] {dag.py:3490} INFO - Setting next_dagrun for example_weekday_branch_operator to 2026-09-18T00:00:00+00:00, run_after=2026-09-19T00:00:00+00:00
[2026-09-19T22:17:49.298+0000] {processor.py:178} INFO - Processing /home/airflow/.local/lib/python3.7/site-packages/airflow/example_dags/example_branch_day_of_week_operator.py took 0.162 seconds
[2026-09-19T22:18:19.712+0000] {processor.py:156} INFO - Started process (PID=8588) to work on /home/airflow/.local/lib/python3.7/site-packages/airflow/example_dags/example_branch_day_of_week_operator.py
[2026-09-19T22:18:19.714+0000] {processor.py:799} INFO - Processing file /home/airflow/.local/lib/python3.7/site-packages/airflow/example_dags/example_branch_day_of_week_operator.py for tasks to queue
[2026-09-19T22:18:19.715+0000] {logging_mixin.py:149} INFO - [2026-09-19T22:18:19.715+0000] {dagbag.py:541} INFO - Filling up the DagBag from /home/airflow/.local/lib/python3.7/site-packages/airflow/example_dags/example_branch_day_of_week_operator.py
[2026-09-19T22:18:19.730+0000] {processor.py:809} INFO - DAG(s) dict_keys(['example_weekday_branch_operator']) retrieved from /home/airflow/.local/lib/python3.7/site-packages/airflow/example_dags/example_branch_day_of_week_operator.py
[2026-09-19T22:18:19.780+0000] {logging_mixin.py:149} INFO - [2026-09-19T22:18:19.780+0000] {dag.py:2726} INFO - Sync 1 DAGs
[2026-09-19T22:18:19.829+0000] {logging_mixin.py:149} INFO - [2026-09-19T22:18:19.829+0000] {dag.py:3490} INFO - Setting next_dagrun for example_weekday_branch_operator to 2026-09-18T00:00:00+00:00, run_after=2026-09-19T00:00:00+00:00
[2026-09-19T22:18:19.864+0000] {processor.py:178} INFO - Processing /home/airflow/.local/lib/python3.7/site-packages/airflow/example_dags/example_branch_day_of_week_operator.py took 0.159 seconds
[2026-09-19T22:18:50.331+0000] {processor.py:156} INFO - Started process (PID=8644) to work on /home/airflow/.local/lib/python3.7/site-packages/airflow/example_dags/example_branch_day_of_week_operator.py
[2026-09-19T22:18:50.333+0000] {processor.py:799} INFO - Processing file /home/airflow/.local/lib/python3.7/site-packages/airflow/example_dags/example_branch_day_of_week_operator.py for tasks to queue
[2026-09-19T22:18:50.334+0000] {logging_mixin.py:149} INFO - [2026-09-19T22:18:50.334+0000] {dagbag.py:541} INFO - Filling up the DagBag from /home/airflow/.local/lib/python3.7/site-packages/airflow/example_dags/example_branch_day_of_week_operator.py
[2026-09-19T22:18:50.349+0000] {processor.py:809} INFO - DAG(s) dict_keys(['example_weekday_branch_operator']) retrieved from /home/airflow/.local/lib/python3.7/site-packages/airflow/example_dags/example_branch_day_of_week_operator.py
[2026-09-19T22:18:50.399+0000] {logging_mixin.py:149} INFO - [2026-09-19T22:18:50.399+0000] {dag.py:2726} INFO - Sync 1 DAGs
[2026-09-19T22:18:50.445+0000] {logging_mixin.py:149} INFO - [2026-09-19T22:18:50.445+0000] {dag.py:3490} INFO - Setting next_dagrun for example_weekday_branch_operator to 2026-09-18T00:00:00+00:00, run_after=2026-09-19T00:00:00+00:00
[2026-09-19T22:18:50.476+0000] {processor.py:178} INFO - Processing /home/airflow/.local/lib/python3.7/site-packages/airflow/example_dags/example_branch_day_of_week_operator.py took 0.153 seconds
[2026-09-19T22:19:20.964+0000] {processor.py:156} INFO - Started process (PID=8700) to work on /home/airflow/.local/lib/python3.7/site-packages/airflow/example_dags/example_branch_day_of_week_operator.py
[2026-09-19T22:19:20.966+0000] {processor.py:799} INFO - Processing file /home/airflow/.local/lib/python3.7/site-packages/airflow/example_dags/example_branch_day_of_week_operator.py for tasks to queue
[2026-09-19T22:19:20.967+0000] {logging_mixin.py:149} INFO - [2026-09-19T22:19:20.967+0000] {dagbag.py:541} INFO - Filling up the DagBag from /home/airflow/.local/lib/python3.7/site-packages/airflow/example_dags/example_branch_day_of_week_operator.py
[2026-09-19T22:19:20.980+0000] {processor.py:809} INFO - DAG(s) dict_keys(['example_weekday_branch_operator']) retrieved from /home/airflow/.local/lib/python3.7/site-packages/airflow/example_dags/example_branch_day_of_week_operator.py
[2026-09-19T22:19:21.033+0000] {logging_mixin.py:149} INFO - [2026-09-19T22:19:21.033+0000] {dag.py:2726} INFO - Sync 1 DAGs
[2026-09-19T22:19:21.083+0000] {logging_mixin.py:149} INFO - [2026-09-19T22:19:21.083+0000] {dag.py:3490} INFO - Setting next_dagrun for example_weekday_branch_operator to 2026-09-18T00:00:00+00:00, run_after=2026-09-19T00:00:00+00:00
[2026-09-19T22:19:21.116+0000] {processor.py:178} INFO - Processing /home/airflow/.local/lib/python3.7/site-packages/airflow/example_dags/example_branch_day_of_week_operator.py took 0.161 seconds
[2026-09-19T22:19:51.515+0000] {processor.py:156} INFO - Started process (PID=8757) to work on /home/airflow/.local/lib/python3.7/site-packages/airflow/example_dags/example_branch_day_of_week_operator.py
[2026-09-19T22:19:51.517+0000] {processor.py:799} INFO - Processing file /home/airflow/.local/lib/python3.7/site-packages/airflow/example_dags/example_branch_day_of_week_operator.py for tasks to queue
[2026-09-19T22:19:51.518+0000] {logging_mixin.py:149} INFO - [2026-09-19T22:19:51.517+0000] {dagbag.py:541} INFO - Filling up the DagBag from /home/airflow/.local/lib/python3.7/site-packages/airflow/example_dags/example_branch_day_of_week_operator.py
[2026-09-19T22:19:51.530+0000] {processor.py:809} INFO - DAG(s) dict_keys(['example_weekday_branch_operator']) retrieved from /home/airflow/.local/lib/python3.7/site-packages/airflow/example_dags/example_branch_day_of_week_operator.py
[2026-09-19T22:19:51.577+0000] {logging_mixin.py:149} INFO - [2026-09-19T22:19:51.577+0000] {dag.py:2726} INFO - Sync 1 DAGs
[2026-09-19T22:19:51.623+0000] {logging_mixin.py:149} INFO - [2026-09-19T22:19:51.622+0000] {dag.py:3490} INFO - Setting next_dagrun for example_weekday_branch_operator to 2026-09-18T00:00:00+00:00, run_after=2026-09-19T00:00:00+00:00
[2026-09-19T22:19:51.655+0000] {processor.py:178} INFO - Processing /home/airflow/.local/lib/python3.7/site-packages/airflow/example_dags/example_branch_day_of_week_operator.py took 0.147 seconds
[2026-09-19T22:20:22.324+0000] {processor.py:156} INFO - Started process (PID=8813) to work on /home/airflow/.local/lib/python3.7/site-packages/airflow/example_dags/example_branch_day_of_week_operator.py
[2026-09-19T22:20:22.327+0000] {processor.py:799} INFO - Processing file /home/airflow/.local/lib/python3.7/site-packages/airflow/example_dags/example_branch_day_of_week_operator.py for tasks to queue
[2026-09-19T22:20:22.328+0000] {logging_mixin.py:149} INFO - [2026-09-19T22:20:22.328+0000] {dagbag.py:541} INFO - Filling up the DagBag from /home/airflow/.local/lib/python3.7/site-packages/airflow/example_dags/example_branch_day_of_week_operator.py
[2026-09-19T22:20:22.344+0000] {processor.py:809} INFO - DAG(s) dict_keys(['example_weekday_branch_operator']) retrieved from /home/airflow/.local/lib/python3.7/site-packages/airflow/example_dags/example_branch_day_of_week_operator.py
[2026-09-19T22:20:22.390+0000] {logging_mixin.py:149} INFO - [2026-09-19T22:20:22.390+0000] {dag.py:2726} INFO - Sync 1 DAGs
[2026-09-19T22:20:22.438+0000] {logging_mixin.py:149} INFO - [2026-09-19T22:20:22.438+0000] {dag.py:3490} INFO - Setting next_dagrun for example_weekday_branch_operator to 2026-09-18T00:00:00+00:00, run_after=2026-09-19T00:00:00+00:00
[2026-09-19T22:20:22.470+0000] {processor.py:178} INFO - Processing /home/airflow/.local/lib/python3.7/site-packages/airflow/example_dags/example_branch_day_of_week_operator.py took 0.153 seconds
[2026-09-19T22:20:52.750+0000] {processor.py:156} INFO - Started process (PID=8869) to work on /home/airflow/.local/lib/python3.7/site-packages/airflow/example_dags/example_branch_day_of_week_operator.py
[2026-09-19T22:20:52.752+0000] {processor.py:799} INFO - Processing file /home/airflow/.local/lib/python3.7/site-packages/airflow/example_dags/example_branch_day_of_week_operator.py for tasks to queue
[2026-09-19T22:20:52.753+0000] {logging_mixin.py:149} INFO - [2026-09-19T22:20:52.753+0000] {dagbag.py:541} INFO - Filling up the DagBag from /home/airflow/.local/lib/python3.7/site-packages/airflow/example_dags/example_branch_day_of_week_operator.py
[2026-09-19T22:20:52.768+0000] {processor.py:809} INFO - DAG(s) dict_keys(['example_weekday_branch_operator']) retrieved from /home/airflow/.local/lib/python3.7/site-packages/airflow/example_dags/example_branch_day_of_week_operator.py
[2026-09-19T22:20:52.821+0000] {logging_mixin.py:149} INFO - [2026-09-19T22:20:52.820+0000] {dag.py:2726} INFO - Sync 1 DAGs
[2026-09-19T22:20:52.871+0000] {logging_mixin.py:149} INFO - [2026-09-19T22:20:52.871+0000] {dag.py:3490} INFO - Setting next_dagrun for example_weekday_branch_operator to 2026-09-18T00:00:00+00:00, run_after=2026-09-19T00:00:00+00:00
[2026-09-19T22:20:52.906+0000] {processor.py:178} INFO - Processing /home/airflow/.local/lib/python3.7/site-packages/airflow/example_dags/example_branch_day_of_week_operator.py took 0.162 seconds
[2026-09-19T22:21:23.107+0000] {processor.py:156} INFO - Started process (PID=8925) to work on /home/airflow/.local/lib/python3.7/site-packages/airflow/example_dags/example_branch_day_of_week_operator.py
[2026-09-19T22:21:23.109+0000] {processor.py:799} INFO - Processing file /home/airflow/.local/lib/python3.7/site-packages/airflow/example_dags/example_branch_day_of_week_operator.py for tasks to queue
[2026-09-19T22:21:23.110+0000] {logging_mixin.py:149} INFO - [2026-09-19T22:21:23.110+0000] {dagbag.py:541} INFO - Filling up the DagBag from /home/airflow/.local/lib/python3.7/site-packages/airflow/example_dags/example_branch_day_of_week_operator.py
[2026-09-19T22:21:23.123+0000] {processor.py:809} INFO - DAG(s) dict_keys(['example_weekday_branch_operator']) retrieved from /home/airflow/.local/lib/python3.7/site-packages/airflow/example_dags/example_branch_day_of_week_operator.py
[2026-09-19T22:21:23.173+0000] {logging_mixin.py:149} INFO - [2026-09-19T22:21:23.173+0000] {dag.py:2726} INFO - Sync 1 DAGs
[2026-09-19T22:21:23.221+0000] {logging_mixin.py:149} INFO - [2026-09-19T22:21:23.220+0000] {dag.py:3490} INFO - Setting next_dagrun for example_weekday_branch_operator to 2026-09-18T00:00:00+00:00, run_after=2026-09-19T00:00:00+00:00
[2026-09-19T22:21:23.249+0000] {processor.py:178} INFO - Processing /home/airflow/.local/lib/python3.7/site-packages/airflow/example_dags/example_branch_day_of_week_operator.py took 0.149 seconds
[2026-09-19T22:21:53.419+0000] {processor.py:156} INFO - Started process (PID=8981) to work on /home/airflow/.local/lib/python3.7/site-packages/airflow/example_dags/example_branch_day_of_week_operator.py
[2026-09-19T22:21:53.422+0000] {processor.py:799} INFO - Processing file /home/airflow/.local/lib/python3.7/site-packages/airflow/example_dags/example_branch_day_of_week_operator.py for tasks to queue
[2026-09-19T22:21:53.423+0000] {logging_mixin.py:149} INFO - [2026-09-19T22:21:53.423+0000] {dagbag.py:541} INFO - Filling up the DagBag from /home/airflow/.local/lib/python3.7/site-packages/airflow/example_dags/example_branch_day_of_week_operator.py
[2026-09-19T22:21:53.443+0000] {processor.py:809} INFO - DAG(s) dict_keys(['example_weekday_branch_operator']) retrieved from /home/airflow/.local/lib/python3.7/site-packages/airflow/example_dags/example_branch_day_of_week_operator.py
[2026-09-19T22:21:53.487+0000] {logging_mixin.py:149} INFO - [2026-09-19T22:21:53.487+0000] {dag.py:2726} INFO - Sync 1 DAGs
[2026-09-19T22:21:53.532+0000] {logging_mixin.py:149} INFO - [2026-09-19T22:21:53.532+0000] {dag.py:3490} INFO - Setting next_dagrun for example_weekday_branch_operator to 2026-09-18T00:00:00+00:00, run_after=2026-09-19T00:00:00+00:00
[2026-09-19T22:21:53.565+0000] {processor.py:178} INFO - Processing /home/airflow/.local/lib/python3.7/site-packages/airflow/example_dags/example_branch_day_of_week_operator.py took 0.159 seconds
[2026-09-19T22:22:24.146+0000] {processor.py:156} INFO - Started process (PID=9037) to work on /home/airflow/.local/lib/python3.7/site-packages/airflow/example_dags/example_branch_day_of_week_operator.py
[2026-09-19T22:22:24.153+0000] {processor.py:799} INFO - Processing file /home/airflow/.local/lib/python3.7/site-packages/airflow/example_dags/example_branch_day_of_week_operator.py for tasks to queue
[2026-09-19T22:22:24.154+0000] {logging_mixin.py:149} INFO - [2026-09-19T22:22:24.154+0000] {dagbag.py:541} INFO - Filling up the DagBag from /home/airflow/.local/lib/python3.7/site-packages/airflow/example_dags/example_branch_day_of_week_operator.py
[2026-09-19T22:22:24.175+0000] {processor.py:809} INFO - DAG(s) dict_keys(['example_weekday_branch_operator']) retrieved from /home/airflow/.local/lib/python3.7/site-packages/airflow/example_dags/example_branch_day_of_week_operator.py
[2026-09-19T22:22:24.227+0000] {logging_mixin.py:149} INFO - [2026-09-19T22:22:24.227+0000] {dag.py:2726} INFO - Sync 1 DAGs
[2026-09-19T22:22:24.275+0000] {logging_mixin.py:149} INFO - [2026-09-19T22:22:24.274+0000] {dag.py:3490} INFO - Setting next_dagrun for example_weekday_branch_operator to 2026-09-18T00:00:00+00:00, run_after=2026-09-19T00:00:00+00:00
[2026-09-19T22:22:24.306+0000] {processor.py:178} INFO - Processing /home/airflow/.local/lib/python3.7/site-packages/airflow/example_dags/example_branch_day_of_week_operator.py took 0.166 seconds
[2026-09-19T22:22:55.203+0000] {processor.py:156} INFO - Started process (PID=9093) to work on /home/airflow/.local/lib/python3.7/site-packages/airflow/example_dags/example_branch_day_of_week_operator.py
[2026-09-19T22:22:55.261+0000] {processor.py:799} INFO - Processing file /home/airflow/.local/lib/python3.7/site-packages/airflow/example_dags/example_branch_day_of_week_operator.py for tasks to queue
[2026-09-19T22:22:55.262+0000] {logging_mixin.py:149} INFO - [2026-09-19T22:22:55.262+0000] {dagbag.py:541} INFO - Filling up the DagBag from /home/airflow/.local/lib/python3.7/site-packages/airflow/example_dags/example_branch_day_of_week_operator.py
[2026-09-19T22:22:55.277+0000] {processor.py:809} INFO - DAG(s) dict_keys(['example_weekday_branch_operator']) retrieved from /home/airflow/.local/lib/python3.7/site-packages/airflow/example_dags/example_branch_day_of_week_operator.py
[2026-09-19T22:22:55.325+0000] {logging_mixin.py:149} INFO - [2026-09-19T22:22:55.324+0000] {dag.py:2726} INFO - Sync 1 DAGs
[2026-09-19T22:22:55.376+0000] {logging_mixin.py:149} INFO - [2026-09-19T22:22:55.375+0000] {dag.py:3490} INFO - Setting next_dagrun for example_weekday_branch_operator to 2026-09-18T00:00:00+00:00, run_after=2026-09-19T00:00:00+00:00
[2026-09-19T22:22:55.407+0000] {processor.py:178} INFO - Processing /home/airflow/.local/lib/python3.7/site-packages/airflow/example_dags/example_branch_day_of_week_operator.py took 0.210 seconds
[2026-09-19T22:23:26.344+0000] {processor.py:156} INFO - Started process (PID=9148) to work on /home/airflow/.local/lib/python3.7/site-packages/airflow/example_dags/example_branch_day_of_week_operator.py
[2026-09-19T22:23:26.346+0000] {processor.py:799} INFO - Processing file /home/airflow/.local/lib/python3.7/site-packages/airflow/example_dags/example_branch_day_of_week_operator.py for tasks to queue
[2026-09-19T22:23:26.347+0000] {logging_mixin.py:149} INFO - [2026-09-19T22:23:26.347+0000] {dagbag.py:541} INFO - Filling up the DagBag from /home/airflow/.local/lib/python3.7/site-packages/airflow/example_dags/example_branch_day_of_week_operator.py
[2026-09-19T22:23:26.358+0000] {processor.py:809} INFO - DAG(s) dict_keys(['example_weekday_branch_operator']) retrieved from /home/airflow/.local/lib/python3.7/site-packages/airflow/example_dags/example_branch_day_of_week_operator.py
[2026-09-19T22:23:26.404+0000] {logging_mixin.py:149} INFO - [2026-09-19T22:23:26.404+0000] {dag.py:2726} INFO - Sync 1 DAGs
[2026-09-19T22:23:26.452+0000] {logging_mixin.py:149} INFO - [2026-09-19T22:23:26.452+0000] {dag.py:3490} INFO - Setting next_dagrun for example_weekday_branch_operator to 2026-09-18T00:00:00+00:00, run_after=2026-09-19T00:00:00+00:00
[2026-09-19T22:23:26.490+0000] {processor.py:178} INFO - Processing /home/airflow/.local/lib/python3.7/site-packages/airflow/example_dags/example_branch_day_of_week_operator.py took 0.151 seconds
[2026-09-19T22:23:56.729+0000] {processor.py:156} INFO - Started process (PID=9204) to work on /home/airflow/.local/lib/python3.7/site-packages/airflow/example_dags/example_branch_day_of_week_operator.py
[2026-09-19T22:23:56.730+0000] {processor.py:799} INFO - Processing file /home/airflow/.local/lib/python3.7/site-packages/airflow/example_dags/example_branch_day_of_week_operator.py for tasks to queue
[2026-09-19T22:23:56.731+0000] {logging_mixin.py:149} INFO - [2026-09-19T22:23:56.731+0000] {dagbag.py:541} INFO - Filling up the DagBag from /home/airflow/.local/lib/python3.7/site-packages/airflow/example_dags/example_branch_day_of_week_operator.py
[2026-09-19T22:23:56.743+0000] {processor.py:809} INFO - DAG(s) dict_keys(['example_weekday_branch_operator']) retrieved from /home/airflow/.local/lib/python3.7/site-packages/airflow/example_dags/example_branch_day_of_week_operator.py
[2026-09-19T22:23:56.789+0000] {logging_mixin.py:149} INFO - [2026-09-19T22:23:56.788+0000] {dag.py:2726} INFO - Sync 1 DAGs
[2026-09-19T22:23:56.833+0000] {logging_mixin.py:149} INFO - [2026-09-19T22:23:56.833+0000] {dag.py:3490} INFO - Setting next_dagrun for example_weekday_branch_operator to 2026-09-18T00:00:00+00:00, run_after=2026-09-19T00:00:00+00:00
[2026-09-19T22:23:56.863+0000] {processor.py:178} INFO - Processing /home/airflow/.local/lib/python3.7/site-packages/airflow/example_dags/example_branch_day_of_week_operator.py took 0.140 seconds
[2026-09-19T22:24:27.114+0000] {processor.py:156} INFO - Started process (PID=9260) to work on /home/airflow/.local/lib/python3.7/site-packages/airflow/example_dags/example_branch_day_of_week_operator.py
[2026-09-19T22:24:27.117+0000] {processor.py:799} INFO - Processing file /home/airflow/.local/lib/python3.7/site-packages/airflow/example_dags/example_branch_day_of_week_operator.py for tasks to queue
[2026-09-19T22:24:27.118+0000] {logging_mixin.py:149} INFO - [2026-09-19T22:24:27.118+0000] {dagbag.py:541} INFO - Filling up the DagBag from /home/airflow/.local/lib/python3.7/site-packages/airflow/example_dags/example_branch_day_of_week_operator.py
[2026-09-19T22:24:27.131+0000] {processor.py:809} INFO - DAG(s) dict_keys(['example_weekday_branch_operator']) retrieved from /home/airflow/.local/lib/python3.7/site-packages/airflow/example_dags/example_branch_day_of_week_operator.py
[2026-09-19T22:24:27.178+0000] {logging_mixin.py:149} INFO - [2026-09-19T22:24:27.177+0000] {dag.py:2726} INFO - Sync 1 DAGs
[2026-09-19T22:24:27.230+0000] {logging_mixin.py:149} INFO - [2026-09-19T22:24:27.230+0000] {dag.py:3490} INFO - Setting next_dagrun for example_weekday_branch_operator to 2026-09-18T00:00:00+00:00, run_after=2026-09-19T00:00:00+00:00
[2026-09-19T22:24:27.265+0000] {processor.py:178} INFO - Processing /home/airflow/.local/lib/python3.7/site-packages/airflow/example_dags/example_branch_day_of_week_operator.py took 0.157 seconds
[2026-09-19T22:24:57.951+0000] {processor.py:156} INFO - Started process (PID=9316) to work on /home/airflow/.local/lib/python3.7/site-packages/airflow/example_dags/example_branch_day_of_week_operator.py
[2026-09-19T22:24:57.953+0000] {processor.py:799} INFO - Processing file /home/airflow/.local/lib/python3.7/site-packages/airflow/example_dags/example_branch_day_of_week_operator.py for tasks to queue
[2026-09-19T22:24:57.954+0000] {logging_mixin.py:149} INFO - [2026-09-19T22:24:57.954+0000] {dagbag.py:541} INFO - Filling up the DagBag from /home/airflow/.local/lib/python3.7/site-packages/airflow/example_dags/example_branch_day_of_week_operator.py
[2026-09-19T22:24:57.970+0000] {processor.py:809} INFO - DAG(s) dict_keys(['example_weekday_branch_operator']) retrieved from /home/airflow/.local/lib/python3.7/site-packages/airflow/example_dags/example_branch_day_of_week_operator.py
[2026-09-19T22:24:58.020+0000] {logging_mixin.py:149} INFO - [2026-09-19T22:24:58.020+0000] {dag.py:2726} INFO - Sync 1 DAGs
[2026-09-19T22:24:58.075+0000] {logging_mixin.py:149} INFO - [2026-09-19T22:24:58.075+0000] {dag.py:3490} INFO - Setting next_dagrun for example_weekday_branch_operator to 2026-09-18T00:00:00+00:00, run_after=2026-09-19T00:00:00+00:00
[2026-09-19T22:24:58.109+0000] {processor.py:178} INFO - Processing /home/airflow/.local/lib/python3.7/site-packages/airflow/example_dags/example_branch_day_of_week_operator.py took 0.166 seconds
[2026-09-19T22:25:29.027+0000] {processor.py:156} INFO - Started process (PID=9372) to work on /home/airflow/.local/lib/python3.7/site-packages/airflow/example_dags/example_branch_day_of_week_operator.py
[2026-09-19T22:25:29.029+0000] {processor.py:799} INFO - Processing file /home/airflow/.local/lib/python3.7/site-packages/airflow/example_dags/example_branch_day_of_week_operator.py for tasks to queue
[2026-09-19T22:25:29.030+0000] {logging_mixin.py:149} INFO - [2026-09-19T22:25:29.030+0000] {dagbag.py:541} INFO - Filling up the DagBag from /home/airflow/.local/lib/python3.7/site-packages/airflow/example_dags/example_branch_day_of_week_operator.py
[2026-09-19T22:25:29.045+0000] {processor.py:809} INFO - DAG(s) dict_keys(['example_weekday_branch_operator']) retrieved from /home/airflow/.local/lib/python3.7/site-packages/airflow/example_dags/example_branch_day_of_week_operator.py
[2026-09-19T22:25:29.094+0000] {logging_mixin.py:149} INFO - [2026-09-19T22:25:29.094+0000] {dag.py:2726} INFO - Sync 1 DAGs
[2026-09-19T22:25:29.142+0000] {logging_mixin.py:149} INFO - [2026-09-19T22:25:29.142+0000] {dag.py:3490} INFO - Setting next_dagrun for example_weekday_branch_operator to 2026-09-18T00:00:00+00:00, run_after=2026-09-19T00:00:00+00:00
[2026-09-19T22:25:29.174+0000] {processor.py:178} INFO - Processing /home/airflow/.local/lib/python3.7/site-packages/airflow/example_dags/example_branch_day_of_week_operator.py took 0.153 seconds
[2026-09-19T22:25:59.657+0000] {processor.py:156} INFO - Started process (PID=9428) to work on /home/airflow/.local/lib/python3.7/site-packages/airflow/example_dags/example_branch_day_of_week_operator.py
[2026-09-19T22:25:59.659+0000] {processor.py:799} INFO - Processing file /home/airflow/.local/lib/python3.7/site-packages/airflow/example_dags/example_branch_day_of_week_operator.py for tasks to queue
[2026-09-19T22:25:59.660+0000] {logging_mixin.py:149} INFO - [2026-09-19T22:25:59.660+0000] {dagbag.py:541} INFO - Filling up the DagBag from /home/airflow/.local/lib/python3.7/site-packages/airflow/example_dags/example_branch_day_of_week_operator.py
[2026-09-19T22:25:59.674+0000] {processor.py:809} INFO - DAG(s) dict_keys(['example_weekday_branch_operator']) retrieved from /home/airflow/.local/lib/python3.7/site-packages/airflow/example_dags/example_branch_day_of_week_operator.py
[2026-09-19T22:25:59.720+0000] {logging_mixin.py:149} INFO - [2026-09-19T22:25:59.720+0000] {dag.py:2726} INFO - Sync 1 DAGs
[2026-09-19T22:25:59.776+0000] {logging_mixin.py:149} INFO - [2026-09-19T22:25:59.776+0000] {dag.py:3490} INFO - Setting next_dagrun for example_weekday_branch_operator to 2026-09-18T00:00:00+00:00, run_after=2026-09-19T00:00:00+00:00
[2026-09-19T22:25:59.814+0000] {processor.py:178} INFO - Processing /home/airflow/.local/lib/python3.7/site-packages/airflow/example_dags/example_branch_day_of_week_operator.py took 0.162 seconds
[2026-09-19T22:26:30.513+0000] {processor.py:156} INFO - Started process (PID=9483) to work on /home/airflow/.local/lib/python3.7/site-packages/airflow/example_dags/example_branch_day_of_week_operator.py
[2026-09-19T22:26:30.515+0000] {processor.py:799} INFO - Processing file /home/airflow/.local/lib/python3.7/site-packages/airflow/example_dags/example_branch_day_of_week_operator.py for tasks to queue
[2026-09-19T22:26:30.516+0000] {logging_mixin.py:149} INFO - [2026-09-19T22:26:30.516+0000] {dagbag.py:541} INFO - Filling up the DagBag from /home/airflow/.local/lib/python3.7/site-packages/airflow/example_dags/example_branch_day_of_week_operator.py
[2026-09-19T22:26:30.532+0000] {processor.py:809} INFO - DAG(s) dict_keys(['example_weekday_branch_operator']) retrieved from /home/airflow/.local/lib/python3.7/site-packages/airflow/example_dags/example_branch_day_of_week_operator.py
[2026-09-19T22:26:30.584+0000] {logging_mixin.py:149} INFO - [2026-09-19T22:26:30.583+0000] {dag.py:2726} INFO - Sync 1 DAGs
[2026-09-19T22:26:30.632+0000] {logging_mixin.py:149} INFO - [2026-09-19T22:26:30.632+0000] {dag.py:3490} INFO - Setting next_dagrun for example_weekday_branch_operator to 2026-09-18T00:00:00+00:00, run_after=2026-09-19T00:00:00+00:00
[2026-09-19T22:26:30.662+0000] {processor.py:178} INFO - Processing /home/airflow/.local/lib/python3.7/site-packages/airflow/example_dags/example_branch_day_of_week_operator.py took 0.156 seconds
[2026-09-19T22:27:01.207+0000] {processor.py:156} INFO - Started process (PID=9539) to work on /home/airflow/.local/lib/python3.7/site-packages/airflow/example_dags/example_branch_day_of_week_operator.py
[2026-09-19T22:27:01.208+0000] {processor.py:799} INFO - Processing file /home/airflow/.local/lib/python3.7/site-packages/airflow/example_dags/example_branch_day_of_week_operator.py for tasks to queue
[2026-09-19T22:27:01.209+0000] {logging_mixin.py:149} INFO - [2026-09-19T22:27:01.209+0000] {dagbag.py:541} INFO - Filling up the DagBag from /home/airflow/.local/lib/python3.7/site-packages/airflow/example_dags/example_branch_day_of_week_operator.py
[2026-09-19T22:27:01.227+0000] {processor.py:809} INFO - DAG(s) dict_keys(['example_weekday_branch_operator']) retrieved from /home/airflow/.local/lib/python3.7/site-packages/airflow/example_dags/example_branch_day_of_week_operator.py
[2026-09-19T22:27:01.284+0000] {logging_mixin.py:149} INFO - [2026-09-19T22:27:01.283+0000] {dag.py:2726} INFO - Sync 1 DAGs
[2026-09-19T22:27:01.337+0000] {logging_mixin.py:149} INFO - [2026-09-19T22:27:01.337+0000] {dag.py:3490} INFO - Setting next_dagrun for example_weekday_branch_operator to 2026-09-18T00:00:00+00:00, run_after=2026-09-19T00:00:00+00:00
[2026-09-19T22:27:01.369+0000] {processor.py:178} INFO - Processing /home/airflow/.local/lib/python3.7/site-packages/airflow/example_dags/example_branch_day_of_week_operator.py took 0.168 seconds
[2026-09-19T22:27:32.003+0000] {processor.py:156} INFO - Started process (PID=9602) to work on /home/airflow/.local/lib/python3.7/site-packages/airflow/example_dags/example_branch_day_of_week_operator.py
[2026-09-19T22:27:32.005+0000] {processor.py:799} INFO - Processing file /home/airflow/.local/lib/python3.7/site-packages/airflow/example_dags/example_branch_day_of_week_operator.py for tasks to queue
[2026-09-19T22:27:32.007+0000] {logging_mixin.py:149} INFO - [2026-09-19T22:27:32.006+0000] {dagbag.py:541} INFO - Filling up the DagBag from /home/airflow/.local/lib/python3.7/site-packages/airflow/example_dags/example_branch_day_of_week_operator.py
[2026-09-19T22:27:32.020+0000] {processor.py:809} INFO - DAG(s) dict_keys(['example_weekday_branch_operator']) retrieved from /home/airflow/.local/lib/python3.7/site-packages/airflow/example_dags/example_branch_day_of_week_operator.py
[2026-09-19T22:27:32.067+0000] {logging_mixin.py:149} INFO - [2026-09-19T22:27:32.067+0000] {dag.py:2726} INFO - Sync 1 DAGs
[2026-09-19T22:27:32.118+0000] {logging_mixin.py:149} INFO - [2026-09-19T22:27:32.117+0000] {dag.py:3490} INFO - Setting next_dagrun for example_weekday_branch_operator to 2026-09-18T00:00:00+00:00, run_after=2026-09-19T00:00:00+00:00
[2026-09-19T22:27:32.147+0000] {processor.py:178} INFO - Processing /home/airflow/.local/lib/python3.7/site-packages/airflow/example_dags/example_branch_day_of_week_operator.py took 0.150 seconds
[2026-09-19T22:28:02.625+0000] {processor.py:156} INFO - Started process (PID=9659) to work on /home/airflow/.local/lib/python3.7/site-packages/airflow/example_dags/example_branch_day_of_week_operator.py
[2026-09-19T22:28:02.626+0000] {processor.py:799} INFO - Processing file /home/airflow/.local/lib/python3.7/site-packages/airflow/example_dags/example_branch_day_of_week_operator.py for tasks to queue
[2026-09-19T22:28:02.627+0000] {logging_mixin.py:149} INFO - [2026-09-19T22:28:02.627+0000] {dagbag.py:541} INFO - Filling up the DagBag from /home/airflow/.local/lib/python3.7/site-packages/airflow/example_dags/example_branch_day_of_week_operator.py
[2026-09-19T22:28:02.643+0000] {processor.py:809} INFO - DAG(s) dict_keys(['example_weekday_branch_operator']) retrieved from /home/airflow/.local/lib/python3.7/site-packages/airflow/example_dags/example_branch_day_of_week_operator.py
[2026-09-19T22:28:02.696+0000] {logging_mixin.py:149} INFO - [2026-09-19T22:28:02.695+0000] {dag.py:2726} INFO - Sync 1 DAGs
[2026-09-19T22:28:02.743+0000] {logging_mixin.py:149} INFO - [2026-09-19T22:28:02.743+0000] {dag.py:3490} INFO - Setting next_dagrun for example_weekday_branch_operator to 2026-09-18T00:00:00+00:00, run_after=2026-09-19T00:00:00+00:00
[2026-09-19T22:28:02.781+0000] {processor.py:178} INFO - Processing /home/airflow/.local/lib/python3.7/site-packages/airflow/example_dags/example_branch_day_of_week_operator.py took 0.162 seconds
[2026-09-19T22:28:33.390+0000] {processor.py:156} INFO - Started process (PID=9716) to work on /home/airflow/.local/lib/python3.7/site-packages/airflow/example_dags/example_branch_day_of_week_operator.py
[2026-09-19T22:28:33.392+0000] {processor.py:799} INFO - Processing file /home/airflow/.local/lib/python3.7/site-packages/airflow/example_dags/example_branch_day_of_week_operator.py for tasks to queue
[2026-09-19T22:28:33.393+0000] {logging_mixin.py:149} INFO - [2026-09-19T22:28:33.393+0000] {dagbag.py:541} INFO - Filling up the DagBag from /home/airflow/.local/lib/python3.7/site-packages/airflow/example_dags/example_branch_day_of_week_operator.py
[2026-09-19T22:28:33.409+0000] {processor.py:809} INFO - DAG(s) dict_keys(['example_weekday_branch_operator']) retrieved from /home/airflow/.local/lib/python3.7/site-packages/airflow/example_dags/example_branch_day_of_week_operator.py
[2026-09-19T22:28:33.456+0000] {logging_mixin.py:149} INFO - [2026-09-19T22:28:33.456+0000] {dag.py:2726} INFO - Sync 1 DAGs
[2026-09-19T22:28:33.513+0000] {logging_mixin.py:149} INFO - [2026-09-19T22:28:33.513+0000] {dag.py:3490} INFO - Setting next_dagrun for example_weekday_branch_operator to 2026-09-18T00:00:00+00:00, run_after=2026-09-19T00:00:00+00:00
[2026-09-19T22:28:33.550+0000] {processor.py:178} INFO - Processing /home/airflow/.local/lib/python3.7/site-packages/airflow/example_dags/example_branch_day_of_week_operator.py took 0.167 seconds
[2026-09-19T22:29:04.226+0000] {processor.py:156} INFO - Started process (PID=9772) to work on /home/airflow/.local/lib/python3.7/site-packages/airflow/example_dags/example_branch_day_of_week_operator.py
[2026-09-19T22:29:04.227+0000] {processor.py:799} INFO - Processing file /home/airflow/.local/lib/python3.7/site-packages/airflow/example_dags/example_branch_day_of_week_operator.py for tasks to queue
[2026-09-19T22:29:04.229+0000] {logging_mixin.py:149} INFO - [2026-09-19T22:29:04.228+0000] {dagbag.py:541} INFO - Filling up the DagBag from /home/airflow/.local/lib/python3.7/site-packages/airflow/example_dags/example_branch_day_of_week_operator.py
[2026-09-19T22:29:04.245+0000] {processor.py:809} INFO - DAG(s) dict_keys(['example_weekday_branch_operator']) retrieved from /home/airflow/.local/lib/python3.7/site-packages/airflow/example_dags/example_branch_day_of_week_operator.py
[2026-09-19T22:29:04.299+0000] {logging_mixin.py:149} INFO - [2026-09-19T22:29:04.299+0000] {dag.py:2726} INFO - Sync 1 DAGs
[2026-09-19T22:29:04.349+0000] {logging_mixin.py:149} INFO - [2026-09-19T22:29:04.349+0000] {dag.py:3490} INFO - Setting next_dagrun for example_weekday_branch_operator to 2026-09-18T00:00:00+00:00, run_after=2026-09-19T00:00:00+00:00
[2026-09-19T22:29:04.382+0000] {processor.py:178} INFO - Processing /home/airflow/.local/lib/python3.7/site-packages/airflow/example_dags/example_branch_day_of_week_operator.py took 0.162 seconds
[2026-09-19T22:29:35.049+0000] {processor.py:156} INFO - Started process (PID=9828) to work on /home/airflow/.local/lib/python3.7/site-packages/airflow/example_dags/example_branch_day_of_week_operator.py
[2026-09-19T22:29:35.051+0000] {processor.py:799} INFO - Processing file /home/airflow/.local/lib/python3.7/site-packages/airflow/example_dags/example_branch_day_of_week_operator.py for tasks to queue
[2026-09-19T22:29:35.052+0000] {logging_mixin.py:149} INFO - [2026-09-19T22:29:35.052+0000] {dagbag.py:541} INFO - Filling up the DagBag from /home/airflow/.local/lib/python3.7/site-packages/airflow/example_dags/example_branch_day_of_week_operator.py
[2026-09-19T22:29:35.066+0000] {processor.py:809} INFO - DAG(s) dict_keys(['example_weekday_branch_operator']) retrieved from /home/airflow/.local/lib/python3.7/site-packages/airflow/example_dags/example_branch_day_of_week_operator.py
[2026-09-19T22:29:35.115+0000] {logging_mixin.py:149} INFO - [2026-09-19T22:29:35.115+0000] {dag.py:2726} INFO - Sync 1 DAGs
[2026-09-19T22:29:35.164+0000] {logging_mixin.py:149} INFO - [2026-09-19T22:29:35.164+0000] {dag.py:3490} INFO - Setting next_dagrun for example_weekday_branch_operator to 2026-09-18T00:00:00+00:00, run_after=2026-09-19T00:00:00+00:00
[2026-09-19T22:29:35.196+0000] {processor.py:178} INFO - Processing /home/airflow/.local/lib/python3.7/site-packages/airflow/example_dags/example_branch_day_of_week_operator.py took 0.154 seconds
[2026-09-19T22:30:05.784+0000] {processor.py:156} INFO - Started process (PID=9884) to work on /home/airflow/.local/lib/python3.7/site-packages/airflow/example_dags/example_branch_day_of_week_operator.py
[2026-09-19T22:30:05.785+0000] {processor.py:799} INFO - Processing file /home/airflow/.local/lib/python3.7/site-packages/airflow/example_dags/example_branch_day_of_week_operator.py for tasks to queue
[2026-09-19T22:30:05.786+0000] {logging_mixin.py:149} INFO - [2026-09-19T22:30:05.786+0000] {dagbag.py:541} INFO - Filling up the DagBag from /home/airflow/.local/lib/python3.7/site-packages/airflow/example_dags/example_branch_day_of_week_operator.py
[2026-09-19T22:30:05.800+0000] {processor.py:809} INFO - DAG(s) dict_keys(['example_weekday_branch_operator']) retrieved from /home/airflow/.local/lib/python3.7/site-packages/airflow/example_dags/example_branch_day_of_week_operator.py
[2026-09-19T22:30:05.852+0000] {logging_mixin.py:149} INFO - [2026-09-19T22:30:05.852+0000] {dag.py:2726} INFO - Sync 1 DAGs
[2026-09-19T22:30:05.913+0000] {logging_mixin.py:149} INFO - [2026-09-19T22:30:05.912+0000] {dag.py:3490} INFO - Setting next_dagrun for example_weekday_branch_operator to 2026-09-18T00:00:00+00:00, run_after=2026-09-19T00:00:00+00:00
[2026-09-19T22:30:05.957+0000] {processor.py:178} INFO - Processing /home/airflow/.local/lib/python3.7/site-packages/airflow/example_dags/example_branch_day_of_week_operator.py took 0.179 seconds
[2026-09-19T22:30:36.517+0000] {processor.py:156} INFO - Started process (PID=9940) to work on /home/airflow/.local/lib/python3.7/site-packages/airflow/example_dags/example_branch_day_of_week_operator.py
[2026-09-19T22:30:36.521+0000] {processor.py:799} INFO - Processing file /home/airflow/.local/lib/python3.7/site-packages/airflow/example_dags/example_branch_day_of_week_operator.py for tasks to queue
[2026-09-19T22:30:36.523+0000] {logging_mixin.py:149} INFO - [2026-09-19T22:30:36.522+0000] {dagbag.py:541} INFO - Filling up the DagBag from /home/airflow/.local/lib/python3.7/site-packages/airflow/example_dags/example_branch_day_of_week_operator.py
[2026-09-19T22:30:36.542+0000] {processor.py:809} INFO - DAG(s) dict_keys(['example_weekday_branch_operator']) retrieved from /home/airflow/.local/lib/python3.7/site-packages/airflow/example_dags/example_branch_day_of_week_operator.py
[2026-09-19T22:30:36.596+0000] {logging_mixin.py:149} INFO - [2026-09-19T22:30:36.596+0000] {dag.py:2726} INFO - Sync 1 DAGs
[2026-09-19T22:30:36.648+0000] {logging_mixin.py:149} INFO - [2026-09-19T22:30:36.648+0000] {dag.py:3490} INFO - Setting next_dagrun for example_weekday_branch_operator to 2026-09-18T00:00:00+00:00, run_after=2026-09-19T00:00:00+00:00
[2026-09-19T22:30:36.688+0000] {processor.py:178} INFO - Processing /home/airflow/.local/lib/python3.7/site-packages/airflow/example_dags/example_branch_day_of_week_operator.py took 0.179 seconds
[2026-09-19T22:31:07.381+0000] {processor.py:156} INFO - Started process (PID=9996) to work on /home/airflow/.local/lib/python3.7/site-packages/airflow/example_dags/example_branch_day_of_week_operator.py
[2026-09-19T22:31:07.383+0000] {processor.py:799} INFO - Processing file /home/airflow/.local/lib/python3.7/site-packages/airflow/example_dags/example_branch_day_of_week_operator.py for tasks to queue
[2026-09-19T22:31:07.384+0000] {logging_mixin.py:149} INFO - [2026-09-19T22:31:07.383+0000] {dagbag.py:541} INFO - Filling up the DagBag from /home/airflow/.local/lib/python3.7/site-packages/airflow/example_dags/example_branch_day_of_week_operator.py
[2026-09-19T22:31:07.397+0000] {processor.py:809} INFO - DAG(s) dict_keys(['example_weekday_branch_operator']) retrieved from /home/airflow/.local/lib/python3.7/site-packages/airflow/example_dags/example_branch_day_of_week_operator.py
[2026-09-19T22:31:07.446+0000] {logging_mixin.py:149} INFO - [2026-09-19T22:31:07.446+0000] {dag.py:2726} INFO - Sync 1 DAGs
[2026-09-19T22:31:07.497+0000] {logging_mixin.py:149} INFO - [2026-09-19T22:31:07.497+0000] {dag.py:3490} INFO - Setting next_dagrun for example_weekday_branch_operator to 2026-09-18T00:00:00+00:00, run_after=2026-09-19T00:00:00+00:00
[2026-09-19T22:31:07.529+0000] {processor.py:178} INFO - Processing /home/airflow/.local/lib/python3.7/site-packages/airflow/example_dags/example_branch_day_of_week_operator.py took 0.156 seconds
[2026-09-19T22:31:38.451+0000] {processor.py:156} INFO - Started process (PID=10052) to work on /home/airflow/.local/lib/python3.7/site-packages/airflow/example_dags/example_branch_day_of_week_operator.py
[2026-09-19T22:31:38.453+0000] {processor.py:799} INFO - Processing file /home/airflow/.local/lib/python3.7/site-packages/airflow/example_dags/example_branch_day_of_week_operator.py for tasks to queue
[2026-09-19T22:31:38.454+0000] {logging_mixin.py:149} INFO - [2026-09-19T22:31:38.454+0000] {dagbag.py:541} INFO - Filling up the DagBag from /home/airflow/.local/lib/python3.7/site-packages/airflow/example_dags/example_branch_day_of_week_operator.py
[2026-09-19T22:31:38.466+0000] {processor.py:809} INFO - DAG(s) dict_keys(['example_weekday_branch_operator']) retrieved from /home/airflow/.local/lib/python3.7/site-packages/airflow/example_dags/example_branch_day_of_week_operator.py
[2026-09-19T22:31:38.510+0000] {logging_mixin.py:149} INFO - [2026-09-19T22:31:38.510+0000] {dag.py:2726} INFO - Sync 1 DAGs
[2026-09-19T22:31:38.561+0000] {logging_mixin.py:149} INFO - [2026-09-19T22:31:38.561+0000] {dag.py:3490} INFO - Setting next_dagrun for example_weekday_branch_operator to 2026-09-18T00:00:00+00:00, run_after=2026-09-19T00:00:00+00:00
[2026-09-19T22:31:38.595+0000] {processor.py:178} INFO - Processing /home/airflow/.local/lib/python3.7/site-packages/airflow/example_dags/example_branch_day_of_week_operator.py took 0.150 seconds
[2026-09-19T22:32:08.769+0000] {processor.py:156} INFO - Started process (PID=10108) to work on /home/airflow/.local/lib/python3.7/site-packages/airflow/example_dags/example_branch_day_of_week_operator.py
[2026-09-19T22:32:08.772+0000] {processor.py:799} INFO - Processing file /home/airflow/.local/lib/python3.7/site-packages/airflow/example_dags/example_branch_day_of_week_operator.py for tasks to queue
[2026-09-19T22:32:08.775+0000] {logging_mixin.py:149} INFO - [2026-09-19T22:32:08.775+0000] {dagbag.py:541} INFO - Filling up the DagBag from /home/airflow/.local/lib/python3.7/site-packages/airflow/example_dags/example_branch_day_of_week_operator.py
[2026-09-19T22:32:08.795+0000] {processor.py:809} INFO - DAG(s) dict_keys(['example_weekday_branch_operator']) retrieved from /home/airflow/.local/lib/python3.7/site-packages/airflow/example_dags/example_branch_day_of_week_operator.py
[2026-09-19T22:32:08.852+0000] {logging_mixin.py:149} INFO - [2026-09-19T22:32:08.851+0000] {dag.py:2726} INFO - Sync 1 DAGs
[2026-09-19T22:32:08.906+0000] {logging_mixin.py:149} INFO - [2026-09-19T22:32:08.906+0000] {dag.py:3490} INFO - Setting next_dagrun for example_weekday_branch_operator to 2026-09-18T00:00:00+00:00, run_after=2026-09-19T00:00:00+00:00
[2026-09-19T22:32:08.935+0000] {processor.py:178} INFO - Processing /home/airflow/.local/lib/python3.7/site-packages/airflow/example_dags/example_branch_day_of_week_operator.py took 0.172 seconds
[2026-09-19T22:32:39.361+0000] {processor.py:156} INFO - Started process (PID=10164) to work on /home/airflow/.local/lib/python3.7/site-packages/airflow/example_dags/example_branch_day_of_week_operator.py
[2026-09-19T22:32:39.363+0000] {processor.py:799} INFO - Processing file /home/airflow/.local/lib/python3.7/site-packages/airflow/example_dags/example_branch_day_of_week_operator.py for tasks to queue
[2026-09-19T22:32:39.364+0000] {logging_mixin.py:149} INFO - [2026-09-19T22:32:39.364+0000] {dagbag.py:541} INFO - Filling up the DagBag from /home/airflow/.local/lib/python3.7/site-packages/airflow/example_dags/example_branch_day_of_week_operator.py
[2026-09-19T22:32:39.376+0000] {processor.py:809} INFO - DAG(s) dict_keys(['example_weekday_branch_operator']) retrieved from /home/airflow/.local/lib/python3.7/site-packages/airflow/example_dags/example_branch_day_of_week_operator.py
[2026-09-19T22:32:39.421+0000] {logging_mixin.py:149} INFO - [2026-09-19T22:32:39.420+0000] {dag.py:2726} INFO - Sync 1 DAGs
[2026-09-19T22:32:39.475+0000] {logging_mixin.py:149} INFO - [2026-09-19T22:32:39.474+0000] {dag.py:3490} INFO - Setting next_dagrun for example_weekday_branch_operator to 2026-09-18T00:00:00+00:00, run_after=2026-09-19T00:00:00+00:00
[2026-09-19T22:32:39.510+0000] {processor.py:178} INFO - Processing /home/airflow/.local/lib/python3.7/site-packages/airflow/example_dags/example_branch_day_of_week_operator.py took 0.155 seconds
[2026-09-19T22:33:09.578+0000] {processor.py:156} INFO - Started process (PID=10220) to work on /home/airflow/.local/lib/python3.7/site-packages/airflow/example_dags/example_branch_day_of_week_operator.py
[2026-09-19T22:33:09.580+0000] {processor.py:799} INFO - Processing file /home/airflow/.local/lib/python3.7/site-packages/airflow/example_dags/example_branch_day_of_week_operator.py for tasks to queue
[2026-09-19T22:33:09.581+0000] {logging_mixin.py:149} INFO - [2026-09-19T22:33:09.580+0000] {dagbag.py:541} INFO - Filling up the DagBag from /home/airflow/.local/lib/python3.7/site-packages/airflow/example_dags/example_branch_day_of_week_operator.py
[2026-09-19T22:33:09.593+0000] {processor.py:809} INFO - DAG(s) dict_keys(['example_weekday_branch_operator']) retrieved from /home/airflow/.local/lib/python3.7/site-packages/airflow/example_dags/example_branch_day_of_week_operator.py
[2026-09-19T22:33:09.656+0000] {logging_mixin.py:149} INFO - [2026-09-19T22:33:09.655+0000] {dag.py:2726} INFO - Sync 1 DAGs
[2026-09-19T22:33:09.704+0000] {logging_mixin.py:149} INFO - [2026-09-19T22:33:09.704+0000] {dag.py:3490} INFO - Setting next_dagrun for example_weekday_branch_operator to 2026-09-18T00:00:00+00:00, run_after=2026-09-19T00:00:00+00:00
[2026-09-19T22:33:09.736+0000] {processor.py:178} INFO - Processing /home/airflow/.local/lib/python3.7/site-packages/airflow/example_dags/example_branch_day_of_week_operator.py took 0.163 seconds
[2026-09-19T22:33:39.887+0000] {processor.py:156} INFO - Started process (PID=10276) to work on /home/airflow/.local/lib/python3.7/site-packages/airflow/example_dags/example_branch_day_of_week_operator.py
[2026-09-19T22:33:39.890+0000] {processor.py:799} INFO - Processing file /home/airflow/.local/lib/python3.7/site-packages/airflow/example_dags/example_branch_day_of_week_operator.py for tasks to queue
[2026-09-19T22:33:39.891+0000] {logging_mixin.py:149} INFO - [2026-09-19T22:33:39.891+0000] {dagbag.py:541} INFO - Filling up the DagBag from /home/airflow/.local/lib/python3.7/site-packages/airflow/example_dags/example_branch_day_of_week_operator.py
[2026-09-19T22:33:39.903+0000] {processor.py:809} INFO - DAG(s) dict_keys(['example_weekday_branch_operator']) retrieved from /home/airflow/.local/lib/python3.7/site-packages/airflow/example_dags/example_branch_day_of_week_operator.py
[2026-09-19T22:33:39.958+0000] {logging_mixin.py:149} INFO - [2026-09-19T22:33:39.958+0000] {dag.py:2726} INFO - Sync 1 DAGs
[2026-09-19T22:33:40.005+0000] {logging_mixin.py:149} INFO - [2026-09-19T22:33:40.005+0000] {dag.py:3490} INFO - Setting next_dagrun for example_weekday_branch_operator to 2026-09-18T00:00:00+00:00, run_after=2026-09-19T00:00:00+00:00
[2026-09-19T22:33:40.040+0000] {processor.py:178} INFO - Processing /home/airflow/.local/lib/python3.7/site-packages/airflow/example_dags/example_branch_day_of_week_operator.py took 0.160 seconds
[2026-09-19T22:34:10.101+0000] {processor.py:156} INFO - Started process (PID=10332) to work on /home/airflow/.local/lib/python3.7/site-packages/airflow/example_dags/example_branch_day_of_week_operator.py
[2026-09-19T22:34:10.103+0000] {processor.py:799} INFO - Processing file /home/airflow/.local/lib/python3.7/site-packages/airflow/example_dags/example_branch_day_of_week_operator.py for tasks to queue
[2026-09-19T22:34:10.104+0000] {logging_mixin.py:149} INFO - [2026-09-19T22:34:10.103+0000] {dagbag.py:541} INFO - Filling up the DagBag from /home/airflow/.local/lib/python3.7/site-packages/airflow/example_dags/example_branch_day_of_week_operator.py
[2026-09-19T22:34:10.118+0000] {processor.py:809} INFO - DAG(s) dict_keys(['example_weekday_branch_operator']) retrieved from /home/airflow/.local/lib/python3.7/site-packages/airflow/example_dags/example_branch_day_of_week_operator.py
[2026-09-19T22:34:10.165+0000] {logging_mixin.py:149} INFO - [2026-09-19T22:34:10.165+0000] {dag.py:2726} INFO - Sync 1 DAGs
[2026-09-19T22:34:10.216+0000] {logging_mixin.py:149} INFO - [2026-09-19T22:34:10.216+0000] {dag.py:3490} INFO - Setting next_dagrun for example_weekday_branch_operator to 2026-09-18T00:00:00+00:00, run_after=2026-09-19T00:00:00+00:00
[2026-09-19T22:34:10.248+0000] {processor.py:178} INFO - Processing /home/airflow/.local/lib/python3.7/site-packages/airflow/example_dags/example_branch_day_of_week_operator.py took 0.152 seconds
[2026-09-19T22:34:40.356+0000] {processor.py:156} INFO - Started process (PID=10388) to work on /home/airflow/.local/lib/python3.7/site-packages/airflow/example_dags/example_branch_day_of_week_operator.py
[2026-09-19T22:34:40.357+0000] {processor.py:799} INFO - Processing file /home/airflow/.local/lib/python3.7/site-packages/airflow/example_dags/example_branch_day_of_week_operator.py for tasks to queue
[2026-09-19T22:34:40.358+0000] {logging_mixin.py:149} INFO - [2026-09-19T22:34:40.358+0000] {dagbag.py:541} INFO - Filling up the DagBag from /home/airflow/.local/lib/python3.7/site-packages/airflow/example_dags/example_branch_day_of_week_operator.py
[2026-09-19T22:34:40.371+0000] {processor.py:809} INFO - DAG(s) dict_keys(['example_weekday_branch_operator']) retrieved from /home/airflow/.local/lib/python3.7/site-packages/airflow/example_dags/example_branch_day_of_week_operator.py
[2026-09-19T22:34:40.424+0000] {logging_mixin.py:149} INFO - [2026-09-19T22:34:40.423+0000] {dag.py:2726} INFO - Sync 1 DAGs
[2026-09-19T22:34:40.473+0000] {logging_mixin.py:149} INFO - [2026-09-19T22:34:40.473+0000] {dag.py:3490} INFO - Setting next_dagrun for example_weekday_branch_operator to 2026-09-18T00:00:00+00:00, run_after=2026-09-19T00:00:00+00:00
[2026-09-19T22:34:40.508+0000] {processor.py:178} INFO - Processing /home/airflow/.local/lib/python3.7/site-packages/airflow/example_dags/example_branch_day_of_week_operator.py took 0.158 seconds
[2026-09-19T22:35:10.774+0000] {processor.py:156} INFO - Started process (PID=10444) to work on /home/airflow/.local/lib/python3.7/site-packages/airflow/example_dags/example_branch_day_of_week_operator.py
[2026-09-19T22:35:10.776+0000] {processor.py:799} INFO - Processing file /home/airflow/.local/lib/python3.7/site-packages/airflow/example_dags/example_branch_day_of_week_operator.py for tasks to queue
[2026-09-19T22:35:10.778+0000] {logging_mixin.py:149} INFO - [2026-09-19T22:35:10.777+0000] {dagbag.py:541} INFO - Filling up the DagBag from /home/airflow/.local/lib/python3.7/site-packages/airflow/example_dags/example_branch_day_of_week_operator.py
[2026-09-19T22:35:10.795+0000] {processor.py:809} INFO - DAG(s) dict_keys(['example_weekday_branch_operator']) retrieved from /home/airflow/.local/lib/python3.7/site-packages/airflow/example_dags/example_branch_day_of_week_operator.py
[2026-09-19T22:35:10.847+0000] {logging_mixin.py:149} INFO - [2026-09-19T22:35:10.847+0000] {dag.py:2726} INFO - Sync 1 DAGs
[2026-09-19T22:35:10.893+0000] {logging_mixin.py:149} INFO - [2026-09-19T22:35:10.893+0000] {dag.py:3490} INFO - Setting next_dagrun for example_weekday_branch_operator to 2026-09-18T00:00:00+00:00, run_after=2026-09-19T00:00:00+00:00
[2026-09-19T22:35:10.926+0000] {processor.py:178} INFO - Processing /home/airflow/.local/lib/python3.7/site-packages/airflow/example_dags/example_branch_day_of_week_operator.py took 0.158 seconds
[2026-09-19T22:35:41.090+0000] {processor.py:156} INFO - Started process (PID=10500) to work on /home/airflow/.local/lib/python3.7/site-packages/airflow/example_dags/example_branch_day_of_week_operator.py
[2026-09-19T22:35:41.094+0000] {processor.py:799} INFO - Processing file /home/airflow/.local/lib/python3.7/site-packages/airflow/example_dags/example_branch_day_of_week_operator.py for tasks to queue
[2026-09-19T22:35:41.095+0000] {logging_mixin.py:149} INFO - [2026-09-19T22:35:41.095+0000] {dagbag.py:541} INFO - Filling up the DagBag from /home/airflow/.local/lib/python3.7/site-packages/airflow/example_dags/example_branch_day_of_week_operator.py
[2026-09-19T22:35:41.110+0000] {processor.py:809} INFO - DAG(s) dict_keys(['example_weekday_branch_operator']) retrieved from /home/airflow/.local/lib/python3.7/site-packages/airflow/example_dags/example_branch_day_of_week_operator.py
[2026-09-19T22:35:41.159+0000] {logging_mixin.py:149} INFO - [2026-09-19T22:35:41.159+0000] {dag.py:2726} INFO - Sync 1 DAGs
[2026-09-19T22:35:41.206+0000] {logging_mixin.py:149} INFO - [2026-09-19T22:35:41.206+0000] {dag.py:3490} INFO - Setting next_dagrun for example_weekday_branch_operator to 2026-09-18T00:00:00+00:00, run_after=2026-09-19T00:00:00+00:00
[2026-09-19T22:35:41.238+0000] {processor.py:178} INFO - Processing /home/airflow/.local/lib/python3.7/site-packages/airflow/example_dags/example_branch_day_of_week_operator.py took 0.154 seconds
[2026-09-19T22:36:11.375+0000] {processor.py:156} INFO - Started process (PID=10556) to work on /home/airflow/.local/lib/python3.7/site-packages/airflow/example_dags/example_branch_day_of_week_operator.py
[2026-09-19T22:36:11.376+0000] {processor.py:799} INFO - Processing file /home/airflow/.local/lib/python3.7/site-packages/airflow/example_dags/example_branch_day_of_week_operator.py for tasks to queue
[2026-09-19T22:36:11.377+0000] {logging_mixin.py:149} INFO - [2026-09-19T22:36:11.377+0000] {dagbag.py:541} INFO - Filling up the DagBag from /home/airflow/.local/lib/python3.7/site-packages/airflow/example_dags/example_branch_day_of_week_operator.py
[2026-09-19T22:36:11.393+0000] {processor.py:809} INFO - DAG(s) dict_keys(['example_weekday_branch_operator']) retrieved from /home/airflow/.local/lib/python3.7/site-packages/airflow/example_dags/example_branch_day_of_week_operator.py
[2026-09-19T22:36:11.438+0000] {logging_mixin.py:149} INFO - [2026-09-19T22:36:11.437+0000] {dag.py:2726} INFO - Sync 1 DAGs
[2026-09-19T22:36:11.482+0000] {logging_mixin.py:149} INFO - [2026-09-19T22:36:11.481+0000] {dag.py:3490} INFO - Setting next_dagrun for example_weekday_branch_operator to 2026-09-18T00:00:00+00:00, run_after=2026-09-19T00:00:00+00:00
[2026-09-19T22:36:11.512+0000] {processor.py:178} INFO - Processing /home/airflow/.local/lib/python3.7/site-packages/airflow/example_dags/example_branch_day_of_week_operator.py took 0.144 seconds
[2026-09-19T22:36:41.871+0000] {processor.py:156} INFO - Started process (PID=10612) to work on /home/airflow/.local/lib/python3.7/site-packages/airflow/example_dags/example_branch_day_of_week_operator.py
[2026-09-19T22:36:41.875+0000] {processor.py:799} INFO - Processing file /home/airflow/.local/lib/python3.7/site-packages/airflow/example_dags/example_branch_day_of_week_operator.py for tasks to queue
[2026-09-19T22:36:41.877+0000] {logging_mixin.py:149} INFO - [2026-09-19T22:36:41.876+0000] {dagbag.py:541} INFO - Filling up the DagBag from /home/airflow/.local/lib/python3.7/site-packages/airflow/example_dags/example_branch_day_of_week_operator.py
[2026-09-19T22:36:41.896+0000] {processor.py:809} INFO - DAG(s) dict_keys(['example_weekday_branch_operator']) retrieved from /home/airflow/.local/lib/python3.7/site-packages/airflow/example_dags/example_branch_day_of_week_operator.py
[2026-09-19T22:36:41.950+0000] {logging_mixin.py:149} INFO - [2026-09-19T22:36:41.950+0000] {dag.py:2726} INFO - Sync 1 DAGs
[2026-09-19T22:36:41.995+0000] {logging_mixin.py:149} INFO - [2026-09-19T22:36:41.995+0000] {dag.py:3490} INFO - Setting next_dagrun for example_weekday_branch_operator to 2026-09-18T00:00:00+00:00, run_after=2026-09-19T00:00:00+00:00
[2026-09-19T22:36:42.027+0000] {processor.py:178} INFO - Processing /home/airflow/.local/lib/python3.7/site-packages/airflow/example_dags/example_branch_day_of_week_operator.py took 0.160 seconds
[2026-09-19T22:37:12.350+0000] {processor.py:156} INFO - Started process (PID=10668) to work on /home/airflow/.local/lib/python3.7/site-packages/airflow/example_dags/example_branch_day_of_week_operator.py
[2026-09-19T22:37:12.351+0000] {processor.py:799} INFO - Processing file /home/airflow/.local/lib/python3.7/site-packages/airflow/example_dags/example_branch_day_of_week_operator.py for tasks to queue
[2026-09-19T22:37:12.352+0000] {logging_mixin.py:149} INFO - [2026-09-19T22:37:12.352+0000] {dagbag.py:541} INFO - Filling up the DagBag from /home/airflow/.local/lib/python3.7/site-packages/airflow/example_dags/example_branch_day_of_week_operator.py
[2026-09-19T22:37:12.365+0000] {processor.py:809} INFO - DAG(s) dict_keys(['example_weekday_branch_operator']) retrieved from /home/airflow/.local/lib/python3.7/site-packages/airflow/example_dags/example_branch_day_of_week_operator.py
[2026-09-19T22:37:12.413+0000] {logging_mixin.py:149} INFO - [2026-09-19T22:37:12.413+0000] {dag.py:2726} INFO - Sync 1 DAGs
[2026-09-19T22:37:12.467+0000] {logging_mixin.py:149} INFO - [2026-09-19T22:37:12.466+0000] {dag.py:3490} INFO - Setting next_dagrun for example_weekday_branch_operator to 2026-09-18T00:00:00+00:00, run_after=2026-09-19T00:00:00+00:00
[2026-09-19T22:37:12.503+0000] {processor.py:178} INFO - Processing /home/airflow/.local/lib/python3.7/site-packages/airflow/example_dags/example_branch_day_of_week_operator.py took 0.160 seconds
[2026-09-19T22:37:42.751+0000] {processor.py:156} INFO - Started process (PID=10724) to work on /home/airflow/.local/lib/python3.7/site-packages/airflow/example_dags/example_branch_day_of_week_operator.py
[2026-09-19T22:37:42.754+0000] {processor.py:799} INFO - Processing file /home/airflow/.local/lib/python3.7/site-packages/airflow/example_dags/example_branch_day_of_week_operator.py for tasks to queue
[2026-09-19T22:37:42.755+0000] {logging_mixin.py:149} INFO - [2026-09-19T22:37:42.755+0000] {dagbag.py:541} INFO - Filling up the DagBag from /home/airflow/.local/lib/python3.7/site-packages/airflow/example_dags/example_branch_day_of_week_operator.py
[2026-09-19T22:37:42.772+0000] {processor.py:809} INFO - DAG(s) dict_keys(['example_weekday_branch_operator']) retrieved from /home/airflow/.local/lib/python3.7/site-packages/airflow/example_dags/example_branch_day_of_week_operator.py
[2026-09-19T22:37:42.826+0000] {logging_mixin.py:149} INFO - [2026-09-19T22:37:42.826+0000] {dag.py:2726} INFO - Sync 1 DAGs
[2026-09-19T22:37:42.883+0000] {logging_mixin.py:149} INFO - [2026-09-19T22:37:42.883+0000] {dag.py:3490} INFO - Setting next_dagrun for example_weekday_branch_operator to 2026-09-18T00:00:00+00:00, run_after=2026-09-19T00:00:00+00:00
[2026-09-19T22:37:42.915+0000] {processor.py:178} INFO - Processing /home/airflow/.local/lib/python3.7/site-packages/airflow/example_dags/example_branch_day_of_week_operator.py took 0.170 seconds
[2026-09-19T22:38:13.641+0000] {processor.py:156} INFO - Started process (PID=10780) to work on /home/airflow/.local/lib/python3.7/site-packages/airflow/example_dags/example_branch_day_of_week_operator.py
[2026-09-19T22:38:13.643+0000] {processor.py:799} INFO - Processing file /home/airflow/.local/lib/python3.7/site-packages/airflow/example_dags/example_branch_day_of_week_operator.py for tasks to queue
[2026-09-19T22:38:13.644+0000] {logging_mixin.py:149} INFO - [2026-09-19T22:38:13.644+0000] {dagbag.py:541} INFO - Filling up the DagBag from /home/airflow/.local/lib/python3.7/site-packages/airflow/example_dags/example_branch_day_of_week_operator.py
[2026-09-19T22:38:13.658+0000] {processor.py:809} INFO - DAG(s) dict_keys(['example_weekday_branch_operator']) retrieved from /home/airflow/.local/lib/python3.7/site-packages/airflow/example_dags/example_branch_day_of_week_operator.py
[2026-09-19T22:38:13.712+0000] {logging_mixin.py:149} INFO - [2026-09-19T22:38:13.711+0000] {dag.py:2726} INFO - Sync 1 DAGs
[2026-09-19T22:38:13.772+0000] {logging_mixin.py:149} INFO - [2026-09-19T22:38:13.772+0000] {dag.py:3490} INFO - Setting next_dagrun for example_weekday_branch_operator to 2026-09-18T00:00:00+00:00, run_after=2026-09-19T00:00:00+00:00
[2026-09-19T22:38:13.804+0000] {processor.py:178} INFO - Processing /home/airflow/.local/lib/python3.7/site-packages/airflow/example_dags/example_branch_day_of_week_operator.py took 0.170 seconds
[2026-09-19T22:38:44.209+0000] {processor.py:156} INFO - Started process (PID=10835) to work on /home/airflow/.local/lib/python3.7/site-packages/airflow/example_dags/example_branch_day_of_week_operator.py
[2026-09-19T22:38:44.211+0000] {processor.py:799} INFO - Processing file /home/airflow/.local/lib/python3.7/site-packages/airflow/example_dags/example_branch_day_of_week_operator.py for tasks to queue
[2026-09-19T22:38:44.212+0000] {logging_mixin.py:149} INFO - [2026-09-19T22:38:44.212+0000] {dagbag.py:541} INFO - Filling up the DagBag from /home/airflow/.local/lib/python3.7/site-packages/airflow/example_dags/example_branch_day_of_week_operator.py
[2026-09-19T22:38:44.224+0000] {processor.py:809} INFO - DAG(s) dict_keys(['example_weekday_branch_operator']) retrieved from /home/airflow/.local/lib/python3.7/site-packages/airflow/example_dags/example_branch_day_of_week_operator.py
[2026-09-19T22:38:44.272+0000] {logging_mixin.py:149} INFO - [2026-09-19T22:38:44.272+0000] {dag.py:2726} INFO - Sync 1 DAGs
[2026-09-19T22:38:44.322+0000] {logging_mixin.py:149} INFO - [2026-09-19T22:38:44.321+0000] {dag.py:3490} INFO - Setting next_dagrun for example_weekday_branch_operator to 2026-09-18T00:00:00+00:00, run_after=2026-09-19T00:00:00+00:00
[2026-09-19T22:38:44.354+0000] {processor.py:178} INFO - Processing /home/airflow/.local/lib/python3.7/site-packages/airflow/example_dags/example_branch_day_of_week_operator.py took 0.151 seconds
[2026-09-19T22:39:14.600+0000] {processor.py:156} INFO - Started process (PID=10885) to work on /home/airflow/.local/lib/python3.7/site-packages/airflow/example_dags/example_branch_day_of_week_operator.py
[2026-09-19T22:39:14.602+0000] {processor.py:799} INFO - Processing file /home/airflow/.local/lib/python3.7/site-packages/airflow/example_dags/example_branch_day_of_week_operator.py for tasks to queue
[2026-09-19T22:39:14.603+0000] {logging_mixin.py:149} INFO - [2026-09-19T22:39:14.603+0000] {dagbag.py:541} INFO - Filling up the DagBag from /home/airflow/.local/lib/python3.7/site-packages/airflow/example_dags/example_branch_day_of_week_operator.py
[2026-09-19T22:39:14.617+0000] {processor.py:809} INFO - DAG(s) dict_keys(['example_weekday_branch_operator']) retrieved from /home/airflow/.local/lib/python3.7/site-packages/airflow/example_dags/example_branch_day_of_week_operator.py
[2026-09-19T22:39:14.664+0000] {logging_mixin.py:149} INFO - [2026-09-19T22:39:14.664+0000] {dag.py:2726} INFO - Sync 1 DAGs
[2026-09-19T22:39:14.709+0000] {logging_mixin.py:149} INFO - [2026-09-19T22:39:14.709+0000] {dag.py:3490} INFO - Setting next_dagrun for example_weekday_branch_operator to 2026-09-18T00:00:00+00:00, run_after=2026-09-19T00:00:00+00:00
[2026-09-19T22:39:14.743+0000] {processor.py:178} INFO - Processing /home/airflow/.local/lib/python3.7/site-packages/airflow/example_dags/example_branch_day_of_week_operator.py took 0.149 seconds
[2026-09-19T22:39:45.131+0000] {processor.py:156} INFO - Started process (PID=10941) to work on /home/airflow/.local/lib/python3.7/site-packages/airflow/example_dags/example_branch_day_of_week_operator.py
[2026-09-19T22:39:45.132+0000] {processor.py:799} INFO - Processing file /home/airflow/.local/lib/python3.7/site-packages/airflow/example_dags/example_branch_day_of_week_operator.py for tasks to queue
[2026-09-19T22:39:45.133+0000] {logging_mixin.py:149} INFO - [2026-09-19T22:39:45.133+0000] {dagbag.py:541} INFO - Filling up the DagBag from /home/airflow/.local/lib/python3.7/site-packages/airflow/example_dags/example_branch_day_of_week_operator.py
[2026-09-19T22:39:45.154+0000] {processor.py:809} INFO - DAG(s) dict_keys(['example_weekday_branch_operator']) retrieved from /home/airflow/.local/lib/python3.7/site-packages/airflow/example_dags/example_branch_day_of_week_operator.py
[2026-09-19T22:39:45.203+0000] {logging_mixin.py:149} INFO - [2026-09-19T22:39:45.203+0000] {dag.py:2726} INFO - Sync 1 DAGs
[2026-09-19T22:39:45.252+0000] {logging_mixin.py:149} INFO - [2026-09-19T22:39:45.252+0000] {dag.py:3490} INFO - Setting next_dagrun for example_weekday_branch_operator to 2026-09-18T00:00:00+00:00, run_after=2026-09-19T00:00:00+00:00
[2026-09-19T22:39:45.293+0000] {processor.py:178} INFO - Processing /home/airflow/.local/lib/python3.7/site-packages/airflow/example_dags/example_branch_day_of_week_operator.py took 0.168 seconds
[2026-09-19T22:40:15.782+0000] {processor.py:156} INFO - Started process (PID=10997) to work on /home/airflow/.local/lib/python3.7/site-packages/airflow/example_dags/example_branch_day_of_week_operator.py
[2026-09-19T22:40:15.787+0000] {processor.py:799} INFO - Processing file /home/airflow/.local/lib/python3.7/site-packages/airflow/example_dags/example_branch_day_of_week_operator.py for tasks to queue
[2026-09-19T22:40:15.788+0000] {logging_mixin.py:149} INFO - [2026-09-19T22:40:15.787+0000] {dagbag.py:541} INFO - Filling up the DagBag from /home/airflow/.local/lib/python3.7/site-packages/airflow/example_dags/example_branch_day_of_week_operator.py
[2026-09-19T22:40:15.802+0000] {processor.py:809} INFO - DAG(s) dict_keys(['example_weekday_branch_operator']) retrieved from /home/airflow/.local/lib/python3.7/site-packages/airflow/example_dags/example_branch_day_of_week_operator.py
[2026-09-19T22:40:15.854+0000] {logging_mixin.py:149} INFO - [2026-09-19T22:40:15.854+0000] {dag.py:2726} INFO - Sync 1 DAGs
[2026-09-19T22:40:15.908+0000] {logging_mixin.py:149} INFO - [2026-09-19T22:40:15.908+0000] {dag.py:3490} INFO - Setting next_dagrun for example_weekday_branch_operator to 2026-09-18T00:00:00+00:00, run_after=2026-09-19T00:00:00+00:00
[2026-09-19T22:40:15.948+0000] {processor.py:178} INFO - Processing /home/airflow/.local/lib/python3.7/site-packages/airflow/example_dags/example_branch_day_of_week_operator.py took 0.172 seconds
[2026-09-19T22:40:46.469+0000] {processor.py:156} INFO - Started process (PID=11053) to work on /home/airflow/.local/lib/python3.7/site-packages/airflow/example_dags/example_branch_day_of_week_operator.py
[2026-09-19T22:40:46.470+0000] {processor.py:799} INFO - Processing file /home/airflow/.local/lib/python3.7/site-packages/airflow/example_dags/example_branch_day_of_week_operator.py for tasks to queue
[2026-09-19T22:40:46.471+0000] {logging_mixin.py:149} INFO - [2026-09-19T22:40:46.471+0000] {dagbag.py:541} INFO - Filling up the DagBag from /home/airflow/.local/lib/python3.7/site-packages/airflow/example_dags/example_branch_day_of_week_operator.py
[2026-09-19T22:40:46.485+0000] {processor.py:809} INFO - DAG(s) dict_keys(['example_weekday_branch_operator']) retrieved from /home/airflow/.local/lib/python3.7/site-packages/airflow/example_dags/example_branch_day_of_week_operator.py
[2026-09-19T22:40:46.540+0000] {logging_mixin.py:149} INFO - [2026-09-19T22:40:46.539+0000] {dag.py:2726} INFO - Sync 1 DAGs
[2026-09-19T22:40:46.586+0000] {logging_mixin.py:149} INFO - [2026-09-19T22:40:46.586+0000] {dag.py:3490} INFO - Setting next_dagrun for example_weekday_branch_operator to 2026-09-18T00:00:00+00:00, run_after=2026-09-19T00:00:00+00:00
[2026-09-19T22:40:46.614+0000] {processor.py:178} INFO - Processing /home/airflow/.local/lib/python3.7/site-packages/airflow/example_dags/example_branch_day_of_week_operator.py took 0.151 seconds
[2026-09-19T22:41:16.924+0000] {processor.py:156} INFO - Started process (PID=11109) to work on /home/airflow/.local/lib/python3.7/site-packages/airflow/example_dags/example_branch_day_of_week_operator.py
[2026-09-19T22:41:16.926+0000] {processor.py:799} INFO - Processing file /home/airflow/.local/lib/python3.7/site-packages/airflow/example_dags/example_branch_day_of_week_operator.py for tasks to queue
[2026-09-19T22:41:16.927+0000] {logging_mixin.py:149} INFO - [2026-09-19T22:41:16.927+0000] {dagbag.py:541} INFO - Filling up the DagBag from /home/airflow/.local/lib/python3.7/site-packages/airflow/example_dags/example_branch_day_of_week_operator.py
[2026-09-19T22:41:16.944+0000] {processor.py:809} INFO - DAG(s) dict_keys(['example_weekday_branch_operator']) retrieved from /home/airflow/.local/lib/python3.7/site-packages/airflow/example_dags/example_branch_day_of_week_operator.py
[2026-09-19T22:41:16.993+0000] {logging_mixin.py:149} INFO - [2026-09-19T22:41:16.993+0000] {dag.py:2726} INFO - Sync 1 DAGs
[2026-09-19T22:41:17.045+0000] {logging_mixin.py:149} INFO - [2026-09-19T22:41:17.045+0000] {dag.py:3490} INFO - Setting next_dagrun for example_weekday_branch_operator to 2026-09-18T00:00:00+00:00, run_after=2026-09-19T00:00:00+00:00
[2026-09-19T22:41:17.077+0000] {processor.py:178} INFO - Processing /home/airflow/.local/lib/python3.7/site-packages/airflow/example_dags/example_branch_day_of_week_operator.py took 0.158 seconds
[2026-09-19T22:41:47.381+0000] {processor.py:156} INFO - Started process (PID=11165) to work on /home/airflow/.local/lib/python3.7/site-packages/airflow/example_dags/example_branch_day_of_week_operator.py
[2026-09-19T22:41:47.382+0000] {processor.py:799} INFO - Processing file /home/airflow/.local/lib/python3.7/site-packages/airflow/example_dags/example_branch_day_of_week_operator.py for tasks to queue
[2026-09-19T22:41:47.383+0000] {logging_mixin.py:149} INFO - [2026-09-19T22:41:47.383+0000] {dagbag.py:541} INFO - Filling up the DagBag from /home/airflow/.local/lib/python3.7/site-packages/airflow/example_dags/example_branch_day_of_week_operator.py
[2026-09-19T22:41:47.398+0000] {processor.py:809} INFO - DAG(s) dict_keys(['example_weekday_branch_operator']) retrieved from /home/airflow/.local/lib/python3.7/site-packages/airflow/example_dags/example_branch_day_of_week_operator.py
[2026-09-19T22:41:47.448+0000] {logging_mixin.py:149} INFO - [2026-09-19T22:41:47.448+0000] {dag.py:2726} INFO - Sync 1 DAGs
[2026-09-19T22:41:47.500+0000] {logging_mixin.py:149} INFO - [2026-09-19T22:41:47.500+0000] {dag.py:3490} INFO - Setting next_dagrun for example_weekday_branch_operator to 2026-09-18T00:00:00+00:00, run_after=2026-09-19T00:00:00+00:00
[2026-09-19T22:41:47.536+0000] {processor.py:178} INFO - Processing /home/airflow/.local/lib/python3.7/site-packages/airflow/example_dags/example_branch_day_of_week_operator.py took 0.160 seconds
[2026-09-19T22:42:17.618+0000] {processor.py:156} INFO - Started process (PID=11221) to work on /home/airflow/.local/lib/python3.7/site-packages/airflow/example_dags/example_branch_day_of_week_operator.py
[2026-09-19T22:42:17.621+0000] {processor.py:799} INFO - Processing file /home/airflow/.local/lib/python3.7/site-packages/airflow/example_dags/example_branch_day_of_week_operator.py for tasks to queue
[2026-09-19T22:42:17.622+0000] {logging_mixin.py:149} INFO - [2026-09-19T22:42:17.622+0000] {dagbag.py:541} INFO - Filling up the DagBag from /home/airflow/.local/lib/python3.7/site-packages/airflow/example_dags/example_branch_day_of_week_operator.py
[2026-09-19T22:42:17.636+0000] {processor.py:809} INFO - DAG(s) dict_keys(['example_weekday_branch_operator']) retrieved from /home/airflow/.local/lib/python3.7/site-packages/airflow/example_dags/example_branch_day_of_week_operator.py
[2026-09-19T22:42:17.685+0000] {logging_mixin.py:149} INFO - [2026-09-19T22:42:17.684+0000] {dag.py:2726} INFO - Sync 1 DAGs
[2026-09-19T22:42:17.734+0000] {logging_mixin.py:149} INFO - [2026-09-19T22:42:17.734+0000] {dag.py:3490} INFO - Setting next_dagrun for example_weekday_branch_operator to 2026-09-18T00:00:00+00:00, run_after=2026-09-19T00:00:00+00:00
[2026-09-19T22:42:17.768+0000] {processor.py:178} INFO - Processing /home/airflow/.local/lib/python3.7/site-packages/airflow/example_dags/example_branch_day_of_week_operator.py took 0.158 seconds
[2026-09-19T22:42:47.991+0000] {processor.py:156} INFO - Started process (PID=11277) to work on /home/airflow/.local/lib/python3.7/site-packages/airflow/example_dags/example_branch_day_of_week_operator.py
[2026-09-19T22:42:47.992+0000] {processor.py:799} INFO - Processing file /home/airflow/.local/lib/python3.7/site-packages/airflow/example_dags/example_branch_day_of_week_operator.py for tasks to queue
[2026-09-19T22:42:47.993+0000] {logging_mixin.py:149} INFO - [2026-09-19T22:42:47.993+0000] {dagbag.py:541} INFO - Filling up the DagBag from /home/airflow/.local/lib/python3.7/site-packages/airflow/example_dags/example_branch_day_of_week_operator.py
[2026-09-19T22:42:48.005+0000] {processor.py:809} INFO - DAG(s) dict_keys(['example_weekday_branch_operator']) retrieved from /home/airflow/.local/lib/python3.7/site-packages/airflow/example_dags/example_branch_day_of_week_operator.py
[2026-09-19T22:42:48.046+0000] {logging_mixin.py:149} INFO - [2026-09-19T22:42:48.045+0000] {dag.py:2726} INFO - Sync 1 DAGs
[2026-09-19T22:42:48.096+0000] {logging_mixin.py:149} INFO - [2026-09-19T22:42:48.096+0000] {dag.py:3490} INFO - Setting next_dagrun for example_weekday_branch_operator to 2026-09-18T00:00:00+00:00, run_after=2026-09-19T00:00:00+00:00
[2026-09-19T22:42:48.128+0000] {processor.py:178} INFO - Processing /home/airflow/.local/lib/python3.7/site-packages/airflow/example_dags/example_branch_day_of_week_operator.py took 0.142 seconds
[2026-09-19T22:43:18.480+0000] {processor.py:156} INFO - Started process (PID=11333) to work on /home/airflow/.local/lib/python3.7/site-packages/airflow/example_dags/example_branch_day_of_week_operator.py
[2026-09-19T22:43:18.482+0000] {processor.py:799} INFO - Processing file /home/airflow/.local/lib/python3.7/site-packages/airflow/example_dags/example_branch_day_of_week_operator.py for tasks to queue
[2026-09-19T22:43:18.483+0000] {logging_mixin.py:149} INFO - [2026-09-19T22:43:18.483+0000] {dagbag.py:541} INFO - Filling up the DagBag from /home/airflow/.local/lib/python3.7/site-packages/airflow/example_dags/example_branch_day_of_week_operator.py
[2026-09-19T22:43:18.499+0000] {processor.py:809} INFO - DAG(s) dict_keys(['example_weekday_branch_operator']) retrieved from /home/airflow/.local/lib/python3.7/site-packages/airflow/example_dags/example_branch_day_of_week_operator.py
[2026-09-19T22:43:18.557+0000] {logging_mixin.py:149} INFO - [2026-09-19T22:43:18.557+0000] {dag.py:2726} INFO - Sync 1 DAGs
[2026-09-19T22:43:18.606+0000] {logging_mixin.py:149} INFO - [2026-09-19T22:43:18.606+0000] {dag.py:3490} INFO - Setting next_dagrun for example_weekday_branch_operator to 2026-09-18T00:00:00+00:00, run_after=2026-09-19T00:00:00+00:00
[2026-09-19T22:43:18.638+0000] {processor.py:178} INFO - Processing /home/airflow/.local/lib/python3.7/site-packages/airflow/example_dags/example_branch_day_of_week_operator.py took 0.165 seconds
[2026-09-19T22:43:48.910+0000] {processor.py:156} INFO - Started process (PID=11389) to work on /home/airflow/.local/lib/python3.7/site-packages/airflow/example_dags/example_branch_day_of_week_operator.py
[2026-09-19T22:43:48.911+0000] {processor.py:799} INFO - Processing file /home/airflow/.local/lib/python3.7/site-packages/airflow/example_dags/example_branch_day_of_week_operator.py for tasks to queue
[2026-09-19T22:43:48.912+0000] {logging_mixin.py:149} INFO - [2026-09-19T22:43:48.912+0000] {dagbag.py:541} INFO - Filling up the DagBag from /home/airflow/.local/lib/python3.7/site-packages/airflow/example_dags/example_branch_day_of_week_operator.py
[2026-09-19T22:43:48.928+0000] {processor.py:809} INFO - DAG(s) dict_keys(['example_weekday_branch_operator']) retrieved from /home/airflow/.local/lib/python3.7/site-packages/airflow/example_dags/example_branch_day_of_week_operator.py
[2026-09-19T22:43:48.974+0000] {logging_mixin.py:149} INFO - [2026-09-19T22:43:48.974+0000] {dag.py:2726} INFO - Sync 1 DAGs
[2026-09-19T22:43:49.025+0000] {logging_mixin.py:149} INFO - [2026-09-19T22:43:49.024+0000] {dag.py:3490} INFO - Setting next_dagrun for example_weekday_branch_operator to 2026-09-18T00:00:00+00:00, run_after=2026-09-19T00:00:00+00:00
[2026-09-19T22:43:49.056+0000] {processor.py:178} INFO - Processing /home/airflow/.local/lib/python3.7/site-packages/airflow/example_dags/example_branch_day_of_week_operator.py took 0.152 seconds
[2026-09-19T22:44:19.373+0000] {processor.py:156} INFO - Started process (PID=11445) to work on /home/airflow/.local/lib/python3.7/site-packages/airflow/example_dags/example_branch_day_of_week_operator.py
[2026-09-19T22:44:19.377+0000] {processor.py:799} INFO - Processing file /home/airflow/.local/lib/python3.7/site-packages/airflow/example_dags/example_branch_day_of_week_operator.py for tasks to queue
[2026-09-19T22:44:19.380+0000] {logging_mixin.py:149} INFO - [2026-09-19T22:44:19.380+0000] {dagbag.py:541} INFO - Filling up the DagBag from /home/airflow/.local/lib/python3.7/site-packages/airflow/example_dags/example_branch_day_of_week_operator.py
[2026-09-19T22:44:19.392+0000] {processor.py:809} INFO - DAG(s) dict_keys(['example_weekday_branch_operator']) retrieved from /home/airflow/.local/lib/python3.7/site-packages/airflow/example_dags/example_branch_day_of_week_operator.py
[2026-09-19T22:44:19.437+0000] {logging_mixin.py:149} INFO - [2026-09-19T22:44:19.437+0000] {dag.py:2726} INFO - Sync 1 DAGs
[2026-09-19T22:44:19.482+0000] {logging_mixin.py:149} INFO - [2026-09-19T22:44:19.482+0000] {dag.py:3490} INFO - Setting next_dagrun for example_weekday_branch_operator to 2026-09-18T00:00:00+00:00, run_after=2026-09-19T00:00:00+00:00
[2026-09-19T22:44:19.514+0000] {processor.py:178} INFO - Processing /home/airflow/.local/lib/python3.7/site-packages/airflow/example_dags/example_branch_day_of_week_operator.py took 0.152 seconds
[2026-09-19T22:44:49.799+0000] {processor.py:156} INFO - Started process (PID=11501) to work on /home/airflow/.local/lib/python3.7/site-packages/airflow/example_dags/example_branch_day_of_week_operator.py
[2026-09-19T22:44:49.802+0000] {processor.py:799} INFO - Processing file /home/airflow/.local/lib/python3.7/site-packages/airflow/example_dags/example_branch_day_of_week_operator.py for tasks to queue
[2026-09-19T22:44:49.803+0000] {logging_mixin.py:149} INFO - [2026-09-19T22:44:49.803+0000] {dagbag.py:541} INFO - Filling up the DagBag from /home/airflow/.local/lib/python3.7/site-packages/airflow/example_dags/example_branch_day_of_week_operator.py
[2026-09-19T22:44:49.819+0000] {processor.py:809} INFO - DAG(s) dict_keys(['example_weekday_branch_operator']) retrieved from /home/airflow/.local/lib/python3.7/site-packages/airflow/example_dags/example_branch_day_of_week_operator.py
[2026-09-19T22:44:49.870+0000] {logging_mixin.py:149} INFO - [2026-09-19T22:44:49.870+0000] {dag.py:2726} INFO - Sync 1 DAGs
[2026-09-19T22:44:49.915+0000] {logging_mixin.py:149} INFO - [2026-09-19T22:44:49.915+0000] {dag.py:3490} INFO - Setting next_dagrun for example_weekday_branch_operator to 2026-09-18T00:00:00+00:00, run_after=2026-09-19T00:00:00+00:00
[2026-09-19T22:44:49.948+0000] {processor.py:178} INFO - Processing /home/airflow/.local/lib/python3.7/site-packages/airflow/example_dags/example_branch_day_of_week_operator.py took 0.155 seconds
[2026-09-19T22:45:20.644+0000] {processor.py:156} INFO - Started process (PID=11557) to work on /home/airflow/.local/lib/python3.7/site-packages/airflow/example_dags/example_branch_day_of_week_operator.py
[2026-09-19T22:45:20.645+0000] {processor.py:799} INFO - Processing file /home/airflow/.local/lib/python3.7/site-packages/airflow/example_dags/example_branch_day_of_week_operator.py for tasks to queue
[2026-09-19T22:45:20.646+0000] {logging_mixin.py:149} INFO - [2026-09-19T22:45:20.646+0000] {dagbag.py:541} INFO - Filling up the DagBag from /home/airflow/.local/lib/python3.7/site-packages/airflow/example_dags/example_branch_day_of_week_operator.py
[2026-09-19T22:45:20.659+0000] {processor.py:809} INFO - DAG(s) dict_keys(['example_weekday_branch_operator']) retrieved from /home/airflow/.local/lib/python3.7/site-packages/airflow/example_dags/example_branch_day_of_week_operator.py
[2026-09-19T22:45:20.702+0000] {logging_mixin.py:149} INFO - [2026-09-19T22:45:20.702+0000] {dag.py:2726} INFO - Sync 1 DAGs
[2026-09-19T22:45:20.754+0000] {logging_mixin.py:149} INFO - [2026-09-19T22:45:20.754+0000] {dag.py:3490} INFO - Setting next_dagrun for example_weekday_branch_operator to 2026-09-18T00:00:00+00:00, run_after=2026-09-19T00:00:00+00:00
[2026-09-19T22:45:20.786+0000] {processor.py:178} INFO - Processing /home/airflow/.local/lib/python3.7/site-packages/airflow/example_dags/example_branch_day_of_week_operator.py took 0.148 seconds
[2026-09-19T22:45:51.382+0000] {processor.py:156} INFO - Started process (PID=11614) to work on /home/airflow/.local/lib/python3.7/site-packages/airflow/example_dags/example_branch_day_of_week_operator.py
[2026-09-19T22:45:51.383+0000] {processor.py:799} INFO - Processing file /home/airflow/.local/lib/python3.7/site-packages/airflow/example_dags/example_branch_day_of_week_operator.py for tasks to queue
[2026-09-19T22:45:51.384+0000] {logging_mixin.py:149} INFO - [2026-09-19T22:45:51.384+0000] {dagbag.py:541} INFO - Filling up the DagBag from /home/airflow/.local/lib/python3.7/site-packages/airflow/example_dags/example_branch_day_of_week_operator.py
[2026-09-19T22:45:51.397+0000] {processor.py:809} INFO - DAG(s) dict_keys(['example_weekday_branch_operator']) retrieved from /home/airflow/.local/lib/python3.7/site-packages/airflow/example_dags/example_branch_day_of_week_operator.py
[2026-09-19T22:45:51.449+0000] {logging_mixin.py:149} INFO - [2026-09-19T22:45:51.449+0000] {dag.py:2726} INFO - Sync 1 DAGs
[2026-09-19T22:45:51.499+0000] {logging_mixin.py:149} INFO - [2026-09-19T22:45:51.499+0000] {dag.py:3490} INFO - Setting next_dagrun for example_weekday_branch_operator to 2026-09-18T00:00:00+00:00, run_after=2026-09-19T00:00:00+00:00
[2026-09-19T22:45:51.533+0000] {processor.py:178} INFO - Processing /home/airflow/.local/lib/python3.7/site-packages/airflow/example_dags/example_branch_day_of_week_operator.py took 0.163 seconds
[2026-09-19T22:46:21.748+0000] {processor.py:156} INFO - Started process (PID=11671) to work on /home/airflow/.local/lib/python3.7/site-packages/airflow/example_dags/example_branch_day_of_week_operator.py
[2026-09-19T22:46:21.750+0000] {processor.py:799} INFO - Processing file /home/airflow/.local/lib/python3.7/site-packages/airflow/example_dags/example_branch_day_of_week_operator.py for tasks to queue
[2026-09-19T22:46:21.751+0000] {logging_mixin.py:149} INFO - [2026-09-19T22:46:21.750+0000] {dagbag.py:541} INFO - Filling up the DagBag from /home/airflow/.local/lib/python3.7/site-packages/airflow/example_dags/example_branch_day_of_week_operator.py
[2026-09-19T22:46:21.766+0000] {processor.py:809} INFO - DAG(s) dict_keys(['example_weekday_branch_operator']) retrieved from /home/airflow/.local/lib/python3.7/site-packages/airflow/example_dags/example_branch_day_of_week_operator.py
[2026-09-19T22:46:21.815+0000] {logging_mixin.py:149} INFO - [2026-09-19T22:46:21.815+0000] {dag.py:2726} INFO - Sync 1 DAGs
[2026-09-19T22:46:21.864+0000] {logging_mixin.py:149} INFO - [2026-09-19T22:46:21.863+0000] {dag.py:3490} INFO - Setting next_dagrun for example_weekday_branch_operator to 2026-09-18T00:00:00+00:00, run_after=2026-09-19T00:00:00+00:00
[2026-09-19T22:46:21.897+0000] {processor.py:178} INFO - Processing /home/airflow/.local/lib/python3.7/site-packages/airflow/example_dags/example_branch_day_of_week_operator.py took 0.156 seconds
[2026-09-19T22:46:52.483+0000] {processor.py:156} INFO - Started process (PID=11728) to work on /home/airflow/.local/lib/python3.7/site-packages/airflow/example_dags/example_branch_day_of_week_operator.py
[2026-09-19T22:46:52.485+0000] {processor.py:799} INFO - Processing file /home/airflow/.local/lib/python3.7/site-packages/airflow/example_dags/example_branch_day_of_week_operator.py for tasks to queue
[2026-09-19T22:46:52.486+0000] {logging_mixin.py:149} INFO - [2026-09-19T22:46:52.486+0000] {dagbag.py:541} INFO - Filling up the DagBag from /home/airflow/.local/lib/python3.7/site-packages/airflow/example_dags/example_branch_day_of_week_operator.py
[2026-09-19T22:46:52.500+0000] {processor.py:809} INFO - DAG(s) dict_keys(['example_weekday_branch_operator']) retrieved from /home/airflow/.local/lib/python3.7/site-packages/airflow/example_dags/example_branch_day_of_week_operator.py
[2026-09-19T22:46:52.548+0000] {logging_mixin.py:149} INFO - [2026-09-19T22:46:52.548+0000] {dag.py:2726} INFO - Sync 1 DAGs
[2026-09-19T22:46:52.600+0000] {logging_mixin.py:149} INFO - [2026-09-19T22:46:52.599+0000] {dag.py:3490} INFO - Setting next_dagrun for example_weekday_branch_operator to 2026-09-18T00:00:00+00:00, run_after=2026-09-19T00:00:00+00:00
[2026-09-19T22:46:52.634+0000] {processor.py:178} INFO - Processing /home/airflow/.local/lib/python3.7/site-packages/airflow/example_dags/example_branch_day_of_week_operator.py took 0.157 seconds
[2026-09-19T22:47:23.011+0000] {processor.py:156} INFO - Started process (PID=11783) to work on /home/airflow/.local/lib/python3.7/site-packages/airflow/example_dags/example_branch_day_of_week_operator.py
[2026-09-19T22:47:23.013+0000] {processor.py:799} INFO - Processing file /home/airflow/.local/lib/python3.7/site-packages/airflow/example_dags/example_branch_day_of_week_operator.py for tasks to queue
[2026-09-19T22:47:23.014+0000] {logging_mixin.py:149} INFO - [2026-09-19T22:47:23.014+0000] {dagbag.py:541} INFO - Filling up the DagBag from /home/airflow/.local/lib/python3.7/site-packages/airflow/example_dags/example_branch_day_of_week_operator.py
[2026-09-19T22:47:23.029+0000] {processor.py:809} INFO - DAG(s) dict_keys(['example_weekday_branch_operator']) retrieved from /home/airflow/.local/lib/python3.7/site-packages/airflow/example_dags/example_branch_day_of_week_operator.py
[2026-09-19T22:47:23.085+0000] {logging_mixin.py:149} INFO - [2026-09-19T22:47:23.085+0000] {dag.py:2726} INFO - Sync 1 DAGs
[2026-09-19T22:47:23.133+0000] {logging_mixin.py:149} INFO - [2026-09-19T22:47:23.132+0000] {dag.py:3490} INFO - Setting next_dagrun for example_weekday_branch_operator to 2026-09-18T00:00:00+00:00, run_after=2026-09-19T00:00:00+00:00
[2026-09-19T22:47:23.164+0000] {processor.py:178} INFO - Processing /home/airflow/.local/lib/python3.7/site-packages/airflow/example_dags/example_branch_day_of_week_operator.py took 0.160 seconds
[2026-09-19T22:47:53.575+0000] {processor.py:156} INFO - Started process (PID=11839) to work on /home/airflow/.local/lib/python3.7/site-packages/airflow/example_dags/example_branch_day_of_week_operator.py
[2026-09-19T22:47:53.577+0000] {processor.py:799} INFO - Processing file /home/airflow/.local/lib/python3.7/site-packages/airflow/example_dags/example_branch_day_of_week_operator.py for tasks to queue
[2026-09-19T22:47:53.578+0000] {logging_mixin.py:149} INFO - [2026-09-19T22:47:53.578+0000] {dagbag.py:541} INFO - Filling up the DagBag from /home/airflow/.local/lib/python3.7/site-packages/airflow/example_dags/example_branch_day_of_week_operator.py
[2026-09-19T22:47:53.592+0000] {processor.py:809} INFO - DAG(s) dict_keys(['example_weekday_branch_operator']) retrieved from /home/airflow/.local/lib/python3.7/site-packages/airflow/example_dags/example_branch_day_of_week_operator.py
[2026-09-19T22:47:53.638+0000] {logging_mixin.py:149} INFO - [2026-09-19T22:47:53.638+0000] {dag.py:2726} INFO - Sync 1 DAGs
[2026-09-19T22:47:53.688+0000] {logging_mixin.py:149} INFO - [2026-09-19T22:47:53.687+0000] {dag.py:3490} INFO - Setting next_dagrun for example_weekday_branch_operator to 2026-09-18T00:00:00+00:00, run_after=2026-09-19T00:00:00+00:00
[2026-09-19T22:47:53.725+0000] {processor.py:178} INFO - Processing /home/airflow/.local/lib/python3.7/site-packages/airflow/example_dags/example_branch_day_of_week_operator.py took 0.155 seconds
[2026-09-19T22:48:23.983+0000] {processor.py:156} INFO - Started process (PID=11894) to work on /home/airflow/.local/lib/python3.7/site-packages/airflow/example_dags/example_branch_day_of_week_operator.py
[2026-09-19T22:48:23.985+0000] {processor.py:799} INFO - Processing file /home/airflow/.local/lib/python3.7/site-packages/airflow/example_dags/example_branch_day_of_week_operator.py for tasks to queue
[2026-09-19T22:48:23.986+0000] {logging_mixin.py:149} INFO - [2026-09-19T22:48:23.986+0000] {dagbag.py:541} INFO - Filling up the DagBag from /home/airflow/.local/lib/python3.7/site-packages/airflow/example_dags/example_branch_day_of_week_operator.py
[2026-09-19T22:48:23.999+0000] {processor.py:809} INFO - DAG(s) dict_keys(['example_weekday_branch_operator']) retrieved from /home/airflow/.local/lib/python3.7/site-packages/airflow/example_dags/example_branch_day_of_week_operator.py
[2026-09-19T22:48:24.045+0000] {logging_mixin.py:149} INFO - [2026-09-19T22:48:24.044+0000] {dag.py:2726} INFO - Sync 1 DAGs
[2026-09-19T22:48:24.093+0000] {logging_mixin.py:149} INFO - [2026-09-19T22:48:24.093+0000] {dag.py:3490} INFO - Setting next_dagrun for example_weekday_branch_operator to 2026-09-18T00:00:00+00:00, run_after=2026-09-19T00:00:00+00:00
[2026-09-19T22:48:24.128+0000] {processor.py:178} INFO - Processing /home/airflow/.local/lib/python3.7/site-packages/airflow/example_dags/example_branch_day_of_week_operator.py took 0.151 seconds
[2026-09-19T22:48:54.900+0000] {processor.py:156} INFO - Started process (PID=11951) to work on /home/airflow/.local/lib/python3.7/site-packages/airflow/example_dags/example_branch_day_of_week_operator.py
[2026-09-19T22:48:54.903+0000] {processor.py:799} INFO - Processing file /home/airflow/.local/lib/python3.7/site-packages/airflow/example_dags/example_branch_day_of_week_operator.py for tasks to queue
[2026-09-19T22:48:54.904+0000] {logging_mixin.py:149} INFO - [2026-09-19T22:48:54.903+0000] {dagbag.py:541} INFO - Filling up the DagBag from /home/airflow/.local/lib/python3.7/site-packages/airflow/example_dags/example_branch_day_of_week_operator.py
[2026-09-19T22:48:54.922+0000] {processor.py:809} INFO - DAG(s) dict_keys(['example_weekday_branch_operator']) retrieved from /home/airflow/.local/lib/python3.7/site-packages/airflow/example_dags/example_branch_day_of_week_operator.py
[2026-09-19T22:48:54.971+0000] {logging_mixin.py:149} INFO - [2026-09-19T22:48:54.971+0000] {dag.py:2726} INFO - Sync 1 DAGs
[2026-09-19T22:48:55.026+0000] {logging_mixin.py:149} INFO - [2026-09-19T22:48:55.026+0000] {dag.py:3490} INFO - Setting next_dagrun for example_weekday_branch_operator to 2026-09-18T00:00:00+00:00, run_after=2026-09-19T00:00:00+00:00
[2026-09-19T22:48:55.061+0000] {processor.py:178} INFO - Processing /home/airflow/.local/lib/python3.7/site-packages/airflow/example_dags/example_branch_day_of_week_operator.py took 0.168 seconds
[2026-09-19T22:49:25.563+0000] {processor.py:156} INFO - Started process (PID=12006) to work on /home/airflow/.local/lib/python3.7/site-packages/airflow/example_dags/example_branch_day_of_week_operator.py
[2026-09-19T22:49:25.564+0000] {processor.py:799} INFO - Processing file /home/airflow/.local/lib/python3.7/site-packages/airflow/example_dags/example_branch_day_of_week_operator.py for tasks to queue
[2026-09-19T22:49:25.565+0000] {logging_mixin.py:149} INFO - [2026-09-19T22:49:25.565+0000] {dagbag.py:541} INFO - Filling up the DagBag from /home/airflow/.local/lib/python3.7/site-packages/airflow/example_dags/example_branch_day_of_week_operator.py
[2026-09-19T22:49:25.577+0000] {processor.py:809} INFO - DAG(s) dict_keys(['example_weekday_branch_operator']) retrieved from /home/airflow/.local/lib/python3.7/site-packages/airflow/example_dags/example_branch_day_of_week_operator.py
[2026-09-19T22:49:25.621+0000] {logging_mixin.py:149} INFO - [2026-09-19T22:49:25.621+0000] {dag.py:2726} INFO - Sync 1 DAGs
[2026-09-19T22:49:25.666+0000] {logging_mixin.py:149} INFO - [2026-09-19T22:49:25.666+0000] {dag.py:3490} INFO - Setting next_dagrun for example_weekday_branch_operator to 2026-09-18T00:00:00+00:00, run_after=2026-09-19T00:00:00+00:00
[2026-09-19T22:49:25.695+0000] {processor.py:178} INFO - Processing /home/airflow/.local/lib/python3.7/site-packages/airflow/example_dags/example_branch_day_of_week_operator.py took 0.139 seconds
[2026-09-19T22:49:56.001+0000] {processor.py:156} INFO - Started process (PID=12062) to work on /home/airflow/.local/lib/python3.7/site-packages/airflow/example_dags/example_branch_day_of_week_operator.py
[2026-09-19T22:49:56.005+0000] {processor.py:799} INFO - Processing file /home/airflow/.local/lib/python3.7/site-packages/airflow/example_dags/example_branch_day_of_week_operator.py for tasks to queue
[2026-09-19T22:49:56.006+0000] {logging_mixin.py:149} INFO - [2026-09-19T22:49:56.006+0000] {dagbag.py:541} INFO - Filling up the DagBag from /home/airflow/.local/lib/python3.7/site-packages/airflow/example_dags/example_branch_day_of_week_operator.py
[2026-09-19T22:49:56.019+0000] {processor.py:809} INFO - DAG(s) dict_keys(['example_weekday_branch_operator']) retrieved from /home/airflow/.local/lib/python3.7/site-packages/airflow/example_dags/example_branch_day_of_week_operator.py
[2026-09-19T22:49:56.067+0000] {logging_mixin.py:149} INFO - [2026-09-19T22:49:56.067+0000] {dag.py:2726} INFO - Sync 1 DAGs
[2026-09-19T22:49:56.113+0000] {logging_mixin.py:149} INFO - [2026-09-19T22:49:56.113+0000] {dag.py:3490} INFO - Setting next_dagrun for example_weekday_branch_operator to 2026-09-18T00:00:00+00:00, run_after=2026-09-19T00:00:00+00:00
[2026-09-19T22:49:56.145+0000] {processor.py:178} INFO - Processing /home/airflow/.local/lib/python3.7/site-packages/airflow/example_dags/example_branch_day_of_week_operator.py took 0.150 seconds
[2026-09-19T22:50:26.512+0000] {processor.py:156} INFO - Started process (PID=12117) to work on /home/airflow/.local/lib/python3.7/site-packages/airflow/example_dags/example_branch_day_of_week_operator.py
[2026-09-19T22:50:26.513+0000] {processor.py:799} INFO - Processing file /home/airflow/.local/lib/python3.7/site-packages/airflow/example_dags/example_branch_day_of_week_operator.py for tasks to queue
[2026-09-19T22:50:26.514+0000] {logging_mixin.py:149} INFO - [2026-09-19T22:50:26.514+0000] {dagbag.py:541} INFO - Filling up the DagBag from /home/airflow/.local/lib/python3.7/site-packages/airflow/example_dags/example_branch_day_of_week_operator.py
[2026-09-19T22:50:26.530+0000] {processor.py:809} INFO - DAG(s) dict_keys(['example_weekday_branch_operator']) retrieved from /home/airflow/.local/lib/python3.7/site-packages/airflow/example_dags/example_branch_day_of_week_operator.py
[2026-09-19T22:50:26.582+0000] {logging_mixin.py:149} INFO - [2026-09-19T22:50:26.582+0000] {dag.py:2726} INFO - Sync 1 DAGs
[2026-09-19T22:50:26.636+0000] {logging_mixin.py:149} INFO - [2026-09-19T22:50:26.635+0000] {dag.py:3490} INFO - Setting next_dagrun for example_weekday_branch_operator to 2026-09-18T00:00:00+00:00, run_after=2026-09-19T00:00:00+00:00
[2026-09-19T22:50:26.667+0000] {processor.py:178} INFO - Processing /home/airflow/.local/lib/python3.7/site-packages/airflow/example_dags/example_branch_day_of_week_operator.py took 0.162 seconds
[2026-09-19T22:50:57.040+0000] {processor.py:156} INFO - Started process (PID=12173) to work on /home/airflow/.local/lib/python3.7/site-packages/airflow/example_dags/example_branch_day_of_week_operator.py
[2026-09-19T22:50:57.042+0000] {processor.py:799} INFO - Processing file /home/airflow/.local/lib/python3.7/site-packages/airflow/example_dags/example_branch_day_of_week_operator.py for tasks to queue
[2026-09-19T22:50:57.043+0000] {logging_mixin.py:149} INFO - [2026-09-19T22:50:57.043+0000] {dagbag.py:541} INFO - Filling up the DagBag from /home/airflow/.local/lib/python3.7/site-packages/airflow/example_dags/example_branch_day_of_week_operator.py
[2026-09-19T22:50:57.056+0000] {processor.py:809} INFO - DAG(s) dict_keys(['example_weekday_branch_operator']) retrieved from /home/airflow/.local/lib/python3.7/site-packages/airflow/example_dags/example_branch_day_of_week_operator.py
[2026-09-19T22:50:57.102+0000] {logging_mixin.py:149} INFO - [2026-09-19T22:50:57.102+0000] {dag.py:2726} INFO - Sync 1 DAGs
[2026-09-19T22:50:57.151+0000] {logging_mixin.py:149} INFO - [2026-09-19T22:50:57.151+0000] {dag.py:3490} INFO - Setting next_dagrun for example_weekday_branch_operator to 2026-09-18T00:00:00+00:00, run_after=2026-09-19T00:00:00+00:00
[2026-09-19T22:50:57.186+0000] {processor.py:178} INFO - Processing /home/airflow/.local/lib/python3.7/site-packages/airflow/example_dags/example_branch_day_of_week_operator.py took 0.152 seconds
[2026-09-19T22:51:27.507+0000] {processor.py:156} INFO - Started process (PID=12229) to work on /home/airflow/.local/lib/python3.7/site-packages/airflow/example_dags/example_branch_day_of_week_operator.py
[2026-09-19T22:51:27.508+0000] {processor.py:799} INFO - Processing file /home/airflow/.local/lib/python3.7/site-packages/airflow/example_dags/example_branch_day_of_week_operator.py for tasks to queue
[2026-09-19T22:51:27.509+0000] {logging_mixin.py:149} INFO - [2026-09-19T22:51:27.509+0000] {dagbag.py:541} INFO - Filling up the DagBag from /home/airflow/.local/lib/python3.7/site-packages/airflow/example_dags/example_branch_day_of_week_operator.py
[2026-09-19T22:51:27.523+0000] {processor.py:809} INFO - DAG(s) dict_keys(['example_weekday_branch_operator']) retrieved from /home/airflow/.local/lib/python3.7/site-packages/airflow/example_dags/example_branch_day_of_week_operator.py
[2026-09-19T22:51:27.568+0000] {logging_mixin.py:149} INFO - [2026-09-19T22:51:27.568+0000] {dag.py:2726} INFO - Sync 1 DAGs
[2026-09-19T22:51:27.613+0000] {logging_mixin.py:149} INFO - [2026-09-19T22:51:27.613+0000] {dag.py:3490} INFO - Setting next_dagrun for example_weekday_branch_operator to 2026-09-18T00:00:00+00:00, run_after=2026-09-19T00:00:00+00:00
[2026-09-19T22:51:27.642+0000] {processor.py:178} INFO - Processing /home/airflow/.local/lib/python3.7/site-packages/airflow/example_dags/example_branch_day_of_week_operator.py took 0.143 seconds
[2026-09-19T22:51:58.071+0000] {processor.py:156} INFO - Started process (PID=12285) to work on /home/airflow/.local/lib/python3.7/site-packages/airflow/example_dags/example_branch_day_of_week_operator.py
[2026-09-19T22:51:58.073+0000] {processor.py:799} INFO - Processing file /home/airflow/.local/lib/python3.7/site-packages/airflow/example_dags/example_branch_day_of_week_operator.py for tasks to queue
[2026-09-19T22:51:58.074+0000] {logging_mixin.py:149} INFO - [2026-09-19T22:51:58.074+0000] {dagbag.py:541} INFO - Filling up the DagBag from /home/airflow/.local/lib/python3.7/site-packages/airflow/example_dags/example_branch_day_of_week_operator.py
[2026-09-19T22:51:58.088+0000] {processor.py:809} INFO - DAG(s) dict_keys(['example_weekday_branch_operator']) retrieved from /home/airflow/.local/lib/python3.7/site-packages/airflow/example_dags/example_branch_day_of_week_operator.py
[2026-09-19T22:51:58.135+0000] {logging_mixin.py:149} INFO - [2026-09-19T22:51:58.134+0000] {dag.py:2726} INFO - Sync 1 DAGs
[2026-09-19T22:51:58.186+0000] {logging_mixin.py:149} INFO - [2026-09-19T22:51:58.185+0000] {dag.py:3490} INFO - Setting next_dagrun for example_weekday_branch_operator to 2026-09-18T00:00:00+00:00, run_after=2026-09-19T00:00:00+00:00
[2026-09-19T22:51:58.220+0000] {processor.py:178} INFO - Processing /home/airflow/.local/lib/python3.7/site-packages/airflow/example_dags/example_branch_day_of_week_operator.py took 0.155 seconds
[2026-09-19T22:52:28.744+0000] {processor.py:156} INFO - Started process (PID=12341) to work on /home/airflow/.local/lib/python3.7/site-packages/airflow/example_dags/example_branch_day_of_week_operator.py
[2026-09-19T22:52:28.745+0000] {processor.py:799} INFO - Processing file /home/airflow/.local/lib/python3.7/site-packages/airflow/example_dags/example_branch_day_of_week_operator.py for tasks to queue
[2026-09-19T22:52:28.746+0000] {logging_mixin.py:149} INFO - [2026-09-19T22:52:28.746+0000] {dagbag.py:541} INFO - Filling up the DagBag from /home/airflow/.local/lib/python3.7/site-packages/airflow/example_dags/example_branch_day_of_week_operator.py
[2026-09-19T22:52:28.759+0000] {processor.py:809} INFO - DAG(s) dict_keys(['example_weekday_branch_operator']) retrieved from /home/airflow/.local/lib/python3.7/site-packages/airflow/example_dags/example_branch_day_of_week_operator.py
[2026-09-19T22:52:28.799+0000] {logging_mixin.py:149} INFO - [2026-09-19T22:52:28.799+0000] {dag.py:2726} INFO - Sync 1 DAGs
[2026-09-19T22:52:28.842+0000] {logging_mixin.py:149} INFO - [2026-09-19T22:52:28.842+0000] {dag.py:3490} INFO - Setting next_dagrun for example_weekday_branch_operator to 2026-09-18T00:00:00+00:00, run_after=2026-09-19T00:00:00+00:00
[2026-09-19T22:52:28.869+0000] {processor.py:178} INFO - Processing /home/airflow/.local/lib/python3.7/site-packages/airflow/example_dags/example_branch_day_of_week_operator.py took 0.131 seconds
[2026-09-19T22:52:59.369+0000] {processor.py:156} INFO - Started process (PID=12397) to work on /home/airflow/.local/lib/python3.7/site-packages/airflow/example_dags/example_branch_day_of_week_operator.py
[2026-09-19T22:52:59.371+0000] {processor.py:799} INFO - Processing file /home/airflow/.local/lib/python3.7/site-packages/airflow/example_dags/example_branch_day_of_week_operator.py for tasks to queue
[2026-09-19T22:52:59.372+0000] {logging_mixin.py:149} INFO - [2026-09-19T22:52:59.372+0000] {dagbag.py:541} INFO - Filling up the DagBag from /home/airflow/.local/lib/python3.7/site-packages/airflow/example_dags/example_branch_day_of_week_operator.py
[2026-09-19T22:52:59.386+0000] {processor.py:809} INFO - DAG(s) dict_keys(['example_weekday_branch_operator']) retrieved from /home/airflow/.local/lib/python3.7/site-packages/airflow/example_dags/example_branch_day_of_week_operator.py
[2026-09-19T22:52:59.439+0000] {logging_mixin.py:149} INFO - [2026-09-19T22:52:59.438+0000] {dag.py:2726} INFO - Sync 1 DAGs
[2026-09-19T22:52:59.492+0000] {logging_mixin.py:149} INFO - [2026-09-19T22:52:59.491+0000] {dag.py:3490} INFO - Setting next_dagrun for example_weekday_branch_operator to 2026-09-18T00:00:00+00:00, run_after=2026-09-19T00:00:00+00:00
[2026-09-19T22:52:59.525+0000] {processor.py:178} INFO - Processing /home/airflow/.local/lib/python3.7/site-packages/airflow/example_dags/example_branch_day_of_week_operator.py took 0.164 seconds
[2026-09-19T22:53:29.878+0000] {processor.py:156} INFO - Started process (PID=12453) to work on /home/airflow/.local/lib/python3.7/site-packages/airflow/example_dags/example_branch_day_of_week_operator.py
[2026-09-19T22:53:29.880+0000] {processor.py:799} INFO - Processing file /home/airflow/.local/lib/python3.7/site-packages/airflow/example_dags/example_branch_day_of_week_operator.py for tasks to queue
[2026-09-19T22:53:29.881+0000] {logging_mixin.py:149} INFO - [2026-09-19T22:53:29.880+0000] {dagbag.py:541} INFO - Filling up the DagBag from /home/airflow/.local/lib/python3.7/site-packages/airflow/example_dags/example_branch_day_of_week_operator.py
[2026-09-19T22:53:29.895+0000] {processor.py:809} INFO - DAG(s) dict_keys(['example_weekday_branch_operator']) retrieved from /home/airflow/.local/lib/python3.7/site-packages/airflow/example_dags/example_branch_day_of_week_operator.py
[2026-09-19T22:53:29.943+0000] {logging_mixin.py:149} INFO - [2026-09-19T22:53:29.943+0000] {dag.py:2726} INFO - Sync 1 DAGs
[2026-09-19T22:53:29.992+0000] {logging_mixin.py:149} INFO - [2026-09-19T22:53:29.992+0000] {dag.py:3490} INFO - Setting next_dagrun for example_weekday_branch_operator to 2026-09-18T00:00:00+00:00, run_after=2026-09-19T00:00:00+00:00
[2026-09-19T22:53:30.028+0000] {processor.py:178} INFO - Processing /home/airflow/.local/lib/python3.7/site-packages/airflow/example_dags/example_branch_day_of_week_operator.py took 0.156 seconds
[2026-09-19T22:54:00.592+0000] {processor.py:156} INFO - Started process (PID=12509) to work on /home/airflow/.local/lib/python3.7/site-packages/airflow/example_dags/example_branch_day_of_week_operator.py
[2026-09-19T22:54:00.595+0000] {processor.py:799} INFO - Processing file /home/airflow/.local/lib/python3.7/site-packages/airflow/example_dags/example_branch_day_of_week_operator.py for tasks to queue
[2026-09-19T22:54:00.596+0000] {logging_mixin.py:149} INFO - [2026-09-19T22:54:00.596+0000] {dagbag.py:541} INFO - Filling up the DagBag from /home/airflow/.local/lib/python3.7/site-packages/airflow/example_dags/example_branch_day_of_week_operator.py
[2026-09-19T22:54:00.611+0000] {processor.py:809} INFO - DAG(s) dict_keys(['example_weekday_branch_operator']) retrieved from /home/airflow/.local/lib/python3.7/site-packages/airflow/example_dags/example_branch_day_of_week_operator.py
[2026-09-19T22:54:00.656+0000] {logging_mixin.py:149} INFO - [2026-09-19T22:54:00.656+0000] {dag.py:2726} INFO - Sync 1 DAGs
[2026-09-19T22:54:00.705+0000] {logging_mixin.py:149} INFO - [2026-09-19T22:54:00.704+0000] {dag.py:3490} INFO - Setting next_dagrun for example_weekday_branch_operator to 2026-09-18T00:00:00+00:00, run_after=2026-09-19T00:00:00+00:00
[2026-09-19T22:54:00.742+0000] {processor.py:178} INFO - Processing /home/airflow/.local/lib/python3.7/site-packages/airflow/example_dags/example_branch_day_of_week_operator.py took 0.158 seconds
[2026-09-19T22:54:31.556+0000] {processor.py:156} INFO - Started process (PID=12565) to work on /home/airflow/.local/lib/python3.7/site-packages/airflow/example_dags/example_branch_day_of_week_operator.py
[2026-09-19T22:54:31.557+0000] {processor.py:799} INFO - Processing file /home/airflow/.local/lib/python3.7/site-packages/airflow/example_dags/example_branch_day_of_week_operator.py for tasks to queue
[2026-09-19T22:54:31.559+0000] {logging_mixin.py:149} INFO - [2026-09-19T22:54:31.558+0000] {dagbag.py:541} INFO - Filling up the DagBag from /home/airflow/.local/lib/python3.7/site-packages/airflow/example_dags/example_branch_day_of_week_operator.py
[2026-09-19T22:54:31.572+0000] {processor.py:809} INFO - DAG(s) dict_keys(['example_weekday_branch_operator']) retrieved from /home/airflow/.local/lib/python3.7/site-packages/airflow/example_dags/example_branch_day_of_week_operator.py
[2026-09-19T22:54:31.623+0000] {logging_mixin.py:149} INFO - [2026-09-19T22:54:31.622+0000] {dag.py:2726} INFO - Sync 1 DAGs
[2026-09-19T22:54:31.671+0000] {logging_mixin.py:149} INFO - [2026-09-19T22:54:31.670+0000] {dag.py:3490} INFO - Setting next_dagrun for example_weekday_branch_operator to 2026-09-18T00:00:00+00:00, run_after=2026-09-19T00:00:00+00:00
[2026-09-19T22:54:31.706+0000] {processor.py:178} INFO - Processing /home/airflow/.local/lib/python3.7/site-packages/airflow/example_dags/example_branch_day_of_week_operator.py took 0.158 seconds
[2026-09-19T22:55:02.526+0000] {processor.py:156} INFO - Started process (PID=12621) to work on /home/airflow/.local/lib/python3.7/site-packages/airflow/example_dags/example_branch_day_of_week_operator.py
[2026-09-19T22:55:02.528+0000] {processor.py:799} INFO - Processing file /home/airflow/.local/lib/python3.7/site-packages/airflow/example_dags/example_branch_day_of_week_operator.py for tasks to queue
[2026-09-19T22:55:02.530+0000] {logging_mixin.py:149} INFO - [2026-09-19T22:55:02.529+0000] {dagbag.py:541} INFO - Filling up the DagBag from /home/airflow/.local/lib/python3.7/site-packages/airflow/example_dags/example_branch_day_of_week_operator.py
[2026-09-19T22:55:02.544+0000] {processor.py:809} INFO - DAG(s) dict_keys(['example_weekday_branch_operator']) retrieved from /home/airflow/.local/lib/python3.7/site-packages/airflow/example_dags/example_branch_day_of_week_operator.py
[2026-09-19T22:55:02.589+0000] {logging_mixin.py:149} INFO - [2026-09-19T22:55:02.589+0000] {dag.py:2726} INFO - Sync 1 DAGs
[2026-09-19T22:55:02.631+0000] {logging_mixin.py:149} INFO - [2026-09-19T22:55:02.631+0000] {dag.py:3490} INFO - Setting next_dagrun for example_weekday_branch_operator to 2026-09-18T00:00:00+00:00, run_after=2026-09-19T00:00:00+00:00
[2026-09-19T22:55:02.659+0000] {processor.py:178} INFO - Processing /home/airflow/.local/lib/python3.7/site-packages/airflow/example_dags/example_branch_day_of_week_operator.py took 0.140 seconds
[2026-09-19T22:55:33.519+0000] {processor.py:156} INFO - Started process (PID=12677) to work on /home/airflow/.local/lib/python3.7/site-packages/airflow/example_dags/example_branch_day_of_week_operator.py
[2026-09-19T22:55:33.520+0000] {processor.py:799} INFO - Processing file /home/airflow/.local/lib/python3.7/site-packages/airflow/example_dags/example_branch_day_of_week_operator.py for tasks to queue
[2026-09-19T22:55:33.521+0000] {logging_mixin.py:149} INFO - [2026-09-19T22:55:33.521+0000] {dagbag.py:541} INFO - Filling up the DagBag from /home/airflow/.local/lib/python3.7/site-packages/airflow/example_dags/example_branch_day_of_week_operator.py
[2026-09-19T22:55:33.534+0000] {processor.py:809} INFO - DAG(s) dict_keys(['example_weekday_branch_operator']) retrieved from /home/airflow/.local/lib/python3.7/site-packages/airflow/example_dags/example_branch_day_of_week_operator.py
[2026-09-19T22:55:33.594+0000] {logging_mixin.py:149} INFO - [2026-09-19T22:55:33.594+0000] {dag.py:2726} INFO - Sync 1 DAGs
[2026-09-19T22:55:33.643+0000] {logging_mixin.py:149} INFO - [2026-09-19T22:55:33.643+0000] {dag.py:3490} INFO - Setting next_dagrun for example_weekday_branch_operator to 2026-09-18T00:00:00+00:00, run_after=2026-09-19T00:00:00+00:00
[2026-09-19T22:55:33.679+0000] {processor.py:178} INFO - Processing /home/airflow/.local/lib/python3.7/site-packages/airflow/example_dags/example_branch_day_of_week_operator.py took 0.166 seconds
[2026-09-19T22:56:04.421+0000] {processor.py:156} INFO - Started process (PID=12733) to work on /home/airflow/.local/lib/python3.7/site-packages/airflow/example_dags/example_branch_day_of_week_operator.py
[2026-09-19T22:56:04.424+0000] {processor.py:799} INFO - Processing file /home/airflow/.local/lib/python3.7/site-packages/airflow/example_dags/example_branch_day_of_week_operator.py for tasks to queue
[2026-09-19T22:56:04.425+0000] {logging_mixin.py:149} INFO - [2026-09-19T22:56:04.425+0000] {dagbag.py:541} INFO - Filling up the DagBag from /home/airflow/.local/lib/python3.7/site-packages/airflow/example_dags/example_branch_day_of_week_operator.py
[2026-09-19T22:56:04.438+0000] {processor.py:809} INFO - DAG(s) dict_keys(['example_weekday_branch_operator']) retrieved from /home/airflow/.local/lib/python3.7/site-packages/airflow/example_dags/example_branch_day_of_week_operator.py
[2026-09-19T22:56:04.481+0000] {logging_mixin.py:149} INFO - [2026-09-19T22:56:04.481+0000] {dag.py:2726} INFO - Sync 1 DAGs
[2026-09-19T22:56:04.529+0000] {logging_mixin.py:149} INFO - [2026-09-19T22:56:04.529+0000] {dag.py:3490} INFO - Setting next_dagrun for example_weekday_branch_operator to 2026-09-18T00:00:00+00:00, run_after=2026-09-19T00:00:00+00:00
[2026-09-19T22:56:04.565+0000] {processor.py:178} INFO - Processing /home/airflow/.local/lib/python3.7/site-packages/airflow/example_dags/example_branch_day_of_week_operator.py took 0.150 seconds
[2026-09-19T22:56:35.200+0000] {processor.py:156} INFO - Started process (PID=12789) to work on /home/airflow/.local/lib/python3.7/site-packages/airflow/example_dags/example_branch_day_of_week_operator.py
[2026-09-19T22:56:35.202+0000] {processor.py:799} INFO - Processing file /home/airflow/.local/lib/python3.7/site-packages/airflow/example_dags/example_branch_day_of_week_operator.py for tasks to queue
[2026-09-19T22:56:35.203+0000] {logging_mixin.py:149} INFO - [2026-09-19T22:56:35.203+0000] {dagbag.py:541} INFO - Filling up the DagBag from /home/airflow/.local/lib/python3.7/site-packages/airflow/example_dags/example_branch_day_of_week_operator.py
[2026-09-19T22:56:35.218+0000] {processor.py:809} INFO - DAG(s) dict_keys(['example_weekday_branch_operator']) retrieved from /home/airflow/.local/lib/python3.7/site-packages/airflow/example_dags/example_branch_day_of_week_operator.py
[2026-09-19T22:56:35.269+0000] {logging_mixin.py:149} INFO - [2026-09-19T22:56:35.269+0000] {dag.py:2726} INFO - Sync 1 DAGs
[2026-09-19T22:56:35.313+0000] {logging_mixin.py:149} INFO - [2026-09-19T22:56:35.313+0000] {dag.py:3490} INFO - Setting next_dagrun for example_weekday_branch_operator to 2026-09-18T00:00:00+00:00, run_after=2026-09-19T00:00:00+00:00
[2026-09-19T22:56:35.345+0000] {processor.py:178} INFO - Processing /home/airflow/.local/lib/python3.7/site-packages/airflow/example_dags/example_branch_day_of_week_operator.py took 0.152 seconds
[2026-09-19T22:57:05.896+0000] {processor.py:156} INFO - Started process (PID=12845) to work on /home/airflow/.local/lib/python3.7/site-packages/airflow/example_dags/example_branch_day_of_week_operator.py
[2026-09-19T22:57:05.904+0000] {processor.py:799} INFO - Processing file /home/airflow/.local/lib/python3.7/site-packages/airflow/example_dags/example_branch_day_of_week_operator.py for tasks to queue
[2026-09-19T22:57:05.905+0000] {logging_mixin.py:149} INFO - [2026-09-19T22:57:05.905+0000] {dagbag.py:541} INFO - Filling up the DagBag from /home/airflow/.local/lib/python3.7/site-packages/airflow/example_dags/example_branch_day_of_week_operator.py
[2026-09-19T22:57:05.920+0000] {processor.py:809} INFO - DAG(s) dict_keys(['example_weekday_branch_operator']) retrieved from /home/airflow/.local/lib/python3.7/site-packages/airflow/example_dags/example_branch_day_of_week_operator.py
[2026-09-19T22:57:05.973+0000] {logging_mixin.py:149} INFO - [2026-09-19T22:57:05.972+0000] {dag.py:2726} INFO - Sync 1 DAGs
[2026-09-19T22:57:06.027+0000] {logging_mixin.py:149} INFO - [2026-09-19T22:57:06.027+0000] {dag.py:3490} INFO - Setting next_dagrun for example_weekday_branch_operator to 2026-09-18T00:00:00+00:00, run_after=2026-09-19T00:00:00+00:00
[2026-09-19T22:57:06.074+0000] {processor.py:178} INFO - Processing /home/airflow/.local/lib/python3.7/site-packages/airflow/example_dags/example_branch_day_of_week_operator.py took 0.184 seconds
[2026-09-19T22:57:36.297+0000] {processor.py:156} INFO - Started process (PID=12900) to work on /home/airflow/.local/lib/python3.7/site-packages/airflow/example_dags/example_branch_day_of_week_operator.py
[2026-09-19T22:57:36.299+0000] {processor.py:799} INFO - Processing file /home/airflow/.local/lib/python3.7/site-packages/airflow/example_dags/example_branch_day_of_week_operator.py for tasks to queue
[2026-09-19T22:57:36.300+0000] {logging_mixin.py:149} INFO - [2026-09-19T22:57:36.299+0000] {dagbag.py:541} INFO - Filling up the DagBag from /home/airflow/.local/lib/python3.7/site-packages/airflow/example_dags/example_branch_day_of_week_operator.py
[2026-09-19T22:57:36.314+0000] {processor.py:809} INFO - DAG(s) dict_keys(['example_weekday_branch_operator']) retrieved from /home/airflow/.local/lib/python3.7/site-packages/airflow/example_dags/example_branch_day_of_week_operator.py
[2026-09-19T22:57:36.363+0000] {logging_mixin.py:149} INFO - [2026-09-19T22:57:36.363+0000] {dag.py:2726} INFO - Sync 1 DAGs
[2026-09-19T22:57:36.409+0000] {logging_mixin.py:149} INFO - [2026-09-19T22:57:36.409+0000] {dag.py:3490} INFO - Setting next_dagrun for example_weekday_branch_operator to 2026-09-18T00:00:00+00:00, run_after=2026-09-19T00:00:00+00:00
[2026-09-19T22:57:36.439+0000] {processor.py:178} INFO - Processing /home/airflow/.local/lib/python3.7/site-packages/airflow/example_dags/example_branch_day_of_week_operator.py took 0.149 seconds
[2026-09-19T22:58:06.782+0000] {processor.py:156} INFO - Started process (PID=12956) to work on /home/airflow/.local/lib/python3.7/site-packages/airflow/example_dags/example_branch_day_of_week_operator.py
[2026-09-19T22:58:06.788+0000] {processor.py:799} INFO - Processing file /home/airflow/.local/lib/python3.7/site-packages/airflow/example_dags/example_branch_day_of_week_operator.py for tasks to queue
[2026-09-19T22:58:06.789+0000] {logging_mixin.py:149} INFO - [2026-09-19T22:58:06.789+0000] {dagbag.py:541} INFO - Filling up the DagBag from /home/airflow/.local/lib/python3.7/site-packages/airflow/example_dags/example_branch_day_of_week_operator.py
[2026-09-19T22:58:06.808+0000] {processor.py:809} INFO - DAG(s) dict_keys(['example_weekday_branch_operator']) retrieved from /home/airflow/.local/lib/python3.7/site-packages/airflow/example_dags/example_branch_day_of_week_operator.py
[2026-09-19T22:58:06.864+0000] {logging_mixin.py:149} INFO - [2026-09-19T22:58:06.864+0000] {dag.py:2726} INFO - Sync 1 DAGs
[2026-09-19T22:58:06.920+0000] {logging_mixin.py:149} INFO - [2026-09-19T22:58:06.920+0000] {dag.py:3490} INFO - Setting next_dagrun for example_weekday_branch_operator to 2026-09-18T00:00:00+00:00, run_after=2026-09-19T00:00:00+00:00
[2026-09-19T22:58:06.953+0000] {processor.py:178} INFO - Processing /home/airflow/.local/lib/python3.7/site-packages/airflow/example_dags/example_branch_day_of_week_operator.py took 0.180 seconds
[2026-09-19T22:58:37.691+0000] {processor.py:156} INFO - Started process (PID=13019) to work on /home/airflow/.local/lib/python3.7/site-packages/airflow/example_dags/example_branch_day_of_week_operator.py
[2026-09-19T22:58:37.693+0000] {processor.py:799} INFO - Processing file /home/airflow/.local/lib/python3.7/site-packages/airflow/example_dags/example_branch_day_of_week_operator.py for tasks to queue
[2026-09-19T22:58:37.694+0000] {logging_mixin.py:149} INFO - [2026-09-19T22:58:37.694+0000] {dagbag.py:541} INFO - Filling up the DagBag from /home/airflow/.local/lib/python3.7/site-packages/airflow/example_dags/example_branch_day_of_week_operator.py
[2026-09-19T22:58:37.711+0000] {processor.py:809} INFO - DAG(s) dict_keys(['example_weekday_branch_operator']) retrieved from /home/airflow/.local/lib/python3.7/site-packages/airflow/example_dags/example_branch_day_of_week_operator.py
[2026-09-19T22:58:37.761+0000] {logging_mixin.py:149} INFO - [2026-09-19T22:58:37.761+0000] {dag.py:2726} INFO - Sync 1 DAGs
[2026-09-19T22:58:37.813+0000] {logging_mixin.py:149} INFO - [2026-09-19T22:58:37.813+0000] {dag.py:3490} INFO - Setting next_dagrun for example_weekday_branch_operator to 2026-09-18T00:00:00+00:00, run_after=2026-09-19T00:00:00+00:00
[2026-09-19T22:58:37.845+0000] {processor.py:178} INFO - Processing /home/airflow/.local/lib/python3.7/site-packages/airflow/example_dags/example_branch_day_of_week_operator.py took 0.161 seconds
[2026-09-19T22:59:07.975+0000] {processor.py:156} INFO - Started process (PID=13075) to work on /home/airflow/.local/lib/python3.7/site-packages/airflow/example_dags/example_branch_day_of_week_operator.py
[2026-09-19T22:59:07.977+0000] {processor.py:799} INFO - Processing file /home/airflow/.local/lib/python3.7/site-packages/airflow/example_dags/example_branch_day_of_week_operator.py for tasks to queue
[2026-09-19T22:59:07.978+0000] {logging_mixin.py:149} INFO - [2026-09-19T22:59:07.978+0000] {dagbag.py:541} INFO - Filling up the DagBag from /home/airflow/.local/lib/python3.7/site-packages/airflow/example_dags/example_branch_day_of_week_operator.py
[2026-09-19T22:59:07.990+0000] {processor.py:809} INFO - DAG(s) dict_keys(['example_weekday_branch_operator']) retrieved from /home/airflow/.local/lib/python3.7/site-packages/airflow/example_dags/example_branch_day_of_week_operator.py
[2026-09-19T22:59:08.040+0000] {logging_mixin.py:149} INFO - [2026-09-19T22:59:08.039+0000] {dag.py:2726} INFO - Sync 1 DAGs
[2026-09-19T22:59:08.090+0000] {logging_mixin.py:149} INFO - [2026-09-19T22:59:08.090+0000] {dag.py:3490} INFO - Setting next_dagrun for example_weekday_branch_operator to 2026-09-18T00:00:00+00:00, run_after=2026-09-19T00:00:00+00:00
[2026-09-19T22:59:08.120+0000] {processor.py:178} INFO - Processing /home/airflow/.local/lib/python3.7/site-packages/airflow/example_dags/example_branch_day_of_week_operator.py took 0.151 seconds
[2026-09-19T22:59:38.715+0000] {processor.py:156} INFO - Started process (PID=13131) to work on /home/airflow/.local/lib/python3.7/site-packages/airflow/example_dags/example_branch_day_of_week_operator.py
[2026-09-19T22:59:38.716+0000] {processor.py:799} INFO - Processing file /home/airflow/.local/lib/python3.7/site-packages/airflow/example_dags/example_branch_day_of_week_operator.py for tasks to queue
[2026-09-19T22:59:38.717+0000] {logging_mixin.py:149} INFO - [2026-09-19T22:59:38.717+0000] {dagbag.py:541} INFO - Filling up the DagBag from /home/airflow/.local/lib/python3.7/site-packages/airflow/example_dags/example_branch_day_of_week_operator.py
[2026-09-19T22:59:38.729+0000] {processor.py:809} INFO - DAG(s) dict_keys(['example_weekday_branch_operator']) retrieved from /home/airflow/.local/lib/python3.7/site-packages/airflow/example_dags/example_branch_day_of_week_operator.py
[2026-09-19T22:59:38.769+0000] {logging_mixin.py:149} INFO - [2026-09-19T22:59:38.769+0000] {dag.py:2726} INFO - Sync 1 DAGs
[2026-09-19T22:59:38.813+0000] {logging_mixin.py:149} INFO - [2026-09-19T22:59:38.813+0000] {dag.py:3490} INFO - Setting next_dagrun for example_weekday_branch_operator to 2026-09-18T00:00:00+00:00, run_after=2026-09-19T00:00:00+00:00
[2026-09-19T22:59:38.844+0000] {processor.py:178} INFO - Processing /home/airflow/.local/lib/python3.7/site-packages/airflow/example_dags/example_branch_day_of_week_operator.py took 0.135 seconds
[2026-09-19T23:00:09.504+0000] {processor.py:156} INFO - Started process (PID=13187) to work on /home/airflow/.local/lib/python3.7/site-packages/airflow/example_dags/example_branch_day_of_week_operator.py
[2026-09-19T23:00:09.506+0000] {processor.py:799} INFO - Processing file /home/airflow/.local/lib/python3.7/site-packages/airflow/example_dags/example_branch_day_of_week_operator.py for tasks to queue
[2026-09-19T23:00:09.507+0000] {logging_mixin.py:149} INFO - [2026-09-19T23:00:09.507+0000] {dagbag.py:541} INFO - Filling up the DagBag from /home/airflow/.local/lib/python3.7/site-packages/airflow/example_dags/example_branch_day_of_week_operator.py
[2026-09-19T23:00:09.520+0000] {processor.py:809} INFO - DAG(s) dict_keys(['example_weekday_branch_operator']) retrieved from /home/airflow/.local/lib/python3.7/site-packages/airflow/example_dags/example_branch_day_of_week_operator.py
[2026-09-19T23:00:09.566+0000] {logging_mixin.py:149} INFO - [2026-09-19T23:00:09.566+0000] {dag.py:2726} INFO - Sync 1 DAGs
[2026-09-19T23:00:09.617+0000] {logging_mixin.py:149} INFO - [2026-09-19T23:00:09.617+0000] {dag.py:3490} INFO - Setting next_dagrun for example_weekday_branch_operator to 2026-09-18T00:00:00+00:00, run_after=2026-09-19T00:00:00+00:00
[2026-09-19T23:00:09.648+0000] {processor.py:178} INFO - Processing /home/airflow/.local/lib/python3.7/site-packages/airflow/example_dags/example_branch_day_of_week_operator.py took 0.150 seconds
[2026-09-19T23:00:39.979+0000] {processor.py:156} INFO - Started process (PID=13243) to work on /home/airflow/.local/lib/python3.7/site-packages/airflow/example_dags/example_branch_day_of_week_operator.py
[2026-09-19T23:00:39.980+0000] {processor.py:799} INFO - Processing file /home/airflow/.local/lib/python3.7/site-packages/airflow/example_dags/example_branch_day_of_week_operator.py for tasks to queue
[2026-09-19T23:00:39.981+0000] {logging_mixin.py:149} INFO - [2026-09-19T23:00:39.981+0000] {dagbag.py:541} INFO - Filling up the DagBag from /home/airflow/.local/lib/python3.7/site-packages/airflow/example_dags/example_branch_day_of_week_operator.py
[2026-09-19T23:00:39.995+0000] {processor.py:809} INFO - DAG(s) dict_keys(['example_weekday_branch_operator']) retrieved from /home/airflow/.local/lib/python3.7/site-packages/airflow/example_dags/example_branch_day_of_week_operator.py
[2026-09-19T23:00:40.039+0000] {logging_mixin.py:149} INFO - [2026-09-19T23:00:40.038+0000] {dag.py:2726} INFO - Sync 1 DAGs
[2026-09-19T23:00:40.083+0000] {logging_mixin.py:149} INFO - [2026-09-19T23:00:40.083+0000] {dag.py:3490} INFO - Setting next_dagrun for example_weekday_branch_operator to 2026-09-18T00:00:00+00:00, run_after=2026-09-19T00:00:00+00:00
[2026-09-19T23:00:40.113+0000] {processor.py:178} INFO - Processing /home/airflow/.local/lib/python3.7/site-packages/airflow/example_dags/example_branch_day_of_week_operator.py took 0.146 seconds
[2026-09-19T23:01:10.948+0000] {processor.py:156} INFO - Started process (PID=13299) to work on /home/airflow/.local/lib/python3.7/site-packages/airflow/example_dags/example_branch_day_of_week_operator.py
[2026-09-19T23:01:10.950+0000] {processor.py:799} INFO - Processing file /home/airflow/.local/lib/python3.7/site-packages/airflow/example_dags/example_branch_day_of_week_operator.py for tasks to queue
[2026-09-19T23:01:10.951+0000] {logging_mixin.py:149} INFO - [2026-09-19T23:01:10.951+0000] {dagbag.py:541} INFO - Filling up the DagBag from /home/airflow/.local/lib/python3.7/site-packages/airflow/example_dags/example_branch_day_of_week_operator.py
[2026-09-19T23:01:10.965+0000] {processor.py:809} INFO - DAG(s) dict_keys(['example_weekday_branch_operator']) retrieved from /home/airflow/.local/lib/python3.7/site-packages/airflow/example_dags/example_branch_day_of_week_operator.py
[2026-09-19T23:01:11.017+0000] {logging_mixin.py:149} INFO - [2026-09-19T23:01:11.016+0000] {dag.py:2726} INFO - Sync 1 DAGs
[2026-09-19T23:01:11.062+0000] {logging_mixin.py:149} INFO - [2026-09-19T23:01:11.062+0000] {dag.py:3490} INFO - Setting next_dagrun for example_weekday_branch_operator to 2026-09-18T00:00:00+00:00, run_after=2026-09-19T00:00:00+00:00
[2026-09-19T23:01:11.097+0000] {processor.py:178} INFO - Processing /home/airflow/.local/lib/python3.7/site-packages/airflow/example_dags/example_branch_day_of_week_operator.py took 0.156 seconds
[2026-09-19T23:01:41.741+0000] {processor.py:156} INFO - Started process (PID=13355) to work on /home/airflow/.local/lib/python3.7/site-packages/airflow/example_dags/example_branch_day_of_week_operator.py
[2026-09-19T23:01:41.742+0000] {processor.py:799} INFO - Processing file /home/airflow/.local/lib/python3.7/site-packages/airflow/example_dags/example_branch_day_of_week_operator.py for tasks to queue
[2026-09-19T23:01:41.743+0000] {logging_mixin.py:149} INFO - [2026-09-19T23:01:41.743+0000] {dagbag.py:541} INFO - Filling up the DagBag from /home/airflow/.local/lib/python3.7/site-packages/airflow/example_dags/example_branch_day_of_week_operator.py
[2026-09-19T23:01:41.757+0000] {processor.py:809} INFO - DAG(s) dict_keys(['example_weekday_branch_operator']) retrieved from /home/airflow/.local/lib/python3.7/site-packages/airflow/example_dags/example_branch_day_of_week_operator.py
[2026-09-19T23:01:41.809+0000] {logging_mixin.py:149} INFO - [2026-09-19T23:01:41.809+0000] {dag.py:2726} INFO - Sync 1 DAGs
[2026-09-19T23:01:41.857+0000] {logging_mixin.py:149} INFO - [2026-09-19T23:01:41.856+0000] {dag.py:3490} INFO - Setting next_dagrun for example_weekday_branch_operator to 2026-09-18T00:00:00+00:00, run_after=2026-09-19T00:00:00+00:00
[2026-09-19T23:01:41.896+0000] {processor.py:178} INFO - Processing /home/airflow/.local/lib/python3.7/site-packages/airflow/example_dags/example_branch_day_of_week_operator.py took 0.164 seconds
[2026-09-19T23:02:12.548+0000] {processor.py:156} INFO - Started process (PID=13406) to work on /home/airflow/.local/lib/python3.7/site-packages/airflow/example_dags/example_branch_day_of_week_operator.py
[2026-09-19T23:02:12.550+0000] {processor.py:799} INFO - Processing file /home/airflow/.local/lib/python3.7/site-packages/airflow/example_dags/example_branch_day_of_week_operator.py for tasks to queue
[2026-09-19T23:02:12.551+0000] {logging_mixin.py:149} INFO - [2026-09-19T23:02:12.551+0000] {dagbag.py:541} INFO - Filling up the DagBag from /home/airflow/.local/lib/python3.7/site-packages/airflow/example_dags/example_branch_day_of_week_operator.py
[2026-09-19T23:02:12.566+0000] {processor.py:809} INFO - DAG(s) dict_keys(['example_weekday_branch_operator']) retrieved from /home/airflow/.local/lib/python3.7/site-packages/airflow/example_dags/example_branch_day_of_week_operator.py
[2026-09-19T23:02:12.622+0000] {logging_mixin.py:149} INFO - [2026-09-19T23:02:12.622+0000] {dag.py:2726} INFO - Sync 1 DAGs
[2026-09-19T23:02:12.670+0000] {logging_mixin.py:149} INFO - [2026-09-19T23:02:12.670+0000] {dag.py:3490} INFO - Setting next_dagrun for example_weekday_branch_operator to 2026-09-18T00:00:00+00:00, run_after=2026-09-19T00:00:00+00:00
[2026-09-19T23:02:12.706+0000] {processor.py:178} INFO - Processing /home/airflow/.local/lib/python3.7/site-packages/airflow/example_dags/example_branch_day_of_week_operator.py took 0.166 seconds
[2026-09-19T23:02:43.117+0000] {processor.py:156} INFO - Started process (PID=13462) to work on /home/airflow/.local/lib/python3.7/site-packages/airflow/example_dags/example_branch_day_of_week_operator.py
[2026-09-19T23:02:43.118+0000] {processor.py:799} INFO - Processing file /home/airflow/.local/lib/python3.7/site-packages/airflow/example_dags/example_branch_day_of_week_operator.py for tasks to queue
[2026-09-19T23:02:43.119+0000] {logging_mixin.py:149} INFO - [2026-09-19T23:02:43.119+0000] {dagbag.py:541} INFO - Filling up the DagBag from /home/airflow/.local/lib/python3.7/site-packages/airflow/example_dags/example_branch_day_of_week_operator.py
[2026-09-19T23:02:43.133+0000] {processor.py:809} INFO - DAG(s) dict_keys(['example_weekday_branch_operator']) retrieved from /home/airflow/.local/lib/python3.7/site-packages/airflow/example_dags/example_branch_day_of_week_operator.py
[2026-09-19T23:02:43.179+0000] {logging_mixin.py:149} INFO - [2026-09-19T23:02:43.179+0000] {dag.py:2726} INFO - Sync 1 DAGs
[2026-09-19T23:02:43.233+0000] {logging_mixin.py:149} INFO - [2026-09-19T23:02:43.233+0000] {dag.py:3490} INFO - Setting next_dagrun for example_weekday_branch_operator to 2026-09-18T00:00:00+00:00, run_after=2026-09-19T00:00:00+00:00
[2026-09-19T23:02:43.264+0000] {processor.py:178} INFO - Processing /home/airflow/.local/lib/python3.7/site-packages/airflow/example_dags/example_branch_day_of_week_operator.py took 0.156 seconds
[2026-09-19T23:03:13.661+0000] {processor.py:156} INFO - Started process (PID=13518) to work on /home/airflow/.local/lib/python3.7/site-packages/airflow/example_dags/example_branch_day_of_week_operator.py
[2026-09-19T23:03:13.663+0000] {processor.py:799} INFO - Processing file /home/airflow/.local/lib/python3.7/site-packages/airflow/example_dags/example_branch_day_of_week_operator.py for tasks to queue
[2026-09-19T23:03:13.664+0000] {logging_mixin.py:149} INFO - [2026-09-19T23:03:13.664+0000] {dagbag.py:541} INFO - Filling up the DagBag from /home/airflow/.local/lib/python3.7/site-packages/airflow/example_dags/example_branch_day_of_week_operator.py
[2026-09-19T23:03:13.676+0000] {processor.py:809} INFO - DAG(s) dict_keys(['example_weekday_branch_operator']) retrieved from /home/airflow/.local/lib/python3.7/site-packages/airflow/example_dags/example_branch_day_of_week_operator.py
[2026-09-19T23:03:13.719+0000] {logging_mixin.py:149} INFO - [2026-09-19T23:03:13.719+0000] {dag.py:2726} INFO - Sync 1 DAGs
[2026-09-19T23:03:13.769+0000] {logging_mixin.py:149} INFO - [2026-09-19T23:03:13.769+0000] {dag.py:3490} INFO - Setting next_dagrun for example_weekday_branch_operator to 2026-09-18T00:00:00+00:00, run_after=2026-09-19T00:00:00+00:00
[2026-09-19T23:03:13.803+0000] {processor.py:178} INFO - Processing /home/airflow/.local/lib/python3.7/site-packages/airflow/example_dags/example_branch_day_of_week_operator.py took 0.148 seconds
[2026-09-19T23:03:44.272+0000] {processor.py:156} INFO - Started process (PID=13574) to work on /home/airflow/.local/lib/python3.7/site-packages/airflow/example_dags/example_branch_day_of_week_operator.py
[2026-09-19T23:03:44.274+0000] {processor.py:799} INFO - Processing file /home/airflow/.local/lib/python3.7/site-packages/airflow/example_dags/example_branch_day_of_week_operator.py for tasks to queue
[2026-09-19T23:03:44.276+0000] {logging_mixin.py:149} INFO - [2026-09-19T23:03:44.275+0000] {dagbag.py:541} INFO - Filling up the DagBag from /home/airflow/.local/lib/python3.7/site-packages/airflow/example_dags/example_branch_day_of_week_operator.py
[2026-09-19T23:03:44.288+0000] {processor.py:809} INFO - DAG(s) dict_keys(['example_weekday_branch_operator']) retrieved from /home/airflow/.local/lib/python3.7/site-packages/airflow/example_dags/example_branch_day_of_week_operator.py
[2026-09-19T23:03:44.336+0000] {logging_mixin.py:149} INFO - [2026-09-19T23:03:44.336+0000] {dag.py:2726} INFO - Sync 1 DAGs
[2026-09-19T23:03:44.385+0000] {logging_mixin.py:149} INFO - [2026-09-19T23:03:44.385+0000] {dag.py:3490} INFO - Setting next_dagrun for example_weekday_branch_operator to 2026-09-18T00:00:00+00:00, run_after=2026-09-19T00:00:00+00:00
[2026-09-19T23:03:44.414+0000] {processor.py:178} INFO - Processing /home/airflow/.local/lib/python3.7/site-packages/airflow/example_dags/example_branch_day_of_week_operator.py took 0.148 seconds
[2026-09-19T23:04:14.885+0000] {processor.py:156} INFO - Started process (PID=13630) to work on /home/airflow/.local/lib/python3.7/site-packages/airflow/example_dags/example_branch_day_of_week_operator.py
[2026-09-19T23:04:14.887+0000] {processor.py:799} INFO - Processing file /home/airflow/.local/lib/python3.7/site-packages/airflow/example_dags/example_branch_day_of_week_operator.py for tasks to queue
[2026-09-19T23:04:14.888+0000] {logging_mixin.py:149} INFO - [2026-09-19T23:04:14.888+0000] {dagbag.py:541} INFO - Filling up the DagBag from /home/airflow/.local/lib/python3.7/site-packages/airflow/example_dags/example_branch_day_of_week_operator.py
[2026-09-19T23:04:14.902+0000] {processor.py:809} INFO - DAG(s) dict_keys(['example_weekday_branch_operator']) retrieved from /home/airflow/.local/lib/python3.7/site-packages/airflow/example_dags/example_branch_day_of_week_operator.py
[2026-09-19T23:04:14.955+0000] {logging_mixin.py:149} INFO - [2026-09-19T23:04:14.955+0000] {dag.py:2726} INFO - Sync 1 DAGs
[2026-09-19T23:04:15.011+0000] {logging_mixin.py:149} INFO - [2026-09-19T23:04:15.010+0000] {dag.py:3490} INFO - Setting next_dagrun for example_weekday_branch_operator to 2026-09-18T00:00:00+00:00, run_after=2026-09-19T00:00:00+00:00
[2026-09-19T23:04:15.048+0000] {processor.py:178} INFO - Processing /home/airflow/.local/lib/python3.7/site-packages/airflow/example_dags/example_branch_day_of_week_operator.py took 0.170 seconds
[2026-09-19T23:04:45.592+0000] {processor.py:156} INFO - Started process (PID=13686) to work on /home/airflow/.local/lib/python3.7/site-packages/airflow/example_dags/example_branch_day_of_week_operator.py
[2026-09-19T23:04:45.594+0000] {processor.py:799} INFO - Processing file /home/airflow/.local/lib/python3.7/site-packages/airflow/example_dags/example_branch_day_of_week_operator.py for tasks to queue
[2026-09-19T23:04:45.595+0000] {logging_mixin.py:149} INFO - [2026-09-19T23:04:45.594+0000] {dagbag.py:541} INFO - Filling up the DagBag from /home/airflow/.local/lib/python3.7/site-packages/airflow/example_dags/example_branch_day_of_week_operator.py
[2026-09-19T23:04:45.610+0000] {processor.py:809} INFO - DAG(s) dict_keys(['example_weekday_branch_operator']) retrieved from /home/airflow/.local/lib/python3.7/site-packages/airflow/example_dags/example_branch_day_of_week_operator.py
[2026-09-19T23:04:45.659+0000] {logging_mixin.py:149} INFO - [2026-09-19T23:04:45.659+0000] {dag.py:2726} INFO - Sync 1 DAGs
[2026-09-19T23:04:45.709+0000] {logging_mixin.py:149} INFO - [2026-09-19T23:04:45.709+0000] {dag.py:3490} INFO - Setting next_dagrun for example_weekday_branch_operator to 2026-09-18T00:00:00+00:00, run_after=2026-09-19T00:00:00+00:00
[2026-09-19T23:04:45.740+0000] {processor.py:178} INFO - Processing /home/airflow/.local/lib/python3.7/site-packages/airflow/example_dags/example_branch_day_of_week_operator.py took 0.153 seconds
[2026-09-19T23:05:15.990+0000] {processor.py:156} INFO - Started process (PID=13742) to work on /home/airflow/.local/lib/python3.7/site-packages/airflow/example_dags/example_branch_day_of_week_operator.py
[2026-09-19T23:05:15.992+0000] {processor.py:799} INFO - Processing file /home/airflow/.local/lib/python3.7/site-packages/airflow/example_dags/example_branch_day_of_week_operator.py for tasks to queue
[2026-09-19T23:05:15.993+0000] {logging_mixin.py:149} INFO - [2026-09-19T23:05:15.993+0000] {dagbag.py:541} INFO - Filling up the DagBag from /home/airflow/.local/lib/python3.7/site-packages/airflow/example_dags/example_branch_day_of_week_operator.py
[2026-09-19T23:05:16.006+0000] {processor.py:809} INFO - DAG(s) dict_keys(['example_weekday_branch_operator']) retrieved from /home/airflow/.local/lib/python3.7/site-packages/airflow/example_dags/example_branch_day_of_week_operator.py
[2026-09-19T23:05:16.048+0000] {logging_mixin.py:149} INFO - [2026-09-19T23:05:16.048+0000] {dag.py:2726} INFO - Sync 1 DAGs
[2026-09-19T23:05:16.092+0000] {logging_mixin.py:149} INFO - [2026-09-19T23:05:16.092+0000] {dag.py:3490} INFO - Setting next_dagrun for example_weekday_branch_operator to 2026-09-18T00:00:00+00:00, run_after=2026-09-19T00:00:00+00:00
[2026-09-19T23:05:16.127+0000] {processor.py:178} INFO - Processing /home/airflow/.local/lib/python3.7/site-packages/airflow/example_dags/example_branch_day_of_week_operator.py took 0.143 seconds
[2026-09-19T23:05:46.309+0000] {processor.py:156} INFO - Started process (PID=13798) to work on /home/airflow/.local/lib/python3.7/site-packages/airflow/example_dags/example_branch_day_of_week_operator.py
[2026-09-19T23:05:46.310+0000] {processor.py:799} INFO - Processing file /home/airflow/.local/lib/python3.7/site-packages/airflow/example_dags/example_branch_day_of_week_operator.py for tasks to queue
[2026-09-19T23:05:46.310+0000] {logging_mixin.py:149} INFO - [2026-09-19T23:05:46.310+0000] {dagbag.py:541} INFO - Filling up the DagBag from /home/airflow/.local/lib/python3.7/site-packages/airflow/example_dags/example_branch_day_of_week_operator.py
[2026-09-19T23:05:46.322+0000] {processor.py:809} INFO - DAG(s) dict_keys(['example_weekday_branch_operator']) retrieved from /home/airflow/.local/lib/python3.7/site-packages/airflow/example_dags/example_branch_day_of_week_operator.py
[2026-09-19T23:05:46.368+0000] {logging_mixin.py:149} INFO - [2026-09-19T23:05:46.368+0000] {dag.py:2726} INFO - Sync 1 DAGs
[2026-09-19T23:05:46.413+0000] {logging_mixin.py:149} INFO - [2026-09-19T23:05:46.413+0000] {dag.py:3490} INFO - Setting next_dagrun for example_weekday_branch_operator to 2026-09-18T00:00:00+00:00, run_after=2026-09-19T00:00:00+00:00
[2026-09-19T23:05:46.444+0000] {processor.py:178} INFO - Processing /home/airflow/.local/lib/python3.7/site-packages/airflow/example_dags/example_branch_day_of_week_operator.py took 0.141 seconds
[2026-09-19T23:06:16.798+0000] {processor.py:156} INFO - Started process (PID=13854) to work on /home/airflow/.local/lib/python3.7/site-packages/airflow/example_dags/example_branch_day_of_week_operator.py
[2026-09-19T23:06:16.800+0000] {processor.py:799} INFO - Processing file /home/airflow/.local/lib/python3.7/site-packages/airflow/example_dags/example_branch_day_of_week_operator.py for tasks to queue
[2026-09-19T23:06:16.801+0000] {logging_mixin.py:149} INFO - [2026-09-19T23:06:16.801+0000] {dagbag.py:541} INFO - Filling up the DagBag from /home/airflow/.local/lib/python3.7/site-packages/airflow/example_dags/example_branch_day_of_week_operator.py
[2026-09-19T23:06:16.819+0000] {processor.py:809} INFO - DAG(s) dict_keys(['example_weekday_branch_operator']) retrieved from /home/airflow/.local/lib/python3.7/site-packages/airflow/example_dags/example_branch_day_of_week_operator.py
[2026-09-19T23:06:16.865+0000] {logging_mixin.py:149} INFO - [2026-09-19T23:06:16.865+0000] {dag.py:2726} INFO - Sync 1 DAGs
[2026-09-19T23:06:16.929+0000] {logging_mixin.py:149} INFO - [2026-09-19T23:06:16.929+0000] {dag.py:3490} INFO - Setting next_dagrun for example_weekday_branch_operator to 2026-09-18T00:00:00+00:00, run_after=2026-09-19T00:00:00+00:00
[2026-09-19T23:06:16.964+0000] {processor.py:178} INFO - Processing /home/airflow/.local/lib/python3.7/site-packages/airflow/example_dags/example_branch_day_of_week_operator.py took 0.171 seconds
[2026-09-19T23:06:47.486+0000] {processor.py:156} INFO - Started process (PID=13910) to work on /home/airflow/.local/lib/python3.7/site-packages/airflow/example_dags/example_branch_day_of_week_operator.py
[2026-09-19T23:06:47.487+0000] {processor.py:799} INFO - Processing file /home/airflow/.local/lib/python3.7/site-packages/airflow/example_dags/example_branch_day_of_week_operator.py for tasks to queue
[2026-09-19T23:06:47.488+0000] {logging_mixin.py:149} INFO - [2026-09-19T23:06:47.488+0000] {dagbag.py:541} INFO - Filling up the DagBag from /home/airflow/.local/lib/python3.7/site-packages/airflow/example_dags/example_branch_day_of_week_operator.py
[2026-09-19T23:06:47.503+0000] {processor.py:809} INFO - DAG(s) dict_keys(['example_weekday_branch_operator']) retrieved from /home/airflow/.local/lib/python3.7/site-packages/airflow/example_dags/example_branch_day_of_week_operator.py
[2026-09-19T23:06:47.552+0000] {logging_mixin.py:149} INFO - [2026-09-19T23:06:47.551+0000] {dag.py:2726} INFO - Sync 1 DAGs
[2026-09-19T23:06:47.598+0000] {logging_mixin.py:149} INFO - [2026-09-19T23:06:47.598+0000] {dag.py:3490} INFO - Setting next_dagrun for example_weekday_branch_operator to 2026-09-18T00:00:00+00:00, run_after=2026-09-19T00:00:00+00:00
[2026-09-19T23:06:47.630+0000] {processor.py:178} INFO - Processing /home/airflow/.local/lib/python3.7/site-packages/airflow/example_dags/example_branch_day_of_week_operator.py took 0.150 seconds
[2026-09-19T23:07:17.769+0000] {processor.py:156} INFO - Started process (PID=13966) to work on /home/airflow/.local/lib/python3.7/site-packages/airflow/example_dags/example_branch_day_of_week_operator.py
[2026-09-19T23:07:17.771+0000] {processor.py:799} INFO - Processing file /home/airflow/.local/lib/python3.7/site-packages/airflow/example_dags/example_branch_day_of_week_operator.py for tasks to queue
[2026-09-19T23:07:17.772+0000] {logging_mixin.py:149} INFO - [2026-09-19T23:07:17.772+0000] {dagbag.py:541} INFO - Filling up the DagBag from /home/airflow/.local/lib/python3.7/site-packages/airflow/example_dags/example_branch_day_of_week_operator.py
[2026-09-19T23:07:17.787+0000] {processor.py:809} INFO - DAG(s) dict_keys(['example_weekday_branch_operator']) retrieved from /home/airflow/.local/lib/python3.7/site-packages/airflow/example_dags/example_branch_day_of_week_operator.py
[2026-09-19T23:07:17.834+0000] {logging_mixin.py:149} INFO - [2026-09-19T23:07:17.834+0000] {dag.py:2726} INFO - Sync 1 DAGs
[2026-09-19T23:07:17.886+0000] {logging_mixin.py:149} INFO - [2026-09-19T23:07:17.886+0000] {dag.py:3490} INFO - Setting next_dagrun for example_weekday_branch_operator to 2026-09-18T00:00:00+00:00, run_after=2026-09-19T00:00:00+00:00
[2026-09-19T23:07:17.918+0000] {processor.py:178} INFO - Processing /home/airflow/.local/lib/python3.7/site-packages/airflow/example_dags/example_branch_day_of_week_operator.py took 0.154 seconds
[2026-09-19T23:07:48.790+0000] {processor.py:156} INFO - Started process (PID=14022) to work on /home/airflow/.local/lib/python3.7/site-packages/airflow/example_dags/example_branch_day_of_week_operator.py
[2026-09-19T23:07:48.792+0000] {processor.py:799} INFO - Processing file /home/airflow/.local/lib/python3.7/site-packages/airflow/example_dags/example_branch_day_of_week_operator.py for tasks to queue
[2026-09-19T23:07:48.793+0000] {logging_mixin.py:149} INFO - [2026-09-19T23:07:48.793+0000] {dagbag.py:541} INFO - Filling up the DagBag from /home/airflow/.local/lib/python3.7/site-packages/airflow/example_dags/example_branch_day_of_week_operator.py
[2026-09-19T23:07:48.809+0000] {processor.py:809} INFO - DAG(s) dict_keys(['example_weekday_branch_operator']) retrieved from /home/airflow/.local/lib/python3.7/site-packages/airflow/example_dags/example_branch_day_of_week_operator.py
[2026-09-19T23:07:48.856+0000] {logging_mixin.py:149} INFO - [2026-09-19T23:07:48.855+0000] {dag.py:2726} INFO - Sync 1 DAGs
[2026-09-19T23:07:48.904+0000] {logging_mixin.py:149} INFO - [2026-09-19T23:07:48.904+0000] {dag.py:3490} INFO - Setting next_dagrun for example_weekday_branch_operator to 2026-09-18T00:00:00+00:00, run_after=2026-09-19T00:00:00+00:00
[2026-09-19T23:07:48.938+0000] {processor.py:178} INFO - Processing /home/airflow/.local/lib/python3.7/site-packages/airflow/example_dags/example_branch_day_of_week_operator.py took 0.154 seconds
[2026-09-19T23:08:19.439+0000] {processor.py:156} INFO - Started process (PID=14078) to work on /home/airflow/.local/lib/python3.7/site-packages/airflow/example_dags/example_branch_day_of_week_operator.py
[2026-09-19T23:08:19.441+0000] {processor.py:799} INFO - Processing file /home/airflow/.local/lib/python3.7/site-packages/airflow/example_dags/example_branch_day_of_week_operator.py for tasks to queue
[2026-09-19T23:08:19.442+0000] {logging_mixin.py:149} INFO - [2026-09-19T23:08:19.442+0000] {dagbag.py:541} INFO - Filling up the DagBag from /home/airflow/.local/lib/python3.7/site-packages/airflow/example_dags/example_branch_day_of_week_operator.py
[2026-09-19T23:08:19.457+0000] {processor.py:809} INFO - DAG(s) dict_keys(['example_weekday_branch_operator']) retrieved from /home/airflow/.local/lib/python3.7/site-packages/airflow/example_dags/example_branch_day_of_week_operator.py
[2026-09-19T23:08:19.504+0000] {logging_mixin.py:149} INFO - [2026-09-19T23:08:19.504+0000] {dag.py:2726} INFO - Sync 1 DAGs
[2026-09-19T23:08:19.550+0000] {logging_mixin.py:149} INFO - [2026-09-19T23:08:19.550+0000] {dag.py:3490} INFO - Setting next_dagrun for example_weekday_branch_operator to 2026-09-18T00:00:00+00:00, run_after=2026-09-19T00:00:00+00:00
[2026-09-19T23:08:19.584+0000] {processor.py:178} INFO - Processing /home/airflow/.local/lib/python3.7/site-packages/airflow/example_dags/example_branch_day_of_week_operator.py took 0.151 seconds
[2026-09-19T23:08:50.369+0000] {processor.py:156} INFO - Started process (PID=14134) to work on /home/airflow/.local/lib/python3.7/site-packages/airflow/example_dags/example_branch_day_of_week_operator.py
[2026-09-19T23:08:50.370+0000] {processor.py:799} INFO - Processing file /home/airflow/.local/lib/python3.7/site-packages/airflow/example_dags/example_branch_day_of_week_operator.py for tasks to queue
[2026-09-19T23:08:50.371+0000] {logging_mixin.py:149} INFO - [2026-09-19T23:08:50.371+0000] {dagbag.py:541} INFO - Filling up the DagBag from /home/airflow/.local/lib/python3.7/site-packages/airflow/example_dags/example_branch_day_of_week_operator.py
[2026-09-19T23:08:50.383+0000] {processor.py:809} INFO - DAG(s) dict_keys(['example_weekday_branch_operator']) retrieved from /home/airflow/.local/lib/python3.7/site-packages/airflow/example_dags/example_branch_day_of_week_operator.py
[2026-09-19T23:08:50.433+0000] {logging_mixin.py:149} INFO - [2026-09-19T23:08:50.433+0000] {dag.py:2726} INFO - Sync 1 DAGs
[2026-09-19T23:08:50.485+0000] {logging_mixin.py:149} INFO - [2026-09-19T23:08:50.485+0000] {dag.py:3490} INFO - Setting next_dagrun for example_weekday_branch_operator to 2026-09-18T00:00:00+00:00, run_after=2026-09-19T00:00:00+00:00
[2026-09-19T23:08:50.526+0000] {processor.py:178} INFO - Processing /home/airflow/.local/lib/python3.7/site-packages/airflow/example_dags/example_branch_day_of_week_operator.py took 0.163 seconds
[2026-09-19T23:09:21.136+0000] {processor.py:156} INFO - Started process (PID=14190) to work on /home/airflow/.local/lib/python3.7/site-packages/airflow/example_dags/example_branch_day_of_week_operator.py
[2026-09-19T23:09:21.139+0000] {processor.py:799} INFO - Processing file /home/airflow/.local/lib/python3.7/site-packages/airflow/example_dags/example_branch_day_of_week_operator.py for tasks to queue
[2026-09-19T23:09:21.140+0000] {logging_mixin.py:149} INFO - [2026-09-19T23:09:21.140+0000] {dagbag.py:541} INFO - Filling up the DagBag from /home/airflow/.local/lib/python3.7/site-packages/airflow/example_dags/example_branch_day_of_week_operator.py
[2026-09-19T23:09:21.155+0000] {processor.py:809} INFO - DAG(s) dict_keys(['example_weekday_branch_operator']) retrieved from /home/airflow/.local/lib/python3.7/site-packages/airflow/example_dags/example_branch_day_of_week_operator.py
[2026-09-19T23:09:21.199+0000] {logging_mixin.py:149} INFO - [2026-09-19T23:09:21.199+0000] {dag.py:2726} INFO - Sync 1 DAGs
[2026-09-19T23:09:21.246+0000] {logging_mixin.py:149} INFO - [2026-09-19T23:09:21.246+0000] {dag.py:3490} INFO - Setting next_dagrun for example_weekday_branch_operator to 2026-09-18T00:00:00+00:00, run_after=2026-09-19T00:00:00+00:00
[2026-09-19T23:09:21.279+0000] {processor.py:178} INFO - Processing /home/airflow/.local/lib/python3.7/site-packages/airflow/example_dags/example_branch_day_of_week_operator.py took 0.149 seconds
[2026-09-19T23:09:51.689+0000] {processor.py:156} INFO - Started process (PID=14242) to work on /home/airflow/.local/lib/python3.7/site-packages/airflow/example_dags/example_branch_day_of_week_operator.py
[2026-09-19T23:09:51.691+0000] {processor.py:799} INFO - Processing file /home/airflow/.local/lib/python3.7/site-packages/airflow/example_dags/example_branch_day_of_week_operator.py for tasks to queue
[2026-09-19T23:09:51.693+0000] {logging_mixin.py:149} INFO - [2026-09-19T23:09:51.693+0000] {dagbag.py:541} INFO - Filling up the DagBag from /home/airflow/.local/lib/python3.7/site-packages/airflow/example_dags/example_branch_day_of_week_operator.py
[2026-09-19T23:09:51.706+0000] {processor.py:809} INFO - DAG(s) dict_keys(['example_weekday_branch_operator']) retrieved from /home/airflow/.local/lib/python3.7/site-packages/airflow/example_dags/example_branch_day_of_week_operator.py
[2026-09-19T23:09:51.751+0000] {logging_mixin.py:149} INFO - [2026-09-19T23:09:51.750+0000] {dag.py:2726} INFO - Sync 1 DAGs
[2026-09-19T23:09:51.799+0000] {logging_mixin.py:149} INFO - [2026-09-19T23:09:51.799+0000] {dag.py:3490} INFO - Setting next_dagrun for example_weekday_branch_operator to 2026-09-18T00:00:00+00:00, run_after=2026-09-19T00:00:00+00:00
[2026-09-19T23:09:51.828+0000] {processor.py:178} INFO - Processing /home/airflow/.local/lib/python3.7/site-packages/airflow/example_dags/example_branch_day_of_week_operator.py took 0.146 seconds
[2026-09-19T23:10:22.136+0000] {processor.py:156} INFO - Started process (PID=14295) to work on /home/airflow/.local/lib/python3.7/site-packages/airflow/example_dags/example_branch_day_of_week_operator.py
[2026-09-19T23:10:22.138+0000] {processor.py:799} INFO - Processing file /home/airflow/.local/lib/python3.7/site-packages/airflow/example_dags/example_branch_day_of_week_operator.py for tasks to queue
[2026-09-19T23:10:22.139+0000] {logging_mixin.py:149} INFO - [2026-09-19T23:10:22.139+0000] {dagbag.py:541} INFO - Filling up the DagBag from /home/airflow/.local/lib/python3.7/site-packages/airflow/example_dags/example_branch_day_of_week_operator.py
[2026-09-19T23:10:22.153+0000] {processor.py:809} INFO - DAG(s) dict_keys(['example_weekday_branch_operator']) retrieved from /home/airflow/.local/lib/python3.7/site-packages/airflow/example_dags/example_branch_day_of_week_operator.py
[2026-09-19T23:10:22.197+0000] {logging_mixin.py:149} INFO - [2026-09-19T23:10:22.197+0000] {dag.py:2726} INFO - Sync 1 DAGs
[2026-09-19T23:10:22.245+0000] {logging_mixin.py:149} INFO - [2026-09-19T23:10:22.245+0000] {dag.py:3490} INFO - Setting next_dagrun for example_weekday_branch_operator to 2026-09-18T00:00:00+00:00, run_after=2026-09-19T00:00:00+00:00
[2026-09-19T23:10:22.274+0000] {processor.py:178} INFO - Processing /home/airflow/.local/lib/python3.7/site-packages/airflow/example_dags/example_branch_day_of_week_operator.py took 0.145 seconds
[2026-09-19T23:10:53.994+0000] {processor.py:156} INFO - Started process (PID=14350) to work on /home/airflow/.local/lib/python3.7/site-packages/airflow/example_dags/example_branch_day_of_week_operator.py
[2026-09-19T23:10:53.996+0000] {processor.py:799} INFO - Processing file /home/airflow/.local/lib/python3.7/site-packages/airflow/example_dags/example_branch_day_of_week_operator.py for tasks to queue
[2026-09-19T23:10:53.997+0000] {logging_mixin.py:149} INFO - [2026-09-19T23:10:53.996+0000] {dagbag.py:541} INFO - Filling up the DagBag from /home/airflow/.local/lib/python3.7/site-packages/airflow/example_dags/example_branch_day_of_week_operator.py
[2026-09-19T23:10:54.009+0000] {processor.py:809} INFO - DAG(s) dict_keys(['example_weekday_branch_operator']) retrieved from /home/airflow/.local/lib/python3.7/site-packages/airflow/example_dags/example_branch_day_of_week_operator.py
[2026-09-19T23:10:54.054+0000] {logging_mixin.py:149} INFO - [2026-09-19T23:10:54.054+0000] {dag.py:2726} INFO - Sync 1 DAGs
[2026-09-19T23:10:54.100+0000] {logging_mixin.py:149} INFO - [2026-09-19T23:10:54.099+0000] {dag.py:3490} INFO - Setting next_dagrun for example_weekday_branch_operator to 2026-09-18T00:00:00+00:00, run_after=2026-09-19T00:00:00+00:00
[2026-09-19T23:10:54.128+0000] {processor.py:178} INFO - Processing /home/airflow/.local/lib/python3.7/site-packages/airflow/example_dags/example_branch_day_of_week_operator.py took 0.141 seconds
[2026-09-19T23:11:24.322+0000] {processor.py:156} INFO - Started process (PID=14400) to work on /home/airflow/.local/lib/python3.7/site-packages/airflow/example_dags/example_branch_day_of_week_operator.py
[2026-09-19T23:11:24.324+0000] {processor.py:799} INFO - Processing file /home/airflow/.local/lib/python3.7/site-packages/airflow/example_dags/example_branch_day_of_week_operator.py for tasks to queue
[2026-09-19T23:11:24.325+0000] {logging_mixin.py:149} INFO - [2026-09-19T23:11:24.325+0000] {dagbag.py:541} INFO - Filling up the DagBag from /home/airflow/.local/lib/python3.7/site-packages/airflow/example_dags/example_branch_day_of_week_operator.py
[2026-09-19T23:11:24.338+0000] {processor.py:809} INFO - DAG(s) dict_keys(['example_weekday_branch_operator']) retrieved from /home/airflow/.local/lib/python3.7/site-packages/airflow/example_dags/example_branch_day_of_week_operator.py
[2026-09-19T23:11:24.385+0000] {logging_mixin.py:149} INFO - [2026-09-19T23:11:24.384+0000] {dag.py:2726} INFO - Sync 1 DAGs
[2026-09-19T23:11:24.434+0000] {logging_mixin.py:149} INFO - [2026-09-19T23:11:24.434+0000] {dag.py:3490} INFO - Setting next_dagrun for example_weekday_branch_operator to 2026-09-18T00:00:00+00:00, run_after=2026-09-19T00:00:00+00:00
[2026-09-19T23:11:24.472+0000] {processor.py:178} INFO - Processing /home/airflow/.local/lib/python3.7/site-packages/airflow/example_dags/example_branch_day_of_week_operator.py took 0.156 seconds
[2026-09-19T23:11:54.563+0000] {processor.py:156} INFO - Started process (PID=14453) to work on /home/airflow/.local/lib/python3.7/site-packages/airflow/example_dags/example_branch_day_of_week_operator.py
[2026-09-19T23:11:54.564+0000] {processor.py:799} INFO - Processing file /home/airflow/.local/lib/python3.7/site-packages/airflow/example_dags/example_branch_day_of_week_operator.py for tasks to queue
[2026-09-19T23:11:54.565+0000] {logging_mixin.py:149} INFO - [2026-09-19T23:11:54.565+0000] {dagbag.py:541} INFO - Filling up the DagBag from /home/airflow/.local/lib/python3.7/site-packages/airflow/example_dags/example_branch_day_of_week_operator.py
[2026-09-19T23:11:54.579+0000] {processor.py:809} INFO - DAG(s) dict_keys(['example_weekday_branch_operator']) retrieved from /home/airflow/.local/lib/python3.7/site-packages/airflow/example_dags/example_branch_day_of_week_operator.py
[2026-09-19T23:11:54.630+0000] {logging_mixin.py:149} INFO - [2026-09-19T23:11:54.630+0000] {dag.py:2726} INFO - Sync 1 DAGs
[2026-09-19T23:11:54.683+0000] {logging_mixin.py:149} INFO - [2026-09-19T23:11:54.683+0000] {dag.py:3490} INFO - Setting next_dagrun for example_weekday_branch_operator to 2026-09-18T00:00:00+00:00, run_after=2026-09-19T00:00:00+00:00
[2026-09-19T23:11:54.719+0000] {processor.py:178} INFO - Processing /home/airflow/.local/lib/python3.7/site-packages/airflow/example_dags/example_branch_day_of_week_operator.py took 0.167 seconds
[2026-09-19T23:12:25.148+0000] {processor.py:156} INFO - Started process (PID=14509) to work on /home/airflow/.local/lib/python3.7/site-packages/airflow/example_dags/example_branch_day_of_week_operator.py
[2026-09-19T23:12:25.150+0000] {processor.py:799} INFO - Processing file /home/airflow/.local/lib/python3.7/site-packages/airflow/example_dags/example_branch_day_of_week_operator.py for tasks to queue
[2026-09-19T23:12:25.151+0000] {logging_mixin.py:149} INFO - [2026-09-19T23:12:25.151+0000] {dagbag.py:541} INFO - Filling up the DagBag from /home/airflow/.local/lib/python3.7/site-packages/airflow/example_dags/example_branch_day_of_week_operator.py
[2026-09-19T23:12:25.163+0000] {processor.py:809} INFO - DAG(s) dict_keys(['example_weekday_branch_operator']) retrieved from /home/airflow/.local/lib/python3.7/site-packages/airflow/example_dags/example_branch_day_of_week_operator.py
[2026-09-19T23:12:25.224+0000] {logging_mixin.py:149} INFO - [2026-09-19T23:12:25.224+0000] {dag.py:2726} INFO - Sync 1 DAGs
[2026-09-19T23:12:25.287+0000] {logging_mixin.py:149} INFO - [2026-09-19T23:12:25.287+0000] {dag.py:3490} INFO - Setting next_dagrun for example_weekday_branch_operator to 2026-09-18T00:00:00+00:00, run_after=2026-09-19T00:00:00+00:00
[2026-09-19T23:12:25.322+0000] {processor.py:178} INFO - Processing /home/airflow/.local/lib/python3.7/site-packages/airflow/example_dags/example_branch_day_of_week_operator.py took 0.181 seconds
[2026-09-19T23:12:55.445+0000] {processor.py:156} INFO - Started process (PID=14566) to work on /home/airflow/.local/lib/python3.7/site-packages/airflow/example_dags/example_branch_day_of_week_operator.py
[2026-09-19T23:12:55.447+0000] {processor.py:799} INFO - Processing file /home/airflow/.local/lib/python3.7/site-packages/airflow/example_dags/example_branch_day_of_week_operator.py for tasks to queue
[2026-09-19T23:12:55.448+0000] {logging_mixin.py:149} INFO - [2026-09-19T23:12:55.448+0000] {dagbag.py:541} INFO - Filling up the DagBag from /home/airflow/.local/lib/python3.7/site-packages/airflow/example_dags/example_branch_day_of_week_operator.py
[2026-09-19T23:12:55.466+0000] {processor.py:809} INFO - DAG(s) dict_keys(['example_weekday_branch_operator']) retrieved from /home/airflow/.local/lib/python3.7/site-packages/airflow/example_dags/example_branch_day_of_week_operator.py
[2026-09-19T23:12:55.514+0000] {logging_mixin.py:149} INFO - [2026-09-19T23:12:55.514+0000] {dag.py:2726} INFO - Sync 1 DAGs
[2026-09-19T23:12:55.561+0000] {logging_mixin.py:149} INFO - [2026-09-19T23:12:55.561+0000] {dag.py:3490} INFO - Setting next_dagrun for example_weekday_branch_operator to 2026-09-18T00:00:00+00:00, run_after=2026-09-19T00:00:00+00:00
[2026-09-19T23:12:55.592+0000] {processor.py:178} INFO - Processing /home/airflow/.local/lib/python3.7/site-packages/airflow/example_dags/example_branch_day_of_week_operator.py took 0.153 seconds
[2026-09-19T23:13:25.697+0000] {processor.py:156} INFO - Started process (PID=14622) to work on /home/airflow/.local/lib/python3.7/site-packages/airflow/example_dags/example_branch_day_of_week_operator.py
[2026-09-19T23:13:25.700+0000] {processor.py:799} INFO - Processing file /home/airflow/.local/lib/python3.7/site-packages/airflow/example_dags/example_branch_day_of_week_operator.py for tasks to queue
[2026-09-19T23:13:25.701+0000] {logging_mixin.py:149} INFO - [2026-09-19T23:13:25.701+0000] {dagbag.py:541} INFO - Filling up the DagBag from /home/airflow/.local/lib/python3.7/site-packages/airflow/example_dags/example_branch_day_of_week_operator.py
[2026-09-19T23:13:25.715+0000] {processor.py:809} INFO - DAG(s) dict_keys(['example_weekday_branch_operator']) retrieved from /home/airflow/.local/lib/python3.7/site-packages/airflow/example_dags/example_branch_day_of_week_operator.py
[2026-09-19T23:13:25.764+0000] {logging_mixin.py:149} INFO - [2026-09-19T23:13:25.764+0000] {dag.py:2726} INFO - Sync 1 DAGs
[2026-09-19T23:13:25.816+0000] {logging_mixin.py:149} INFO - [2026-09-19T23:13:25.816+0000] {dag.py:3490} INFO - Setting next_dagrun for example_weekday_branch_operator to 2026-09-18T00:00:00+00:00, run_after=2026-09-19T00:00:00+00:00
[2026-09-19T23:13:25.849+0000] {processor.py:178} INFO - Processing /home/airflow/.local/lib/python3.7/site-packages/airflow/example_dags/example_branch_day_of_week_operator.py took 0.160 seconds
[2026-09-19T23:13:56.305+0000] {processor.py:156} INFO - Started process (PID=14678) to work on /home/airflow/.local/lib/python3.7/site-packages/airflow/example_dags/example_branch_day_of_week_operator.py
[2026-09-19T23:13:56.307+0000] {processor.py:799} INFO - Processing file /home/airflow/.local/lib/python3.7/site-packages/airflow/example_dags/example_branch_day_of_week_operator.py for tasks to queue
[2026-09-19T23:13:56.308+0000] {logging_mixin.py:149} INFO - [2026-09-19T23:13:56.308+0000] {dagbag.py:541} INFO - Filling up the DagBag from /home/airflow/.local/lib/python3.7/site-packages/airflow/example_dags/example_branch_day_of_week_operator.py
[2026-09-19T23:13:56.320+0000] {processor.py:809} INFO - DAG(s) dict_keys(['example_weekday_branch_operator']) retrieved from /home/airflow/.local/lib/python3.7/site-packages/airflow/example_dags/example_branch_day_of_week_operator.py
[2026-09-19T23:13:56.367+0000] {logging_mixin.py:149} INFO - [2026-09-19T23:13:56.367+0000] {dag.py:2726} INFO - Sync 1 DAGs
[2026-09-19T23:13:56.416+0000] {logging_mixin.py:149} INFO - [2026-09-19T23:13:56.415+0000] {dag.py:3490} INFO - Setting next_dagrun for example_weekday_branch_operator to 2026-09-18T00:00:00+00:00, run_after=2026-09-19T00:00:00+00:00
[2026-09-19T23:13:56.451+0000] {processor.py:178} INFO - Processing /home/airflow/.local/lib/python3.7/site-packages/airflow/example_dags/example_branch_day_of_week_operator.py took 0.152 seconds
[2026-09-19T23:14:27.266+0000] {processor.py:156} INFO - Started process (PID=14734) to work on /home/airflow/.local/lib/python3.7/site-packages/airflow/example_dags/example_branch_day_of_week_operator.py
[2026-09-19T23:14:27.270+0000] {processor.py:799} INFO - Processing file /home/airflow/.local/lib/python3.7/site-packages/airflow/example_dags/example_branch_day_of_week_operator.py for tasks to queue
[2026-09-19T23:14:27.271+0000] {logging_mixin.py:149} INFO - [2026-09-19T23:14:27.271+0000] {dagbag.py:541} INFO - Filling up the DagBag from /home/airflow/.local/lib/python3.7/site-packages/airflow/example_dags/example_branch_day_of_week_operator.py
[2026-09-19T23:14:27.285+0000] {processor.py:809} INFO - DAG(s) dict_keys(['example_weekday_branch_operator']) retrieved from /home/airflow/.local/lib/python3.7/site-packages/airflow/example_dags/example_branch_day_of_week_operator.py
[2026-09-19T23:14:27.340+0000] {logging_mixin.py:149} INFO - [2026-09-19T23:14:27.340+0000] {dag.py:2726} INFO - Sync 1 DAGs
[2026-09-19T23:14:27.390+0000] {logging_mixin.py:149} INFO - [2026-09-19T23:14:27.390+0000] {dag.py:3490} INFO - Setting next_dagrun for example_weekday_branch_operator to 2026-09-18T00:00:00+00:00, run_after=2026-09-19T00:00:00+00:00
[2026-09-19T23:14:27.423+0000] {processor.py:178} INFO - Processing /home/airflow/.local/lib/python3.7/site-packages/airflow/example_dags/example_branch_day_of_week_operator.py took 0.162 seconds
[2026-09-19T23:14:58.094+0000] {processor.py:156} INFO - Started process (PID=14790) to work on /home/airflow/.local/lib/python3.7/site-packages/airflow/example_dags/example_branch_day_of_week_operator.py
[2026-09-19T23:14:58.096+0000] {processor.py:799} INFO - Processing file /home/airflow/.local/lib/python3.7/site-packages/airflow/example_dags/example_branch_day_of_week_operator.py for tasks to queue
[2026-09-19T23:14:58.097+0000] {logging_mixin.py:149} INFO - [2026-09-19T23:14:58.097+0000] {dagbag.py:541} INFO - Filling up the DagBag from /home/airflow/.local/lib/python3.7/site-packages/airflow/example_dags/example_branch_day_of_week_operator.py
[2026-09-19T23:14:58.113+0000] {processor.py:809} INFO - DAG(s) dict_keys(['example_weekday_branch_operator']) retrieved from /home/airflow/.local/lib/python3.7/site-packages/airflow/example_dags/example_branch_day_of_week_operator.py
[2026-09-19T23:14:58.168+0000] {logging_mixin.py:149} INFO - [2026-09-19T23:14:58.168+0000] {dag.py:2726} INFO - Sync 1 DAGs
[2026-09-19T23:14:58.224+0000] {logging_mixin.py:149} INFO - [2026-09-19T23:14:58.224+0000] {dag.py:3490} INFO - Setting next_dagrun for example_weekday_branch_operator to 2026-09-18T00:00:00+00:00, run_after=2026-09-19T00:00:00+00:00
[2026-09-19T23:14:58.269+0000] {processor.py:178} INFO - Processing /home/airflow/.local/lib/python3.7/site-packages/airflow/example_dags/example_branch_day_of_week_operator.py took 0.182 seconds
[2026-09-19T23:15:28.872+0000] {processor.py:156} INFO - Started process (PID=14846) to work on /home/airflow/.local/lib/python3.7/site-packages/airflow/example_dags/example_branch_day_of_week_operator.py
[2026-09-19T23:15:28.874+0000] {processor.py:799} INFO - Processing file /home/airflow/.local/lib/python3.7/site-packages/airflow/example_dags/example_branch_day_of_week_operator.py for tasks to queue
[2026-09-19T23:15:28.875+0000] {logging_mixin.py:149} INFO - [2026-09-19T23:15:28.874+0000] {dagbag.py:541} INFO - Filling up the DagBag from /home/airflow/.local/lib/python3.7/site-packages/airflow/example_dags/example_branch_day_of_week_operator.py
[2026-09-19T23:15:28.888+0000] {processor.py:809} INFO - DAG(s) dict_keys(['example_weekday_branch_operator']) retrieved from /home/airflow/.local/lib/python3.7/site-packages/airflow/example_dags/example_branch_day_of_week_operator.py
[2026-09-19T23:15:28.937+0000] {logging_mixin.py:149} INFO - [2026-09-19T23:15:28.937+0000] {dag.py:2726} INFO - Sync 1 DAGs
[2026-09-19T23:15:28.988+0000] {logging_mixin.py:149} INFO - [2026-09-19T23:15:28.988+0000] {dag.py:3490} INFO - Setting next_dagrun for example_weekday_branch_operator to 2026-09-18T00:00:00+00:00, run_after=2026-09-19T00:00:00+00:00
[2026-09-19T23:15:29.025+0000] {processor.py:178} INFO - Processing /home/airflow/.local/lib/python3.7/site-packages/airflow/example_dags/example_branch_day_of_week_operator.py took 0.158 seconds
[2026-09-19T23:15:59.502+0000] {processor.py:156} INFO - Started process (PID=14902) to work on /home/airflow/.local/lib/python3.7/site-packages/airflow/example_dags/example_branch_day_of_week_operator.py
[2026-09-19T23:15:59.504+0000] {processor.py:799} INFO - Processing file /home/airflow/.local/lib/python3.7/site-packages/airflow/example_dags/example_branch_day_of_week_operator.py for tasks to queue
[2026-09-19T23:15:59.505+0000] {logging_mixin.py:149} INFO - [2026-09-19T23:15:59.505+0000] {dagbag.py:541} INFO - Filling up the DagBag from /home/airflow/.local/lib/python3.7/site-packages/airflow/example_dags/example_branch_day_of_week_operator.py
[2026-09-19T23:15:59.518+0000] {processor.py:809} INFO - DAG(s) dict_keys(['example_weekday_branch_operator']) retrieved from /home/airflow/.local/lib/python3.7/site-packages/airflow/example_dags/example_branch_day_of_week_operator.py
[2026-09-19T23:15:59.567+0000] {logging_mixin.py:149} INFO - [2026-09-19T23:15:59.566+0000] {dag.py:2726} INFO - Sync 1 DAGs
[2026-09-19T23:15:59.611+0000] {logging_mixin.py:149} INFO - [2026-09-19T23:15:59.611+0000] {dag.py:3490} INFO - Setting next_dagrun for example_weekday_branch_operator to 2026-09-18T00:00:00+00:00, run_after=2026-09-19T00:00:00+00:00
[2026-09-19T23:15:59.643+0000] {processor.py:178} INFO - Processing /home/airflow/.local/lib/python3.7/site-packages/airflow/example_dags/example_branch_day_of_week_operator.py took 0.147 seconds
[2026-09-19T23:16:29.742+0000] {processor.py:156} INFO - Started process (PID=14958) to work on /home/airflow/.local/lib/python3.7/site-packages/airflow/example_dags/example_branch_day_of_week_operator.py
[2026-09-19T23:16:29.744+0000] {processor.py:799} INFO - Processing file /home/airflow/.local/lib/python3.7/site-packages/airflow/example_dags/example_branch_day_of_week_operator.py for tasks to queue
[2026-09-19T23:16:29.745+0000] {logging_mixin.py:149} INFO - [2026-09-19T23:16:29.745+0000] {dagbag.py:541} INFO - Filling up the DagBag from /home/airflow/.local/lib/python3.7/site-packages/airflow/example_dags/example_branch_day_of_week_operator.py
[2026-09-19T23:16:29.762+0000] {processor.py:809} INFO - DAG(s) dict_keys(['example_weekday_branch_operator']) retrieved from /home/airflow/.local/lib/python3.7/site-packages/airflow/example_dags/example_branch_day_of_week_operator.py
[2026-09-19T23:16:29.809+0000] {logging_mixin.py:149} INFO - [2026-09-19T23:16:29.808+0000] {dag.py:2726} INFO - Sync 1 DAGs
[2026-09-19T23:16:29.851+0000] {logging_mixin.py:149} INFO - [2026-09-19T23:16:29.851+0000] {dag.py:3490} INFO - Setting next_dagrun for example_weekday_branch_operator to 2026-09-18T00:00:00+00:00, run_after=2026-09-19T00:00:00+00:00
[2026-09-19T23:16:29.881+0000] {processor.py:178} INFO - Processing /home/airflow/.local/lib/python3.7/site-packages/airflow/example_dags/example_branch_day_of_week_operator.py took 0.147 seconds
[2026-09-19T23:17:00.102+0000] {processor.py:156} INFO - Started process (PID=15014) to work on /home/airflow/.local/lib/python3.7/site-packages/airflow/example_dags/example_branch_day_of_week_operator.py
[2026-09-19T23:17:00.105+0000] {processor.py:799} INFO - Processing file /home/airflow/.local/lib/python3.7/site-packages/airflow/example_dags/example_branch_day_of_week_operator.py for tasks to queue
[2026-09-19T23:17:00.106+0000] {logging_mixin.py:149} INFO - [2026-09-19T23:17:00.106+0000] {dagbag.py:541} INFO - Filling up the DagBag from /home/airflow/.local/lib/python3.7/site-packages/airflow/example_dags/example_branch_day_of_week_operator.py
[2026-09-19T23:17:00.122+0000] {processor.py:809} INFO - DAG(s) dict_keys(['example_weekday_branch_operator']) retrieved from /home/airflow/.local/lib/python3.7/site-packages/airflow/example_dags/example_branch_day_of_week_operator.py
[2026-09-19T23:17:00.170+0000] {logging_mixin.py:149} INFO - [2026-09-19T23:17:00.170+0000] {dag.py:2726} INFO - Sync 1 DAGs
[2026-09-19T23:17:00.221+0000] {logging_mixin.py:149} INFO - [2026-09-19T23:17:00.221+0000] {dag.py:3490} INFO - Setting next_dagrun for example_weekday_branch_operator to 2026-09-18T00:00:00+00:00, run_after=2026-09-19T00:00:00+00:00
[2026-09-19T23:17:00.256+0000] {processor.py:178} INFO - Processing /home/airflow/.local/lib/python3.7/site-packages/airflow/example_dags/example_branch_day_of_week_operator.py took 0.163 seconds
[2026-09-19T23:17:30.365+0000] {processor.py:156} INFO - Started process (PID=15070) to work on /home/airflow/.local/lib/python3.7/site-packages/airflow/example_dags/example_branch_day_of_week_operator.py
[2026-09-19T23:17:30.366+0000] {processor.py:799} INFO - Processing file /home/airflow/.local/lib/python3.7/site-packages/airflow/example_dags/example_branch_day_of_week_operator.py for tasks to queue
[2026-09-19T23:17:30.367+0000] {logging_mixin.py:149} INFO - [2026-09-19T23:17:30.367+0000] {dagbag.py:541} INFO - Filling up the DagBag from /home/airflow/.local/lib/python3.7/site-packages/airflow/example_dags/example_branch_day_of_week_operator.py
[2026-09-19T23:17:30.380+0000] {processor.py:809} INFO - DAG(s) dict_keys(['example_weekday_branch_operator']) retrieved from /home/airflow/.local/lib/python3.7/site-packages/airflow/example_dags/example_branch_day_of_week_operator.py
[2026-09-19T23:17:30.442+0000] {logging_mixin.py:149} INFO - [2026-09-19T23:17:30.441+0000] {dag.py:2726} INFO - Sync 1 DAGs
[2026-09-19T23:17:30.489+0000] {logging_mixin.py:149} INFO - [2026-09-19T23:17:30.489+0000] {dag.py:3490} INFO - Setting next_dagrun for example_weekday_branch_operator to 2026-09-18T00:00:00+00:00, run_after=2026-09-19T00:00:00+00:00
[2026-09-19T23:17:30.525+0000] {processor.py:178} INFO - Processing /home/airflow/.local/lib/python3.7/site-packages/airflow/example_dags/example_branch_day_of_week_operator.py took 0.166 seconds
[2026-09-19T23:18:00.671+0000] {processor.py:156} INFO - Started process (PID=15126) to work on /home/airflow/.local/lib/python3.7/site-packages/airflow/example_dags/example_branch_day_of_week_operator.py
[2026-09-19T23:18:00.673+0000] {processor.py:799} INFO - Processing file /home/airflow/.local/lib/python3.7/site-packages/airflow/example_dags/example_branch_day_of_week_operator.py for tasks to queue
[2026-09-19T23:18:00.674+0000] {logging_mixin.py:149} INFO - [2026-09-19T23:18:00.674+0000] {dagbag.py:541} INFO - Filling up the DagBag from /home/airflow/.local/lib/python3.7/site-packages/airflow/example_dags/example_branch_day_of_week_operator.py
[2026-09-19T23:18:00.687+0000] {processor.py:809} INFO - DAG(s) dict_keys(['example_weekday_branch_operator']) retrieved from /home/airflow/.local/lib/python3.7/site-packages/airflow/example_dags/example_branch_day_of_week_operator.py
[2026-09-19T23:18:00.741+0000] {logging_mixin.py:149} INFO - [2026-09-19T23:18:00.741+0000] {dag.py:2726} INFO - Sync 1 DAGs
[2026-09-19T23:18:00.787+0000] {logging_mixin.py:149} INFO - [2026-09-19T23:18:00.787+0000] {dag.py:3490} INFO - Setting next_dagrun for example_weekday_branch_operator to 2026-09-18T00:00:00+00:00, run_after=2026-09-19T00:00:00+00:00
[2026-09-19T23:18:00.821+0000] {processor.py:178} INFO - Processing /home/airflow/.local/lib/python3.7/site-packages/airflow/example_dags/example_branch_day_of_week_operator.py took 0.155 seconds
[2026-09-19T23:18:31.269+0000] {processor.py:156} INFO - Started process (PID=15181) to work on /home/airflow/.local/lib/python3.7/site-packages/airflow/example_dags/example_branch_day_of_week_operator.py
[2026-09-19T23:18:31.271+0000] {processor.py:799} INFO - Processing file /home/airflow/.local/lib/python3.7/site-packages/airflow/example_dags/example_branch_day_of_week_operator.py for tasks to queue
[2026-09-19T23:18:31.272+0000] {logging_mixin.py:149} INFO - [2026-09-19T23:18:31.271+0000] {dagbag.py:541} INFO - Filling up the DagBag from /home/airflow/.local/lib/python3.7/site-packages/airflow/example_dags/example_branch_day_of_week_operator.py
[2026-09-19T23:18:31.289+0000] {processor.py:809} INFO - DAG(s) dict_keys(['example_weekday_branch_operator']) retrieved from /home/airflow/.local/lib/python3.7/site-packages/airflow/example_dags/example_branch_day_of_week_operator.py
[2026-09-19T23:18:31.338+0000] {logging_mixin.py:149} INFO - [2026-09-19T23:18:31.338+0000] {dag.py:2726} INFO - Sync 1 DAGs
[2026-09-19T23:18:31.385+0000] {logging_mixin.py:149} INFO - [2026-09-19T23:18:31.385+0000] {dag.py:3490} INFO - Setting next_dagrun for example_weekday_branch_operator to 2026-09-18T00:00:00+00:00, run_after=2026-09-19T00:00:00+00:00
[2026-09-19T23:18:31.417+0000] {processor.py:178} INFO - Processing /home/airflow/.local/lib/python3.7/site-packages/airflow/example_dags/example_branch_day_of_week_operator.py took 0.153 seconds
[2026-09-19T23:19:01.729+0000] {processor.py:156} INFO - Started process (PID=15237) to work on /home/airflow/.local/lib/python3.7/site-packages/airflow/example_dags/example_branch_day_of_week_operator.py
[2026-09-19T23:19:01.733+0000] {processor.py:799} INFO - Processing file /home/airflow/.local/lib/python3.7/site-packages/airflow/example_dags/example_branch_day_of_week_operator.py for tasks to queue
[2026-09-19T23:19:01.735+0000] {logging_mixin.py:149} INFO - [2026-09-19T23:19:01.734+0000] {dagbag.py:541} INFO - Filling up the DagBag from /home/airflow/.local/lib/python3.7/site-packages/airflow/example_dags/example_branch_day_of_week_operator.py
[2026-09-19T23:19:01.750+0000] {processor.py:809} INFO - DAG(s) dict_keys(['example_weekday_branch_operator']) retrieved from /home/airflow/.local/lib/python3.7/site-packages/airflow/example_dags/example_branch_day_of_week_operator.py
[2026-09-19T23:19:01.799+0000] {logging_mixin.py:149} INFO - [2026-09-19T23:19:01.798+0000] {dag.py:2726} INFO - Sync 1 DAGs
[2026-09-19T23:19:01.848+0000] {logging_mixin.py:149} INFO - [2026-09-19T23:19:01.848+0000] {dag.py:3490} INFO - Setting next_dagrun for example_weekday_branch_operator to 2026-09-18T00:00:00+00:00, run_after=2026-09-19T00:00:00+00:00
[2026-09-19T23:19:01.888+0000] {processor.py:178} INFO - Processing /home/airflow/.local/lib/python3.7/site-packages/airflow/example_dags/example_branch_day_of_week_operator.py took 0.166 seconds
[2026-09-19T23:19:32.026+0000] {processor.py:156} INFO - Started process (PID=15293) to work on /home/airflow/.local/lib/python3.7/site-packages/airflow/example_dags/example_branch_day_of_week_operator.py
[2026-09-19T23:19:32.027+0000] {processor.py:799} INFO - Processing file /home/airflow/.local/lib/python3.7/site-packages/airflow/example_dags/example_branch_day_of_week_operator.py for tasks to queue
[2026-09-19T23:19:32.028+0000] {logging_mixin.py:149} INFO - [2026-09-19T23:19:32.028+0000] {dagbag.py:541} INFO - Filling up the DagBag from /home/airflow/.local/lib/python3.7/site-packages/airflow/example_dags/example_branch_day_of_week_operator.py
[2026-09-19T23:19:32.043+0000] {processor.py:809} INFO - DAG(s) dict_keys(['example_weekday_branch_operator']) retrieved from /home/airflow/.local/lib/python3.7/site-packages/airflow/example_dags/example_branch_day_of_week_operator.py
[2026-09-19T23:19:32.090+0000] {logging_mixin.py:149} INFO - [2026-09-19T23:19:32.090+0000] {dag.py:2726} INFO - Sync 1 DAGs
[2026-09-19T23:19:32.133+0000] {logging_mixin.py:149} INFO - [2026-09-19T23:19:32.133+0000] {dag.py:3490} INFO - Setting next_dagrun for example_weekday_branch_operator to 2026-09-18T00:00:00+00:00, run_after=2026-09-19T00:00:00+00:00
[2026-09-19T23:19:32.163+0000] {processor.py:178} INFO - Processing /home/airflow/.local/lib/python3.7/site-packages/airflow/example_dags/example_branch_day_of_week_operator.py took 0.144 seconds
[2026-09-19T23:20:02.949+0000] {processor.py:156} INFO - Started process (PID=15349) to work on /home/airflow/.local/lib/python3.7/site-packages/airflow/example_dags/example_branch_day_of_week_operator.py
[2026-09-19T23:20:02.953+0000] {processor.py:799} INFO - Processing file /home/airflow/.local/lib/python3.7/site-packages/airflow/example_dags/example_branch_day_of_week_operator.py for tasks to queue
[2026-09-19T23:20:02.954+0000] {logging_mixin.py:149} INFO - [2026-09-19T23:20:02.954+0000] {dagbag.py:541} INFO - Filling up the DagBag from /home/airflow/.local/lib/python3.7/site-packages/airflow/example_dags/example_branch_day_of_week_operator.py
[2026-09-19T23:20:02.971+0000] {processor.py:809} INFO - DAG(s) dict_keys(['example_weekday_branch_operator']) retrieved from /home/airflow/.local/lib/python3.7/site-packages/airflow/example_dags/example_branch_day_of_week_operator.py
[2026-09-19T23:20:03.022+0000] {logging_mixin.py:149} INFO - [2026-09-19T23:20:03.022+0000] {dag.py:2726} INFO - Sync 1 DAGs
[2026-09-19T23:20:03.079+0000] {logging_mixin.py:149} INFO - [2026-09-19T23:20:03.078+0000] {dag.py:3490} INFO - Setting next_dagrun for example_weekday_branch_operator to 2026-09-18T00:00:00+00:00, run_after=2026-09-19T00:00:00+00:00
[2026-09-19T23:20:03.115+0000] {processor.py:178} INFO - Processing /home/airflow/.local/lib/python3.7/site-packages/airflow/example_dags/example_branch_day_of_week_operator.py took 0.172 seconds
[2026-09-19T23:20:33.468+0000] {processor.py:156} INFO - Started process (PID=15405) to work on /home/airflow/.local/lib/python3.7/site-packages/airflow/example_dags/example_branch_day_of_week_operator.py
[2026-09-19T23:20:33.470+0000] {processor.py:799} INFO - Processing file /home/airflow/.local/lib/python3.7/site-packages/airflow/example_dags/example_branch_day_of_week_operator.py for tasks to queue
[2026-09-19T23:20:33.471+0000] {logging_mixin.py:149} INFO - [2026-09-19T23:20:33.471+0000] {dagbag.py:541} INFO - Filling up the DagBag from /home/airflow/.local/lib/python3.7/site-packages/airflow/example_dags/example_branch_day_of_week_operator.py
[2026-09-19T23:20:33.487+0000] {processor.py:809} INFO - DAG(s) dict_keys(['example_weekday_branch_operator']) retrieved from /home/airflow/.local/lib/python3.7/site-packages/airflow/example_dags/example_branch_day_of_week_operator.py
[2026-09-19T23:20:33.535+0000] {logging_mixin.py:149} INFO - [2026-09-19T23:20:33.535+0000] {dag.py:2726} INFO - Sync 1 DAGs
[2026-09-19T23:20:33.583+0000] {logging_mixin.py:149} INFO - [2026-09-19T23:20:33.583+0000] {dag.py:3490} INFO - Setting next_dagrun for example_weekday_branch_operator to 2026-09-18T00:00:00+00:00, run_after=2026-09-19T00:00:00+00:00
[2026-09-19T23:20:33.614+0000] {processor.py:178} INFO - Processing /home/airflow/.local/lib/python3.7/site-packages/airflow/example_dags/example_branch_day_of_week_operator.py took 0.155 seconds
[2026-09-19T23:21:04.238+0000] {processor.py:156} INFO - Started process (PID=15461) to work on /home/airflow/.local/lib/python3.7/site-packages/airflow/example_dags/example_branch_day_of_week_operator.py
[2026-09-19T23:21:04.240+0000] {processor.py:799} INFO - Processing file /home/airflow/.local/lib/python3.7/site-packages/airflow/example_dags/example_branch_day_of_week_operator.py for tasks to queue
[2026-09-19T23:21:04.241+0000] {logging_mixin.py:149} INFO - [2026-09-19T23:21:04.241+0000] {dagbag.py:541} INFO - Filling up the DagBag from /home/airflow/.local/lib/python3.7/site-packages/airflow/example_dags/example_branch_day_of_week_operator.py
[2026-09-19T23:21:04.256+0000] {processor.py:809} INFO - DAG(s) dict_keys(['example_weekday_branch_operator']) retrieved from /home/airflow/.local/lib/python3.7/site-packages/airflow/example_dags/example_branch_day_of_week_operator.py
[2026-09-19T23:21:04.316+0000] {logging_mixin.py:149} INFO - [2026-09-19T23:21:04.316+0000] {dag.py:2726} INFO - Sync 1 DAGs
[2026-09-19T23:21:04.374+0000] {logging_mixin.py:149} INFO - [2026-09-19T23:21:04.374+0000] {dag.py:3490} INFO - Setting next_dagrun for example_weekday_branch_operator to 2026-09-18T00:00:00+00:00, run_after=2026-09-19T00:00:00+00:00
[2026-09-19T23:21:04.414+0000] {processor.py:178} INFO - Processing /home/airflow/.local/lib/python3.7/site-packages/airflow/example_dags/example_branch_day_of_week_operator.py took 0.183 seconds
[2026-09-19T23:21:34.903+0000] {processor.py:156} INFO - Started process (PID=15517) to work on /home/airflow/.local/lib/python3.7/site-packages/airflow/example_dags/example_branch_day_of_week_operator.py
[2026-09-19T23:21:34.905+0000] {processor.py:799} INFO - Processing file /home/airflow/.local/lib/python3.7/site-packages/airflow/example_dags/example_branch_day_of_week_operator.py for tasks to queue
[2026-09-19T23:21:34.906+0000] {logging_mixin.py:149} INFO - [2026-09-19T23:21:34.906+0000] {dagbag.py:541} INFO - Filling up the DagBag from /home/airflow/.local/lib/python3.7/site-packages/airflow/example_dags/example_branch_day_of_week_operator.py
[2026-09-19T23:21:34.919+0000] {processor.py:809} INFO - DAG(s) dict_keys(['example_weekday_branch_operator']) retrieved from /home/airflow/.local/lib/python3.7/site-packages/airflow/example_dags/example_branch_day_of_week_operator.py
[2026-09-19T23:21:34.966+0000] {logging_mixin.py:149} INFO - [2026-09-19T23:21:34.966+0000] {dag.py:2726} INFO - Sync 1 DAGs
[2026-09-19T23:21:35.019+0000] {logging_mixin.py:149} INFO - [2026-09-19T23:21:35.018+0000] {dag.py:3490} INFO - Setting next_dagrun for example_weekday_branch_operator to 2026-09-18T00:00:00+00:00, run_after=2026-09-19T00:00:00+00:00
[2026-09-19T23:21:35.051+0000] {processor.py:178} INFO - Processing /home/airflow/.local/lib/python3.7/site-packages/airflow/example_dags/example_branch_day_of_week_operator.py took 0.153 seconds
[2026-09-19T23:22:05.321+0000] {processor.py:156} INFO - Started process (PID=15573) to work on /home/airflow/.local/lib/python3.7/site-packages/airflow/example_dags/example_branch_day_of_week_operator.py
[2026-09-19T23:22:05.323+0000] {processor.py:799} INFO - Processing file /home/airflow/.local/lib/python3.7/site-packages/airflow/example_dags/example_branch_day_of_week_operator.py for tasks to queue
[2026-09-19T23:22:05.324+0000] {logging_mixin.py:149} INFO - [2026-09-19T23:22:05.324+0000] {dagbag.py:541} INFO - Filling up the DagBag from /home/airflow/.local/lib/python3.7/site-packages/airflow/example_dags/example_branch_day_of_week_operator.py
[2026-09-19T23:22:05.338+0000] {processor.py:809} INFO - DAG(s) dict_keys(['example_weekday_branch_operator']) retrieved from /home/airflow/.local/lib/python3.7/site-packages/airflow/example_dags/example_branch_day_of_week_operator.py
[2026-09-19T23:22:05.384+0000] {logging_mixin.py:149} INFO - [2026-09-19T23:22:05.384+0000] {dag.py:2726} INFO - Sync 1 DAGs
[2026-09-19T23:22:05.433+0000] {logging_mixin.py:149} INFO - [2026-09-19T23:22:05.433+0000] {dag.py:3490} INFO - Setting next_dagrun for example_weekday_branch_operator to 2026-09-18T00:00:00+00:00, run_after=2026-09-19T00:00:00+00:00
[2026-09-19T23:22:05.476+0000] {processor.py:178} INFO - Processing /home/airflow/.local/lib/python3.7/site-packages/airflow/example_dags/example_branch_day_of_week_operator.py took 0.160 seconds
[2026-09-19T23:22:36.319+0000] {processor.py:156} INFO - Started process (PID=15625) to work on /home/airflow/.local/lib/python3.7/site-packages/airflow/example_dags/example_branch_day_of_week_operator.py
[2026-09-19T23:22:36.320+0000] {processor.py:799} INFO - Processing file /home/airflow/.local/lib/python3.7/site-packages/airflow/example_dags/example_branch_day_of_week_operator.py for tasks to queue
[2026-09-19T23:22:36.321+0000] {logging_mixin.py:149} INFO - [2026-09-19T23:22:36.321+0000] {dagbag.py:541} INFO - Filling up the DagBag from /home/airflow/.local/lib/python3.7/site-packages/airflow/example_dags/example_branch_day_of_week_operator.py
[2026-09-19T23:22:36.334+0000] {processor.py:809} INFO - DAG(s) dict_keys(['example_weekday_branch_operator']) retrieved from /home/airflow/.local/lib/python3.7/site-packages/airflow/example_dags/example_branch_day_of_week_operator.py
[2026-09-19T23:22:36.401+0000] {logging_mixin.py:149} INFO - [2026-09-19T23:22:36.401+0000] {dag.py:2726} INFO - Sync 1 DAGs
[2026-09-19T23:22:36.453+0000] {logging_mixin.py:149} INFO - [2026-09-19T23:22:36.453+0000] {dag.py:3490} INFO - Setting next_dagrun for example_weekday_branch_operator to 2026-09-18T00:00:00+00:00, run_after=2026-09-19T00:00:00+00:00
[2026-09-19T23:22:36.487+0000] {processor.py:178} INFO - Processing /home/airflow/.local/lib/python3.7/site-packages/airflow/example_dags/example_branch_day_of_week_operator.py took 0.174 seconds
[2026-09-19T23:23:06.986+0000] {processor.py:156} INFO - Started process (PID=15681) to work on /home/airflow/.local/lib/python3.7/site-packages/airflow/example_dags/example_branch_day_of_week_operator.py
[2026-09-19T23:23:06.988+0000] {processor.py:799} INFO - Processing file /home/airflow/.local/lib/python3.7/site-packages/airflow/example_dags/example_branch_day_of_week_operator.py for tasks to queue
[2026-09-19T23:23:06.989+0000] {logging_mixin.py:149} INFO - [2026-09-19T23:23:06.989+0000] {dagbag.py:541} INFO - Filling up the DagBag from /home/airflow/.local/lib/python3.7/site-packages/airflow/example_dags/example_branch_day_of_week_operator.py
[2026-09-19T23:23:07.002+0000] {processor.py:809} INFO - DAG(s) dict_keys(['example_weekday_branch_operator']) retrieved from /home/airflow/.local/lib/python3.7/site-packages/airflow/example_dags/example_branch_day_of_week_operator.py
[2026-09-19T23:23:07.052+0000] {logging_mixin.py:149} INFO - [2026-09-19T23:23:07.052+0000] {dag.py:2726} INFO - Sync 1 DAGs
[2026-09-19T23:23:07.109+0000] {logging_mixin.py:149} INFO - [2026-09-19T23:23:07.108+0000] {dag.py:3490} INFO - Setting next_dagrun for example_weekday_branch_operator to 2026-09-18T00:00:00+00:00, run_after=2026-09-19T00:00:00+00:00
[2026-09-19T23:23:07.141+0000] {processor.py:178} INFO - Processing /home/airflow/.local/lib/python3.7/site-packages/airflow/example_dags/example_branch_day_of_week_operator.py took 0.161 seconds
[2026-09-19T23:23:37.687+0000] {processor.py:156} INFO - Started process (PID=15737) to work on /home/airflow/.local/lib/python3.7/site-packages/airflow/example_dags/example_branch_day_of_week_operator.py
[2026-09-19T23:23:37.689+0000] {processor.py:799} INFO - Processing file /home/airflow/.local/lib/python3.7/site-packages/airflow/example_dags/example_branch_day_of_week_operator.py for tasks to queue
[2026-09-19T23:23:37.690+0000] {logging_mixin.py:149} INFO - [2026-09-19T23:23:37.690+0000] {dagbag.py:541} INFO - Filling up the DagBag from /home/airflow/.local/lib/python3.7/site-packages/airflow/example_dags/example_branch_day_of_week_operator.py
[2026-09-19T23:23:37.710+0000] {processor.py:809} INFO - DAG(s) dict_keys(['example_weekday_branch_operator']) retrieved from /home/airflow/.local/lib/python3.7/site-packages/airflow/example_dags/example_branch_day_of_week_operator.py
[2026-09-19T23:23:37.784+0000] {logging_mixin.py:149} INFO - [2026-09-19T23:23:37.784+0000] {dag.py:2726} INFO - Sync 1 DAGs
[2026-09-19T23:23:37.855+0000] {logging_mixin.py:149} INFO - [2026-09-19T23:23:37.854+0000] {dag.py:3490} INFO - Setting next_dagrun for example_weekday_branch_operator to 2026-09-18T00:00:00+00:00, run_after=2026-09-19T00:00:00+00:00
[2026-09-19T23:23:37.913+0000] {processor.py:178} INFO - Processing /home/airflow/.local/lib/python3.7/site-packages/airflow/example_dags/example_branch_day_of_week_operator.py took 0.234 seconds
[2026-09-19T23:24:08.450+0000] {processor.py:156} INFO - Started process (PID=15793) to work on /home/airflow/.local/lib/python3.7/site-packages/airflow/example_dags/example_branch_day_of_week_operator.py
[2026-09-19T23:24:08.451+0000] {processor.py:799} INFO - Processing file /home/airflow/.local/lib/python3.7/site-packages/airflow/example_dags/example_branch_day_of_week_operator.py for tasks to queue
[2026-09-19T23:24:08.452+0000] {logging_mixin.py:149} INFO - [2026-09-19T23:24:08.452+0000] {dagbag.py:541} INFO - Filling up the DagBag from /home/airflow/.local/lib/python3.7/site-packages/airflow/example_dags/example_branch_day_of_week_operator.py
[2026-09-19T23:24:08.465+0000] {processor.py:809} INFO - DAG(s) dict_keys(['example_weekday_branch_operator']) retrieved from /home/airflow/.local/lib/python3.7/site-packages/airflow/example_dags/example_branch_day_of_week_operator.py
[2026-09-19T23:24:08.511+0000] {logging_mixin.py:149} INFO - [2026-09-19T23:24:08.511+0000] {dag.py:2726} INFO - Sync 1 DAGs
[2026-09-19T23:24:08.558+0000] {logging_mixin.py:149} INFO - [2026-09-19T23:24:08.558+0000] {dag.py:3490} INFO - Setting next_dagrun for example_weekday_branch_operator to 2026-09-18T00:00:00+00:00, run_after=2026-09-19T00:00:00+00:00
[2026-09-19T23:24:08.589+0000] {processor.py:178} INFO - Processing /home/airflow/.local/lib/python3.7/site-packages/airflow/example_dags/example_branch_day_of_week_operator.py took 0.145 seconds
[2026-09-19T23:24:39.037+0000] {processor.py:156} INFO - Started process (PID=15849) to work on /home/airflow/.local/lib/python3.7/site-packages/airflow/example_dags/example_branch_day_of_week_operator.py
[2026-09-19T23:24:39.038+0000] {processor.py:799} INFO - Processing file /home/airflow/.local/lib/python3.7/site-packages/airflow/example_dags/example_branch_day_of_week_operator.py for tasks to queue
[2026-09-19T23:24:39.039+0000] {logging_mixin.py:149} INFO - [2026-09-19T23:24:39.039+0000] {dagbag.py:541} INFO - Filling up the DagBag from /home/airflow/.local/lib/python3.7/site-packages/airflow/example_dags/example_branch_day_of_week_operator.py
[2026-09-19T23:24:39.052+0000] {processor.py:809} INFO - DAG(s) dict_keys(['example_weekday_branch_operator']) retrieved from /home/airflow/.local/lib/python3.7/site-packages/airflow/example_dags/example_branch_day_of_week_operator.py
[2026-09-19T23:24:39.098+0000] {logging_mixin.py:149} INFO - [2026-09-19T23:24:39.097+0000] {dag.py:2726} INFO - Sync 1 DAGs
[2026-09-19T23:24:39.143+0000] {logging_mixin.py:149} INFO - [2026-09-19T23:24:39.143+0000] {dag.py:3490} INFO - Setting next_dagrun for example_weekday_branch_operator to 2026-09-18T00:00:00+00:00, run_after=2026-09-19T00:00:00+00:00
[2026-09-19T23:24:39.178+0000] {processor.py:178} INFO - Processing /home/airflow/.local/lib/python3.7/site-packages/airflow/example_dags/example_branch_day_of_week_operator.py took 0.148 seconds
[2026-09-19T23:25:09.215+0000] {processor.py:156} INFO - Started process (PID=15905) to work on /home/airflow/.local/lib/python3.7/site-packages/airflow/example_dags/example_branch_day_of_week_operator.py
[2026-09-19T23:25:09.217+0000] {processor.py:799} INFO - Processing file /home/airflow/.local/lib/python3.7/site-packages/airflow/example_dags/example_branch_day_of_week_operator.py for tasks to queue
[2026-09-19T23:25:09.218+0000] {logging_mixin.py:149} INFO - [2026-09-19T23:25:09.218+0000] {dagbag.py:541} INFO - Filling up the DagBag from /home/airflow/.local/lib/python3.7/site-packages/airflow/example_dags/example_branch_day_of_week_operator.py
[2026-09-19T23:25:09.240+0000] {processor.py:809} INFO - DAG(s) dict_keys(['example_weekday_branch_operator']) retrieved from /home/airflow/.local/lib/python3.7/site-packages/airflow/example_dags/example_branch_day_of_week_operator.py
[2026-09-19T23:25:09.291+0000] {logging_mixin.py:149} INFO - [2026-09-19T23:25:09.291+0000] {dag.py:2726} INFO - Sync 1 DAGs
[2026-09-19T23:25:09.343+0000] {logging_mixin.py:149} INFO - [2026-09-19T23:25:09.342+0000] {dag.py:3490} INFO - Setting next_dagrun for example_weekday_branch_operator to 2026-09-18T00:00:00+00:00, run_after=2026-09-19T00:00:00+00:00
[2026-09-19T23:25:09.377+0000] {processor.py:178} INFO - Processing /home/airflow/.local/lib/python3.7/site-packages/airflow/example_dags/example_branch_day_of_week_operator.py took 0.168 seconds
[2026-09-19T23:25:40.163+0000] {processor.py:156} INFO - Started process (PID=15962) to work on /home/airflow/.local/lib/python3.7/site-packages/airflow/example_dags/example_branch_day_of_week_operator.py
[2026-09-19T23:25:40.165+0000] {processor.py:799} INFO - Processing file /home/airflow/.local/lib/python3.7/site-packages/airflow/example_dags/example_branch_day_of_week_operator.py for tasks to queue
[2026-09-19T23:25:40.166+0000] {logging_mixin.py:149} INFO - [2026-09-19T23:25:40.165+0000] {dagbag.py:541} INFO - Filling up the DagBag from /home/airflow/.local/lib/python3.7/site-packages/airflow/example_dags/example_branch_day_of_week_operator.py
[2026-09-19T23:25:40.179+0000] {processor.py:809} INFO - DAG(s) dict_keys(['example_weekday_branch_operator']) retrieved from /home/airflow/.local/lib/python3.7/site-packages/airflow/example_dags/example_branch_day_of_week_operator.py
[2026-09-19T23:25:40.223+0000] {logging_mixin.py:149} INFO - [2026-09-19T23:25:40.223+0000] {dag.py:2726} INFO - Sync 1 DAGs
[2026-09-19T23:25:40.269+0000] {logging_mixin.py:149} INFO - [2026-09-19T23:25:40.269+0000] {dag.py:3490} INFO - Setting next_dagrun for example_weekday_branch_operator to 2026-09-18T00:00:00+00:00, run_after=2026-09-19T00:00:00+00:00
[2026-09-19T23:25:40.299+0000] {processor.py:178} INFO - Processing /home/airflow/.local/lib/python3.7/site-packages/airflow/example_dags/example_branch_day_of_week_operator.py took 0.142 seconds
[2026-09-19T23:26:11.138+0000] {processor.py:156} INFO - Started process (PID=16019) to work on /home/airflow/.local/lib/python3.7/site-packages/airflow/example_dags/example_branch_day_of_week_operator.py
[2026-09-19T23:26:11.140+0000] {processor.py:799} INFO - Processing file /home/airflow/.local/lib/python3.7/site-packages/airflow/example_dags/example_branch_day_of_week_operator.py for tasks to queue
[2026-09-19T23:26:11.141+0000] {logging_mixin.py:149} INFO - [2026-09-19T23:26:11.140+0000] {dagbag.py:541} INFO - Filling up the DagBag from /home/airflow/.local/lib/python3.7/site-packages/airflow/example_dags/example_branch_day_of_week_operator.py
[2026-09-19T23:26:11.155+0000] {processor.py:809} INFO - DAG(s) dict_keys(['example_weekday_branch_operator']) retrieved from /home/airflow/.local/lib/python3.7/site-packages/airflow/example_dags/example_branch_day_of_week_operator.py
[2026-09-19T23:26:11.199+0000] {logging_mixin.py:149} INFO - [2026-09-19T23:26:11.199+0000] {dag.py:2726} INFO - Sync 1 DAGs
[2026-09-19T23:26:11.251+0000] {logging_mixin.py:149} INFO - [2026-09-19T23:26:11.251+0000] {dag.py:3490} INFO - Setting next_dagrun for example_weekday_branch_operator to 2026-09-18T00:00:00+00:00, run_after=2026-09-19T00:00:00+00:00
[2026-09-19T23:26:11.498+0000] {processor.py:178} INFO - Processing /home/airflow/.local/lib/python3.7/site-packages/airflow/example_dags/example_branch_day_of_week_operator.py took 0.367 seconds
[2026-09-19T23:26:42.199+0000] {processor.py:156} INFO - Started process (PID=16083) to work on /home/airflow/.local/lib/python3.7/site-packages/airflow/example_dags/example_branch_day_of_week_operator.py
[2026-09-19T23:26:42.201+0000] {processor.py:799} INFO - Processing file /home/airflow/.local/lib/python3.7/site-packages/airflow/example_dags/example_branch_day_of_week_operator.py for tasks to queue
[2026-09-19T23:26:42.202+0000] {logging_mixin.py:149} INFO - [2026-09-19T23:26:42.202+0000] {dagbag.py:541} INFO - Filling up the DagBag from /home/airflow/.local/lib/python3.7/site-packages/airflow/example_dags/example_branch_day_of_week_operator.py
[2026-09-19T23:26:42.217+0000] {processor.py:809} INFO - DAG(s) dict_keys(['example_weekday_branch_operator']) retrieved from /home/airflow/.local/lib/python3.7/site-packages/airflow/example_dags/example_branch_day_of_week_operator.py
[2026-09-19T23:26:42.266+0000] {logging_mixin.py:149} INFO - [2026-09-19T23:26:42.266+0000] {dag.py:2726} INFO - Sync 1 DAGs
[2026-09-19T23:26:42.319+0000] {logging_mixin.py:149} INFO - [2026-09-19T23:26:42.318+0000] {dag.py:3490} INFO - Setting next_dagrun for example_weekday_branch_operator to 2026-09-18T00:00:00+00:00, run_after=2026-09-19T00:00:00+00:00
[2026-09-19T23:26:42.353+0000] {processor.py:178} INFO - Processing /home/airflow/.local/lib/python3.7/site-packages/airflow/example_dags/example_branch_day_of_week_operator.py took 0.161 seconds
[2026-09-19T23:27:12.541+0000] {processor.py:156} INFO - Started process (PID=16139) to work on /home/airflow/.local/lib/python3.7/site-packages/airflow/example_dags/example_branch_day_of_week_operator.py
[2026-09-19T23:27:12.544+0000] {processor.py:799} INFO - Processing file /home/airflow/.local/lib/python3.7/site-packages/airflow/example_dags/example_branch_day_of_week_operator.py for tasks to queue
[2026-09-19T23:27:12.545+0000] {logging_mixin.py:149} INFO - [2026-09-19T23:27:12.545+0000] {dagbag.py:541} INFO - Filling up the DagBag from /home/airflow/.local/lib/python3.7/site-packages/airflow/example_dags/example_branch_day_of_week_operator.py
[2026-09-19T23:27:12.560+0000] {processor.py:809} INFO - DAG(s) dict_keys(['example_weekday_branch_operator']) retrieved from /home/airflow/.local/lib/python3.7/site-packages/airflow/example_dags/example_branch_day_of_week_operator.py
[2026-09-19T23:27:12.608+0000] {logging_mixin.py:149} INFO - [2026-09-19T23:27:12.607+0000] {dag.py:2726} INFO - Sync 1 DAGs
[2026-09-19T23:27:12.652+0000] {logging_mixin.py:149} INFO - [2026-09-19T23:27:12.652+0000] {dag.py:3490} INFO - Setting next_dagrun for example_weekday_branch_operator to 2026-09-18T00:00:00+00:00, run_after=2026-09-19T00:00:00+00:00
[2026-09-19T23:27:12.692+0000] {processor.py:178} INFO - Processing /home/airflow/.local/lib/python3.7/site-packages/airflow/example_dags/example_branch_day_of_week_operator.py took 0.157 seconds
[2026-09-19T23:27:43.578+0000] {processor.py:156} INFO - Started process (PID=16195) to work on /home/airflow/.local/lib/python3.7/site-packages/airflow/example_dags/example_branch_day_of_week_operator.py
[2026-09-19T23:27:43.580+0000] {processor.py:799} INFO - Processing file /home/airflow/.local/lib/python3.7/site-packages/airflow/example_dags/example_branch_day_of_week_operator.py for tasks to queue
[2026-09-19T23:27:43.581+0000] {logging_mixin.py:149} INFO - [2026-09-19T23:27:43.581+0000] {dagbag.py:541} INFO - Filling up the DagBag from /home/airflow/.local/lib/python3.7/site-packages/airflow/example_dags/example_branch_day_of_week_operator.py
[2026-09-19T23:27:43.594+0000] {processor.py:809} INFO - DAG(s) dict_keys(['example_weekday_branch_operator']) retrieved from /home/airflow/.local/lib/python3.7/site-packages/airflow/example_dags/example_branch_day_of_week_operator.py
[2026-09-19T23:27:43.643+0000] {logging_mixin.py:149} INFO - [2026-09-19T23:27:43.643+0000] {dag.py:2726} INFO - Sync 1 DAGs
[2026-09-19T23:27:43.891+0000] {logging_mixin.py:149} INFO - [2026-09-19T23:27:43.891+0000] {dag.py:3490} INFO - Setting next_dagrun for example_weekday_branch_operator to 2026-09-18T00:00:00+00:00, run_after=2026-09-19T00:00:00+00:00
[2026-09-19T23:27:43.922+0000] {processor.py:178} INFO - Processing /home/airflow/.local/lib/python3.7/site-packages/airflow/example_dags/example_branch_day_of_week_operator.py took 0.350 seconds
[2026-09-19T23:28:14.656+0000] {processor.py:156} INFO - Started process (PID=16251) to work on /home/airflow/.local/lib/python3.7/site-packages/airflow/example_dags/example_branch_day_of_week_operator.py
[2026-09-19T23:28:14.658+0000] {processor.py:799} INFO - Processing file /home/airflow/.local/lib/python3.7/site-packages/airflow/example_dags/example_branch_day_of_week_operator.py for tasks to queue
[2026-09-19T23:28:14.660+0000] {logging_mixin.py:149} INFO - [2026-09-19T23:28:14.660+0000] {dagbag.py:541} INFO - Filling up the DagBag from /home/airflow/.local/lib/python3.7/site-packages/airflow/example_dags/example_branch_day_of_week_operator.py
[2026-09-19T23:28:14.674+0000] {processor.py:809} INFO - DAG(s) dict_keys(['example_weekday_branch_operator']) retrieved from /home/airflow/.local/lib/python3.7/site-packages/airflow/example_dags/example_branch_day_of_week_operator.py
[2026-09-19T23:28:14.728+0000] {logging_mixin.py:149} INFO - [2026-09-19T23:28:14.728+0000] {dag.py:2726} INFO - Sync 1 DAGs
[2026-09-19T23:28:14.779+0000] {logging_mixin.py:149} INFO - [2026-09-19T23:28:14.779+0000] {dag.py:3490} INFO - Setting next_dagrun for example_weekday_branch_operator to 2026-09-18T00:00:00+00:00, run_after=2026-09-19T00:00:00+00:00
[2026-09-19T23:28:14.812+0000] {processor.py:178} INFO - Processing /home/airflow/.local/lib/python3.7/site-packages/airflow/example_dags/example_branch_day_of_week_operator.py took 0.163 seconds
[2026-09-19T23:28:45.147+0000] {processor.py:156} INFO - Started process (PID=16307) to work on /home/airflow/.local/lib/python3.7/site-packages/airflow/example_dags/example_branch_day_of_week_operator.py
[2026-09-19T23:28:45.152+0000] {processor.py:799} INFO - Processing file /home/airflow/.local/lib/python3.7/site-packages/airflow/example_dags/example_branch_day_of_week_operator.py for tasks to queue
[2026-09-19T23:28:45.154+0000] {logging_mixin.py:149} INFO - [2026-09-19T23:28:45.154+0000] {dagbag.py:541} INFO - Filling up the DagBag from /home/airflow/.local/lib/python3.7/site-packages/airflow/example_dags/example_branch_day_of_week_operator.py
[2026-09-19T23:28:45.169+0000] {processor.py:809} INFO - DAG(s) dict_keys(['example_weekday_branch_operator']) retrieved from /home/airflow/.local/lib/python3.7/site-packages/airflow/example_dags/example_branch_day_of_week_operator.py
[2026-09-19T23:28:45.225+0000] {logging_mixin.py:149} INFO - [2026-09-19T23:28:45.225+0000] {dag.py:2726} INFO - Sync 1 DAGs
[2026-09-19T23:28:45.499+0000] {logging_mixin.py:149} INFO - [2026-09-19T23:28:45.498+0000] {dag.py:3490} INFO - Setting next_dagrun for example_weekday_branch_operator to 2026-09-18T00:00:00+00:00, run_after=2026-09-19T00:00:00+00:00
[2026-09-19T23:28:45.528+0000] {processor.py:178} INFO - Processing /home/airflow/.local/lib/python3.7/site-packages/airflow/example_dags/example_branch_day_of_week_operator.py took 0.387 seconds
[2026-09-19T23:29:16.289+0000] {processor.py:156} INFO - Started process (PID=16364) to work on /home/airflow/.local/lib/python3.7/site-packages/airflow/example_dags/example_branch_day_of_week_operator.py
[2026-09-19T23:29:16.296+0000] {processor.py:799} INFO - Processing file /home/airflow/.local/lib/python3.7/site-packages/airflow/example_dags/example_branch_day_of_week_operator.py for tasks to queue
[2026-09-19T23:29:16.297+0000] {logging_mixin.py:149} INFO - [2026-09-19T23:29:16.297+0000] {dagbag.py:541} INFO - Filling up the DagBag from /home/airflow/.local/lib/python3.7/site-packages/airflow/example_dags/example_branch_day_of_week_operator.py
[2026-09-19T23:29:16.316+0000] {processor.py:809} INFO - DAG(s) dict_keys(['example_weekday_branch_operator']) retrieved from /home/airflow/.local/lib/python3.7/site-packages/airflow/example_dags/example_branch_day_of_week_operator.py
[2026-09-19T23:29:16.362+0000] {logging_mixin.py:149} INFO - [2026-09-19T23:29:16.362+0000] {dag.py:2726} INFO - Sync 1 DAGs
[2026-09-19T23:29:16.414+0000] {logging_mixin.py:149} INFO - [2026-09-19T23:29:16.413+0000] {dag.py:3490} INFO - Setting next_dagrun for example_weekday_branch_operator to 2026-09-18T00:00:00+00:00, run_after=2026-09-19T00:00:00+00:00
[2026-09-19T23:29:16.657+0000] {processor.py:178} INFO - Processing /home/airflow/.local/lib/python3.7/site-packages/airflow/example_dags/example_branch_day_of_week_operator.py took 0.375 seconds
[2026-09-19T23:29:47.566+0000] {processor.py:156} INFO - Started process (PID=16420) to work on /home/airflow/.local/lib/python3.7/site-packages/airflow/example_dags/example_branch_day_of_week_operator.py
[2026-09-19T23:29:47.568+0000] {processor.py:799} INFO - Processing file /home/airflow/.local/lib/python3.7/site-packages/airflow/example_dags/example_branch_day_of_week_operator.py for tasks to queue
[2026-09-19T23:29:47.570+0000] {logging_mixin.py:149} INFO - [2026-09-19T23:29:47.569+0000] {dagbag.py:541} INFO - Filling up the DagBag from /home/airflow/.local/lib/python3.7/site-packages/airflow/example_dags/example_branch_day_of_week_operator.py
[2026-09-19T23:29:47.585+0000] {processor.py:809} INFO - DAG(s) dict_keys(['example_weekday_branch_operator']) retrieved from /home/airflow/.local/lib/python3.7/site-packages/airflow/example_dags/example_branch_day_of_week_operator.py
[2026-09-19T23:29:47.650+0000] {logging_mixin.py:149} INFO - [2026-09-19T23:29:47.650+0000] {dag.py:2726} INFO - Sync 1 DAGs
[2026-09-19T23:29:47.696+0000] {logging_mixin.py:149} INFO - [2026-09-19T23:29:47.696+0000] {dag.py:3490} INFO - Setting next_dagrun for example_weekday_branch_operator to 2026-09-18T00:00:00+00:00, run_after=2026-09-19T00:00:00+00:00
[2026-09-19T23:29:47.726+0000] {processor.py:178} INFO - Processing /home/airflow/.local/lib/python3.7/site-packages/airflow/example_dags/example_branch_day_of_week_operator.py took 0.169 seconds
[2026-09-19T23:30:18.058+0000] {processor.py:156} INFO - Started process (PID=16476) to work on /home/airflow/.local/lib/python3.7/site-packages/airflow/example_dags/example_branch_day_of_week_operator.py
[2026-09-19T23:30:18.061+0000] {processor.py:799} INFO - Processing file /home/airflow/.local/lib/python3.7/site-packages/airflow/example_dags/example_branch_day_of_week_operator.py for tasks to queue
[2026-09-19T23:30:18.063+0000] {logging_mixin.py:149} INFO - [2026-09-19T23:30:18.062+0000] {dagbag.py:541} INFO - Filling up the DagBag from /home/airflow/.local/lib/python3.7/site-packages/airflow/example_dags/example_branch_day_of_week_operator.py
[2026-09-19T23:30:18.078+0000] {processor.py:809} INFO - DAG(s) dict_keys(['example_weekday_branch_operator']) retrieved from /home/airflow/.local/lib/python3.7/site-packages/airflow/example_dags/example_branch_day_of_week_operator.py
[2026-09-19T23:30:18.123+0000] {logging_mixin.py:149} INFO - [2026-09-19T23:30:18.123+0000] {dag.py:2726} INFO - Sync 1 DAGs
[2026-09-19T23:30:18.358+0000] {logging_mixin.py:149} INFO - [2026-09-19T23:30:18.357+0000] {dag.py:3490} INFO - Setting next_dagrun for example_weekday_branch_operator to 2026-09-18T00:00:00+00:00, run_after=2026-09-19T00:00:00+00:00
[2026-09-19T23:30:18.387+0000] {processor.py:178} INFO - Processing /home/airflow/.local/lib/python3.7/site-packages/airflow/example_dags/example_branch_day_of_week_operator.py took 0.336 seconds
[2026-09-19T23:30:48.646+0000] {processor.py:156} INFO - Started process (PID=16532) to work on /home/airflow/.local/lib/python3.7/site-packages/airflow/example_dags/example_branch_day_of_week_operator.py
[2026-09-19T23:30:48.650+0000] {processor.py:799} INFO - Processing file /home/airflow/.local/lib/python3.7/site-packages/airflow/example_dags/example_branch_day_of_week_operator.py for tasks to queue
[2026-09-19T23:30:48.652+0000] {logging_mixin.py:149} INFO - [2026-09-19T23:30:48.651+0000] {dagbag.py:541} INFO - Filling up the DagBag from /home/airflow/.local/lib/python3.7/site-packages/airflow/example_dags/example_branch_day_of_week_operator.py
[2026-09-19T23:30:48.666+0000] {processor.py:809} INFO - DAG(s) dict_keys(['example_weekday_branch_operator']) retrieved from /home/airflow/.local/lib/python3.7/site-packages/airflow/example_dags/example_branch_day_of_week_operator.py
[2026-09-19T23:30:48.718+0000] {logging_mixin.py:149} INFO - [2026-09-19T23:30:48.718+0000] {dag.py:2726} INFO - Sync 1 DAGs
[2026-09-19T23:30:48.977+0000] {logging_mixin.py:149} INFO - [2026-09-19T23:30:48.977+0000] {dag.py:3490} INFO - Setting next_dagrun for example_weekday_branch_operator to 2026-09-18T00:00:00+00:00, run_after=2026-09-19T00:00:00+00:00
[2026-09-19T23:30:49.005+0000] {processor.py:178} INFO - Processing /home/airflow/.local/lib/python3.7/site-packages/airflow/example_dags/example_branch_day_of_week_operator.py took 0.369 seconds
[2026-09-19T23:31:19.567+0000] {processor.py:156} INFO - Started process (PID=16588) to work on /home/airflow/.local/lib/python3.7/site-packages/airflow/example_dags/example_branch_day_of_week_operator.py
[2026-09-19T23:31:19.570+0000] {processor.py:799} INFO - Processing file /home/airflow/.local/lib/python3.7/site-packages/airflow/example_dags/example_branch_day_of_week_operator.py for tasks to queue
[2026-09-19T23:31:19.572+0000] {logging_mixin.py:149} INFO - [2026-09-19T23:31:19.571+0000] {dagbag.py:541} INFO - Filling up the DagBag from /home/airflow/.local/lib/python3.7/site-packages/airflow/example_dags/example_branch_day_of_week_operator.py
[2026-09-19T23:31:19.601+0000] {processor.py:809} INFO - DAG(s) dict_keys(['example_weekday_branch_operator']) retrieved from /home/airflow/.local/lib/python3.7/site-packages/airflow/example_dags/example_branch_day_of_week_operator.py
[2026-09-19T23:31:19.661+0000] {logging_mixin.py:149} INFO - [2026-09-19T23:31:19.661+0000] {dag.py:2726} INFO - Sync 1 DAGs
[2026-09-19T23:31:19.710+0000] {logging_mixin.py:149} INFO - [2026-09-19T23:31:19.709+0000] {dag.py:3490} INFO - Setting next_dagrun for example_weekday_branch_operator to 2026-09-18T00:00:00+00:00, run_after=2026-09-19T00:00:00+00:00
[2026-09-19T23:31:19.745+0000] {processor.py:178} INFO - Processing /home/airflow/.local/lib/python3.7/site-packages/airflow/example_dags/example_branch_day_of_week_operator.py took 0.191 seconds
[2026-09-19T23:31:50.601+0000] {processor.py:156} INFO - Started process (PID=16644) to work on /home/airflow/.local/lib/python3.7/site-packages/airflow/example_dags/example_branch_day_of_week_operator.py
[2026-09-19T23:31:50.603+0000] {processor.py:799} INFO - Processing file /home/airflow/.local/lib/python3.7/site-packages/airflow/example_dags/example_branch_day_of_week_operator.py for tasks to queue
[2026-09-19T23:31:50.604+0000] {logging_mixin.py:149} INFO - [2026-09-19T23:31:50.604+0000] {dagbag.py:541} INFO - Filling up the DagBag from /home/airflow/.local/lib/python3.7/site-packages/airflow/example_dags/example_branch_day_of_week_operator.py
[2026-09-19T23:31:50.619+0000] {processor.py:809} INFO - DAG(s) dict_keys(['example_weekday_branch_operator']) retrieved from /home/airflow/.local/lib/python3.7/site-packages/airflow/example_dags/example_branch_day_of_week_operator.py
[2026-09-19T23:31:50.676+0000] {logging_mixin.py:149} INFO - [2026-09-19T23:31:50.675+0000] {dag.py:2726} INFO - Sync 1 DAGs
[2026-09-19T23:31:50.912+0000] {logging_mixin.py:149} INFO - [2026-09-19T23:31:50.911+0000] {dag.py:3490} INFO - Setting next_dagrun for example_weekday_branch_operator to 2026-09-18T00:00:00+00:00, run_after=2026-09-19T00:00:00+00:00
[2026-09-19T23:31:50.951+0000] {processor.py:178} INFO - Processing /home/airflow/.local/lib/python3.7/site-packages/airflow/example_dags/example_branch_day_of_week_operator.py took 0.357 seconds
[2026-09-19T23:32:21.017+0000] {processor.py:156} INFO - Started process (PID=16700) to work on /home/airflow/.local/lib/python3.7/site-packages/airflow/example_dags/example_branch_day_of_week_operator.py
[2026-09-19T23:32:21.019+0000] {processor.py:799} INFO - Processing file /home/airflow/.local/lib/python3.7/site-packages/airflow/example_dags/example_branch_day_of_week_operator.py for tasks to queue
[2026-09-19T23:32:21.020+0000] {logging_mixin.py:149} INFO - [2026-09-19T23:32:21.020+0000] {dagbag.py:541} INFO - Filling up the DagBag from /home/airflow/.local/lib/python3.7/site-packages/airflow/example_dags/example_branch_day_of_week_operator.py
[2026-09-19T23:32:21.034+0000] {processor.py:809} INFO - DAG(s) dict_keys(['example_weekday_branch_operator']) retrieved from /home/airflow/.local/lib/python3.7/site-packages/airflow/example_dags/example_branch_day_of_week_operator.py
[2026-09-19T23:32:21.089+0000] {logging_mixin.py:149} INFO - [2026-09-19T23:32:21.088+0000] {dag.py:2726} INFO - Sync 1 DAGs
[2026-09-19T23:32:21.149+0000] {logging_mixin.py:149} INFO - [2026-09-19T23:32:21.149+0000] {dag.py:3490} INFO - Setting next_dagrun for example_weekday_branch_operator to 2026-09-18T00:00:00+00:00, run_after=2026-09-19T00:00:00+00:00
[2026-09-19T23:32:21.188+0000] {processor.py:178} INFO - Processing /home/airflow/.local/lib/python3.7/site-packages/airflow/example_dags/example_branch_day_of_week_operator.py took 0.178 seconds
[2026-09-19T23:32:52.009+0000] {processor.py:156} INFO - Started process (PID=16756) to work on /home/airflow/.local/lib/python3.7/site-packages/airflow/example_dags/example_branch_day_of_week_operator.py
[2026-09-19T23:32:52.011+0000] {processor.py:799} INFO - Processing file /home/airflow/.local/lib/python3.7/site-packages/airflow/example_dags/example_branch_day_of_week_operator.py for tasks to queue
[2026-09-19T23:32:52.012+0000] {logging_mixin.py:149} INFO - [2026-09-19T23:32:52.012+0000] {dagbag.py:541} INFO - Filling up the DagBag from /home/airflow/.local/lib/python3.7/site-packages/airflow/example_dags/example_branch_day_of_week_operator.py
[2026-09-19T23:32:52.025+0000] {processor.py:809} INFO - DAG(s) dict_keys(['example_weekday_branch_operator']) retrieved from /home/airflow/.local/lib/python3.7/site-packages/airflow/example_dags/example_branch_day_of_week_operator.py
[2026-09-19T23:32:52.077+0000] {logging_mixin.py:149} INFO - [2026-09-19T23:32:52.077+0000] {dag.py:2726} INFO - Sync 1 DAGs
[2026-09-19T23:32:52.122+0000] {logging_mixin.py:149} INFO - [2026-09-19T23:32:52.121+0000] {dag.py:3490} INFO - Setting next_dagrun for example_weekday_branch_operator to 2026-09-18T00:00:00+00:00, run_after=2026-09-19T00:00:00+00:00
[2026-09-19T23:32:52.155+0000] {processor.py:178} INFO - Processing /home/airflow/.local/lib/python3.7/site-packages/airflow/example_dags/example_branch_day_of_week_operator.py took 0.153 seconds
[2026-09-19T23:33:22.908+0000] {processor.py:156} INFO - Started process (PID=16812) to work on /home/airflow/.local/lib/python3.7/site-packages/airflow/example_dags/example_branch_day_of_week_operator.py
[2026-09-19T23:33:22.910+0000] {processor.py:799} INFO - Processing file /home/airflow/.local/lib/python3.7/site-packages/airflow/example_dags/example_branch_day_of_week_operator.py for tasks to queue
[2026-09-19T23:33:22.911+0000] {logging_mixin.py:149} INFO - [2026-09-19T23:33:22.911+0000] {dagbag.py:541} INFO - Filling up the DagBag from /home/airflow/.local/lib/python3.7/site-packages/airflow/example_dags/example_branch_day_of_week_operator.py
[2026-09-19T23:33:22.927+0000] {processor.py:809} INFO - DAG(s) dict_keys(['example_weekday_branch_operator']) retrieved from /home/airflow/.local/lib/python3.7/site-packages/airflow/example_dags/example_branch_day_of_week_operator.py
[2026-09-19T23:33:22.978+0000] {logging_mixin.py:149} INFO - [2026-09-19T23:33:22.978+0000] {dag.py:2726} INFO - Sync 1 DAGs
[2026-09-19T23:33:23.026+0000] {logging_mixin.py:149} INFO - [2026-09-19T23:33:23.025+0000] {dag.py:3490} INFO - Setting next_dagrun for example_weekday_branch_operator to 2026-09-18T00:00:00+00:00, run_after=2026-09-19T00:00:00+00:00
[2026-09-19T23:33:23.060+0000] {processor.py:178} INFO - Processing /home/airflow/.local/lib/python3.7/site-packages/airflow/example_dags/example_branch_day_of_week_operator.py took 0.162 seconds
[2026-09-19T23:33:53.392+0000] {processor.py:156} INFO - Started process (PID=16868) to work on /home/airflow/.local/lib/python3.7/site-packages/airflow/example_dags/example_branch_day_of_week_operator.py
[2026-09-19T23:33:53.394+0000] {processor.py:799} INFO - Processing file /home/airflow/.local/lib/python3.7/site-packages/airflow/example_dags/example_branch_day_of_week_operator.py for tasks to queue
[2026-09-19T23:33:53.395+0000] {logging_mixin.py:149} INFO - [2026-09-19T23:33:53.395+0000] {dagbag.py:541} INFO - Filling up the DagBag from /home/airflow/.local/lib/python3.7/site-packages/airflow/example_dags/example_branch_day_of_week_operator.py
[2026-09-19T23:33:53.408+0000] {processor.py:809} INFO - DAG(s) dict_keys(['example_weekday_branch_operator']) retrieved from /home/airflow/.local/lib/python3.7/site-packages/airflow/example_dags/example_branch_day_of_week_operator.py
[2026-09-19T23:33:53.456+0000] {logging_mixin.py:149} INFO - [2026-09-19T23:33:53.456+0000] {dag.py:2726} INFO - Sync 1 DAGs
[2026-09-19T23:33:53.505+0000] {logging_mixin.py:149} INFO - [2026-09-19T23:33:53.505+0000] {dag.py:3490} INFO - Setting next_dagrun for example_weekday_branch_operator to 2026-09-18T00:00:00+00:00, run_after=2026-09-19T00:00:00+00:00
[2026-09-19T23:33:53.537+0000] {processor.py:178} INFO - Processing /home/airflow/.local/lib/python3.7/site-packages/airflow/example_dags/example_branch_day_of_week_operator.py took 0.151 seconds
[2026-09-19T23:34:23.921+0000] {processor.py:156} INFO - Started process (PID=16924) to work on /home/airflow/.local/lib/python3.7/site-packages/airflow/example_dags/example_branch_day_of_week_operator.py
[2026-09-19T23:34:23.923+0000] {processor.py:799} INFO - Processing file /home/airflow/.local/lib/python3.7/site-packages/airflow/example_dags/example_branch_day_of_week_operator.py for tasks to queue
[2026-09-19T23:34:23.924+0000] {logging_mixin.py:149} INFO - [2026-09-19T23:34:23.924+0000] {dagbag.py:541} INFO - Filling up the DagBag from /home/airflow/.local/lib/python3.7/site-packages/airflow/example_dags/example_branch_day_of_week_operator.py
[2026-09-19T23:34:23.940+0000] {processor.py:809} INFO - DAG(s) dict_keys(['example_weekday_branch_operator']) retrieved from /home/airflow/.local/lib/python3.7/site-packages/airflow/example_dags/example_branch_day_of_week_operator.py
[2026-09-19T23:34:23.992+0000] {logging_mixin.py:149} INFO - [2026-09-19T23:34:23.992+0000] {dag.py:2726} INFO - Sync 1 DAGs
[2026-09-19T23:34:24.044+0000] {logging_mixin.py:149} INFO - [2026-09-19T23:34:24.043+0000] {dag.py:3490} INFO - Setting next_dagrun for example_weekday_branch_operator to 2026-09-18T00:00:00+00:00, run_after=2026-09-19T00:00:00+00:00
[2026-09-19T23:34:24.076+0000] {processor.py:178} INFO - Processing /home/airflow/.local/lib/python3.7/site-packages/airflow/example_dags/example_branch_day_of_week_operator.py took 0.161 seconds
[2026-09-19T23:34:54.559+0000] {processor.py:156} INFO - Started process (PID=16981) to work on /home/airflow/.local/lib/python3.7/site-packages/airflow/example_dags/example_branch_day_of_week_operator.py
[2026-09-19T23:34:54.561+0000] {processor.py:799} INFO - Processing file /home/airflow/.local/lib/python3.7/site-packages/airflow/example_dags/example_branch_day_of_week_operator.py for tasks to queue
[2026-09-19T23:34:54.562+0000] {logging_mixin.py:149} INFO - [2026-09-19T23:34:54.562+0000] {dagbag.py:541} INFO - Filling up the DagBag from /home/airflow/.local/lib/python3.7/site-packages/airflow/example_dags/example_branch_day_of_week_operator.py
[2026-09-19T23:34:54.574+0000] {processor.py:809} INFO - DAG(s) dict_keys(['example_weekday_branch_operator']) retrieved from /home/airflow/.local/lib/python3.7/site-packages/airflow/example_dags/example_branch_day_of_week_operator.py
[2026-09-19T23:34:54.625+0000] {logging_mixin.py:149} INFO - [2026-09-19T23:34:54.624+0000] {dag.py:2726} INFO - Sync 1 DAGs
[2026-09-19T23:34:54.682+0000] {logging_mixin.py:149} INFO - [2026-09-19T23:34:54.682+0000] {dag.py:3490} INFO - Setting next_dagrun for example_weekday_branch_operator to 2026-09-18T00:00:00+00:00, run_after=2026-09-19T00:00:00+00:00
[2026-09-19T23:34:54.714+0000] {processor.py:178} INFO - Processing /home/airflow/.local/lib/python3.7/site-packages/airflow/example_dags/example_branch_day_of_week_operator.py took 0.161 seconds
[2026-09-19T23:35:25.665+0000] {processor.py:156} INFO - Started process (PID=17037) to work on /home/airflow/.local/lib/python3.7/site-packages/airflow/example_dags/example_branch_day_of_week_operator.py
[2026-09-19T23:35:25.667+0000] {processor.py:799} INFO - Processing file /home/airflow/.local/lib/python3.7/site-packages/airflow/example_dags/example_branch_day_of_week_operator.py for tasks to queue
[2026-09-19T23:35:25.668+0000] {logging_mixin.py:149} INFO - [2026-09-19T23:35:25.668+0000] {dagbag.py:541} INFO - Filling up the DagBag from /home/airflow/.local/lib/python3.7/site-packages/airflow/example_dags/example_branch_day_of_week_operator.py
[2026-09-19T23:35:25.681+0000] {processor.py:809} INFO - DAG(s) dict_keys(['example_weekday_branch_operator']) retrieved from /home/airflow/.local/lib/python3.7/site-packages/airflow/example_dags/example_branch_day_of_week_operator.py
[2026-09-19T23:35:25.733+0000] {logging_mixin.py:149} INFO - [2026-09-19T23:35:25.733+0000] {dag.py:2726} INFO - Sync 1 DAGs
[2026-09-19T23:35:25.783+0000] {logging_mixin.py:149} INFO - [2026-09-19T23:35:25.783+0000] {dag.py:3490} INFO - Setting next_dagrun for example_weekday_branch_operator to 2026-09-18T00:00:00+00:00, run_after=2026-09-19T00:00:00+00:00
[2026-09-19T23:35:25.815+0000] {processor.py:178} INFO - Processing /home/airflow/.local/lib/python3.7/site-packages/airflow/example_dags/example_branch_day_of_week_operator.py took 0.157 seconds
[2026-09-19T23:35:56.420+0000] {processor.py:156} INFO - Started process (PID=17092) to work on /home/airflow/.local/lib/python3.7/site-packages/airflow/example_dags/example_branch_day_of_week_operator.py
[2026-09-19T23:35:56.422+0000] {processor.py:799} INFO - Processing file /home/airflow/.local/lib/python3.7/site-packages/airflow/example_dags/example_branch_day_of_week_operator.py for tasks to queue
[2026-09-19T23:35:56.424+0000] {logging_mixin.py:149} INFO - [2026-09-19T23:35:56.424+0000] {dagbag.py:541} INFO - Filling up the DagBag from /home/airflow/.local/lib/python3.7/site-packages/airflow/example_dags/example_branch_day_of_week_operator.py
[2026-09-19T23:35:56.439+0000] {processor.py:809} INFO - DAG(s) dict_keys(['example_weekday_branch_operator']) retrieved from /home/airflow/.local/lib/python3.7/site-packages/airflow/example_dags/example_branch_day_of_week_operator.py
[2026-09-19T23:35:56.493+0000] {logging_mixin.py:149} INFO - [2026-09-19T23:35:56.493+0000] {dag.py:2726} INFO - Sync 1 DAGs
[2026-09-19T23:35:56.553+0000] {logging_mixin.py:149} INFO - [2026-09-19T23:35:56.553+0000] {dag.py:3490} INFO - Setting next_dagrun for example_weekday_branch_operator to 2026-09-18T00:00:00+00:00, run_after=2026-09-19T00:00:00+00:00
[2026-09-19T23:35:56.594+0000] {processor.py:178} INFO - Processing /home/airflow/.local/lib/python3.7/site-packages/airflow/example_dags/example_branch_day_of_week_operator.py took 0.180 seconds
[2026-09-19T23:36:27.348+0000] {processor.py:156} INFO - Started process (PID=17148) to work on /home/airflow/.local/lib/python3.7/site-packages/airflow/example_dags/example_branch_day_of_week_operator.py
[2026-09-19T23:36:27.351+0000] {processor.py:799} INFO - Processing file /home/airflow/.local/lib/python3.7/site-packages/airflow/example_dags/example_branch_day_of_week_operator.py for tasks to queue
[2026-09-19T23:36:27.352+0000] {logging_mixin.py:149} INFO - [2026-09-19T23:36:27.352+0000] {dagbag.py:541} INFO - Filling up the DagBag from /home/airflow/.local/lib/python3.7/site-packages/airflow/example_dags/example_branch_day_of_week_operator.py
[2026-09-19T23:36:27.366+0000] {processor.py:809} INFO - DAG(s) dict_keys(['example_weekday_branch_operator']) retrieved from /home/airflow/.local/lib/python3.7/site-packages/airflow/example_dags/example_branch_day_of_week_operator.py
[2026-09-19T23:36:27.419+0000] {logging_mixin.py:149} INFO - [2026-09-19T23:36:27.418+0000] {dag.py:2726} INFO - Sync 1 DAGs
[2026-09-19T23:36:27.469+0000] {logging_mixin.py:149} INFO - [2026-09-19T23:36:27.469+0000] {dag.py:3490} INFO - Setting next_dagrun for example_weekday_branch_operator to 2026-09-18T00:00:00+00:00, run_after=2026-09-19T00:00:00+00:00
[2026-09-19T23:36:27.506+0000] {processor.py:178} INFO - Processing /home/airflow/.local/lib/python3.7/site-packages/airflow/example_dags/example_branch_day_of_week_operator.py took 0.164 seconds
[2026-09-19T23:36:57.879+0000] {processor.py:156} INFO - Started process (PID=17204) to work on /home/airflow/.local/lib/python3.7/site-packages/airflow/example_dags/example_branch_day_of_week_operator.py
[2026-09-19T23:36:57.881+0000] {processor.py:799} INFO - Processing file /home/airflow/.local/lib/python3.7/site-packages/airflow/example_dags/example_branch_day_of_week_operator.py for tasks to queue
[2026-09-19T23:36:57.882+0000] {logging_mixin.py:149} INFO - [2026-09-19T23:36:57.881+0000] {dagbag.py:541} INFO - Filling up the DagBag from /home/airflow/.local/lib/python3.7/site-packages/airflow/example_dags/example_branch_day_of_week_operator.py
[2026-09-19T23:36:57.893+0000] {processor.py:809} INFO - DAG(s) dict_keys(['example_weekday_branch_operator']) retrieved from /home/airflow/.local/lib/python3.7/site-packages/airflow/example_dags/example_branch_day_of_week_operator.py
[2026-09-19T23:36:57.944+0000] {logging_mixin.py:149} INFO - [2026-09-19T23:36:57.944+0000] {dag.py:2726} INFO - Sync 1 DAGs
[2026-09-19T23:36:57.997+0000] {logging_mixin.py:149} INFO - [2026-09-19T23:36:57.997+0000] {dag.py:3490} INFO - Setting next_dagrun for example_weekday_branch_operator to 2026-09-18T00:00:00+00:00, run_after=2026-09-19T00:00:00+00:00
[2026-09-19T23:36:58.035+0000] {processor.py:178} INFO - Processing /home/airflow/.local/lib/python3.7/site-packages/airflow/example_dags/example_branch_day_of_week_operator.py took 0.163 seconds
[2026-09-19T23:37:28.270+0000] {processor.py:156} INFO - Started process (PID=17260) to work on /home/airflow/.local/lib/python3.7/site-packages/airflow/example_dags/example_branch_day_of_week_operator.py
[2026-09-19T23:37:28.272+0000] {processor.py:799} INFO - Processing file /home/airflow/.local/lib/python3.7/site-packages/airflow/example_dags/example_branch_day_of_week_operator.py for tasks to queue
[2026-09-19T23:37:28.273+0000] {logging_mixin.py:149} INFO - [2026-09-19T23:37:28.272+0000] {dagbag.py:541} INFO - Filling up the DagBag from /home/airflow/.local/lib/python3.7/site-packages/airflow/example_dags/example_branch_day_of_week_operator.py
[2026-09-19T23:37:28.285+0000] {processor.py:809} INFO - DAG(s) dict_keys(['example_weekday_branch_operator']) retrieved from /home/airflow/.local/lib/python3.7/site-packages/airflow/example_dags/example_branch_day_of_week_operator.py
[2026-09-19T23:37:28.340+0000] {logging_mixin.py:149} INFO - [2026-09-19T23:37:28.340+0000] {dag.py:2726} INFO - Sync 1 DAGs
[2026-09-19T23:37:28.391+0000] {logging_mixin.py:149} INFO - [2026-09-19T23:37:28.391+0000] {dag.py:3490} INFO - Setting next_dagrun for example_weekday_branch_operator to 2026-09-18T00:00:00+00:00, run_after=2026-09-19T00:00:00+00:00
[2026-09-19T23:37:28.422+0000] {processor.py:178} INFO - Processing /home/airflow/.local/lib/python3.7/site-packages/airflow/example_dags/example_branch_day_of_week_operator.py took 0.158 seconds
[2026-09-19T23:37:59.019+0000] {processor.py:156} INFO - Started process (PID=17316) to work on /home/airflow/.local/lib/python3.7/site-packages/airflow/example_dags/example_branch_day_of_week_operator.py
[2026-09-19T23:37:59.021+0000] {processor.py:799} INFO - Processing file /home/airflow/.local/lib/python3.7/site-packages/airflow/example_dags/example_branch_day_of_week_operator.py for tasks to queue
[2026-09-19T23:37:59.022+0000] {logging_mixin.py:149} INFO - [2026-09-19T23:37:59.022+0000] {dagbag.py:541} INFO - Filling up the DagBag from /home/airflow/.local/lib/python3.7/site-packages/airflow/example_dags/example_branch_day_of_week_operator.py
[2026-09-19T23:37:59.037+0000] {processor.py:809} INFO - DAG(s) dict_keys(['example_weekday_branch_operator']) retrieved from /home/airflow/.local/lib/python3.7/site-packages/airflow/example_dags/example_branch_day_of_week_operator.py
[2026-09-19T23:37:59.091+0000] {logging_mixin.py:149} INFO - [2026-09-19T23:37:59.090+0000] {dag.py:2726} INFO - Sync 1 DAGs
[2026-09-19T23:37:59.137+0000] {logging_mixin.py:149} INFO - [2026-09-19T23:37:59.137+0000] {dag.py:3490} INFO - Setting next_dagrun for example_weekday_branch_operator to 2026-09-18T00:00:00+00:00, run_after=2026-09-19T00:00:00+00:00
[2026-09-19T23:37:59.171+0000] {processor.py:178} INFO - Processing /home/airflow/.local/lib/python3.7/site-packages/airflow/example_dags/example_branch_day_of_week_operator.py took 0.159 seconds
[2026-09-19T23:38:29.632+0000] {processor.py:156} INFO - Started process (PID=17372) to work on /home/airflow/.local/lib/python3.7/site-packages/airflow/example_dags/example_branch_day_of_week_operator.py
[2026-09-19T23:38:29.634+0000] {processor.py:799} INFO - Processing file /home/airflow/.local/lib/python3.7/site-packages/airflow/example_dags/example_branch_day_of_week_operator.py for tasks to queue
[2026-09-19T23:38:29.635+0000] {logging_mixin.py:149} INFO - [2026-09-19T23:38:29.634+0000] {dagbag.py:541} INFO - Filling up the DagBag from /home/airflow/.local/lib/python3.7/site-packages/airflow/example_dags/example_branch_day_of_week_operator.py
[2026-09-19T23:38:29.647+0000] {processor.py:809} INFO - DAG(s) dict_keys(['example_weekday_branch_operator']) retrieved from /home/airflow/.local/lib/python3.7/site-packages/airflow/example_dags/example_branch_day_of_week_operator.py
[2026-09-19T23:38:29.698+0000] {logging_mixin.py:149} INFO - [2026-09-19T23:38:29.697+0000] {dag.py:2726} INFO - Sync 1 DAGs
[2026-09-19T23:38:29.750+0000] {logging_mixin.py:149} INFO - [2026-09-19T23:38:29.749+0000] {dag.py:3490} INFO - Setting next_dagrun for example_weekday_branch_operator to 2026-09-18T00:00:00+00:00, run_after=2026-09-19T00:00:00+00:00
[2026-09-19T23:38:29.780+0000] {processor.py:178} INFO - Processing /home/airflow/.local/lib/python3.7/site-packages/airflow/example_dags/example_branch_day_of_week_operator.py took 0.153 seconds
[2026-09-19T23:39:00.219+0000] {processor.py:156} INFO - Started process (PID=17428) to work on /home/airflow/.local/lib/python3.7/site-packages/airflow/example_dags/example_branch_day_of_week_operator.py
[2026-09-19T23:39:00.221+0000] {processor.py:799} INFO - Processing file /home/airflow/.local/lib/python3.7/site-packages/airflow/example_dags/example_branch_day_of_week_operator.py for tasks to queue
[2026-09-19T23:39:00.222+0000] {logging_mixin.py:149} INFO - [2026-09-19T23:39:00.222+0000] {dagbag.py:541} INFO - Filling up the DagBag from /home/airflow/.local/lib/python3.7/site-packages/airflow/example_dags/example_branch_day_of_week_operator.py
[2026-09-19T23:39:00.236+0000] {processor.py:809} INFO - DAG(s) dict_keys(['example_weekday_branch_operator']) retrieved from /home/airflow/.local/lib/python3.7/site-packages/airflow/example_dags/example_branch_day_of_week_operator.py
[2026-09-19T23:39:00.288+0000] {logging_mixin.py:149} INFO - [2026-09-19T23:39:00.288+0000] {dag.py:2726} INFO - Sync 1 DAGs
[2026-09-19T23:39:00.339+0000] {logging_mixin.py:149} INFO - [2026-09-19T23:39:00.339+0000] {dag.py:3490} INFO - Setting next_dagrun for example_weekday_branch_operator to 2026-09-18T00:00:00+00:00, run_after=2026-09-19T00:00:00+00:00
[2026-09-19T23:39:00.370+0000] {processor.py:178} INFO - Processing /home/airflow/.local/lib/python3.7/site-packages/airflow/example_dags/example_branch_day_of_week_operator.py took 0.157 seconds
[2026-09-19T23:39:31.345+0000] {processor.py:156} INFO - Started process (PID=17483) to work on /home/airflow/.local/lib/python3.7/site-packages/airflow/example_dags/example_branch_day_of_week_operator.py
[2026-09-19T23:39:31.348+0000] {processor.py:799} INFO - Processing file /home/airflow/.local/lib/python3.7/site-packages/airflow/example_dags/example_branch_day_of_week_operator.py for tasks to queue
[2026-09-19T23:39:31.349+0000] {logging_mixin.py:149} INFO - [2026-09-19T23:39:31.349+0000] {dagbag.py:541} INFO - Filling up the DagBag from /home/airflow/.local/lib/python3.7/site-packages/airflow/example_dags/example_branch_day_of_week_operator.py
[2026-09-19T23:39:31.362+0000] {processor.py:809} INFO - DAG(s) dict_keys(['example_weekday_branch_operator']) retrieved from /home/airflow/.local/lib/python3.7/site-packages/airflow/example_dags/example_branch_day_of_week_operator.py
[2026-09-19T23:39:31.415+0000] {logging_mixin.py:149} INFO - [2026-09-19T23:39:31.415+0000] {dag.py:2726} INFO - Sync 1 DAGs
[2026-09-19T23:39:31.466+0000] {logging_mixin.py:149} INFO - [2026-09-19T23:39:31.466+0000] {dag.py:3490} INFO - Setting next_dagrun for example_weekday_branch_operator to 2026-09-18T00:00:00+00:00, run_after=2026-09-19T00:00:00+00:00
[2026-09-19T23:39:31.497+0000] {processor.py:178} INFO - Processing /home/airflow/.local/lib/python3.7/site-packages/airflow/example_dags/example_branch_day_of_week_operator.py took 0.158 seconds
[2026-09-19T23:40:02.175+0000] {processor.py:156} INFO - Started process (PID=17539) to work on /home/airflow/.local/lib/python3.7/site-packages/airflow/example_dags/example_branch_day_of_week_operator.py
[2026-09-19T23:40:02.179+0000] {processor.py:799} INFO - Processing file /home/airflow/.local/lib/python3.7/site-packages/airflow/example_dags/example_branch_day_of_week_operator.py for tasks to queue
[2026-09-19T23:40:02.180+0000] {logging_mixin.py:149} INFO - [2026-09-19T23:40:02.180+0000] {dagbag.py:541} INFO - Filling up the DagBag from /home/airflow/.local/lib/python3.7/site-packages/airflow/example_dags/example_branch_day_of_week_operator.py
[2026-09-19T23:40:02.194+0000] {processor.py:809} INFO - DAG(s) dict_keys(['example_weekday_branch_operator']) retrieved from /home/airflow/.local/lib/python3.7/site-packages/airflow/example_dags/example_branch_day_of_week_operator.py
[2026-09-19T23:40:02.246+0000] {logging_mixin.py:149} INFO - [2026-09-19T23:40:02.245+0000] {dag.py:2726} INFO - Sync 1 DAGs
[2026-09-19T23:40:02.294+0000] {logging_mixin.py:149} INFO - [2026-09-19T23:40:02.294+0000] {dag.py:3490} INFO - Setting next_dagrun for example_weekday_branch_operator to 2026-09-18T00:00:00+00:00, run_after=2026-09-19T00:00:00+00:00
[2026-09-19T23:40:02.333+0000] {processor.py:178} INFO - Processing /home/airflow/.local/lib/python3.7/site-packages/airflow/example_dags/example_branch_day_of_week_operator.py took 0.165 seconds
[2026-09-19T23:40:32.813+0000] {processor.py:156} INFO - Started process (PID=17595) to work on /home/airflow/.local/lib/python3.7/site-packages/airflow/example_dags/example_branch_day_of_week_operator.py
[2026-09-19T23:40:32.815+0000] {processor.py:799} INFO - Processing file /home/airflow/.local/lib/python3.7/site-packages/airflow/example_dags/example_branch_day_of_week_operator.py for tasks to queue
[2026-09-19T23:40:32.816+0000] {logging_mixin.py:149} INFO - [2026-09-19T23:40:32.815+0000] {dagbag.py:541} INFO - Filling up the DagBag from /home/airflow/.local/lib/python3.7/site-packages/airflow/example_dags/example_branch_day_of_week_operator.py
[2026-09-19T23:40:32.828+0000] {processor.py:809} INFO - DAG(s) dict_keys(['example_weekday_branch_operator']) retrieved from /home/airflow/.local/lib/python3.7/site-packages/airflow/example_dags/example_branch_day_of_week_operator.py
[2026-09-19T23:40:32.876+0000] {logging_mixin.py:149} INFO - [2026-09-19T23:40:32.875+0000] {dag.py:2726} INFO - Sync 1 DAGs
[2026-09-19T23:40:32.920+0000] {logging_mixin.py:149} INFO - [2026-09-19T23:40:32.920+0000] {dag.py:3490} INFO - Setting next_dagrun for example_weekday_branch_operator to 2026-09-18T00:00:00+00:00, run_after=2026-09-19T00:00:00+00:00
[2026-09-19T23:40:32.949+0000] {processor.py:178} INFO - Processing /home/airflow/.local/lib/python3.7/site-packages/airflow/example_dags/example_branch_day_of_week_operator.py took 0.142 seconds
[2026-09-19T23:41:03.765+0000] {processor.py:156} INFO - Started process (PID=17651) to work on /home/airflow/.local/lib/python3.7/site-packages/airflow/example_dags/example_branch_day_of_week_operator.py
[2026-09-19T23:41:03.767+0000] {processor.py:799} INFO - Processing file /home/airflow/.local/lib/python3.7/site-packages/airflow/example_dags/example_branch_day_of_week_operator.py for tasks to queue
[2026-09-19T23:41:03.769+0000] {logging_mixin.py:149} INFO - [2026-09-19T23:41:03.768+0000] {dagbag.py:541} INFO - Filling up the DagBag from /home/airflow/.local/lib/python3.7/site-packages/airflow/example_dags/example_branch_day_of_week_operator.py
[2026-09-19T23:41:03.783+0000] {processor.py:809} INFO - DAG(s) dict_keys(['example_weekday_branch_operator']) retrieved from /home/airflow/.local/lib/python3.7/site-packages/airflow/example_dags/example_branch_day_of_week_operator.py
[2026-09-19T23:41:03.835+0000] {logging_mixin.py:149} INFO - [2026-09-19T23:41:03.835+0000] {dag.py:2726} INFO - Sync 1 DAGs
[2026-09-19T23:41:03.886+0000] {logging_mixin.py:149} INFO - [2026-09-19T23:41:03.886+0000] {dag.py:3490} INFO - Setting next_dagrun for example_weekday_branch_operator to 2026-09-18T00:00:00+00:00, run_after=2026-09-19T00:00:00+00:00
[2026-09-19T23:41:03.924+0000] {processor.py:178} INFO - Processing /home/airflow/.local/lib/python3.7/site-packages/airflow/example_dags/example_branch_day_of_week_operator.py took 0.165 seconds
[2026-09-19T23:41:34.705+0000] {processor.py:156} INFO - Started process (PID=17707) to work on /home/airflow/.local/lib/python3.7/site-packages/airflow/example_dags/example_branch_day_of_week_operator.py
[2026-09-19T23:41:34.707+0000] {processor.py:799} INFO - Processing file /home/airflow/.local/lib/python3.7/site-packages/airflow/example_dags/example_branch_day_of_week_operator.py for tasks to queue
[2026-09-19T23:41:34.710+0000] {logging_mixin.py:149} INFO - [2026-09-19T23:41:34.709+0000] {dagbag.py:541} INFO - Filling up the DagBag from /home/airflow/.local/lib/python3.7/site-packages/airflow/example_dags/example_branch_day_of_week_operator.py
[2026-09-19T23:41:34.731+0000] {processor.py:809} INFO - DAG(s) dict_keys(['example_weekday_branch_operator']) retrieved from /home/airflow/.local/lib/python3.7/site-packages/airflow/example_dags/example_branch_day_of_week_operator.py
[2026-09-19T23:41:34.805+0000] {logging_mixin.py:149} INFO - [2026-09-19T23:41:34.805+0000] {dag.py:2726} INFO - Sync 1 DAGs
[2026-09-19T23:41:34.915+0000] {logging_mixin.py:149} INFO - [2026-09-19T23:41:34.914+0000] {dag.py:3490} INFO - Setting next_dagrun for example_weekday_branch_operator to 2026-09-18T00:00:00+00:00, run_after=2026-09-19T00:00:00+00:00
[2026-09-19T23:41:34.948+0000] {processor.py:178} INFO - Processing /home/airflow/.local/lib/python3.7/site-packages/airflow/example_dags/example_branch_day_of_week_operator.py took 0.252 seconds
[2026-09-19T23:42:05.231+0000] {processor.py:156} INFO - Started process (PID=17762) to work on /home/airflow/.local/lib/python3.7/site-packages/airflow/example_dags/example_branch_day_of_week_operator.py
[2026-09-19T23:42:05.235+0000] {processor.py:799} INFO - Processing file /home/airflow/.local/lib/python3.7/site-packages/airflow/example_dags/example_branch_day_of_week_operator.py for tasks to queue
[2026-09-19T23:42:05.237+0000] {logging_mixin.py:149} INFO - [2026-09-19T23:42:05.236+0000] {dagbag.py:541} INFO - Filling up the DagBag from /home/airflow/.local/lib/python3.7/site-packages/airflow/example_dags/example_branch_day_of_week_operator.py
[2026-09-19T23:42:05.264+0000] {processor.py:809} INFO - DAG(s) dict_keys(['example_weekday_branch_operator']) retrieved from /home/airflow/.local/lib/python3.7/site-packages/airflow/example_dags/example_branch_day_of_week_operator.py
[2026-09-19T23:42:05.329+0000] {logging_mixin.py:149} INFO - [2026-09-19T23:42:05.329+0000] {dag.py:2726} INFO - Sync 1 DAGs
[2026-09-19T23:42:05.402+0000] {logging_mixin.py:149} INFO - [2026-09-19T23:42:05.402+0000] {dag.py:3490} INFO - Setting next_dagrun for example_weekday_branch_operator to 2026-09-18T00:00:00+00:00, run_after=2026-09-19T00:00:00+00:00
[2026-09-19T23:42:05.448+0000] {processor.py:178} INFO - Processing /home/airflow/.local/lib/python3.7/site-packages/airflow/example_dags/example_branch_day_of_week_operator.py took 0.224 seconds
[2026-09-19T23:42:35.567+0000] {processor.py:156} INFO - Started process (PID=17818) to work on /home/airflow/.local/lib/python3.7/site-packages/airflow/example_dags/example_branch_day_of_week_operator.py
[2026-09-19T23:42:35.577+0000] {processor.py:799} INFO - Processing file /home/airflow/.local/lib/python3.7/site-packages/airflow/example_dags/example_branch_day_of_week_operator.py for tasks to queue
[2026-09-19T23:42:35.579+0000] {logging_mixin.py:149} INFO - [2026-09-19T23:42:35.578+0000] {dagbag.py:541} INFO - Filling up the DagBag from /home/airflow/.local/lib/python3.7/site-packages/airflow/example_dags/example_branch_day_of_week_operator.py
[2026-09-19T23:42:35.596+0000] {processor.py:809} INFO - DAG(s) dict_keys(['example_weekday_branch_operator']) retrieved from /home/airflow/.local/lib/python3.7/site-packages/airflow/example_dags/example_branch_day_of_week_operator.py
[2026-09-19T23:42:35.681+0000] {logging_mixin.py:149} INFO - [2026-09-19T23:42:35.681+0000] {dag.py:2726} INFO - Sync 1 DAGs
[2026-09-19T23:42:35.729+0000] {logging_mixin.py:149} INFO - [2026-09-19T23:42:35.729+0000] {dag.py:3490} INFO - Setting next_dagrun for example_weekday_branch_operator to 2026-09-18T00:00:00+00:00, run_after=2026-09-19T00:00:00+00:00
[2026-09-19T23:42:35.768+0000] {processor.py:178} INFO - Processing /home/airflow/.local/lib/python3.7/site-packages/airflow/example_dags/example_branch_day_of_week_operator.py took 0.213 seconds
[2026-09-19T23:43:06.115+0000] {processor.py:156} INFO - Started process (PID=17874) to work on /home/airflow/.local/lib/python3.7/site-packages/airflow/example_dags/example_branch_day_of_week_operator.py
[2026-09-19T23:43:06.117+0000] {processor.py:799} INFO - Processing file /home/airflow/.local/lib/python3.7/site-packages/airflow/example_dags/example_branch_day_of_week_operator.py for tasks to queue
[2026-09-19T23:43:06.118+0000] {logging_mixin.py:149} INFO - [2026-09-19T23:43:06.118+0000] {dagbag.py:541} INFO - Filling up the DagBag from /home/airflow/.local/lib/python3.7/site-packages/airflow/example_dags/example_branch_day_of_week_operator.py
[2026-09-19T23:43:06.132+0000] {processor.py:809} INFO - DAG(s) dict_keys(['example_weekday_branch_operator']) retrieved from /home/airflow/.local/lib/python3.7/site-packages/airflow/example_dags/example_branch_day_of_week_operator.py
[2026-09-19T23:43:06.180+0000] {logging_mixin.py:149} INFO - [2026-09-19T23:43:06.180+0000] {dag.py:2726} INFO - Sync 1 DAGs
[2026-09-19T23:43:06.230+0000] {logging_mixin.py:149} INFO - [2026-09-19T23:43:06.229+0000] {dag.py:3490} INFO - Setting next_dagrun for example_weekday_branch_operator to 2026-09-18T00:00:00+00:00, run_after=2026-09-19T00:00:00+00:00
[2026-09-19T23:43:06.266+0000] {processor.py:178} INFO - Processing /home/airflow/.local/lib/python3.7/site-packages/airflow/example_dags/example_branch_day_of_week_operator.py took 0.161 seconds
[2026-09-19T23:43:36.674+0000] {processor.py:156} INFO - Started process (PID=17930) to work on /home/airflow/.local/lib/python3.7/site-packages/airflow/example_dags/example_branch_day_of_week_operator.py
[2026-09-19T23:43:36.676+0000] {processor.py:799} INFO - Processing file /home/airflow/.local/lib/python3.7/site-packages/airflow/example_dags/example_branch_day_of_week_operator.py for tasks to queue
[2026-09-19T23:43:36.677+0000] {logging_mixin.py:149} INFO - [2026-09-19T23:43:36.677+0000] {dagbag.py:541} INFO - Filling up the DagBag from /home/airflow/.local/lib/python3.7/site-packages/airflow/example_dags/example_branch_day_of_week_operator.py
[2026-09-19T23:43:36.689+0000] {processor.py:809} INFO - DAG(s) dict_keys(['example_weekday_branch_operator']) retrieved from /home/airflow/.local/lib/python3.7/site-packages/airflow/example_dags/example_branch_day_of_week_operator.py
[2026-09-19T23:43:36.737+0000] {logging_mixin.py:149} INFO - [2026-09-19T23:43:36.736+0000] {dag.py:2726} INFO - Sync 1 DAGs
[2026-09-19T23:43:36.782+0000] {logging_mixin.py:149} INFO - [2026-09-19T23:43:36.782+0000] {dag.py:3490} INFO - Setting next_dagrun for example_weekday_branch_operator to 2026-09-18T00:00:00+00:00, run_after=2026-09-19T00:00:00+00:00
[2026-09-19T23:43:36.816+0000] {processor.py:178} INFO - Processing /home/airflow/.local/lib/python3.7/site-packages/airflow/example_dags/example_branch_day_of_week_operator.py took 0.150 seconds
[2026-09-19T23:44:07.382+0000] {processor.py:156} INFO - Started process (PID=17986) to work on /home/airflow/.local/lib/python3.7/site-packages/airflow/example_dags/example_branch_day_of_week_operator.py
[2026-09-19T23:44:07.384+0000] {processor.py:799} INFO - Processing file /home/airflow/.local/lib/python3.7/site-packages/airflow/example_dags/example_branch_day_of_week_operator.py for tasks to queue
[2026-09-19T23:44:07.385+0000] {logging_mixin.py:149} INFO - [2026-09-19T23:44:07.385+0000] {dagbag.py:541} INFO - Filling up the DagBag from /home/airflow/.local/lib/python3.7/site-packages/airflow/example_dags/example_branch_day_of_week_operator.py
[2026-09-19T23:44:07.399+0000] {processor.py:809} INFO - DAG(s) dict_keys(['example_weekday_branch_operator']) retrieved from /home/airflow/.local/lib/python3.7/site-packages/airflow/example_dags/example_branch_day_of_week_operator.py
[2026-09-19T23:44:07.448+0000] {logging_mixin.py:149} INFO - [2026-09-19T23:44:07.447+0000] {dag.py:2726} INFO - Sync 1 DAGs
[2026-09-19T23:44:07.499+0000] {logging_mixin.py:149} INFO - [2026-09-19T23:44:07.498+0000] {dag.py:3490} INFO - Setting next_dagrun for example_weekday_branch_operator to 2026-09-18T00:00:00+00:00, run_after=2026-09-19T00:00:00+00:00
[2026-09-19T23:44:07.531+0000] {processor.py:178} INFO - Processing /home/airflow/.local/lib/python3.7/site-packages/airflow/example_dags/example_branch_day_of_week_operator.py took 0.155 seconds
[2026-09-19T23:44:38.257+0000] {processor.py:156} INFO - Started process (PID=18042) to work on /home/airflow/.local/lib/python3.7/site-packages/airflow/example_dags/example_branch_day_of_week_operator.py
[2026-09-19T23:44:38.259+0000] {processor.py:799} INFO - Processing file /home/airflow/.local/lib/python3.7/site-packages/airflow/example_dags/example_branch_day_of_week_operator.py for tasks to queue
[2026-09-19T23:44:38.260+0000] {logging_mixin.py:149} INFO - [2026-09-19T23:44:38.260+0000] {dagbag.py:541} INFO - Filling up the DagBag from /home/airflow/.local/lib/python3.7/site-packages/airflow/example_dags/example_branch_day_of_week_operator.py
[2026-09-19T23:44:38.274+0000] {processor.py:809} INFO - DAG(s) dict_keys(['example_weekday_branch_operator']) retrieved from /home/airflow/.local/lib/python3.7/site-packages/airflow/example_dags/example_branch_day_of_week_operator.py
[2026-09-19T23:44:38.331+0000] {logging_mixin.py:149} INFO - [2026-09-19T23:44:38.330+0000] {dag.py:2726} INFO - Sync 1 DAGs
[2026-09-19T23:44:38.377+0000] {logging_mixin.py:149} INFO - [2026-09-19T23:44:38.377+0000] {dag.py:3490} INFO - Setting next_dagrun for example_weekday_branch_operator to 2026-09-18T00:00:00+00:00, run_after=2026-09-19T00:00:00+00:00
[2026-09-19T23:44:38.407+0000] {processor.py:178} INFO - Processing /home/airflow/.local/lib/python3.7/site-packages/airflow/example_dags/example_branch_day_of_week_operator.py took 0.162 seconds
[2026-09-19T23:45:08.739+0000] {processor.py:156} INFO - Started process (PID=18099) to work on /home/airflow/.local/lib/python3.7/site-packages/airflow/example_dags/example_branch_day_of_week_operator.py
[2026-09-19T23:45:08.743+0000] {processor.py:799} INFO - Processing file /home/airflow/.local/lib/python3.7/site-packages/airflow/example_dags/example_branch_day_of_week_operator.py for tasks to queue
[2026-09-19T23:45:08.744+0000] {logging_mixin.py:149} INFO - [2026-09-19T23:45:08.744+0000] {dagbag.py:541} INFO - Filling up the DagBag from /home/airflow/.local/lib/python3.7/site-packages/airflow/example_dags/example_branch_day_of_week_operator.py
[2026-09-19T23:45:08.759+0000] {processor.py:809} INFO - DAG(s) dict_keys(['example_weekday_branch_operator']) retrieved from /home/airflow/.local/lib/python3.7/site-packages/airflow/example_dags/example_branch_day_of_week_operator.py
[2026-09-19T23:45:08.806+0000] {logging_mixin.py:149} INFO - [2026-09-19T23:45:08.806+0000] {dag.py:2726} INFO - Sync 1 DAGs
[2026-09-19T23:45:08.849+0000] {logging_mixin.py:149} INFO - [2026-09-19T23:45:08.849+0000] {dag.py:3490} INFO - Setting next_dagrun for example_weekday_branch_operator to 2026-09-18T00:00:00+00:00, run_after=2026-09-19T00:00:00+00:00
[2026-09-19T23:45:08.877+0000] {processor.py:178} INFO - Processing /home/airflow/.local/lib/python3.7/site-packages/airflow/example_dags/example_branch_day_of_week_operator.py took 0.143 seconds
[2026-09-19T23:45:39.605+0000] {processor.py:156} INFO - Started process (PID=18155) to work on /home/airflow/.local/lib/python3.7/site-packages/airflow/example_dags/example_branch_day_of_week_operator.py
[2026-09-19T23:45:39.607+0000] {processor.py:799} INFO - Processing file /home/airflow/.local/lib/python3.7/site-packages/airflow/example_dags/example_branch_day_of_week_operator.py for tasks to queue
[2026-09-19T23:45:39.608+0000] {logging_mixin.py:149} INFO - [2026-09-19T23:45:39.608+0000] {dagbag.py:541} INFO - Filling up the DagBag from /home/airflow/.local/lib/python3.7/site-packages/airflow/example_dags/example_branch_day_of_week_operator.py
[2026-09-19T23:45:39.621+0000] {processor.py:809} INFO - DAG(s) dict_keys(['example_weekday_branch_operator']) retrieved from /home/airflow/.local/lib/python3.7/site-packages/airflow/example_dags/example_branch_day_of_week_operator.py
[2026-09-19T23:45:39.673+0000] {logging_mixin.py:149} INFO - [2026-09-19T23:45:39.673+0000] {dag.py:2726} INFO - Sync 1 DAGs
[2026-09-19T23:45:39.731+0000] {logging_mixin.py:149} INFO - [2026-09-19T23:45:39.731+0000] {dag.py:3490} INFO - Setting next_dagrun for example_weekday_branch_operator to 2026-09-18T00:00:00+00:00, run_after=2026-09-19T00:00:00+00:00
[2026-09-19T23:45:39.768+0000] {processor.py:178} INFO - Processing /home/airflow/.local/lib/python3.7/site-packages/airflow/example_dags/example_branch_day_of_week_operator.py took 0.169 seconds
[2026-09-19T23:46:10.645+0000] {processor.py:156} INFO - Started process (PID=18211) to work on /home/airflow/.local/lib/python3.7/site-packages/airflow/example_dags/example_branch_day_of_week_operator.py
[2026-09-19T23:46:10.647+0000] {processor.py:799} INFO - Processing file /home/airflow/.local/lib/python3.7/site-packages/airflow/example_dags/example_branch_day_of_week_operator.py for tasks to queue
[2026-09-19T23:46:10.648+0000] {logging_mixin.py:149} INFO - [2026-09-19T23:46:10.647+0000] {dagbag.py:541} INFO - Filling up the DagBag from /home/airflow/.local/lib/python3.7/site-packages/airflow/example_dags/example_branch_day_of_week_operator.py
[2026-09-19T23:46:10.660+0000] {processor.py:809} INFO - DAG(s) dict_keys(['example_weekday_branch_operator']) retrieved from /home/airflow/.local/lib/python3.7/site-packages/airflow/example_dags/example_branch_day_of_week_operator.py
[2026-09-19T23:46:10.712+0000] {logging_mixin.py:149} INFO - [2026-09-19T23:46:10.711+0000] {dag.py:2726} INFO - Sync 1 DAGs
[2026-09-19T23:46:10.763+0000] {logging_mixin.py:149} INFO - [2026-09-19T23:46:10.762+0000] {dag.py:3490} INFO - Setting next_dagrun for example_weekday_branch_operator to 2026-09-18T00:00:00+00:00, run_after=2026-09-19T00:00:00+00:00
[2026-09-19T23:46:10.803+0000] {processor.py:178} INFO - Processing /home/airflow/.local/lib/python3.7/site-packages/airflow/example_dags/example_branch_day_of_week_operator.py took 0.164 seconds
[2026-09-19T23:46:41.744+0000] {processor.py:156} INFO - Started process (PID=18267) to work on /home/airflow/.local/lib/python3.7/site-packages/airflow/example_dags/example_branch_day_of_week_operator.py
[2026-09-19T23:46:41.746+0000] {processor.py:799} INFO - Processing file /home/airflow/.local/lib/python3.7/site-packages/airflow/example_dags/example_branch_day_of_week_operator.py for tasks to queue
[2026-09-19T23:46:41.747+0000] {logging_mixin.py:149} INFO - [2026-09-19T23:46:41.747+0000] {dagbag.py:541} INFO - Filling up the DagBag from /home/airflow/.local/lib/python3.7/site-packages/airflow/example_dags/example_branch_day_of_week_operator.py
[2026-09-19T23:46:41.763+0000] {processor.py:809} INFO - DAG(s) dict_keys(['example_weekday_branch_operator']) retrieved from /home/airflow/.local/lib/python3.7/site-packages/airflow/example_dags/example_branch_day_of_week_operator.py
[2026-09-19T23:46:41.820+0000] {logging_mixin.py:149} INFO - [2026-09-19T23:46:41.820+0000] {dag.py:2726} INFO - Sync 1 DAGs
[2026-09-19T23:46:41.874+0000] {logging_mixin.py:149} INFO - [2026-09-19T23:46:41.874+0000] {dag.py:3490} INFO - Setting next_dagrun for example_weekday_branch_operator to 2026-09-18T00:00:00+00:00, run_after=2026-09-19T00:00:00+00:00
[2026-09-19T23:46:41.912+0000] {processor.py:178} INFO - Processing /home/airflow/.local/lib/python3.7/site-packages/airflow/example_dags/example_branch_day_of_week_operator.py took 0.175 seconds
[2026-09-19T23:47:12.004+0000] {processor.py:156} INFO - Started process (PID=18324) to work on /home/airflow/.local/lib/python3.7/site-packages/airflow/example_dags/example_branch_day_of_week_operator.py
[2026-09-19T23:47:12.006+0000] {processor.py:799} INFO - Processing file /home/airflow/.local/lib/python3.7/site-packages/airflow/example_dags/example_branch_day_of_week_operator.py for tasks to queue
[2026-09-19T23:47:12.007+0000] {logging_mixin.py:149} INFO - [2026-09-19T23:47:12.007+0000] {dagbag.py:541} INFO - Filling up the DagBag from /home/airflow/.local/lib/python3.7/site-packages/airflow/example_dags/example_branch_day_of_week_operator.py
[2026-09-19T23:47:12.021+0000] {processor.py:809} INFO - DAG(s) dict_keys(['example_weekday_branch_operator']) retrieved from /home/airflow/.local/lib/python3.7/site-packages/airflow/example_dags/example_branch_day_of_week_operator.py
[2026-09-19T23:47:12.074+0000] {logging_mixin.py:149} INFO - [2026-09-19T23:47:12.073+0000] {dag.py:2726} INFO - Sync 1 DAGs
[2026-09-19T23:47:12.120+0000] {logging_mixin.py:149} INFO - [2026-09-19T23:47:12.120+0000] {dag.py:3490} INFO - Setting next_dagrun for example_weekday_branch_operator to 2026-09-18T00:00:00+00:00, run_after=2026-09-19T00:00:00+00:00
[2026-09-19T23:47:12.160+0000] {processor.py:178} INFO - Processing /home/airflow/.local/lib/python3.7/site-packages/airflow/example_dags/example_branch_day_of_week_operator.py took 0.162 seconds
[2026-09-19T23:47:42.807+0000] {processor.py:156} INFO - Started process (PID=18381) to work on /home/airflow/.local/lib/python3.7/site-packages/airflow/example_dags/example_branch_day_of_week_operator.py
[2026-09-19T23:47:42.809+0000] {processor.py:799} INFO - Processing file /home/airflow/.local/lib/python3.7/site-packages/airflow/example_dags/example_branch_day_of_week_operator.py for tasks to queue
[2026-09-19T23:47:42.810+0000] {logging_mixin.py:149} INFO - [2026-09-19T23:47:42.810+0000] {dagbag.py:541} INFO - Filling up the DagBag from /home/airflow/.local/lib/python3.7/site-packages/airflow/example_dags/example_branch_day_of_week_operator.py
[2026-09-19T23:47:42.823+0000] {processor.py:809} INFO - DAG(s) dict_keys(['example_weekday_branch_operator']) retrieved from /home/airflow/.local/lib/python3.7/site-packages/airflow/example_dags/example_branch_day_of_week_operator.py
[2026-09-19T23:47:42.872+0000] {logging_mixin.py:149} INFO - [2026-09-19T23:47:42.871+0000] {dag.py:2726} INFO - Sync 1 DAGs
[2026-09-19T23:47:42.928+0000] {logging_mixin.py:149} INFO - [2026-09-19T23:47:42.928+0000] {dag.py:3490} INFO - Setting next_dagrun for example_weekday_branch_operator to 2026-09-18T00:00:00+00:00, run_after=2026-09-19T00:00:00+00:00
[2026-09-19T23:47:42.967+0000] {processor.py:178} INFO - Processing /home/airflow/.local/lib/python3.7/site-packages/airflow/example_dags/example_branch_day_of_week_operator.py took 0.167 seconds
