[2026-09-19T21:00:23.490+0000] {processor.py:156} INFO - Started process (PID=77) to work on /home/airflow/.local/lib/python3.7/site-packages/airflow/example_dags/example_short_circuit_decorator.py
[2026-09-19T21:00:23.491+0000] {processor.py:799} INFO - Processing file /home/airflow/.local/lib/python3.7/site-packages/airflow/example_dags/example_short_circuit_decorator.py for tasks to queue
[2026-09-19T21:00:23.492+0000] {logging_mixin.py:149} INFO - [2026-09-19T21:00:23.492+0000] {dagbag.py:541} INFO - Filling up the DagBag from /home/airflow/.local/lib/python3.7/site-packages/airflow/example_dags/example_short_circuit_decorator.py
[2026-09-19T21:00:23.527+0000] {processor.py:809} INFO - DAG(s) dict_keys(['example_short_circuit_decorator']) retrieved from /home/airflow/.local/lib/python3.7/site-packages/airflow/example_dags/example_short_circuit_decorator.py
[2026-09-19T21:00:23.583+0000] {logging_mixin.py:149} INFO - [2026-09-19T21:00:23.583+0000] {dag.py:2726} INFO - Sync 1 DAGs
[2026-09-19T21:00:23.637+0000] {logging_mixin.py:149} INFO - [2026-09-19T21:00:23.637+0000] {dag.py:3490} INFO - Setting next_dagrun for example_short_circuit_decorator to 2026-09-18T21:00:23.636615+00:00, run_after=2026-09-19T21:00:23.636615+00:00
[2026-09-19T21:00:23.697+0000] {processor.py:178} INFO - Processing /home/airflow/.local/lib/python3.7/site-packages/airflow/example_dags/example_short_circuit_decorator.py took 0.218 seconds
[2026-09-19T21:00:53.784+0000] {processor.py:156} INFO - Started process (PID=133) to work on /home/airflow/.local/lib/python3.7/site-packages/airflow/example_dags/example_short_circuit_decorator.py
[2026-09-19T21:00:53.786+0000] {processor.py:799} INFO - Processing file /home/airflow/.local/lib/python3.7/site-packages/airflow/example_dags/example_short_circuit_decorator.py for tasks to queue
[2026-09-19T21:00:53.787+0000] {logging_mixin.py:149} INFO - [2026-09-19T21:00:53.787+0000] {dagbag.py:541} INFO - Filling up the DagBag from /home/airflow/.local/lib/python3.7/site-packages/airflow/example_dags/example_short_circuit_decorator.py
[2026-09-19T21:00:53.806+0000] {processor.py:809} INFO - DAG(s) dict_keys(['example_short_circuit_decorator']) retrieved from /home/airflow/.local/lib/python3.7/site-packages/airflow/example_dags/example_short_circuit_decorator.py
[2026-09-19T21:00:53.864+0000] {logging_mixin.py:149} INFO - [2026-09-19T21:00:53.863+0000] {dag.py:2726} INFO - Sync 1 DAGs
[2026-09-19T21:00:53.907+0000] {logging_mixin.py:149} INFO - [2026-09-19T21:00:53.907+0000] {dag.py:3490} INFO - Setting next_dagrun for example_short_circuit_decorator to 2026-09-18T21:00:53.906708+00:00, run_after=2026-09-19T21:00:53.906708+00:00
[2026-09-19T21:00:53.938+0000] {processor.py:178} INFO - Processing /home/airflow/.local/lib/python3.7/site-packages/airflow/example_dags/example_short_circuit_decorator.py took 0.161 seconds
[2026-09-19T21:01:25.294+0000] {processor.py:156} INFO - Started process (PID=189) to work on /home/airflow/.local/lib/python3.7/site-packages/airflow/example_dags/example_short_circuit_decorator.py
[2026-09-19T21:01:25.296+0000] {processor.py:799} INFO - Processing file /home/airflow/.local/lib/python3.7/site-packages/airflow/example_dags/example_short_circuit_decorator.py for tasks to queue
[2026-09-19T21:01:25.297+0000] {logging_mixin.py:149} INFO - [2026-09-19T21:01:25.296+0000] {dagbag.py:541} INFO - Filling up the DagBag from /home/airflow/.local/lib/python3.7/site-packages/airflow/example_dags/example_short_circuit_decorator.py
[2026-09-19T21:01:25.315+0000] {processor.py:809} INFO - DAG(s) dict_keys(['example_short_circuit_decorator']) retrieved from /home/airflow/.local/lib/python3.7/site-packages/airflow/example_dags/example_short_circuit_decorator.py
[2026-09-19T21:01:25.363+0000] {logging_mixin.py:149} INFO - [2026-09-19T21:01:25.363+0000] {dag.py:2726} INFO - Sync 1 DAGs
[2026-09-19T21:01:25.409+0000] {logging_mixin.py:149} INFO - [2026-09-19T21:01:25.409+0000] {dag.py:3490} INFO - Setting next_dagrun for example_short_circuit_decorator to 2026-09-18T21:01:25.408784+00:00, run_after=2026-09-19T21:01:25.408784+00:00
[2026-09-19T21:01:25.446+0000] {processor.py:178} INFO - Processing /home/airflow/.local/lib/python3.7/site-packages/airflow/example_dags/example_short_circuit_decorator.py took 0.159 seconds
[2026-09-19T21:01:56.581+0000] {processor.py:156} INFO - Started process (PID=245) to work on /home/airflow/.local/lib/python3.7/site-packages/airflow/example_dags/example_short_circuit_decorator.py
[2026-09-19T21:01:56.582+0000] {processor.py:799} INFO - Processing file /home/airflow/.local/lib/python3.7/site-packages/airflow/example_dags/example_short_circuit_decorator.py for tasks to queue
[2026-09-19T21:01:56.583+0000] {logging_mixin.py:149} INFO - [2026-09-19T21:01:56.583+0000] {dagbag.py:541} INFO - Filling up the DagBag from /home/airflow/.local/lib/python3.7/site-packages/airflow/example_dags/example_short_circuit_decorator.py
[2026-09-19T21:01:56.599+0000] {processor.py:809} INFO - DAG(s) dict_keys(['example_short_circuit_decorator']) retrieved from /home/airflow/.local/lib/python3.7/site-packages/airflow/example_dags/example_short_circuit_decorator.py
[2026-09-19T21:01:56.647+0000] {logging_mixin.py:149} INFO - [2026-09-19T21:01:56.646+0000] {dag.py:2726} INFO - Sync 1 DAGs
[2026-09-19T21:01:56.696+0000] {logging_mixin.py:149} INFO - [2026-09-19T21:01:56.695+0000] {dag.py:3490} INFO - Setting next_dagrun for example_short_circuit_decorator to 2026-09-18T21:01:56.695312+00:00, run_after=2026-09-19T21:01:56.695312+00:00
[2026-09-19T21:01:56.731+0000] {processor.py:178} INFO - Processing /home/airflow/.local/lib/python3.7/site-packages/airflow/example_dags/example_short_circuit_decorator.py took 0.156 seconds
[2026-09-19T21:02:27.666+0000] {processor.py:156} INFO - Started process (PID=301) to work on /home/airflow/.local/lib/python3.7/site-packages/airflow/example_dags/example_short_circuit_decorator.py
[2026-09-19T21:02:27.669+0000] {processor.py:799} INFO - Processing file /home/airflow/.local/lib/python3.7/site-packages/airflow/example_dags/example_short_circuit_decorator.py for tasks to queue
[2026-09-19T21:02:27.670+0000] {logging_mixin.py:149} INFO - [2026-09-19T21:02:27.670+0000] {dagbag.py:541} INFO - Filling up the DagBag from /home/airflow/.local/lib/python3.7/site-packages/airflow/example_dags/example_short_circuit_decorator.py
[2026-09-19T21:02:27.687+0000] {processor.py:809} INFO - DAG(s) dict_keys(['example_short_circuit_decorator']) retrieved from /home/airflow/.local/lib/python3.7/site-packages/airflow/example_dags/example_short_circuit_decorator.py
[2026-09-19T21:02:27.738+0000] {logging_mixin.py:149} INFO - [2026-09-19T21:02:27.737+0000] {dag.py:2726} INFO - Sync 1 DAGs
[2026-09-19T21:02:27.784+0000] {logging_mixin.py:149} INFO - [2026-09-19T21:02:27.783+0000] {dag.py:3490} INFO - Setting next_dagrun for example_short_circuit_decorator to 2026-09-18T21:02:27.783438+00:00, run_after=2026-09-19T21:02:27.783438+00:00
[2026-09-19T21:02:27.821+0000] {processor.py:178} INFO - Processing /home/airflow/.local/lib/python3.7/site-packages/airflow/example_dags/example_short_circuit_decorator.py took 0.161 seconds
[2026-09-19T21:02:58.992+0000] {processor.py:156} INFO - Started process (PID=357) to work on /home/airflow/.local/lib/python3.7/site-packages/airflow/example_dags/example_short_circuit_decorator.py
[2026-09-19T21:02:58.995+0000] {processor.py:799} INFO - Processing file /home/airflow/.local/lib/python3.7/site-packages/airflow/example_dags/example_short_circuit_decorator.py for tasks to queue
[2026-09-19T21:02:58.996+0000] {logging_mixin.py:149} INFO - [2026-09-19T21:02:58.996+0000] {dagbag.py:541} INFO - Filling up the DagBag from /home/airflow/.local/lib/python3.7/site-packages/airflow/example_dags/example_short_circuit_decorator.py
[2026-09-19T21:02:59.015+0000] {processor.py:809} INFO - DAG(s) dict_keys(['example_short_circuit_decorator']) retrieved from /home/airflow/.local/lib/python3.7/site-packages/airflow/example_dags/example_short_circuit_decorator.py
[2026-09-19T21:02:59.064+0000] {logging_mixin.py:149} INFO - [2026-09-19T21:02:59.064+0000] {dag.py:2726} INFO - Sync 1 DAGs
[2026-09-19T21:02:59.109+0000] {logging_mixin.py:149} INFO - [2026-09-19T21:02:59.108+0000] {dag.py:3490} INFO - Setting next_dagrun for example_short_circuit_decorator to 2026-09-18T21:02:59.108570+00:00, run_after=2026-09-19T21:02:59.108570+00:00
[2026-09-19T21:02:59.141+0000] {processor.py:178} INFO - Processing /home/airflow/.local/lib/python3.7/site-packages/airflow/example_dags/example_short_circuit_decorator.py took 0.156 seconds
[2026-09-19T21:03:30.712+0000] {processor.py:156} INFO - Started process (PID=413) to work on /home/airflow/.local/lib/python3.7/site-packages/airflow/example_dags/example_short_circuit_decorator.py
[2026-09-19T21:03:30.714+0000] {processor.py:799} INFO - Processing file /home/airflow/.local/lib/python3.7/site-packages/airflow/example_dags/example_short_circuit_decorator.py for tasks to queue
[2026-09-19T21:03:30.715+0000] {logging_mixin.py:149} INFO - [2026-09-19T21:03:30.715+0000] {dagbag.py:541} INFO - Filling up the DagBag from /home/airflow/.local/lib/python3.7/site-packages/airflow/example_dags/example_short_circuit_decorator.py
[2026-09-19T21:03:30.731+0000] {processor.py:809} INFO - DAG(s) dict_keys(['example_short_circuit_decorator']) retrieved from /home/airflow/.local/lib/python3.7/site-packages/airflow/example_dags/example_short_circuit_decorator.py
[2026-09-19T21:03:30.777+0000] {logging_mixin.py:149} INFO - [2026-09-19T21:03:30.777+0000] {dag.py:2726} INFO - Sync 1 DAGs
[2026-09-19T21:03:30.826+0000] {logging_mixin.py:149} INFO - [2026-09-19T21:03:30.826+0000] {dag.py:3490} INFO - Setting next_dagrun for example_short_circuit_decorator to 2026-09-18T21:03:30.826147+00:00, run_after=2026-09-19T21:03:30.826147+00:00
[2026-09-19T21:03:30.860+0000] {processor.py:178} INFO - Processing /home/airflow/.local/lib/python3.7/site-packages/airflow/example_dags/example_short_circuit_decorator.py took 0.154 seconds
[2026-09-19T21:04:01.108+0000] {processor.py:156} INFO - Started process (PID=469) to work on /home/airflow/.local/lib/python3.7/site-packages/airflow/example_dags/example_short_circuit_decorator.py
[2026-09-19T21:04:01.118+0000] {processor.py:799} INFO - Processing file /home/airflow/.local/lib/python3.7/site-packages/airflow/example_dags/example_short_circuit_decorator.py for tasks to queue
[2026-09-19T21:04:01.119+0000] {logging_mixin.py:149} INFO - [2026-09-19T21:04:01.119+0000] {dagbag.py:541} INFO - Filling up the DagBag from /home/airflow/.local/lib/python3.7/site-packages/airflow/example_dags/example_short_circuit_decorator.py
[2026-09-19T21:04:01.138+0000] {processor.py:809} INFO - DAG(s) dict_keys(['example_short_circuit_decorator']) retrieved from /home/airflow/.local/lib/python3.7/site-packages/airflow/example_dags/example_short_circuit_decorator.py
[2026-09-19T21:04:01.195+0000] {logging_mixin.py:149} INFO - [2026-09-19T21:04:01.194+0000] {dag.py:2726} INFO - Sync 1 DAGs
[2026-09-19T21:04:01.243+0000] {logging_mixin.py:149} INFO - [2026-09-19T21:04:01.243+0000] {dag.py:3490} INFO - Setting next_dagrun for example_short_circuit_decorator to 2026-09-18T21:04:01.243109+00:00, run_after=2026-09-19T21:04:01.243109+00:00
[2026-09-19T21:04:01.280+0000] {processor.py:178} INFO - Processing /home/airflow/.local/lib/python3.7/site-packages/airflow/example_dags/example_short_circuit_decorator.py took 0.178 seconds
[2026-09-19T21:04:32.639+0000] {processor.py:156} INFO - Started process (PID=525) to work on /home/airflow/.local/lib/python3.7/site-packages/airflow/example_dags/example_short_circuit_decorator.py
[2026-09-19T21:04:32.666+0000] {processor.py:799} INFO - Processing file /home/airflow/.local/lib/python3.7/site-packages/airflow/example_dags/example_short_circuit_decorator.py for tasks to queue
[2026-09-19T21:04:32.667+0000] {logging_mixin.py:149} INFO - [2026-09-19T21:04:32.667+0000] {dagbag.py:541} INFO - Filling up the DagBag from /home/airflow/.local/lib/python3.7/site-packages/airflow/example_dags/example_short_circuit_decorator.py
[2026-09-19T21:04:32.686+0000] {processor.py:809} INFO - DAG(s) dict_keys(['example_short_circuit_decorator']) retrieved from /home/airflow/.local/lib/python3.7/site-packages/airflow/example_dags/example_short_circuit_decorator.py
[2026-09-19T21:04:32.734+0000] {logging_mixin.py:149} INFO - [2026-09-19T21:04:32.733+0000] {dag.py:2726} INFO - Sync 1 DAGs
[2026-09-19T21:04:32.787+0000] {logging_mixin.py:149} INFO - [2026-09-19T21:04:32.787+0000] {dag.py:3490} INFO - Setting next_dagrun for example_short_circuit_decorator to 2026-09-18T21:04:32.787181+00:00, run_after=2026-09-19T21:04:32.787181+00:00
[2026-09-19T21:04:32.823+0000] {processor.py:178} INFO - Processing /home/airflow/.local/lib/python3.7/site-packages/airflow/example_dags/example_short_circuit_decorator.py took 0.190 seconds
[2026-09-19T21:05:03.876+0000] {processor.py:156} INFO - Started process (PID=581) to work on /home/airflow/.local/lib/python3.7/site-packages/airflow/example_dags/example_short_circuit_decorator.py
[2026-09-19T21:05:03.879+0000] {processor.py:799} INFO - Processing file /home/airflow/.local/lib/python3.7/site-packages/airflow/example_dags/example_short_circuit_decorator.py for tasks to queue
[2026-09-19T21:05:03.880+0000] {logging_mixin.py:149} INFO - [2026-09-19T21:05:03.879+0000] {dagbag.py:541} INFO - Filling up the DagBag from /home/airflow/.local/lib/python3.7/site-packages/airflow/example_dags/example_short_circuit_decorator.py
[2026-09-19T21:05:03.895+0000] {processor.py:809} INFO - DAG(s) dict_keys(['example_short_circuit_decorator']) retrieved from /home/airflow/.local/lib/python3.7/site-packages/airflow/example_dags/example_short_circuit_decorator.py
[2026-09-19T21:05:03.950+0000] {logging_mixin.py:149} INFO - [2026-09-19T21:05:03.950+0000] {dag.py:2726} INFO - Sync 1 DAGs
[2026-09-19T21:05:03.997+0000] {logging_mixin.py:149} INFO - [2026-09-19T21:05:03.997+0000] {dag.py:3490} INFO - Setting next_dagrun for example_short_circuit_decorator to 2026-09-18T21:05:03.996255+00:00, run_after=2026-09-19T21:05:03.996255+00:00
[2026-09-19T21:05:04.034+0000] {processor.py:178} INFO - Processing /home/airflow/.local/lib/python3.7/site-packages/airflow/example_dags/example_short_circuit_decorator.py took 0.163 seconds
[2026-09-19T21:05:35.089+0000] {processor.py:156} INFO - Started process (PID=637) to work on /home/airflow/.local/lib/python3.7/site-packages/airflow/example_dags/example_short_circuit_decorator.py
[2026-09-19T21:05:35.092+0000] {processor.py:799} INFO - Processing file /home/airflow/.local/lib/python3.7/site-packages/airflow/example_dags/example_short_circuit_decorator.py for tasks to queue
[2026-09-19T21:05:35.093+0000] {logging_mixin.py:149} INFO - [2026-09-19T21:05:35.093+0000] {dagbag.py:541} INFO - Filling up the DagBag from /home/airflow/.local/lib/python3.7/site-packages/airflow/example_dags/example_short_circuit_decorator.py
[2026-09-19T21:05:35.115+0000] {processor.py:809} INFO - DAG(s) dict_keys(['example_short_circuit_decorator']) retrieved from /home/airflow/.local/lib/python3.7/site-packages/airflow/example_dags/example_short_circuit_decorator.py
[2026-09-19T21:05:35.171+0000] {logging_mixin.py:149} INFO - [2026-09-19T21:05:35.171+0000] {dag.py:2726} INFO - Sync 1 DAGs
[2026-09-19T21:05:35.220+0000] {logging_mixin.py:149} INFO - [2026-09-19T21:05:35.219+0000] {dag.py:3490} INFO - Setting next_dagrun for example_short_circuit_decorator to 2026-09-18T21:05:35.219208+00:00, run_after=2026-09-19T21:05:35.219208+00:00
[2026-09-19T21:05:35.250+0000] {processor.py:178} INFO - Processing /home/airflow/.local/lib/python3.7/site-packages/airflow/example_dags/example_short_circuit_decorator.py took 0.167 seconds
[2026-09-19T21:06:06.654+0000] {processor.py:156} INFO - Started process (PID=693) to work on /home/airflow/.local/lib/python3.7/site-packages/airflow/example_dags/example_short_circuit_decorator.py
[2026-09-19T21:06:06.658+0000] {processor.py:799} INFO - Processing file /home/airflow/.local/lib/python3.7/site-packages/airflow/example_dags/example_short_circuit_decorator.py for tasks to queue
[2026-09-19T21:06:06.659+0000] {logging_mixin.py:149} INFO - [2026-09-19T21:06:06.659+0000] {dagbag.py:541} INFO - Filling up the DagBag from /home/airflow/.local/lib/python3.7/site-packages/airflow/example_dags/example_short_circuit_decorator.py
[2026-09-19T21:06:06.676+0000] {processor.py:809} INFO - DAG(s) dict_keys(['example_short_circuit_decorator']) retrieved from /home/airflow/.local/lib/python3.7/site-packages/airflow/example_dags/example_short_circuit_decorator.py
[2026-09-19T21:06:06.725+0000] {logging_mixin.py:149} INFO - [2026-09-19T21:06:06.725+0000] {dag.py:2726} INFO - Sync 1 DAGs
[2026-09-19T21:06:06.769+0000] {logging_mixin.py:149} INFO - [2026-09-19T21:06:06.769+0000] {dag.py:3490} INFO - Setting next_dagrun for example_short_circuit_decorator to 2026-09-18T21:06:06.768778+00:00, run_after=2026-09-19T21:06:06.768778+00:00
[2026-09-19T21:06:06.802+0000] {processor.py:178} INFO - Processing /home/airflow/.local/lib/python3.7/site-packages/airflow/example_dags/example_short_circuit_decorator.py took 0.153 seconds
[2026-09-19T21:06:37.864+0000] {processor.py:156} INFO - Started process (PID=748) to work on /home/airflow/.local/lib/python3.7/site-packages/airflow/example_dags/example_short_circuit_decorator.py
[2026-09-19T21:06:37.866+0000] {processor.py:799} INFO - Processing file /home/airflow/.local/lib/python3.7/site-packages/airflow/example_dags/example_short_circuit_decorator.py for tasks to queue
[2026-09-19T21:06:37.867+0000] {logging_mixin.py:149} INFO - [2026-09-19T21:06:37.866+0000] {dagbag.py:541} INFO - Filling up the DagBag from /home/airflow/.local/lib/python3.7/site-packages/airflow/example_dags/example_short_circuit_decorator.py
[2026-09-19T21:06:37.882+0000] {processor.py:809} INFO - DAG(s) dict_keys(['example_short_circuit_decorator']) retrieved from /home/airflow/.local/lib/python3.7/site-packages/airflow/example_dags/example_short_circuit_decorator.py
[2026-09-19T21:06:37.928+0000] {logging_mixin.py:149} INFO - [2026-09-19T21:06:37.928+0000] {dag.py:2726} INFO - Sync 1 DAGs
[2026-09-19T21:06:37.973+0000] {logging_mixin.py:149} INFO - [2026-09-19T21:06:37.973+0000] {dag.py:3490} INFO - Setting next_dagrun for example_short_circuit_decorator to 2026-09-18T21:06:37.973060+00:00, run_after=2026-09-19T21:06:37.973060+00:00
[2026-09-19T21:06:38.009+0000] {processor.py:178} INFO - Processing /home/airflow/.local/lib/python3.7/site-packages/airflow/example_dags/example_short_circuit_decorator.py took 0.150 seconds
[2026-09-19T21:07:09.099+0000] {processor.py:156} INFO - Started process (PID=804) to work on /home/airflow/.local/lib/python3.7/site-packages/airflow/example_dags/example_short_circuit_decorator.py
[2026-09-19T21:07:09.101+0000] {processor.py:799} INFO - Processing file /home/airflow/.local/lib/python3.7/site-packages/airflow/example_dags/example_short_circuit_decorator.py for tasks to queue
[2026-09-19T21:07:09.102+0000] {logging_mixin.py:149} INFO - [2026-09-19T21:07:09.102+0000] {dagbag.py:541} INFO - Filling up the DagBag from /home/airflow/.local/lib/python3.7/site-packages/airflow/example_dags/example_short_circuit_decorator.py
[2026-09-19T21:07:09.123+0000] {processor.py:809} INFO - DAG(s) dict_keys(['example_short_circuit_decorator']) retrieved from /home/airflow/.local/lib/python3.7/site-packages/airflow/example_dags/example_short_circuit_decorator.py
[2026-09-19T21:07:09.169+0000] {logging_mixin.py:149} INFO - [2026-09-19T21:07:09.169+0000] {dag.py:2726} INFO - Sync 1 DAGs
[2026-09-19T21:07:09.214+0000] {logging_mixin.py:149} INFO - [2026-09-19T21:07:09.214+0000] {dag.py:3490} INFO - Setting next_dagrun for example_short_circuit_decorator to 2026-09-18T21:07:09.214195+00:00, run_after=2026-09-19T21:07:09.214195+00:00
[2026-09-19T21:07:09.246+0000] {processor.py:178} INFO - Processing /home/airflow/.local/lib/python3.7/site-packages/airflow/example_dags/example_short_circuit_decorator.py took 0.155 seconds
[2026-09-19T21:07:40.601+0000] {processor.py:156} INFO - Started process (PID=860) to work on /home/airflow/.local/lib/python3.7/site-packages/airflow/example_dags/example_short_circuit_decorator.py
[2026-09-19T21:07:40.603+0000] {processor.py:799} INFO - Processing file /home/airflow/.local/lib/python3.7/site-packages/airflow/example_dags/example_short_circuit_decorator.py for tasks to queue
[2026-09-19T21:07:40.604+0000] {logging_mixin.py:149} INFO - [2026-09-19T21:07:40.604+0000] {dagbag.py:541} INFO - Filling up the DagBag from /home/airflow/.local/lib/python3.7/site-packages/airflow/example_dags/example_short_circuit_decorator.py
[2026-09-19T21:07:40.621+0000] {processor.py:809} INFO - DAG(s) dict_keys(['example_short_circuit_decorator']) retrieved from /home/airflow/.local/lib/python3.7/site-packages/airflow/example_dags/example_short_circuit_decorator.py
[2026-09-19T21:07:40.667+0000] {logging_mixin.py:149} INFO - [2026-09-19T21:07:40.667+0000] {dag.py:2726} INFO - Sync 1 DAGs
[2026-09-19T21:07:40.713+0000] {logging_mixin.py:149} INFO - [2026-09-19T21:07:40.713+0000] {dag.py:3490} INFO - Setting next_dagrun for example_short_circuit_decorator to 2026-09-18T21:07:40.712561+00:00, run_after=2026-09-19T21:07:40.712561+00:00
[2026-09-19T21:07:40.752+0000] {processor.py:178} INFO - Processing /home/airflow/.local/lib/python3.7/site-packages/airflow/example_dags/example_short_circuit_decorator.py took 0.157 seconds
[2026-09-19T21:08:11.846+0000] {processor.py:156} INFO - Started process (PID=916) to work on /home/airflow/.local/lib/python3.7/site-packages/airflow/example_dags/example_short_circuit_decorator.py
[2026-09-19T21:08:11.848+0000] {processor.py:799} INFO - Processing file /home/airflow/.local/lib/python3.7/site-packages/airflow/example_dags/example_short_circuit_decorator.py for tasks to queue
[2026-09-19T21:08:11.849+0000] {logging_mixin.py:149} INFO - [2026-09-19T21:08:11.849+0000] {dagbag.py:541} INFO - Filling up the DagBag from /home/airflow/.local/lib/python3.7/site-packages/airflow/example_dags/example_short_circuit_decorator.py
[2026-09-19T21:08:11.866+0000] {processor.py:809} INFO - DAG(s) dict_keys(['example_short_circuit_decorator']) retrieved from /home/airflow/.local/lib/python3.7/site-packages/airflow/example_dags/example_short_circuit_decorator.py
[2026-09-19T21:08:11.911+0000] {logging_mixin.py:149} INFO - [2026-09-19T21:08:11.911+0000] {dag.py:2726} INFO - Sync 1 DAGs
[2026-09-19T21:08:11.961+0000] {logging_mixin.py:149} INFO - [2026-09-19T21:08:11.960+0000] {dag.py:3490} INFO - Setting next_dagrun for example_short_circuit_decorator to 2026-09-18T21:08:11.960365+00:00, run_after=2026-09-19T21:08:11.960365+00:00
[2026-09-19T21:08:11.995+0000] {processor.py:178} INFO - Processing /home/airflow/.local/lib/python3.7/site-packages/airflow/example_dags/example_short_circuit_decorator.py took 0.156 seconds
[2026-09-19T21:08:43.039+0000] {processor.py:156} INFO - Started process (PID=972) to work on /home/airflow/.local/lib/python3.7/site-packages/airflow/example_dags/example_short_circuit_decorator.py
[2026-09-19T21:08:43.041+0000] {processor.py:799} INFO - Processing file /home/airflow/.local/lib/python3.7/site-packages/airflow/example_dags/example_short_circuit_decorator.py for tasks to queue
[2026-09-19T21:08:43.042+0000] {logging_mixin.py:149} INFO - [2026-09-19T21:08:43.042+0000] {dagbag.py:541} INFO - Filling up the DagBag from /home/airflow/.local/lib/python3.7/site-packages/airflow/example_dags/example_short_circuit_decorator.py
[2026-09-19T21:08:43.058+0000] {processor.py:809} INFO - DAG(s) dict_keys(['example_short_circuit_decorator']) retrieved from /home/airflow/.local/lib/python3.7/site-packages/airflow/example_dags/example_short_circuit_decorator.py
[2026-09-19T21:08:43.113+0000] {logging_mixin.py:149} INFO - [2026-09-19T21:08:43.113+0000] {dag.py:2726} INFO - Sync 1 DAGs
[2026-09-19T21:08:43.161+0000] {logging_mixin.py:149} INFO - [2026-09-19T21:08:43.161+0000] {dag.py:3490} INFO - Setting next_dagrun for example_short_circuit_decorator to 2026-09-18T21:08:43.160664+00:00, run_after=2026-09-19T21:08:43.160664+00:00
[2026-09-19T21:08:43.195+0000] {processor.py:178} INFO - Processing /home/airflow/.local/lib/python3.7/site-packages/airflow/example_dags/example_short_circuit_decorator.py took 0.161 seconds
[2026-09-19T21:09:14.408+0000] {processor.py:156} INFO - Started process (PID=1028) to work on /home/airflow/.local/lib/python3.7/site-packages/airflow/example_dags/example_short_circuit_decorator.py
[2026-09-19T21:09:14.410+0000] {processor.py:799} INFO - Processing file /home/airflow/.local/lib/python3.7/site-packages/airflow/example_dags/example_short_circuit_decorator.py for tasks to queue
[2026-09-19T21:09:14.411+0000] {logging_mixin.py:149} INFO - [2026-09-19T21:09:14.411+0000] {dagbag.py:541} INFO - Filling up the DagBag from /home/airflow/.local/lib/python3.7/site-packages/airflow/example_dags/example_short_circuit_decorator.py
[2026-09-19T21:09:14.430+0000] {processor.py:809} INFO - DAG(s) dict_keys(['example_short_circuit_decorator']) retrieved from /home/airflow/.local/lib/python3.7/site-packages/airflow/example_dags/example_short_circuit_decorator.py
[2026-09-19T21:09:14.485+0000] {logging_mixin.py:149} INFO - [2026-09-19T21:09:14.485+0000] {dag.py:2726} INFO - Sync 1 DAGs
[2026-09-19T21:09:14.536+0000] {logging_mixin.py:149} INFO - [2026-09-19T21:09:14.536+0000] {dag.py:3490} INFO - Setting next_dagrun for example_short_circuit_decorator to 2026-09-18T21:09:14.535729+00:00, run_after=2026-09-19T21:09:14.535729+00:00
[2026-09-19T21:09:14.579+0000] {processor.py:178} INFO - Processing /home/airflow/.local/lib/python3.7/site-packages/airflow/example_dags/example_short_circuit_decorator.py took 0.180 seconds
[2026-09-19T21:09:45.800+0000] {processor.py:156} INFO - Started process (PID=1085) to work on /home/airflow/.local/lib/python3.7/site-packages/airflow/example_dags/example_short_circuit_decorator.py
[2026-09-19T21:09:45.803+0000] {processor.py:799} INFO - Processing file /home/airflow/.local/lib/python3.7/site-packages/airflow/example_dags/example_short_circuit_decorator.py for tasks to queue
[2026-09-19T21:09:45.804+0000] {logging_mixin.py:149} INFO - [2026-09-19T21:09:45.804+0000] {dagbag.py:541} INFO - Filling up the DagBag from /home/airflow/.local/lib/python3.7/site-packages/airflow/example_dags/example_short_circuit_decorator.py
[2026-09-19T21:09:45.830+0000] {processor.py:809} INFO - DAG(s) dict_keys(['example_short_circuit_decorator']) retrieved from /home/airflow/.local/lib/python3.7/site-packages/airflow/example_dags/example_short_circuit_decorator.py
[2026-09-19T21:09:45.885+0000] {logging_mixin.py:149} INFO - [2026-09-19T21:09:45.885+0000] {dag.py:2726} INFO - Sync 1 DAGs
[2026-09-19T21:09:45.928+0000] {logging_mixin.py:149} INFO - [2026-09-19T21:09:45.928+0000] {dag.py:3490} INFO - Setting next_dagrun for example_short_circuit_decorator to 2026-09-18T21:09:45.928117+00:00, run_after=2026-09-19T21:09:45.928117+00:00
[2026-09-19T21:09:45.962+0000] {processor.py:178} INFO - Processing /home/airflow/.local/lib/python3.7/site-packages/airflow/example_dags/example_short_circuit_decorator.py took 0.169 seconds
[2026-09-19T21:10:17.201+0000] {processor.py:156} INFO - Started process (PID=1142) to work on /home/airflow/.local/lib/python3.7/site-packages/airflow/example_dags/example_short_circuit_decorator.py
[2026-09-19T21:10:17.208+0000] {processor.py:799} INFO - Processing file /home/airflow/.local/lib/python3.7/site-packages/airflow/example_dags/example_short_circuit_decorator.py for tasks to queue
[2026-09-19T21:10:17.209+0000] {logging_mixin.py:149} INFO - [2026-09-19T21:10:17.209+0000] {dagbag.py:541} INFO - Filling up the DagBag from /home/airflow/.local/lib/python3.7/site-packages/airflow/example_dags/example_short_circuit_decorator.py
[2026-09-19T21:10:17.227+0000] {processor.py:809} INFO - DAG(s) dict_keys(['example_short_circuit_decorator']) retrieved from /home/airflow/.local/lib/python3.7/site-packages/airflow/example_dags/example_short_circuit_decorator.py
[2026-09-19T21:10:17.295+0000] {logging_mixin.py:149} INFO - [2026-09-19T21:10:17.294+0000] {dag.py:2726} INFO - Sync 1 DAGs
[2026-09-19T21:10:17.352+0000] {logging_mixin.py:149} INFO - [2026-09-19T21:10:17.352+0000] {dag.py:3490} INFO - Setting next_dagrun for example_short_circuit_decorator to 2026-09-18T21:10:17.352231+00:00, run_after=2026-09-19T21:10:17.352231+00:00
[2026-09-19T21:10:17.385+0000] {processor.py:178} INFO - Processing /home/airflow/.local/lib/python3.7/site-packages/airflow/example_dags/example_short_circuit_decorator.py took 0.190 seconds
[2026-09-19T21:10:48.918+0000] {processor.py:156} INFO - Started process (PID=1204) to work on /home/airflow/.local/lib/python3.7/site-packages/airflow/example_dags/example_short_circuit_decorator.py
[2026-09-19T21:10:48.924+0000] {processor.py:799} INFO - Processing file /home/airflow/.local/lib/python3.7/site-packages/airflow/example_dags/example_short_circuit_decorator.py for tasks to queue
[2026-09-19T21:10:48.925+0000] {logging_mixin.py:149} INFO - [2026-09-19T21:10:48.925+0000] {dagbag.py:541} INFO - Filling up the DagBag from /home/airflow/.local/lib/python3.7/site-packages/airflow/example_dags/example_short_circuit_decorator.py
[2026-09-19T21:10:48.942+0000] {processor.py:809} INFO - DAG(s) dict_keys(['example_short_circuit_decorator']) retrieved from /home/airflow/.local/lib/python3.7/site-packages/airflow/example_dags/example_short_circuit_decorator.py
[2026-09-19T21:10:48.992+0000] {logging_mixin.py:149} INFO - [2026-09-19T21:10:48.991+0000] {dag.py:2726} INFO - Sync 1 DAGs
[2026-09-19T21:10:49.035+0000] {logging_mixin.py:149} INFO - [2026-09-19T21:10:49.035+0000] {dag.py:3490} INFO - Setting next_dagrun for example_short_circuit_decorator to 2026-09-18T21:10:49.034632+00:00, run_after=2026-09-19T21:10:49.034632+00:00
[2026-09-19T21:10:49.069+0000] {processor.py:178} INFO - Processing /home/airflow/.local/lib/python3.7/site-packages/airflow/example_dags/example_short_circuit_decorator.py took 0.157 seconds
[2026-09-19T21:11:19.418+0000] {processor.py:156} INFO - Started process (PID=1260) to work on /home/airflow/.local/lib/python3.7/site-packages/airflow/example_dags/example_short_circuit_decorator.py
[2026-09-19T21:11:19.420+0000] {processor.py:799} INFO - Processing file /home/airflow/.local/lib/python3.7/site-packages/airflow/example_dags/example_short_circuit_decorator.py for tasks to queue
[2026-09-19T21:11:19.422+0000] {logging_mixin.py:149} INFO - [2026-09-19T21:11:19.421+0000] {dagbag.py:541} INFO - Filling up the DagBag from /home/airflow/.local/lib/python3.7/site-packages/airflow/example_dags/example_short_circuit_decorator.py
[2026-09-19T21:11:19.440+0000] {processor.py:809} INFO - DAG(s) dict_keys(['example_short_circuit_decorator']) retrieved from /home/airflow/.local/lib/python3.7/site-packages/airflow/example_dags/example_short_circuit_decorator.py
[2026-09-19T21:11:19.492+0000] {logging_mixin.py:149} INFO - [2026-09-19T21:11:19.492+0000] {dag.py:2726} INFO - Sync 1 DAGs
[2026-09-19T21:11:19.542+0000] {logging_mixin.py:149} INFO - [2026-09-19T21:11:19.542+0000] {dag.py:3490} INFO - Setting next_dagrun for example_short_circuit_decorator to 2026-09-18T21:11:19.542246+00:00, run_after=2026-09-19T21:11:19.542246+00:00
[2026-09-19T21:11:19.575+0000] {processor.py:178} INFO - Processing /home/airflow/.local/lib/python3.7/site-packages/airflow/example_dags/example_short_circuit_decorator.py took 0.165 seconds
[2026-09-19T21:11:49.987+0000] {processor.py:156} INFO - Started process (PID=1316) to work on /home/airflow/.local/lib/python3.7/site-packages/airflow/example_dags/example_short_circuit_decorator.py
[2026-09-19T21:11:49.990+0000] {processor.py:799} INFO - Processing file /home/airflow/.local/lib/python3.7/site-packages/airflow/example_dags/example_short_circuit_decorator.py for tasks to queue
[2026-09-19T21:11:49.991+0000] {logging_mixin.py:149} INFO - [2026-09-19T21:11:49.990+0000] {dagbag.py:541} INFO - Filling up the DagBag from /home/airflow/.local/lib/python3.7/site-packages/airflow/example_dags/example_short_circuit_decorator.py
[2026-09-19T21:11:50.006+0000] {processor.py:809} INFO - DAG(s) dict_keys(['example_short_circuit_decorator']) retrieved from /home/airflow/.local/lib/python3.7/site-packages/airflow/example_dags/example_short_circuit_decorator.py
[2026-09-19T21:11:50.055+0000] {logging_mixin.py:149} INFO - [2026-09-19T21:11:50.055+0000] {dag.py:2726} INFO - Sync 1 DAGs
[2026-09-19T21:11:50.098+0000] {logging_mixin.py:149} INFO - [2026-09-19T21:11:50.098+0000] {dag.py:3490} INFO - Setting next_dagrun for example_short_circuit_decorator to 2026-09-18T21:11:50.098279+00:00, run_after=2026-09-19T21:11:50.098279+00:00
[2026-09-19T21:11:50.131+0000] {processor.py:178} INFO - Processing /home/airflow/.local/lib/python3.7/site-packages/airflow/example_dags/example_short_circuit_decorator.py took 0.149 seconds
[2026-09-19T21:12:20.746+0000] {processor.py:156} INFO - Started process (PID=1372) to work on /home/airflow/.local/lib/python3.7/site-packages/airflow/example_dags/example_short_circuit_decorator.py
[2026-09-19T21:12:20.748+0000] {processor.py:799} INFO - Processing file /home/airflow/.local/lib/python3.7/site-packages/airflow/example_dags/example_short_circuit_decorator.py for tasks to queue
[2026-09-19T21:12:20.749+0000] {logging_mixin.py:149} INFO - [2026-09-19T21:12:20.749+0000] {dagbag.py:541} INFO - Filling up the DagBag from /home/airflow/.local/lib/python3.7/site-packages/airflow/example_dags/example_short_circuit_decorator.py
[2026-09-19T21:12:20.766+0000] {processor.py:809} INFO - DAG(s) dict_keys(['example_short_circuit_decorator']) retrieved from /home/airflow/.local/lib/python3.7/site-packages/airflow/example_dags/example_short_circuit_decorator.py
[2026-09-19T21:12:20.818+0000] {logging_mixin.py:149} INFO - [2026-09-19T21:12:20.817+0000] {dag.py:2726} INFO - Sync 1 DAGs
[2026-09-19T21:12:20.861+0000] {logging_mixin.py:149} INFO - [2026-09-19T21:12:20.861+0000] {dag.py:3490} INFO - Setting next_dagrun for example_short_circuit_decorator to 2026-09-18T21:12:20.860659+00:00, run_after=2026-09-19T21:12:20.860659+00:00
[2026-09-19T21:12:20.894+0000] {processor.py:178} INFO - Processing /home/airflow/.local/lib/python3.7/site-packages/airflow/example_dags/example_short_circuit_decorator.py took 0.154 seconds
[2026-09-19T21:12:52.202+0000] {processor.py:156} INFO - Started process (PID=1428) to work on /home/airflow/.local/lib/python3.7/site-packages/airflow/example_dags/example_short_circuit_decorator.py
[2026-09-19T21:12:52.205+0000] {processor.py:799} INFO - Processing file /home/airflow/.local/lib/python3.7/site-packages/airflow/example_dags/example_short_circuit_decorator.py for tasks to queue
[2026-09-19T21:12:52.206+0000] {logging_mixin.py:149} INFO - [2026-09-19T21:12:52.206+0000] {dagbag.py:541} INFO - Filling up the DagBag from /home/airflow/.local/lib/python3.7/site-packages/airflow/example_dags/example_short_circuit_decorator.py
[2026-09-19T21:12:52.226+0000] {processor.py:809} INFO - DAG(s) dict_keys(['example_short_circuit_decorator']) retrieved from /home/airflow/.local/lib/python3.7/site-packages/airflow/example_dags/example_short_circuit_decorator.py
[2026-09-19T21:12:52.279+0000] {logging_mixin.py:149} INFO - [2026-09-19T21:12:52.278+0000] {dag.py:2726} INFO - Sync 1 DAGs
[2026-09-19T21:12:52.334+0000] {logging_mixin.py:149} INFO - [2026-09-19T21:12:52.333+0000] {dag.py:3490} INFO - Setting next_dagrun for example_short_circuit_decorator to 2026-09-18T21:12:52.333366+00:00, run_after=2026-09-19T21:12:52.333366+00:00
[2026-09-19T21:12:52.368+0000] {processor.py:178} INFO - Processing /home/airflow/.local/lib/python3.7/site-packages/airflow/example_dags/example_short_circuit_decorator.py took 0.174 seconds
[2026-09-19T21:13:23.426+0000] {processor.py:156} INFO - Started process (PID=1484) to work on /home/airflow/.local/lib/python3.7/site-packages/airflow/example_dags/example_short_circuit_decorator.py
[2026-09-19T21:13:23.430+0000] {processor.py:799} INFO - Processing file /home/airflow/.local/lib/python3.7/site-packages/airflow/example_dags/example_short_circuit_decorator.py for tasks to queue
[2026-09-19T21:13:23.431+0000] {logging_mixin.py:149} INFO - [2026-09-19T21:13:23.431+0000] {dagbag.py:541} INFO - Filling up the DagBag from /home/airflow/.local/lib/python3.7/site-packages/airflow/example_dags/example_short_circuit_decorator.py
[2026-09-19T21:13:23.449+0000] {processor.py:809} INFO - DAG(s) dict_keys(['example_short_circuit_decorator']) retrieved from /home/airflow/.local/lib/python3.7/site-packages/airflow/example_dags/example_short_circuit_decorator.py
[2026-09-19T21:13:23.505+0000] {logging_mixin.py:149} INFO - [2026-09-19T21:13:23.505+0000] {dag.py:2726} INFO - Sync 1 DAGs
[2026-09-19T21:13:23.552+0000] {logging_mixin.py:149} INFO - [2026-09-19T21:13:23.552+0000] {dag.py:3490} INFO - Setting next_dagrun for example_short_circuit_decorator to 2026-09-18T21:13:23.552103+00:00, run_after=2026-09-19T21:13:23.552103+00:00
[2026-09-19T21:13:23.585+0000] {processor.py:178} INFO - Processing /home/airflow/.local/lib/python3.7/site-packages/airflow/example_dags/example_short_circuit_decorator.py took 0.166 seconds
[2026-09-19T21:13:55.008+0000] {processor.py:156} INFO - Started process (PID=1540) to work on /home/airflow/.local/lib/python3.7/site-packages/airflow/example_dags/example_short_circuit_decorator.py
[2026-09-19T21:13:55.010+0000] {processor.py:799} INFO - Processing file /home/airflow/.local/lib/python3.7/site-packages/airflow/example_dags/example_short_circuit_decorator.py for tasks to queue
[2026-09-19T21:13:55.011+0000] {logging_mixin.py:149} INFO - [2026-09-19T21:13:55.011+0000] {dagbag.py:541} INFO - Filling up the DagBag from /home/airflow/.local/lib/python3.7/site-packages/airflow/example_dags/example_short_circuit_decorator.py
[2026-09-19T21:13:55.029+0000] {processor.py:809} INFO - DAG(s) dict_keys(['example_short_circuit_decorator']) retrieved from /home/airflow/.local/lib/python3.7/site-packages/airflow/example_dags/example_short_circuit_decorator.py
[2026-09-19T21:13:55.077+0000] {logging_mixin.py:149} INFO - [2026-09-19T21:13:55.077+0000] {dag.py:2726} INFO - Sync 1 DAGs
[2026-09-19T21:13:55.119+0000] {logging_mixin.py:149} INFO - [2026-09-19T21:13:55.119+0000] {dag.py:3490} INFO - Setting next_dagrun for example_short_circuit_decorator to 2026-09-18T21:13:55.118945+00:00, run_after=2026-09-19T21:13:55.118945+00:00
[2026-09-19T21:13:55.152+0000] {processor.py:178} INFO - Processing /home/airflow/.local/lib/python3.7/site-packages/airflow/example_dags/example_short_circuit_decorator.py took 0.150 seconds
[2026-09-19T21:14:26.327+0000] {processor.py:156} INFO - Started process (PID=1596) to work on /home/airflow/.local/lib/python3.7/site-packages/airflow/example_dags/example_short_circuit_decorator.py
[2026-09-19T21:14:26.330+0000] {processor.py:799} INFO - Processing file /home/airflow/.local/lib/python3.7/site-packages/airflow/example_dags/example_short_circuit_decorator.py for tasks to queue
[2026-09-19T21:14:26.331+0000] {logging_mixin.py:149} INFO - [2026-09-19T21:14:26.331+0000] {dagbag.py:541} INFO - Filling up the DagBag from /home/airflow/.local/lib/python3.7/site-packages/airflow/example_dags/example_short_circuit_decorator.py
[2026-09-19T21:14:26.349+0000] {processor.py:809} INFO - DAG(s) dict_keys(['example_short_circuit_decorator']) retrieved from /home/airflow/.local/lib/python3.7/site-packages/airflow/example_dags/example_short_circuit_decorator.py
[2026-09-19T21:14:26.404+0000] {logging_mixin.py:149} INFO - [2026-09-19T21:14:26.403+0000] {dag.py:2726} INFO - Sync 1 DAGs
[2026-09-19T21:14:26.455+0000] {logging_mixin.py:149} INFO - [2026-09-19T21:14:26.455+0000] {dag.py:3490} INFO - Setting next_dagrun for example_short_circuit_decorator to 2026-09-18T21:14:26.454732+00:00, run_after=2026-09-19T21:14:26.454732+00:00
[2026-09-19T21:14:26.491+0000] {processor.py:178} INFO - Processing /home/airflow/.local/lib/python3.7/site-packages/airflow/example_dags/example_short_circuit_decorator.py took 0.172 seconds
[2026-09-19T21:14:57.022+0000] {processor.py:156} INFO - Started process (PID=1652) to work on /home/airflow/.local/lib/python3.7/site-packages/airflow/example_dags/example_short_circuit_decorator.py
[2026-09-19T21:14:57.026+0000] {processor.py:799} INFO - Processing file /home/airflow/.local/lib/python3.7/site-packages/airflow/example_dags/example_short_circuit_decorator.py for tasks to queue
[2026-09-19T21:14:57.027+0000] {logging_mixin.py:149} INFO - [2026-09-19T21:14:57.027+0000] {dagbag.py:541} INFO - Filling up the DagBag from /home/airflow/.local/lib/python3.7/site-packages/airflow/example_dags/example_short_circuit_decorator.py
[2026-09-19T21:14:57.043+0000] {processor.py:809} INFO - DAG(s) dict_keys(['example_short_circuit_decorator']) retrieved from /home/airflow/.local/lib/python3.7/site-packages/airflow/example_dags/example_short_circuit_decorator.py
[2026-09-19T21:14:57.099+0000] {logging_mixin.py:149} INFO - [2026-09-19T21:14:57.099+0000] {dag.py:2726} INFO - Sync 1 DAGs
[2026-09-19T21:14:57.143+0000] {logging_mixin.py:149} INFO - [2026-09-19T21:14:57.143+0000] {dag.py:3490} INFO - Setting next_dagrun for example_short_circuit_decorator to 2026-09-18T21:14:57.142973+00:00, run_after=2026-09-19T21:14:57.142973+00:00
[2026-09-19T21:14:57.175+0000] {processor.py:178} INFO - Processing /home/airflow/.local/lib/python3.7/site-packages/airflow/example_dags/example_short_circuit_decorator.py took 0.160 seconds
[2026-09-19T21:15:27.889+0000] {processor.py:156} INFO - Started process (PID=1708) to work on /home/airflow/.local/lib/python3.7/site-packages/airflow/example_dags/example_short_circuit_decorator.py
[2026-09-19T21:15:27.893+0000] {processor.py:799} INFO - Processing file /home/airflow/.local/lib/python3.7/site-packages/airflow/example_dags/example_short_circuit_decorator.py for tasks to queue
[2026-09-19T21:15:27.895+0000] {logging_mixin.py:149} INFO - [2026-09-19T21:15:27.894+0000] {dagbag.py:541} INFO - Filling up the DagBag from /home/airflow/.local/lib/python3.7/site-packages/airflow/example_dags/example_short_circuit_decorator.py
[2026-09-19T21:15:27.914+0000] {processor.py:809} INFO - DAG(s) dict_keys(['example_short_circuit_decorator']) retrieved from /home/airflow/.local/lib/python3.7/site-packages/airflow/example_dags/example_short_circuit_decorator.py
[2026-09-19T21:15:27.965+0000] {logging_mixin.py:149} INFO - [2026-09-19T21:15:27.965+0000] {dag.py:2726} INFO - Sync 1 DAGs
[2026-09-19T21:15:28.010+0000] {logging_mixin.py:149} INFO - [2026-09-19T21:15:28.010+0000] {dag.py:3490} INFO - Setting next_dagrun for example_short_circuit_decorator to 2026-09-18T21:15:28.009586+00:00, run_after=2026-09-19T21:15:28.009586+00:00
[2026-09-19T21:15:28.039+0000] {processor.py:178} INFO - Processing /home/airflow/.local/lib/python3.7/site-packages/airflow/example_dags/example_short_circuit_decorator.py took 0.155 seconds
[2026-09-19T21:15:58.361+0000] {processor.py:156} INFO - Started process (PID=1764) to work on /home/airflow/.local/lib/python3.7/site-packages/airflow/example_dags/example_short_circuit_decorator.py
[2026-09-19T21:15:58.364+0000] {processor.py:799} INFO - Processing file /home/airflow/.local/lib/python3.7/site-packages/airflow/example_dags/example_short_circuit_decorator.py for tasks to queue
[2026-09-19T21:15:58.365+0000] {logging_mixin.py:149} INFO - [2026-09-19T21:15:58.364+0000] {dagbag.py:541} INFO - Filling up the DagBag from /home/airflow/.local/lib/python3.7/site-packages/airflow/example_dags/example_short_circuit_decorator.py
[2026-09-19T21:15:58.382+0000] {processor.py:809} INFO - DAG(s) dict_keys(['example_short_circuit_decorator']) retrieved from /home/airflow/.local/lib/python3.7/site-packages/airflow/example_dags/example_short_circuit_decorator.py
[2026-09-19T21:15:58.426+0000] {logging_mixin.py:149} INFO - [2026-09-19T21:15:58.426+0000] {dag.py:2726} INFO - Sync 1 DAGs
[2026-09-19T21:15:58.469+0000] {logging_mixin.py:149} INFO - [2026-09-19T21:15:58.468+0000] {dag.py:3490} INFO - Setting next_dagrun for example_short_circuit_decorator to 2026-09-18T21:15:58.468550+00:00, run_after=2026-09-19T21:15:58.468550+00:00
[2026-09-19T21:15:58.503+0000] {processor.py:178} INFO - Processing /home/airflow/.local/lib/python3.7/site-packages/airflow/example_dags/example_short_circuit_decorator.py took 0.148 seconds
[2026-09-19T21:16:29.053+0000] {processor.py:156} INFO - Started process (PID=1820) to work on /home/airflow/.local/lib/python3.7/site-packages/airflow/example_dags/example_short_circuit_decorator.py
[2026-09-19T21:16:29.055+0000] {processor.py:799} INFO - Processing file /home/airflow/.local/lib/python3.7/site-packages/airflow/example_dags/example_short_circuit_decorator.py for tasks to queue
[2026-09-19T21:16:29.056+0000] {logging_mixin.py:149} INFO - [2026-09-19T21:16:29.056+0000] {dagbag.py:541} INFO - Filling up the DagBag from /home/airflow/.local/lib/python3.7/site-packages/airflow/example_dags/example_short_circuit_decorator.py
[2026-09-19T21:16:29.072+0000] {processor.py:809} INFO - DAG(s) dict_keys(['example_short_circuit_decorator']) retrieved from /home/airflow/.local/lib/python3.7/site-packages/airflow/example_dags/example_short_circuit_decorator.py
[2026-09-19T21:16:29.119+0000] {logging_mixin.py:149} INFO - [2026-09-19T21:16:29.119+0000] {dag.py:2726} INFO - Sync 1 DAGs
[2026-09-19T21:16:29.161+0000] {logging_mixin.py:149} INFO - [2026-09-19T21:16:29.160+0000] {dag.py:3490} INFO - Setting next_dagrun for example_short_circuit_decorator to 2026-09-18T21:16:29.160378+00:00, run_after=2026-09-19T21:16:29.160378+00:00
[2026-09-19T21:16:29.195+0000] {processor.py:178} INFO - Processing /home/airflow/.local/lib/python3.7/site-packages/airflow/example_dags/example_short_circuit_decorator.py took 0.148 seconds
[2026-09-19T21:16:59.626+0000] {processor.py:156} INFO - Started process (PID=1876) to work on /home/airflow/.local/lib/python3.7/site-packages/airflow/example_dags/example_short_circuit_decorator.py
[2026-09-19T21:16:59.629+0000] {processor.py:799} INFO - Processing file /home/airflow/.local/lib/python3.7/site-packages/airflow/example_dags/example_short_circuit_decorator.py for tasks to queue
[2026-09-19T21:16:59.630+0000] {logging_mixin.py:149} INFO - [2026-09-19T21:16:59.630+0000] {dagbag.py:541} INFO - Filling up the DagBag from /home/airflow/.local/lib/python3.7/site-packages/airflow/example_dags/example_short_circuit_decorator.py
[2026-09-19T21:16:59.649+0000] {processor.py:809} INFO - DAG(s) dict_keys(['example_short_circuit_decorator']) retrieved from /home/airflow/.local/lib/python3.7/site-packages/airflow/example_dags/example_short_circuit_decorator.py
[2026-09-19T21:16:59.697+0000] {logging_mixin.py:149} INFO - [2026-09-19T21:16:59.696+0000] {dag.py:2726} INFO - Sync 1 DAGs
[2026-09-19T21:16:59.742+0000] {logging_mixin.py:149} INFO - [2026-09-19T21:16:59.742+0000] {dag.py:3490} INFO - Setting next_dagrun for example_short_circuit_decorator to 2026-09-18T21:16:59.742324+00:00, run_after=2026-09-19T21:16:59.742324+00:00
[2026-09-19T21:16:59.774+0000] {processor.py:178} INFO - Processing /home/airflow/.local/lib/python3.7/site-packages/airflow/example_dags/example_short_circuit_decorator.py took 0.154 seconds
[2026-09-19T21:17:30.479+0000] {processor.py:156} INFO - Started process (PID=1932) to work on /home/airflow/.local/lib/python3.7/site-packages/airflow/example_dags/example_short_circuit_decorator.py
[2026-09-19T21:17:30.481+0000] {processor.py:799} INFO - Processing file /home/airflow/.local/lib/python3.7/site-packages/airflow/example_dags/example_short_circuit_decorator.py for tasks to queue
[2026-09-19T21:17:30.482+0000] {logging_mixin.py:149} INFO - [2026-09-19T21:17:30.482+0000] {dagbag.py:541} INFO - Filling up the DagBag from /home/airflow/.local/lib/python3.7/site-packages/airflow/example_dags/example_short_circuit_decorator.py
[2026-09-19T21:17:30.500+0000] {processor.py:809} INFO - DAG(s) dict_keys(['example_short_circuit_decorator']) retrieved from /home/airflow/.local/lib/python3.7/site-packages/airflow/example_dags/example_short_circuit_decorator.py
[2026-09-19T21:17:30.544+0000] {logging_mixin.py:149} INFO - [2026-09-19T21:17:30.544+0000] {dag.py:2726} INFO - Sync 1 DAGs
[2026-09-19T21:17:30.592+0000] {logging_mixin.py:149} INFO - [2026-09-19T21:17:30.592+0000] {dag.py:3490} INFO - Setting next_dagrun for example_short_circuit_decorator to 2026-09-18T21:17:30.591801+00:00, run_after=2026-09-19T21:17:30.591801+00:00
[2026-09-19T21:17:30.621+0000] {processor.py:178} INFO - Processing /home/airflow/.local/lib/python3.7/site-packages/airflow/example_dags/example_short_circuit_decorator.py took 0.147 seconds
[2026-09-19T21:18:01.013+0000] {processor.py:156} INFO - Started process (PID=1988) to work on /home/airflow/.local/lib/python3.7/site-packages/airflow/example_dags/example_short_circuit_decorator.py
[2026-09-19T21:18:01.015+0000] {processor.py:799} INFO - Processing file /home/airflow/.local/lib/python3.7/site-packages/airflow/example_dags/example_short_circuit_decorator.py for tasks to queue
[2026-09-19T21:18:01.016+0000] {logging_mixin.py:149} INFO - [2026-09-19T21:18:01.016+0000] {dagbag.py:541} INFO - Filling up the DagBag from /home/airflow/.local/lib/python3.7/site-packages/airflow/example_dags/example_short_circuit_decorator.py
[2026-09-19T21:18:01.035+0000] {processor.py:809} INFO - DAG(s) dict_keys(['example_short_circuit_decorator']) retrieved from /home/airflow/.local/lib/python3.7/site-packages/airflow/example_dags/example_short_circuit_decorator.py
[2026-09-19T21:18:01.082+0000] {logging_mixin.py:149} INFO - [2026-09-19T21:18:01.082+0000] {dag.py:2726} INFO - Sync 1 DAGs
[2026-09-19T21:18:01.134+0000] {logging_mixin.py:149} INFO - [2026-09-19T21:18:01.134+0000] {dag.py:3490} INFO - Setting next_dagrun for example_short_circuit_decorator to 2026-09-18T21:18:01.133911+00:00, run_after=2026-09-19T21:18:01.133911+00:00
[2026-09-19T21:18:01.166+0000] {processor.py:178} INFO - Processing /home/airflow/.local/lib/python3.7/site-packages/airflow/example_dags/example_short_circuit_decorator.py took 0.159 seconds
[2026-09-19T21:18:31.657+0000] {processor.py:156} INFO - Started process (PID=2044) to work on /home/airflow/.local/lib/python3.7/site-packages/airflow/example_dags/example_short_circuit_decorator.py
[2026-09-19T21:18:31.659+0000] {processor.py:799} INFO - Processing file /home/airflow/.local/lib/python3.7/site-packages/airflow/example_dags/example_short_circuit_decorator.py for tasks to queue
[2026-09-19T21:18:31.660+0000] {logging_mixin.py:149} INFO - [2026-09-19T21:18:31.660+0000] {dagbag.py:541} INFO - Filling up the DagBag from /home/airflow/.local/lib/python3.7/site-packages/airflow/example_dags/example_short_circuit_decorator.py
[2026-09-19T21:18:31.678+0000] {processor.py:809} INFO - DAG(s) dict_keys(['example_short_circuit_decorator']) retrieved from /home/airflow/.local/lib/python3.7/site-packages/airflow/example_dags/example_short_circuit_decorator.py
[2026-09-19T21:18:31.728+0000] {logging_mixin.py:149} INFO - [2026-09-19T21:18:31.728+0000] {dag.py:2726} INFO - Sync 1 DAGs
[2026-09-19T21:18:31.776+0000] {logging_mixin.py:149} INFO - [2026-09-19T21:18:31.776+0000] {dag.py:3490} INFO - Setting next_dagrun for example_short_circuit_decorator to 2026-09-18T21:18:31.775692+00:00, run_after=2026-09-19T21:18:31.775692+00:00
[2026-09-19T21:18:31.812+0000] {processor.py:178} INFO - Processing /home/airflow/.local/lib/python3.7/site-packages/airflow/example_dags/example_short_circuit_decorator.py took 0.160 seconds
[2026-09-19T21:19:02.149+0000] {processor.py:156} INFO - Started process (PID=2100) to work on /home/airflow/.local/lib/python3.7/site-packages/airflow/example_dags/example_short_circuit_decorator.py
[2026-09-19T21:19:02.151+0000] {processor.py:799} INFO - Processing file /home/airflow/.local/lib/python3.7/site-packages/airflow/example_dags/example_short_circuit_decorator.py for tasks to queue
[2026-09-19T21:19:02.152+0000] {logging_mixin.py:149} INFO - [2026-09-19T21:19:02.152+0000] {dagbag.py:541} INFO - Filling up the DagBag from /home/airflow/.local/lib/python3.7/site-packages/airflow/example_dags/example_short_circuit_decorator.py
[2026-09-19T21:19:02.170+0000] {processor.py:809} INFO - DAG(s) dict_keys(['example_short_circuit_decorator']) retrieved from /home/airflow/.local/lib/python3.7/site-packages/airflow/example_dags/example_short_circuit_decorator.py
[2026-09-19T21:19:02.223+0000] {logging_mixin.py:149} INFO - [2026-09-19T21:19:02.223+0000] {dag.py:2726} INFO - Sync 1 DAGs
[2026-09-19T21:19:02.272+0000] {logging_mixin.py:149} INFO - [2026-09-19T21:19:02.271+0000] {dag.py:3490} INFO - Setting next_dagrun for example_short_circuit_decorator to 2026-09-18T21:19:02.271495+00:00, run_after=2026-09-19T21:19:02.271495+00:00
[2026-09-19T21:19:02.306+0000] {processor.py:178} INFO - Processing /home/airflow/.local/lib/python3.7/site-packages/airflow/example_dags/example_short_circuit_decorator.py took 0.164 seconds
[2026-09-19T21:19:32.916+0000] {processor.py:156} INFO - Started process (PID=2156) to work on /home/airflow/.local/lib/python3.7/site-packages/airflow/example_dags/example_short_circuit_decorator.py
[2026-09-19T21:19:32.925+0000] {processor.py:799} INFO - Processing file /home/airflow/.local/lib/python3.7/site-packages/airflow/example_dags/example_short_circuit_decorator.py for tasks to queue
[2026-09-19T21:19:32.926+0000] {logging_mixin.py:149} INFO - [2026-09-19T21:19:32.926+0000] {dagbag.py:541} INFO - Filling up the DagBag from /home/airflow/.local/lib/python3.7/site-packages/airflow/example_dags/example_short_circuit_decorator.py
[2026-09-19T21:19:32.945+0000] {processor.py:809} INFO - DAG(s) dict_keys(['example_short_circuit_decorator']) retrieved from /home/airflow/.local/lib/python3.7/site-packages/airflow/example_dags/example_short_circuit_decorator.py
[2026-09-19T21:19:32.993+0000] {logging_mixin.py:149} INFO - [2026-09-19T21:19:32.992+0000] {dag.py:2726} INFO - Sync 1 DAGs
[2026-09-19T21:19:33.040+0000] {logging_mixin.py:149} INFO - [2026-09-19T21:19:33.040+0000] {dag.py:3490} INFO - Setting next_dagrun for example_short_circuit_decorator to 2026-09-18T21:19:33.040207+00:00, run_after=2026-09-19T21:19:33.040207+00:00
[2026-09-19T21:19:33.075+0000] {processor.py:178} INFO - Processing /home/airflow/.local/lib/python3.7/site-packages/airflow/example_dags/example_short_circuit_decorator.py took 0.166 seconds
[2026-09-19T21:20:03.433+0000] {processor.py:156} INFO - Started process (PID=2212) to work on /home/airflow/.local/lib/python3.7/site-packages/airflow/example_dags/example_short_circuit_decorator.py
[2026-09-19T21:20:03.434+0000] {processor.py:799} INFO - Processing file /home/airflow/.local/lib/python3.7/site-packages/airflow/example_dags/example_short_circuit_decorator.py for tasks to queue
[2026-09-19T21:20:03.436+0000] {logging_mixin.py:149} INFO - [2026-09-19T21:20:03.435+0000] {dagbag.py:541} INFO - Filling up the DagBag from /home/airflow/.local/lib/python3.7/site-packages/airflow/example_dags/example_short_circuit_decorator.py
[2026-09-19T21:20:03.469+0000] {processor.py:809} INFO - DAG(s) dict_keys(['example_short_circuit_decorator']) retrieved from /home/airflow/.local/lib/python3.7/site-packages/airflow/example_dags/example_short_circuit_decorator.py
[2026-09-19T21:20:03.516+0000] {logging_mixin.py:149} INFO - [2026-09-19T21:20:03.516+0000] {dag.py:2726} INFO - Sync 1 DAGs
[2026-09-19T21:20:03.560+0000] {logging_mixin.py:149} INFO - [2026-09-19T21:20:03.559+0000] {dag.py:3490} INFO - Setting next_dagrun for example_short_circuit_decorator to 2026-09-18T21:20:03.559324+00:00, run_after=2026-09-19T21:20:03.559324+00:00
[2026-09-19T21:20:03.595+0000] {processor.py:178} INFO - Processing /home/airflow/.local/lib/python3.7/site-packages/airflow/example_dags/example_short_circuit_decorator.py took 0.168 seconds
[2026-09-19T21:20:33.792+0000] {processor.py:156} INFO - Started process (PID=2268) to work on /home/airflow/.local/lib/python3.7/site-packages/airflow/example_dags/example_short_circuit_decorator.py
[2026-09-19T21:20:33.794+0000] {processor.py:799} INFO - Processing file /home/airflow/.local/lib/python3.7/site-packages/airflow/example_dags/example_short_circuit_decorator.py for tasks to queue
[2026-09-19T21:20:33.795+0000] {logging_mixin.py:149} INFO - [2026-09-19T21:20:33.795+0000] {dagbag.py:541} INFO - Filling up the DagBag from /home/airflow/.local/lib/python3.7/site-packages/airflow/example_dags/example_short_circuit_decorator.py
[2026-09-19T21:20:33.811+0000] {processor.py:809} INFO - DAG(s) dict_keys(['example_short_circuit_decorator']) retrieved from /home/airflow/.local/lib/python3.7/site-packages/airflow/example_dags/example_short_circuit_decorator.py
[2026-09-19T21:20:33.861+0000] {logging_mixin.py:149} INFO - [2026-09-19T21:20:33.860+0000] {dag.py:2726} INFO - Sync 1 DAGs
[2026-09-19T21:20:33.905+0000] {logging_mixin.py:149} INFO - [2026-09-19T21:20:33.905+0000] {dag.py:3490} INFO - Setting next_dagrun for example_short_circuit_decorator to 2026-09-18T21:20:33.904999+00:00, run_after=2026-09-19T21:20:33.904999+00:00
[2026-09-19T21:20:33.937+0000] {processor.py:178} INFO - Processing /home/airflow/.local/lib/python3.7/site-packages/airflow/example_dags/example_short_circuit_decorator.py took 0.151 seconds
[2026-09-19T21:21:04.407+0000] {processor.py:156} INFO - Started process (PID=2323) to work on /home/airflow/.local/lib/python3.7/site-packages/airflow/example_dags/example_short_circuit_decorator.py
[2026-09-19T21:21:04.409+0000] {processor.py:799} INFO - Processing file /home/airflow/.local/lib/python3.7/site-packages/airflow/example_dags/example_short_circuit_decorator.py for tasks to queue
[2026-09-19T21:21:04.411+0000] {logging_mixin.py:149} INFO - [2026-09-19T21:21:04.411+0000] {dagbag.py:541} INFO - Filling up the DagBag from /home/airflow/.local/lib/python3.7/site-packages/airflow/example_dags/example_short_circuit_decorator.py
[2026-09-19T21:21:04.431+0000] {processor.py:809} INFO - DAG(s) dict_keys(['example_short_circuit_decorator']) retrieved from /home/airflow/.local/lib/python3.7/site-packages/airflow/example_dags/example_short_circuit_decorator.py
[2026-09-19T21:21:04.485+0000] {logging_mixin.py:149} INFO - [2026-09-19T21:21:04.484+0000] {dag.py:2726} INFO - Sync 1 DAGs
[2026-09-19T21:21:04.546+0000] {logging_mixin.py:149} INFO - [2026-09-19T21:21:04.546+0000] {dag.py:3490} INFO - Setting next_dagrun for example_short_circuit_decorator to 2026-09-18T21:21:04.545844+00:00, run_after=2026-09-19T21:21:04.545844+00:00
[2026-09-19T21:21:04.591+0000] {processor.py:178} INFO - Processing /home/airflow/.local/lib/python3.7/site-packages/airflow/example_dags/example_short_circuit_decorator.py took 0.192 seconds
[2026-09-19T21:21:34.782+0000] {processor.py:156} INFO - Started process (PID=2379) to work on /home/airflow/.local/lib/python3.7/site-packages/airflow/example_dags/example_short_circuit_decorator.py
[2026-09-19T21:21:34.786+0000] {processor.py:799} INFO - Processing file /home/airflow/.local/lib/python3.7/site-packages/airflow/example_dags/example_short_circuit_decorator.py for tasks to queue
[2026-09-19T21:21:34.787+0000] {logging_mixin.py:149} INFO - [2026-09-19T21:21:34.787+0000] {dagbag.py:541} INFO - Filling up the DagBag from /home/airflow/.local/lib/python3.7/site-packages/airflow/example_dags/example_short_circuit_decorator.py
[2026-09-19T21:21:34.805+0000] {processor.py:809} INFO - DAG(s) dict_keys(['example_short_circuit_decorator']) retrieved from /home/airflow/.local/lib/python3.7/site-packages/airflow/example_dags/example_short_circuit_decorator.py
[2026-09-19T21:21:34.857+0000] {logging_mixin.py:149} INFO - [2026-09-19T21:21:34.857+0000] {dag.py:2726} INFO - Sync 1 DAGs
[2026-09-19T21:21:34.908+0000] {logging_mixin.py:149} INFO - [2026-09-19T21:21:34.907+0000] {dag.py:3490} INFO - Setting next_dagrun for example_short_circuit_decorator to 2026-09-18T21:21:34.907426+00:00, run_after=2026-09-19T21:21:34.907426+00:00
[2026-09-19T21:21:34.940+0000] {processor.py:178} INFO - Processing /home/airflow/.local/lib/python3.7/site-packages/airflow/example_dags/example_short_circuit_decorator.py took 0.165 seconds
[2026-09-19T21:22:05.864+0000] {processor.py:156} INFO - Started process (PID=2435) to work on /home/airflow/.local/lib/python3.7/site-packages/airflow/example_dags/example_short_circuit_decorator.py
[2026-09-19T21:22:05.866+0000] {processor.py:799} INFO - Processing file /home/airflow/.local/lib/python3.7/site-packages/airflow/example_dags/example_short_circuit_decorator.py for tasks to queue
[2026-09-19T21:22:05.867+0000] {logging_mixin.py:149} INFO - [2026-09-19T21:22:05.867+0000] {dagbag.py:541} INFO - Filling up the DagBag from /home/airflow/.local/lib/python3.7/site-packages/airflow/example_dags/example_short_circuit_decorator.py
[2026-09-19T21:22:05.884+0000] {processor.py:809} INFO - DAG(s) dict_keys(['example_short_circuit_decorator']) retrieved from /home/airflow/.local/lib/python3.7/site-packages/airflow/example_dags/example_short_circuit_decorator.py
[2026-09-19T21:22:05.943+0000] {logging_mixin.py:149} INFO - [2026-09-19T21:22:05.943+0000] {dag.py:2726} INFO - Sync 1 DAGs
[2026-09-19T21:22:05.992+0000] {logging_mixin.py:149} INFO - [2026-09-19T21:22:05.991+0000] {dag.py:3490} INFO - Setting next_dagrun for example_short_circuit_decorator to 2026-09-18T21:22:05.991338+00:00, run_after=2026-09-19T21:22:05.991338+00:00
[2026-09-19T21:22:06.025+0000] {processor.py:178} INFO - Processing /home/airflow/.local/lib/python3.7/site-packages/airflow/example_dags/example_short_circuit_decorator.py took 0.166 seconds
[2026-09-19T21:22:36.183+0000] {processor.py:156} INFO - Started process (PID=2490) to work on /home/airflow/.local/lib/python3.7/site-packages/airflow/example_dags/example_short_circuit_decorator.py
[2026-09-19T21:22:36.185+0000] {processor.py:799} INFO - Processing file /home/airflow/.local/lib/python3.7/site-packages/airflow/example_dags/example_short_circuit_decorator.py for tasks to queue
[2026-09-19T21:22:36.186+0000] {logging_mixin.py:149} INFO - [2026-09-19T21:22:36.186+0000] {dagbag.py:541} INFO - Filling up the DagBag from /home/airflow/.local/lib/python3.7/site-packages/airflow/example_dags/example_short_circuit_decorator.py
[2026-09-19T21:22:36.202+0000] {processor.py:809} INFO - DAG(s) dict_keys(['example_short_circuit_decorator']) retrieved from /home/airflow/.local/lib/python3.7/site-packages/airflow/example_dags/example_short_circuit_decorator.py
[2026-09-19T21:22:36.251+0000] {logging_mixin.py:149} INFO - [2026-09-19T21:22:36.251+0000] {dag.py:2726} INFO - Sync 1 DAGs
[2026-09-19T21:22:36.301+0000] {logging_mixin.py:149} INFO - [2026-09-19T21:22:36.301+0000] {dag.py:3490} INFO - Setting next_dagrun for example_short_circuit_decorator to 2026-09-18T21:22:36.300592+00:00, run_after=2026-09-19T21:22:36.300592+00:00
[2026-09-19T21:22:36.338+0000] {processor.py:178} INFO - Processing /home/airflow/.local/lib/python3.7/site-packages/airflow/example_dags/example_short_circuit_decorator.py took 0.162 seconds
[2026-09-19T21:23:07.144+0000] {processor.py:156} INFO - Started process (PID=2546) to work on /home/airflow/.local/lib/python3.7/site-packages/airflow/example_dags/example_short_circuit_decorator.py
[2026-09-19T21:23:07.146+0000] {processor.py:799} INFO - Processing file /home/airflow/.local/lib/python3.7/site-packages/airflow/example_dags/example_short_circuit_decorator.py for tasks to queue
[2026-09-19T21:23:07.147+0000] {logging_mixin.py:149} INFO - [2026-09-19T21:23:07.147+0000] {dagbag.py:541} INFO - Filling up the DagBag from /home/airflow/.local/lib/python3.7/site-packages/airflow/example_dags/example_short_circuit_decorator.py
[2026-09-19T21:23:07.165+0000] {processor.py:809} INFO - DAG(s) dict_keys(['example_short_circuit_decorator']) retrieved from /home/airflow/.local/lib/python3.7/site-packages/airflow/example_dags/example_short_circuit_decorator.py
[2026-09-19T21:23:07.211+0000] {logging_mixin.py:149} INFO - [2026-09-19T21:23:07.211+0000] {dag.py:2726} INFO - Sync 1 DAGs
[2026-09-19T21:23:07.258+0000] {logging_mixin.py:149} INFO - [2026-09-19T21:23:07.258+0000] {dag.py:3490} INFO - Setting next_dagrun for example_short_circuit_decorator to 2026-09-18T21:23:07.257750+00:00, run_after=2026-09-19T21:23:07.257750+00:00
[2026-09-19T21:23:07.292+0000] {processor.py:178} INFO - Processing /home/airflow/.local/lib/python3.7/site-packages/airflow/example_dags/example_short_circuit_decorator.py took 0.154 seconds
[2026-09-19T21:23:37.593+0000] {processor.py:156} INFO - Started process (PID=2602) to work on /home/airflow/.local/lib/python3.7/site-packages/airflow/example_dags/example_short_circuit_decorator.py
[2026-09-19T21:23:37.597+0000] {processor.py:799} INFO - Processing file /home/airflow/.local/lib/python3.7/site-packages/airflow/example_dags/example_short_circuit_decorator.py for tasks to queue
[2026-09-19T21:23:37.598+0000] {logging_mixin.py:149} INFO - [2026-09-19T21:23:37.597+0000] {dagbag.py:541} INFO - Filling up the DagBag from /home/airflow/.local/lib/python3.7/site-packages/airflow/example_dags/example_short_circuit_decorator.py
[2026-09-19T21:23:37.613+0000] {processor.py:809} INFO - DAG(s) dict_keys(['example_short_circuit_decorator']) retrieved from /home/airflow/.local/lib/python3.7/site-packages/airflow/example_dags/example_short_circuit_decorator.py
[2026-09-19T21:23:37.668+0000] {logging_mixin.py:149} INFO - [2026-09-19T21:23:37.668+0000] {dag.py:2726} INFO - Sync 1 DAGs
[2026-09-19T21:23:37.713+0000] {logging_mixin.py:149} INFO - [2026-09-19T21:23:37.713+0000] {dag.py:3490} INFO - Setting next_dagrun for example_short_circuit_decorator to 2026-09-18T21:23:37.712878+00:00, run_after=2026-09-19T21:23:37.712878+00:00
[2026-09-19T21:23:37.749+0000] {processor.py:178} INFO - Processing /home/airflow/.local/lib/python3.7/site-packages/airflow/example_dags/example_short_circuit_decorator.py took 0.162 seconds
[2026-09-19T21:24:07.916+0000] {processor.py:156} INFO - Started process (PID=2659) to work on /home/airflow/.local/lib/python3.7/site-packages/airflow/example_dags/example_short_circuit_decorator.py
[2026-09-19T21:24:07.918+0000] {processor.py:799} INFO - Processing file /home/airflow/.local/lib/python3.7/site-packages/airflow/example_dags/example_short_circuit_decorator.py for tasks to queue
[2026-09-19T21:24:07.919+0000] {logging_mixin.py:149} INFO - [2026-09-19T21:24:07.919+0000] {dagbag.py:541} INFO - Filling up the DagBag from /home/airflow/.local/lib/python3.7/site-packages/airflow/example_dags/example_short_circuit_decorator.py
[2026-09-19T21:24:07.938+0000] {processor.py:809} INFO - DAG(s) dict_keys(['example_short_circuit_decorator']) retrieved from /home/airflow/.local/lib/python3.7/site-packages/airflow/example_dags/example_short_circuit_decorator.py
[2026-09-19T21:24:07.986+0000] {logging_mixin.py:149} INFO - [2026-09-19T21:24:07.986+0000] {dag.py:2726} INFO - Sync 1 DAGs
[2026-09-19T21:24:08.028+0000] {logging_mixin.py:149} INFO - [2026-09-19T21:24:08.028+0000] {dag.py:3490} INFO - Setting next_dagrun for example_short_circuit_decorator to 2026-09-18T21:24:08.028015+00:00, run_after=2026-09-19T21:24:08.028015+00:00
[2026-09-19T21:24:08.059+0000] {processor.py:178} INFO - Processing /home/airflow/.local/lib/python3.7/site-packages/airflow/example_dags/example_short_circuit_decorator.py took 0.150 seconds
[2026-09-19T21:24:38.265+0000] {processor.py:156} INFO - Started process (PID=2714) to work on /home/airflow/.local/lib/python3.7/site-packages/airflow/example_dags/example_short_circuit_decorator.py
[2026-09-19T21:24:38.268+0000] {processor.py:799} INFO - Processing file /home/airflow/.local/lib/python3.7/site-packages/airflow/example_dags/example_short_circuit_decorator.py for tasks to queue
[2026-09-19T21:24:38.270+0000] {logging_mixin.py:149} INFO - [2026-09-19T21:24:38.269+0000] {dagbag.py:541} INFO - Filling up the DagBag from /home/airflow/.local/lib/python3.7/site-packages/airflow/example_dags/example_short_circuit_decorator.py
[2026-09-19T21:24:38.290+0000] {processor.py:809} INFO - DAG(s) dict_keys(['example_short_circuit_decorator']) retrieved from /home/airflow/.local/lib/python3.7/site-packages/airflow/example_dags/example_short_circuit_decorator.py
[2026-09-19T21:24:38.343+0000] {logging_mixin.py:149} INFO - [2026-09-19T21:24:38.343+0000] {dag.py:2726} INFO - Sync 1 DAGs
[2026-09-19T21:24:38.394+0000] {logging_mixin.py:149} INFO - [2026-09-19T21:24:38.393+0000] {dag.py:3490} INFO - Setting next_dagrun for example_short_circuit_decorator to 2026-09-18T21:24:38.390833+00:00, run_after=2026-09-19T21:24:38.390833+00:00
[2026-09-19T21:24:38.432+0000] {processor.py:178} INFO - Processing /home/airflow/.local/lib/python3.7/site-packages/airflow/example_dags/example_short_circuit_decorator.py took 0.175 seconds
[2026-09-19T21:25:08.871+0000] {processor.py:156} INFO - Started process (PID=2770) to work on /home/airflow/.local/lib/python3.7/site-packages/airflow/example_dags/example_short_circuit_decorator.py
[2026-09-19T21:25:08.876+0000] {processor.py:799} INFO - Processing file /home/airflow/.local/lib/python3.7/site-packages/airflow/example_dags/example_short_circuit_decorator.py for tasks to queue
[2026-09-19T21:25:08.877+0000] {logging_mixin.py:149} INFO - [2026-09-19T21:25:08.877+0000] {dagbag.py:541} INFO - Filling up the DagBag from /home/airflow/.local/lib/python3.7/site-packages/airflow/example_dags/example_short_circuit_decorator.py
[2026-09-19T21:25:08.894+0000] {processor.py:809} INFO - DAG(s) dict_keys(['example_short_circuit_decorator']) retrieved from /home/airflow/.local/lib/python3.7/site-packages/airflow/example_dags/example_short_circuit_decorator.py
[2026-09-19T21:25:08.941+0000] {logging_mixin.py:149} INFO - [2026-09-19T21:25:08.941+0000] {dag.py:2726} INFO - Sync 1 DAGs
[2026-09-19T21:25:08.991+0000] {logging_mixin.py:149} INFO - [2026-09-19T21:25:08.991+0000] {dag.py:3490} INFO - Setting next_dagrun for example_short_circuit_decorator to 2026-09-18T21:25:08.990728+00:00, run_after=2026-09-19T21:25:08.990728+00:00
[2026-09-19T21:25:09.019+0000] {processor.py:178} INFO - Processing /home/airflow/.local/lib/python3.7/site-packages/airflow/example_dags/example_short_circuit_decorator.py took 0.155 seconds
[2026-09-19T21:25:39.457+0000] {processor.py:156} INFO - Started process (PID=2826) to work on /home/airflow/.local/lib/python3.7/site-packages/airflow/example_dags/example_short_circuit_decorator.py
[2026-09-19T21:25:39.458+0000] {processor.py:799} INFO - Processing file /home/airflow/.local/lib/python3.7/site-packages/airflow/example_dags/example_short_circuit_decorator.py for tasks to queue
[2026-09-19T21:25:39.459+0000] {logging_mixin.py:149} INFO - [2026-09-19T21:25:39.459+0000] {dagbag.py:541} INFO - Filling up the DagBag from /home/airflow/.local/lib/python3.7/site-packages/airflow/example_dags/example_short_circuit_decorator.py
[2026-09-19T21:25:39.476+0000] {processor.py:809} INFO - DAG(s) dict_keys(['example_short_circuit_decorator']) retrieved from /home/airflow/.local/lib/python3.7/site-packages/airflow/example_dags/example_short_circuit_decorator.py
[2026-09-19T21:25:39.535+0000] {logging_mixin.py:149} INFO - [2026-09-19T21:25:39.535+0000] {dag.py:2726} INFO - Sync 1 DAGs
[2026-09-19T21:25:39.590+0000] {logging_mixin.py:149} INFO - [2026-09-19T21:25:39.589+0000] {dag.py:3490} INFO - Setting next_dagrun for example_short_circuit_decorator to 2026-09-18T21:25:39.589383+00:00, run_after=2026-09-19T21:25:39.589383+00:00
[2026-09-19T21:25:39.626+0000] {processor.py:178} INFO - Processing /home/airflow/.local/lib/python3.7/site-packages/airflow/example_dags/example_short_circuit_decorator.py took 0.178 seconds
[2026-09-19T21:26:09.790+0000] {processor.py:156} INFO - Started process (PID=2882) to work on /home/airflow/.local/lib/python3.7/site-packages/airflow/example_dags/example_short_circuit_decorator.py
[2026-09-19T21:26:09.792+0000] {processor.py:799} INFO - Processing file /home/airflow/.local/lib/python3.7/site-packages/airflow/example_dags/example_short_circuit_decorator.py for tasks to queue
[2026-09-19T21:26:09.793+0000] {logging_mixin.py:149} INFO - [2026-09-19T21:26:09.793+0000] {dagbag.py:541} INFO - Filling up the DagBag from /home/airflow/.local/lib/python3.7/site-packages/airflow/example_dags/example_short_circuit_decorator.py
[2026-09-19T21:26:09.811+0000] {processor.py:809} INFO - DAG(s) dict_keys(['example_short_circuit_decorator']) retrieved from /home/airflow/.local/lib/python3.7/site-packages/airflow/example_dags/example_short_circuit_decorator.py
[2026-09-19T21:26:09.873+0000] {logging_mixin.py:149} INFO - [2026-09-19T21:26:09.873+0000] {dag.py:2726} INFO - Sync 1 DAGs
[2026-09-19T21:26:09.919+0000] {logging_mixin.py:149} INFO - [2026-09-19T21:26:09.919+0000] {dag.py:3490} INFO - Setting next_dagrun for example_short_circuit_decorator to 2026-09-18T21:26:09.918721+00:00, run_after=2026-09-19T21:26:09.918721+00:00
[2026-09-19T21:26:09.953+0000] {processor.py:178} INFO - Processing /home/airflow/.local/lib/python3.7/site-packages/airflow/example_dags/example_short_circuit_decorator.py took 0.170 seconds
[2026-09-19T21:26:40.338+0000] {processor.py:156} INFO - Started process (PID=2938) to work on /home/airflow/.local/lib/python3.7/site-packages/airflow/example_dags/example_short_circuit_decorator.py
[2026-09-19T21:26:40.340+0000] {processor.py:799} INFO - Processing file /home/airflow/.local/lib/python3.7/site-packages/airflow/example_dags/example_short_circuit_decorator.py for tasks to queue
[2026-09-19T21:26:40.341+0000] {logging_mixin.py:149} INFO - [2026-09-19T21:26:40.341+0000] {dagbag.py:541} INFO - Filling up the DagBag from /home/airflow/.local/lib/python3.7/site-packages/airflow/example_dags/example_short_circuit_decorator.py
[2026-09-19T21:26:40.360+0000] {processor.py:809} INFO - DAG(s) dict_keys(['example_short_circuit_decorator']) retrieved from /home/airflow/.local/lib/python3.7/site-packages/airflow/example_dags/example_short_circuit_decorator.py
[2026-09-19T21:26:40.414+0000] {logging_mixin.py:149} INFO - [2026-09-19T21:26:40.414+0000] {dag.py:2726} INFO - Sync 1 DAGs
[2026-09-19T21:26:40.462+0000] {logging_mixin.py:149} INFO - [2026-09-19T21:26:40.462+0000] {dag.py:3490} INFO - Setting next_dagrun for example_short_circuit_decorator to 2026-09-18T21:26:40.461849+00:00, run_after=2026-09-19T21:26:40.461849+00:00
[2026-09-19T21:26:40.502+0000] {processor.py:178} INFO - Processing /home/airflow/.local/lib/python3.7/site-packages/airflow/example_dags/example_short_circuit_decorator.py took 0.170 seconds
[2026-09-19T21:27:11.494+0000] {processor.py:156} INFO - Started process (PID=2994) to work on /home/airflow/.local/lib/python3.7/site-packages/airflow/example_dags/example_short_circuit_decorator.py
[2026-09-19T21:27:11.497+0000] {processor.py:799} INFO - Processing file /home/airflow/.local/lib/python3.7/site-packages/airflow/example_dags/example_short_circuit_decorator.py for tasks to queue
[2026-09-19T21:27:11.498+0000] {logging_mixin.py:149} INFO - [2026-09-19T21:27:11.498+0000] {dagbag.py:541} INFO - Filling up the DagBag from /home/airflow/.local/lib/python3.7/site-packages/airflow/example_dags/example_short_circuit_decorator.py
[2026-09-19T21:27:11.517+0000] {processor.py:809} INFO - DAG(s) dict_keys(['example_short_circuit_decorator']) retrieved from /home/airflow/.local/lib/python3.7/site-packages/airflow/example_dags/example_short_circuit_decorator.py
[2026-09-19T21:27:11.573+0000] {logging_mixin.py:149} INFO - [2026-09-19T21:27:11.572+0000] {dag.py:2726} INFO - Sync 1 DAGs
[2026-09-19T21:27:11.656+0000] {logging_mixin.py:149} INFO - [2026-09-19T21:27:11.656+0000] {dag.py:3490} INFO - Setting next_dagrun for example_short_circuit_decorator to 2026-09-18T21:27:11.655788+00:00, run_after=2026-09-19T21:27:11.655788+00:00
[2026-09-19T21:27:11.696+0000] {processor.py:178} INFO - Processing /home/airflow/.local/lib/python3.7/site-packages/airflow/example_dags/example_short_circuit_decorator.py took 0.209 seconds
[2026-09-19T21:27:42.018+0000] {processor.py:156} INFO - Started process (PID=3050) to work on /home/airflow/.local/lib/python3.7/site-packages/airflow/example_dags/example_short_circuit_decorator.py
[2026-09-19T21:27:42.019+0000] {processor.py:799} INFO - Processing file /home/airflow/.local/lib/python3.7/site-packages/airflow/example_dags/example_short_circuit_decorator.py for tasks to queue
[2026-09-19T21:27:42.020+0000] {logging_mixin.py:149} INFO - [2026-09-19T21:27:42.020+0000] {dagbag.py:541} INFO - Filling up the DagBag from /home/airflow/.local/lib/python3.7/site-packages/airflow/example_dags/example_short_circuit_decorator.py
[2026-09-19T21:27:42.036+0000] {processor.py:809} INFO - DAG(s) dict_keys(['example_short_circuit_decorator']) retrieved from /home/airflow/.local/lib/python3.7/site-packages/airflow/example_dags/example_short_circuit_decorator.py
[2026-09-19T21:27:42.086+0000] {logging_mixin.py:149} INFO - [2026-09-19T21:27:42.085+0000] {dag.py:2726} INFO - Sync 1 DAGs
[2026-09-19T21:27:42.129+0000] {logging_mixin.py:149} INFO - [2026-09-19T21:27:42.128+0000] {dag.py:3490} INFO - Setting next_dagrun for example_short_circuit_decorator to 2026-09-18T21:27:42.128088+00:00, run_after=2026-09-19T21:27:42.128088+00:00
[2026-09-19T21:27:42.163+0000] {processor.py:178} INFO - Processing /home/airflow/.local/lib/python3.7/site-packages/airflow/example_dags/example_short_circuit_decorator.py took 0.151 seconds
[2026-09-19T21:28:13.046+0000] {processor.py:156} INFO - Started process (PID=3106) to work on /home/airflow/.local/lib/python3.7/site-packages/airflow/example_dags/example_short_circuit_decorator.py
[2026-09-19T21:28:13.048+0000] {processor.py:799} INFO - Processing file /home/airflow/.local/lib/python3.7/site-packages/airflow/example_dags/example_short_circuit_decorator.py for tasks to queue
[2026-09-19T21:28:13.049+0000] {logging_mixin.py:149} INFO - [2026-09-19T21:28:13.049+0000] {dagbag.py:541} INFO - Filling up the DagBag from /home/airflow/.local/lib/python3.7/site-packages/airflow/example_dags/example_short_circuit_decorator.py
[2026-09-19T21:28:13.068+0000] {processor.py:809} INFO - DAG(s) dict_keys(['example_short_circuit_decorator']) retrieved from /home/airflow/.local/lib/python3.7/site-packages/airflow/example_dags/example_short_circuit_decorator.py
[2026-09-19T21:28:13.120+0000] {logging_mixin.py:149} INFO - [2026-09-19T21:28:13.119+0000] {dag.py:2726} INFO - Sync 1 DAGs
[2026-09-19T21:28:13.168+0000] {logging_mixin.py:149} INFO - [2026-09-19T21:28:13.167+0000] {dag.py:3490} INFO - Setting next_dagrun for example_short_circuit_decorator to 2026-09-18T21:28:13.167162+00:00, run_after=2026-09-19T21:28:13.167162+00:00
[2026-09-19T21:28:13.204+0000] {processor.py:178} INFO - Processing /home/airflow/.local/lib/python3.7/site-packages/airflow/example_dags/example_short_circuit_decorator.py took 0.164 seconds
[2026-09-19T21:28:43.768+0000] {processor.py:156} INFO - Started process (PID=3162) to work on /home/airflow/.local/lib/python3.7/site-packages/airflow/example_dags/example_short_circuit_decorator.py
[2026-09-19T21:28:43.769+0000] {processor.py:799} INFO - Processing file /home/airflow/.local/lib/python3.7/site-packages/airflow/example_dags/example_short_circuit_decorator.py for tasks to queue
[2026-09-19T21:28:43.770+0000] {logging_mixin.py:149} INFO - [2026-09-19T21:28:43.770+0000] {dagbag.py:541} INFO - Filling up the DagBag from /home/airflow/.local/lib/python3.7/site-packages/airflow/example_dags/example_short_circuit_decorator.py
[2026-09-19T21:28:43.790+0000] {processor.py:809} INFO - DAG(s) dict_keys(['example_short_circuit_decorator']) retrieved from /home/airflow/.local/lib/python3.7/site-packages/airflow/example_dags/example_short_circuit_decorator.py
[2026-09-19T21:28:43.838+0000] {logging_mixin.py:149} INFO - [2026-09-19T21:28:43.837+0000] {dag.py:2726} INFO - Sync 1 DAGs
[2026-09-19T21:28:43.888+0000] {logging_mixin.py:149} INFO - [2026-09-19T21:28:43.887+0000] {dag.py:3490} INFO - Setting next_dagrun for example_short_circuit_decorator to 2026-09-18T21:28:43.887197+00:00, run_after=2026-09-19T21:28:43.887197+00:00
[2026-09-19T21:28:43.923+0000] {processor.py:178} INFO - Processing /home/airflow/.local/lib/python3.7/site-packages/airflow/example_dags/example_short_circuit_decorator.py took 0.163 seconds
[2026-09-19T21:29:14.287+0000] {processor.py:156} INFO - Started process (PID=3219) to work on /home/airflow/.local/lib/python3.7/site-packages/airflow/example_dags/example_short_circuit_decorator.py
[2026-09-19T21:29:14.290+0000] {processor.py:799} INFO - Processing file /home/airflow/.local/lib/python3.7/site-packages/airflow/example_dags/example_short_circuit_decorator.py for tasks to queue
[2026-09-19T21:29:14.291+0000] {logging_mixin.py:149} INFO - [2026-09-19T21:29:14.291+0000] {dagbag.py:541} INFO - Filling up the DagBag from /home/airflow/.local/lib/python3.7/site-packages/airflow/example_dags/example_short_circuit_decorator.py
[2026-09-19T21:29:14.310+0000] {processor.py:809} INFO - DAG(s) dict_keys(['example_short_circuit_decorator']) retrieved from /home/airflow/.local/lib/python3.7/site-packages/airflow/example_dags/example_short_circuit_decorator.py
[2026-09-19T21:29:14.366+0000] {logging_mixin.py:149} INFO - [2026-09-19T21:29:14.365+0000] {dag.py:2726} INFO - Sync 1 DAGs
[2026-09-19T21:29:14.412+0000] {logging_mixin.py:149} INFO - [2026-09-19T21:29:14.411+0000] {dag.py:3490} INFO - Setting next_dagrun for example_short_circuit_decorator to 2026-09-18T21:29:14.411497+00:00, run_after=2026-09-19T21:29:14.411497+00:00
[2026-09-19T21:29:14.448+0000] {processor.py:178} INFO - Processing /home/airflow/.local/lib/python3.7/site-packages/airflow/example_dags/example_short_circuit_decorator.py took 0.172 seconds
[2026-09-19T21:29:45.018+0000] {processor.py:156} INFO - Started process (PID=3275) to work on /home/airflow/.local/lib/python3.7/site-packages/airflow/example_dags/example_short_circuit_decorator.py
[2026-09-19T21:29:45.019+0000] {processor.py:799} INFO - Processing file /home/airflow/.local/lib/python3.7/site-packages/airflow/example_dags/example_short_circuit_decorator.py for tasks to queue
[2026-09-19T21:29:45.020+0000] {logging_mixin.py:149} INFO - [2026-09-19T21:29:45.020+0000] {dagbag.py:541} INFO - Filling up the DagBag from /home/airflow/.local/lib/python3.7/site-packages/airflow/example_dags/example_short_circuit_decorator.py
[2026-09-19T21:29:45.038+0000] {processor.py:809} INFO - DAG(s) dict_keys(['example_short_circuit_decorator']) retrieved from /home/airflow/.local/lib/python3.7/site-packages/airflow/example_dags/example_short_circuit_decorator.py
[2026-09-19T21:29:45.091+0000] {logging_mixin.py:149} INFO - [2026-09-19T21:29:45.091+0000] {dag.py:2726} INFO - Sync 1 DAGs
[2026-09-19T21:29:45.134+0000] {logging_mixin.py:149} INFO - [2026-09-19T21:29:45.134+0000] {dag.py:3490} INFO - Setting next_dagrun for example_short_circuit_decorator to 2026-09-18T21:29:45.133784+00:00, run_after=2026-09-19T21:29:45.133784+00:00
[2026-09-19T21:29:45.165+0000] {processor.py:178} INFO - Processing /home/airflow/.local/lib/python3.7/site-packages/airflow/example_dags/example_short_circuit_decorator.py took 0.155 seconds
[2026-09-19T21:30:15.426+0000] {processor.py:156} INFO - Started process (PID=3331) to work on /home/airflow/.local/lib/python3.7/site-packages/airflow/example_dags/example_short_circuit_decorator.py
[2026-09-19T21:30:15.428+0000] {processor.py:799} INFO - Processing file /home/airflow/.local/lib/python3.7/site-packages/airflow/example_dags/example_short_circuit_decorator.py for tasks to queue
[2026-09-19T21:30:15.429+0000] {logging_mixin.py:149} INFO - [2026-09-19T21:30:15.429+0000] {dagbag.py:541} INFO - Filling up the DagBag from /home/airflow/.local/lib/python3.7/site-packages/airflow/example_dags/example_short_circuit_decorator.py
[2026-09-19T21:30:15.446+0000] {processor.py:809} INFO - DAG(s) dict_keys(['example_short_circuit_decorator']) retrieved from /home/airflow/.local/lib/python3.7/site-packages/airflow/example_dags/example_short_circuit_decorator.py
[2026-09-19T21:30:15.492+0000] {logging_mixin.py:149} INFO - [2026-09-19T21:30:15.492+0000] {dag.py:2726} INFO - Sync 1 DAGs
[2026-09-19T21:30:15.545+0000] {logging_mixin.py:149} INFO - [2026-09-19T21:30:15.545+0000] {dag.py:3490} INFO - Setting next_dagrun for example_short_circuit_decorator to 2026-09-18T21:30:15.545070+00:00, run_after=2026-09-19T21:30:15.545070+00:00
[2026-09-19T21:30:15.578+0000] {processor.py:178} INFO - Processing /home/airflow/.local/lib/python3.7/site-packages/airflow/example_dags/example_short_circuit_decorator.py took 0.159 seconds
[2026-09-19T21:30:45.746+0000] {processor.py:156} INFO - Started process (PID=3387) to work on /home/airflow/.local/lib/python3.7/site-packages/airflow/example_dags/example_short_circuit_decorator.py
[2026-09-19T21:30:45.748+0000] {processor.py:799} INFO - Processing file /home/airflow/.local/lib/python3.7/site-packages/airflow/example_dags/example_short_circuit_decorator.py for tasks to queue
[2026-09-19T21:30:45.749+0000] {logging_mixin.py:149} INFO - [2026-09-19T21:30:45.749+0000] {dagbag.py:541} INFO - Filling up the DagBag from /home/airflow/.local/lib/python3.7/site-packages/airflow/example_dags/example_short_circuit_decorator.py
[2026-09-19T21:30:45.771+0000] {processor.py:809} INFO - DAG(s) dict_keys(['example_short_circuit_decorator']) retrieved from /home/airflow/.local/lib/python3.7/site-packages/airflow/example_dags/example_short_circuit_decorator.py
[2026-09-19T21:30:45.831+0000] {logging_mixin.py:149} INFO - [2026-09-19T21:30:45.830+0000] {dag.py:2726} INFO - Sync 1 DAGs
[2026-09-19T21:30:45.883+0000] {logging_mixin.py:149} INFO - [2026-09-19T21:30:45.883+0000] {dag.py:3490} INFO - Setting next_dagrun for example_short_circuit_decorator to 2026-09-18T21:30:45.882741+00:00, run_after=2026-09-19T21:30:45.882741+00:00
[2026-09-19T21:30:45.922+0000] {processor.py:178} INFO - Processing /home/airflow/.local/lib/python3.7/site-packages/airflow/example_dags/example_short_circuit_decorator.py took 0.184 seconds
[2026-09-19T21:31:16.096+0000] {processor.py:156} INFO - Started process (PID=3443) to work on /home/airflow/.local/lib/python3.7/site-packages/airflow/example_dags/example_short_circuit_decorator.py
[2026-09-19T21:31:16.099+0000] {processor.py:799} INFO - Processing file /home/airflow/.local/lib/python3.7/site-packages/airflow/example_dags/example_short_circuit_decorator.py for tasks to queue
[2026-09-19T21:31:16.102+0000] {logging_mixin.py:149} INFO - [2026-09-19T21:31:16.101+0000] {dagbag.py:541} INFO - Filling up the DagBag from /home/airflow/.local/lib/python3.7/site-packages/airflow/example_dags/example_short_circuit_decorator.py
[2026-09-19T21:31:16.147+0000] {processor.py:809} INFO - DAG(s) dict_keys(['example_short_circuit_decorator']) retrieved from /home/airflow/.local/lib/python3.7/site-packages/airflow/example_dags/example_short_circuit_decorator.py
[2026-09-19T21:31:16.213+0000] {logging_mixin.py:149} INFO - [2026-09-19T21:31:16.213+0000] {dag.py:2726} INFO - Sync 1 DAGs
[2026-09-19T21:31:16.265+0000] {logging_mixin.py:149} INFO - [2026-09-19T21:31:16.265+0000] {dag.py:3490} INFO - Setting next_dagrun for example_short_circuit_decorator to 2026-09-18T21:31:16.265173+00:00, run_after=2026-09-19T21:31:16.265173+00:00
[2026-09-19T21:31:16.306+0000] {processor.py:178} INFO - Processing /home/airflow/.local/lib/python3.7/site-packages/airflow/example_dags/example_short_circuit_decorator.py took 0.225 seconds
[2026-09-19T21:31:46.421+0000] {processor.py:156} INFO - Started process (PID=3499) to work on /home/airflow/.local/lib/python3.7/site-packages/airflow/example_dags/example_short_circuit_decorator.py
[2026-09-19T21:31:46.423+0000] {processor.py:799} INFO - Processing file /home/airflow/.local/lib/python3.7/site-packages/airflow/example_dags/example_short_circuit_decorator.py for tasks to queue
[2026-09-19T21:31:46.424+0000] {logging_mixin.py:149} INFO - [2026-09-19T21:31:46.424+0000] {dagbag.py:541} INFO - Filling up the DagBag from /home/airflow/.local/lib/python3.7/site-packages/airflow/example_dags/example_short_circuit_decorator.py
[2026-09-19T21:31:46.441+0000] {processor.py:809} INFO - DAG(s) dict_keys(['example_short_circuit_decorator']) retrieved from /home/airflow/.local/lib/python3.7/site-packages/airflow/example_dags/example_short_circuit_decorator.py
[2026-09-19T21:31:46.491+0000] {logging_mixin.py:149} INFO - [2026-09-19T21:31:46.491+0000] {dag.py:2726} INFO - Sync 1 DAGs
[2026-09-19T21:31:46.544+0000] {logging_mixin.py:149} INFO - [2026-09-19T21:31:46.544+0000] {dag.py:3490} INFO - Setting next_dagrun for example_short_circuit_decorator to 2026-09-18T21:31:46.543886+00:00, run_after=2026-09-19T21:31:46.543886+00:00
[2026-09-19T21:31:46.578+0000] {processor.py:178} INFO - Processing /home/airflow/.local/lib/python3.7/site-packages/airflow/example_dags/example_short_circuit_decorator.py took 0.167 seconds
[2026-09-19T21:32:16.757+0000] {processor.py:156} INFO - Started process (PID=3555) to work on /home/airflow/.local/lib/python3.7/site-packages/airflow/example_dags/example_short_circuit_decorator.py
[2026-09-19T21:32:16.760+0000] {processor.py:799} INFO - Processing file /home/airflow/.local/lib/python3.7/site-packages/airflow/example_dags/example_short_circuit_decorator.py for tasks to queue
[2026-09-19T21:32:16.761+0000] {logging_mixin.py:149} INFO - [2026-09-19T21:32:16.761+0000] {dagbag.py:541} INFO - Filling up the DagBag from /home/airflow/.local/lib/python3.7/site-packages/airflow/example_dags/example_short_circuit_decorator.py
[2026-09-19T21:32:16.781+0000] {processor.py:809} INFO - DAG(s) dict_keys(['example_short_circuit_decorator']) retrieved from /home/airflow/.local/lib/python3.7/site-packages/airflow/example_dags/example_short_circuit_decorator.py
[2026-09-19T21:32:16.839+0000] {logging_mixin.py:149} INFO - [2026-09-19T21:32:16.838+0000] {dag.py:2726} INFO - Sync 1 DAGs
[2026-09-19T21:32:16.886+0000] {logging_mixin.py:149} INFO - [2026-09-19T21:32:16.886+0000] {dag.py:3490} INFO - Setting next_dagrun for example_short_circuit_decorator to 2026-09-18T21:32:16.886147+00:00, run_after=2026-09-19T21:32:16.886147+00:00
[2026-09-19T21:32:16.924+0000] {processor.py:178} INFO - Processing /home/airflow/.local/lib/python3.7/site-packages/airflow/example_dags/example_short_circuit_decorator.py took 0.174 seconds
[2026-09-19T21:32:47.470+0000] {processor.py:156} INFO - Started process (PID=3611) to work on /home/airflow/.local/lib/python3.7/site-packages/airflow/example_dags/example_short_circuit_decorator.py
[2026-09-19T21:32:47.474+0000] {processor.py:799} INFO - Processing file /home/airflow/.local/lib/python3.7/site-packages/airflow/example_dags/example_short_circuit_decorator.py for tasks to queue
[2026-09-19T21:32:47.476+0000] {logging_mixin.py:149} INFO - [2026-09-19T21:32:47.475+0000] {dagbag.py:541} INFO - Filling up the DagBag from /home/airflow/.local/lib/python3.7/site-packages/airflow/example_dags/example_short_circuit_decorator.py
[2026-09-19T21:32:47.493+0000] {processor.py:809} INFO - DAG(s) dict_keys(['example_short_circuit_decorator']) retrieved from /home/airflow/.local/lib/python3.7/site-packages/airflow/example_dags/example_short_circuit_decorator.py
[2026-09-19T21:32:47.541+0000] {logging_mixin.py:149} INFO - [2026-09-19T21:32:47.541+0000] {dag.py:2726} INFO - Sync 1 DAGs
[2026-09-19T21:32:47.587+0000] {logging_mixin.py:149} INFO - [2026-09-19T21:32:47.587+0000] {dag.py:3490} INFO - Setting next_dagrun for example_short_circuit_decorator to 2026-09-18T21:32:47.586709+00:00, run_after=2026-09-19T21:32:47.586709+00:00
[2026-09-19T21:32:47.622+0000] {processor.py:178} INFO - Processing /home/airflow/.local/lib/python3.7/site-packages/airflow/example_dags/example_short_circuit_decorator.py took 0.161 seconds
[2026-09-19T21:33:17.820+0000] {processor.py:156} INFO - Started process (PID=3666) to work on /home/airflow/.local/lib/python3.7/site-packages/airflow/example_dags/example_short_circuit_decorator.py
[2026-09-19T21:33:17.822+0000] {processor.py:799} INFO - Processing file /home/airflow/.local/lib/python3.7/site-packages/airflow/example_dags/example_short_circuit_decorator.py for tasks to queue
[2026-09-19T21:33:17.824+0000] {logging_mixin.py:149} INFO - [2026-09-19T21:33:17.823+0000] {dagbag.py:541} INFO - Filling up the DagBag from /home/airflow/.local/lib/python3.7/site-packages/airflow/example_dags/example_short_circuit_decorator.py
[2026-09-19T21:33:17.852+0000] {processor.py:809} INFO - DAG(s) dict_keys(['example_short_circuit_decorator']) retrieved from /home/airflow/.local/lib/python3.7/site-packages/airflow/example_dags/example_short_circuit_decorator.py
[2026-09-19T21:33:17.904+0000] {logging_mixin.py:149} INFO - [2026-09-19T21:33:17.904+0000] {dag.py:2726} INFO - Sync 1 DAGs
[2026-09-19T21:33:17.950+0000] {logging_mixin.py:149} INFO - [2026-09-19T21:33:17.950+0000] {dag.py:3490} INFO - Setting next_dagrun for example_short_circuit_decorator to 2026-09-18T21:33:17.949708+00:00, run_after=2026-09-19T21:33:17.949708+00:00
[2026-09-19T21:33:17.979+0000] {processor.py:178} INFO - Processing /home/airflow/.local/lib/python3.7/site-packages/airflow/example_dags/example_short_circuit_decorator.py took 0.168 seconds
[2026-09-19T21:33:48.444+0000] {processor.py:156} INFO - Started process (PID=3722) to work on /home/airflow/.local/lib/python3.7/site-packages/airflow/example_dags/example_short_circuit_decorator.py
[2026-09-19T21:33:48.448+0000] {processor.py:799} INFO - Processing file /home/airflow/.local/lib/python3.7/site-packages/airflow/example_dags/example_short_circuit_decorator.py for tasks to queue
[2026-09-19T21:33:48.449+0000] {logging_mixin.py:149} INFO - [2026-09-19T21:33:48.448+0000] {dagbag.py:541} INFO - Filling up the DagBag from /home/airflow/.local/lib/python3.7/site-packages/airflow/example_dags/example_short_circuit_decorator.py
[2026-09-19T21:33:48.465+0000] {processor.py:809} INFO - DAG(s) dict_keys(['example_short_circuit_decorator']) retrieved from /home/airflow/.local/lib/python3.7/site-packages/airflow/example_dags/example_short_circuit_decorator.py
[2026-09-19T21:33:48.513+0000] {logging_mixin.py:149} INFO - [2026-09-19T21:33:48.512+0000] {dag.py:2726} INFO - Sync 1 DAGs
[2026-09-19T21:33:48.565+0000] {logging_mixin.py:149} INFO - [2026-09-19T21:33:48.565+0000] {dag.py:3490} INFO - Setting next_dagrun for example_short_circuit_decorator to 2026-09-18T21:33:48.565193+00:00, run_after=2026-09-19T21:33:48.565193+00:00
[2026-09-19T21:33:48.609+0000] {processor.py:178} INFO - Processing /home/airflow/.local/lib/python3.7/site-packages/airflow/example_dags/example_short_circuit_decorator.py took 0.173 seconds
[2026-09-19T21:34:19.394+0000] {processor.py:156} INFO - Started process (PID=3778) to work on /home/airflow/.local/lib/python3.7/site-packages/airflow/example_dags/example_short_circuit_decorator.py
[2026-09-19T21:34:19.395+0000] {processor.py:799} INFO - Processing file /home/airflow/.local/lib/python3.7/site-packages/airflow/example_dags/example_short_circuit_decorator.py for tasks to queue
[2026-09-19T21:34:19.396+0000] {logging_mixin.py:149} INFO - [2026-09-19T21:34:19.396+0000] {dagbag.py:541} INFO - Filling up the DagBag from /home/airflow/.local/lib/python3.7/site-packages/airflow/example_dags/example_short_circuit_decorator.py
[2026-09-19T21:34:19.412+0000] {processor.py:809} INFO - DAG(s) dict_keys(['example_short_circuit_decorator']) retrieved from /home/airflow/.local/lib/python3.7/site-packages/airflow/example_dags/example_short_circuit_decorator.py
[2026-09-19T21:34:19.464+0000] {logging_mixin.py:149} INFO - [2026-09-19T21:34:19.463+0000] {dag.py:2726} INFO - Sync 1 DAGs
[2026-09-19T21:34:19.519+0000] {logging_mixin.py:149} INFO - [2026-09-19T21:34:19.518+0000] {dag.py:3490} INFO - Setting next_dagrun for example_short_circuit_decorator to 2026-09-18T21:34:19.518205+00:00, run_after=2026-09-19T21:34:19.518205+00:00
[2026-09-19T21:34:19.553+0000] {processor.py:178} INFO - Processing /home/airflow/.local/lib/python3.7/site-packages/airflow/example_dags/example_short_circuit_decorator.py took 0.165 seconds
[2026-09-19T21:34:50.138+0000] {processor.py:156} INFO - Started process (PID=3834) to work on /home/airflow/.local/lib/python3.7/site-packages/airflow/example_dags/example_short_circuit_decorator.py
[2026-09-19T21:34:50.141+0000] {processor.py:799} INFO - Processing file /home/airflow/.local/lib/python3.7/site-packages/airflow/example_dags/example_short_circuit_decorator.py for tasks to queue
[2026-09-19T21:34:50.142+0000] {logging_mixin.py:149} INFO - [2026-09-19T21:34:50.142+0000] {dagbag.py:541} INFO - Filling up the DagBag from /home/airflow/.local/lib/python3.7/site-packages/airflow/example_dags/example_short_circuit_decorator.py
[2026-09-19T21:34:50.160+0000] {processor.py:809} INFO - DAG(s) dict_keys(['example_short_circuit_decorator']) retrieved from /home/airflow/.local/lib/python3.7/site-packages/airflow/example_dags/example_short_circuit_decorator.py
[2026-09-19T21:34:50.210+0000] {logging_mixin.py:149} INFO - [2026-09-19T21:34:50.209+0000] {dag.py:2726} INFO - Sync 1 DAGs
[2026-09-19T21:34:50.256+0000] {logging_mixin.py:149} INFO - [2026-09-19T21:34:50.256+0000] {dag.py:3490} INFO - Setting next_dagrun for example_short_circuit_decorator to 2026-09-18T21:34:50.255757+00:00, run_after=2026-09-19T21:34:50.255757+00:00
[2026-09-19T21:34:50.289+0000] {processor.py:178} INFO - Processing /home/airflow/.local/lib/python3.7/site-packages/airflow/example_dags/example_short_circuit_decorator.py took 0.156 seconds
[2026-09-19T21:35:20.614+0000] {processor.py:156} INFO - Started process (PID=3890) to work on /home/airflow/.local/lib/python3.7/site-packages/airflow/example_dags/example_short_circuit_decorator.py
[2026-09-19T21:35:20.615+0000] {processor.py:799} INFO - Processing file /home/airflow/.local/lib/python3.7/site-packages/airflow/example_dags/example_short_circuit_decorator.py for tasks to queue
[2026-09-19T21:35:20.617+0000] {logging_mixin.py:149} INFO - [2026-09-19T21:35:20.616+0000] {dagbag.py:541} INFO - Filling up the DagBag from /home/airflow/.local/lib/python3.7/site-packages/airflow/example_dags/example_short_circuit_decorator.py
[2026-09-19T21:35:20.635+0000] {processor.py:809} INFO - DAG(s) dict_keys(['example_short_circuit_decorator']) retrieved from /home/airflow/.local/lib/python3.7/site-packages/airflow/example_dags/example_short_circuit_decorator.py
[2026-09-19T21:35:20.690+0000] {logging_mixin.py:149} INFO - [2026-09-19T21:35:20.689+0000] {dag.py:2726} INFO - Sync 1 DAGs
[2026-09-19T21:35:20.737+0000] {logging_mixin.py:149} INFO - [2026-09-19T21:35:20.737+0000] {dag.py:3490} INFO - Setting next_dagrun for example_short_circuit_decorator to 2026-09-18T21:35:20.736903+00:00, run_after=2026-09-19T21:35:20.736903+00:00
[2026-09-19T21:35:20.777+0000] {processor.py:178} INFO - Processing /home/airflow/.local/lib/python3.7/site-packages/airflow/example_dags/example_short_circuit_decorator.py took 0.169 seconds
[2026-09-19T21:35:51.240+0000] {processor.py:156} INFO - Started process (PID=3941) to work on /home/airflow/.local/lib/python3.7/site-packages/airflow/example_dags/example_short_circuit_decorator.py
[2026-09-19T21:35:51.242+0000] {processor.py:799} INFO - Processing file /home/airflow/.local/lib/python3.7/site-packages/airflow/example_dags/example_short_circuit_decorator.py for tasks to queue
[2026-09-19T21:35:51.243+0000] {logging_mixin.py:149} INFO - [2026-09-19T21:35:51.243+0000] {dagbag.py:541} INFO - Filling up the DagBag from /home/airflow/.local/lib/python3.7/site-packages/airflow/example_dags/example_short_circuit_decorator.py
[2026-09-19T21:35:51.260+0000] {processor.py:809} INFO - DAG(s) dict_keys(['example_short_circuit_decorator']) retrieved from /home/airflow/.local/lib/python3.7/site-packages/airflow/example_dags/example_short_circuit_decorator.py
[2026-09-19T21:35:51.311+0000] {logging_mixin.py:149} INFO - [2026-09-19T21:35:51.310+0000] {dag.py:2726} INFO - Sync 1 DAGs
[2026-09-19T21:35:51.360+0000] {logging_mixin.py:149} INFO - [2026-09-19T21:35:51.359+0000] {dag.py:3490} INFO - Setting next_dagrun for example_short_circuit_decorator to 2026-09-18T21:35:51.359471+00:00, run_after=2026-09-19T21:35:51.359471+00:00
[2026-09-19T21:35:51.392+0000] {processor.py:178} INFO - Processing /home/airflow/.local/lib/python3.7/site-packages/airflow/example_dags/example_short_circuit_decorator.py took 0.160 seconds
[2026-09-19T21:36:22.284+0000] {processor.py:156} INFO - Started process (PID=4004) to work on /home/airflow/.local/lib/python3.7/site-packages/airflow/example_dags/example_short_circuit_decorator.py
[2026-09-19T21:36:22.285+0000] {processor.py:799} INFO - Processing file /home/airflow/.local/lib/python3.7/site-packages/airflow/example_dags/example_short_circuit_decorator.py for tasks to queue
[2026-09-19T21:36:22.286+0000] {logging_mixin.py:149} INFO - [2026-09-19T21:36:22.286+0000] {dagbag.py:541} INFO - Filling up the DagBag from /home/airflow/.local/lib/python3.7/site-packages/airflow/example_dags/example_short_circuit_decorator.py
[2026-09-19T21:36:22.305+0000] {processor.py:809} INFO - DAG(s) dict_keys(['example_short_circuit_decorator']) retrieved from /home/airflow/.local/lib/python3.7/site-packages/airflow/example_dags/example_short_circuit_decorator.py
[2026-09-19T21:36:22.363+0000] {logging_mixin.py:149} INFO - [2026-09-19T21:36:22.362+0000] {dag.py:2726} INFO - Sync 1 DAGs
[2026-09-19T21:36:22.420+0000] {logging_mixin.py:149} INFO - [2026-09-19T21:36:22.420+0000] {dag.py:3490} INFO - Setting next_dagrun for example_short_circuit_decorator to 2026-09-18T21:36:22.420257+00:00, run_after=2026-09-19T21:36:22.420257+00:00
[2026-09-19T21:36:22.451+0000] {processor.py:178} INFO - Processing /home/airflow/.local/lib/python3.7/site-packages/airflow/example_dags/example_short_circuit_decorator.py took 0.173 seconds
[2026-09-19T21:36:52.756+0000] {processor.py:156} INFO - Started process (PID=4059) to work on /home/airflow/.local/lib/python3.7/site-packages/airflow/example_dags/example_short_circuit_decorator.py
[2026-09-19T21:36:52.758+0000] {processor.py:799} INFO - Processing file /home/airflow/.local/lib/python3.7/site-packages/airflow/example_dags/example_short_circuit_decorator.py for tasks to queue
[2026-09-19T21:36:52.759+0000] {logging_mixin.py:149} INFO - [2026-09-19T21:36:52.759+0000] {dagbag.py:541} INFO - Filling up the DagBag from /home/airflow/.local/lib/python3.7/site-packages/airflow/example_dags/example_short_circuit_decorator.py
[2026-09-19T21:36:52.783+0000] {processor.py:809} INFO - DAG(s) dict_keys(['example_short_circuit_decorator']) retrieved from /home/airflow/.local/lib/python3.7/site-packages/airflow/example_dags/example_short_circuit_decorator.py
[2026-09-19T21:36:52.836+0000] {logging_mixin.py:149} INFO - [2026-09-19T21:36:52.836+0000] {dag.py:2726} INFO - Sync 1 DAGs
[2026-09-19T21:36:52.894+0000] {logging_mixin.py:149} INFO - [2026-09-19T21:36:52.893+0000] {dag.py:3490} INFO - Setting next_dagrun for example_short_circuit_decorator to 2026-09-18T21:36:52.893576+00:00, run_after=2026-09-19T21:36:52.893576+00:00
[2026-09-19T21:36:52.928+0000] {processor.py:178} INFO - Processing /home/airflow/.local/lib/python3.7/site-packages/airflow/example_dags/example_short_circuit_decorator.py took 0.179 seconds
[2026-09-19T21:37:23.002+0000] {processor.py:156} INFO - Started process (PID=4116) to work on /home/airflow/.local/lib/python3.7/site-packages/airflow/example_dags/example_short_circuit_decorator.py
[2026-09-19T21:37:23.003+0000] {processor.py:799} INFO - Processing file /home/airflow/.local/lib/python3.7/site-packages/airflow/example_dags/example_short_circuit_decorator.py for tasks to queue
[2026-09-19T21:37:23.004+0000] {logging_mixin.py:149} INFO - [2026-09-19T21:37:23.004+0000] {dagbag.py:541} INFO - Filling up the DagBag from /home/airflow/.local/lib/python3.7/site-packages/airflow/example_dags/example_short_circuit_decorator.py
[2026-09-19T21:37:23.020+0000] {processor.py:809} INFO - DAG(s) dict_keys(['example_short_circuit_decorator']) retrieved from /home/airflow/.local/lib/python3.7/site-packages/airflow/example_dags/example_short_circuit_decorator.py
[2026-09-19T21:37:23.067+0000] {logging_mixin.py:149} INFO - [2026-09-19T21:37:23.067+0000] {dag.py:2726} INFO - Sync 1 DAGs
[2026-09-19T21:37:23.110+0000] {logging_mixin.py:149} INFO - [2026-09-19T21:37:23.110+0000] {dag.py:3490} INFO - Setting next_dagrun for example_short_circuit_decorator to 2026-09-18T21:37:23.109751+00:00, run_after=2026-09-19T21:37:23.109751+00:00
[2026-09-19T21:37:23.143+0000] {processor.py:178} INFO - Processing /home/airflow/.local/lib/python3.7/site-packages/airflow/example_dags/example_short_circuit_decorator.py took 0.149 seconds
[2026-09-19T21:37:53.628+0000] {processor.py:156} INFO - Started process (PID=4172) to work on /home/airflow/.local/lib/python3.7/site-packages/airflow/example_dags/example_short_circuit_decorator.py
[2026-09-19T21:37:53.630+0000] {processor.py:799} INFO - Processing file /home/airflow/.local/lib/python3.7/site-packages/airflow/example_dags/example_short_circuit_decorator.py for tasks to queue
[2026-09-19T21:37:53.631+0000] {logging_mixin.py:149} INFO - [2026-09-19T21:37:53.631+0000] {dagbag.py:541} INFO - Filling up the DagBag from /home/airflow/.local/lib/python3.7/site-packages/airflow/example_dags/example_short_circuit_decorator.py
[2026-09-19T21:37:53.648+0000] {processor.py:809} INFO - DAG(s) dict_keys(['example_short_circuit_decorator']) retrieved from /home/airflow/.local/lib/python3.7/site-packages/airflow/example_dags/example_short_circuit_decorator.py
[2026-09-19T21:37:53.698+0000] {logging_mixin.py:149} INFO - [2026-09-19T21:37:53.697+0000] {dag.py:2726} INFO - Sync 1 DAGs
[2026-09-19T21:37:53.740+0000] {logging_mixin.py:149} INFO - [2026-09-19T21:37:53.740+0000] {dag.py:3490} INFO - Setting next_dagrun for example_short_circuit_decorator to 2026-09-18T21:37:53.740238+00:00, run_after=2026-09-19T21:37:53.740238+00:00
[2026-09-19T21:37:53.773+0000] {processor.py:178} INFO - Processing /home/airflow/.local/lib/python3.7/site-packages/airflow/example_dags/example_short_circuit_decorator.py took 0.151 seconds
[2026-09-19T21:38:24.722+0000] {processor.py:156} INFO - Started process (PID=4228) to work on /home/airflow/.local/lib/python3.7/site-packages/airflow/example_dags/example_short_circuit_decorator.py
[2026-09-19T21:38:24.724+0000] {processor.py:799} INFO - Processing file /home/airflow/.local/lib/python3.7/site-packages/airflow/example_dags/example_short_circuit_decorator.py for tasks to queue
[2026-09-19T21:38:24.725+0000] {logging_mixin.py:149} INFO - [2026-09-19T21:38:24.725+0000] {dagbag.py:541} INFO - Filling up the DagBag from /home/airflow/.local/lib/python3.7/site-packages/airflow/example_dags/example_short_circuit_decorator.py
[2026-09-19T21:38:24.741+0000] {processor.py:809} INFO - DAG(s) dict_keys(['example_short_circuit_decorator']) retrieved from /home/airflow/.local/lib/python3.7/site-packages/airflow/example_dags/example_short_circuit_decorator.py
[2026-09-19T21:38:24.790+0000] {logging_mixin.py:149} INFO - [2026-09-19T21:38:24.790+0000] {dag.py:2726} INFO - Sync 1 DAGs
[2026-09-19T21:38:24.834+0000] {logging_mixin.py:149} INFO - [2026-09-19T21:38:24.834+0000] {dag.py:3490} INFO - Setting next_dagrun for example_short_circuit_decorator to 2026-09-18T21:38:24.833978+00:00, run_after=2026-09-19T21:38:24.833978+00:00
[2026-09-19T21:38:24.863+0000] {processor.py:178} INFO - Processing /home/airflow/.local/lib/python3.7/site-packages/airflow/example_dags/example_short_circuit_decorator.py took 0.146 seconds
[2026-09-19T21:38:55.376+0000] {processor.py:156} INFO - Started process (PID=4284) to work on /home/airflow/.local/lib/python3.7/site-packages/airflow/example_dags/example_short_circuit_decorator.py
[2026-09-19T21:38:55.379+0000] {processor.py:799} INFO - Processing file /home/airflow/.local/lib/python3.7/site-packages/airflow/example_dags/example_short_circuit_decorator.py for tasks to queue
[2026-09-19T21:38:55.380+0000] {logging_mixin.py:149} INFO - [2026-09-19T21:38:55.380+0000] {dagbag.py:541} INFO - Filling up the DagBag from /home/airflow/.local/lib/python3.7/site-packages/airflow/example_dags/example_short_circuit_decorator.py
[2026-09-19T21:38:55.398+0000] {processor.py:809} INFO - DAG(s) dict_keys(['example_short_circuit_decorator']) retrieved from /home/airflow/.local/lib/python3.7/site-packages/airflow/example_dags/example_short_circuit_decorator.py
[2026-09-19T21:38:55.455+0000] {logging_mixin.py:149} INFO - [2026-09-19T21:38:55.455+0000] {dag.py:2726} INFO - Sync 1 DAGs
[2026-09-19T21:38:55.495+0000] {logging_mixin.py:149} INFO - [2026-09-19T21:38:55.495+0000] {dag.py:3490} INFO - Setting next_dagrun for example_short_circuit_decorator to 2026-09-18T21:38:55.494650+00:00, run_after=2026-09-19T21:38:55.494650+00:00
[2026-09-19T21:38:55.526+0000] {processor.py:178} INFO - Processing /home/airflow/.local/lib/python3.7/site-packages/airflow/example_dags/example_short_circuit_decorator.py took 0.155 seconds
[2026-09-19T21:39:25.861+0000] {processor.py:156} INFO - Started process (PID=4340) to work on /home/airflow/.local/lib/python3.7/site-packages/airflow/example_dags/example_short_circuit_decorator.py
[2026-09-19T21:39:25.862+0000] {processor.py:799} INFO - Processing file /home/airflow/.local/lib/python3.7/site-packages/airflow/example_dags/example_short_circuit_decorator.py for tasks to queue
[2026-09-19T21:39:25.863+0000] {logging_mixin.py:149} INFO - [2026-09-19T21:39:25.863+0000] {dagbag.py:541} INFO - Filling up the DagBag from /home/airflow/.local/lib/python3.7/site-packages/airflow/example_dags/example_short_circuit_decorator.py
[2026-09-19T21:39:25.879+0000] {processor.py:809} INFO - DAG(s) dict_keys(['example_short_circuit_decorator']) retrieved from /home/airflow/.local/lib/python3.7/site-packages/airflow/example_dags/example_short_circuit_decorator.py
[2026-09-19T21:39:25.939+0000] {logging_mixin.py:149} INFO - [2026-09-19T21:39:25.938+0000] {dag.py:2726} INFO - Sync 1 DAGs
[2026-09-19T21:39:25.981+0000] {logging_mixin.py:149} INFO - [2026-09-19T21:39:25.981+0000] {dag.py:3490} INFO - Setting next_dagrun for example_short_circuit_decorator to 2026-09-18T21:39:25.981213+00:00, run_after=2026-09-19T21:39:25.981213+00:00
[2026-09-19T21:39:26.011+0000] {processor.py:178} INFO - Processing /home/airflow/.local/lib/python3.7/site-packages/airflow/example_dags/example_short_circuit_decorator.py took 0.156 seconds
[2026-09-19T21:39:56.116+0000] {processor.py:156} INFO - Started process (PID=4396) to work on /home/airflow/.local/lib/python3.7/site-packages/airflow/example_dags/example_short_circuit_decorator.py
[2026-09-19T21:39:56.118+0000] {processor.py:799} INFO - Processing file /home/airflow/.local/lib/python3.7/site-packages/airflow/example_dags/example_short_circuit_decorator.py for tasks to queue
[2026-09-19T21:39:56.120+0000] {logging_mixin.py:149} INFO - [2026-09-19T21:39:56.119+0000] {dagbag.py:541} INFO - Filling up the DagBag from /home/airflow/.local/lib/python3.7/site-packages/airflow/example_dags/example_short_circuit_decorator.py
[2026-09-19T21:39:56.136+0000] {processor.py:809} INFO - DAG(s) dict_keys(['example_short_circuit_decorator']) retrieved from /home/airflow/.local/lib/python3.7/site-packages/airflow/example_dags/example_short_circuit_decorator.py
[2026-09-19T21:39:56.159+0000] {logging_mixin.py:149} INFO - [2026-09-19T21:39:56.159+0000] {dag.py:2726} INFO - Sync 1 DAGs
[2026-09-19T21:39:56.208+0000] {logging_mixin.py:149} INFO - [2026-09-19T21:39:56.208+0000] {dag.py:3490} INFO - Setting next_dagrun for example_short_circuit_decorator to 2026-09-18T21:39:56.208279+00:00, run_after=2026-09-19T21:39:56.208279+00:00
[2026-09-19T21:39:56.241+0000] {processor.py:178} INFO - Processing /home/airflow/.local/lib/python3.7/site-packages/airflow/example_dags/example_short_circuit_decorator.py took 0.131 seconds
[2026-09-19T21:40:26.733+0000] {processor.py:156} INFO - Started process (PID=4451) to work on /home/airflow/.local/lib/python3.7/site-packages/airflow/example_dags/example_short_circuit_decorator.py
[2026-09-19T21:40:26.734+0000] {processor.py:799} INFO - Processing file /home/airflow/.local/lib/python3.7/site-packages/airflow/example_dags/example_short_circuit_decorator.py for tasks to queue
[2026-09-19T21:40:26.735+0000] {logging_mixin.py:149} INFO - [2026-09-19T21:40:26.735+0000] {dagbag.py:541} INFO - Filling up the DagBag from /home/airflow/.local/lib/python3.7/site-packages/airflow/example_dags/example_short_circuit_decorator.py
[2026-09-19T21:40:26.752+0000] {processor.py:809} INFO - DAG(s) dict_keys(['example_short_circuit_decorator']) retrieved from /home/airflow/.local/lib/python3.7/site-packages/airflow/example_dags/example_short_circuit_decorator.py
[2026-09-19T21:40:26.799+0000] {logging_mixin.py:149} INFO - [2026-09-19T21:40:26.799+0000] {dag.py:2726} INFO - Sync 1 DAGs
[2026-09-19T21:40:26.852+0000] {logging_mixin.py:149} INFO - [2026-09-19T21:40:26.851+0000] {dag.py:3490} INFO - Setting next_dagrun for example_short_circuit_decorator to 2026-09-18T21:40:26.851237+00:00, run_after=2026-09-19T21:40:26.851237+00:00
[2026-09-19T21:40:26.888+0000] {processor.py:178} INFO - Processing /home/airflow/.local/lib/python3.7/site-packages/airflow/example_dags/example_short_circuit_decorator.py took 0.161 seconds
[2026-09-19T21:40:57.512+0000] {processor.py:156} INFO - Started process (PID=4507) to work on /home/airflow/.local/lib/python3.7/site-packages/airflow/example_dags/example_short_circuit_decorator.py
[2026-09-19T21:40:57.514+0000] {processor.py:799} INFO - Processing file /home/airflow/.local/lib/python3.7/site-packages/airflow/example_dags/example_short_circuit_decorator.py for tasks to queue
[2026-09-19T21:40:57.515+0000] {logging_mixin.py:149} INFO - [2026-09-19T21:40:57.515+0000] {dagbag.py:541} INFO - Filling up the DagBag from /home/airflow/.local/lib/python3.7/site-packages/airflow/example_dags/example_short_circuit_decorator.py
[2026-09-19T21:40:57.531+0000] {processor.py:809} INFO - DAG(s) dict_keys(['example_short_circuit_decorator']) retrieved from /home/airflow/.local/lib/python3.7/site-packages/airflow/example_dags/example_short_circuit_decorator.py
[2026-09-19T21:40:57.556+0000] {logging_mixin.py:149} INFO - [2026-09-19T21:40:57.556+0000] {dag.py:2726} INFO - Sync 1 DAGs
[2026-09-19T21:40:57.614+0000] {logging_mixin.py:149} INFO - [2026-09-19T21:40:57.613+0000] {dag.py:3490} INFO - Setting next_dagrun for example_short_circuit_decorator to 2026-09-18T21:40:57.613453+00:00, run_after=2026-09-19T21:40:57.613453+00:00
[2026-09-19T21:40:57.650+0000] {processor.py:178} INFO - Processing /home/airflow/.local/lib/python3.7/site-packages/airflow/example_dags/example_short_circuit_decorator.py took 0.144 seconds
[2026-09-19T21:41:28.323+0000] {processor.py:156} INFO - Started process (PID=4563) to work on /home/airflow/.local/lib/python3.7/site-packages/airflow/example_dags/example_short_circuit_decorator.py
[2026-09-19T21:41:28.325+0000] {processor.py:799} INFO - Processing file /home/airflow/.local/lib/python3.7/site-packages/airflow/example_dags/example_short_circuit_decorator.py for tasks to queue
[2026-09-19T21:41:28.326+0000] {logging_mixin.py:149} INFO - [2026-09-19T21:41:28.325+0000] {dagbag.py:541} INFO - Filling up the DagBag from /home/airflow/.local/lib/python3.7/site-packages/airflow/example_dags/example_short_circuit_decorator.py
[2026-09-19T21:41:28.342+0000] {processor.py:809} INFO - DAG(s) dict_keys(['example_short_circuit_decorator']) retrieved from /home/airflow/.local/lib/python3.7/site-packages/airflow/example_dags/example_short_circuit_decorator.py
[2026-09-19T21:41:28.393+0000] {logging_mixin.py:149} INFO - [2026-09-19T21:41:28.392+0000] {dag.py:2726} INFO - Sync 1 DAGs
[2026-09-19T21:41:28.441+0000] {logging_mixin.py:149} INFO - [2026-09-19T21:41:28.441+0000] {dag.py:3490} INFO - Setting next_dagrun for example_short_circuit_decorator to 2026-09-18T21:41:28.440862+00:00, run_after=2026-09-19T21:41:28.440862+00:00
[2026-09-19T21:41:28.473+0000] {processor.py:178} INFO - Processing /home/airflow/.local/lib/python3.7/site-packages/airflow/example_dags/example_short_circuit_decorator.py took 0.155 seconds
[2026-09-19T21:41:59.172+0000] {processor.py:156} INFO - Started process (PID=4619) to work on /home/airflow/.local/lib/python3.7/site-packages/airflow/example_dags/example_short_circuit_decorator.py
[2026-09-19T21:41:59.176+0000] {processor.py:799} INFO - Processing file /home/airflow/.local/lib/python3.7/site-packages/airflow/example_dags/example_short_circuit_decorator.py for tasks to queue
[2026-09-19T21:41:59.177+0000] {logging_mixin.py:149} INFO - [2026-09-19T21:41:59.176+0000] {dagbag.py:541} INFO - Filling up the DagBag from /home/airflow/.local/lib/python3.7/site-packages/airflow/example_dags/example_short_circuit_decorator.py
[2026-09-19T21:41:59.197+0000] {processor.py:809} INFO - DAG(s) dict_keys(['example_short_circuit_decorator']) retrieved from /home/airflow/.local/lib/python3.7/site-packages/airflow/example_dags/example_short_circuit_decorator.py
[2026-09-19T21:41:59.245+0000] {logging_mixin.py:149} INFO - [2026-09-19T21:41:59.245+0000] {dag.py:2726} INFO - Sync 1 DAGs
[2026-09-19T21:41:59.291+0000] {logging_mixin.py:149} INFO - [2026-09-19T21:41:59.291+0000] {dag.py:3490} INFO - Setting next_dagrun for example_short_circuit_decorator to 2026-09-18T21:41:59.291190+00:00, run_after=2026-09-19T21:41:59.291190+00:00
[2026-09-19T21:41:59.325+0000] {processor.py:178} INFO - Processing /home/airflow/.local/lib/python3.7/site-packages/airflow/example_dags/example_short_circuit_decorator.py took 0.161 seconds
[2026-09-19T21:42:29.773+0000] {processor.py:156} INFO - Started process (PID=4675) to work on /home/airflow/.local/lib/python3.7/site-packages/airflow/example_dags/example_short_circuit_decorator.py
[2026-09-19T21:42:29.774+0000] {processor.py:799} INFO - Processing file /home/airflow/.local/lib/python3.7/site-packages/airflow/example_dags/example_short_circuit_decorator.py for tasks to queue
[2026-09-19T21:42:29.776+0000] {logging_mixin.py:149} INFO - [2026-09-19T21:42:29.775+0000] {dagbag.py:541} INFO - Filling up the DagBag from /home/airflow/.local/lib/python3.7/site-packages/airflow/example_dags/example_short_circuit_decorator.py
[2026-09-19T21:42:29.794+0000] {processor.py:809} INFO - DAG(s) dict_keys(['example_short_circuit_decorator']) retrieved from /home/airflow/.local/lib/python3.7/site-packages/airflow/example_dags/example_short_circuit_decorator.py
[2026-09-19T21:42:29.843+0000] {logging_mixin.py:149} INFO - [2026-09-19T21:42:29.843+0000] {dag.py:2726} INFO - Sync 1 DAGs
[2026-09-19T21:42:29.888+0000] {logging_mixin.py:149} INFO - [2026-09-19T21:42:29.888+0000] {dag.py:3490} INFO - Setting next_dagrun for example_short_circuit_decorator to 2026-09-18T21:42:29.887882+00:00, run_after=2026-09-19T21:42:29.887882+00:00
[2026-09-19T21:42:29.918+0000] {processor.py:178} INFO - Processing /home/airflow/.local/lib/python3.7/site-packages/airflow/example_dags/example_short_circuit_decorator.py took 0.152 seconds
[2026-09-19T21:43:00.231+0000] {processor.py:156} INFO - Started process (PID=4731) to work on /home/airflow/.local/lib/python3.7/site-packages/airflow/example_dags/example_short_circuit_decorator.py
[2026-09-19T21:43:00.233+0000] {processor.py:799} INFO - Processing file /home/airflow/.local/lib/python3.7/site-packages/airflow/example_dags/example_short_circuit_decorator.py for tasks to queue
[2026-09-19T21:43:00.234+0000] {logging_mixin.py:149} INFO - [2026-09-19T21:43:00.234+0000] {dagbag.py:541} INFO - Filling up the DagBag from /home/airflow/.local/lib/python3.7/site-packages/airflow/example_dags/example_short_circuit_decorator.py
[2026-09-19T21:43:00.250+0000] {processor.py:809} INFO - DAG(s) dict_keys(['example_short_circuit_decorator']) retrieved from /home/airflow/.local/lib/python3.7/site-packages/airflow/example_dags/example_short_circuit_decorator.py
[2026-09-19T21:43:00.304+0000] {logging_mixin.py:149} INFO - [2026-09-19T21:43:00.304+0000] {dag.py:2726} INFO - Sync 1 DAGs
[2026-09-19T21:43:00.350+0000] {logging_mixin.py:149} INFO - [2026-09-19T21:43:00.350+0000] {dag.py:3490} INFO - Setting next_dagrun for example_short_circuit_decorator to 2026-09-18T21:43:00.350300+00:00, run_after=2026-09-19T21:43:00.350300+00:00
[2026-09-19T21:43:00.383+0000] {processor.py:178} INFO - Processing /home/airflow/.local/lib/python3.7/site-packages/airflow/example_dags/example_short_circuit_decorator.py took 0.158 seconds
[2026-09-19T21:43:31.283+0000] {processor.py:156} INFO - Started process (PID=4787) to work on /home/airflow/.local/lib/python3.7/site-packages/airflow/example_dags/example_short_circuit_decorator.py
[2026-09-19T21:43:31.284+0000] {processor.py:799} INFO - Processing file /home/airflow/.local/lib/python3.7/site-packages/airflow/example_dags/example_short_circuit_decorator.py for tasks to queue
[2026-09-19T21:43:31.286+0000] {logging_mixin.py:149} INFO - [2026-09-19T21:43:31.285+0000] {dagbag.py:541} INFO - Filling up the DagBag from /home/airflow/.local/lib/python3.7/site-packages/airflow/example_dags/example_short_circuit_decorator.py
[2026-09-19T21:43:31.303+0000] {processor.py:809} INFO - DAG(s) dict_keys(['example_short_circuit_decorator']) retrieved from /home/airflow/.local/lib/python3.7/site-packages/airflow/example_dags/example_short_circuit_decorator.py
[2026-09-19T21:43:31.350+0000] {logging_mixin.py:149} INFO - [2026-09-19T21:43:31.349+0000] {dag.py:2726} INFO - Sync 1 DAGs
[2026-09-19T21:43:31.392+0000] {logging_mixin.py:149} INFO - [2026-09-19T21:43:31.392+0000] {dag.py:3490} INFO - Setting next_dagrun for example_short_circuit_decorator to 2026-09-18T21:43:31.391852+00:00, run_after=2026-09-19T21:43:31.391852+00:00
[2026-09-19T21:43:31.426+0000] {processor.py:178} INFO - Processing /home/airflow/.local/lib/python3.7/site-packages/airflow/example_dags/example_short_circuit_decorator.py took 0.152 seconds
[2026-09-19T21:44:02.474+0000] {processor.py:156} INFO - Started process (PID=4843) to work on /home/airflow/.local/lib/python3.7/site-packages/airflow/example_dags/example_short_circuit_decorator.py
[2026-09-19T21:44:02.477+0000] {processor.py:799} INFO - Processing file /home/airflow/.local/lib/python3.7/site-packages/airflow/example_dags/example_short_circuit_decorator.py for tasks to queue
[2026-09-19T21:44:02.478+0000] {logging_mixin.py:149} INFO - [2026-09-19T21:44:02.477+0000] {dagbag.py:541} INFO - Filling up the DagBag from /home/airflow/.local/lib/python3.7/site-packages/airflow/example_dags/example_short_circuit_decorator.py
[2026-09-19T21:44:02.496+0000] {processor.py:809} INFO - DAG(s) dict_keys(['example_short_circuit_decorator']) retrieved from /home/airflow/.local/lib/python3.7/site-packages/airflow/example_dags/example_short_circuit_decorator.py
[2026-09-19T21:44:02.553+0000] {logging_mixin.py:149} INFO - [2026-09-19T21:44:02.553+0000] {dag.py:2726} INFO - Sync 1 DAGs
[2026-09-19T21:44:02.600+0000] {logging_mixin.py:149} INFO - [2026-09-19T21:44:02.599+0000] {dag.py:3490} INFO - Setting next_dagrun for example_short_circuit_decorator to 2026-09-18T21:44:02.599538+00:00, run_after=2026-09-19T21:44:02.599538+00:00
[2026-09-19T21:44:02.635+0000] {processor.py:178} INFO - Processing /home/airflow/.local/lib/python3.7/site-packages/airflow/example_dags/example_short_circuit_decorator.py took 0.170 seconds
[2026-09-19T21:44:33.713+0000] {processor.py:156} INFO - Started process (PID=4899) to work on /home/airflow/.local/lib/python3.7/site-packages/airflow/example_dags/example_short_circuit_decorator.py
[2026-09-19T21:44:33.714+0000] {processor.py:799} INFO - Processing file /home/airflow/.local/lib/python3.7/site-packages/airflow/example_dags/example_short_circuit_decorator.py for tasks to queue
[2026-09-19T21:44:33.715+0000] {logging_mixin.py:149} INFO - [2026-09-19T21:44:33.715+0000] {dagbag.py:541} INFO - Filling up the DagBag from /home/airflow/.local/lib/python3.7/site-packages/airflow/example_dags/example_short_circuit_decorator.py
[2026-09-19T21:44:33.732+0000] {processor.py:809} INFO - DAG(s) dict_keys(['example_short_circuit_decorator']) retrieved from /home/airflow/.local/lib/python3.7/site-packages/airflow/example_dags/example_short_circuit_decorator.py
[2026-09-19T21:44:33.778+0000] {logging_mixin.py:149} INFO - [2026-09-19T21:44:33.778+0000] {dag.py:2726} INFO - Sync 1 DAGs
[2026-09-19T21:44:33.829+0000] {logging_mixin.py:149} INFO - [2026-09-19T21:44:33.828+0000] {dag.py:3490} INFO - Setting next_dagrun for example_short_circuit_decorator to 2026-09-18T21:44:33.828426+00:00, run_after=2026-09-19T21:44:33.828426+00:00
[2026-09-19T21:44:33.860+0000] {processor.py:178} INFO - Processing /home/airflow/.local/lib/python3.7/site-packages/airflow/example_dags/example_short_circuit_decorator.py took 0.153 seconds
[2026-09-19T21:45:04.358+0000] {processor.py:156} INFO - Started process (PID=4955) to work on /home/airflow/.local/lib/python3.7/site-packages/airflow/example_dags/example_short_circuit_decorator.py
[2026-09-19T21:45:04.365+0000] {processor.py:799} INFO - Processing file /home/airflow/.local/lib/python3.7/site-packages/airflow/example_dags/example_short_circuit_decorator.py for tasks to queue
[2026-09-19T21:45:04.366+0000] {logging_mixin.py:149} INFO - [2026-09-19T21:45:04.366+0000] {dagbag.py:541} INFO - Filling up the DagBag from /home/airflow/.local/lib/python3.7/site-packages/airflow/example_dags/example_short_circuit_decorator.py
[2026-09-19T21:45:04.385+0000] {processor.py:809} INFO - DAG(s) dict_keys(['example_short_circuit_decorator']) retrieved from /home/airflow/.local/lib/python3.7/site-packages/airflow/example_dags/example_short_circuit_decorator.py
[2026-09-19T21:45:04.435+0000] {logging_mixin.py:149} INFO - [2026-09-19T21:45:04.435+0000] {dag.py:2726} INFO - Sync 1 DAGs
[2026-09-19T21:45:04.486+0000] {logging_mixin.py:149} INFO - [2026-09-19T21:45:04.485+0000] {dag.py:3490} INFO - Setting next_dagrun for example_short_circuit_decorator to 2026-09-18T21:45:04.485310+00:00, run_after=2026-09-19T21:45:04.485310+00:00
[2026-09-19T21:45:04.529+0000] {processor.py:178} INFO - Processing /home/airflow/.local/lib/python3.7/site-packages/airflow/example_dags/example_short_circuit_decorator.py took 0.180 seconds
[2026-09-19T21:45:34.722+0000] {processor.py:156} INFO - Started process (PID=5011) to work on /home/airflow/.local/lib/python3.7/site-packages/airflow/example_dags/example_short_circuit_decorator.py
[2026-09-19T21:45:34.724+0000] {processor.py:799} INFO - Processing file /home/airflow/.local/lib/python3.7/site-packages/airflow/example_dags/example_short_circuit_decorator.py for tasks to queue
[2026-09-19T21:45:34.725+0000] {logging_mixin.py:149} INFO - [2026-09-19T21:45:34.725+0000] {dagbag.py:541} INFO - Filling up the DagBag from /home/airflow/.local/lib/python3.7/site-packages/airflow/example_dags/example_short_circuit_decorator.py
[2026-09-19T21:45:34.742+0000] {processor.py:809} INFO - DAG(s) dict_keys(['example_short_circuit_decorator']) retrieved from /home/airflow/.local/lib/python3.7/site-packages/airflow/example_dags/example_short_circuit_decorator.py
[2026-09-19T21:45:34.795+0000] {logging_mixin.py:149} INFO - [2026-09-19T21:45:34.795+0000] {dag.py:2726} INFO - Sync 1 DAGs
[2026-09-19T21:45:34.842+0000] {logging_mixin.py:149} INFO - [2026-09-19T21:45:34.842+0000] {dag.py:3490} INFO - Setting next_dagrun for example_short_circuit_decorator to 2026-09-18T21:45:34.841913+00:00, run_after=2026-09-19T21:45:34.841913+00:00
[2026-09-19T21:45:34.874+0000] {processor.py:178} INFO - Processing /home/airflow/.local/lib/python3.7/site-packages/airflow/example_dags/example_short_circuit_decorator.py took 0.159 seconds
[2026-09-19T21:46:05.552+0000] {processor.py:156} INFO - Started process (PID=5068) to work on /home/airflow/.local/lib/python3.7/site-packages/airflow/example_dags/example_short_circuit_decorator.py
[2026-09-19T21:46:05.559+0000] {processor.py:799} INFO - Processing file /home/airflow/.local/lib/python3.7/site-packages/airflow/example_dags/example_short_circuit_decorator.py for tasks to queue
[2026-09-19T21:46:05.560+0000] {logging_mixin.py:149} INFO - [2026-09-19T21:46:05.560+0000] {dagbag.py:541} INFO - Filling up the DagBag from /home/airflow/.local/lib/python3.7/site-packages/airflow/example_dags/example_short_circuit_decorator.py
[2026-09-19T21:46:05.584+0000] {processor.py:809} INFO - DAG(s) dict_keys(['example_short_circuit_decorator']) retrieved from /home/airflow/.local/lib/python3.7/site-packages/airflow/example_dags/example_short_circuit_decorator.py
[2026-09-19T21:46:05.635+0000] {logging_mixin.py:149} INFO - [2026-09-19T21:46:05.635+0000] {dag.py:2726} INFO - Sync 1 DAGs
[2026-09-19T21:46:05.686+0000] {logging_mixin.py:149} INFO - [2026-09-19T21:46:05.686+0000] {dag.py:3490} INFO - Setting next_dagrun for example_short_circuit_decorator to 2026-09-18T21:46:05.686318+00:00, run_after=2026-09-19T21:46:05.686318+00:00
[2026-09-19T21:46:05.716+0000] {processor.py:178} INFO - Processing /home/airflow/.local/lib/python3.7/site-packages/airflow/example_dags/example_short_circuit_decorator.py took 0.171 seconds
[2026-09-19T21:46:35.838+0000] {processor.py:156} INFO - Started process (PID=5123) to work on /home/airflow/.local/lib/python3.7/site-packages/airflow/example_dags/example_short_circuit_decorator.py
[2026-09-19T21:46:35.840+0000] {processor.py:799} INFO - Processing file /home/airflow/.local/lib/python3.7/site-packages/airflow/example_dags/example_short_circuit_decorator.py for tasks to queue
[2026-09-19T21:46:35.841+0000] {logging_mixin.py:149} INFO - [2026-09-19T21:46:35.841+0000] {dagbag.py:541} INFO - Filling up the DagBag from /home/airflow/.local/lib/python3.7/site-packages/airflow/example_dags/example_short_circuit_decorator.py
[2026-09-19T21:46:35.859+0000] {processor.py:809} INFO - DAG(s) dict_keys(['example_short_circuit_decorator']) retrieved from /home/airflow/.local/lib/python3.7/site-packages/airflow/example_dags/example_short_circuit_decorator.py
[2026-09-19T21:46:35.918+0000] {logging_mixin.py:149} INFO - [2026-09-19T21:46:35.918+0000] {dag.py:2726} INFO - Sync 1 DAGs
[2026-09-19T21:46:35.969+0000] {logging_mixin.py:149} INFO - [2026-09-19T21:46:35.969+0000] {dag.py:3490} INFO - Setting next_dagrun for example_short_circuit_decorator to 2026-09-18T21:46:35.968955+00:00, run_after=2026-09-19T21:46:35.968955+00:00
[2026-09-19T21:46:36.004+0000] {processor.py:178} INFO - Processing /home/airflow/.local/lib/python3.7/site-packages/airflow/example_dags/example_short_circuit_decorator.py took 0.172 seconds
[2026-09-19T21:47:06.387+0000] {processor.py:156} INFO - Started process (PID=5181) to work on /home/airflow/.local/lib/python3.7/site-packages/airflow/example_dags/example_short_circuit_decorator.py
[2026-09-19T21:47:06.389+0000] {processor.py:799} INFO - Processing file /home/airflow/.local/lib/python3.7/site-packages/airflow/example_dags/example_short_circuit_decorator.py for tasks to queue
[2026-09-19T21:47:06.390+0000] {logging_mixin.py:149} INFO - [2026-09-19T21:47:06.390+0000] {dagbag.py:541} INFO - Filling up the DagBag from /home/airflow/.local/lib/python3.7/site-packages/airflow/example_dags/example_short_circuit_decorator.py
[2026-09-19T21:47:06.410+0000] {processor.py:809} INFO - DAG(s) dict_keys(['example_short_circuit_decorator']) retrieved from /home/airflow/.local/lib/python3.7/site-packages/airflow/example_dags/example_short_circuit_decorator.py
[2026-09-19T21:47:06.464+0000] {logging_mixin.py:149} INFO - [2026-09-19T21:47:06.464+0000] {dag.py:2726} INFO - Sync 1 DAGs
[2026-09-19T21:47:06.510+0000] {logging_mixin.py:149} INFO - [2026-09-19T21:47:06.509+0000] {dag.py:3490} INFO - Setting next_dagrun for example_short_circuit_decorator to 2026-09-18T21:47:06.509403+00:00, run_after=2026-09-19T21:47:06.509403+00:00
[2026-09-19T21:47:06.547+0000] {processor.py:178} INFO - Processing /home/airflow/.local/lib/python3.7/site-packages/airflow/example_dags/example_short_circuit_decorator.py took 0.168 seconds
[2026-09-19T21:47:36.683+0000] {processor.py:156} INFO - Started process (PID=5237) to work on /home/airflow/.local/lib/python3.7/site-packages/airflow/example_dags/example_short_circuit_decorator.py
[2026-09-19T21:47:36.684+0000] {processor.py:799} INFO - Processing file /home/airflow/.local/lib/python3.7/site-packages/airflow/example_dags/example_short_circuit_decorator.py for tasks to queue
[2026-09-19T21:47:36.685+0000] {logging_mixin.py:149} INFO - [2026-09-19T21:47:36.685+0000] {dagbag.py:541} INFO - Filling up the DagBag from /home/airflow/.local/lib/python3.7/site-packages/airflow/example_dags/example_short_circuit_decorator.py
[2026-09-19T21:47:36.703+0000] {processor.py:809} INFO - DAG(s) dict_keys(['example_short_circuit_decorator']) retrieved from /home/airflow/.local/lib/python3.7/site-packages/airflow/example_dags/example_short_circuit_decorator.py
[2026-09-19T21:47:36.759+0000] {logging_mixin.py:149} INFO - [2026-09-19T21:47:36.759+0000] {dag.py:2726} INFO - Sync 1 DAGs
[2026-09-19T21:47:36.812+0000] {logging_mixin.py:149} INFO - [2026-09-19T21:47:36.812+0000] {dag.py:3490} INFO - Setting next_dagrun for example_short_circuit_decorator to 2026-09-18T21:47:36.811830+00:00, run_after=2026-09-19T21:47:36.811830+00:00
[2026-09-19T21:47:36.853+0000] {processor.py:178} INFO - Processing /home/airflow/.local/lib/python3.7/site-packages/airflow/example_dags/example_short_circuit_decorator.py took 0.176 seconds
[2026-09-19T21:48:07.335+0000] {processor.py:156} INFO - Started process (PID=5293) to work on /home/airflow/.local/lib/python3.7/site-packages/airflow/example_dags/example_short_circuit_decorator.py
[2026-09-19T21:48:07.337+0000] {processor.py:799} INFO - Processing file /home/airflow/.local/lib/python3.7/site-packages/airflow/example_dags/example_short_circuit_decorator.py for tasks to queue
[2026-09-19T21:48:07.338+0000] {logging_mixin.py:149} INFO - [2026-09-19T21:48:07.338+0000] {dagbag.py:541} INFO - Filling up the DagBag from /home/airflow/.local/lib/python3.7/site-packages/airflow/example_dags/example_short_circuit_decorator.py
[2026-09-19T21:48:07.354+0000] {processor.py:809} INFO - DAG(s) dict_keys(['example_short_circuit_decorator']) retrieved from /home/airflow/.local/lib/python3.7/site-packages/airflow/example_dags/example_short_circuit_decorator.py
[2026-09-19T21:48:07.399+0000] {logging_mixin.py:149} INFO - [2026-09-19T21:48:07.399+0000] {dag.py:2726} INFO - Sync 1 DAGs
[2026-09-19T21:48:07.442+0000] {logging_mixin.py:149} INFO - [2026-09-19T21:48:07.442+0000] {dag.py:3490} INFO - Setting next_dagrun for example_short_circuit_decorator to 2026-09-18T21:48:07.441837+00:00, run_after=2026-09-19T21:48:07.441837+00:00
[2026-09-19T21:48:07.472+0000] {processor.py:178} INFO - Processing /home/airflow/.local/lib/python3.7/site-packages/airflow/example_dags/example_short_circuit_decorator.py took 0.143 seconds
[2026-09-19T21:48:37.644+0000] {processor.py:156} INFO - Started process (PID=5349) to work on /home/airflow/.local/lib/python3.7/site-packages/airflow/example_dags/example_short_circuit_decorator.py
[2026-09-19T21:48:37.645+0000] {processor.py:799} INFO - Processing file /home/airflow/.local/lib/python3.7/site-packages/airflow/example_dags/example_short_circuit_decorator.py for tasks to queue
[2026-09-19T21:48:37.646+0000] {logging_mixin.py:149} INFO - [2026-09-19T21:48:37.646+0000] {dagbag.py:541} INFO - Filling up the DagBag from /home/airflow/.local/lib/python3.7/site-packages/airflow/example_dags/example_short_circuit_decorator.py
[2026-09-19T21:48:37.664+0000] {processor.py:809} INFO - DAG(s) dict_keys(['example_short_circuit_decorator']) retrieved from /home/airflow/.local/lib/python3.7/site-packages/airflow/example_dags/example_short_circuit_decorator.py
[2026-09-19T21:48:37.712+0000] {logging_mixin.py:149} INFO - [2026-09-19T21:48:37.712+0000] {dag.py:2726} INFO - Sync 1 DAGs
[2026-09-19T21:48:37.765+0000] {logging_mixin.py:149} INFO - [2026-09-19T21:48:37.765+0000] {dag.py:3490} INFO - Setting next_dagrun for example_short_circuit_decorator to 2026-09-18T21:48:37.765015+00:00, run_after=2026-09-19T21:48:37.765015+00:00
[2026-09-19T21:48:37.798+0000] {processor.py:178} INFO - Processing /home/airflow/.local/lib/python3.7/site-packages/airflow/example_dags/example_short_circuit_decorator.py took 0.160 seconds
[2026-09-19T21:49:08.508+0000] {processor.py:156} INFO - Started process (PID=5405) to work on /home/airflow/.local/lib/python3.7/site-packages/airflow/example_dags/example_short_circuit_decorator.py
[2026-09-19T21:49:08.510+0000] {processor.py:799} INFO - Processing file /home/airflow/.local/lib/python3.7/site-packages/airflow/example_dags/example_short_circuit_decorator.py for tasks to queue
[2026-09-19T21:49:08.511+0000] {logging_mixin.py:149} INFO - [2026-09-19T21:49:08.511+0000] {dagbag.py:541} INFO - Filling up the DagBag from /home/airflow/.local/lib/python3.7/site-packages/airflow/example_dags/example_short_circuit_decorator.py
[2026-09-19T21:49:08.529+0000] {processor.py:809} INFO - DAG(s) dict_keys(['example_short_circuit_decorator']) retrieved from /home/airflow/.local/lib/python3.7/site-packages/airflow/example_dags/example_short_circuit_decorator.py
[2026-09-19T21:49:08.586+0000] {logging_mixin.py:149} INFO - [2026-09-19T21:49:08.586+0000] {dag.py:2726} INFO - Sync 1 DAGs
[2026-09-19T21:49:08.631+0000] {logging_mixin.py:149} INFO - [2026-09-19T21:49:08.631+0000] {dag.py:3490} INFO - Setting next_dagrun for example_short_circuit_decorator to 2026-09-18T21:49:08.631173+00:00, run_after=2026-09-19T21:49:08.631173+00:00
[2026-09-19T21:49:08.665+0000] {processor.py:178} INFO - Processing /home/airflow/.local/lib/python3.7/site-packages/airflow/example_dags/example_short_circuit_decorator.py took 0.165 seconds
[2026-09-19T21:49:39.850+0000] {processor.py:156} INFO - Started process (PID=5464) to work on /home/airflow/.local/lib/python3.7/site-packages/airflow/example_dags/example_short_circuit_decorator.py
[2026-09-19T21:49:39.851+0000] {processor.py:799} INFO - Processing file /home/airflow/.local/lib/python3.7/site-packages/airflow/example_dags/example_short_circuit_decorator.py for tasks to queue
[2026-09-19T21:49:39.852+0000] {logging_mixin.py:149} INFO - [2026-09-19T21:49:39.852+0000] {dagbag.py:541} INFO - Filling up the DagBag from /home/airflow/.local/lib/python3.7/site-packages/airflow/example_dags/example_short_circuit_decorator.py
[2026-09-19T21:49:39.870+0000] {processor.py:809} INFO - DAG(s) dict_keys(['example_short_circuit_decorator']) retrieved from /home/airflow/.local/lib/python3.7/site-packages/airflow/example_dags/example_short_circuit_decorator.py
[2026-09-19T21:49:39.919+0000] {logging_mixin.py:149} INFO - [2026-09-19T21:49:39.918+0000] {dag.py:2726} INFO - Sync 1 DAGs
[2026-09-19T21:49:39.973+0000] {logging_mixin.py:149} INFO - [2026-09-19T21:49:39.973+0000] {dag.py:3490} INFO - Setting next_dagrun for example_short_circuit_decorator to 2026-09-18T21:49:39.972683+00:00, run_after=2026-09-19T21:49:39.972683+00:00
[2026-09-19T21:49:40.004+0000] {processor.py:178} INFO - Processing /home/airflow/.local/lib/python3.7/site-packages/airflow/example_dags/example_short_circuit_decorator.py took 0.163 seconds
[2026-09-19T21:50:10.808+0000] {processor.py:156} INFO - Started process (PID=5520) to work on /home/airflow/.local/lib/python3.7/site-packages/airflow/example_dags/example_short_circuit_decorator.py
[2026-09-19T21:50:10.810+0000] {processor.py:799} INFO - Processing file /home/airflow/.local/lib/python3.7/site-packages/airflow/example_dags/example_short_circuit_decorator.py for tasks to queue
[2026-09-19T21:50:10.812+0000] {logging_mixin.py:149} INFO - [2026-09-19T21:50:10.812+0000] {dagbag.py:541} INFO - Filling up the DagBag from /home/airflow/.local/lib/python3.7/site-packages/airflow/example_dags/example_short_circuit_decorator.py
[2026-09-19T21:50:10.834+0000] {processor.py:809} INFO - DAG(s) dict_keys(['example_short_circuit_decorator']) retrieved from /home/airflow/.local/lib/python3.7/site-packages/airflow/example_dags/example_short_circuit_decorator.py
[2026-09-19T21:50:10.880+0000] {logging_mixin.py:149} INFO - [2026-09-19T21:50:10.880+0000] {dag.py:2726} INFO - Sync 1 DAGs
[2026-09-19T21:50:10.929+0000] {logging_mixin.py:149} INFO - [2026-09-19T21:50:10.929+0000] {dag.py:3490} INFO - Setting next_dagrun for example_short_circuit_decorator to 2026-09-18T21:50:10.929302+00:00, run_after=2026-09-19T21:50:10.929302+00:00
[2026-09-19T21:50:10.962+0000] {processor.py:178} INFO - Processing /home/airflow/.local/lib/python3.7/site-packages/airflow/example_dags/example_short_circuit_decorator.py took 0.161 seconds
[2026-09-19T21:50:42.037+0000] {processor.py:156} INFO - Started process (PID=5580) to work on /home/airflow/.local/lib/python3.7/site-packages/airflow/example_dags/example_short_circuit_decorator.py
[2026-09-19T21:50:42.039+0000] {processor.py:799} INFO - Processing file /home/airflow/.local/lib/python3.7/site-packages/airflow/example_dags/example_short_circuit_decorator.py for tasks to queue
[2026-09-19T21:50:42.040+0000] {logging_mixin.py:149} INFO - [2026-09-19T21:50:42.039+0000] {dagbag.py:541} INFO - Filling up the DagBag from /home/airflow/.local/lib/python3.7/site-packages/airflow/example_dags/example_short_circuit_decorator.py
[2026-09-19T21:50:42.057+0000] {processor.py:809} INFO - DAG(s) dict_keys(['example_short_circuit_decorator']) retrieved from /home/airflow/.local/lib/python3.7/site-packages/airflow/example_dags/example_short_circuit_decorator.py
[2026-09-19T21:50:42.112+0000] {logging_mixin.py:149} INFO - [2026-09-19T21:50:42.112+0000] {dag.py:2726} INFO - Sync 1 DAGs
[2026-09-19T21:50:42.158+0000] {logging_mixin.py:149} INFO - [2026-09-19T21:50:42.157+0000] {dag.py:3490} INFO - Setting next_dagrun for example_short_circuit_decorator to 2026-09-18T21:50:42.157415+00:00, run_after=2026-09-19T21:50:42.157415+00:00
[2026-09-19T21:50:42.201+0000] {processor.py:178} INFO - Processing /home/airflow/.local/lib/python3.7/site-packages/airflow/example_dags/example_short_circuit_decorator.py took 0.172 seconds
[2026-09-19T21:51:13.549+0000] {processor.py:156} INFO - Started process (PID=5639) to work on /home/airflow/.local/lib/python3.7/site-packages/airflow/example_dags/example_short_circuit_decorator.py
[2026-09-19T21:51:13.551+0000] {processor.py:799} INFO - Processing file /home/airflow/.local/lib/python3.7/site-packages/airflow/example_dags/example_short_circuit_decorator.py for tasks to queue
[2026-09-19T21:51:13.553+0000] {logging_mixin.py:149} INFO - [2026-09-19T21:51:13.553+0000] {dagbag.py:541} INFO - Filling up the DagBag from /home/airflow/.local/lib/python3.7/site-packages/airflow/example_dags/example_short_circuit_decorator.py
[2026-09-19T21:51:13.571+0000] {processor.py:809} INFO - DAG(s) dict_keys(['example_short_circuit_decorator']) retrieved from /home/airflow/.local/lib/python3.7/site-packages/airflow/example_dags/example_short_circuit_decorator.py
[2026-09-19T21:51:13.621+0000] {logging_mixin.py:149} INFO - [2026-09-19T21:51:13.620+0000] {dag.py:2726} INFO - Sync 1 DAGs
[2026-09-19T21:51:13.664+0000] {logging_mixin.py:149} INFO - [2026-09-19T21:51:13.664+0000] {dag.py:3490} INFO - Setting next_dagrun for example_short_circuit_decorator to 2026-09-18T21:51:13.663670+00:00, run_after=2026-09-19T21:51:13.663670+00:00
[2026-09-19T21:51:13.695+0000] {processor.py:178} INFO - Processing /home/airflow/.local/lib/python3.7/site-packages/airflow/example_dags/example_short_circuit_decorator.py took 0.152 seconds
[2026-09-19T21:51:44.213+0000] {processor.py:156} INFO - Started process (PID=5695) to work on /home/airflow/.local/lib/python3.7/site-packages/airflow/example_dags/example_short_circuit_decorator.py
[2026-09-19T21:51:44.214+0000] {processor.py:799} INFO - Processing file /home/airflow/.local/lib/python3.7/site-packages/airflow/example_dags/example_short_circuit_decorator.py for tasks to queue
[2026-09-19T21:51:44.215+0000] {logging_mixin.py:149} INFO - [2026-09-19T21:51:44.215+0000] {dagbag.py:541} INFO - Filling up the DagBag from /home/airflow/.local/lib/python3.7/site-packages/airflow/example_dags/example_short_circuit_decorator.py
[2026-09-19T21:51:44.231+0000] {processor.py:809} INFO - DAG(s) dict_keys(['example_short_circuit_decorator']) retrieved from /home/airflow/.local/lib/python3.7/site-packages/airflow/example_dags/example_short_circuit_decorator.py
[2026-09-19T21:51:44.292+0000] {logging_mixin.py:149} INFO - [2026-09-19T21:51:44.291+0000] {dag.py:2726} INFO - Sync 1 DAGs
[2026-09-19T21:51:44.335+0000] {logging_mixin.py:149} INFO - [2026-09-19T21:51:44.335+0000] {dag.py:3490} INFO - Setting next_dagrun for example_short_circuit_decorator to 2026-09-18T21:51:44.335247+00:00, run_after=2026-09-19T21:51:44.335247+00:00
[2026-09-19T21:51:44.364+0000] {processor.py:178} INFO - Processing /home/airflow/.local/lib/python3.7/site-packages/airflow/example_dags/example_short_circuit_decorator.py took 0.157 seconds
[2026-09-19T21:52:15.441+0000] {processor.py:156} INFO - Started process (PID=5751) to work on /home/airflow/.local/lib/python3.7/site-packages/airflow/example_dags/example_short_circuit_decorator.py
[2026-09-19T21:52:15.443+0000] {processor.py:799} INFO - Processing file /home/airflow/.local/lib/python3.7/site-packages/airflow/example_dags/example_short_circuit_decorator.py for tasks to queue
[2026-09-19T21:52:15.444+0000] {logging_mixin.py:149} INFO - [2026-09-19T21:52:15.444+0000] {dagbag.py:541} INFO - Filling up the DagBag from /home/airflow/.local/lib/python3.7/site-packages/airflow/example_dags/example_short_circuit_decorator.py
[2026-09-19T21:52:15.461+0000] {processor.py:809} INFO - DAG(s) dict_keys(['example_short_circuit_decorator']) retrieved from /home/airflow/.local/lib/python3.7/site-packages/airflow/example_dags/example_short_circuit_decorator.py
[2026-09-19T21:52:15.510+0000] {logging_mixin.py:149} INFO - [2026-09-19T21:52:15.510+0000] {dag.py:2726} INFO - Sync 1 DAGs
[2026-09-19T21:52:15.557+0000] {logging_mixin.py:149} INFO - [2026-09-19T21:52:15.557+0000] {dag.py:3490} INFO - Setting next_dagrun for example_short_circuit_decorator to 2026-09-18T21:52:15.556744+00:00, run_after=2026-09-19T21:52:15.556744+00:00
[2026-09-19T21:52:15.592+0000] {processor.py:178} INFO - Processing /home/airflow/.local/lib/python3.7/site-packages/airflow/example_dags/example_short_circuit_decorator.py took 0.158 seconds
[2026-09-19T21:52:45.697+0000] {processor.py:156} INFO - Started process (PID=5807) to work on /home/airflow/.local/lib/python3.7/site-packages/airflow/example_dags/example_short_circuit_decorator.py
[2026-09-19T21:52:45.698+0000] {processor.py:799} INFO - Processing file /home/airflow/.local/lib/python3.7/site-packages/airflow/example_dags/example_short_circuit_decorator.py for tasks to queue
[2026-09-19T21:52:45.699+0000] {logging_mixin.py:149} INFO - [2026-09-19T21:52:45.699+0000] {dagbag.py:541} INFO - Filling up the DagBag from /home/airflow/.local/lib/python3.7/site-packages/airflow/example_dags/example_short_circuit_decorator.py
[2026-09-19T21:52:45.716+0000] {processor.py:809} INFO - DAG(s) dict_keys(['example_short_circuit_decorator']) retrieved from /home/airflow/.local/lib/python3.7/site-packages/airflow/example_dags/example_short_circuit_decorator.py
[2026-09-19T21:52:45.767+0000] {logging_mixin.py:149} INFO - [2026-09-19T21:52:45.766+0000] {dag.py:2726} INFO - Sync 1 DAGs
[2026-09-19T21:52:45.808+0000] {logging_mixin.py:149} INFO - [2026-09-19T21:52:45.807+0000] {dag.py:3490} INFO - Setting next_dagrun for example_short_circuit_decorator to 2026-09-18T21:52:45.807528+00:00, run_after=2026-09-19T21:52:45.807528+00:00
[2026-09-19T21:52:45.842+0000] {processor.py:178} INFO - Processing /home/airflow/.local/lib/python3.7/site-packages/airflow/example_dags/example_short_circuit_decorator.py took 0.151 seconds
[2026-09-19T21:53:16.701+0000] {processor.py:156} INFO - Started process (PID=5863) to work on /home/airflow/.local/lib/python3.7/site-packages/airflow/example_dags/example_short_circuit_decorator.py
[2026-09-19T21:53:16.703+0000] {processor.py:799} INFO - Processing file /home/airflow/.local/lib/python3.7/site-packages/airflow/example_dags/example_short_circuit_decorator.py for tasks to queue
[2026-09-19T21:53:16.704+0000] {logging_mixin.py:149} INFO - [2026-09-19T21:53:16.704+0000] {dagbag.py:541} INFO - Filling up the DagBag from /home/airflow/.local/lib/python3.7/site-packages/airflow/example_dags/example_short_circuit_decorator.py
[2026-09-19T21:53:16.721+0000] {processor.py:809} INFO - DAG(s) dict_keys(['example_short_circuit_decorator']) retrieved from /home/airflow/.local/lib/python3.7/site-packages/airflow/example_dags/example_short_circuit_decorator.py
[2026-09-19T21:53:16.770+0000] {logging_mixin.py:149} INFO - [2026-09-19T21:53:16.770+0000] {dag.py:2726} INFO - Sync 1 DAGs
[2026-09-19T21:53:16.813+0000] {logging_mixin.py:149} INFO - [2026-09-19T21:53:16.813+0000] {dag.py:3490} INFO - Setting next_dagrun for example_short_circuit_decorator to 2026-09-18T21:53:16.813207+00:00, run_after=2026-09-19T21:53:16.813207+00:00
[2026-09-19T21:53:16.842+0000] {processor.py:178} INFO - Processing /home/airflow/.local/lib/python3.7/site-packages/airflow/example_dags/example_short_circuit_decorator.py took 0.146 seconds
[2026-09-19T21:53:47.584+0000] {processor.py:156} INFO - Started process (PID=5919) to work on /home/airflow/.local/lib/python3.7/site-packages/airflow/example_dags/example_short_circuit_decorator.py
[2026-09-19T21:53:47.585+0000] {processor.py:799} INFO - Processing file /home/airflow/.local/lib/python3.7/site-packages/airflow/example_dags/example_short_circuit_decorator.py for tasks to queue
[2026-09-19T21:53:47.586+0000] {logging_mixin.py:149} INFO - [2026-09-19T21:53:47.586+0000] {dagbag.py:541} INFO - Filling up the DagBag from /home/airflow/.local/lib/python3.7/site-packages/airflow/example_dags/example_short_circuit_decorator.py
[2026-09-19T21:53:47.602+0000] {processor.py:809} INFO - DAG(s) dict_keys(['example_short_circuit_decorator']) retrieved from /home/airflow/.local/lib/python3.7/site-packages/airflow/example_dags/example_short_circuit_decorator.py
[2026-09-19T21:53:47.649+0000] {logging_mixin.py:149} INFO - [2026-09-19T21:53:47.649+0000] {dag.py:2726} INFO - Sync 1 DAGs
[2026-09-19T21:53:47.692+0000] {logging_mixin.py:149} INFO - [2026-09-19T21:53:47.691+0000] {dag.py:3490} INFO - Setting next_dagrun for example_short_circuit_decorator to 2026-09-18T21:53:47.691496+00:00, run_after=2026-09-19T21:53:47.691496+00:00
[2026-09-19T21:53:47.724+0000] {processor.py:178} INFO - Processing /home/airflow/.local/lib/python3.7/site-packages/airflow/example_dags/example_short_circuit_decorator.py took 0.145 seconds
[2026-09-19T21:54:18.454+0000] {processor.py:156} INFO - Started process (PID=5975) to work on /home/airflow/.local/lib/python3.7/site-packages/airflow/example_dags/example_short_circuit_decorator.py
[2026-09-19T21:54:18.456+0000] {processor.py:799} INFO - Processing file /home/airflow/.local/lib/python3.7/site-packages/airflow/example_dags/example_short_circuit_decorator.py for tasks to queue
[2026-09-19T21:54:18.459+0000] {logging_mixin.py:149} INFO - [2026-09-19T21:54:18.459+0000] {dagbag.py:541} INFO - Filling up the DagBag from /home/airflow/.local/lib/python3.7/site-packages/airflow/example_dags/example_short_circuit_decorator.py
[2026-09-19T21:54:18.479+0000] {processor.py:809} INFO - DAG(s) dict_keys(['example_short_circuit_decorator']) retrieved from /home/airflow/.local/lib/python3.7/site-packages/airflow/example_dags/example_short_circuit_decorator.py
[2026-09-19T21:54:18.535+0000] {logging_mixin.py:149} INFO - [2026-09-19T21:54:18.535+0000] {dag.py:2726} INFO - Sync 1 DAGs
[2026-09-19T21:54:18.586+0000] {logging_mixin.py:149} INFO - [2026-09-19T21:54:18.586+0000] {dag.py:3490} INFO - Setting next_dagrun for example_short_circuit_decorator to 2026-09-18T21:54:18.586275+00:00, run_after=2026-09-19T21:54:18.586275+00:00
[2026-09-19T21:54:18.618+0000] {processor.py:178} INFO - Processing /home/airflow/.local/lib/python3.7/site-packages/airflow/example_dags/example_short_circuit_decorator.py took 0.171 seconds
[2026-09-19T21:54:49.077+0000] {processor.py:156} INFO - Started process (PID=6031) to work on /home/airflow/.local/lib/python3.7/site-packages/airflow/example_dags/example_short_circuit_decorator.py
[2026-09-19T21:54:49.079+0000] {processor.py:799} INFO - Processing file /home/airflow/.local/lib/python3.7/site-packages/airflow/example_dags/example_short_circuit_decorator.py for tasks to queue
[2026-09-19T21:54:49.080+0000] {logging_mixin.py:149} INFO - [2026-09-19T21:54:49.079+0000] {dagbag.py:541} INFO - Filling up the DagBag from /home/airflow/.local/lib/python3.7/site-packages/airflow/example_dags/example_short_circuit_decorator.py
[2026-09-19T21:54:49.097+0000] {processor.py:809} INFO - DAG(s) dict_keys(['example_short_circuit_decorator']) retrieved from /home/airflow/.local/lib/python3.7/site-packages/airflow/example_dags/example_short_circuit_decorator.py
[2026-09-19T21:54:49.145+0000] {logging_mixin.py:149} INFO - [2026-09-19T21:54:49.145+0000] {dag.py:2726} INFO - Sync 1 DAGs
[2026-09-19T21:54:49.196+0000] {logging_mixin.py:149} INFO - [2026-09-19T21:54:49.196+0000] {dag.py:3490} INFO - Setting next_dagrun for example_short_circuit_decorator to 2026-09-18T21:54:49.195972+00:00, run_after=2026-09-19T21:54:49.195972+00:00
[2026-09-19T21:54:49.229+0000] {processor.py:178} INFO - Processing /home/airflow/.local/lib/python3.7/site-packages/airflow/example_dags/example_short_circuit_decorator.py took 0.158 seconds
[2026-09-19T21:55:19.447+0000] {processor.py:156} INFO - Started process (PID=6086) to work on /home/airflow/.local/lib/python3.7/site-packages/airflow/example_dags/example_short_circuit_decorator.py
[2026-09-19T21:55:19.450+0000] {processor.py:799} INFO - Processing file /home/airflow/.local/lib/python3.7/site-packages/airflow/example_dags/example_short_circuit_decorator.py for tasks to queue
[2026-09-19T21:55:19.451+0000] {logging_mixin.py:149} INFO - [2026-09-19T21:55:19.451+0000] {dagbag.py:541} INFO - Filling up the DagBag from /home/airflow/.local/lib/python3.7/site-packages/airflow/example_dags/example_short_circuit_decorator.py
[2026-09-19T21:55:19.469+0000] {processor.py:809} INFO - DAG(s) dict_keys(['example_short_circuit_decorator']) retrieved from /home/airflow/.local/lib/python3.7/site-packages/airflow/example_dags/example_short_circuit_decorator.py
[2026-09-19T21:55:19.516+0000] {logging_mixin.py:149} INFO - [2026-09-19T21:55:19.515+0000] {dag.py:2726} INFO - Sync 1 DAGs
[2026-09-19T21:55:19.570+0000] {logging_mixin.py:149} INFO - [2026-09-19T21:55:19.570+0000] {dag.py:3490} INFO - Setting next_dagrun for example_short_circuit_decorator to 2026-09-18T21:55:19.570063+00:00, run_after=2026-09-19T21:55:19.570063+00:00
[2026-09-19T21:55:19.605+0000] {processor.py:178} INFO - Processing /home/airflow/.local/lib/python3.7/site-packages/airflow/example_dags/example_short_circuit_decorator.py took 0.166 seconds
[2026-09-19T21:55:49.750+0000] {processor.py:156} INFO - Started process (PID=6142) to work on /home/airflow/.local/lib/python3.7/site-packages/airflow/example_dags/example_short_circuit_decorator.py
[2026-09-19T21:55:49.752+0000] {processor.py:799} INFO - Processing file /home/airflow/.local/lib/python3.7/site-packages/airflow/example_dags/example_short_circuit_decorator.py for tasks to queue
[2026-09-19T21:55:49.753+0000] {logging_mixin.py:149} INFO - [2026-09-19T21:55:49.753+0000] {dagbag.py:541} INFO - Filling up the DagBag from /home/airflow/.local/lib/python3.7/site-packages/airflow/example_dags/example_short_circuit_decorator.py
[2026-09-19T21:55:49.773+0000] {processor.py:809} INFO - DAG(s) dict_keys(['example_short_circuit_decorator']) retrieved from /home/airflow/.local/lib/python3.7/site-packages/airflow/example_dags/example_short_circuit_decorator.py
[2026-09-19T21:55:49.823+0000] {logging_mixin.py:149} INFO - [2026-09-19T21:55:49.823+0000] {dag.py:2726} INFO - Sync 1 DAGs
[2026-09-19T21:55:49.870+0000] {logging_mixin.py:149} INFO - [2026-09-19T21:55:49.869+0000] {dag.py:3490} INFO - Setting next_dagrun for example_short_circuit_decorator to 2026-09-18T21:55:49.869332+00:00, run_after=2026-09-19T21:55:49.869332+00:00
[2026-09-19T21:55:49.905+0000] {processor.py:178} INFO - Processing /home/airflow/.local/lib/python3.7/site-packages/airflow/example_dags/example_short_circuit_decorator.py took 0.162 seconds
[2026-09-19T21:56:20.518+0000] {processor.py:156} INFO - Started process (PID=6199) to work on /home/airflow/.local/lib/python3.7/site-packages/airflow/example_dags/example_short_circuit_decorator.py
[2026-09-19T21:56:20.520+0000] {processor.py:799} INFO - Processing file /home/airflow/.local/lib/python3.7/site-packages/airflow/example_dags/example_short_circuit_decorator.py for tasks to queue
[2026-09-19T21:56:20.521+0000] {logging_mixin.py:149} INFO - [2026-09-19T21:56:20.521+0000] {dagbag.py:541} INFO - Filling up the DagBag from /home/airflow/.local/lib/python3.7/site-packages/airflow/example_dags/example_short_circuit_decorator.py
[2026-09-19T21:56:20.540+0000] {processor.py:809} INFO - DAG(s) dict_keys(['example_short_circuit_decorator']) retrieved from /home/airflow/.local/lib/python3.7/site-packages/airflow/example_dags/example_short_circuit_decorator.py
[2026-09-19T21:56:20.593+0000] {logging_mixin.py:149} INFO - [2026-09-19T21:56:20.593+0000] {dag.py:2726} INFO - Sync 1 DAGs
[2026-09-19T21:56:20.640+0000] {logging_mixin.py:149} INFO - [2026-09-19T21:56:20.639+0000] {dag.py:3490} INFO - Setting next_dagrun for example_short_circuit_decorator to 2026-09-18T21:56:20.639056+00:00, run_after=2026-09-19T21:56:20.639056+00:00
[2026-09-19T21:56:20.677+0000] {processor.py:178} INFO - Processing /home/airflow/.local/lib/python3.7/site-packages/airflow/example_dags/example_short_circuit_decorator.py took 0.165 seconds
[2026-09-19T21:56:51.850+0000] {processor.py:156} INFO - Started process (PID=6255) to work on /home/airflow/.local/lib/python3.7/site-packages/airflow/example_dags/example_short_circuit_decorator.py
[2026-09-19T21:56:51.851+0000] {processor.py:799} INFO - Processing file /home/airflow/.local/lib/python3.7/site-packages/airflow/example_dags/example_short_circuit_decorator.py for tasks to queue
[2026-09-19T21:56:51.852+0000] {logging_mixin.py:149} INFO - [2026-09-19T21:56:51.852+0000] {dagbag.py:541} INFO - Filling up the DagBag from /home/airflow/.local/lib/python3.7/site-packages/airflow/example_dags/example_short_circuit_decorator.py
[2026-09-19T21:56:51.868+0000] {processor.py:809} INFO - DAG(s) dict_keys(['example_short_circuit_decorator']) retrieved from /home/airflow/.local/lib/python3.7/site-packages/airflow/example_dags/example_short_circuit_decorator.py
[2026-09-19T21:56:51.915+0000] {logging_mixin.py:149} INFO - [2026-09-19T21:56:51.914+0000] {dag.py:2726} INFO - Sync 1 DAGs
[2026-09-19T21:56:51.965+0000] {logging_mixin.py:149} INFO - [2026-09-19T21:56:51.965+0000] {dag.py:3490} INFO - Setting next_dagrun for example_short_circuit_decorator to 2026-09-18T21:56:51.964986+00:00, run_after=2026-09-19T21:56:51.964986+00:00
[2026-09-19T21:56:51.993+0000] {processor.py:178} INFO - Processing /home/airflow/.local/lib/python3.7/site-packages/airflow/example_dags/example_short_circuit_decorator.py took 0.149 seconds
[2026-09-19T21:57:22.903+0000] {processor.py:156} INFO - Started process (PID=6310) to work on /home/airflow/.local/lib/python3.7/site-packages/airflow/example_dags/example_short_circuit_decorator.py
[2026-09-19T21:57:22.905+0000] {processor.py:799} INFO - Processing file /home/airflow/.local/lib/python3.7/site-packages/airflow/example_dags/example_short_circuit_decorator.py for tasks to queue
[2026-09-19T21:57:22.906+0000] {logging_mixin.py:149} INFO - [2026-09-19T21:57:22.906+0000] {dagbag.py:541} INFO - Filling up the DagBag from /home/airflow/.local/lib/python3.7/site-packages/airflow/example_dags/example_short_circuit_decorator.py
[2026-09-19T21:57:22.921+0000] {processor.py:809} INFO - DAG(s) dict_keys(['example_short_circuit_decorator']) retrieved from /home/airflow/.local/lib/python3.7/site-packages/airflow/example_dags/example_short_circuit_decorator.py
[2026-09-19T21:57:22.967+0000] {logging_mixin.py:149} INFO - [2026-09-19T21:57:22.967+0000] {dag.py:2726} INFO - Sync 1 DAGs
[2026-09-19T21:57:23.010+0000] {logging_mixin.py:149} INFO - [2026-09-19T21:57:23.010+0000] {dag.py:3490} INFO - Setting next_dagrun for example_short_circuit_decorator to 2026-09-18T21:57:23.009896+00:00, run_after=2026-09-19T21:57:23.009896+00:00
[2026-09-19T21:57:23.047+0000] {processor.py:178} INFO - Processing /home/airflow/.local/lib/python3.7/site-packages/airflow/example_dags/example_short_circuit_decorator.py took 0.150 seconds
[2026-09-19T21:57:54.053+0000] {processor.py:156} INFO - Started process (PID=6366) to work on /home/airflow/.local/lib/python3.7/site-packages/airflow/example_dags/example_short_circuit_decorator.py
[2026-09-19T21:57:54.055+0000] {processor.py:799} INFO - Processing file /home/airflow/.local/lib/python3.7/site-packages/airflow/example_dags/example_short_circuit_decorator.py for tasks to queue
[2026-09-19T21:57:54.056+0000] {logging_mixin.py:149} INFO - [2026-09-19T21:57:54.056+0000] {dagbag.py:541} INFO - Filling up the DagBag from /home/airflow/.local/lib/python3.7/site-packages/airflow/example_dags/example_short_circuit_decorator.py
[2026-09-19T21:57:54.082+0000] {processor.py:809} INFO - DAG(s) dict_keys(['example_short_circuit_decorator']) retrieved from /home/airflow/.local/lib/python3.7/site-packages/airflow/example_dags/example_short_circuit_decorator.py
[2026-09-19T21:57:54.135+0000] {logging_mixin.py:149} INFO - [2026-09-19T21:57:54.135+0000] {dag.py:2726} INFO - Sync 1 DAGs
[2026-09-19T21:57:54.184+0000] {logging_mixin.py:149} INFO - [2026-09-19T21:57:54.183+0000] {dag.py:3490} INFO - Setting next_dagrun for example_short_circuit_decorator to 2026-09-18T21:57:54.183423+00:00, run_after=2026-09-19T21:57:54.183423+00:00
[2026-09-19T21:57:54.213+0000] {processor.py:178} INFO - Processing /home/airflow/.local/lib/python3.7/site-packages/airflow/example_dags/example_short_circuit_decorator.py took 0.169 seconds
[2026-09-19T21:58:25.703+0000] {processor.py:156} INFO - Started process (PID=6423) to work on /home/airflow/.local/lib/python3.7/site-packages/airflow/example_dags/example_short_circuit_decorator.py
[2026-09-19T21:58:25.706+0000] {processor.py:799} INFO - Processing file /home/airflow/.local/lib/python3.7/site-packages/airflow/example_dags/example_short_circuit_decorator.py for tasks to queue
[2026-09-19T21:58:25.708+0000] {logging_mixin.py:149} INFO - [2026-09-19T21:58:25.707+0000] {dagbag.py:541} INFO - Filling up the DagBag from /home/airflow/.local/lib/python3.7/site-packages/airflow/example_dags/example_short_circuit_decorator.py
[2026-09-19T21:58:25.724+0000] {processor.py:809} INFO - DAG(s) dict_keys(['example_short_circuit_decorator']) retrieved from /home/airflow/.local/lib/python3.7/site-packages/airflow/example_dags/example_short_circuit_decorator.py
[2026-09-19T21:58:25.774+0000] {logging_mixin.py:149} INFO - [2026-09-19T21:58:25.773+0000] {dag.py:2726} INFO - Sync 1 DAGs
[2026-09-19T21:58:25.817+0000] {logging_mixin.py:149} INFO - [2026-09-19T21:58:25.817+0000] {dag.py:3490} INFO - Setting next_dagrun for example_short_circuit_decorator to 2026-09-18T21:58:25.817010+00:00, run_after=2026-09-19T21:58:25.817010+00:00
[2026-09-19T21:58:25.848+0000] {processor.py:178} INFO - Processing /home/airflow/.local/lib/python3.7/site-packages/airflow/example_dags/example_short_circuit_decorator.py took 0.155 seconds
[2026-09-19T21:58:57.018+0000] {processor.py:156} INFO - Started process (PID=6486) to work on /home/airflow/.local/lib/python3.7/site-packages/airflow/example_dags/example_short_circuit_decorator.py
[2026-09-19T21:58:57.020+0000] {processor.py:799} INFO - Processing file /home/airflow/.local/lib/python3.7/site-packages/airflow/example_dags/example_short_circuit_decorator.py for tasks to queue
[2026-09-19T21:58:57.021+0000] {logging_mixin.py:149} INFO - [2026-09-19T21:58:57.021+0000] {dagbag.py:541} INFO - Filling up the DagBag from /home/airflow/.local/lib/python3.7/site-packages/airflow/example_dags/example_short_circuit_decorator.py
[2026-09-19T21:58:57.038+0000] {processor.py:809} INFO - DAG(s) dict_keys(['example_short_circuit_decorator']) retrieved from /home/airflow/.local/lib/python3.7/site-packages/airflow/example_dags/example_short_circuit_decorator.py
[2026-09-19T21:58:57.082+0000] {logging_mixin.py:149} INFO - [2026-09-19T21:58:57.082+0000] {dag.py:2726} INFO - Sync 1 DAGs
[2026-09-19T21:58:57.130+0000] {logging_mixin.py:149} INFO - [2026-09-19T21:58:57.129+0000] {dag.py:3490} INFO - Setting next_dagrun for example_short_circuit_decorator to 2026-09-18T21:58:57.129353+00:00, run_after=2026-09-19T21:58:57.129353+00:00
[2026-09-19T21:58:57.162+0000] {processor.py:178} INFO - Processing /home/airflow/.local/lib/python3.7/site-packages/airflow/example_dags/example_short_circuit_decorator.py took 0.150 seconds
[2026-09-19T21:59:27.880+0000] {processor.py:156} INFO - Started process (PID=6542) to work on /home/airflow/.local/lib/python3.7/site-packages/airflow/example_dags/example_short_circuit_decorator.py
[2026-09-19T21:59:27.881+0000] {processor.py:799} INFO - Processing file /home/airflow/.local/lib/python3.7/site-packages/airflow/example_dags/example_short_circuit_decorator.py for tasks to queue
[2026-09-19T21:59:27.882+0000] {logging_mixin.py:149} INFO - [2026-09-19T21:59:27.882+0000] {dagbag.py:541} INFO - Filling up the DagBag from /home/airflow/.local/lib/python3.7/site-packages/airflow/example_dags/example_short_circuit_decorator.py
[2026-09-19T21:59:27.900+0000] {processor.py:809} INFO - DAG(s) dict_keys(['example_short_circuit_decorator']) retrieved from /home/airflow/.local/lib/python3.7/site-packages/airflow/example_dags/example_short_circuit_decorator.py
[2026-09-19T21:59:27.958+0000] {logging_mixin.py:149} INFO - [2026-09-19T21:59:27.957+0000] {dag.py:2726} INFO - Sync 1 DAGs
[2026-09-19T21:59:28.002+0000] {logging_mixin.py:149} INFO - [2026-09-19T21:59:28.002+0000] {dag.py:3490} INFO - Setting next_dagrun for example_short_circuit_decorator to 2026-09-18T21:59:28.002077+00:00, run_after=2026-09-19T21:59:28.002077+00:00
[2026-09-19T21:59:28.035+0000] {processor.py:178} INFO - Processing /home/airflow/.local/lib/python3.7/site-packages/airflow/example_dags/example_short_circuit_decorator.py took 0.161 seconds
[2026-09-19T21:59:59.375+0000] {processor.py:156} INFO - Started process (PID=6597) to work on /home/airflow/.local/lib/python3.7/site-packages/airflow/example_dags/example_short_circuit_decorator.py
[2026-09-19T21:59:59.376+0000] {processor.py:799} INFO - Processing file /home/airflow/.local/lib/python3.7/site-packages/airflow/example_dags/example_short_circuit_decorator.py for tasks to queue
[2026-09-19T21:59:59.377+0000] {logging_mixin.py:149} INFO - [2026-09-19T21:59:59.377+0000] {dagbag.py:541} INFO - Filling up the DagBag from /home/airflow/.local/lib/python3.7/site-packages/airflow/example_dags/example_short_circuit_decorator.py
[2026-09-19T21:59:59.394+0000] {processor.py:809} INFO - DAG(s) dict_keys(['example_short_circuit_decorator']) retrieved from /home/airflow/.local/lib/python3.7/site-packages/airflow/example_dags/example_short_circuit_decorator.py
[2026-09-19T21:59:59.448+0000] {logging_mixin.py:149} INFO - [2026-09-19T21:59:59.448+0000] {dag.py:2726} INFO - Sync 1 DAGs
[2026-09-19T21:59:59.499+0000] {logging_mixin.py:149} INFO - [2026-09-19T21:59:59.499+0000] {dag.py:3490} INFO - Setting next_dagrun for example_short_circuit_decorator to 2026-09-18T21:59:59.498775+00:00, run_after=2026-09-19T21:59:59.498775+00:00
[2026-09-19T21:59:59.540+0000] {processor.py:178} INFO - Processing /home/airflow/.local/lib/python3.7/site-packages/airflow/example_dags/example_short_circuit_decorator.py took 0.176 seconds
[2026-09-19T22:00:31.034+0000] {processor.py:156} INFO - Started process (PID=6653) to work on /home/airflow/.local/lib/python3.7/site-packages/airflow/example_dags/example_short_circuit_decorator.py
[2026-09-19T22:00:31.035+0000] {processor.py:799} INFO - Processing file /home/airflow/.local/lib/python3.7/site-packages/airflow/example_dags/example_short_circuit_decorator.py for tasks to queue
[2026-09-19T22:00:31.036+0000] {logging_mixin.py:149} INFO - [2026-09-19T22:00:31.036+0000] {dagbag.py:541} INFO - Filling up the DagBag from /home/airflow/.local/lib/python3.7/site-packages/airflow/example_dags/example_short_circuit_decorator.py
[2026-09-19T22:00:31.052+0000] {processor.py:809} INFO - DAG(s) dict_keys(['example_short_circuit_decorator']) retrieved from /home/airflow/.local/lib/python3.7/site-packages/airflow/example_dags/example_short_circuit_decorator.py
[2026-09-19T22:00:31.106+0000] {logging_mixin.py:149} INFO - [2026-09-19T22:00:31.106+0000] {dag.py:2726} INFO - Sync 1 DAGs
[2026-09-19T22:00:31.153+0000] {logging_mixin.py:149} INFO - [2026-09-19T22:00:31.152+0000] {dag.py:3490} INFO - Setting next_dagrun for example_short_circuit_decorator to 2026-09-18T22:00:31.152375+00:00, run_after=2026-09-19T22:00:31.152375+00:00
[2026-09-19T22:00:31.195+0000] {processor.py:178} INFO - Processing /home/airflow/.local/lib/python3.7/site-packages/airflow/example_dags/example_short_circuit_decorator.py took 0.171 seconds
[2026-09-19T22:01:01.814+0000] {processor.py:156} INFO - Started process (PID=6709) to work on /home/airflow/.local/lib/python3.7/site-packages/airflow/example_dags/example_short_circuit_decorator.py
[2026-09-19T22:01:01.825+0000] {processor.py:799} INFO - Processing file /home/airflow/.local/lib/python3.7/site-packages/airflow/example_dags/example_short_circuit_decorator.py for tasks to queue
[2026-09-19T22:01:01.827+0000] {logging_mixin.py:149} INFO - [2026-09-19T22:01:01.827+0000] {dagbag.py:541} INFO - Filling up the DagBag from /home/airflow/.local/lib/python3.7/site-packages/airflow/example_dags/example_short_circuit_decorator.py
[2026-09-19T22:01:01.848+0000] {processor.py:809} INFO - DAG(s) dict_keys(['example_short_circuit_decorator']) retrieved from /home/airflow/.local/lib/python3.7/site-packages/airflow/example_dags/example_short_circuit_decorator.py
[2026-09-19T22:01:01.899+0000] {logging_mixin.py:149} INFO - [2026-09-19T22:01:01.899+0000] {dag.py:2726} INFO - Sync 1 DAGs
[2026-09-19T22:01:01.955+0000] {logging_mixin.py:149} INFO - [2026-09-19T22:01:01.954+0000] {dag.py:3490} INFO - Setting next_dagrun for example_short_circuit_decorator to 2026-09-18T22:01:01.954411+00:00, run_after=2026-09-19T22:01:01.954411+00:00
[2026-09-19T22:01:01.988+0000] {processor.py:178} INFO - Processing /home/airflow/.local/lib/python3.7/site-packages/airflow/example_dags/example_short_circuit_decorator.py took 0.179 seconds
[2026-09-19T22:01:32.818+0000] {processor.py:156} INFO - Started process (PID=6765) to work on /home/airflow/.local/lib/python3.7/site-packages/airflow/example_dags/example_short_circuit_decorator.py
[2026-09-19T22:01:32.819+0000] {processor.py:799} INFO - Processing file /home/airflow/.local/lib/python3.7/site-packages/airflow/example_dags/example_short_circuit_decorator.py for tasks to queue
[2026-09-19T22:01:32.821+0000] {logging_mixin.py:149} INFO - [2026-09-19T22:01:32.820+0000] {dagbag.py:541} INFO - Filling up the DagBag from /home/airflow/.local/lib/python3.7/site-packages/airflow/example_dags/example_short_circuit_decorator.py
[2026-09-19T22:01:32.840+0000] {processor.py:809} INFO - DAG(s) dict_keys(['example_short_circuit_decorator']) retrieved from /home/airflow/.local/lib/python3.7/site-packages/airflow/example_dags/example_short_circuit_decorator.py
[2026-09-19T22:01:32.887+0000] {logging_mixin.py:149} INFO - [2026-09-19T22:01:32.887+0000] {dag.py:2726} INFO - Sync 1 DAGs
[2026-09-19T22:01:32.933+0000] {logging_mixin.py:149} INFO - [2026-09-19T22:01:32.933+0000] {dag.py:3490} INFO - Setting next_dagrun for example_short_circuit_decorator to 2026-09-18T22:01:32.932683+00:00, run_after=2026-09-19T22:01:32.932683+00:00
[2026-09-19T22:01:32.990+0000] {processor.py:178} INFO - Processing /home/airflow/.local/lib/python3.7/site-packages/airflow/example_dags/example_short_circuit_decorator.py took 0.178 seconds
[2026-09-19T22:02:04.195+0000] {processor.py:156} INFO - Started process (PID=6821) to work on /home/airflow/.local/lib/python3.7/site-packages/airflow/example_dags/example_short_circuit_decorator.py
[2026-09-19T22:02:04.198+0000] {processor.py:799} INFO - Processing file /home/airflow/.local/lib/python3.7/site-packages/airflow/example_dags/example_short_circuit_decorator.py for tasks to queue
[2026-09-19T22:02:04.199+0000] {logging_mixin.py:149} INFO - [2026-09-19T22:02:04.199+0000] {dagbag.py:541} INFO - Filling up the DagBag from /home/airflow/.local/lib/python3.7/site-packages/airflow/example_dags/example_short_circuit_decorator.py
[2026-09-19T22:02:04.220+0000] {processor.py:809} INFO - DAG(s) dict_keys(['example_short_circuit_decorator']) retrieved from /home/airflow/.local/lib/python3.7/site-packages/airflow/example_dags/example_short_circuit_decorator.py
[2026-09-19T22:02:04.270+0000] {logging_mixin.py:149} INFO - [2026-09-19T22:02:04.270+0000] {dag.py:2726} INFO - Sync 1 DAGs
[2026-09-19T22:02:04.317+0000] {logging_mixin.py:149} INFO - [2026-09-19T22:02:04.316+0000] {dag.py:3490} INFO - Setting next_dagrun for example_short_circuit_decorator to 2026-09-18T22:02:04.316289+00:00, run_after=2026-09-19T22:02:04.316289+00:00
[2026-09-19T22:02:04.357+0000] {processor.py:178} INFO - Processing /home/airflow/.local/lib/python3.7/site-packages/airflow/example_dags/example_short_circuit_decorator.py took 0.171 seconds
[2026-09-19T22:02:35.581+0000] {processor.py:156} INFO - Started process (PID=6878) to work on /home/airflow/.local/lib/python3.7/site-packages/airflow/example_dags/example_short_circuit_decorator.py
[2026-09-19T22:02:35.583+0000] {processor.py:799} INFO - Processing file /home/airflow/.local/lib/python3.7/site-packages/airflow/example_dags/example_short_circuit_decorator.py for tasks to queue
[2026-09-19T22:02:35.584+0000] {logging_mixin.py:149} INFO - [2026-09-19T22:02:35.583+0000] {dagbag.py:541} INFO - Filling up the DagBag from /home/airflow/.local/lib/python3.7/site-packages/airflow/example_dags/example_short_circuit_decorator.py
[2026-09-19T22:02:35.600+0000] {processor.py:809} INFO - DAG(s) dict_keys(['example_short_circuit_decorator']) retrieved from /home/airflow/.local/lib/python3.7/site-packages/airflow/example_dags/example_short_circuit_decorator.py
[2026-09-19T22:02:35.654+0000] {logging_mixin.py:149} INFO - [2026-09-19T22:02:35.654+0000] {dag.py:2726} INFO - Sync 1 DAGs
[2026-09-19T22:02:35.696+0000] {logging_mixin.py:149} INFO - [2026-09-19T22:02:35.696+0000] {dag.py:3490} INFO - Setting next_dagrun for example_short_circuit_decorator to 2026-09-18T22:02:35.695949+00:00, run_after=2026-09-19T22:02:35.695949+00:00
[2026-09-19T22:02:35.727+0000] {processor.py:178} INFO - Processing /home/airflow/.local/lib/python3.7/site-packages/airflow/example_dags/example_short_circuit_decorator.py took 0.151 seconds
[2026-09-19T22:03:06.887+0000] {processor.py:156} INFO - Started process (PID=6935) to work on /home/airflow/.local/lib/python3.7/site-packages/airflow/example_dags/example_short_circuit_decorator.py
[2026-09-19T22:03:06.889+0000] {processor.py:799} INFO - Processing file /home/airflow/.local/lib/python3.7/site-packages/airflow/example_dags/example_short_circuit_decorator.py for tasks to queue
[2026-09-19T22:03:06.890+0000] {logging_mixin.py:149} INFO - [2026-09-19T22:03:06.890+0000] {dagbag.py:541} INFO - Filling up the DagBag from /home/airflow/.local/lib/python3.7/site-packages/airflow/example_dags/example_short_circuit_decorator.py
[2026-09-19T22:03:06.906+0000] {processor.py:809} INFO - DAG(s) dict_keys(['example_short_circuit_decorator']) retrieved from /home/airflow/.local/lib/python3.7/site-packages/airflow/example_dags/example_short_circuit_decorator.py
[2026-09-19T22:03:06.949+0000] {logging_mixin.py:149} INFO - [2026-09-19T22:03:06.949+0000] {dag.py:2726} INFO - Sync 1 DAGs
[2026-09-19T22:03:07.001+0000] {logging_mixin.py:149} INFO - [2026-09-19T22:03:07.001+0000] {dag.py:3490} INFO - Setting next_dagrun for example_short_circuit_decorator to 2026-09-18T22:03:07.000900+00:00, run_after=2026-09-19T22:03:07.000900+00:00
[2026-09-19T22:03:07.040+0000] {processor.py:178} INFO - Processing /home/airflow/.local/lib/python3.7/site-packages/airflow/example_dags/example_short_circuit_decorator.py took 0.159 seconds
[2026-09-19T22:03:38.239+0000] {processor.py:156} INFO - Started process (PID=6990) to work on /home/airflow/.local/lib/python3.7/site-packages/airflow/example_dags/example_short_circuit_decorator.py
[2026-09-19T22:03:38.242+0000] {processor.py:799} INFO - Processing file /home/airflow/.local/lib/python3.7/site-packages/airflow/example_dags/example_short_circuit_decorator.py for tasks to queue
[2026-09-19T22:03:38.244+0000] {logging_mixin.py:149} INFO - [2026-09-19T22:03:38.243+0000] {dagbag.py:541} INFO - Filling up the DagBag from /home/airflow/.local/lib/python3.7/site-packages/airflow/example_dags/example_short_circuit_decorator.py
[2026-09-19T22:03:38.264+0000] {processor.py:809} INFO - DAG(s) dict_keys(['example_short_circuit_decorator']) retrieved from /home/airflow/.local/lib/python3.7/site-packages/airflow/example_dags/example_short_circuit_decorator.py
[2026-09-19T22:03:38.312+0000] {logging_mixin.py:149} INFO - [2026-09-19T22:03:38.312+0000] {dag.py:2726} INFO - Sync 1 DAGs
[2026-09-19T22:03:38.357+0000] {logging_mixin.py:149} INFO - [2026-09-19T22:03:38.357+0000] {dag.py:3490} INFO - Setting next_dagrun for example_short_circuit_decorator to 2026-09-18T22:03:38.356694+00:00, run_after=2026-09-19T22:03:38.356694+00:00
[2026-09-19T22:03:38.391+0000] {processor.py:178} INFO - Processing /home/airflow/.local/lib/python3.7/site-packages/airflow/example_dags/example_short_circuit_decorator.py took 0.159 seconds
[2026-09-19T22:04:08.879+0000] {processor.py:156} INFO - Started process (PID=7046) to work on /home/airflow/.local/lib/python3.7/site-packages/airflow/example_dags/example_short_circuit_decorator.py
[2026-09-19T22:04:08.881+0000] {processor.py:799} INFO - Processing file /home/airflow/.local/lib/python3.7/site-packages/airflow/example_dags/example_short_circuit_decorator.py for tasks to queue
[2026-09-19T22:04:08.882+0000] {logging_mixin.py:149} INFO - [2026-09-19T22:04:08.882+0000] {dagbag.py:541} INFO - Filling up the DagBag from /home/airflow/.local/lib/python3.7/site-packages/airflow/example_dags/example_short_circuit_decorator.py
[2026-09-19T22:04:08.900+0000] {processor.py:809} INFO - DAG(s) dict_keys(['example_short_circuit_decorator']) retrieved from /home/airflow/.local/lib/python3.7/site-packages/airflow/example_dags/example_short_circuit_decorator.py
[2026-09-19T22:04:08.948+0000] {logging_mixin.py:149} INFO - [2026-09-19T22:04:08.948+0000] {dag.py:2726} INFO - Sync 1 DAGs
[2026-09-19T22:04:08.991+0000] {logging_mixin.py:149} INFO - [2026-09-19T22:04:08.991+0000] {dag.py:3490} INFO - Setting next_dagrun for example_short_circuit_decorator to 2026-09-18T22:04:08.991218+00:00, run_after=2026-09-19T22:04:08.991218+00:00
[2026-09-19T22:04:09.021+0000] {processor.py:178} INFO - Processing /home/airflow/.local/lib/python3.7/site-packages/airflow/example_dags/example_short_circuit_decorator.py took 0.148 seconds
[2026-09-19T22:04:39.801+0000] {processor.py:156} INFO - Started process (PID=7102) to work on /home/airflow/.local/lib/python3.7/site-packages/airflow/example_dags/example_short_circuit_decorator.py
[2026-09-19T22:04:39.803+0000] {processor.py:799} INFO - Processing file /home/airflow/.local/lib/python3.7/site-packages/airflow/example_dags/example_short_circuit_decorator.py for tasks to queue
[2026-09-19T22:04:39.804+0000] {logging_mixin.py:149} INFO - [2026-09-19T22:04:39.804+0000] {dagbag.py:541} INFO - Filling up the DagBag from /home/airflow/.local/lib/python3.7/site-packages/airflow/example_dags/example_short_circuit_decorator.py
[2026-09-19T22:04:39.821+0000] {processor.py:809} INFO - DAG(s) dict_keys(['example_short_circuit_decorator']) retrieved from /home/airflow/.local/lib/python3.7/site-packages/airflow/example_dags/example_short_circuit_decorator.py
[2026-09-19T22:04:39.869+0000] {logging_mixin.py:149} INFO - [2026-09-19T22:04:39.869+0000] {dag.py:2726} INFO - Sync 1 DAGs
[2026-09-19T22:04:39.916+0000] {logging_mixin.py:149} INFO - [2026-09-19T22:04:39.916+0000] {dag.py:3490} INFO - Setting next_dagrun for example_short_circuit_decorator to 2026-09-18T22:04:39.916066+00:00, run_after=2026-09-19T22:04:39.916066+00:00
[2026-09-19T22:04:39.950+0000] {processor.py:178} INFO - Processing /home/airflow/.local/lib/python3.7/site-packages/airflow/example_dags/example_short_circuit_decorator.py took 0.155 seconds
[2026-09-19T22:05:10.810+0000] {processor.py:156} INFO - Started process (PID=7159) to work on /home/airflow/.local/lib/python3.7/site-packages/airflow/example_dags/example_short_circuit_decorator.py
[2026-09-19T22:05:10.812+0000] {processor.py:799} INFO - Processing file /home/airflow/.local/lib/python3.7/site-packages/airflow/example_dags/example_short_circuit_decorator.py for tasks to queue
[2026-09-19T22:05:10.813+0000] {logging_mixin.py:149} INFO - [2026-09-19T22:05:10.813+0000] {dagbag.py:541} INFO - Filling up the DagBag from /home/airflow/.local/lib/python3.7/site-packages/airflow/example_dags/example_short_circuit_decorator.py
[2026-09-19T22:05:10.831+0000] {processor.py:809} INFO - DAG(s) dict_keys(['example_short_circuit_decorator']) retrieved from /home/airflow/.local/lib/python3.7/site-packages/airflow/example_dags/example_short_circuit_decorator.py
[2026-09-19T22:05:10.886+0000] {logging_mixin.py:149} INFO - [2026-09-19T22:05:10.886+0000] {dag.py:2726} INFO - Sync 1 DAGs
[2026-09-19T22:05:10.938+0000] {logging_mixin.py:149} INFO - [2026-09-19T22:05:10.938+0000] {dag.py:3490} INFO - Setting next_dagrun for example_short_circuit_decorator to 2026-09-18T22:05:10.938238+00:00, run_after=2026-09-19T22:05:10.938238+00:00
[2026-09-19T22:05:10.969+0000] {processor.py:178} INFO - Processing /home/airflow/.local/lib/python3.7/site-packages/airflow/example_dags/example_short_circuit_decorator.py took 0.166 seconds
[2026-09-19T22:05:41.802+0000] {processor.py:156} INFO - Started process (PID=7215) to work on /home/airflow/.local/lib/python3.7/site-packages/airflow/example_dags/example_short_circuit_decorator.py
[2026-09-19T22:05:41.804+0000] {processor.py:799} INFO - Processing file /home/airflow/.local/lib/python3.7/site-packages/airflow/example_dags/example_short_circuit_decorator.py for tasks to queue
[2026-09-19T22:05:41.806+0000] {logging_mixin.py:149} INFO - [2026-09-19T22:05:41.805+0000] {dagbag.py:541} INFO - Filling up the DagBag from /home/airflow/.local/lib/python3.7/site-packages/airflow/example_dags/example_short_circuit_decorator.py
[2026-09-19T22:05:41.824+0000] {processor.py:809} INFO - DAG(s) dict_keys(['example_short_circuit_decorator']) retrieved from /home/airflow/.local/lib/python3.7/site-packages/airflow/example_dags/example_short_circuit_decorator.py
[2026-09-19T22:05:41.868+0000] {logging_mixin.py:149} INFO - [2026-09-19T22:05:41.868+0000] {dag.py:2726} INFO - Sync 1 DAGs
[2026-09-19T22:05:41.922+0000] {logging_mixin.py:149} INFO - [2026-09-19T22:05:41.921+0000] {dag.py:3490} INFO - Setting next_dagrun for example_short_circuit_decorator to 2026-09-18T22:05:41.921332+00:00, run_after=2026-09-19T22:05:41.921332+00:00
[2026-09-19T22:05:41.956+0000] {processor.py:178} INFO - Processing /home/airflow/.local/lib/python3.7/site-packages/airflow/example_dags/example_short_circuit_decorator.py took 0.166 seconds
[2026-09-19T22:06:13.112+0000] {processor.py:156} INFO - Started process (PID=7271) to work on /home/airflow/.local/lib/python3.7/site-packages/airflow/example_dags/example_short_circuit_decorator.py
[2026-09-19T22:06:13.113+0000] {processor.py:799} INFO - Processing file /home/airflow/.local/lib/python3.7/site-packages/airflow/example_dags/example_short_circuit_decorator.py for tasks to queue
[2026-09-19T22:06:13.114+0000] {logging_mixin.py:149} INFO - [2026-09-19T22:06:13.114+0000] {dagbag.py:541} INFO - Filling up the DagBag from /home/airflow/.local/lib/python3.7/site-packages/airflow/example_dags/example_short_circuit_decorator.py
[2026-09-19T22:06:13.134+0000] {processor.py:809} INFO - DAG(s) dict_keys(['example_short_circuit_decorator']) retrieved from /home/airflow/.local/lib/python3.7/site-packages/airflow/example_dags/example_short_circuit_decorator.py
[2026-09-19T22:06:13.181+0000] {logging_mixin.py:149} INFO - [2026-09-19T22:06:13.180+0000] {dag.py:2726} INFO - Sync 1 DAGs
[2026-09-19T22:06:13.228+0000] {logging_mixin.py:149} INFO - [2026-09-19T22:06:13.228+0000] {dag.py:3490} INFO - Setting next_dagrun for example_short_circuit_decorator to 2026-09-18T22:06:13.227576+00:00, run_after=2026-09-19T22:06:13.227576+00:00
[2026-09-19T22:06:13.260+0000] {processor.py:178} INFO - Processing /home/airflow/.local/lib/python3.7/site-packages/airflow/example_dags/example_short_circuit_decorator.py took 0.157 seconds
[2026-09-19T22:06:44.015+0000] {processor.py:156} INFO - Started process (PID=7327) to work on /home/airflow/.local/lib/python3.7/site-packages/airflow/example_dags/example_short_circuit_decorator.py
[2026-09-19T22:06:44.017+0000] {processor.py:799} INFO - Processing file /home/airflow/.local/lib/python3.7/site-packages/airflow/example_dags/example_short_circuit_decorator.py for tasks to queue
[2026-09-19T22:06:44.018+0000] {logging_mixin.py:149} INFO - [2026-09-19T22:06:44.018+0000] {dagbag.py:541} INFO - Filling up the DagBag from /home/airflow/.local/lib/python3.7/site-packages/airflow/example_dags/example_short_circuit_decorator.py
[2026-09-19T22:06:44.034+0000] {processor.py:809} INFO - DAG(s) dict_keys(['example_short_circuit_decorator']) retrieved from /home/airflow/.local/lib/python3.7/site-packages/airflow/example_dags/example_short_circuit_decorator.py
[2026-09-19T22:06:44.080+0000] {logging_mixin.py:149} INFO - [2026-09-19T22:06:44.080+0000] {dag.py:2726} INFO - Sync 1 DAGs
[2026-09-19T22:06:44.127+0000] {logging_mixin.py:149} INFO - [2026-09-19T22:06:44.126+0000] {dag.py:3490} INFO - Setting next_dagrun for example_short_circuit_decorator to 2026-09-18T22:06:44.126285+00:00, run_after=2026-09-19T22:06:44.126285+00:00
[2026-09-19T22:06:44.164+0000] {processor.py:178} INFO - Processing /home/airflow/.local/lib/python3.7/site-packages/airflow/example_dags/example_short_circuit_decorator.py took 0.155 seconds
[2026-09-19T22:07:14.900+0000] {processor.py:156} INFO - Started process (PID=7383) to work on /home/airflow/.local/lib/python3.7/site-packages/airflow/example_dags/example_short_circuit_decorator.py
[2026-09-19T22:07:14.901+0000] {processor.py:799} INFO - Processing file /home/airflow/.local/lib/python3.7/site-packages/airflow/example_dags/example_short_circuit_decorator.py for tasks to queue
[2026-09-19T22:07:14.902+0000] {logging_mixin.py:149} INFO - [2026-09-19T22:07:14.902+0000] {dagbag.py:541} INFO - Filling up the DagBag from /home/airflow/.local/lib/python3.7/site-packages/airflow/example_dags/example_short_circuit_decorator.py
[2026-09-19T22:07:14.920+0000] {processor.py:809} INFO - DAG(s) dict_keys(['example_short_circuit_decorator']) retrieved from /home/airflow/.local/lib/python3.7/site-packages/airflow/example_dags/example_short_circuit_decorator.py
[2026-09-19T22:07:14.971+0000] {logging_mixin.py:149} INFO - [2026-09-19T22:07:14.971+0000] {dag.py:2726} INFO - Sync 1 DAGs
[2026-09-19T22:07:15.016+0000] {logging_mixin.py:149} INFO - [2026-09-19T22:07:15.016+0000] {dag.py:3490} INFO - Setting next_dagrun for example_short_circuit_decorator to 2026-09-18T22:07:15.015723+00:00, run_after=2026-09-19T22:07:15.015723+00:00
[2026-09-19T22:07:15.067+0000] {processor.py:178} INFO - Processing /home/airflow/.local/lib/python3.7/site-packages/airflow/example_dags/example_short_circuit_decorator.py took 0.175 seconds
[2026-09-19T22:07:45.834+0000] {processor.py:156} INFO - Started process (PID=7439) to work on /home/airflow/.local/lib/python3.7/site-packages/airflow/example_dags/example_short_circuit_decorator.py
[2026-09-19T22:07:45.836+0000] {processor.py:799} INFO - Processing file /home/airflow/.local/lib/python3.7/site-packages/airflow/example_dags/example_short_circuit_decorator.py for tasks to queue
[2026-09-19T22:07:45.837+0000] {logging_mixin.py:149} INFO - [2026-09-19T22:07:45.837+0000] {dagbag.py:541} INFO - Filling up the DagBag from /home/airflow/.local/lib/python3.7/site-packages/airflow/example_dags/example_short_circuit_decorator.py
[2026-09-19T22:07:45.855+0000] {processor.py:809} INFO - DAG(s) dict_keys(['example_short_circuit_decorator']) retrieved from /home/airflow/.local/lib/python3.7/site-packages/airflow/example_dags/example_short_circuit_decorator.py
[2026-09-19T22:07:45.919+0000] {logging_mixin.py:149} INFO - [2026-09-19T22:07:45.919+0000] {dag.py:2726} INFO - Sync 1 DAGs
[2026-09-19T22:07:45.966+0000] {logging_mixin.py:149} INFO - [2026-09-19T22:07:45.965+0000] {dag.py:3490} INFO - Setting next_dagrun for example_short_circuit_decorator to 2026-09-18T22:07:45.965524+00:00, run_after=2026-09-19T22:07:45.965524+00:00
[2026-09-19T22:07:46.003+0000] {processor.py:178} INFO - Processing /home/airflow/.local/lib/python3.7/site-packages/airflow/example_dags/example_short_circuit_decorator.py took 0.177 seconds
[2026-09-19T22:08:16.861+0000] {processor.py:156} INFO - Started process (PID=7496) to work on /home/airflow/.local/lib/python3.7/site-packages/airflow/example_dags/example_short_circuit_decorator.py
[2026-09-19T22:08:16.863+0000] {processor.py:799} INFO - Processing file /home/airflow/.local/lib/python3.7/site-packages/airflow/example_dags/example_short_circuit_decorator.py for tasks to queue
[2026-09-19T22:08:16.864+0000] {logging_mixin.py:149} INFO - [2026-09-19T22:08:16.864+0000] {dagbag.py:541} INFO - Filling up the DagBag from /home/airflow/.local/lib/python3.7/site-packages/airflow/example_dags/example_short_circuit_decorator.py
[2026-09-19T22:08:16.881+0000] {processor.py:809} INFO - DAG(s) dict_keys(['example_short_circuit_decorator']) retrieved from /home/airflow/.local/lib/python3.7/site-packages/airflow/example_dags/example_short_circuit_decorator.py
[2026-09-19T22:08:16.930+0000] {logging_mixin.py:149} INFO - [2026-09-19T22:08:16.930+0000] {dag.py:2726} INFO - Sync 1 DAGs
[2026-09-19T22:08:16.979+0000] {logging_mixin.py:149} INFO - [2026-09-19T22:08:16.978+0000] {dag.py:3490} INFO - Setting next_dagrun for example_short_circuit_decorator to 2026-09-18T22:08:16.978276+00:00, run_after=2026-09-19T22:08:16.978276+00:00
[2026-09-19T22:08:17.011+0000] {processor.py:178} INFO - Processing /home/airflow/.local/lib/python3.7/site-packages/airflow/example_dags/example_short_circuit_decorator.py took 0.157 seconds
[2026-09-19T22:08:48.833+0000] {processor.py:156} INFO - Started process (PID=7552) to work on /home/airflow/.local/lib/python3.7/site-packages/airflow/example_dags/example_short_circuit_decorator.py
[2026-09-19T22:08:48.835+0000] {processor.py:799} INFO - Processing file /home/airflow/.local/lib/python3.7/site-packages/airflow/example_dags/example_short_circuit_decorator.py for tasks to queue
[2026-09-19T22:08:48.836+0000] {logging_mixin.py:149} INFO - [2026-09-19T22:08:48.836+0000] {dagbag.py:541} INFO - Filling up the DagBag from /home/airflow/.local/lib/python3.7/site-packages/airflow/example_dags/example_short_circuit_decorator.py
[2026-09-19T22:08:48.854+0000] {processor.py:809} INFO - DAG(s) dict_keys(['example_short_circuit_decorator']) retrieved from /home/airflow/.local/lib/python3.7/site-packages/airflow/example_dags/example_short_circuit_decorator.py
[2026-09-19T22:08:48.907+0000] {logging_mixin.py:149} INFO - [2026-09-19T22:08:48.907+0000] {dag.py:2726} INFO - Sync 1 DAGs
[2026-09-19T22:08:48.951+0000] {logging_mixin.py:149} INFO - [2026-09-19T22:08:48.950+0000] {dag.py:3490} INFO - Setting next_dagrun for example_short_circuit_decorator to 2026-09-18T22:08:48.950380+00:00, run_after=2026-09-19T22:08:48.950380+00:00
[2026-09-19T22:08:49.174+0000] {processor.py:178} INFO - Processing /home/airflow/.local/lib/python3.7/site-packages/airflow/example_dags/example_short_circuit_decorator.py took 0.347 seconds
[2026-09-19T22:09:19.482+0000] {processor.py:156} INFO - Started process (PID=7608) to work on /home/airflow/.local/lib/python3.7/site-packages/airflow/example_dags/example_short_circuit_decorator.py
[2026-09-19T22:09:19.484+0000] {processor.py:799} INFO - Processing file /home/airflow/.local/lib/python3.7/site-packages/airflow/example_dags/example_short_circuit_decorator.py for tasks to queue
[2026-09-19T22:09:19.485+0000] {logging_mixin.py:149} INFO - [2026-09-19T22:09:19.484+0000] {dagbag.py:541} INFO - Filling up the DagBag from /home/airflow/.local/lib/python3.7/site-packages/airflow/example_dags/example_short_circuit_decorator.py
[2026-09-19T22:09:19.501+0000] {processor.py:809} INFO - DAG(s) dict_keys(['example_short_circuit_decorator']) retrieved from /home/airflow/.local/lib/python3.7/site-packages/airflow/example_dags/example_short_circuit_decorator.py
[2026-09-19T22:09:19.558+0000] {logging_mixin.py:149} INFO - [2026-09-19T22:09:19.557+0000] {dag.py:2726} INFO - Sync 1 DAGs
[2026-09-19T22:09:19.605+0000] {logging_mixin.py:149} INFO - [2026-09-19T22:09:19.605+0000] {dag.py:3490} INFO - Setting next_dagrun for example_short_circuit_decorator to 2026-09-18T22:09:19.605115+00:00, run_after=2026-09-19T22:09:19.605115+00:00
[2026-09-19T22:09:19.636+0000] {processor.py:178} INFO - Processing /home/airflow/.local/lib/python3.7/site-packages/airflow/example_dags/example_short_circuit_decorator.py took 0.159 seconds
[2026-09-19T22:09:50.381+0000] {processor.py:156} INFO - Started process (PID=7664) to work on /home/airflow/.local/lib/python3.7/site-packages/airflow/example_dags/example_short_circuit_decorator.py
[2026-09-19T22:09:50.388+0000] {processor.py:799} INFO - Processing file /home/airflow/.local/lib/python3.7/site-packages/airflow/example_dags/example_short_circuit_decorator.py for tasks to queue
[2026-09-19T22:09:50.389+0000] {logging_mixin.py:149} INFO - [2026-09-19T22:09:50.389+0000] {dagbag.py:541} INFO - Filling up the DagBag from /home/airflow/.local/lib/python3.7/site-packages/airflow/example_dags/example_short_circuit_decorator.py
[2026-09-19T22:09:50.405+0000] {processor.py:809} INFO - DAG(s) dict_keys(['example_short_circuit_decorator']) retrieved from /home/airflow/.local/lib/python3.7/site-packages/airflow/example_dags/example_short_circuit_decorator.py
[2026-09-19T22:09:50.430+0000] {logging_mixin.py:149} INFO - [2026-09-19T22:09:50.429+0000] {dag.py:2726} INFO - Sync 1 DAGs
[2026-09-19T22:09:50.474+0000] {logging_mixin.py:149} INFO - [2026-09-19T22:09:50.474+0000] {dag.py:3490} INFO - Setting next_dagrun for example_short_circuit_decorator to 2026-09-18T22:09:50.474135+00:00, run_after=2026-09-19T22:09:50.474135+00:00
[2026-09-19T22:09:50.506+0000] {processor.py:178} INFO - Processing /home/airflow/.local/lib/python3.7/site-packages/airflow/example_dags/example_short_circuit_decorator.py took 0.142 seconds
[2026-09-19T22:10:21.792+0000] {processor.py:156} INFO - Started process (PID=7720) to work on /home/airflow/.local/lib/python3.7/site-packages/airflow/example_dags/example_short_circuit_decorator.py
[2026-09-19T22:10:21.794+0000] {processor.py:799} INFO - Processing file /home/airflow/.local/lib/python3.7/site-packages/airflow/example_dags/example_short_circuit_decorator.py for tasks to queue
[2026-09-19T22:10:21.795+0000] {logging_mixin.py:149} INFO - [2026-09-19T22:10:21.794+0000] {dagbag.py:541} INFO - Filling up the DagBag from /home/airflow/.local/lib/python3.7/site-packages/airflow/example_dags/example_short_circuit_decorator.py
[2026-09-19T22:10:21.811+0000] {processor.py:809} INFO - DAG(s) dict_keys(['example_short_circuit_decorator']) retrieved from /home/airflow/.local/lib/python3.7/site-packages/airflow/example_dags/example_short_circuit_decorator.py
[2026-09-19T22:10:21.856+0000] {logging_mixin.py:149} INFO - [2026-09-19T22:10:21.856+0000] {dag.py:2726} INFO - Sync 1 DAGs
[2026-09-19T22:10:22.097+0000] {logging_mixin.py:149} INFO - [2026-09-19T22:10:22.097+0000] {dag.py:3490} INFO - Setting next_dagrun for example_short_circuit_decorator to 2026-09-18T22:10:22.097031+00:00, run_after=2026-09-19T22:10:22.097031+00:00
[2026-09-19T22:10:22.125+0000] {processor.py:178} INFO - Processing /home/airflow/.local/lib/python3.7/site-packages/airflow/example_dags/example_short_circuit_decorator.py took 0.339 seconds
[2026-09-19T22:10:52.575+0000] {processor.py:156} INFO - Started process (PID=7777) to work on /home/airflow/.local/lib/python3.7/site-packages/airflow/example_dags/example_short_circuit_decorator.py
[2026-09-19T22:10:52.576+0000] {processor.py:799} INFO - Processing file /home/airflow/.local/lib/python3.7/site-packages/airflow/example_dags/example_short_circuit_decorator.py for tasks to queue
[2026-09-19T22:10:52.577+0000] {logging_mixin.py:149} INFO - [2026-09-19T22:10:52.577+0000] {dagbag.py:541} INFO - Filling up the DagBag from /home/airflow/.local/lib/python3.7/site-packages/airflow/example_dags/example_short_circuit_decorator.py
[2026-09-19T22:10:52.596+0000] {processor.py:809} INFO - DAG(s) dict_keys(['example_short_circuit_decorator']) retrieved from /home/airflow/.local/lib/python3.7/site-packages/airflow/example_dags/example_short_circuit_decorator.py
[2026-09-19T22:10:52.647+0000] {logging_mixin.py:149} INFO - [2026-09-19T22:10:52.646+0000] {dag.py:2726} INFO - Sync 1 DAGs
[2026-09-19T22:10:52.698+0000] {logging_mixin.py:149} INFO - [2026-09-19T22:10:52.698+0000] {dag.py:3490} INFO - Setting next_dagrun for example_short_circuit_decorator to 2026-09-18T22:10:52.697738+00:00, run_after=2026-09-19T22:10:52.697738+00:00
[2026-09-19T22:10:52.734+0000] {processor.py:178} INFO - Processing /home/airflow/.local/lib/python3.7/site-packages/airflow/example_dags/example_short_circuit_decorator.py took 0.166 seconds
[2026-09-19T22:11:23.731+0000] {processor.py:156} INFO - Started process (PID=7833) to work on /home/airflow/.local/lib/python3.7/site-packages/airflow/example_dags/example_short_circuit_decorator.py
[2026-09-19T22:11:23.733+0000] {processor.py:799} INFO - Processing file /home/airflow/.local/lib/python3.7/site-packages/airflow/example_dags/example_short_circuit_decorator.py for tasks to queue
[2026-09-19T22:11:23.734+0000] {logging_mixin.py:149} INFO - [2026-09-19T22:11:23.734+0000] {dagbag.py:541} INFO - Filling up the DagBag from /home/airflow/.local/lib/python3.7/site-packages/airflow/example_dags/example_short_circuit_decorator.py
[2026-09-19T22:11:23.753+0000] {processor.py:809} INFO - DAG(s) dict_keys(['example_short_circuit_decorator']) retrieved from /home/airflow/.local/lib/python3.7/site-packages/airflow/example_dags/example_short_circuit_decorator.py
[2026-09-19T22:11:24.012+0000] {logging_mixin.py:149} INFO - [2026-09-19T22:11:24.012+0000] {dag.py:2726} INFO - Sync 1 DAGs
[2026-09-19T22:11:24.051+0000] {logging_mixin.py:149} INFO - [2026-09-19T22:11:24.050+0000] {dag.py:3490} INFO - Setting next_dagrun for example_short_circuit_decorator to 2026-09-18T22:11:24.050442+00:00, run_after=2026-09-19T22:11:24.050442+00:00
[2026-09-19T22:11:24.082+0000] {processor.py:178} INFO - Processing /home/airflow/.local/lib/python3.7/site-packages/airflow/example_dags/example_short_circuit_decorator.py took 0.358 seconds
[2026-09-19T22:11:55.095+0000] {processor.py:156} INFO - Started process (PID=7889) to work on /home/airflow/.local/lib/python3.7/site-packages/airflow/example_dags/example_short_circuit_decorator.py
[2026-09-19T22:11:55.097+0000] {processor.py:799} INFO - Processing file /home/airflow/.local/lib/python3.7/site-packages/airflow/example_dags/example_short_circuit_decorator.py for tasks to queue
[2026-09-19T22:11:55.099+0000] {logging_mixin.py:149} INFO - [2026-09-19T22:11:55.098+0000] {dagbag.py:541} INFO - Filling up the DagBag from /home/airflow/.local/lib/python3.7/site-packages/airflow/example_dags/example_short_circuit_decorator.py
[2026-09-19T22:11:55.115+0000] {processor.py:809} INFO - DAG(s) dict_keys(['example_short_circuit_decorator']) retrieved from /home/airflow/.local/lib/python3.7/site-packages/airflow/example_dags/example_short_circuit_decorator.py
[2026-09-19T22:11:55.164+0000] {logging_mixin.py:149} INFO - [2026-09-19T22:11:55.164+0000] {dag.py:2726} INFO - Sync 1 DAGs
[2026-09-19T22:11:55.398+0000] {logging_mixin.py:149} INFO - [2026-09-19T22:11:55.398+0000] {dag.py:3490} INFO - Setting next_dagrun for example_short_circuit_decorator to 2026-09-18T22:11:55.398295+00:00, run_after=2026-09-19T22:11:55.398295+00:00
[2026-09-19T22:11:55.425+0000] {processor.py:178} INFO - Processing /home/airflow/.local/lib/python3.7/site-packages/airflow/example_dags/example_short_circuit_decorator.py took 0.336 seconds
[2026-09-19T22:12:26.404+0000] {processor.py:156} INFO - Started process (PID=7945) to work on /home/airflow/.local/lib/python3.7/site-packages/airflow/example_dags/example_short_circuit_decorator.py
[2026-09-19T22:12:26.406+0000] {processor.py:799} INFO - Processing file /home/airflow/.local/lib/python3.7/site-packages/airflow/example_dags/example_short_circuit_decorator.py for tasks to queue
[2026-09-19T22:12:26.407+0000] {logging_mixin.py:149} INFO - [2026-09-19T22:12:26.407+0000] {dagbag.py:541} INFO - Filling up the DagBag from /home/airflow/.local/lib/python3.7/site-packages/airflow/example_dags/example_short_circuit_decorator.py
[2026-09-19T22:12:26.425+0000] {processor.py:809} INFO - DAG(s) dict_keys(['example_short_circuit_decorator']) retrieved from /home/airflow/.local/lib/python3.7/site-packages/airflow/example_dags/example_short_circuit_decorator.py
[2026-09-19T22:12:26.484+0000] {logging_mixin.py:149} INFO - [2026-09-19T22:12:26.484+0000] {dag.py:2726} INFO - Sync 1 DAGs
[2026-09-19T22:12:26.543+0000] {logging_mixin.py:149} INFO - [2026-09-19T22:12:26.543+0000] {dag.py:3490} INFO - Setting next_dagrun for example_short_circuit_decorator to 2026-09-18T22:12:26.543151+00:00, run_after=2026-09-19T22:12:26.543151+00:00
[2026-09-19T22:12:26.580+0000] {processor.py:178} INFO - Processing /home/airflow/.local/lib/python3.7/site-packages/airflow/example_dags/example_short_circuit_decorator.py took 0.183 seconds
[2026-09-19T22:12:56.887+0000] {processor.py:156} INFO - Started process (PID=8001) to work on /home/airflow/.local/lib/python3.7/site-packages/airflow/example_dags/example_short_circuit_decorator.py
[2026-09-19T22:12:56.890+0000] {processor.py:799} INFO - Processing file /home/airflow/.local/lib/python3.7/site-packages/airflow/example_dags/example_short_circuit_decorator.py for tasks to queue
[2026-09-19T22:12:56.891+0000] {logging_mixin.py:149} INFO - [2026-09-19T22:12:56.891+0000] {dagbag.py:541} INFO - Filling up the DagBag from /home/airflow/.local/lib/python3.7/site-packages/airflow/example_dags/example_short_circuit_decorator.py
[2026-09-19T22:12:56.907+0000] {processor.py:809} INFO - DAG(s) dict_keys(['example_short_circuit_decorator']) retrieved from /home/airflow/.local/lib/python3.7/site-packages/airflow/example_dags/example_short_circuit_decorator.py
[2026-09-19T22:12:57.159+0000] {logging_mixin.py:149} INFO - [2026-09-19T22:12:57.158+0000] {dag.py:2726} INFO - Sync 1 DAGs
[2026-09-19T22:12:57.209+0000] {logging_mixin.py:149} INFO - [2026-09-19T22:12:57.208+0000] {dag.py:3490} INFO - Setting next_dagrun for example_short_circuit_decorator to 2026-09-18T22:12:57.207739+00:00, run_after=2026-09-19T22:12:57.207739+00:00
[2026-09-19T22:12:57.245+0000] {processor.py:178} INFO - Processing /home/airflow/.local/lib/python3.7/site-packages/airflow/example_dags/example_short_circuit_decorator.py took 0.362 seconds
[2026-09-19T22:13:27.817+0000] {processor.py:156} INFO - Started process (PID=8057) to work on /home/airflow/.local/lib/python3.7/site-packages/airflow/example_dags/example_short_circuit_decorator.py
[2026-09-19T22:13:27.818+0000] {processor.py:799} INFO - Processing file /home/airflow/.local/lib/python3.7/site-packages/airflow/example_dags/example_short_circuit_decorator.py for tasks to queue
[2026-09-19T22:13:27.819+0000] {logging_mixin.py:149} INFO - [2026-09-19T22:13:27.819+0000] {dagbag.py:541} INFO - Filling up the DagBag from /home/airflow/.local/lib/python3.7/site-packages/airflow/example_dags/example_short_circuit_decorator.py
[2026-09-19T22:13:27.835+0000] {processor.py:809} INFO - DAG(s) dict_keys(['example_short_circuit_decorator']) retrieved from /home/airflow/.local/lib/python3.7/site-packages/airflow/example_dags/example_short_circuit_decorator.py
[2026-09-19T22:13:27.890+0000] {logging_mixin.py:149} INFO - [2026-09-19T22:13:27.889+0000] {dag.py:2726} INFO - Sync 1 DAGs
[2026-09-19T22:13:28.113+0000] {logging_mixin.py:149} INFO - [2026-09-19T22:13:28.113+0000] {dag.py:3490} INFO - Setting next_dagrun for example_short_circuit_decorator to 2026-09-18T22:13:28.113332+00:00, run_after=2026-09-19T22:13:28.113332+00:00
[2026-09-19T22:13:28.138+0000] {processor.py:178} INFO - Processing /home/airflow/.local/lib/python3.7/site-packages/airflow/example_dags/example_short_circuit_decorator.py took 0.327 seconds
[2026-09-19T22:13:58.251+0000] {processor.py:156} INFO - Started process (PID=8114) to work on /home/airflow/.local/lib/python3.7/site-packages/airflow/example_dags/example_short_circuit_decorator.py
[2026-09-19T22:13:58.253+0000] {processor.py:799} INFO - Processing file /home/airflow/.local/lib/python3.7/site-packages/airflow/example_dags/example_short_circuit_decorator.py for tasks to queue
[2026-09-19T22:13:58.254+0000] {logging_mixin.py:149} INFO - [2026-09-19T22:13:58.253+0000] {dagbag.py:541} INFO - Filling up the DagBag from /home/airflow/.local/lib/python3.7/site-packages/airflow/example_dags/example_short_circuit_decorator.py
[2026-09-19T22:13:58.282+0000] {processor.py:809} INFO - DAG(s) dict_keys(['example_short_circuit_decorator']) retrieved from /home/airflow/.local/lib/python3.7/site-packages/airflow/example_dags/example_short_circuit_decorator.py
[2026-09-19T22:13:58.337+0000] {logging_mixin.py:149} INFO - [2026-09-19T22:13:58.336+0000] {dag.py:2726} INFO - Sync 1 DAGs
[2026-09-19T22:13:58.382+0000] {logging_mixin.py:149} INFO - [2026-09-19T22:13:58.382+0000] {dag.py:3490} INFO - Setting next_dagrun for example_short_circuit_decorator to 2026-09-18T22:13:58.381354+00:00, run_after=2026-09-19T22:13:58.381354+00:00
[2026-09-19T22:13:58.426+0000] {processor.py:178} INFO - Processing /home/airflow/.local/lib/python3.7/site-packages/airflow/example_dags/example_short_circuit_decorator.py took 0.181 seconds
[2026-09-19T22:14:29.411+0000] {processor.py:156} INFO - Started process (PID=8175) to work on /home/airflow/.local/lib/python3.7/site-packages/airflow/example_dags/example_short_circuit_decorator.py
[2026-09-19T22:14:29.412+0000] {processor.py:799} INFO - Processing file /home/airflow/.local/lib/python3.7/site-packages/airflow/example_dags/example_short_circuit_decorator.py for tasks to queue
[2026-09-19T22:14:29.414+0000] {logging_mixin.py:149} INFO - [2026-09-19T22:14:29.413+0000] {dagbag.py:541} INFO - Filling up the DagBag from /home/airflow/.local/lib/python3.7/site-packages/airflow/example_dags/example_short_circuit_decorator.py
[2026-09-19T22:14:29.434+0000] {processor.py:809} INFO - DAG(s) dict_keys(['example_short_circuit_decorator']) retrieved from /home/airflow/.local/lib/python3.7/site-packages/airflow/example_dags/example_short_circuit_decorator.py
[2026-09-19T22:14:29.482+0000] {logging_mixin.py:149} INFO - [2026-09-19T22:14:29.482+0000] {dag.py:2726} INFO - Sync 1 DAGs
[2026-09-19T22:14:29.744+0000] {logging_mixin.py:149} INFO - [2026-09-19T22:14:29.744+0000] {dag.py:3490} INFO - Setting next_dagrun for example_short_circuit_decorator to 2026-09-18T22:14:29.743996+00:00, run_after=2026-09-19T22:14:29.743996+00:00
[2026-09-19T22:14:29.776+0000] {processor.py:178} INFO - Processing /home/airflow/.local/lib/python3.7/site-packages/airflow/example_dags/example_short_circuit_decorator.py took 0.374 seconds
[2026-09-19T22:15:00.127+0000] {processor.py:156} INFO - Started process (PID=8231) to work on /home/airflow/.local/lib/python3.7/site-packages/airflow/example_dags/example_short_circuit_decorator.py
[2026-09-19T22:15:00.129+0000] {processor.py:799} INFO - Processing file /home/airflow/.local/lib/python3.7/site-packages/airflow/example_dags/example_short_circuit_decorator.py for tasks to queue
[2026-09-19T22:15:00.131+0000] {logging_mixin.py:149} INFO - [2026-09-19T22:15:00.130+0000] {dagbag.py:541} INFO - Filling up the DagBag from /home/airflow/.local/lib/python3.7/site-packages/airflow/example_dags/example_short_circuit_decorator.py
[2026-09-19T22:15:00.151+0000] {processor.py:809} INFO - DAG(s) dict_keys(['example_short_circuit_decorator']) retrieved from /home/airflow/.local/lib/python3.7/site-packages/airflow/example_dags/example_short_circuit_decorator.py
[2026-09-19T22:15:00.203+0000] {logging_mixin.py:149} INFO - [2026-09-19T22:15:00.203+0000] {dag.py:2726} INFO - Sync 1 DAGs
[2026-09-19T22:15:00.259+0000] {logging_mixin.py:149} INFO - [2026-09-19T22:15:00.259+0000] {dag.py:3490} INFO - Setting next_dagrun for example_short_circuit_decorator to 2026-09-18T22:15:00.258644+00:00, run_after=2026-09-19T22:15:00.258644+00:00
[2026-09-19T22:15:00.302+0000] {processor.py:178} INFO - Processing /home/airflow/.local/lib/python3.7/site-packages/airflow/example_dags/example_short_circuit_decorator.py took 0.182 seconds
[2026-09-19T22:15:31.341+0000] {processor.py:156} INFO - Started process (PID=8287) to work on /home/airflow/.local/lib/python3.7/site-packages/airflow/example_dags/example_short_circuit_decorator.py
[2026-09-19T22:15:31.343+0000] {processor.py:799} INFO - Processing file /home/airflow/.local/lib/python3.7/site-packages/airflow/example_dags/example_short_circuit_decorator.py for tasks to queue
[2026-09-19T22:15:31.344+0000] {logging_mixin.py:149} INFO - [2026-09-19T22:15:31.344+0000] {dagbag.py:541} INFO - Filling up the DagBag from /home/airflow/.local/lib/python3.7/site-packages/airflow/example_dags/example_short_circuit_decorator.py
[2026-09-19T22:15:31.363+0000] {processor.py:809} INFO - DAG(s) dict_keys(['example_short_circuit_decorator']) retrieved from /home/airflow/.local/lib/python3.7/site-packages/airflow/example_dags/example_short_circuit_decorator.py
[2026-09-19T22:15:31.415+0000] {logging_mixin.py:149} INFO - [2026-09-19T22:15:31.415+0000] {dag.py:2726} INFO - Sync 1 DAGs
[2026-09-19T22:15:31.465+0000] {logging_mixin.py:149} INFO - [2026-09-19T22:15:31.464+0000] {dag.py:3490} INFO - Setting next_dagrun for example_short_circuit_decorator to 2026-09-18T22:15:31.464383+00:00, run_after=2026-09-19T22:15:31.464383+00:00
[2026-09-19T22:15:31.500+0000] {processor.py:178} INFO - Processing /home/airflow/.local/lib/python3.7/site-packages/airflow/example_dags/example_short_circuit_decorator.py took 0.165 seconds
[2026-09-19T22:16:01.545+0000] {processor.py:156} INFO - Started process (PID=8342) to work on /home/airflow/.local/lib/python3.7/site-packages/airflow/example_dags/example_short_circuit_decorator.py
[2026-09-19T22:16:01.549+0000] {processor.py:799} INFO - Processing file /home/airflow/.local/lib/python3.7/site-packages/airflow/example_dags/example_short_circuit_decorator.py for tasks to queue
[2026-09-19T22:16:01.550+0000] {logging_mixin.py:149} INFO - [2026-09-19T22:16:01.550+0000] {dagbag.py:541} INFO - Filling up the DagBag from /home/airflow/.local/lib/python3.7/site-packages/airflow/example_dags/example_short_circuit_decorator.py
[2026-09-19T22:16:01.570+0000] {processor.py:809} INFO - DAG(s) dict_keys(['example_short_circuit_decorator']) retrieved from /home/airflow/.local/lib/python3.7/site-packages/airflow/example_dags/example_short_circuit_decorator.py
[2026-09-19T22:16:01.624+0000] {logging_mixin.py:149} INFO - [2026-09-19T22:16:01.624+0000] {dag.py:2726} INFO - Sync 1 DAGs
[2026-09-19T22:16:01.680+0000] {logging_mixin.py:149} INFO - [2026-09-19T22:16:01.679+0000] {dag.py:3490} INFO - Setting next_dagrun for example_short_circuit_decorator to 2026-09-18T22:16:01.679547+00:00, run_after=2026-09-19T22:16:01.679547+00:00
[2026-09-19T22:16:01.710+0000] {processor.py:178} INFO - Processing /home/airflow/.local/lib/python3.7/site-packages/airflow/example_dags/example_short_circuit_decorator.py took 0.171 seconds
[2026-09-19T22:16:31.888+0000] {processor.py:156} INFO - Started process (PID=8398) to work on /home/airflow/.local/lib/python3.7/site-packages/airflow/example_dags/example_short_circuit_decorator.py
[2026-09-19T22:16:31.889+0000] {processor.py:799} INFO - Processing file /home/airflow/.local/lib/python3.7/site-packages/airflow/example_dags/example_short_circuit_decorator.py for tasks to queue
[2026-09-19T22:16:31.890+0000] {logging_mixin.py:149} INFO - [2026-09-19T22:16:31.890+0000] {dagbag.py:541} INFO - Filling up the DagBag from /home/airflow/.local/lib/python3.7/site-packages/airflow/example_dags/example_short_circuit_decorator.py
[2026-09-19T22:16:31.907+0000] {processor.py:809} INFO - DAG(s) dict_keys(['example_short_circuit_decorator']) retrieved from /home/airflow/.local/lib/python3.7/site-packages/airflow/example_dags/example_short_circuit_decorator.py
[2026-09-19T22:16:31.961+0000] {logging_mixin.py:149} INFO - [2026-09-19T22:16:31.961+0000] {dag.py:2726} INFO - Sync 1 DAGs
[2026-09-19T22:16:32.006+0000] {logging_mixin.py:149} INFO - [2026-09-19T22:16:32.006+0000] {dag.py:3490} INFO - Setting next_dagrun for example_short_circuit_decorator to 2026-09-18T22:16:32.005777+00:00, run_after=2026-09-19T22:16:32.005777+00:00
[2026-09-19T22:16:32.047+0000] {processor.py:178} INFO - Processing /home/airflow/.local/lib/python3.7/site-packages/airflow/example_dags/example_short_circuit_decorator.py took 0.165 seconds
[2026-09-19T22:17:02.375+0000] {processor.py:156} INFO - Started process (PID=8453) to work on /home/airflow/.local/lib/python3.7/site-packages/airflow/example_dags/example_short_circuit_decorator.py
[2026-09-19T22:17:02.377+0000] {processor.py:799} INFO - Processing file /home/airflow/.local/lib/python3.7/site-packages/airflow/example_dags/example_short_circuit_decorator.py for tasks to queue
[2026-09-19T22:17:02.378+0000] {logging_mixin.py:149} INFO - [2026-09-19T22:17:02.378+0000] {dagbag.py:541} INFO - Filling up the DagBag from /home/airflow/.local/lib/python3.7/site-packages/airflow/example_dags/example_short_circuit_decorator.py
[2026-09-19T22:17:02.397+0000] {processor.py:809} INFO - DAG(s) dict_keys(['example_short_circuit_decorator']) retrieved from /home/airflow/.local/lib/python3.7/site-packages/airflow/example_dags/example_short_circuit_decorator.py
[2026-09-19T22:17:02.470+0000] {logging_mixin.py:149} INFO - [2026-09-19T22:17:02.469+0000] {dag.py:2726} INFO - Sync 1 DAGs
[2026-09-19T22:17:02.522+0000] {logging_mixin.py:149} INFO - [2026-09-19T22:17:02.522+0000] {dag.py:3490} INFO - Setting next_dagrun for example_short_circuit_decorator to 2026-09-18T22:17:02.522101+00:00, run_after=2026-09-19T22:17:02.522101+00:00
[2026-09-19T22:17:02.556+0000] {processor.py:178} INFO - Processing /home/airflow/.local/lib/python3.7/site-packages/airflow/example_dags/example_short_circuit_decorator.py took 0.186 seconds
[2026-09-19T22:17:33.110+0000] {processor.py:156} INFO - Started process (PID=8508) to work on /home/airflow/.local/lib/python3.7/site-packages/airflow/example_dags/example_short_circuit_decorator.py
[2026-09-19T22:17:33.112+0000] {processor.py:799} INFO - Processing file /home/airflow/.local/lib/python3.7/site-packages/airflow/example_dags/example_short_circuit_decorator.py for tasks to queue
[2026-09-19T22:17:33.113+0000] {logging_mixin.py:149} INFO - [2026-09-19T22:17:33.113+0000] {dagbag.py:541} INFO - Filling up the DagBag from /home/airflow/.local/lib/python3.7/site-packages/airflow/example_dags/example_short_circuit_decorator.py
[2026-09-19T22:17:33.130+0000] {processor.py:809} INFO - DAG(s) dict_keys(['example_short_circuit_decorator']) retrieved from /home/airflow/.local/lib/python3.7/site-packages/airflow/example_dags/example_short_circuit_decorator.py
[2026-09-19T22:17:33.187+0000] {logging_mixin.py:149} INFO - [2026-09-19T22:17:33.186+0000] {dag.py:2726} INFO - Sync 1 DAGs
[2026-09-19T22:17:33.235+0000] {logging_mixin.py:149} INFO - [2026-09-19T22:17:33.235+0000] {dag.py:3490} INFO - Setting next_dagrun for example_short_circuit_decorator to 2026-09-18T22:17:33.235114+00:00, run_after=2026-09-19T22:17:33.235114+00:00
[2026-09-19T22:17:33.274+0000] {processor.py:178} INFO - Processing /home/airflow/.local/lib/python3.7/site-packages/airflow/example_dags/example_short_circuit_decorator.py took 0.169 seconds
[2026-09-19T22:18:03.927+0000] {processor.py:156} INFO - Started process (PID=8560) to work on /home/airflow/.local/lib/python3.7/site-packages/airflow/example_dags/example_short_circuit_decorator.py
[2026-09-19T22:18:03.937+0000] {processor.py:799} INFO - Processing file /home/airflow/.local/lib/python3.7/site-packages/airflow/example_dags/example_short_circuit_decorator.py for tasks to queue
[2026-09-19T22:18:03.938+0000] {logging_mixin.py:149} INFO - [2026-09-19T22:18:03.938+0000] {dagbag.py:541} INFO - Filling up the DagBag from /home/airflow/.local/lib/python3.7/site-packages/airflow/example_dags/example_short_circuit_decorator.py
[2026-09-19T22:18:03.970+0000] {processor.py:809} INFO - DAG(s) dict_keys(['example_short_circuit_decorator']) retrieved from /home/airflow/.local/lib/python3.7/site-packages/airflow/example_dags/example_short_circuit_decorator.py
[2026-09-19T22:18:04.037+0000] {logging_mixin.py:149} INFO - [2026-09-19T22:18:04.036+0000] {dag.py:2726} INFO - Sync 1 DAGs
[2026-09-19T22:18:04.095+0000] {logging_mixin.py:149} INFO - [2026-09-19T22:18:04.094+0000] {dag.py:3490} INFO - Setting next_dagrun for example_short_circuit_decorator to 2026-09-18T22:18:04.094162+00:00, run_after=2026-09-19T22:18:04.094162+00:00
[2026-09-19T22:18:04.142+0000] {processor.py:178} INFO - Processing /home/airflow/.local/lib/python3.7/site-packages/airflow/example_dags/example_short_circuit_decorator.py took 0.221 seconds
[2026-09-19T22:18:34.629+0000] {processor.py:156} INFO - Started process (PID=8616) to work on /home/airflow/.local/lib/python3.7/site-packages/airflow/example_dags/example_short_circuit_decorator.py
[2026-09-19T22:18:34.631+0000] {processor.py:799} INFO - Processing file /home/airflow/.local/lib/python3.7/site-packages/airflow/example_dags/example_short_circuit_decorator.py for tasks to queue
[2026-09-19T22:18:34.632+0000] {logging_mixin.py:149} INFO - [2026-09-19T22:18:34.631+0000] {dagbag.py:541} INFO - Filling up the DagBag from /home/airflow/.local/lib/python3.7/site-packages/airflow/example_dags/example_short_circuit_decorator.py
[2026-09-19T22:18:34.652+0000] {processor.py:809} INFO - DAG(s) dict_keys(['example_short_circuit_decorator']) retrieved from /home/airflow/.local/lib/python3.7/site-packages/airflow/example_dags/example_short_circuit_decorator.py
[2026-09-19T22:18:34.695+0000] {logging_mixin.py:149} INFO - [2026-09-19T22:18:34.695+0000] {dag.py:2726} INFO - Sync 1 DAGs
[2026-09-19T22:18:34.741+0000] {logging_mixin.py:149} INFO - [2026-09-19T22:18:34.741+0000] {dag.py:3490} INFO - Setting next_dagrun for example_short_circuit_decorator to 2026-09-18T22:18:34.740955+00:00, run_after=2026-09-19T22:18:34.740955+00:00
[2026-09-19T22:18:34.773+0000] {processor.py:178} INFO - Processing /home/airflow/.local/lib/python3.7/site-packages/airflow/example_dags/example_short_circuit_decorator.py took 0.150 seconds
[2026-09-19T22:19:05.499+0000] {processor.py:156} INFO - Started process (PID=8672) to work on /home/airflow/.local/lib/python3.7/site-packages/airflow/example_dags/example_short_circuit_decorator.py
[2026-09-19T22:19:05.501+0000] {processor.py:799} INFO - Processing file /home/airflow/.local/lib/python3.7/site-packages/airflow/example_dags/example_short_circuit_decorator.py for tasks to queue
[2026-09-19T22:19:05.502+0000] {logging_mixin.py:149} INFO - [2026-09-19T22:19:05.502+0000] {dagbag.py:541} INFO - Filling up the DagBag from /home/airflow/.local/lib/python3.7/site-packages/airflow/example_dags/example_short_circuit_decorator.py
[2026-09-19T22:19:05.521+0000] {processor.py:809} INFO - DAG(s) dict_keys(['example_short_circuit_decorator']) retrieved from /home/airflow/.local/lib/python3.7/site-packages/airflow/example_dags/example_short_circuit_decorator.py
[2026-09-19T22:19:05.570+0000] {logging_mixin.py:149} INFO - [2026-09-19T22:19:05.570+0000] {dag.py:2726} INFO - Sync 1 DAGs
[2026-09-19T22:19:05.612+0000] {logging_mixin.py:149} INFO - [2026-09-19T22:19:05.611+0000] {dag.py:3490} INFO - Setting next_dagrun for example_short_circuit_decorator to 2026-09-18T22:19:05.611540+00:00, run_after=2026-09-19T22:19:05.611540+00:00
[2026-09-19T22:19:05.647+0000] {processor.py:178} INFO - Processing /home/airflow/.local/lib/python3.7/site-packages/airflow/example_dags/example_short_circuit_decorator.py took 0.154 seconds
[2026-09-19T22:19:36.061+0000] {processor.py:156} INFO - Started process (PID=8729) to work on /home/airflow/.local/lib/python3.7/site-packages/airflow/example_dags/example_short_circuit_decorator.py
[2026-09-19T22:19:36.062+0000] {processor.py:799} INFO - Processing file /home/airflow/.local/lib/python3.7/site-packages/airflow/example_dags/example_short_circuit_decorator.py for tasks to queue
[2026-09-19T22:19:36.063+0000] {logging_mixin.py:149} INFO - [2026-09-19T22:19:36.063+0000] {dagbag.py:541} INFO - Filling up the DagBag from /home/airflow/.local/lib/python3.7/site-packages/airflow/example_dags/example_short_circuit_decorator.py
[2026-09-19T22:19:36.082+0000] {processor.py:809} INFO - DAG(s) dict_keys(['example_short_circuit_decorator']) retrieved from /home/airflow/.local/lib/python3.7/site-packages/airflow/example_dags/example_short_circuit_decorator.py
[2026-09-19T22:19:36.141+0000] {logging_mixin.py:149} INFO - [2026-09-19T22:19:36.140+0000] {dag.py:2726} INFO - Sync 1 DAGs
[2026-09-19T22:19:36.198+0000] {logging_mixin.py:149} INFO - [2026-09-19T22:19:36.197+0000] {dag.py:3490} INFO - Setting next_dagrun for example_short_circuit_decorator to 2026-09-18T22:19:36.197574+00:00, run_after=2026-09-19T22:19:36.197574+00:00
[2026-09-19T22:19:36.239+0000] {processor.py:178} INFO - Processing /home/airflow/.local/lib/python3.7/site-packages/airflow/example_dags/example_short_circuit_decorator.py took 0.186 seconds
[2026-09-19T22:20:06.446+0000] {processor.py:156} INFO - Started process (PID=8785) to work on /home/airflow/.local/lib/python3.7/site-packages/airflow/example_dags/example_short_circuit_decorator.py
[2026-09-19T22:20:06.455+0000] {processor.py:799} INFO - Processing file /home/airflow/.local/lib/python3.7/site-packages/airflow/example_dags/example_short_circuit_decorator.py for tasks to queue
[2026-09-19T22:20:06.456+0000] {logging_mixin.py:149} INFO - [2026-09-19T22:20:06.456+0000] {dagbag.py:541} INFO - Filling up the DagBag from /home/airflow/.local/lib/python3.7/site-packages/airflow/example_dags/example_short_circuit_decorator.py
[2026-09-19T22:20:06.477+0000] {processor.py:809} INFO - DAG(s) dict_keys(['example_short_circuit_decorator']) retrieved from /home/airflow/.local/lib/python3.7/site-packages/airflow/example_dags/example_short_circuit_decorator.py
[2026-09-19T22:20:06.526+0000] {logging_mixin.py:149} INFO - [2026-09-19T22:20:06.526+0000] {dag.py:2726} INFO - Sync 1 DAGs
[2026-09-19T22:20:06.571+0000] {logging_mixin.py:149} INFO - [2026-09-19T22:20:06.571+0000] {dag.py:3490} INFO - Setting next_dagrun for example_short_circuit_decorator to 2026-09-18T22:20:06.570791+00:00, run_after=2026-09-19T22:20:06.570791+00:00
[2026-09-19T22:20:06.628+0000] {processor.py:178} INFO - Processing /home/airflow/.local/lib/python3.7/site-packages/airflow/example_dags/example_short_circuit_decorator.py took 0.188 seconds
[2026-09-19T22:20:36.827+0000] {processor.py:156} INFO - Started process (PID=8841) to work on /home/airflow/.local/lib/python3.7/site-packages/airflow/example_dags/example_short_circuit_decorator.py
[2026-09-19T22:20:36.829+0000] {processor.py:799} INFO - Processing file /home/airflow/.local/lib/python3.7/site-packages/airflow/example_dags/example_short_circuit_decorator.py for tasks to queue
[2026-09-19T22:20:36.830+0000] {logging_mixin.py:149} INFO - [2026-09-19T22:20:36.830+0000] {dagbag.py:541} INFO - Filling up the DagBag from /home/airflow/.local/lib/python3.7/site-packages/airflow/example_dags/example_short_circuit_decorator.py
[2026-09-19T22:20:36.853+0000] {processor.py:809} INFO - DAG(s) dict_keys(['example_short_circuit_decorator']) retrieved from /home/airflow/.local/lib/python3.7/site-packages/airflow/example_dags/example_short_circuit_decorator.py
[2026-09-19T22:20:36.904+0000] {logging_mixin.py:149} INFO - [2026-09-19T22:20:36.904+0000] {dag.py:2726} INFO - Sync 1 DAGs
[2026-09-19T22:20:36.952+0000] {logging_mixin.py:149} INFO - [2026-09-19T22:20:36.951+0000] {dag.py:3490} INFO - Setting next_dagrun for example_short_circuit_decorator to 2026-09-18T22:20:36.951414+00:00, run_after=2026-09-19T22:20:36.951414+00:00
[2026-09-19T22:20:36.987+0000] {processor.py:178} INFO - Processing /home/airflow/.local/lib/python3.7/site-packages/airflow/example_dags/example_short_circuit_decorator.py took 0.169 seconds
[2026-09-19T22:21:07.291+0000] {processor.py:156} INFO - Started process (PID=8897) to work on /home/airflow/.local/lib/python3.7/site-packages/airflow/example_dags/example_short_circuit_decorator.py
[2026-09-19T22:21:07.294+0000] {processor.py:799} INFO - Processing file /home/airflow/.local/lib/python3.7/site-packages/airflow/example_dags/example_short_circuit_decorator.py for tasks to queue
[2026-09-19T22:21:07.295+0000] {logging_mixin.py:149} INFO - [2026-09-19T22:21:07.295+0000] {dagbag.py:541} INFO - Filling up the DagBag from /home/airflow/.local/lib/python3.7/site-packages/airflow/example_dags/example_short_circuit_decorator.py
[2026-09-19T22:21:07.313+0000] {processor.py:809} INFO - DAG(s) dict_keys(['example_short_circuit_decorator']) retrieved from /home/airflow/.local/lib/python3.7/site-packages/airflow/example_dags/example_short_circuit_decorator.py
[2026-09-19T22:21:07.362+0000] {logging_mixin.py:149} INFO - [2026-09-19T22:21:07.362+0000] {dag.py:2726} INFO - Sync 1 DAGs
[2026-09-19T22:21:07.412+0000] {logging_mixin.py:149} INFO - [2026-09-19T22:21:07.411+0000] {dag.py:3490} INFO - Setting next_dagrun for example_short_circuit_decorator to 2026-09-18T22:21:07.411154+00:00, run_after=2026-09-19T22:21:07.411154+00:00
[2026-09-19T22:21:07.447+0000] {processor.py:178} INFO - Processing /home/airflow/.local/lib/python3.7/site-packages/airflow/example_dags/example_short_circuit_decorator.py took 0.162 seconds
[2026-09-19T22:21:38.226+0000] {processor.py:156} INFO - Started process (PID=8953) to work on /home/airflow/.local/lib/python3.7/site-packages/airflow/example_dags/example_short_circuit_decorator.py
[2026-09-19T22:21:38.228+0000] {processor.py:799} INFO - Processing file /home/airflow/.local/lib/python3.7/site-packages/airflow/example_dags/example_short_circuit_decorator.py for tasks to queue
[2026-09-19T22:21:38.229+0000] {logging_mixin.py:149} INFO - [2026-09-19T22:21:38.229+0000] {dagbag.py:541} INFO - Filling up the DagBag from /home/airflow/.local/lib/python3.7/site-packages/airflow/example_dags/example_short_circuit_decorator.py
[2026-09-19T22:21:38.247+0000] {processor.py:809} INFO - DAG(s) dict_keys(['example_short_circuit_decorator']) retrieved from /home/airflow/.local/lib/python3.7/site-packages/airflow/example_dags/example_short_circuit_decorator.py
[2026-09-19T22:21:38.295+0000] {logging_mixin.py:149} INFO - [2026-09-19T22:21:38.294+0000] {dag.py:2726} INFO - Sync 1 DAGs
[2026-09-19T22:21:38.338+0000] {logging_mixin.py:149} INFO - [2026-09-19T22:21:38.338+0000] {dag.py:3490} INFO - Setting next_dagrun for example_short_circuit_decorator to 2026-09-18T22:21:38.338102+00:00, run_after=2026-09-19T22:21:38.338102+00:00
[2026-09-19T22:21:38.376+0000] {processor.py:178} INFO - Processing /home/airflow/.local/lib/python3.7/site-packages/airflow/example_dags/example_short_circuit_decorator.py took 0.157 seconds
[2026-09-19T22:22:08.468+0000] {processor.py:156} INFO - Started process (PID=9009) to work on /home/airflow/.local/lib/python3.7/site-packages/airflow/example_dags/example_short_circuit_decorator.py
[2026-09-19T22:22:08.469+0000] {processor.py:799} INFO - Processing file /home/airflow/.local/lib/python3.7/site-packages/airflow/example_dags/example_short_circuit_decorator.py for tasks to queue
[2026-09-19T22:22:08.470+0000] {logging_mixin.py:149} INFO - [2026-09-19T22:22:08.470+0000] {dagbag.py:541} INFO - Filling up the DagBag from /home/airflow/.local/lib/python3.7/site-packages/airflow/example_dags/example_short_circuit_decorator.py
[2026-09-19T22:22:08.489+0000] {processor.py:809} INFO - DAG(s) dict_keys(['example_short_circuit_decorator']) retrieved from /home/airflow/.local/lib/python3.7/site-packages/airflow/example_dags/example_short_circuit_decorator.py
[2026-09-19T22:22:08.539+0000] {logging_mixin.py:149} INFO - [2026-09-19T22:22:08.539+0000] {dag.py:2726} INFO - Sync 1 DAGs
[2026-09-19T22:22:08.582+0000] {logging_mixin.py:149} INFO - [2026-09-19T22:22:08.582+0000] {dag.py:3490} INFO - Setting next_dagrun for example_short_circuit_decorator to 2026-09-18T22:22:08.582012+00:00, run_after=2026-09-19T22:22:08.582012+00:00
[2026-09-19T22:22:08.615+0000] {processor.py:178} INFO - Processing /home/airflow/.local/lib/python3.7/site-packages/airflow/example_dags/example_short_circuit_decorator.py took 0.153 seconds
[2026-09-19T22:22:39.357+0000] {processor.py:156} INFO - Started process (PID=9065) to work on /home/airflow/.local/lib/python3.7/site-packages/airflow/example_dags/example_short_circuit_decorator.py
[2026-09-19T22:22:39.377+0000] {processor.py:799} INFO - Processing file /home/airflow/.local/lib/python3.7/site-packages/airflow/example_dags/example_short_circuit_decorator.py for tasks to queue
[2026-09-19T22:22:39.378+0000] {logging_mixin.py:149} INFO - [2026-09-19T22:22:39.377+0000] {dagbag.py:541} INFO - Filling up the DagBag from /home/airflow/.local/lib/python3.7/site-packages/airflow/example_dags/example_short_circuit_decorator.py
[2026-09-19T22:22:39.395+0000] {processor.py:809} INFO - DAG(s) dict_keys(['example_short_circuit_decorator']) retrieved from /home/airflow/.local/lib/python3.7/site-packages/airflow/example_dags/example_short_circuit_decorator.py
[2026-09-19T22:22:39.443+0000] {logging_mixin.py:149} INFO - [2026-09-19T22:22:39.443+0000] {dag.py:2726} INFO - Sync 1 DAGs
[2026-09-19T22:22:39.486+0000] {logging_mixin.py:149} INFO - [2026-09-19T22:22:39.485+0000] {dag.py:3490} INFO - Setting next_dagrun for example_short_circuit_decorator to 2026-09-18T22:22:39.485441+00:00, run_after=2026-09-19T22:22:39.485441+00:00
[2026-09-19T22:22:39.522+0000] {processor.py:178} INFO - Processing /home/airflow/.local/lib/python3.7/site-packages/airflow/example_dags/example_short_circuit_decorator.py took 0.174 seconds
[2026-09-19T22:23:10.428+0000] {processor.py:156} INFO - Started process (PID=9120) to work on /home/airflow/.local/lib/python3.7/site-packages/airflow/example_dags/example_short_circuit_decorator.py
[2026-09-19T22:23:10.430+0000] {processor.py:799} INFO - Processing file /home/airflow/.local/lib/python3.7/site-packages/airflow/example_dags/example_short_circuit_decorator.py for tasks to queue
[2026-09-19T22:23:10.432+0000] {logging_mixin.py:149} INFO - [2026-09-19T22:23:10.432+0000] {dagbag.py:541} INFO - Filling up the DagBag from /home/airflow/.local/lib/python3.7/site-packages/airflow/example_dags/example_short_circuit_decorator.py
[2026-09-19T22:23:10.451+0000] {processor.py:809} INFO - DAG(s) dict_keys(['example_short_circuit_decorator']) retrieved from /home/airflow/.local/lib/python3.7/site-packages/airflow/example_dags/example_short_circuit_decorator.py
[2026-09-19T22:23:10.504+0000] {logging_mixin.py:149} INFO - [2026-09-19T22:23:10.504+0000] {dag.py:2726} INFO - Sync 1 DAGs
[2026-09-19T22:23:10.554+0000] {logging_mixin.py:149} INFO - [2026-09-19T22:23:10.554+0000] {dag.py:3490} INFO - Setting next_dagrun for example_short_circuit_decorator to 2026-09-18T22:23:10.554126+00:00, run_after=2026-09-19T22:23:10.554126+00:00
[2026-09-19T22:23:10.592+0000] {processor.py:178} INFO - Processing /home/airflow/.local/lib/python3.7/site-packages/airflow/example_dags/example_short_circuit_decorator.py took 0.169 seconds
[2026-09-19T22:23:41.524+0000] {processor.py:156} INFO - Started process (PID=9176) to work on /home/airflow/.local/lib/python3.7/site-packages/airflow/example_dags/example_short_circuit_decorator.py
[2026-09-19T22:23:41.526+0000] {processor.py:799} INFO - Processing file /home/airflow/.local/lib/python3.7/site-packages/airflow/example_dags/example_short_circuit_decorator.py for tasks to queue
[2026-09-19T22:23:41.527+0000] {logging_mixin.py:149} INFO - [2026-09-19T22:23:41.527+0000] {dagbag.py:541} INFO - Filling up the DagBag from /home/airflow/.local/lib/python3.7/site-packages/airflow/example_dags/example_short_circuit_decorator.py
[2026-09-19T22:23:41.545+0000] {processor.py:809} INFO - DAG(s) dict_keys(['example_short_circuit_decorator']) retrieved from /home/airflow/.local/lib/python3.7/site-packages/airflow/example_dags/example_short_circuit_decorator.py
[2026-09-19T22:23:41.600+0000] {logging_mixin.py:149} INFO - [2026-09-19T22:23:41.600+0000] {dag.py:2726} INFO - Sync 1 DAGs
[2026-09-19T22:23:41.653+0000] {logging_mixin.py:149} INFO - [2026-09-19T22:23:41.653+0000] {dag.py:3490} INFO - Setting next_dagrun for example_short_circuit_decorator to 2026-09-18T22:23:41.653079+00:00, run_after=2026-09-19T22:23:41.653079+00:00
[2026-09-19T22:23:41.692+0000] {processor.py:178} INFO - Processing /home/airflow/.local/lib/python3.7/site-packages/airflow/example_dags/example_short_circuit_decorator.py took 0.174 seconds
[2026-09-19T22:24:11.927+0000] {processor.py:156} INFO - Started process (PID=9232) to work on /home/airflow/.local/lib/python3.7/site-packages/airflow/example_dags/example_short_circuit_decorator.py
[2026-09-19T22:24:11.928+0000] {processor.py:799} INFO - Processing file /home/airflow/.local/lib/python3.7/site-packages/airflow/example_dags/example_short_circuit_decorator.py for tasks to queue
[2026-09-19T22:24:11.929+0000] {logging_mixin.py:149} INFO - [2026-09-19T22:24:11.929+0000] {dagbag.py:541} INFO - Filling up the DagBag from /home/airflow/.local/lib/python3.7/site-packages/airflow/example_dags/example_short_circuit_decorator.py
[2026-09-19T22:24:11.945+0000] {processor.py:809} INFO - DAG(s) dict_keys(['example_short_circuit_decorator']) retrieved from /home/airflow/.local/lib/python3.7/site-packages/airflow/example_dags/example_short_circuit_decorator.py
[2026-09-19T22:24:11.992+0000] {logging_mixin.py:149} INFO - [2026-09-19T22:24:11.991+0000] {dag.py:2726} INFO - Sync 1 DAGs
[2026-09-19T22:24:12.037+0000] {logging_mixin.py:149} INFO - [2026-09-19T22:24:12.036+0000] {dag.py:3490} INFO - Setting next_dagrun for example_short_circuit_decorator to 2026-09-18T22:24:12.036592+00:00, run_after=2026-09-19T22:24:12.036592+00:00
[2026-09-19T22:24:12.072+0000] {processor.py:178} INFO - Processing /home/airflow/.local/lib/python3.7/site-packages/airflow/example_dags/example_short_circuit_decorator.py took 0.149 seconds
[2026-09-19T22:24:42.419+0000] {processor.py:156} INFO - Started process (PID=9288) to work on /home/airflow/.local/lib/python3.7/site-packages/airflow/example_dags/example_short_circuit_decorator.py
[2026-09-19T22:24:42.422+0000] {processor.py:799} INFO - Processing file /home/airflow/.local/lib/python3.7/site-packages/airflow/example_dags/example_short_circuit_decorator.py for tasks to queue
[2026-09-19T22:24:42.423+0000] {logging_mixin.py:149} INFO - [2026-09-19T22:24:42.423+0000] {dagbag.py:541} INFO - Filling up the DagBag from /home/airflow/.local/lib/python3.7/site-packages/airflow/example_dags/example_short_circuit_decorator.py
[2026-09-19T22:24:42.440+0000] {processor.py:809} INFO - DAG(s) dict_keys(['example_short_circuit_decorator']) retrieved from /home/airflow/.local/lib/python3.7/site-packages/airflow/example_dags/example_short_circuit_decorator.py
[2026-09-19T22:24:42.491+0000] {logging_mixin.py:149} INFO - [2026-09-19T22:24:42.491+0000] {dag.py:2726} INFO - Sync 1 DAGs
[2026-09-19T22:24:42.543+0000] {logging_mixin.py:149} INFO - [2026-09-19T22:24:42.543+0000] {dag.py:3490} INFO - Setting next_dagrun for example_short_circuit_decorator to 2026-09-18T22:24:42.543022+00:00, run_after=2026-09-19T22:24:42.543022+00:00
[2026-09-19T22:24:42.584+0000] {processor.py:178} INFO - Processing /home/airflow/.local/lib/python3.7/site-packages/airflow/example_dags/example_short_circuit_decorator.py took 0.170 seconds
[2026-09-19T22:25:13.277+0000] {processor.py:156} INFO - Started process (PID=9344) to work on /home/airflow/.local/lib/python3.7/site-packages/airflow/example_dags/example_short_circuit_decorator.py
[2026-09-19T22:25:13.279+0000] {processor.py:799} INFO - Processing file /home/airflow/.local/lib/python3.7/site-packages/airflow/example_dags/example_short_circuit_decorator.py for tasks to queue
[2026-09-19T22:25:13.280+0000] {logging_mixin.py:149} INFO - [2026-09-19T22:25:13.280+0000] {dagbag.py:541} INFO - Filling up the DagBag from /home/airflow/.local/lib/python3.7/site-packages/airflow/example_dags/example_short_circuit_decorator.py
[2026-09-19T22:25:13.299+0000] {processor.py:809} INFO - DAG(s) dict_keys(['example_short_circuit_decorator']) retrieved from /home/airflow/.local/lib/python3.7/site-packages/airflow/example_dags/example_short_circuit_decorator.py
[2026-09-19T22:25:13.371+0000] {logging_mixin.py:149} INFO - [2026-09-19T22:25:13.371+0000] {dag.py:2726} INFO - Sync 1 DAGs
[2026-09-19T22:25:13.421+0000] {logging_mixin.py:149} INFO - [2026-09-19T22:25:13.420+0000] {dag.py:3490} INFO - Setting next_dagrun for example_short_circuit_decorator to 2026-09-18T22:25:13.420398+00:00, run_after=2026-09-19T22:25:13.420398+00:00
[2026-09-19T22:25:13.460+0000] {processor.py:178} INFO - Processing /home/airflow/.local/lib/python3.7/site-packages/airflow/example_dags/example_short_circuit_decorator.py took 0.190 seconds
[2026-09-19T22:25:43.631+0000] {processor.py:156} INFO - Started process (PID=9400) to work on /home/airflow/.local/lib/python3.7/site-packages/airflow/example_dags/example_short_circuit_decorator.py
[2026-09-19T22:25:43.633+0000] {processor.py:799} INFO - Processing file /home/airflow/.local/lib/python3.7/site-packages/airflow/example_dags/example_short_circuit_decorator.py for tasks to queue
[2026-09-19T22:25:43.634+0000] {logging_mixin.py:149} INFO - [2026-09-19T22:25:43.634+0000] {dagbag.py:541} INFO - Filling up the DagBag from /home/airflow/.local/lib/python3.7/site-packages/airflow/example_dags/example_short_circuit_decorator.py
[2026-09-19T22:25:43.649+0000] {processor.py:809} INFO - DAG(s) dict_keys(['example_short_circuit_decorator']) retrieved from /home/airflow/.local/lib/python3.7/site-packages/airflow/example_dags/example_short_circuit_decorator.py
[2026-09-19T22:25:43.713+0000] {logging_mixin.py:149} INFO - [2026-09-19T22:25:43.713+0000] {dag.py:2726} INFO - Sync 1 DAGs
[2026-09-19T22:25:43.760+0000] {logging_mixin.py:149} INFO - [2026-09-19T22:25:43.760+0000] {dag.py:3490} INFO - Setting next_dagrun for example_short_circuit_decorator to 2026-09-18T22:25:43.759783+00:00, run_after=2026-09-19T22:25:43.759783+00:00
[2026-09-19T22:25:43.790+0000] {processor.py:178} INFO - Processing /home/airflow/.local/lib/python3.7/site-packages/airflow/example_dags/example_short_circuit_decorator.py took 0.165 seconds
[2026-09-19T22:26:13.852+0000] {processor.py:156} INFO - Started process (PID=9455) to work on /home/airflow/.local/lib/python3.7/site-packages/airflow/example_dags/example_short_circuit_decorator.py
[2026-09-19T22:26:13.854+0000] {processor.py:799} INFO - Processing file /home/airflow/.local/lib/python3.7/site-packages/airflow/example_dags/example_short_circuit_decorator.py for tasks to queue
[2026-09-19T22:26:13.855+0000] {logging_mixin.py:149} INFO - [2026-09-19T22:26:13.854+0000] {dagbag.py:541} INFO - Filling up the DagBag from /home/airflow/.local/lib/python3.7/site-packages/airflow/example_dags/example_short_circuit_decorator.py
[2026-09-19T22:26:13.874+0000] {processor.py:809} INFO - DAG(s) dict_keys(['example_short_circuit_decorator']) retrieved from /home/airflow/.local/lib/python3.7/site-packages/airflow/example_dags/example_short_circuit_decorator.py
[2026-09-19T22:26:13.926+0000] {logging_mixin.py:149} INFO - [2026-09-19T22:26:13.926+0000] {dag.py:2726} INFO - Sync 1 DAGs
[2026-09-19T22:26:13.976+0000] {logging_mixin.py:149} INFO - [2026-09-19T22:26:13.975+0000] {dag.py:3490} INFO - Setting next_dagrun for example_short_circuit_decorator to 2026-09-18T22:26:13.975567+00:00, run_after=2026-09-19T22:26:13.975567+00:00
[2026-09-19T22:26:14.014+0000] {processor.py:178} INFO - Processing /home/airflow/.local/lib/python3.7/site-packages/airflow/example_dags/example_short_circuit_decorator.py took 0.168 seconds
[2026-09-19T22:26:44.314+0000] {processor.py:156} INFO - Started process (PID=9511) to work on /home/airflow/.local/lib/python3.7/site-packages/airflow/example_dags/example_short_circuit_decorator.py
[2026-09-19T22:26:44.322+0000] {processor.py:799} INFO - Processing file /home/airflow/.local/lib/python3.7/site-packages/airflow/example_dags/example_short_circuit_decorator.py for tasks to queue
[2026-09-19T22:26:44.324+0000] {logging_mixin.py:149} INFO - [2026-09-19T22:26:44.324+0000] {dagbag.py:541} INFO - Filling up the DagBag from /home/airflow/.local/lib/python3.7/site-packages/airflow/example_dags/example_short_circuit_decorator.py
[2026-09-19T22:26:44.344+0000] {processor.py:809} INFO - DAG(s) dict_keys(['example_short_circuit_decorator']) retrieved from /home/airflow/.local/lib/python3.7/site-packages/airflow/example_dags/example_short_circuit_decorator.py
[2026-09-19T22:26:44.397+0000] {logging_mixin.py:149} INFO - [2026-09-19T22:26:44.396+0000] {dag.py:2726} INFO - Sync 1 DAGs
[2026-09-19T22:26:44.462+0000] {logging_mixin.py:149} INFO - [2026-09-19T22:26:44.461+0000] {dag.py:3490} INFO - Setting next_dagrun for example_short_circuit_decorator to 2026-09-18T22:26:44.461476+00:00, run_after=2026-09-19T22:26:44.461476+00:00
[2026-09-19T22:26:44.500+0000] {processor.py:178} INFO - Processing /home/airflow/.local/lib/python3.7/site-packages/airflow/example_dags/example_short_circuit_decorator.py took 0.196 seconds
[2026-09-19T22:27:14.675+0000] {processor.py:156} INFO - Started process (PID=9567) to work on /home/airflow/.local/lib/python3.7/site-packages/airflow/example_dags/example_short_circuit_decorator.py
[2026-09-19T22:27:14.676+0000] {processor.py:799} INFO - Processing file /home/airflow/.local/lib/python3.7/site-packages/airflow/example_dags/example_short_circuit_decorator.py for tasks to queue
[2026-09-19T22:27:14.677+0000] {logging_mixin.py:149} INFO - [2026-09-19T22:27:14.677+0000] {dagbag.py:541} INFO - Filling up the DagBag from /home/airflow/.local/lib/python3.7/site-packages/airflow/example_dags/example_short_circuit_decorator.py
[2026-09-19T22:27:14.696+0000] {processor.py:809} INFO - DAG(s) dict_keys(['example_short_circuit_decorator']) retrieved from /home/airflow/.local/lib/python3.7/site-packages/airflow/example_dags/example_short_circuit_decorator.py
[2026-09-19T22:27:14.753+0000] {logging_mixin.py:149} INFO - [2026-09-19T22:27:14.752+0000] {dag.py:2726} INFO - Sync 1 DAGs
[2026-09-19T22:27:14.803+0000] {logging_mixin.py:149} INFO - [2026-09-19T22:27:14.803+0000] {dag.py:3490} INFO - Setting next_dagrun for example_short_circuit_decorator to 2026-09-18T22:27:14.802784+00:00, run_after=2026-09-19T22:27:14.802784+00:00
[2026-09-19T22:27:14.842+0000] {processor.py:178} INFO - Processing /home/airflow/.local/lib/python3.7/site-packages/airflow/example_dags/example_short_circuit_decorator.py took 0.173 seconds
[2026-09-19T22:27:45.397+0000] {processor.py:156} INFO - Started process (PID=9623) to work on /home/airflow/.local/lib/python3.7/site-packages/airflow/example_dags/example_short_circuit_decorator.py
[2026-09-19T22:27:45.400+0000] {processor.py:799} INFO - Processing file /home/airflow/.local/lib/python3.7/site-packages/airflow/example_dags/example_short_circuit_decorator.py for tasks to queue
[2026-09-19T22:27:45.402+0000] {logging_mixin.py:149} INFO - [2026-09-19T22:27:45.401+0000] {dagbag.py:541} INFO - Filling up the DagBag from /home/airflow/.local/lib/python3.7/site-packages/airflow/example_dags/example_short_circuit_decorator.py
[2026-09-19T22:27:45.417+0000] {processor.py:809} INFO - DAG(s) dict_keys(['example_short_circuit_decorator']) retrieved from /home/airflow/.local/lib/python3.7/site-packages/airflow/example_dags/example_short_circuit_decorator.py
[2026-09-19T22:27:45.487+0000] {logging_mixin.py:149} INFO - [2026-09-19T22:27:45.486+0000] {dag.py:2726} INFO - Sync 1 DAGs
[2026-09-19T22:27:45.537+0000] {logging_mixin.py:149} INFO - [2026-09-19T22:27:45.537+0000] {dag.py:3490} INFO - Setting next_dagrun for example_short_circuit_decorator to 2026-09-18T22:27:45.536682+00:00, run_after=2026-09-19T22:27:45.536682+00:00
[2026-09-19T22:27:45.572+0000] {processor.py:178} INFO - Processing /home/airflow/.local/lib/python3.7/site-packages/airflow/example_dags/example_short_circuit_decorator.py took 0.181 seconds
[2026-09-19T22:28:15.716+0000] {processor.py:156} INFO - Started process (PID=9680) to work on /home/airflow/.local/lib/python3.7/site-packages/airflow/example_dags/example_short_circuit_decorator.py
[2026-09-19T22:28:15.717+0000] {processor.py:799} INFO - Processing file /home/airflow/.local/lib/python3.7/site-packages/airflow/example_dags/example_short_circuit_decorator.py for tasks to queue
[2026-09-19T22:28:15.719+0000] {logging_mixin.py:149} INFO - [2026-09-19T22:28:15.718+0000] {dagbag.py:541} INFO - Filling up the DagBag from /home/airflow/.local/lib/python3.7/site-packages/airflow/example_dags/example_short_circuit_decorator.py
[2026-09-19T22:28:15.739+0000] {processor.py:809} INFO - DAG(s) dict_keys(['example_short_circuit_decorator']) retrieved from /home/airflow/.local/lib/python3.7/site-packages/airflow/example_dags/example_short_circuit_decorator.py
[2026-09-19T22:28:15.798+0000] {logging_mixin.py:149} INFO - [2026-09-19T22:28:15.798+0000] {dag.py:2726} INFO - Sync 1 DAGs
[2026-09-19T22:28:15.848+0000] {logging_mixin.py:149} INFO - [2026-09-19T22:28:15.848+0000] {dag.py:3490} INFO - Setting next_dagrun for example_short_circuit_decorator to 2026-09-18T22:28:15.848130+00:00, run_after=2026-09-19T22:28:15.848130+00:00
[2026-09-19T22:28:15.882+0000] {processor.py:178} INFO - Processing /home/airflow/.local/lib/python3.7/site-packages/airflow/example_dags/example_short_circuit_decorator.py took 0.174 seconds
[2026-09-19T22:28:46.411+0000] {processor.py:156} INFO - Started process (PID=9737) to work on /home/airflow/.local/lib/python3.7/site-packages/airflow/example_dags/example_short_circuit_decorator.py
[2026-09-19T22:28:46.414+0000] {processor.py:799} INFO - Processing file /home/airflow/.local/lib/python3.7/site-packages/airflow/example_dags/example_short_circuit_decorator.py for tasks to queue
[2026-09-19T22:28:46.416+0000] {logging_mixin.py:149} INFO - [2026-09-19T22:28:46.416+0000] {dagbag.py:541} INFO - Filling up the DagBag from /home/airflow/.local/lib/python3.7/site-packages/airflow/example_dags/example_short_circuit_decorator.py
[2026-09-19T22:28:46.439+0000] {processor.py:809} INFO - DAG(s) dict_keys(['example_short_circuit_decorator']) retrieved from /home/airflow/.local/lib/python3.7/site-packages/airflow/example_dags/example_short_circuit_decorator.py
[2026-09-19T22:28:46.489+0000] {logging_mixin.py:149} INFO - [2026-09-19T22:28:46.489+0000] {dag.py:2726} INFO - Sync 1 DAGs
[2026-09-19T22:28:46.539+0000] {logging_mixin.py:149} INFO - [2026-09-19T22:28:46.539+0000] {dag.py:3490} INFO - Setting next_dagrun for example_short_circuit_decorator to 2026-09-18T22:28:46.538691+00:00, run_after=2026-09-19T22:28:46.538691+00:00
[2026-09-19T22:28:46.582+0000] {processor.py:178} INFO - Processing /home/airflow/.local/lib/python3.7/site-packages/airflow/example_dags/example_short_circuit_decorator.py took 0.178 seconds
[2026-09-19T22:29:16.723+0000] {processor.py:156} INFO - Started process (PID=9793) to work on /home/airflow/.local/lib/python3.7/site-packages/airflow/example_dags/example_short_circuit_decorator.py
[2026-09-19T22:29:16.725+0000] {processor.py:799} INFO - Processing file /home/airflow/.local/lib/python3.7/site-packages/airflow/example_dags/example_short_circuit_decorator.py for tasks to queue
[2026-09-19T22:29:16.726+0000] {logging_mixin.py:149} INFO - [2026-09-19T22:29:16.726+0000] {dagbag.py:541} INFO - Filling up the DagBag from /home/airflow/.local/lib/python3.7/site-packages/airflow/example_dags/example_short_circuit_decorator.py
[2026-09-19T22:29:16.743+0000] {processor.py:809} INFO - DAG(s) dict_keys(['example_short_circuit_decorator']) retrieved from /home/airflow/.local/lib/python3.7/site-packages/airflow/example_dags/example_short_circuit_decorator.py
[2026-09-19T22:29:16.789+0000] {logging_mixin.py:149} INFO - [2026-09-19T22:29:16.789+0000] {dag.py:2726} INFO - Sync 1 DAGs
[2026-09-19T22:29:16.830+0000] {logging_mixin.py:149} INFO - [2026-09-19T22:29:16.830+0000] {dag.py:3490} INFO - Setting next_dagrun for example_short_circuit_decorator to 2026-09-18T22:29:16.830161+00:00, run_after=2026-09-19T22:29:16.830161+00:00
[2026-09-19T22:29:16.866+0000] {processor.py:178} INFO - Processing /home/airflow/.local/lib/python3.7/site-packages/airflow/example_dags/example_short_circuit_decorator.py took 0.148 seconds
[2026-09-19T22:29:46.956+0000] {processor.py:156} INFO - Started process (PID=9849) to work on /home/airflow/.local/lib/python3.7/site-packages/airflow/example_dags/example_short_circuit_decorator.py
[2026-09-19T22:29:46.959+0000] {processor.py:799} INFO - Processing file /home/airflow/.local/lib/python3.7/site-packages/airflow/example_dags/example_short_circuit_decorator.py for tasks to queue
[2026-09-19T22:29:46.961+0000] {logging_mixin.py:149} INFO - [2026-09-19T22:29:46.960+0000] {dagbag.py:541} INFO - Filling up the DagBag from /home/airflow/.local/lib/python3.7/site-packages/airflow/example_dags/example_short_circuit_decorator.py
[2026-09-19T22:29:46.978+0000] {processor.py:809} INFO - DAG(s) dict_keys(['example_short_circuit_decorator']) retrieved from /home/airflow/.local/lib/python3.7/site-packages/airflow/example_dags/example_short_circuit_decorator.py
[2026-09-19T22:29:47.032+0000] {logging_mixin.py:149} INFO - [2026-09-19T22:29:47.032+0000] {dag.py:2726} INFO - Sync 1 DAGs
[2026-09-19T22:29:47.080+0000] {logging_mixin.py:149} INFO - [2026-09-19T22:29:47.080+0000] {dag.py:3490} INFO - Setting next_dagrun for example_short_circuit_decorator to 2026-09-18T22:29:47.079811+00:00, run_after=2026-09-19T22:29:47.079811+00:00
[2026-09-19T22:29:47.111+0000] {processor.py:178} INFO - Processing /home/airflow/.local/lib/python3.7/site-packages/airflow/example_dags/example_short_circuit_decorator.py took 0.161 seconds
[2026-09-19T22:30:17.891+0000] {processor.py:156} INFO - Started process (PID=9905) to work on /home/airflow/.local/lib/python3.7/site-packages/airflow/example_dags/example_short_circuit_decorator.py
[2026-09-19T22:30:17.893+0000] {processor.py:799} INFO - Processing file /home/airflow/.local/lib/python3.7/site-packages/airflow/example_dags/example_short_circuit_decorator.py for tasks to queue
[2026-09-19T22:30:17.895+0000] {logging_mixin.py:149} INFO - [2026-09-19T22:30:17.895+0000] {dagbag.py:541} INFO - Filling up the DagBag from /home/airflow/.local/lib/python3.7/site-packages/airflow/example_dags/example_short_circuit_decorator.py
[2026-09-19T22:30:17.921+0000] {processor.py:809} INFO - DAG(s) dict_keys(['example_short_circuit_decorator']) retrieved from /home/airflow/.local/lib/python3.7/site-packages/airflow/example_dags/example_short_circuit_decorator.py
[2026-09-19T22:30:17.977+0000] {logging_mixin.py:149} INFO - [2026-09-19T22:30:17.977+0000] {dag.py:2726} INFO - Sync 1 DAGs
[2026-09-19T22:30:18.039+0000] {logging_mixin.py:149} INFO - [2026-09-19T22:30:18.038+0000] {dag.py:3490} INFO - Setting next_dagrun for example_short_circuit_decorator to 2026-09-18T22:30:18.038294+00:00, run_after=2026-09-19T22:30:18.038294+00:00
[2026-09-19T22:30:18.073+0000] {processor.py:178} INFO - Processing /home/airflow/.local/lib/python3.7/site-packages/airflow/example_dags/example_short_circuit_decorator.py took 0.193 seconds
[2026-09-19T22:30:48.472+0000] {processor.py:156} INFO - Started process (PID=9961) to work on /home/airflow/.local/lib/python3.7/site-packages/airflow/example_dags/example_short_circuit_decorator.py
[2026-09-19T22:30:48.474+0000] {processor.py:799} INFO - Processing file /home/airflow/.local/lib/python3.7/site-packages/airflow/example_dags/example_short_circuit_decorator.py for tasks to queue
[2026-09-19T22:30:48.475+0000] {logging_mixin.py:149} INFO - [2026-09-19T22:30:48.475+0000] {dagbag.py:541} INFO - Filling up the DagBag from /home/airflow/.local/lib/python3.7/site-packages/airflow/example_dags/example_short_circuit_decorator.py
[2026-09-19T22:30:48.491+0000] {processor.py:809} INFO - DAG(s) dict_keys(['example_short_circuit_decorator']) retrieved from /home/airflow/.local/lib/python3.7/site-packages/airflow/example_dags/example_short_circuit_decorator.py
[2026-09-19T22:30:48.542+0000] {logging_mixin.py:149} INFO - [2026-09-19T22:30:48.542+0000] {dag.py:2726} INFO - Sync 1 DAGs
[2026-09-19T22:30:48.588+0000] {logging_mixin.py:149} INFO - [2026-09-19T22:30:48.588+0000] {dag.py:3490} INFO - Setting next_dagrun for example_short_circuit_decorator to 2026-09-18T22:30:48.587655+00:00, run_after=2026-09-19T22:30:48.587655+00:00
[2026-09-19T22:30:48.626+0000] {processor.py:178} INFO - Processing /home/airflow/.local/lib/python3.7/site-packages/airflow/example_dags/example_short_circuit_decorator.py took 0.161 seconds
[2026-09-19T22:31:19.233+0000] {processor.py:156} INFO - Started process (PID=10017) to work on /home/airflow/.local/lib/python3.7/site-packages/airflow/example_dags/example_short_circuit_decorator.py
[2026-09-19T22:31:19.234+0000] {processor.py:799} INFO - Processing file /home/airflow/.local/lib/python3.7/site-packages/airflow/example_dags/example_short_circuit_decorator.py for tasks to queue
[2026-09-19T22:31:19.235+0000] {logging_mixin.py:149} INFO - [2026-09-19T22:31:19.235+0000] {dagbag.py:541} INFO - Filling up the DagBag from /home/airflow/.local/lib/python3.7/site-packages/airflow/example_dags/example_short_circuit_decorator.py
[2026-09-19T22:31:19.256+0000] {processor.py:809} INFO - DAG(s) dict_keys(['example_short_circuit_decorator']) retrieved from /home/airflow/.local/lib/python3.7/site-packages/airflow/example_dags/example_short_circuit_decorator.py
[2026-09-19T22:31:19.303+0000] {logging_mixin.py:149} INFO - [2026-09-19T22:31:19.302+0000] {dag.py:2726} INFO - Sync 1 DAGs
[2026-09-19T22:31:19.349+0000] {logging_mixin.py:149} INFO - [2026-09-19T22:31:19.349+0000] {dag.py:3490} INFO - Setting next_dagrun for example_short_circuit_decorator to 2026-09-18T22:31:19.348693+00:00, run_after=2026-09-19T22:31:19.348693+00:00
[2026-09-19T22:31:19.387+0000] {processor.py:178} INFO - Processing /home/airflow/.local/lib/python3.7/site-packages/airflow/example_dags/example_short_circuit_decorator.py took 0.160 seconds
[2026-09-19T22:31:49.638+0000] {processor.py:156} INFO - Started process (PID=10073) to work on /home/airflow/.local/lib/python3.7/site-packages/airflow/example_dags/example_short_circuit_decorator.py
[2026-09-19T22:31:49.640+0000] {processor.py:799} INFO - Processing file /home/airflow/.local/lib/python3.7/site-packages/airflow/example_dags/example_short_circuit_decorator.py for tasks to queue
[2026-09-19T22:31:49.641+0000] {logging_mixin.py:149} INFO - [2026-09-19T22:31:49.641+0000] {dagbag.py:541} INFO - Filling up the DagBag from /home/airflow/.local/lib/python3.7/site-packages/airflow/example_dags/example_short_circuit_decorator.py
[2026-09-19T22:31:49.660+0000] {processor.py:809} INFO - DAG(s) dict_keys(['example_short_circuit_decorator']) retrieved from /home/airflow/.local/lib/python3.7/site-packages/airflow/example_dags/example_short_circuit_decorator.py
[2026-09-19T22:31:49.712+0000] {logging_mixin.py:149} INFO - [2026-09-19T22:31:49.712+0000] {dag.py:2726} INFO - Sync 1 DAGs
[2026-09-19T22:31:49.756+0000] {logging_mixin.py:149} INFO - [2026-09-19T22:31:49.756+0000] {dag.py:3490} INFO - Setting next_dagrun for example_short_circuit_decorator to 2026-09-18T22:31:49.756267+00:00, run_after=2026-09-19T22:31:49.756267+00:00
[2026-09-19T22:31:49.792+0000] {processor.py:178} INFO - Processing /home/airflow/.local/lib/python3.7/site-packages/airflow/example_dags/example_short_circuit_decorator.py took 0.161 seconds
[2026-09-19T22:32:20.109+0000] {processor.py:156} INFO - Started process (PID=10129) to work on /home/airflow/.local/lib/python3.7/site-packages/airflow/example_dags/example_short_circuit_decorator.py
[2026-09-19T22:32:20.110+0000] {processor.py:799} INFO - Processing file /home/airflow/.local/lib/python3.7/site-packages/airflow/example_dags/example_short_circuit_decorator.py for tasks to queue
[2026-09-19T22:32:20.112+0000] {logging_mixin.py:149} INFO - [2026-09-19T22:32:20.111+0000] {dagbag.py:541} INFO - Filling up the DagBag from /home/airflow/.local/lib/python3.7/site-packages/airflow/example_dags/example_short_circuit_decorator.py
[2026-09-19T22:32:20.132+0000] {processor.py:809} INFO - DAG(s) dict_keys(['example_short_circuit_decorator']) retrieved from /home/airflow/.local/lib/python3.7/site-packages/airflow/example_dags/example_short_circuit_decorator.py
[2026-09-19T22:32:20.183+0000] {logging_mixin.py:149} INFO - [2026-09-19T22:32:20.183+0000] {dag.py:2726} INFO - Sync 1 DAGs
[2026-09-19T22:32:20.232+0000] {logging_mixin.py:149} INFO - [2026-09-19T22:32:20.232+0000] {dag.py:3490} INFO - Setting next_dagrun for example_short_circuit_decorator to 2026-09-18T22:32:20.232108+00:00, run_after=2026-09-19T22:32:20.232108+00:00
[2026-09-19T22:32:20.271+0000] {processor.py:178} INFO - Processing /home/airflow/.local/lib/python3.7/site-packages/airflow/example_dags/example_short_circuit_decorator.py took 0.169 seconds
[2026-09-19T22:32:50.522+0000] {processor.py:156} INFO - Started process (PID=10185) to work on /home/airflow/.local/lib/python3.7/site-packages/airflow/example_dags/example_short_circuit_decorator.py
[2026-09-19T22:32:50.524+0000] {processor.py:799} INFO - Processing file /home/airflow/.local/lib/python3.7/site-packages/airflow/example_dags/example_short_circuit_decorator.py for tasks to queue
[2026-09-19T22:32:50.525+0000] {logging_mixin.py:149} INFO - [2026-09-19T22:32:50.525+0000] {dagbag.py:541} INFO - Filling up the DagBag from /home/airflow/.local/lib/python3.7/site-packages/airflow/example_dags/example_short_circuit_decorator.py
[2026-09-19T22:32:50.542+0000] {processor.py:809} INFO - DAG(s) dict_keys(['example_short_circuit_decorator']) retrieved from /home/airflow/.local/lib/python3.7/site-packages/airflow/example_dags/example_short_circuit_decorator.py
[2026-09-19T22:32:50.599+0000] {logging_mixin.py:149} INFO - [2026-09-19T22:32:50.598+0000] {dag.py:2726} INFO - Sync 1 DAGs
[2026-09-19T22:32:50.649+0000] {logging_mixin.py:149} INFO - [2026-09-19T22:32:50.649+0000] {dag.py:3490} INFO - Setting next_dagrun for example_short_circuit_decorator to 2026-09-18T22:32:50.648857+00:00, run_after=2026-09-19T22:32:50.648857+00:00
[2026-09-19T22:32:50.686+0000] {processor.py:178} INFO - Processing /home/airflow/.local/lib/python3.7/site-packages/airflow/example_dags/example_short_circuit_decorator.py took 0.170 seconds
[2026-09-19T22:33:21.427+0000] {processor.py:156} INFO - Started process (PID=10241) to work on /home/airflow/.local/lib/python3.7/site-packages/airflow/example_dags/example_short_circuit_decorator.py
[2026-09-19T22:33:21.428+0000] {processor.py:799} INFO - Processing file /home/airflow/.local/lib/python3.7/site-packages/airflow/example_dags/example_short_circuit_decorator.py for tasks to queue
[2026-09-19T22:33:21.429+0000] {logging_mixin.py:149} INFO - [2026-09-19T22:33:21.429+0000] {dagbag.py:541} INFO - Filling up the DagBag from /home/airflow/.local/lib/python3.7/site-packages/airflow/example_dags/example_short_circuit_decorator.py
[2026-09-19T22:33:21.449+0000] {processor.py:809} INFO - DAG(s) dict_keys(['example_short_circuit_decorator']) retrieved from /home/airflow/.local/lib/python3.7/site-packages/airflow/example_dags/example_short_circuit_decorator.py
[2026-09-19T22:33:21.492+0000] {logging_mixin.py:149} INFO - [2026-09-19T22:33:21.492+0000] {dag.py:2726} INFO - Sync 1 DAGs
[2026-09-19T22:33:21.536+0000] {logging_mixin.py:149} INFO - [2026-09-19T22:33:21.536+0000] {dag.py:3490} INFO - Setting next_dagrun for example_short_circuit_decorator to 2026-09-18T22:33:21.536249+00:00, run_after=2026-09-19T22:33:21.536249+00:00
[2026-09-19T22:33:21.571+0000] {processor.py:178} INFO - Processing /home/airflow/.local/lib/python3.7/site-packages/airflow/example_dags/example_short_circuit_decorator.py took 0.150 seconds
[2026-09-19T22:33:51.887+0000] {processor.py:156} INFO - Started process (PID=10297) to work on /home/airflow/.local/lib/python3.7/site-packages/airflow/example_dags/example_short_circuit_decorator.py
[2026-09-19T22:33:51.889+0000] {processor.py:799} INFO - Processing file /home/airflow/.local/lib/python3.7/site-packages/airflow/example_dags/example_short_circuit_decorator.py for tasks to queue
[2026-09-19T22:33:51.891+0000] {logging_mixin.py:149} INFO - [2026-09-19T22:33:51.891+0000] {dagbag.py:541} INFO - Filling up the DagBag from /home/airflow/.local/lib/python3.7/site-packages/airflow/example_dags/example_short_circuit_decorator.py
[2026-09-19T22:33:51.911+0000] {processor.py:809} INFO - DAG(s) dict_keys(['example_short_circuit_decorator']) retrieved from /home/airflow/.local/lib/python3.7/site-packages/airflow/example_dags/example_short_circuit_decorator.py
[2026-09-19T22:33:51.960+0000] {logging_mixin.py:149} INFO - [2026-09-19T22:33:51.960+0000] {dag.py:2726} INFO - Sync 1 DAGs
[2026-09-19T22:33:52.013+0000] {logging_mixin.py:149} INFO - [2026-09-19T22:33:52.012+0000] {dag.py:3490} INFO - Setting next_dagrun for example_short_circuit_decorator to 2026-09-18T22:33:52.011849+00:00, run_after=2026-09-19T22:33:52.011849+00:00
[2026-09-19T22:33:52.053+0000] {processor.py:178} INFO - Processing /home/airflow/.local/lib/python3.7/site-packages/airflow/example_dags/example_short_circuit_decorator.py took 0.174 seconds
[2026-09-19T22:34:22.322+0000] {processor.py:156} INFO - Started process (PID=10353) to work on /home/airflow/.local/lib/python3.7/site-packages/airflow/example_dags/example_short_circuit_decorator.py
[2026-09-19T22:34:22.324+0000] {processor.py:799} INFO - Processing file /home/airflow/.local/lib/python3.7/site-packages/airflow/example_dags/example_short_circuit_decorator.py for tasks to queue
[2026-09-19T22:34:22.325+0000] {logging_mixin.py:149} INFO - [2026-09-19T22:34:22.324+0000] {dagbag.py:541} INFO - Filling up the DagBag from /home/airflow/.local/lib/python3.7/site-packages/airflow/example_dags/example_short_circuit_decorator.py
[2026-09-19T22:34:22.343+0000] {processor.py:809} INFO - DAG(s) dict_keys(['example_short_circuit_decorator']) retrieved from /home/airflow/.local/lib/python3.7/site-packages/airflow/example_dags/example_short_circuit_decorator.py
[2026-09-19T22:34:22.387+0000] {logging_mixin.py:149} INFO - [2026-09-19T22:34:22.387+0000] {dag.py:2726} INFO - Sync 1 DAGs
[2026-09-19T22:34:22.429+0000] {logging_mixin.py:149} INFO - [2026-09-19T22:34:22.429+0000] {dag.py:3490} INFO - Setting next_dagrun for example_short_circuit_decorator to 2026-09-18T22:34:22.428169+00:00, run_after=2026-09-19T22:34:22.428169+00:00
[2026-09-19T22:34:22.469+0000] {processor.py:178} INFO - Processing /home/airflow/.local/lib/python3.7/site-packages/airflow/example_dags/example_short_circuit_decorator.py took 0.152 seconds
[2026-09-19T22:34:52.722+0000] {processor.py:156} INFO - Started process (PID=10409) to work on /home/airflow/.local/lib/python3.7/site-packages/airflow/example_dags/example_short_circuit_decorator.py
[2026-09-19T22:34:52.727+0000] {processor.py:799} INFO - Processing file /home/airflow/.local/lib/python3.7/site-packages/airflow/example_dags/example_short_circuit_decorator.py for tasks to queue
[2026-09-19T22:34:52.731+0000] {logging_mixin.py:149} INFO - [2026-09-19T22:34:52.730+0000] {dagbag.py:541} INFO - Filling up the DagBag from /home/airflow/.local/lib/python3.7/site-packages/airflow/example_dags/example_short_circuit_decorator.py
[2026-09-19T22:34:52.755+0000] {processor.py:809} INFO - DAG(s) dict_keys(['example_short_circuit_decorator']) retrieved from /home/airflow/.local/lib/python3.7/site-packages/airflow/example_dags/example_short_circuit_decorator.py
[2026-09-19T22:34:52.806+0000] {logging_mixin.py:149} INFO - [2026-09-19T22:34:52.806+0000] {dag.py:2726} INFO - Sync 1 DAGs
[2026-09-19T22:34:52.855+0000] {logging_mixin.py:149} INFO - [2026-09-19T22:34:52.855+0000] {dag.py:3490} INFO - Setting next_dagrun for example_short_circuit_decorator to 2026-09-18T22:34:52.854752+00:00, run_after=2026-09-19T22:34:52.854752+00:00
[2026-09-19T22:34:52.905+0000] {processor.py:178} INFO - Processing /home/airflow/.local/lib/python3.7/site-packages/airflow/example_dags/example_short_circuit_decorator.py took 0.204 seconds
[2026-09-19T22:35:23.201+0000] {processor.py:156} INFO - Started process (PID=10465) to work on /home/airflow/.local/lib/python3.7/site-packages/airflow/example_dags/example_short_circuit_decorator.py
[2026-09-19T22:35:23.203+0000] {processor.py:799} INFO - Processing file /home/airflow/.local/lib/python3.7/site-packages/airflow/example_dags/example_short_circuit_decorator.py for tasks to queue
[2026-09-19T22:35:23.204+0000] {logging_mixin.py:149} INFO - [2026-09-19T22:35:23.204+0000] {dagbag.py:541} INFO - Filling up the DagBag from /home/airflow/.local/lib/python3.7/site-packages/airflow/example_dags/example_short_circuit_decorator.py
[2026-09-19T22:35:23.225+0000] {processor.py:809} INFO - DAG(s) dict_keys(['example_short_circuit_decorator']) retrieved from /home/airflow/.local/lib/python3.7/site-packages/airflow/example_dags/example_short_circuit_decorator.py
[2026-09-19T22:35:23.277+0000] {logging_mixin.py:149} INFO - [2026-09-19T22:35:23.277+0000] {dag.py:2726} INFO - Sync 1 DAGs
[2026-09-19T22:35:23.327+0000] {logging_mixin.py:149} INFO - [2026-09-19T22:35:23.327+0000] {dag.py:3490} INFO - Setting next_dagrun for example_short_circuit_decorator to 2026-09-18T22:35:23.326905+00:00, run_after=2026-09-19T22:35:23.326905+00:00
[2026-09-19T22:35:23.366+0000] {processor.py:178} INFO - Processing /home/airflow/.local/lib/python3.7/site-packages/airflow/example_dags/example_short_circuit_decorator.py took 0.173 seconds
[2026-09-19T22:35:54.196+0000] {processor.py:156} INFO - Started process (PID=10521) to work on /home/airflow/.local/lib/python3.7/site-packages/airflow/example_dags/example_short_circuit_decorator.py
[2026-09-19T22:35:54.200+0000] {processor.py:799} INFO - Processing file /home/airflow/.local/lib/python3.7/site-packages/airflow/example_dags/example_short_circuit_decorator.py for tasks to queue
[2026-09-19T22:35:54.202+0000] {logging_mixin.py:149} INFO - [2026-09-19T22:35:54.202+0000] {dagbag.py:541} INFO - Filling up the DagBag from /home/airflow/.local/lib/python3.7/site-packages/airflow/example_dags/example_short_circuit_decorator.py
[2026-09-19T22:35:54.228+0000] {processor.py:809} INFO - DAG(s) dict_keys(['example_short_circuit_decorator']) retrieved from /home/airflow/.local/lib/python3.7/site-packages/airflow/example_dags/example_short_circuit_decorator.py
[2026-09-19T22:35:54.287+0000] {logging_mixin.py:149} INFO - [2026-09-19T22:35:54.286+0000] {dag.py:2726} INFO - Sync 1 DAGs
[2026-09-19T22:35:54.339+0000] {logging_mixin.py:149} INFO - [2026-09-19T22:35:54.339+0000] {dag.py:3490} INFO - Setting next_dagrun for example_short_circuit_decorator to 2026-09-18T22:35:54.339015+00:00, run_after=2026-09-19T22:35:54.339015+00:00
[2026-09-19T22:35:54.382+0000] {processor.py:178} INFO - Processing /home/airflow/.local/lib/python3.7/site-packages/airflow/example_dags/example_short_circuit_decorator.py took 0.204 seconds
[2026-09-19T22:36:24.716+0000] {processor.py:156} INFO - Started process (PID=10577) to work on /home/airflow/.local/lib/python3.7/site-packages/airflow/example_dags/example_short_circuit_decorator.py
[2026-09-19T22:36:24.718+0000] {processor.py:799} INFO - Processing file /home/airflow/.local/lib/python3.7/site-packages/airflow/example_dags/example_short_circuit_decorator.py for tasks to queue
[2026-09-19T22:36:24.719+0000] {logging_mixin.py:149} INFO - [2026-09-19T22:36:24.719+0000] {dagbag.py:541} INFO - Filling up the DagBag from /home/airflow/.local/lib/python3.7/site-packages/airflow/example_dags/example_short_circuit_decorator.py
[2026-09-19T22:36:24.739+0000] {processor.py:809} INFO - DAG(s) dict_keys(['example_short_circuit_decorator']) retrieved from /home/airflow/.local/lib/python3.7/site-packages/airflow/example_dags/example_short_circuit_decorator.py
[2026-09-19T22:36:24.803+0000] {logging_mixin.py:149} INFO - [2026-09-19T22:36:24.803+0000] {dag.py:2726} INFO - Sync 1 DAGs
[2026-09-19T22:36:24.862+0000] {logging_mixin.py:149} INFO - [2026-09-19T22:36:24.862+0000] {dag.py:3490} INFO - Setting next_dagrun for example_short_circuit_decorator to 2026-09-18T22:36:24.861400+00:00, run_after=2026-09-19T22:36:24.861400+00:00
[2026-09-19T22:36:24.901+0000] {processor.py:178} INFO - Processing /home/airflow/.local/lib/python3.7/site-packages/airflow/example_dags/example_short_circuit_decorator.py took 0.193 seconds
[2026-09-19T22:36:55.110+0000] {processor.py:156} INFO - Started process (PID=10633) to work on /home/airflow/.local/lib/python3.7/site-packages/airflow/example_dags/example_short_circuit_decorator.py
[2026-09-19T22:36:55.112+0000] {processor.py:799} INFO - Processing file /home/airflow/.local/lib/python3.7/site-packages/airflow/example_dags/example_short_circuit_decorator.py for tasks to queue
[2026-09-19T22:36:55.113+0000] {logging_mixin.py:149} INFO - [2026-09-19T22:36:55.113+0000] {dagbag.py:541} INFO - Filling up the DagBag from /home/airflow/.local/lib/python3.7/site-packages/airflow/example_dags/example_short_circuit_decorator.py
[2026-09-19T22:36:55.131+0000] {processor.py:809} INFO - DAG(s) dict_keys(['example_short_circuit_decorator']) retrieved from /home/airflow/.local/lib/python3.7/site-packages/airflow/example_dags/example_short_circuit_decorator.py
[2026-09-19T22:36:55.185+0000] {logging_mixin.py:149} INFO - [2026-09-19T22:36:55.184+0000] {dag.py:2726} INFO - Sync 1 DAGs
[2026-09-19T22:36:55.231+0000] {logging_mixin.py:149} INFO - [2026-09-19T22:36:55.231+0000] {dag.py:3490} INFO - Setting next_dagrun for example_short_circuit_decorator to 2026-09-18T22:36:55.230947+00:00, run_after=2026-09-19T22:36:55.230947+00:00
[2026-09-19T22:36:55.264+0000] {processor.py:178} INFO - Processing /home/airflow/.local/lib/python3.7/site-packages/airflow/example_dags/example_short_circuit_decorator.py took 0.160 seconds
[2026-09-19T22:37:25.448+0000] {processor.py:156} INFO - Started process (PID=10689) to work on /home/airflow/.local/lib/python3.7/site-packages/airflow/example_dags/example_short_circuit_decorator.py
[2026-09-19T22:37:25.450+0000] {processor.py:799} INFO - Processing file /home/airflow/.local/lib/python3.7/site-packages/airflow/example_dags/example_short_circuit_decorator.py for tasks to queue
[2026-09-19T22:37:25.451+0000] {logging_mixin.py:149} INFO - [2026-09-19T22:37:25.451+0000] {dagbag.py:541} INFO - Filling up the DagBag from /home/airflow/.local/lib/python3.7/site-packages/airflow/example_dags/example_short_circuit_decorator.py
[2026-09-19T22:37:25.466+0000] {processor.py:809} INFO - DAG(s) dict_keys(['example_short_circuit_decorator']) retrieved from /home/airflow/.local/lib/python3.7/site-packages/airflow/example_dags/example_short_circuit_decorator.py
[2026-09-19T22:37:25.513+0000] {logging_mixin.py:149} INFO - [2026-09-19T22:37:25.513+0000] {dag.py:2726} INFO - Sync 1 DAGs
[2026-09-19T22:37:25.562+0000] {logging_mixin.py:149} INFO - [2026-09-19T22:37:25.562+0000] {dag.py:3490} INFO - Setting next_dagrun for example_short_circuit_decorator to 2026-09-18T22:37:25.561818+00:00, run_after=2026-09-19T22:37:25.561818+00:00
[2026-09-19T22:37:25.594+0000] {processor.py:178} INFO - Processing /home/airflow/.local/lib/python3.7/site-packages/airflow/example_dags/example_short_circuit_decorator.py took 0.152 seconds
[2026-09-19T22:37:55.827+0000] {processor.py:156} INFO - Started process (PID=10745) to work on /home/airflow/.local/lib/python3.7/site-packages/airflow/example_dags/example_short_circuit_decorator.py
[2026-09-19T22:37:55.829+0000] {processor.py:799} INFO - Processing file /home/airflow/.local/lib/python3.7/site-packages/airflow/example_dags/example_short_circuit_decorator.py for tasks to queue
[2026-09-19T22:37:55.830+0000] {logging_mixin.py:149} INFO - [2026-09-19T22:37:55.830+0000] {dagbag.py:541} INFO - Filling up the DagBag from /home/airflow/.local/lib/python3.7/site-packages/airflow/example_dags/example_short_circuit_decorator.py
[2026-09-19T22:37:55.852+0000] {processor.py:809} INFO - DAG(s) dict_keys(['example_short_circuit_decorator']) retrieved from /home/airflow/.local/lib/python3.7/site-packages/airflow/example_dags/example_short_circuit_decorator.py
[2026-09-19T22:37:55.904+0000] {logging_mixin.py:149} INFO - [2026-09-19T22:37:55.904+0000] {dag.py:2726} INFO - Sync 1 DAGs
[2026-09-19T22:37:55.960+0000] {logging_mixin.py:149} INFO - [2026-09-19T22:37:55.960+0000] {dag.py:3490} INFO - Setting next_dagrun for example_short_circuit_decorator to 2026-09-18T22:37:55.959994+00:00, run_after=2026-09-19T22:37:55.959994+00:00
[2026-09-19T22:37:55.991+0000] {processor.py:178} INFO - Processing /home/airflow/.local/lib/python3.7/site-packages/airflow/example_dags/example_short_circuit_decorator.py took 0.171 seconds
[2026-09-19T22:38:26.242+0000] {processor.py:156} INFO - Started process (PID=10801) to work on /home/airflow/.local/lib/python3.7/site-packages/airflow/example_dags/example_short_circuit_decorator.py
[2026-09-19T22:38:26.243+0000] {processor.py:799} INFO - Processing file /home/airflow/.local/lib/python3.7/site-packages/airflow/example_dags/example_short_circuit_decorator.py for tasks to queue
[2026-09-19T22:38:26.244+0000] {logging_mixin.py:149} INFO - [2026-09-19T22:38:26.244+0000] {dagbag.py:541} INFO - Filling up the DagBag from /home/airflow/.local/lib/python3.7/site-packages/airflow/example_dags/example_short_circuit_decorator.py
[2026-09-19T22:38:26.280+0000] {processor.py:809} INFO - DAG(s) dict_keys(['example_short_circuit_decorator']) retrieved from /home/airflow/.local/lib/python3.7/site-packages/airflow/example_dags/example_short_circuit_decorator.py
[2026-09-19T22:38:26.330+0000] {logging_mixin.py:149} INFO - [2026-09-19T22:38:26.329+0000] {dag.py:2726} INFO - Sync 1 DAGs
[2026-09-19T22:38:26.382+0000] {logging_mixin.py:149} INFO - [2026-09-19T22:38:26.381+0000] {dag.py:3490} INFO - Setting next_dagrun for example_short_circuit_decorator to 2026-09-18T22:38:26.381390+00:00, run_after=2026-09-19T22:38:26.381390+00:00
[2026-09-19T22:38:26.417+0000] {processor.py:178} INFO - Processing /home/airflow/.local/lib/python3.7/site-packages/airflow/example_dags/example_short_circuit_decorator.py took 0.181 seconds
[2026-09-19T22:38:56.550+0000] {processor.py:156} INFO - Started process (PID=10857) to work on /home/airflow/.local/lib/python3.7/site-packages/airflow/example_dags/example_short_circuit_decorator.py
[2026-09-19T22:38:56.551+0000] {processor.py:799} INFO - Processing file /home/airflow/.local/lib/python3.7/site-packages/airflow/example_dags/example_short_circuit_decorator.py for tasks to queue
[2026-09-19T22:38:56.552+0000] {logging_mixin.py:149} INFO - [2026-09-19T22:38:56.552+0000] {dagbag.py:541} INFO - Filling up the DagBag from /home/airflow/.local/lib/python3.7/site-packages/airflow/example_dags/example_short_circuit_decorator.py
[2026-09-19T22:38:56.572+0000] {processor.py:809} INFO - DAG(s) dict_keys(['example_short_circuit_decorator']) retrieved from /home/airflow/.local/lib/python3.7/site-packages/airflow/example_dags/example_short_circuit_decorator.py
[2026-09-19T22:38:56.627+0000] {logging_mixin.py:149} INFO - [2026-09-19T22:38:56.627+0000] {dag.py:2726} INFO - Sync 1 DAGs
[2026-09-19T22:38:56.680+0000] {logging_mixin.py:149} INFO - [2026-09-19T22:38:56.679+0000] {dag.py:3490} INFO - Setting next_dagrun for example_short_circuit_decorator to 2026-09-18T22:38:56.679442+00:00, run_after=2026-09-19T22:38:56.679442+00:00
[2026-09-19T22:38:56.715+0000] {processor.py:178} INFO - Processing /home/airflow/.local/lib/python3.7/site-packages/airflow/example_dags/example_short_circuit_decorator.py took 0.173 seconds
[2026-09-19T22:39:26.912+0000] {processor.py:156} INFO - Started process (PID=10913) to work on /home/airflow/.local/lib/python3.7/site-packages/airflow/example_dags/example_short_circuit_decorator.py
[2026-09-19T22:39:26.914+0000] {processor.py:799} INFO - Processing file /home/airflow/.local/lib/python3.7/site-packages/airflow/example_dags/example_short_circuit_decorator.py for tasks to queue
[2026-09-19T22:39:26.916+0000] {logging_mixin.py:149} INFO - [2026-09-19T22:39:26.915+0000] {dagbag.py:541} INFO - Filling up the DagBag from /home/airflow/.local/lib/python3.7/site-packages/airflow/example_dags/example_short_circuit_decorator.py
[2026-09-19T22:39:26.937+0000] {processor.py:809} INFO - DAG(s) dict_keys(['example_short_circuit_decorator']) retrieved from /home/airflow/.local/lib/python3.7/site-packages/airflow/example_dags/example_short_circuit_decorator.py
[2026-09-19T22:39:26.980+0000] {logging_mixin.py:149} INFO - [2026-09-19T22:39:26.979+0000] {dag.py:2726} INFO - Sync 1 DAGs
[2026-09-19T22:39:27.030+0000] {logging_mixin.py:149} INFO - [2026-09-19T22:39:27.030+0000] {dag.py:3490} INFO - Setting next_dagrun for example_short_circuit_decorator to 2026-09-18T22:39:27.029632+00:00, run_after=2026-09-19T22:39:27.029632+00:00
[2026-09-19T22:39:27.059+0000] {processor.py:178} INFO - Processing /home/airflow/.local/lib/python3.7/site-packages/airflow/example_dags/example_short_circuit_decorator.py took 0.160 seconds
[2026-09-19T22:39:57.691+0000] {processor.py:156} INFO - Started process (PID=10969) to work on /home/airflow/.local/lib/python3.7/site-packages/airflow/example_dags/example_short_circuit_decorator.py
[2026-09-19T22:39:57.693+0000] {processor.py:799} INFO - Processing file /home/airflow/.local/lib/python3.7/site-packages/airflow/example_dags/example_short_circuit_decorator.py for tasks to queue
[2026-09-19T22:39:57.694+0000] {logging_mixin.py:149} INFO - [2026-09-19T22:39:57.694+0000] {dagbag.py:541} INFO - Filling up the DagBag from /home/airflow/.local/lib/python3.7/site-packages/airflow/example_dags/example_short_circuit_decorator.py
[2026-09-19T22:39:57.713+0000] {processor.py:809} INFO - DAG(s) dict_keys(['example_short_circuit_decorator']) retrieved from /home/airflow/.local/lib/python3.7/site-packages/airflow/example_dags/example_short_circuit_decorator.py
[2026-09-19T22:39:57.768+0000] {logging_mixin.py:149} INFO - [2026-09-19T22:39:57.768+0000] {dag.py:2726} INFO - Sync 1 DAGs
[2026-09-19T22:39:57.819+0000] {logging_mixin.py:149} INFO - [2026-09-19T22:39:57.818+0000] {dag.py:3490} INFO - Setting next_dagrun for example_short_circuit_decorator to 2026-09-18T22:39:57.818370+00:00, run_after=2026-09-19T22:39:57.818370+00:00
[2026-09-19T22:39:57.855+0000] {processor.py:178} INFO - Processing /home/airflow/.local/lib/python3.7/site-packages/airflow/example_dags/example_short_circuit_decorator.py took 0.171 seconds
[2026-09-19T22:40:28.292+0000] {processor.py:156} INFO - Started process (PID=11025) to work on /home/airflow/.local/lib/python3.7/site-packages/airflow/example_dags/example_short_circuit_decorator.py
[2026-09-19T22:40:28.294+0000] {processor.py:799} INFO - Processing file /home/airflow/.local/lib/python3.7/site-packages/airflow/example_dags/example_short_circuit_decorator.py for tasks to queue
[2026-09-19T22:40:28.295+0000] {logging_mixin.py:149} INFO - [2026-09-19T22:40:28.294+0000] {dagbag.py:541} INFO - Filling up the DagBag from /home/airflow/.local/lib/python3.7/site-packages/airflow/example_dags/example_short_circuit_decorator.py
[2026-09-19T22:40:28.312+0000] {processor.py:809} INFO - DAG(s) dict_keys(['example_short_circuit_decorator']) retrieved from /home/airflow/.local/lib/python3.7/site-packages/airflow/example_dags/example_short_circuit_decorator.py
[2026-09-19T22:40:28.374+0000] {logging_mixin.py:149} INFO - [2026-09-19T22:40:28.374+0000] {dag.py:2726} INFO - Sync 1 DAGs
[2026-09-19T22:40:28.415+0000] {logging_mixin.py:149} INFO - [2026-09-19T22:40:28.415+0000] {dag.py:3490} INFO - Setting next_dagrun for example_short_circuit_decorator to 2026-09-18T22:40:28.415090+00:00, run_after=2026-09-19T22:40:28.415090+00:00
[2026-09-19T22:40:28.445+0000] {processor.py:178} INFO - Processing /home/airflow/.local/lib/python3.7/site-packages/airflow/example_dags/example_short_circuit_decorator.py took 0.159 seconds
[2026-09-19T22:40:58.551+0000] {processor.py:156} INFO - Started process (PID=11081) to work on /home/airflow/.local/lib/python3.7/site-packages/airflow/example_dags/example_short_circuit_decorator.py
[2026-09-19T22:40:58.553+0000] {processor.py:799} INFO - Processing file /home/airflow/.local/lib/python3.7/site-packages/airflow/example_dags/example_short_circuit_decorator.py for tasks to queue
[2026-09-19T22:40:58.554+0000] {logging_mixin.py:149} INFO - [2026-09-19T22:40:58.554+0000] {dagbag.py:541} INFO - Filling up the DagBag from /home/airflow/.local/lib/python3.7/site-packages/airflow/example_dags/example_short_circuit_decorator.py
[2026-09-19T22:40:58.575+0000] {processor.py:809} INFO - DAG(s) dict_keys(['example_short_circuit_decorator']) retrieved from /home/airflow/.local/lib/python3.7/site-packages/airflow/example_dags/example_short_circuit_decorator.py
[2026-09-19T22:40:58.626+0000] {logging_mixin.py:149} INFO - [2026-09-19T22:40:58.626+0000] {dag.py:2726} INFO - Sync 1 DAGs
[2026-09-19T22:40:58.672+0000] {logging_mixin.py:149} INFO - [2026-09-19T22:40:58.672+0000] {dag.py:3490} INFO - Setting next_dagrun for example_short_circuit_decorator to 2026-09-18T22:40:58.671817+00:00, run_after=2026-09-19T22:40:58.671817+00:00
[2026-09-19T22:40:58.709+0000] {processor.py:178} INFO - Processing /home/airflow/.local/lib/python3.7/site-packages/airflow/example_dags/example_short_circuit_decorator.py took 0.165 seconds
[2026-09-19T22:41:28.817+0000] {processor.py:156} INFO - Started process (PID=11137) to work on /home/airflow/.local/lib/python3.7/site-packages/airflow/example_dags/example_short_circuit_decorator.py
[2026-09-19T22:41:28.819+0000] {processor.py:799} INFO - Processing file /home/airflow/.local/lib/python3.7/site-packages/airflow/example_dags/example_short_circuit_decorator.py for tasks to queue
[2026-09-19T22:41:28.820+0000] {logging_mixin.py:149} INFO - [2026-09-19T22:41:28.820+0000] {dagbag.py:541} INFO - Filling up the DagBag from /home/airflow/.local/lib/python3.7/site-packages/airflow/example_dags/example_short_circuit_decorator.py
[2026-09-19T22:41:28.837+0000] {processor.py:809} INFO - DAG(s) dict_keys(['example_short_circuit_decorator']) retrieved from /home/airflow/.local/lib/python3.7/site-packages/airflow/example_dags/example_short_circuit_decorator.py
[2026-09-19T22:41:28.886+0000] {logging_mixin.py:149} INFO - [2026-09-19T22:41:28.886+0000] {dag.py:2726} INFO - Sync 1 DAGs
[2026-09-19T22:41:28.929+0000] {logging_mixin.py:149} INFO - [2026-09-19T22:41:28.929+0000] {dag.py:3490} INFO - Setting next_dagrun for example_short_circuit_decorator to 2026-09-18T22:41:28.929071+00:00, run_after=2026-09-19T22:41:28.929071+00:00
[2026-09-19T22:41:28.964+0000] {processor.py:178} INFO - Processing /home/airflow/.local/lib/python3.7/site-packages/airflow/example_dags/example_short_circuit_decorator.py took 0.154 seconds
[2026-09-19T22:41:59.419+0000] {processor.py:156} INFO - Started process (PID=11193) to work on /home/airflow/.local/lib/python3.7/site-packages/airflow/example_dags/example_short_circuit_decorator.py
[2026-09-19T22:41:59.421+0000] {processor.py:799} INFO - Processing file /home/airflow/.local/lib/python3.7/site-packages/airflow/example_dags/example_short_circuit_decorator.py for tasks to queue
[2026-09-19T22:41:59.422+0000] {logging_mixin.py:149} INFO - [2026-09-19T22:41:59.422+0000] {dagbag.py:541} INFO - Filling up the DagBag from /home/airflow/.local/lib/python3.7/site-packages/airflow/example_dags/example_short_circuit_decorator.py
[2026-09-19T22:41:59.442+0000] {processor.py:809} INFO - DAG(s) dict_keys(['example_short_circuit_decorator']) retrieved from /home/airflow/.local/lib/python3.7/site-packages/airflow/example_dags/example_short_circuit_decorator.py
[2026-09-19T22:41:59.494+0000] {logging_mixin.py:149} INFO - [2026-09-19T22:41:59.494+0000] {dag.py:2726} INFO - Sync 1 DAGs
[2026-09-19T22:41:59.543+0000] {logging_mixin.py:149} INFO - [2026-09-19T22:41:59.543+0000] {dag.py:3490} INFO - Setting next_dagrun for example_short_circuit_decorator to 2026-09-18T22:41:59.542808+00:00, run_after=2026-09-19T22:41:59.542808+00:00
[2026-09-19T22:41:59.577+0000] {processor.py:178} INFO - Processing /home/airflow/.local/lib/python3.7/site-packages/airflow/example_dags/example_short_circuit_decorator.py took 0.164 seconds
[2026-09-19T22:42:29.878+0000] {processor.py:156} INFO - Started process (PID=11249) to work on /home/airflow/.local/lib/python3.7/site-packages/airflow/example_dags/example_short_circuit_decorator.py
[2026-09-19T22:42:29.883+0000] {processor.py:799} INFO - Processing file /home/airflow/.local/lib/python3.7/site-packages/airflow/example_dags/example_short_circuit_decorator.py for tasks to queue
[2026-09-19T22:42:29.884+0000] {logging_mixin.py:149} INFO - [2026-09-19T22:42:29.884+0000] {dagbag.py:541} INFO - Filling up the DagBag from /home/airflow/.local/lib/python3.7/site-packages/airflow/example_dags/example_short_circuit_decorator.py
[2026-09-19T22:42:29.902+0000] {processor.py:809} INFO - DAG(s) dict_keys(['example_short_circuit_decorator']) retrieved from /home/airflow/.local/lib/python3.7/site-packages/airflow/example_dags/example_short_circuit_decorator.py
[2026-09-19T22:42:29.953+0000] {logging_mixin.py:149} INFO - [2026-09-19T22:42:29.953+0000] {dag.py:2726} INFO - Sync 1 DAGs
[2026-09-19T22:42:30.002+0000] {logging_mixin.py:149} INFO - [2026-09-19T22:42:30.001+0000] {dag.py:3490} INFO - Setting next_dagrun for example_short_circuit_decorator to 2026-09-18T22:42:30.001415+00:00, run_after=2026-09-19T22:42:30.001415+00:00
[2026-09-19T22:42:30.043+0000] {processor.py:178} INFO - Processing /home/airflow/.local/lib/python3.7/site-packages/airflow/example_dags/example_short_circuit_decorator.py took 0.172 seconds
[2026-09-19T22:43:00.273+0000] {processor.py:156} INFO - Started process (PID=11305) to work on /home/airflow/.local/lib/python3.7/site-packages/airflow/example_dags/example_short_circuit_decorator.py
[2026-09-19T22:43:00.274+0000] {processor.py:799} INFO - Processing file /home/airflow/.local/lib/python3.7/site-packages/airflow/example_dags/example_short_circuit_decorator.py for tasks to queue
[2026-09-19T22:43:00.276+0000] {logging_mixin.py:149} INFO - [2026-09-19T22:43:00.275+0000] {dagbag.py:541} INFO - Filling up the DagBag from /home/airflow/.local/lib/python3.7/site-packages/airflow/example_dags/example_short_circuit_decorator.py
[2026-09-19T22:43:00.295+0000] {processor.py:809} INFO - DAG(s) dict_keys(['example_short_circuit_decorator']) retrieved from /home/airflow/.local/lib/python3.7/site-packages/airflow/example_dags/example_short_circuit_decorator.py
[2026-09-19T22:43:00.343+0000] {logging_mixin.py:149} INFO - [2026-09-19T22:43:00.343+0000] {dag.py:2726} INFO - Sync 1 DAGs
[2026-09-19T22:43:00.383+0000] {logging_mixin.py:149} INFO - [2026-09-19T22:43:00.383+0000] {dag.py:3490} INFO - Setting next_dagrun for example_short_circuit_decorator to 2026-09-18T22:43:00.382682+00:00, run_after=2026-09-19T22:43:00.382682+00:00
[2026-09-19T22:43:00.416+0000] {processor.py:178} INFO - Processing /home/airflow/.local/lib/python3.7/site-packages/airflow/example_dags/example_short_circuit_decorator.py took 0.150 seconds
[2026-09-19T22:43:30.506+0000] {processor.py:156} INFO - Started process (PID=11361) to work on /home/airflow/.local/lib/python3.7/site-packages/airflow/example_dags/example_short_circuit_decorator.py
[2026-09-19T22:43:30.508+0000] {processor.py:799} INFO - Processing file /home/airflow/.local/lib/python3.7/site-packages/airflow/example_dags/example_short_circuit_decorator.py for tasks to queue
[2026-09-19T22:43:30.509+0000] {logging_mixin.py:149} INFO - [2026-09-19T22:43:30.509+0000] {dagbag.py:541} INFO - Filling up the DagBag from /home/airflow/.local/lib/python3.7/site-packages/airflow/example_dags/example_short_circuit_decorator.py
[2026-09-19T22:43:30.528+0000] {processor.py:809} INFO - DAG(s) dict_keys(['example_short_circuit_decorator']) retrieved from /home/airflow/.local/lib/python3.7/site-packages/airflow/example_dags/example_short_circuit_decorator.py
[2026-09-19T22:43:30.587+0000] {logging_mixin.py:149} INFO - [2026-09-19T22:43:30.587+0000] {dag.py:2726} INFO - Sync 1 DAGs
[2026-09-19T22:43:30.637+0000] {logging_mixin.py:149} INFO - [2026-09-19T22:43:30.637+0000] {dag.py:3490} INFO - Setting next_dagrun for example_short_circuit_decorator to 2026-09-18T22:43:30.636554+00:00, run_after=2026-09-19T22:43:30.636554+00:00
[2026-09-19T22:43:30.673+0000] {processor.py:178} INFO - Processing /home/airflow/.local/lib/python3.7/site-packages/airflow/example_dags/example_short_circuit_decorator.py took 0.173 seconds
[2026-09-19T22:44:01.235+0000] {processor.py:156} INFO - Started process (PID=11417) to work on /home/airflow/.local/lib/python3.7/site-packages/airflow/example_dags/example_short_circuit_decorator.py
[2026-09-19T22:44:01.237+0000] {processor.py:799} INFO - Processing file /home/airflow/.local/lib/python3.7/site-packages/airflow/example_dags/example_short_circuit_decorator.py for tasks to queue
[2026-09-19T22:44:01.239+0000] {logging_mixin.py:149} INFO - [2026-09-19T22:44:01.239+0000] {dagbag.py:541} INFO - Filling up the DagBag from /home/airflow/.local/lib/python3.7/site-packages/airflow/example_dags/example_short_circuit_decorator.py
[2026-09-19T22:44:01.258+0000] {processor.py:809} INFO - DAG(s) dict_keys(['example_short_circuit_decorator']) retrieved from /home/airflow/.local/lib/python3.7/site-packages/airflow/example_dags/example_short_circuit_decorator.py
[2026-09-19T22:44:01.309+0000] {logging_mixin.py:149} INFO - [2026-09-19T22:44:01.309+0000] {dag.py:2726} INFO - Sync 1 DAGs
[2026-09-19T22:44:01.356+0000] {logging_mixin.py:149} INFO - [2026-09-19T22:44:01.356+0000] {dag.py:3490} INFO - Setting next_dagrun for example_short_circuit_decorator to 2026-09-18T22:44:01.356019+00:00, run_after=2026-09-19T22:44:01.356019+00:00
[2026-09-19T22:44:01.388+0000] {processor.py:178} INFO - Processing /home/airflow/.local/lib/python3.7/site-packages/airflow/example_dags/example_short_circuit_decorator.py took 0.167 seconds
[2026-09-19T22:44:31.632+0000] {processor.py:156} INFO - Started process (PID=11473) to work on /home/airflow/.local/lib/python3.7/site-packages/airflow/example_dags/example_short_circuit_decorator.py
[2026-09-19T22:44:31.633+0000] {processor.py:799} INFO - Processing file /home/airflow/.local/lib/python3.7/site-packages/airflow/example_dags/example_short_circuit_decorator.py for tasks to queue
[2026-09-19T22:44:31.635+0000] {logging_mixin.py:149} INFO - [2026-09-19T22:44:31.634+0000] {dagbag.py:541} INFO - Filling up the DagBag from /home/airflow/.local/lib/python3.7/site-packages/airflow/example_dags/example_short_circuit_decorator.py
[2026-09-19T22:44:31.652+0000] {processor.py:809} INFO - DAG(s) dict_keys(['example_short_circuit_decorator']) retrieved from /home/airflow/.local/lib/python3.7/site-packages/airflow/example_dags/example_short_circuit_decorator.py
[2026-09-19T22:44:31.699+0000] {logging_mixin.py:149} INFO - [2026-09-19T22:44:31.699+0000] {dag.py:2726} INFO - Sync 1 DAGs
[2026-09-19T22:44:31.746+0000] {logging_mixin.py:149} INFO - [2026-09-19T22:44:31.746+0000] {dag.py:3490} INFO - Setting next_dagrun for example_short_circuit_decorator to 2026-09-18T22:44:31.745750+00:00, run_after=2026-09-19T22:44:31.745750+00:00
[2026-09-19T22:44:31.777+0000] {processor.py:178} INFO - Processing /home/airflow/.local/lib/python3.7/site-packages/airflow/example_dags/example_short_circuit_decorator.py took 0.152 seconds
[2026-09-19T22:45:02.264+0000] {processor.py:156} INFO - Started process (PID=11529) to work on /home/airflow/.local/lib/python3.7/site-packages/airflow/example_dags/example_short_circuit_decorator.py
[2026-09-19T22:45:02.268+0000] {processor.py:799} INFO - Processing file /home/airflow/.local/lib/python3.7/site-packages/airflow/example_dags/example_short_circuit_decorator.py for tasks to queue
[2026-09-19T22:45:02.269+0000] {logging_mixin.py:149} INFO - [2026-09-19T22:45:02.269+0000] {dagbag.py:541} INFO - Filling up the DagBag from /home/airflow/.local/lib/python3.7/site-packages/airflow/example_dags/example_short_circuit_decorator.py
[2026-09-19T22:45:02.285+0000] {processor.py:809} INFO - DAG(s) dict_keys(['example_short_circuit_decorator']) retrieved from /home/airflow/.local/lib/python3.7/site-packages/airflow/example_dags/example_short_circuit_decorator.py
[2026-09-19T22:45:02.329+0000] {logging_mixin.py:149} INFO - [2026-09-19T22:45:02.329+0000] {dag.py:2726} INFO - Sync 1 DAGs
[2026-09-19T22:45:02.373+0000] {logging_mixin.py:149} INFO - [2026-09-19T22:45:02.372+0000] {dag.py:3490} INFO - Setting next_dagrun for example_short_circuit_decorator to 2026-09-18T22:45:02.372118+00:00, run_after=2026-09-19T22:45:02.372118+00:00
[2026-09-19T22:45:02.405+0000] {processor.py:178} INFO - Processing /home/airflow/.local/lib/python3.7/site-packages/airflow/example_dags/example_short_circuit_decorator.py took 0.147 seconds
[2026-09-19T22:45:33.101+0000] {processor.py:156} INFO - Started process (PID=11585) to work on /home/airflow/.local/lib/python3.7/site-packages/airflow/example_dags/example_short_circuit_decorator.py
[2026-09-19T22:45:33.103+0000] {processor.py:799} INFO - Processing file /home/airflow/.local/lib/python3.7/site-packages/airflow/example_dags/example_short_circuit_decorator.py for tasks to queue
[2026-09-19T22:45:33.104+0000] {logging_mixin.py:149} INFO - [2026-09-19T22:45:33.103+0000] {dagbag.py:541} INFO - Filling up the DagBag from /home/airflow/.local/lib/python3.7/site-packages/airflow/example_dags/example_short_circuit_decorator.py
[2026-09-19T22:45:33.121+0000] {processor.py:809} INFO - DAG(s) dict_keys(['example_short_circuit_decorator']) retrieved from /home/airflow/.local/lib/python3.7/site-packages/airflow/example_dags/example_short_circuit_decorator.py
[2026-09-19T22:45:33.166+0000] {logging_mixin.py:149} INFO - [2026-09-19T22:45:33.166+0000] {dag.py:2726} INFO - Sync 1 DAGs
[2026-09-19T22:45:33.206+0000] {logging_mixin.py:149} INFO - [2026-09-19T22:45:33.206+0000] {dag.py:3490} INFO - Setting next_dagrun for example_short_circuit_decorator to 2026-09-18T22:45:33.205899+00:00, run_after=2026-09-19T22:45:33.205899+00:00
[2026-09-19T22:45:33.239+0000] {processor.py:178} INFO - Processing /home/airflow/.local/lib/python3.7/site-packages/airflow/example_dags/example_short_circuit_decorator.py took 0.144 seconds
[2026-09-19T22:46:03.552+0000] {processor.py:156} INFO - Started process (PID=11642) to work on /home/airflow/.local/lib/python3.7/site-packages/airflow/example_dags/example_short_circuit_decorator.py
[2026-09-19T22:46:03.554+0000] {processor.py:799} INFO - Processing file /home/airflow/.local/lib/python3.7/site-packages/airflow/example_dags/example_short_circuit_decorator.py for tasks to queue
[2026-09-19T22:46:03.555+0000] {logging_mixin.py:149} INFO - [2026-09-19T22:46:03.555+0000] {dagbag.py:541} INFO - Filling up the DagBag from /home/airflow/.local/lib/python3.7/site-packages/airflow/example_dags/example_short_circuit_decorator.py
[2026-09-19T22:46:03.581+0000] {processor.py:809} INFO - DAG(s) dict_keys(['example_short_circuit_decorator']) retrieved from /home/airflow/.local/lib/python3.7/site-packages/airflow/example_dags/example_short_circuit_decorator.py
[2026-09-19T22:46:03.628+0000] {logging_mixin.py:149} INFO - [2026-09-19T22:46:03.627+0000] {dag.py:2726} INFO - Sync 1 DAGs
[2026-09-19T22:46:03.674+0000] {logging_mixin.py:149} INFO - [2026-09-19T22:46:03.674+0000] {dag.py:3490} INFO - Setting next_dagrun for example_short_circuit_decorator to 2026-09-18T22:46:03.673452+00:00, run_after=2026-09-19T22:46:03.673452+00:00
[2026-09-19T22:46:03.720+0000] {processor.py:178} INFO - Processing /home/airflow/.local/lib/python3.7/site-packages/airflow/example_dags/example_short_circuit_decorator.py took 0.173 seconds
[2026-09-19T22:46:34.380+0000] {processor.py:156} INFO - Started process (PID=11699) to work on /home/airflow/.local/lib/python3.7/site-packages/airflow/example_dags/example_short_circuit_decorator.py
[2026-09-19T22:46:34.382+0000] {processor.py:799} INFO - Processing file /home/airflow/.local/lib/python3.7/site-packages/airflow/example_dags/example_short_circuit_decorator.py for tasks to queue
[2026-09-19T22:46:34.383+0000] {logging_mixin.py:149} INFO - [2026-09-19T22:46:34.383+0000] {dagbag.py:541} INFO - Filling up the DagBag from /home/airflow/.local/lib/python3.7/site-packages/airflow/example_dags/example_short_circuit_decorator.py
[2026-09-19T22:46:34.403+0000] {processor.py:809} INFO - DAG(s) dict_keys(['example_short_circuit_decorator']) retrieved from /home/airflow/.local/lib/python3.7/site-packages/airflow/example_dags/example_short_circuit_decorator.py
[2026-09-19T22:46:34.452+0000] {logging_mixin.py:149} INFO - [2026-09-19T22:46:34.452+0000] {dag.py:2726} INFO - Sync 1 DAGs
[2026-09-19T22:46:34.502+0000] {logging_mixin.py:149} INFO - [2026-09-19T22:46:34.502+0000] {dag.py:3490} INFO - Setting next_dagrun for example_short_circuit_decorator to 2026-09-18T22:46:34.501843+00:00, run_after=2026-09-19T22:46:34.501843+00:00
[2026-09-19T22:46:34.550+0000] {processor.py:178} INFO - Processing /home/airflow/.local/lib/python3.7/site-packages/airflow/example_dags/example_short_circuit_decorator.py took 0.175 seconds
[2026-09-19T22:47:04.865+0000] {processor.py:156} INFO - Started process (PID=11761) to work on /home/airflow/.local/lib/python3.7/site-packages/airflow/example_dags/example_short_circuit_decorator.py
[2026-09-19T22:47:04.868+0000] {processor.py:799} INFO - Processing file /home/airflow/.local/lib/python3.7/site-packages/airflow/example_dags/example_short_circuit_decorator.py for tasks to queue
[2026-09-19T22:47:04.869+0000] {logging_mixin.py:149} INFO - [2026-09-19T22:47:04.868+0000] {dagbag.py:541} INFO - Filling up the DagBag from /home/airflow/.local/lib/python3.7/site-packages/airflow/example_dags/example_short_circuit_decorator.py
[2026-09-19T22:47:04.886+0000] {processor.py:809} INFO - DAG(s) dict_keys(['example_short_circuit_decorator']) retrieved from /home/airflow/.local/lib/python3.7/site-packages/airflow/example_dags/example_short_circuit_decorator.py
[2026-09-19T22:47:04.933+0000] {logging_mixin.py:149} INFO - [2026-09-19T22:47:04.932+0000] {dag.py:2726} INFO - Sync 1 DAGs
[2026-09-19T22:47:04.984+0000] {logging_mixin.py:149} INFO - [2026-09-19T22:47:04.984+0000] {dag.py:3490} INFO - Setting next_dagrun for example_short_circuit_decorator to 2026-09-18T22:47:04.983900+00:00, run_after=2026-09-19T22:47:04.983900+00:00
[2026-09-19T22:47:05.026+0000] {processor.py:178} INFO - Processing /home/airflow/.local/lib/python3.7/site-packages/airflow/example_dags/example_short_circuit_decorator.py took 0.168 seconds
[2026-09-19T22:47:35.581+0000] {processor.py:156} INFO - Started process (PID=11813) to work on /home/airflow/.local/lib/python3.7/site-packages/airflow/example_dags/example_short_circuit_decorator.py
[2026-09-19T22:47:35.582+0000] {processor.py:799} INFO - Processing file /home/airflow/.local/lib/python3.7/site-packages/airflow/example_dags/example_short_circuit_decorator.py for tasks to queue
[2026-09-19T22:47:35.583+0000] {logging_mixin.py:149} INFO - [2026-09-19T22:47:35.583+0000] {dagbag.py:541} INFO - Filling up the DagBag from /home/airflow/.local/lib/python3.7/site-packages/airflow/example_dags/example_short_circuit_decorator.py
[2026-09-19T22:47:35.605+0000] {processor.py:809} INFO - DAG(s) dict_keys(['example_short_circuit_decorator']) retrieved from /home/airflow/.local/lib/python3.7/site-packages/airflow/example_dags/example_short_circuit_decorator.py
[2026-09-19T22:47:35.659+0000] {logging_mixin.py:149} INFO - [2026-09-19T22:47:35.658+0000] {dag.py:2726} INFO - Sync 1 DAGs
[2026-09-19T22:47:35.710+0000] {logging_mixin.py:149} INFO - [2026-09-19T22:47:35.710+0000] {dag.py:3490} INFO - Setting next_dagrun for example_short_circuit_decorator to 2026-09-18T22:47:35.709702+00:00, run_after=2026-09-19T22:47:35.709702+00:00
[2026-09-19T22:47:35.747+0000] {processor.py:178} INFO - Processing /home/airflow/.local/lib/python3.7/site-packages/airflow/example_dags/example_short_circuit_decorator.py took 0.174 seconds
[2026-09-19T22:48:06.160+0000] {processor.py:156} INFO - Started process (PID=11868) to work on /home/airflow/.local/lib/python3.7/site-packages/airflow/example_dags/example_short_circuit_decorator.py
[2026-09-19T22:48:06.179+0000] {processor.py:799} INFO - Processing file /home/airflow/.local/lib/python3.7/site-packages/airflow/example_dags/example_short_circuit_decorator.py for tasks to queue
[2026-09-19T22:48:06.180+0000] {logging_mixin.py:149} INFO - [2026-09-19T22:48:06.180+0000] {dagbag.py:541} INFO - Filling up the DagBag from /home/airflow/.local/lib/python3.7/site-packages/airflow/example_dags/example_short_circuit_decorator.py
[2026-09-19T22:48:06.201+0000] {processor.py:809} INFO - DAG(s) dict_keys(['example_short_circuit_decorator']) retrieved from /home/airflow/.local/lib/python3.7/site-packages/airflow/example_dags/example_short_circuit_decorator.py
[2026-09-19T22:48:06.255+0000] {logging_mixin.py:149} INFO - [2026-09-19T22:48:06.255+0000] {dag.py:2726} INFO - Sync 1 DAGs
[2026-09-19T22:48:06.305+0000] {logging_mixin.py:149} INFO - [2026-09-19T22:48:06.305+0000] {dag.py:3490} INFO - Setting next_dagrun for example_short_circuit_decorator to 2026-09-18T22:48:06.305090+00:00, run_after=2026-09-19T22:48:06.305090+00:00
[2026-09-19T22:48:06.346+0000] {processor.py:178} INFO - Processing /home/airflow/.local/lib/python3.7/site-packages/airflow/example_dags/example_short_circuit_decorator.py took 0.193 seconds
[2026-09-19T22:48:36.649+0000] {processor.py:156} INFO - Started process (PID=11925) to work on /home/airflow/.local/lib/python3.7/site-packages/airflow/example_dags/example_short_circuit_decorator.py
[2026-09-19T22:48:36.651+0000] {processor.py:799} INFO - Processing file /home/airflow/.local/lib/python3.7/site-packages/airflow/example_dags/example_short_circuit_decorator.py for tasks to queue
[2026-09-19T22:48:36.652+0000] {logging_mixin.py:149} INFO - [2026-09-19T22:48:36.652+0000] {dagbag.py:541} INFO - Filling up the DagBag from /home/airflow/.local/lib/python3.7/site-packages/airflow/example_dags/example_short_circuit_decorator.py
[2026-09-19T22:48:36.674+0000] {processor.py:809} INFO - DAG(s) dict_keys(['example_short_circuit_decorator']) retrieved from /home/airflow/.local/lib/python3.7/site-packages/airflow/example_dags/example_short_circuit_decorator.py
[2026-09-19T22:48:36.725+0000] {logging_mixin.py:149} INFO - [2026-09-19T22:48:36.725+0000] {dag.py:2726} INFO - Sync 1 DAGs
[2026-09-19T22:48:36.775+0000] {logging_mixin.py:149} INFO - [2026-09-19T22:48:36.775+0000] {dag.py:3490} INFO - Setting next_dagrun for example_short_circuit_decorator to 2026-09-18T22:48:36.774563+00:00, run_after=2026-09-19T22:48:36.774563+00:00
[2026-09-19T22:48:36.809+0000] {processor.py:178} INFO - Processing /home/airflow/.local/lib/python3.7/site-packages/airflow/example_dags/example_short_circuit_decorator.py took 0.166 seconds
[2026-09-19T22:49:07.426+0000] {processor.py:156} INFO - Started process (PID=11980) to work on /home/airflow/.local/lib/python3.7/site-packages/airflow/example_dags/example_short_circuit_decorator.py
[2026-09-19T22:49:07.428+0000] {processor.py:799} INFO - Processing file /home/airflow/.local/lib/python3.7/site-packages/airflow/example_dags/example_short_circuit_decorator.py for tasks to queue
[2026-09-19T22:49:07.429+0000] {logging_mixin.py:149} INFO - [2026-09-19T22:49:07.429+0000] {dagbag.py:541} INFO - Filling up the DagBag from /home/airflow/.local/lib/python3.7/site-packages/airflow/example_dags/example_short_circuit_decorator.py
[2026-09-19T22:49:07.446+0000] {processor.py:809} INFO - DAG(s) dict_keys(['example_short_circuit_decorator']) retrieved from /home/airflow/.local/lib/python3.7/site-packages/airflow/example_dags/example_short_circuit_decorator.py
[2026-09-19T22:49:07.496+0000] {logging_mixin.py:149} INFO - [2026-09-19T22:49:07.496+0000] {dag.py:2726} INFO - Sync 1 DAGs
[2026-09-19T22:49:07.543+0000] {logging_mixin.py:149} INFO - [2026-09-19T22:49:07.543+0000] {dag.py:3490} INFO - Setting next_dagrun for example_short_circuit_decorator to 2026-09-18T22:49:07.542617+00:00, run_after=2026-09-19T22:49:07.542617+00:00
[2026-09-19T22:49:07.576+0000] {processor.py:178} INFO - Processing /home/airflow/.local/lib/python3.7/site-packages/airflow/example_dags/example_short_circuit_decorator.py took 0.156 seconds
[2026-09-19T22:49:37.861+0000] {processor.py:156} INFO - Started process (PID=12036) to work on /home/airflow/.local/lib/python3.7/site-packages/airflow/example_dags/example_short_circuit_decorator.py
[2026-09-19T22:49:37.863+0000] {processor.py:799} INFO - Processing file /home/airflow/.local/lib/python3.7/site-packages/airflow/example_dags/example_short_circuit_decorator.py for tasks to queue
[2026-09-19T22:49:37.864+0000] {logging_mixin.py:149} INFO - [2026-09-19T22:49:37.864+0000] {dagbag.py:541} INFO - Filling up the DagBag from /home/airflow/.local/lib/python3.7/site-packages/airflow/example_dags/example_short_circuit_decorator.py
[2026-09-19T22:49:37.889+0000] {processor.py:809} INFO - DAG(s) dict_keys(['example_short_circuit_decorator']) retrieved from /home/airflow/.local/lib/python3.7/site-packages/airflow/example_dags/example_short_circuit_decorator.py
[2026-09-19T22:49:37.946+0000] {logging_mixin.py:149} INFO - [2026-09-19T22:49:37.946+0000] {dag.py:2726} INFO - Sync 1 DAGs
[2026-09-19T22:49:38.008+0000] {logging_mixin.py:149} INFO - [2026-09-19T22:49:38.008+0000] {dag.py:3490} INFO - Setting next_dagrun for example_short_circuit_decorator to 2026-09-18T22:49:38.007787+00:00, run_after=2026-09-19T22:49:38.007787+00:00
[2026-09-19T22:49:38.042+0000] {processor.py:178} INFO - Processing /home/airflow/.local/lib/python3.7/site-packages/airflow/example_dags/example_short_circuit_decorator.py took 0.189 seconds
[2026-09-19T22:50:08.681+0000] {processor.py:156} INFO - Started process (PID=12091) to work on /home/airflow/.local/lib/python3.7/site-packages/airflow/example_dags/example_short_circuit_decorator.py
[2026-09-19T22:50:08.683+0000] {processor.py:799} INFO - Processing file /home/airflow/.local/lib/python3.7/site-packages/airflow/example_dags/example_short_circuit_decorator.py for tasks to queue
[2026-09-19T22:50:08.684+0000] {logging_mixin.py:149} INFO - [2026-09-19T22:50:08.683+0000] {dagbag.py:541} INFO - Filling up the DagBag from /home/airflow/.local/lib/python3.7/site-packages/airflow/example_dags/example_short_circuit_decorator.py
[2026-09-19T22:50:08.701+0000] {processor.py:809} INFO - DAG(s) dict_keys(['example_short_circuit_decorator']) retrieved from /home/airflow/.local/lib/python3.7/site-packages/airflow/example_dags/example_short_circuit_decorator.py
[2026-09-19T22:50:08.747+0000] {logging_mixin.py:149} INFO - [2026-09-19T22:50:08.746+0000] {dag.py:2726} INFO - Sync 1 DAGs
[2026-09-19T22:50:08.797+0000] {logging_mixin.py:149} INFO - [2026-09-19T22:50:08.797+0000] {dag.py:3490} INFO - Setting next_dagrun for example_short_circuit_decorator to 2026-09-18T22:50:08.796778+00:00, run_after=2026-09-19T22:50:08.796778+00:00
[2026-09-19T22:50:08.831+0000] {processor.py:178} INFO - Processing /home/airflow/.local/lib/python3.7/site-packages/airflow/example_dags/example_short_circuit_decorator.py took 0.156 seconds
[2026-09-19T22:50:39.428+0000] {processor.py:156} INFO - Started process (PID=12147) to work on /home/airflow/.local/lib/python3.7/site-packages/airflow/example_dags/example_short_circuit_decorator.py
[2026-09-19T22:50:39.430+0000] {processor.py:799} INFO - Processing file /home/airflow/.local/lib/python3.7/site-packages/airflow/example_dags/example_short_circuit_decorator.py for tasks to queue
[2026-09-19T22:50:39.431+0000] {logging_mixin.py:149} INFO - [2026-09-19T22:50:39.430+0000] {dagbag.py:541} INFO - Filling up the DagBag from /home/airflow/.local/lib/python3.7/site-packages/airflow/example_dags/example_short_circuit_decorator.py
[2026-09-19T22:50:39.448+0000] {processor.py:809} INFO - DAG(s) dict_keys(['example_short_circuit_decorator']) retrieved from /home/airflow/.local/lib/python3.7/site-packages/airflow/example_dags/example_short_circuit_decorator.py
[2026-09-19T22:50:39.504+0000] {logging_mixin.py:149} INFO - [2026-09-19T22:50:39.503+0000] {dag.py:2726} INFO - Sync 1 DAGs
[2026-09-19T22:50:39.552+0000] {logging_mixin.py:149} INFO - [2026-09-19T22:50:39.552+0000] {dag.py:3490} INFO - Setting next_dagrun for example_short_circuit_decorator to 2026-09-18T22:50:39.551573+00:00, run_after=2026-09-19T22:50:39.551573+00:00
[2026-09-19T22:50:39.593+0000] {processor.py:178} INFO - Processing /home/airflow/.local/lib/python3.7/site-packages/airflow/example_dags/example_short_circuit_decorator.py took 0.171 seconds
[2026-09-19T22:51:09.753+0000] {processor.py:156} INFO - Started process (PID=12203) to work on /home/airflow/.local/lib/python3.7/site-packages/airflow/example_dags/example_short_circuit_decorator.py
[2026-09-19T22:51:09.755+0000] {processor.py:799} INFO - Processing file /home/airflow/.local/lib/python3.7/site-packages/airflow/example_dags/example_short_circuit_decorator.py for tasks to queue
[2026-09-19T22:51:09.756+0000] {logging_mixin.py:149} INFO - [2026-09-19T22:51:09.756+0000] {dagbag.py:541} INFO - Filling up the DagBag from /home/airflow/.local/lib/python3.7/site-packages/airflow/example_dags/example_short_circuit_decorator.py
[2026-09-19T22:51:09.774+0000] {processor.py:809} INFO - DAG(s) dict_keys(['example_short_circuit_decorator']) retrieved from /home/airflow/.local/lib/python3.7/site-packages/airflow/example_dags/example_short_circuit_decorator.py
[2026-09-19T22:51:09.822+0000] {logging_mixin.py:149} INFO - [2026-09-19T22:51:09.821+0000] {dag.py:2726} INFO - Sync 1 DAGs
[2026-09-19T22:51:09.872+0000] {logging_mixin.py:149} INFO - [2026-09-19T22:51:09.872+0000] {dag.py:3490} INFO - Setting next_dagrun for example_short_circuit_decorator to 2026-09-18T22:51:09.871813+00:00, run_after=2026-09-19T22:51:09.871813+00:00
[2026-09-19T22:51:09.905+0000] {processor.py:178} INFO - Processing /home/airflow/.local/lib/python3.7/site-packages/airflow/example_dags/example_short_circuit_decorator.py took 0.158 seconds
[2026-09-19T22:51:41.371+0000] {processor.py:156} INFO - Started process (PID=12259) to work on /home/airflow/.local/lib/python3.7/site-packages/airflow/example_dags/example_short_circuit_decorator.py
[2026-09-19T22:51:41.373+0000] {processor.py:799} INFO - Processing file /home/airflow/.local/lib/python3.7/site-packages/airflow/example_dags/example_short_circuit_decorator.py for tasks to queue
[2026-09-19T22:51:41.374+0000] {logging_mixin.py:149} INFO - [2026-09-19T22:51:41.374+0000] {dagbag.py:541} INFO - Filling up the DagBag from /home/airflow/.local/lib/python3.7/site-packages/airflow/example_dags/example_short_circuit_decorator.py
[2026-09-19T22:51:41.391+0000] {processor.py:809} INFO - DAG(s) dict_keys(['example_short_circuit_decorator']) retrieved from /home/airflow/.local/lib/python3.7/site-packages/airflow/example_dags/example_short_circuit_decorator.py
[2026-09-19T22:51:41.434+0000] {logging_mixin.py:149} INFO - [2026-09-19T22:51:41.434+0000] {dag.py:2726} INFO - Sync 1 DAGs
[2026-09-19T22:51:41.484+0000] {logging_mixin.py:149} INFO - [2026-09-19T22:51:41.484+0000] {dag.py:3490} INFO - Setting next_dagrun for example_short_circuit_decorator to 2026-09-18T22:51:41.484268+00:00, run_after=2026-09-19T22:51:41.484268+00:00
[2026-09-19T22:51:41.514+0000] {processor.py:178} INFO - Processing /home/airflow/.local/lib/python3.7/site-packages/airflow/example_dags/example_short_circuit_decorator.py took 0.149 seconds
[2026-09-19T22:52:12.945+0000] {processor.py:156} INFO - Started process (PID=12315) to work on /home/airflow/.local/lib/python3.7/site-packages/airflow/example_dags/example_short_circuit_decorator.py
[2026-09-19T22:52:12.947+0000] {processor.py:799} INFO - Processing file /home/airflow/.local/lib/python3.7/site-packages/airflow/example_dags/example_short_circuit_decorator.py for tasks to queue
[2026-09-19T22:52:12.948+0000] {logging_mixin.py:149} INFO - [2026-09-19T22:52:12.948+0000] {dagbag.py:541} INFO - Filling up the DagBag from /home/airflow/.local/lib/python3.7/site-packages/airflow/example_dags/example_short_circuit_decorator.py
[2026-09-19T22:52:12.972+0000] {processor.py:809} INFO - DAG(s) dict_keys(['example_short_circuit_decorator']) retrieved from /home/airflow/.local/lib/python3.7/site-packages/airflow/example_dags/example_short_circuit_decorator.py
[2026-09-19T22:52:13.025+0000] {logging_mixin.py:149} INFO - [2026-09-19T22:52:13.025+0000] {dag.py:2726} INFO - Sync 1 DAGs
[2026-09-19T22:52:13.072+0000] {logging_mixin.py:149} INFO - [2026-09-19T22:52:13.071+0000] {dag.py:3490} INFO - Setting next_dagrun for example_short_circuit_decorator to 2026-09-18T22:52:13.071481+00:00, run_after=2026-09-19T22:52:13.071481+00:00
[2026-09-19T22:52:13.114+0000] {processor.py:178} INFO - Processing /home/airflow/.local/lib/python3.7/site-packages/airflow/example_dags/example_short_circuit_decorator.py took 0.175 seconds
[2026-09-19T22:52:43.588+0000] {processor.py:156} INFO - Started process (PID=12371) to work on /home/airflow/.local/lib/python3.7/site-packages/airflow/example_dags/example_short_circuit_decorator.py
[2026-09-19T22:52:43.590+0000] {processor.py:799} INFO - Processing file /home/airflow/.local/lib/python3.7/site-packages/airflow/example_dags/example_short_circuit_decorator.py for tasks to queue
[2026-09-19T22:52:43.592+0000] {logging_mixin.py:149} INFO - [2026-09-19T22:52:43.592+0000] {dagbag.py:541} INFO - Filling up the DagBag from /home/airflow/.local/lib/python3.7/site-packages/airflow/example_dags/example_short_circuit_decorator.py
[2026-09-19T22:52:43.609+0000] {processor.py:809} INFO - DAG(s) dict_keys(['example_short_circuit_decorator']) retrieved from /home/airflow/.local/lib/python3.7/site-packages/airflow/example_dags/example_short_circuit_decorator.py
[2026-09-19T22:52:43.664+0000] {logging_mixin.py:149} INFO - [2026-09-19T22:52:43.663+0000] {dag.py:2726} INFO - Sync 1 DAGs
[2026-09-19T22:52:43.710+0000] {logging_mixin.py:149} INFO - [2026-09-19T22:52:43.710+0000] {dag.py:3490} INFO - Setting next_dagrun for example_short_circuit_decorator to 2026-09-18T22:52:43.710027+00:00, run_after=2026-09-19T22:52:43.710027+00:00
[2026-09-19T22:52:43.744+0000] {processor.py:178} INFO - Processing /home/airflow/.local/lib/python3.7/site-packages/airflow/example_dags/example_short_circuit_decorator.py took 0.161 seconds
[2026-09-19T22:53:15.069+0000] {processor.py:156} INFO - Started process (PID=12427) to work on /home/airflow/.local/lib/python3.7/site-packages/airflow/example_dags/example_short_circuit_decorator.py
[2026-09-19T22:53:15.071+0000] {processor.py:799} INFO - Processing file /home/airflow/.local/lib/python3.7/site-packages/airflow/example_dags/example_short_circuit_decorator.py for tasks to queue
[2026-09-19T22:53:15.072+0000] {logging_mixin.py:149} INFO - [2026-09-19T22:53:15.072+0000] {dagbag.py:541} INFO - Filling up the DagBag from /home/airflow/.local/lib/python3.7/site-packages/airflow/example_dags/example_short_circuit_decorator.py
[2026-09-19T22:53:15.092+0000] {processor.py:809} INFO - DAG(s) dict_keys(['example_short_circuit_decorator']) retrieved from /home/airflow/.local/lib/python3.7/site-packages/airflow/example_dags/example_short_circuit_decorator.py
[2026-09-19T22:53:15.139+0000] {logging_mixin.py:149} INFO - [2026-09-19T22:53:15.139+0000] {dag.py:2726} INFO - Sync 1 DAGs
[2026-09-19T22:53:15.183+0000] {logging_mixin.py:149} INFO - [2026-09-19T22:53:15.183+0000] {dag.py:3490} INFO - Setting next_dagrun for example_short_circuit_decorator to 2026-09-18T22:53:15.182700+00:00, run_after=2026-09-19T22:53:15.182700+00:00
[2026-09-19T22:53:15.215+0000] {processor.py:178} INFO - Processing /home/airflow/.local/lib/python3.7/site-packages/airflow/example_dags/example_short_circuit_decorator.py took 0.152 seconds
[2026-09-19T22:53:45.905+0000] {processor.py:156} INFO - Started process (PID=12483) to work on /home/airflow/.local/lib/python3.7/site-packages/airflow/example_dags/example_short_circuit_decorator.py
[2026-09-19T22:53:45.906+0000] {processor.py:799} INFO - Processing file /home/airflow/.local/lib/python3.7/site-packages/airflow/example_dags/example_short_circuit_decorator.py for tasks to queue
[2026-09-19T22:53:45.907+0000] {logging_mixin.py:149} INFO - [2026-09-19T22:53:45.907+0000] {dagbag.py:541} INFO - Filling up the DagBag from /home/airflow/.local/lib/python3.7/site-packages/airflow/example_dags/example_short_circuit_decorator.py
[2026-09-19T22:53:45.927+0000] {processor.py:809} INFO - DAG(s) dict_keys(['example_short_circuit_decorator']) retrieved from /home/airflow/.local/lib/python3.7/site-packages/airflow/example_dags/example_short_circuit_decorator.py
[2026-09-19T22:53:45.972+0000] {logging_mixin.py:149} INFO - [2026-09-19T22:53:45.972+0000] {dag.py:2726} INFO - Sync 1 DAGs
[2026-09-19T22:53:46.016+0000] {logging_mixin.py:149} INFO - [2026-09-19T22:53:46.016+0000] {dag.py:3490} INFO - Setting next_dagrun for example_short_circuit_decorator to 2026-09-18T22:53:46.016148+00:00, run_after=2026-09-19T22:53:46.016148+00:00
[2026-09-19T22:53:46.051+0000] {processor.py:178} INFO - Processing /home/airflow/.local/lib/python3.7/site-packages/airflow/example_dags/example_short_circuit_decorator.py took 0.153 seconds
[2026-09-19T22:54:16.853+0000] {processor.py:156} INFO - Started process (PID=12539) to work on /home/airflow/.local/lib/python3.7/site-packages/airflow/example_dags/example_short_circuit_decorator.py
[2026-09-19T22:54:16.855+0000] {processor.py:799} INFO - Processing file /home/airflow/.local/lib/python3.7/site-packages/airflow/example_dags/example_short_circuit_decorator.py for tasks to queue
[2026-09-19T22:54:16.856+0000] {logging_mixin.py:149} INFO - [2026-09-19T22:54:16.856+0000] {dagbag.py:541} INFO - Filling up the DagBag from /home/airflow/.local/lib/python3.7/site-packages/airflow/example_dags/example_short_circuit_decorator.py
[2026-09-19T22:54:16.871+0000] {processor.py:809} INFO - DAG(s) dict_keys(['example_short_circuit_decorator']) retrieved from /home/airflow/.local/lib/python3.7/site-packages/airflow/example_dags/example_short_circuit_decorator.py
[2026-09-19T22:54:16.917+0000] {logging_mixin.py:149} INFO - [2026-09-19T22:54:16.916+0000] {dag.py:2726} INFO - Sync 1 DAGs
[2026-09-19T22:54:16.958+0000] {logging_mixin.py:149} INFO - [2026-09-19T22:54:16.958+0000] {dag.py:3490} INFO - Setting next_dagrun for example_short_circuit_decorator to 2026-09-18T22:54:16.957786+00:00, run_after=2026-09-19T22:54:16.957786+00:00
[2026-09-19T22:54:16.987+0000] {processor.py:178} INFO - Processing /home/airflow/.local/lib/python3.7/site-packages/airflow/example_dags/example_short_circuit_decorator.py took 0.142 seconds
[2026-09-19T22:54:47.401+0000] {processor.py:156} INFO - Started process (PID=12595) to work on /home/airflow/.local/lib/python3.7/site-packages/airflow/example_dags/example_short_circuit_decorator.py
[2026-09-19T22:54:47.402+0000] {processor.py:799} INFO - Processing file /home/airflow/.local/lib/python3.7/site-packages/airflow/example_dags/example_short_circuit_decorator.py for tasks to queue
[2026-09-19T22:54:47.403+0000] {logging_mixin.py:149} INFO - [2026-09-19T22:54:47.403+0000] {dagbag.py:541} INFO - Filling up the DagBag from /home/airflow/.local/lib/python3.7/site-packages/airflow/example_dags/example_short_circuit_decorator.py
[2026-09-19T22:54:47.421+0000] {processor.py:809} INFO - DAG(s) dict_keys(['example_short_circuit_decorator']) retrieved from /home/airflow/.local/lib/python3.7/site-packages/airflow/example_dags/example_short_circuit_decorator.py
[2026-09-19T22:54:47.471+0000] {logging_mixin.py:149} INFO - [2026-09-19T22:54:47.471+0000] {dag.py:2726} INFO - Sync 1 DAGs
[2026-09-19T22:54:47.517+0000] {logging_mixin.py:149} INFO - [2026-09-19T22:54:47.517+0000] {dag.py:3490} INFO - Setting next_dagrun for example_short_circuit_decorator to 2026-09-18T22:54:47.516959+00:00, run_after=2026-09-19T22:54:47.516959+00:00
[2026-09-19T22:54:47.557+0000] {processor.py:178} INFO - Processing /home/airflow/.local/lib/python3.7/site-packages/airflow/example_dags/example_short_circuit_decorator.py took 0.163 seconds
[2026-09-19T22:55:18.369+0000] {processor.py:156} INFO - Started process (PID=12651) to work on /home/airflow/.local/lib/python3.7/site-packages/airflow/example_dags/example_short_circuit_decorator.py
[2026-09-19T22:55:18.373+0000] {processor.py:799} INFO - Processing file /home/airflow/.local/lib/python3.7/site-packages/airflow/example_dags/example_short_circuit_decorator.py for tasks to queue
[2026-09-19T22:55:18.375+0000] {logging_mixin.py:149} INFO - [2026-09-19T22:55:18.375+0000] {dagbag.py:541} INFO - Filling up the DagBag from /home/airflow/.local/lib/python3.7/site-packages/airflow/example_dags/example_short_circuit_decorator.py
[2026-09-19T22:55:18.395+0000] {processor.py:809} INFO - DAG(s) dict_keys(['example_short_circuit_decorator']) retrieved from /home/airflow/.local/lib/python3.7/site-packages/airflow/example_dags/example_short_circuit_decorator.py
[2026-09-19T22:55:18.446+0000] {logging_mixin.py:149} INFO - [2026-09-19T22:55:18.446+0000] {dag.py:2726} INFO - Sync 1 DAGs
[2026-09-19T22:55:18.491+0000] {logging_mixin.py:149} INFO - [2026-09-19T22:55:18.490+0000] {dag.py:3490} INFO - Setting next_dagrun for example_short_circuit_decorator to 2026-09-18T22:55:18.490423+00:00, run_after=2026-09-19T22:55:18.490423+00:00
[2026-09-19T22:55:18.524+0000] {processor.py:178} INFO - Processing /home/airflow/.local/lib/python3.7/site-packages/airflow/example_dags/example_short_circuit_decorator.py took 0.161 seconds
[2026-09-19T22:55:49.441+0000] {processor.py:156} INFO - Started process (PID=12707) to work on /home/airflow/.local/lib/python3.7/site-packages/airflow/example_dags/example_short_circuit_decorator.py
[2026-09-19T22:55:49.443+0000] {processor.py:799} INFO - Processing file /home/airflow/.local/lib/python3.7/site-packages/airflow/example_dags/example_short_circuit_decorator.py for tasks to queue
[2026-09-19T22:55:49.446+0000] {logging_mixin.py:149} INFO - [2026-09-19T22:55:49.446+0000] {dagbag.py:541} INFO - Filling up the DagBag from /home/airflow/.local/lib/python3.7/site-packages/airflow/example_dags/example_short_circuit_decorator.py
[2026-09-19T22:55:49.465+0000] {processor.py:809} INFO - DAG(s) dict_keys(['example_short_circuit_decorator']) retrieved from /home/airflow/.local/lib/python3.7/site-packages/airflow/example_dags/example_short_circuit_decorator.py
[2026-09-19T22:55:49.511+0000] {logging_mixin.py:149} INFO - [2026-09-19T22:55:49.511+0000] {dag.py:2726} INFO - Sync 1 DAGs
[2026-09-19T22:55:49.560+0000] {logging_mixin.py:149} INFO - [2026-09-19T22:55:49.560+0000] {dag.py:3490} INFO - Setting next_dagrun for example_short_circuit_decorator to 2026-09-18T22:55:49.559760+00:00, run_after=2026-09-19T22:55:49.559760+00:00
[2026-09-19T22:55:49.595+0000] {processor.py:178} INFO - Processing /home/airflow/.local/lib/python3.7/site-packages/airflow/example_dags/example_short_circuit_decorator.py took 0.162 seconds
[2026-09-19T22:56:20.351+0000] {processor.py:156} INFO - Started process (PID=12763) to work on /home/airflow/.local/lib/python3.7/site-packages/airflow/example_dags/example_short_circuit_decorator.py
[2026-09-19T22:56:20.353+0000] {processor.py:799} INFO - Processing file /home/airflow/.local/lib/python3.7/site-packages/airflow/example_dags/example_short_circuit_decorator.py for tasks to queue
[2026-09-19T22:56:20.354+0000] {logging_mixin.py:149} INFO - [2026-09-19T22:56:20.354+0000] {dagbag.py:541} INFO - Filling up the DagBag from /home/airflow/.local/lib/python3.7/site-packages/airflow/example_dags/example_short_circuit_decorator.py
[2026-09-19T22:56:20.371+0000] {processor.py:809} INFO - DAG(s) dict_keys(['example_short_circuit_decorator']) retrieved from /home/airflow/.local/lib/python3.7/site-packages/airflow/example_dags/example_short_circuit_decorator.py
[2026-09-19T22:56:20.416+0000] {logging_mixin.py:149} INFO - [2026-09-19T22:56:20.416+0000] {dag.py:2726} INFO - Sync 1 DAGs
[2026-09-19T22:56:20.462+0000] {logging_mixin.py:149} INFO - [2026-09-19T22:56:20.462+0000] {dag.py:3490} INFO - Setting next_dagrun for example_short_circuit_decorator to 2026-09-18T22:56:20.462133+00:00, run_after=2026-09-19T22:56:20.462133+00:00
[2026-09-19T22:56:20.496+0000] {processor.py:178} INFO - Processing /home/airflow/.local/lib/python3.7/site-packages/airflow/example_dags/example_short_circuit_decorator.py took 0.150 seconds
[2026-09-19T22:56:51.098+0000] {processor.py:156} INFO - Started process (PID=12819) to work on /home/airflow/.local/lib/python3.7/site-packages/airflow/example_dags/example_short_circuit_decorator.py
[2026-09-19T22:56:51.100+0000] {processor.py:799} INFO - Processing file /home/airflow/.local/lib/python3.7/site-packages/airflow/example_dags/example_short_circuit_decorator.py for tasks to queue
[2026-09-19T22:56:51.102+0000] {logging_mixin.py:149} INFO - [2026-09-19T22:56:51.101+0000] {dagbag.py:541} INFO - Filling up the DagBag from /home/airflow/.local/lib/python3.7/site-packages/airflow/example_dags/example_short_circuit_decorator.py
[2026-09-19T22:56:51.119+0000] {processor.py:809} INFO - DAG(s) dict_keys(['example_short_circuit_decorator']) retrieved from /home/airflow/.local/lib/python3.7/site-packages/airflow/example_dags/example_short_circuit_decorator.py
[2026-09-19T22:56:51.168+0000] {logging_mixin.py:149} INFO - [2026-09-19T22:56:51.168+0000] {dag.py:2726} INFO - Sync 1 DAGs
[2026-09-19T22:56:51.211+0000] {logging_mixin.py:149} INFO - [2026-09-19T22:56:51.210+0000] {dag.py:3490} INFO - Setting next_dagrun for example_short_circuit_decorator to 2026-09-18T22:56:51.210564+00:00, run_after=2026-09-19T22:56:51.210564+00:00
[2026-09-19T22:56:51.239+0000] {processor.py:178} INFO - Processing /home/airflow/.local/lib/python3.7/site-packages/airflow/example_dags/example_short_circuit_decorator.py took 0.148 seconds
[2026-09-19T22:57:22.157+0000] {processor.py:156} INFO - Started process (PID=12874) to work on /home/airflow/.local/lib/python3.7/site-packages/airflow/example_dags/example_short_circuit_decorator.py
[2026-09-19T22:57:22.159+0000] {processor.py:799} INFO - Processing file /home/airflow/.local/lib/python3.7/site-packages/airflow/example_dags/example_short_circuit_decorator.py for tasks to queue
[2026-09-19T22:57:22.160+0000] {logging_mixin.py:149} INFO - [2026-09-19T22:57:22.160+0000] {dagbag.py:541} INFO - Filling up the DagBag from /home/airflow/.local/lib/python3.7/site-packages/airflow/example_dags/example_short_circuit_decorator.py
[2026-09-19T22:57:22.178+0000] {processor.py:809} INFO - DAG(s) dict_keys(['example_short_circuit_decorator']) retrieved from /home/airflow/.local/lib/python3.7/site-packages/airflow/example_dags/example_short_circuit_decorator.py
[2026-09-19T22:57:22.222+0000] {logging_mixin.py:149} INFO - [2026-09-19T22:57:22.221+0000] {dag.py:2726} INFO - Sync 1 DAGs
[2026-09-19T22:57:22.266+0000] {logging_mixin.py:149} INFO - [2026-09-19T22:57:22.265+0000] {dag.py:3490} INFO - Setting next_dagrun for example_short_circuit_decorator to 2026-09-18T22:57:22.265395+00:00, run_after=2026-09-19T22:57:22.265395+00:00
[2026-09-19T22:57:22.293+0000] {processor.py:178} INFO - Processing /home/airflow/.local/lib/python3.7/site-packages/airflow/example_dags/example_short_circuit_decorator.py took 0.141 seconds
[2026-09-19T22:57:53.018+0000] {processor.py:156} INFO - Started process (PID=12930) to work on /home/airflow/.local/lib/python3.7/site-packages/airflow/example_dags/example_short_circuit_decorator.py
[2026-09-19T22:57:53.019+0000] {processor.py:799} INFO - Processing file /home/airflow/.local/lib/python3.7/site-packages/airflow/example_dags/example_short_circuit_decorator.py for tasks to queue
[2026-09-19T22:57:53.021+0000] {logging_mixin.py:149} INFO - [2026-09-19T22:57:53.020+0000] {dagbag.py:541} INFO - Filling up the DagBag from /home/airflow/.local/lib/python3.7/site-packages/airflow/example_dags/example_short_circuit_decorator.py
[2026-09-19T22:57:53.038+0000] {processor.py:809} INFO - DAG(s) dict_keys(['example_short_circuit_decorator']) retrieved from /home/airflow/.local/lib/python3.7/site-packages/airflow/example_dags/example_short_circuit_decorator.py
[2026-09-19T22:57:53.084+0000] {logging_mixin.py:149} INFO - [2026-09-19T22:57:53.083+0000] {dag.py:2726} INFO - Sync 1 DAGs
[2026-09-19T22:57:53.124+0000] {logging_mixin.py:149} INFO - [2026-09-19T22:57:53.124+0000] {dag.py:3490} INFO - Setting next_dagrun for example_short_circuit_decorator to 2026-09-18T22:57:53.123857+00:00, run_after=2026-09-19T22:57:53.123857+00:00
[2026-09-19T22:57:53.158+0000] {processor.py:178} INFO - Processing /home/airflow/.local/lib/python3.7/site-packages/airflow/example_dags/example_short_circuit_decorator.py took 0.147 seconds
[2026-09-19T22:58:23.739+0000] {processor.py:156} INFO - Started process (PID=12986) to work on /home/airflow/.local/lib/python3.7/site-packages/airflow/example_dags/example_short_circuit_decorator.py
[2026-09-19T22:58:23.742+0000] {processor.py:799} INFO - Processing file /home/airflow/.local/lib/python3.7/site-packages/airflow/example_dags/example_short_circuit_decorator.py for tasks to queue
[2026-09-19T22:58:23.743+0000] {logging_mixin.py:149} INFO - [2026-09-19T22:58:23.743+0000] {dagbag.py:541} INFO - Filling up the DagBag from /home/airflow/.local/lib/python3.7/site-packages/airflow/example_dags/example_short_circuit_decorator.py
[2026-09-19T22:58:23.762+0000] {processor.py:809} INFO - DAG(s) dict_keys(['example_short_circuit_decorator']) retrieved from /home/airflow/.local/lib/python3.7/site-packages/airflow/example_dags/example_short_circuit_decorator.py
[2026-09-19T22:58:23.820+0000] {logging_mixin.py:149} INFO - [2026-09-19T22:58:23.819+0000] {dag.py:2726} INFO - Sync 1 DAGs
[2026-09-19T22:58:23.863+0000] {logging_mixin.py:149} INFO - [2026-09-19T22:58:23.863+0000] {dag.py:3490} INFO - Setting next_dagrun for example_short_circuit_decorator to 2026-09-18T22:58:23.862750+00:00, run_after=2026-09-19T22:58:23.862750+00:00
[2026-09-19T22:58:23.895+0000] {processor.py:178} INFO - Processing /home/airflow/.local/lib/python3.7/site-packages/airflow/example_dags/example_short_circuit_decorator.py took 0.162 seconds
[2026-09-19T22:58:54.607+0000] {processor.py:156} INFO - Started process (PID=13042) to work on /home/airflow/.local/lib/python3.7/site-packages/airflow/example_dags/example_short_circuit_decorator.py
[2026-09-19T22:58:54.608+0000] {processor.py:799} INFO - Processing file /home/airflow/.local/lib/python3.7/site-packages/airflow/example_dags/example_short_circuit_decorator.py for tasks to queue
[2026-09-19T22:58:54.609+0000] {logging_mixin.py:149} INFO - [2026-09-19T22:58:54.609+0000] {dagbag.py:541} INFO - Filling up the DagBag from /home/airflow/.local/lib/python3.7/site-packages/airflow/example_dags/example_short_circuit_decorator.py
[2026-09-19T22:58:54.635+0000] {processor.py:809} INFO - DAG(s) dict_keys(['example_short_circuit_decorator']) retrieved from /home/airflow/.local/lib/python3.7/site-packages/airflow/example_dags/example_short_circuit_decorator.py
[2026-09-19T22:58:54.690+0000] {logging_mixin.py:149} INFO - [2026-09-19T22:58:54.690+0000] {dag.py:2726} INFO - Sync 1 DAGs
[2026-09-19T22:58:54.740+0000] {logging_mixin.py:149} INFO - [2026-09-19T22:58:54.740+0000] {dag.py:3490} INFO - Setting next_dagrun for example_short_circuit_decorator to 2026-09-18T22:58:54.739838+00:00, run_after=2026-09-19T22:58:54.739838+00:00
[2026-09-19T22:58:54.773+0000] {processor.py:178} INFO - Processing /home/airflow/.local/lib/python3.7/site-packages/airflow/example_dags/example_short_circuit_decorator.py took 0.173 seconds
[2026-09-19T22:59:25.273+0000] {processor.py:156} INFO - Started process (PID=13097) to work on /home/airflow/.local/lib/python3.7/site-packages/airflow/example_dags/example_short_circuit_decorator.py
[2026-09-19T22:59:25.276+0000] {processor.py:799} INFO - Processing file /home/airflow/.local/lib/python3.7/site-packages/airflow/example_dags/example_short_circuit_decorator.py for tasks to queue
[2026-09-19T22:59:25.279+0000] {logging_mixin.py:149} INFO - [2026-09-19T22:59:25.279+0000] {dagbag.py:541} INFO - Filling up the DagBag from /home/airflow/.local/lib/python3.7/site-packages/airflow/example_dags/example_short_circuit_decorator.py
[2026-09-19T22:59:25.318+0000] {processor.py:809} INFO - DAG(s) dict_keys(['example_short_circuit_decorator']) retrieved from /home/airflow/.local/lib/python3.7/site-packages/airflow/example_dags/example_short_circuit_decorator.py
[2026-09-19T22:59:25.374+0000] {logging_mixin.py:149} INFO - [2026-09-19T22:59:25.373+0000] {dag.py:2726} INFO - Sync 1 DAGs
[2026-09-19T22:59:25.424+0000] {logging_mixin.py:149} INFO - [2026-09-19T22:59:25.424+0000] {dag.py:3490} INFO - Setting next_dagrun for example_short_circuit_decorator to 2026-09-18T22:59:25.423914+00:00, run_after=2026-09-19T22:59:25.423914+00:00
[2026-09-19T22:59:25.458+0000] {processor.py:178} INFO - Processing /home/airflow/.local/lib/python3.7/site-packages/airflow/example_dags/example_short_circuit_decorator.py took 0.194 seconds
[2026-09-19T22:59:55.683+0000] {processor.py:156} INFO - Started process (PID=13152) to work on /home/airflow/.local/lib/python3.7/site-packages/airflow/example_dags/example_short_circuit_decorator.py
[2026-09-19T22:59:55.685+0000] {processor.py:799} INFO - Processing file /home/airflow/.local/lib/python3.7/site-packages/airflow/example_dags/example_short_circuit_decorator.py for tasks to queue
[2026-09-19T22:59:55.686+0000] {logging_mixin.py:149} INFO - [2026-09-19T22:59:55.686+0000] {dagbag.py:541} INFO - Filling up the DagBag from /home/airflow/.local/lib/python3.7/site-packages/airflow/example_dags/example_short_circuit_decorator.py
[2026-09-19T22:59:55.705+0000] {processor.py:809} INFO - DAG(s) dict_keys(['example_short_circuit_decorator']) retrieved from /home/airflow/.local/lib/python3.7/site-packages/airflow/example_dags/example_short_circuit_decorator.py
[2026-09-19T22:59:55.760+0000] {logging_mixin.py:149} INFO - [2026-09-19T22:59:55.760+0000] {dag.py:2726} INFO - Sync 1 DAGs
[2026-09-19T22:59:55.807+0000] {logging_mixin.py:149} INFO - [2026-09-19T22:59:55.807+0000] {dag.py:3490} INFO - Setting next_dagrun for example_short_circuit_decorator to 2026-09-18T22:59:55.806872+00:00, run_after=2026-09-19T22:59:55.806872+00:00
[2026-09-19T22:59:55.844+0000] {processor.py:178} INFO - Processing /home/airflow/.local/lib/python3.7/site-packages/airflow/example_dags/example_short_circuit_decorator.py took 0.167 seconds
[2026-09-19T23:00:26.528+0000] {processor.py:156} INFO - Started process (PID=13208) to work on /home/airflow/.local/lib/python3.7/site-packages/airflow/example_dags/example_short_circuit_decorator.py
[2026-09-19T23:00:26.530+0000] {processor.py:799} INFO - Processing file /home/airflow/.local/lib/python3.7/site-packages/airflow/example_dags/example_short_circuit_decorator.py for tasks to queue
[2026-09-19T23:00:26.531+0000] {logging_mixin.py:149} INFO - [2026-09-19T23:00:26.531+0000] {dagbag.py:541} INFO - Filling up the DagBag from /home/airflow/.local/lib/python3.7/site-packages/airflow/example_dags/example_short_circuit_decorator.py
[2026-09-19T23:00:26.552+0000] {processor.py:809} INFO - DAG(s) dict_keys(['example_short_circuit_decorator']) retrieved from /home/airflow/.local/lib/python3.7/site-packages/airflow/example_dags/example_short_circuit_decorator.py
[2026-09-19T23:00:26.602+0000] {logging_mixin.py:149} INFO - [2026-09-19T23:00:26.602+0000] {dag.py:2726} INFO - Sync 1 DAGs
[2026-09-19T23:00:26.646+0000] {logging_mixin.py:149} INFO - [2026-09-19T23:00:26.646+0000] {dag.py:3490} INFO - Setting next_dagrun for example_short_circuit_decorator to 2026-09-18T23:00:26.645713+00:00, run_after=2026-09-19T23:00:26.645713+00:00
[2026-09-19T23:00:26.678+0000] {processor.py:178} INFO - Processing /home/airflow/.local/lib/python3.7/site-packages/airflow/example_dags/example_short_circuit_decorator.py took 0.156 seconds
[2026-09-19T23:00:56.908+0000] {processor.py:156} INFO - Started process (PID=13264) to work on /home/airflow/.local/lib/python3.7/site-packages/airflow/example_dags/example_short_circuit_decorator.py
[2026-09-19T23:00:56.910+0000] {processor.py:799} INFO - Processing file /home/airflow/.local/lib/python3.7/site-packages/airflow/example_dags/example_short_circuit_decorator.py for tasks to queue
[2026-09-19T23:00:56.911+0000] {logging_mixin.py:149} INFO - [2026-09-19T23:00:56.911+0000] {dagbag.py:541} INFO - Filling up the DagBag from /home/airflow/.local/lib/python3.7/site-packages/airflow/example_dags/example_short_circuit_decorator.py
[2026-09-19T23:00:56.928+0000] {processor.py:809} INFO - DAG(s) dict_keys(['example_short_circuit_decorator']) retrieved from /home/airflow/.local/lib/python3.7/site-packages/airflow/example_dags/example_short_circuit_decorator.py
[2026-09-19T23:00:56.973+0000] {logging_mixin.py:149} INFO - [2026-09-19T23:00:56.972+0000] {dag.py:2726} INFO - Sync 1 DAGs
[2026-09-19T23:00:57.021+0000] {logging_mixin.py:149} INFO - [2026-09-19T23:00:57.021+0000] {dag.py:3490} INFO - Setting next_dagrun for example_short_circuit_decorator to 2026-09-18T23:00:57.020826+00:00, run_after=2026-09-19T23:00:57.020826+00:00
[2026-09-19T23:00:57.050+0000] {processor.py:178} INFO - Processing /home/airflow/.local/lib/python3.7/site-packages/airflow/example_dags/example_short_circuit_decorator.py took 0.148 seconds
[2026-09-19T23:01:27.264+0000] {processor.py:156} INFO - Started process (PID=13320) to work on /home/airflow/.local/lib/python3.7/site-packages/airflow/example_dags/example_short_circuit_decorator.py
[2026-09-19T23:01:27.266+0000] {processor.py:799} INFO - Processing file /home/airflow/.local/lib/python3.7/site-packages/airflow/example_dags/example_short_circuit_decorator.py for tasks to queue
[2026-09-19T23:01:27.267+0000] {logging_mixin.py:149} INFO - [2026-09-19T23:01:27.267+0000] {dagbag.py:541} INFO - Filling up the DagBag from /home/airflow/.local/lib/python3.7/site-packages/airflow/example_dags/example_short_circuit_decorator.py
[2026-09-19T23:01:27.287+0000] {processor.py:809} INFO - DAG(s) dict_keys(['example_short_circuit_decorator']) retrieved from /home/airflow/.local/lib/python3.7/site-packages/airflow/example_dags/example_short_circuit_decorator.py
[2026-09-19T23:01:27.340+0000] {logging_mixin.py:149} INFO - [2026-09-19T23:01:27.340+0000] {dag.py:2726} INFO - Sync 1 DAGs
[2026-09-19T23:01:27.390+0000] {logging_mixin.py:149} INFO - [2026-09-19T23:01:27.390+0000] {dag.py:3490} INFO - Setting next_dagrun for example_short_circuit_decorator to 2026-09-18T23:01:27.389966+00:00, run_after=2026-09-19T23:01:27.389966+00:00
[2026-09-19T23:01:27.427+0000] {processor.py:178} INFO - Processing /home/airflow/.local/lib/python3.7/site-packages/airflow/example_dags/example_short_circuit_decorator.py took 0.170 seconds
[2026-09-19T23:01:57.708+0000] {processor.py:156} INFO - Started process (PID=13376) to work on /home/airflow/.local/lib/python3.7/site-packages/airflow/example_dags/example_short_circuit_decorator.py
[2026-09-19T23:01:57.709+0000] {processor.py:799} INFO - Processing file /home/airflow/.local/lib/python3.7/site-packages/airflow/example_dags/example_short_circuit_decorator.py for tasks to queue
[2026-09-19T23:01:57.710+0000] {logging_mixin.py:149} INFO - [2026-09-19T23:01:57.710+0000] {dagbag.py:541} INFO - Filling up the DagBag from /home/airflow/.local/lib/python3.7/site-packages/airflow/example_dags/example_short_circuit_decorator.py
[2026-09-19T23:01:57.740+0000] {processor.py:809} INFO - DAG(s) dict_keys(['example_short_circuit_decorator']) retrieved from /home/airflow/.local/lib/python3.7/site-packages/airflow/example_dags/example_short_circuit_decorator.py
[2026-09-19T23:01:57.797+0000] {logging_mixin.py:149} INFO - [2026-09-19T23:01:57.796+0000] {dag.py:2726} INFO - Sync 1 DAGs
[2026-09-19T23:01:57.846+0000] {logging_mixin.py:149} INFO - [2026-09-19T23:01:57.845+0000] {dag.py:3490} INFO - Setting next_dagrun for example_short_circuit_decorator to 2026-09-18T23:01:57.845501+00:00, run_after=2026-09-19T23:01:57.845501+00:00
[2026-09-19T23:01:57.880+0000] {processor.py:178} INFO - Processing /home/airflow/.local/lib/python3.7/site-packages/airflow/example_dags/example_short_circuit_decorator.py took 0.179 seconds
[2026-09-19T23:02:28.591+0000] {processor.py:156} INFO - Started process (PID=13432) to work on /home/airflow/.local/lib/python3.7/site-packages/airflow/example_dags/example_short_circuit_decorator.py
[2026-09-19T23:02:28.593+0000] {processor.py:799} INFO - Processing file /home/airflow/.local/lib/python3.7/site-packages/airflow/example_dags/example_short_circuit_decorator.py for tasks to queue
[2026-09-19T23:02:28.594+0000] {logging_mixin.py:149} INFO - [2026-09-19T23:02:28.594+0000] {dagbag.py:541} INFO - Filling up the DagBag from /home/airflow/.local/lib/python3.7/site-packages/airflow/example_dags/example_short_circuit_decorator.py
[2026-09-19T23:02:28.615+0000] {processor.py:809} INFO - DAG(s) dict_keys(['example_short_circuit_decorator']) retrieved from /home/airflow/.local/lib/python3.7/site-packages/airflow/example_dags/example_short_circuit_decorator.py
[2026-09-19T23:02:28.658+0000] {logging_mixin.py:149} INFO - [2026-09-19T23:02:28.658+0000] {dag.py:2726} INFO - Sync 1 DAGs
[2026-09-19T23:02:28.702+0000] {logging_mixin.py:149} INFO - [2026-09-19T23:02:28.702+0000] {dag.py:3490} INFO - Setting next_dagrun for example_short_circuit_decorator to 2026-09-18T23:02:28.701670+00:00, run_after=2026-09-19T23:02:28.701670+00:00
[2026-09-19T23:02:28.744+0000] {processor.py:178} INFO - Processing /home/airflow/.local/lib/python3.7/site-packages/airflow/example_dags/example_short_circuit_decorator.py took 0.160 seconds
[2026-09-19T23:02:58.976+0000] {processor.py:156} INFO - Started process (PID=13488) to work on /home/airflow/.local/lib/python3.7/site-packages/airflow/example_dags/example_short_circuit_decorator.py
[2026-09-19T23:02:58.979+0000] {processor.py:799} INFO - Processing file /home/airflow/.local/lib/python3.7/site-packages/airflow/example_dags/example_short_circuit_decorator.py for tasks to queue
[2026-09-19T23:02:58.980+0000] {logging_mixin.py:149} INFO - [2026-09-19T23:02:58.980+0000] {dagbag.py:541} INFO - Filling up the DagBag from /home/airflow/.local/lib/python3.7/site-packages/airflow/example_dags/example_short_circuit_decorator.py
[2026-09-19T23:02:59.000+0000] {processor.py:809} INFO - DAG(s) dict_keys(['example_short_circuit_decorator']) retrieved from /home/airflow/.local/lib/python3.7/site-packages/airflow/example_dags/example_short_circuit_decorator.py
[2026-09-19T23:02:59.049+0000] {logging_mixin.py:149} INFO - [2026-09-19T23:02:59.049+0000] {dag.py:2726} INFO - Sync 1 DAGs
[2026-09-19T23:02:59.096+0000] {logging_mixin.py:149} INFO - [2026-09-19T23:02:59.096+0000] {dag.py:3490} INFO - Setting next_dagrun for example_short_circuit_decorator to 2026-09-18T23:02:59.096027+00:00, run_after=2026-09-19T23:02:59.096027+00:00
[2026-09-19T23:02:59.128+0000] {processor.py:178} INFO - Processing /home/airflow/.local/lib/python3.7/site-packages/airflow/example_dags/example_short_circuit_decorator.py took 0.159 seconds
[2026-09-19T23:03:29.384+0000] {processor.py:156} INFO - Started process (PID=13544) to work on /home/airflow/.local/lib/python3.7/site-packages/airflow/example_dags/example_short_circuit_decorator.py
[2026-09-19T23:03:29.386+0000] {processor.py:799} INFO - Processing file /home/airflow/.local/lib/python3.7/site-packages/airflow/example_dags/example_short_circuit_decorator.py for tasks to queue
[2026-09-19T23:03:29.387+0000] {logging_mixin.py:149} INFO - [2026-09-19T23:03:29.387+0000] {dagbag.py:541} INFO - Filling up the DagBag from /home/airflow/.local/lib/python3.7/site-packages/airflow/example_dags/example_short_circuit_decorator.py
[2026-09-19T23:03:29.414+0000] {processor.py:809} INFO - DAG(s) dict_keys(['example_short_circuit_decorator']) retrieved from /home/airflow/.local/lib/python3.7/site-packages/airflow/example_dags/example_short_circuit_decorator.py
[2026-09-19T23:03:29.465+0000] {logging_mixin.py:149} INFO - [2026-09-19T23:03:29.465+0000] {dag.py:2726} INFO - Sync 1 DAGs
[2026-09-19T23:03:29.520+0000] {logging_mixin.py:149} INFO - [2026-09-19T23:03:29.519+0000] {dag.py:3490} INFO - Setting next_dagrun for example_short_circuit_decorator to 2026-09-18T23:03:29.519435+00:00, run_after=2026-09-19T23:03:29.519435+00:00
[2026-09-19T23:03:29.555+0000] {processor.py:178} INFO - Processing /home/airflow/.local/lib/python3.7/site-packages/airflow/example_dags/example_short_circuit_decorator.py took 0.180 seconds
[2026-09-19T23:04:00.143+0000] {processor.py:156} INFO - Started process (PID=13600) to work on /home/airflow/.local/lib/python3.7/site-packages/airflow/example_dags/example_short_circuit_decorator.py
[2026-09-19T23:04:00.152+0000] {processor.py:799} INFO - Processing file /home/airflow/.local/lib/python3.7/site-packages/airflow/example_dags/example_short_circuit_decorator.py for tasks to queue
[2026-09-19T23:04:00.153+0000] {logging_mixin.py:149} INFO - [2026-09-19T23:04:00.153+0000] {dagbag.py:541} INFO - Filling up the DagBag from /home/airflow/.local/lib/python3.7/site-packages/airflow/example_dags/example_short_circuit_decorator.py
[2026-09-19T23:04:00.172+0000] {processor.py:809} INFO - DAG(s) dict_keys(['example_short_circuit_decorator']) retrieved from /home/airflow/.local/lib/python3.7/site-packages/airflow/example_dags/example_short_circuit_decorator.py
[2026-09-19T23:04:00.224+0000] {logging_mixin.py:149} INFO - [2026-09-19T23:04:00.224+0000] {dag.py:2726} INFO - Sync 1 DAGs
[2026-09-19T23:04:00.274+0000] {logging_mixin.py:149} INFO - [2026-09-19T23:04:00.274+0000] {dag.py:3490} INFO - Setting next_dagrun for example_short_circuit_decorator to 2026-09-18T23:04:00.273762+00:00, run_after=2026-09-19T23:04:00.273762+00:00
[2026-09-19T23:04:00.309+0000] {processor.py:178} INFO - Processing /home/airflow/.local/lib/python3.7/site-packages/airflow/example_dags/example_short_circuit_decorator.py took 0.173 seconds
[2026-09-19T23:04:30.889+0000] {processor.py:156} INFO - Started process (PID=13656) to work on /home/airflow/.local/lib/python3.7/site-packages/airflow/example_dags/example_short_circuit_decorator.py
[2026-09-19T23:04:30.891+0000] {processor.py:799} INFO - Processing file /home/airflow/.local/lib/python3.7/site-packages/airflow/example_dags/example_short_circuit_decorator.py for tasks to queue
[2026-09-19T23:04:30.892+0000] {logging_mixin.py:149} INFO - [2026-09-19T23:04:30.892+0000] {dagbag.py:541} INFO - Filling up the DagBag from /home/airflow/.local/lib/python3.7/site-packages/airflow/example_dags/example_short_circuit_decorator.py
[2026-09-19T23:04:30.910+0000] {processor.py:809} INFO - DAG(s) dict_keys(['example_short_circuit_decorator']) retrieved from /home/airflow/.local/lib/python3.7/site-packages/airflow/example_dags/example_short_circuit_decorator.py
[2026-09-19T23:04:30.961+0000] {logging_mixin.py:149} INFO - [2026-09-19T23:04:30.961+0000] {dag.py:2726} INFO - Sync 1 DAGs
[2026-09-19T23:04:31.006+0000] {logging_mixin.py:149} INFO - [2026-09-19T23:04:31.006+0000] {dag.py:3490} INFO - Setting next_dagrun for example_short_circuit_decorator to 2026-09-18T23:04:31.005915+00:00, run_after=2026-09-19T23:04:31.005915+00:00
[2026-09-19T23:04:31.043+0000] {processor.py:178} INFO - Processing /home/airflow/.local/lib/python3.7/site-packages/airflow/example_dags/example_short_circuit_decorator.py took 0.160 seconds
[2026-09-19T23:05:01.280+0000] {processor.py:156} INFO - Started process (PID=13712) to work on /home/airflow/.local/lib/python3.7/site-packages/airflow/example_dags/example_short_circuit_decorator.py
[2026-09-19T23:05:01.281+0000] {processor.py:799} INFO - Processing file /home/airflow/.local/lib/python3.7/site-packages/airflow/example_dags/example_short_circuit_decorator.py for tasks to queue
[2026-09-19T23:05:01.282+0000] {logging_mixin.py:149} INFO - [2026-09-19T23:05:01.282+0000] {dagbag.py:541} INFO - Filling up the DagBag from /home/airflow/.local/lib/python3.7/site-packages/airflow/example_dags/example_short_circuit_decorator.py
[2026-09-19T23:05:01.300+0000] {processor.py:809} INFO - DAG(s) dict_keys(['example_short_circuit_decorator']) retrieved from /home/airflow/.local/lib/python3.7/site-packages/airflow/example_dags/example_short_circuit_decorator.py
[2026-09-19T23:05:01.351+0000] {logging_mixin.py:149} INFO - [2026-09-19T23:05:01.351+0000] {dag.py:2726} INFO - Sync 1 DAGs
[2026-09-19T23:05:01.399+0000] {logging_mixin.py:149} INFO - [2026-09-19T23:05:01.399+0000] {dag.py:3490} INFO - Setting next_dagrun for example_short_circuit_decorator to 2026-09-18T23:05:01.398606+00:00, run_after=2026-09-19T23:05:01.398606+00:00
[2026-09-19T23:05:01.433+0000] {processor.py:178} INFO - Processing /home/airflow/.local/lib/python3.7/site-packages/airflow/example_dags/example_short_circuit_decorator.py took 0.159 seconds
[2026-09-19T23:05:31.688+0000] {processor.py:156} INFO - Started process (PID=13768) to work on /home/airflow/.local/lib/python3.7/site-packages/airflow/example_dags/example_short_circuit_decorator.py
[2026-09-19T23:05:31.690+0000] {processor.py:799} INFO - Processing file /home/airflow/.local/lib/python3.7/site-packages/airflow/example_dags/example_short_circuit_decorator.py for tasks to queue
[2026-09-19T23:05:31.691+0000] {logging_mixin.py:149} INFO - [2026-09-19T23:05:31.691+0000] {dagbag.py:541} INFO - Filling up the DagBag from /home/airflow/.local/lib/python3.7/site-packages/airflow/example_dags/example_short_circuit_decorator.py
[2026-09-19T23:05:31.707+0000] {processor.py:809} INFO - DAG(s) dict_keys(['example_short_circuit_decorator']) retrieved from /home/airflow/.local/lib/python3.7/site-packages/airflow/example_dags/example_short_circuit_decorator.py
[2026-09-19T23:05:31.749+0000] {logging_mixin.py:149} INFO - [2026-09-19T23:05:31.749+0000] {dag.py:2726} INFO - Sync 1 DAGs
[2026-09-19T23:05:31.791+0000] {logging_mixin.py:149} INFO - [2026-09-19T23:05:31.791+0000] {dag.py:3490} INFO - Setting next_dagrun for example_short_circuit_decorator to 2026-09-18T23:05:31.790871+00:00, run_after=2026-09-19T23:05:31.790871+00:00
[2026-09-19T23:05:31.821+0000] {processor.py:178} INFO - Processing /home/airflow/.local/lib/python3.7/site-packages/airflow/example_dags/example_short_circuit_decorator.py took 0.139 seconds
[2026-09-19T23:06:02.076+0000] {processor.py:156} INFO - Started process (PID=13824) to work on /home/airflow/.local/lib/python3.7/site-packages/airflow/example_dags/example_short_circuit_decorator.py
[2026-09-19T23:06:02.078+0000] {processor.py:799} INFO - Processing file /home/airflow/.local/lib/python3.7/site-packages/airflow/example_dags/example_short_circuit_decorator.py for tasks to queue
[2026-09-19T23:06:02.081+0000] {logging_mixin.py:149} INFO - [2026-09-19T23:06:02.081+0000] {dagbag.py:541} INFO - Filling up the DagBag from /home/airflow/.local/lib/python3.7/site-packages/airflow/example_dags/example_short_circuit_decorator.py
[2026-09-19T23:06:02.099+0000] {processor.py:809} INFO - DAG(s) dict_keys(['example_short_circuit_decorator']) retrieved from /home/airflow/.local/lib/python3.7/site-packages/airflow/example_dags/example_short_circuit_decorator.py
[2026-09-19T23:06:02.144+0000] {logging_mixin.py:149} INFO - [2026-09-19T23:06:02.144+0000] {dag.py:2726} INFO - Sync 1 DAGs
[2026-09-19T23:06:02.189+0000] {logging_mixin.py:149} INFO - [2026-09-19T23:06:02.189+0000] {dag.py:3490} INFO - Setting next_dagrun for example_short_circuit_decorator to 2026-09-18T23:06:02.188645+00:00, run_after=2026-09-19T23:06:02.188645+00:00
[2026-09-19T23:06:02.216+0000] {processor.py:178} INFO - Processing /home/airflow/.local/lib/python3.7/site-packages/airflow/example_dags/example_short_circuit_decorator.py took 0.147 seconds
[2026-09-19T23:06:32.511+0000] {processor.py:156} INFO - Started process (PID=13880) to work on /home/airflow/.local/lib/python3.7/site-packages/airflow/example_dags/example_short_circuit_decorator.py
[2026-09-19T23:06:32.513+0000] {processor.py:799} INFO - Processing file /home/airflow/.local/lib/python3.7/site-packages/airflow/example_dags/example_short_circuit_decorator.py for tasks to queue
[2026-09-19T23:06:32.514+0000] {logging_mixin.py:149} INFO - [2026-09-19T23:06:32.514+0000] {dagbag.py:541} INFO - Filling up the DagBag from /home/airflow/.local/lib/python3.7/site-packages/airflow/example_dags/example_short_circuit_decorator.py
[2026-09-19T23:06:32.535+0000] {processor.py:809} INFO - DAG(s) dict_keys(['example_short_circuit_decorator']) retrieved from /home/airflow/.local/lib/python3.7/site-packages/airflow/example_dags/example_short_circuit_decorator.py
[2026-09-19T23:06:32.588+0000] {logging_mixin.py:149} INFO - [2026-09-19T23:06:32.587+0000] {dag.py:2726} INFO - Sync 1 DAGs
[2026-09-19T23:06:32.639+0000] {logging_mixin.py:149} INFO - [2026-09-19T23:06:32.638+0000] {dag.py:3490} INFO - Setting next_dagrun for example_short_circuit_decorator to 2026-09-18T23:06:32.638368+00:00, run_after=2026-09-19T23:06:32.638368+00:00
[2026-09-19T23:06:32.671+0000] {processor.py:178} INFO - Processing /home/airflow/.local/lib/python3.7/site-packages/airflow/example_dags/example_short_circuit_decorator.py took 0.166 seconds
[2026-09-19T23:07:02.813+0000] {processor.py:156} INFO - Started process (PID=13936) to work on /home/airflow/.local/lib/python3.7/site-packages/airflow/example_dags/example_short_circuit_decorator.py
[2026-09-19T23:07:02.814+0000] {processor.py:799} INFO - Processing file /home/airflow/.local/lib/python3.7/site-packages/airflow/example_dags/example_short_circuit_decorator.py for tasks to queue
[2026-09-19T23:07:02.815+0000] {logging_mixin.py:149} INFO - [2026-09-19T23:07:02.815+0000] {dagbag.py:541} INFO - Filling up the DagBag from /home/airflow/.local/lib/python3.7/site-packages/airflow/example_dags/example_short_circuit_decorator.py
[2026-09-19T23:07:02.834+0000] {processor.py:809} INFO - DAG(s) dict_keys(['example_short_circuit_decorator']) retrieved from /home/airflow/.local/lib/python3.7/site-packages/airflow/example_dags/example_short_circuit_decorator.py
[2026-09-19T23:07:02.887+0000] {logging_mixin.py:149} INFO - [2026-09-19T23:07:02.887+0000] {dag.py:2726} INFO - Sync 1 DAGs
[2026-09-19T23:07:02.930+0000] {logging_mixin.py:149} INFO - [2026-09-19T23:07:02.929+0000] {dag.py:3490} INFO - Setting next_dagrun for example_short_circuit_decorator to 2026-09-18T23:07:02.929572+00:00, run_after=2026-09-19T23:07:02.929572+00:00
[2026-09-19T23:07:02.958+0000] {processor.py:178} INFO - Processing /home/airflow/.local/lib/python3.7/site-packages/airflow/example_dags/example_short_circuit_decorator.py took 0.151 seconds
[2026-09-19T23:07:33.142+0000] {processor.py:156} INFO - Started process (PID=13992) to work on /home/airflow/.local/lib/python3.7/site-packages/airflow/example_dags/example_short_circuit_decorator.py
[2026-09-19T23:07:33.144+0000] {processor.py:799} INFO - Processing file /home/airflow/.local/lib/python3.7/site-packages/airflow/example_dags/example_short_circuit_decorator.py for tasks to queue
[2026-09-19T23:07:33.145+0000] {logging_mixin.py:149} INFO - [2026-09-19T23:07:33.145+0000] {dagbag.py:541} INFO - Filling up the DagBag from /home/airflow/.local/lib/python3.7/site-packages/airflow/example_dags/example_short_circuit_decorator.py
[2026-09-19T23:07:33.163+0000] {processor.py:809} INFO - DAG(s) dict_keys(['example_short_circuit_decorator']) retrieved from /home/airflow/.local/lib/python3.7/site-packages/airflow/example_dags/example_short_circuit_decorator.py
[2026-09-19T23:07:33.206+0000] {logging_mixin.py:149} INFO - [2026-09-19T23:07:33.206+0000] {dag.py:2726} INFO - Sync 1 DAGs
[2026-09-19T23:07:33.253+0000] {logging_mixin.py:149} INFO - [2026-09-19T23:07:33.253+0000] {dag.py:3490} INFO - Setting next_dagrun for example_short_circuit_decorator to 2026-09-18T23:07:33.252846+00:00, run_after=2026-09-19T23:07:33.252846+00:00
[2026-09-19T23:07:33.285+0000] {processor.py:178} INFO - Processing /home/airflow/.local/lib/python3.7/site-packages/airflow/example_dags/example_short_circuit_decorator.py took 0.153 seconds
[2026-09-19T23:08:03.570+0000] {processor.py:156} INFO - Started process (PID=14048) to work on /home/airflow/.local/lib/python3.7/site-packages/airflow/example_dags/example_short_circuit_decorator.py
[2026-09-19T23:08:03.572+0000] {processor.py:799} INFO - Processing file /home/airflow/.local/lib/python3.7/site-packages/airflow/example_dags/example_short_circuit_decorator.py for tasks to queue
[2026-09-19T23:08:03.573+0000] {logging_mixin.py:149} INFO - [2026-09-19T23:08:03.573+0000] {dagbag.py:541} INFO - Filling up the DagBag from /home/airflow/.local/lib/python3.7/site-packages/airflow/example_dags/example_short_circuit_decorator.py
[2026-09-19T23:08:03.594+0000] {processor.py:809} INFO - DAG(s) dict_keys(['example_short_circuit_decorator']) retrieved from /home/airflow/.local/lib/python3.7/site-packages/airflow/example_dags/example_short_circuit_decorator.py
[2026-09-19T23:08:03.647+0000] {logging_mixin.py:149} INFO - [2026-09-19T23:08:03.647+0000] {dag.py:2726} INFO - Sync 1 DAGs
[2026-09-19T23:08:03.701+0000] {logging_mixin.py:149} INFO - [2026-09-19T23:08:03.700+0000] {dag.py:3490} INFO - Setting next_dagrun for example_short_circuit_decorator to 2026-09-18T23:08:03.700149+00:00, run_after=2026-09-19T23:08:03.700149+00:00
[2026-09-19T23:08:03.732+0000] {processor.py:178} INFO - Processing /home/airflow/.local/lib/python3.7/site-packages/airflow/example_dags/example_short_circuit_decorator.py took 0.170 seconds
[2026-09-19T23:08:34.391+0000] {processor.py:156} INFO - Started process (PID=14104) to work on /home/airflow/.local/lib/python3.7/site-packages/airflow/example_dags/example_short_circuit_decorator.py
[2026-09-19T23:08:34.393+0000] {processor.py:799} INFO - Processing file /home/airflow/.local/lib/python3.7/site-packages/airflow/example_dags/example_short_circuit_decorator.py for tasks to queue
[2026-09-19T23:08:34.394+0000] {logging_mixin.py:149} INFO - [2026-09-19T23:08:34.394+0000] {dagbag.py:541} INFO - Filling up the DagBag from /home/airflow/.local/lib/python3.7/site-packages/airflow/example_dags/example_short_circuit_decorator.py
[2026-09-19T23:08:34.412+0000] {processor.py:809} INFO - DAG(s) dict_keys(['example_short_circuit_decorator']) retrieved from /home/airflow/.local/lib/python3.7/site-packages/airflow/example_dags/example_short_circuit_decorator.py
[2026-09-19T23:08:34.461+0000] {logging_mixin.py:149} INFO - [2026-09-19T23:08:34.461+0000] {dag.py:2726} INFO - Sync 1 DAGs
[2026-09-19T23:08:34.508+0000] {logging_mixin.py:149} INFO - [2026-09-19T23:08:34.508+0000] {dag.py:3490} INFO - Setting next_dagrun for example_short_circuit_decorator to 2026-09-18T23:08:34.507893+00:00, run_after=2026-09-19T23:08:34.507893+00:00
[2026-09-19T23:08:34.543+0000] {processor.py:178} INFO - Processing /home/airflow/.local/lib/python3.7/site-packages/airflow/example_dags/example_short_circuit_decorator.py took 0.159 seconds
[2026-09-19T23:09:05.366+0000] {processor.py:156} INFO - Started process (PID=14160) to work on /home/airflow/.local/lib/python3.7/site-packages/airflow/example_dags/example_short_circuit_decorator.py
[2026-09-19T23:09:05.369+0000] {processor.py:799} INFO - Processing file /home/airflow/.local/lib/python3.7/site-packages/airflow/example_dags/example_short_circuit_decorator.py for tasks to queue
[2026-09-19T23:09:05.371+0000] {logging_mixin.py:149} INFO - [2026-09-19T23:09:05.371+0000] {dagbag.py:541} INFO - Filling up the DagBag from /home/airflow/.local/lib/python3.7/site-packages/airflow/example_dags/example_short_circuit_decorator.py
[2026-09-19T23:09:05.415+0000] {processor.py:809} INFO - DAG(s) dict_keys(['example_short_circuit_decorator']) retrieved from /home/airflow/.local/lib/python3.7/site-packages/airflow/example_dags/example_short_circuit_decorator.py
[2026-09-19T23:09:05.487+0000] {logging_mixin.py:149} INFO - [2026-09-19T23:09:05.486+0000] {dag.py:2726} INFO - Sync 1 DAGs
[2026-09-19T23:09:05.555+0000] {logging_mixin.py:149} INFO - [2026-09-19T23:09:05.554+0000] {dag.py:3490} INFO - Setting next_dagrun for example_short_circuit_decorator to 2026-09-18T23:09:05.554344+00:00, run_after=2026-09-19T23:09:05.554344+00:00
[2026-09-19T23:09:05.603+0000] {processor.py:178} INFO - Processing /home/airflow/.local/lib/python3.7/site-packages/airflow/example_dags/example_short_circuit_decorator.py took 0.250 seconds
[2026-09-19T23:09:36.064+0000] {processor.py:156} INFO - Started process (PID=14216) to work on /home/airflow/.local/lib/python3.7/site-packages/airflow/example_dags/example_short_circuit_decorator.py
[2026-09-19T23:09:36.068+0000] {processor.py:799} INFO - Processing file /home/airflow/.local/lib/python3.7/site-packages/airflow/example_dags/example_short_circuit_decorator.py for tasks to queue
[2026-09-19T23:09:36.069+0000] {logging_mixin.py:149} INFO - [2026-09-19T23:09:36.069+0000] {dagbag.py:541} INFO - Filling up the DagBag from /home/airflow/.local/lib/python3.7/site-packages/airflow/example_dags/example_short_circuit_decorator.py
[2026-09-19T23:09:36.086+0000] {processor.py:809} INFO - DAG(s) dict_keys(['example_short_circuit_decorator']) retrieved from /home/airflow/.local/lib/python3.7/site-packages/airflow/example_dags/example_short_circuit_decorator.py
[2026-09-19T23:09:36.148+0000] {logging_mixin.py:149} INFO - [2026-09-19T23:09:36.148+0000] {dag.py:2726} INFO - Sync 1 DAGs
[2026-09-19T23:09:36.199+0000] {logging_mixin.py:149} INFO - [2026-09-19T23:09:36.198+0000] {dag.py:3490} INFO - Setting next_dagrun for example_short_circuit_decorator to 2026-09-18T23:09:36.198326+00:00, run_after=2026-09-19T23:09:36.198326+00:00
[2026-09-19T23:09:36.233+0000] {processor.py:178} INFO - Processing /home/airflow/.local/lib/python3.7/site-packages/airflow/example_dags/example_short_circuit_decorator.py took 0.177 seconds
[2026-09-19T23:10:06.924+0000] {processor.py:156} INFO - Started process (PID=14272) to work on /home/airflow/.local/lib/python3.7/site-packages/airflow/example_dags/example_short_circuit_decorator.py
[2026-09-19T23:10:06.926+0000] {processor.py:799} INFO - Processing file /home/airflow/.local/lib/python3.7/site-packages/airflow/example_dags/example_short_circuit_decorator.py for tasks to queue
[2026-09-19T23:10:06.927+0000] {logging_mixin.py:149} INFO - [2026-09-19T23:10:06.926+0000] {dagbag.py:541} INFO - Filling up the DagBag from /home/airflow/.local/lib/python3.7/site-packages/airflow/example_dags/example_short_circuit_decorator.py
[2026-09-19T23:10:06.948+0000] {processor.py:809} INFO - DAG(s) dict_keys(['example_short_circuit_decorator']) retrieved from /home/airflow/.local/lib/python3.7/site-packages/airflow/example_dags/example_short_circuit_decorator.py
[2026-09-19T23:10:06.998+0000] {logging_mixin.py:149} INFO - [2026-09-19T23:10:06.997+0000] {dag.py:2726} INFO - Sync 1 DAGs
[2026-09-19T23:10:07.043+0000] {logging_mixin.py:149} INFO - [2026-09-19T23:10:07.043+0000] {dag.py:3490} INFO - Setting next_dagrun for example_short_circuit_decorator to 2026-09-18T23:10:07.042973+00:00, run_after=2026-09-19T23:10:07.042973+00:00
[2026-09-19T23:10:07.074+0000] {processor.py:178} INFO - Processing /home/airflow/.local/lib/python3.7/site-packages/airflow/example_dags/example_short_circuit_decorator.py took 0.156 seconds
[2026-09-19T23:10:37.565+0000] {processor.py:156} INFO - Started process (PID=14328) to work on /home/airflow/.local/lib/python3.7/site-packages/airflow/example_dags/example_short_circuit_decorator.py
[2026-09-19T23:10:37.568+0000] {processor.py:799} INFO - Processing file /home/airflow/.local/lib/python3.7/site-packages/airflow/example_dags/example_short_circuit_decorator.py for tasks to queue
[2026-09-19T23:10:37.569+0000] {logging_mixin.py:149} INFO - [2026-09-19T23:10:37.569+0000] {dagbag.py:541} INFO - Filling up the DagBag from /home/airflow/.local/lib/python3.7/site-packages/airflow/example_dags/example_short_circuit_decorator.py
[2026-09-19T23:10:37.588+0000] {processor.py:809} INFO - DAG(s) dict_keys(['example_short_circuit_decorator']) retrieved from /home/airflow/.local/lib/python3.7/site-packages/airflow/example_dags/example_short_circuit_decorator.py
[2026-09-19T23:10:37.635+0000] {logging_mixin.py:149} INFO - [2026-09-19T23:10:37.635+0000] {dag.py:2726} INFO - Sync 1 DAGs
[2026-09-19T23:10:37.686+0000] {logging_mixin.py:149} INFO - [2026-09-19T23:10:37.685+0000] {dag.py:3490} INFO - Setting next_dagrun for example_short_circuit_decorator to 2026-09-18T23:10:37.685226+00:00, run_after=2026-09-19T23:10:37.685226+00:00
[2026-09-19T23:10:37.722+0000] {processor.py:178} INFO - Processing /home/airflow/.local/lib/python3.7/site-packages/airflow/example_dags/example_short_circuit_decorator.py took 0.164 seconds
[2026-09-19T23:11:08.405+0000] {processor.py:156} INFO - Started process (PID=14383) to work on /home/airflow/.local/lib/python3.7/site-packages/airflow/example_dags/example_short_circuit_decorator.py
[2026-09-19T23:11:08.406+0000] {processor.py:799} INFO - Processing file /home/airflow/.local/lib/python3.7/site-packages/airflow/example_dags/example_short_circuit_decorator.py for tasks to queue
[2026-09-19T23:11:08.408+0000] {logging_mixin.py:149} INFO - [2026-09-19T23:11:08.407+0000] {dagbag.py:541} INFO - Filling up the DagBag from /home/airflow/.local/lib/python3.7/site-packages/airflow/example_dags/example_short_circuit_decorator.py
[2026-09-19T23:11:08.425+0000] {processor.py:809} INFO - DAG(s) dict_keys(['example_short_circuit_decorator']) retrieved from /home/airflow/.local/lib/python3.7/site-packages/airflow/example_dags/example_short_circuit_decorator.py
[2026-09-19T23:11:08.476+0000] {logging_mixin.py:149} INFO - [2026-09-19T23:11:08.476+0000] {dag.py:2726} INFO - Sync 1 DAGs
[2026-09-19T23:11:08.522+0000] {logging_mixin.py:149} INFO - [2026-09-19T23:11:08.522+0000] {dag.py:3490} INFO - Setting next_dagrun for example_short_circuit_decorator to 2026-09-18T23:11:08.521790+00:00, run_after=2026-09-19T23:11:08.521790+00:00
[2026-09-19T23:11:08.557+0000] {processor.py:178} INFO - Processing /home/airflow/.local/lib/python3.7/site-packages/airflow/example_dags/example_short_circuit_decorator.py took 0.158 seconds
[2026-09-19T23:11:38.811+0000] {processor.py:156} INFO - Started process (PID=14439) to work on /home/airflow/.local/lib/python3.7/site-packages/airflow/example_dags/example_short_circuit_decorator.py
[2026-09-19T23:11:38.812+0000] {processor.py:799} INFO - Processing file /home/airflow/.local/lib/python3.7/site-packages/airflow/example_dags/example_short_circuit_decorator.py for tasks to queue
[2026-09-19T23:11:38.813+0000] {logging_mixin.py:149} INFO - [2026-09-19T23:11:38.813+0000] {dagbag.py:541} INFO - Filling up the DagBag from /home/airflow/.local/lib/python3.7/site-packages/airflow/example_dags/example_short_circuit_decorator.py
[2026-09-19T23:11:38.829+0000] {processor.py:809} INFO - DAG(s) dict_keys(['example_short_circuit_decorator']) retrieved from /home/airflow/.local/lib/python3.7/site-packages/airflow/example_dags/example_short_circuit_decorator.py
[2026-09-19T23:11:38.889+0000] {logging_mixin.py:149} INFO - [2026-09-19T23:11:38.888+0000] {dag.py:2726} INFO - Sync 1 DAGs
[2026-09-19T23:11:38.943+0000] {logging_mixin.py:149} INFO - [2026-09-19T23:11:38.942+0000] {dag.py:3490} INFO - Setting next_dagrun for example_short_circuit_decorator to 2026-09-18T23:11:38.942419+00:00, run_after=2026-09-19T23:11:38.942419+00:00
[2026-09-19T23:11:38.972+0000] {processor.py:178} INFO - Processing /home/airflow/.local/lib/python3.7/site-packages/airflow/example_dags/example_short_circuit_decorator.py took 0.167 seconds
[2026-09-19T23:12:09.301+0000] {processor.py:156} INFO - Started process (PID=14494) to work on /home/airflow/.local/lib/python3.7/site-packages/airflow/example_dags/example_short_circuit_decorator.py
[2026-09-19T23:12:09.302+0000] {processor.py:799} INFO - Processing file /home/airflow/.local/lib/python3.7/site-packages/airflow/example_dags/example_short_circuit_decorator.py for tasks to queue
[2026-09-19T23:12:09.303+0000] {logging_mixin.py:149} INFO - [2026-09-19T23:12:09.303+0000] {dagbag.py:541} INFO - Filling up the DagBag from /home/airflow/.local/lib/python3.7/site-packages/airflow/example_dags/example_short_circuit_decorator.py
[2026-09-19T23:12:09.318+0000] {processor.py:809} INFO - DAG(s) dict_keys(['example_short_circuit_decorator']) retrieved from /home/airflow/.local/lib/python3.7/site-packages/airflow/example_dags/example_short_circuit_decorator.py
[2026-09-19T23:12:09.371+0000] {logging_mixin.py:149} INFO - [2026-09-19T23:12:09.370+0000] {dag.py:2726} INFO - Sync 1 DAGs
[2026-09-19T23:12:09.422+0000] {logging_mixin.py:149} INFO - [2026-09-19T23:12:09.422+0000] {dag.py:3490} INFO - Setting next_dagrun for example_short_circuit_decorator to 2026-09-18T23:12:09.421665+00:00, run_after=2026-09-19T23:12:09.421665+00:00
[2026-09-19T23:12:09.462+0000] {processor.py:178} INFO - Processing /home/airflow/.local/lib/python3.7/site-packages/airflow/example_dags/example_short_circuit_decorator.py took 0.171 seconds
[2026-09-19T23:12:39.554+0000] {processor.py:156} INFO - Started process (PID=14557) to work on /home/airflow/.local/lib/python3.7/site-packages/airflow/example_dags/example_short_circuit_decorator.py
[2026-09-19T23:12:39.556+0000] {processor.py:799} INFO - Processing file /home/airflow/.local/lib/python3.7/site-packages/airflow/example_dags/example_short_circuit_decorator.py for tasks to queue
[2026-09-19T23:12:39.557+0000] {logging_mixin.py:149} INFO - [2026-09-19T23:12:39.557+0000] {dagbag.py:541} INFO - Filling up the DagBag from /home/airflow/.local/lib/python3.7/site-packages/airflow/example_dags/example_short_circuit_decorator.py
[2026-09-19T23:12:39.572+0000] {processor.py:809} INFO - DAG(s) dict_keys(['example_short_circuit_decorator']) retrieved from /home/airflow/.local/lib/python3.7/site-packages/airflow/example_dags/example_short_circuit_decorator.py
[2026-09-19T23:12:39.635+0000] {logging_mixin.py:149} INFO - [2026-09-19T23:12:39.635+0000] {dag.py:2726} INFO - Sync 1 DAGs
[2026-09-19T23:12:39.686+0000] {logging_mixin.py:149} INFO - [2026-09-19T23:12:39.686+0000] {dag.py:3490} INFO - Setting next_dagrun for example_short_circuit_decorator to 2026-09-18T23:12:39.686093+00:00, run_after=2026-09-19T23:12:39.686093+00:00
[2026-09-19T23:12:39.719+0000] {processor.py:178} INFO - Processing /home/airflow/.local/lib/python3.7/site-packages/airflow/example_dags/example_short_circuit_decorator.py took 0.174 seconds
[2026-09-19T23:13:10.155+0000] {processor.py:156} INFO - Started process (PID=14609) to work on /home/airflow/.local/lib/python3.7/site-packages/airflow/example_dags/example_short_circuit_decorator.py
[2026-09-19T23:13:10.157+0000] {processor.py:799} INFO - Processing file /home/airflow/.local/lib/python3.7/site-packages/airflow/example_dags/example_short_circuit_decorator.py for tasks to queue
[2026-09-19T23:13:10.158+0000] {logging_mixin.py:149} INFO - [2026-09-19T23:13:10.158+0000] {dagbag.py:541} INFO - Filling up the DagBag from /home/airflow/.local/lib/python3.7/site-packages/airflow/example_dags/example_short_circuit_decorator.py
[2026-09-19T23:13:10.174+0000] {processor.py:809} INFO - DAG(s) dict_keys(['example_short_circuit_decorator']) retrieved from /home/airflow/.local/lib/python3.7/site-packages/airflow/example_dags/example_short_circuit_decorator.py
[2026-09-19T23:13:10.227+0000] {logging_mixin.py:149} INFO - [2026-09-19T23:13:10.227+0000] {dag.py:2726} INFO - Sync 1 DAGs
[2026-09-19T23:13:10.275+0000] {logging_mixin.py:149} INFO - [2026-09-19T23:13:10.274+0000] {dag.py:3490} INFO - Setting next_dagrun for example_short_circuit_decorator to 2026-09-18T23:13:10.274104+00:00, run_after=2026-09-19T23:13:10.274104+00:00
[2026-09-19T23:13:10.304+0000] {processor.py:178} INFO - Processing /home/airflow/.local/lib/python3.7/site-packages/airflow/example_dags/example_short_circuit_decorator.py took 0.155 seconds
[2026-09-19T23:13:40.621+0000] {processor.py:156} INFO - Started process (PID=14665) to work on /home/airflow/.local/lib/python3.7/site-packages/airflow/example_dags/example_short_circuit_decorator.py
[2026-09-19T23:13:40.623+0000] {processor.py:799} INFO - Processing file /home/airflow/.local/lib/python3.7/site-packages/airflow/example_dags/example_short_circuit_decorator.py for tasks to queue
[2026-09-19T23:13:40.625+0000] {logging_mixin.py:149} INFO - [2026-09-19T23:13:40.624+0000] {dagbag.py:541} INFO - Filling up the DagBag from /home/airflow/.local/lib/python3.7/site-packages/airflow/example_dags/example_short_circuit_decorator.py
[2026-09-19T23:13:40.642+0000] {processor.py:809} INFO - DAG(s) dict_keys(['example_short_circuit_decorator']) retrieved from /home/airflow/.local/lib/python3.7/site-packages/airflow/example_dags/example_short_circuit_decorator.py
[2026-09-19T23:13:40.692+0000] {logging_mixin.py:149} INFO - [2026-09-19T23:13:40.692+0000] {dag.py:2726} INFO - Sync 1 DAGs
[2026-09-19T23:13:40.741+0000] {logging_mixin.py:149} INFO - [2026-09-19T23:13:40.740+0000] {dag.py:3490} INFO - Setting next_dagrun for example_short_circuit_decorator to 2026-09-18T23:13:40.740487+00:00, run_after=2026-09-19T23:13:40.740487+00:00
[2026-09-19T23:13:40.775+0000] {processor.py:178} INFO - Processing /home/airflow/.local/lib/python3.7/site-packages/airflow/example_dags/example_short_circuit_decorator.py took 0.162 seconds
[2026-09-19T23:14:11.625+0000] {processor.py:156} INFO - Started process (PID=14721) to work on /home/airflow/.local/lib/python3.7/site-packages/airflow/example_dags/example_short_circuit_decorator.py
[2026-09-19T23:14:11.627+0000] {processor.py:799} INFO - Processing file /home/airflow/.local/lib/python3.7/site-packages/airflow/example_dags/example_short_circuit_decorator.py for tasks to queue
[2026-09-19T23:14:11.629+0000] {logging_mixin.py:149} INFO - [2026-09-19T23:14:11.628+0000] {dagbag.py:541} INFO - Filling up the DagBag from /home/airflow/.local/lib/python3.7/site-packages/airflow/example_dags/example_short_circuit_decorator.py
[2026-09-19T23:14:11.647+0000] {processor.py:809} INFO - DAG(s) dict_keys(['example_short_circuit_decorator']) retrieved from /home/airflow/.local/lib/python3.7/site-packages/airflow/example_dags/example_short_circuit_decorator.py
[2026-09-19T23:14:11.694+0000] {logging_mixin.py:149} INFO - [2026-09-19T23:14:11.694+0000] {dag.py:2726} INFO - Sync 1 DAGs
[2026-09-19T23:14:11.736+0000] {logging_mixin.py:149} INFO - [2026-09-19T23:14:11.736+0000] {dag.py:3490} INFO - Setting next_dagrun for example_short_circuit_decorator to 2026-09-18T23:14:11.735779+00:00, run_after=2026-09-19T23:14:11.735779+00:00
[2026-09-19T23:14:11.771+0000] {processor.py:178} INFO - Processing /home/airflow/.local/lib/python3.7/site-packages/airflow/example_dags/example_short_circuit_decorator.py took 0.152 seconds
[2026-09-19T23:14:42.334+0000] {processor.py:156} INFO - Started process (PID=14777) to work on /home/airflow/.local/lib/python3.7/site-packages/airflow/example_dags/example_short_circuit_decorator.py
[2026-09-19T23:14:42.336+0000] {processor.py:799} INFO - Processing file /home/airflow/.local/lib/python3.7/site-packages/airflow/example_dags/example_short_circuit_decorator.py for tasks to queue
[2026-09-19T23:14:42.337+0000] {logging_mixin.py:149} INFO - [2026-09-19T23:14:42.337+0000] {dagbag.py:541} INFO - Filling up the DagBag from /home/airflow/.local/lib/python3.7/site-packages/airflow/example_dags/example_short_circuit_decorator.py
[2026-09-19T23:14:42.353+0000] {processor.py:809} INFO - DAG(s) dict_keys(['example_short_circuit_decorator']) retrieved from /home/airflow/.local/lib/python3.7/site-packages/airflow/example_dags/example_short_circuit_decorator.py
[2026-09-19T23:14:42.409+0000] {logging_mixin.py:149} INFO - [2026-09-19T23:14:42.408+0000] {dag.py:2726} INFO - Sync 1 DAGs
[2026-09-19T23:14:42.451+0000] {logging_mixin.py:149} INFO - [2026-09-19T23:14:42.451+0000] {dag.py:3490} INFO - Setting next_dagrun for example_short_circuit_decorator to 2026-09-18T23:14:42.451303+00:00, run_after=2026-09-19T23:14:42.451303+00:00
[2026-09-19T23:14:42.484+0000] {processor.py:178} INFO - Processing /home/airflow/.local/lib/python3.7/site-packages/airflow/example_dags/example_short_circuit_decorator.py took 0.156 seconds
[2026-09-19T23:15:13.166+0000] {processor.py:156} INFO - Started process (PID=14833) to work on /home/airflow/.local/lib/python3.7/site-packages/airflow/example_dags/example_short_circuit_decorator.py
[2026-09-19T23:15:13.168+0000] {processor.py:799} INFO - Processing file /home/airflow/.local/lib/python3.7/site-packages/airflow/example_dags/example_short_circuit_decorator.py for tasks to queue
[2026-09-19T23:15:13.169+0000] {logging_mixin.py:149} INFO - [2026-09-19T23:15:13.169+0000] {dagbag.py:541} INFO - Filling up the DagBag from /home/airflow/.local/lib/python3.7/site-packages/airflow/example_dags/example_short_circuit_decorator.py
[2026-09-19T23:15:13.187+0000] {processor.py:809} INFO - DAG(s) dict_keys(['example_short_circuit_decorator']) retrieved from /home/airflow/.local/lib/python3.7/site-packages/airflow/example_dags/example_short_circuit_decorator.py
[2026-09-19T23:15:13.236+0000] {logging_mixin.py:149} INFO - [2026-09-19T23:15:13.236+0000] {dag.py:2726} INFO - Sync 1 DAGs
[2026-09-19T23:15:13.277+0000] {logging_mixin.py:149} INFO - [2026-09-19T23:15:13.277+0000] {dag.py:3490} INFO - Setting next_dagrun for example_short_circuit_decorator to 2026-09-18T23:15:13.276939+00:00, run_after=2026-09-19T23:15:13.276939+00:00
[2026-09-19T23:15:13.328+0000] {processor.py:178} INFO - Processing /home/airflow/.local/lib/python3.7/site-packages/airflow/example_dags/example_short_circuit_decorator.py took 0.168 seconds
[2026-09-19T23:15:43.607+0000] {processor.py:156} INFO - Started process (PID=14889) to work on /home/airflow/.local/lib/python3.7/site-packages/airflow/example_dags/example_short_circuit_decorator.py
[2026-09-19T23:15:43.609+0000] {processor.py:799} INFO - Processing file /home/airflow/.local/lib/python3.7/site-packages/airflow/example_dags/example_short_circuit_decorator.py for tasks to queue
[2026-09-19T23:15:43.610+0000] {logging_mixin.py:149} INFO - [2026-09-19T23:15:43.610+0000] {dagbag.py:541} INFO - Filling up the DagBag from /home/airflow/.local/lib/python3.7/site-packages/airflow/example_dags/example_short_circuit_decorator.py
[2026-09-19T23:15:43.628+0000] {processor.py:809} INFO - DAG(s) dict_keys(['example_short_circuit_decorator']) retrieved from /home/airflow/.local/lib/python3.7/site-packages/airflow/example_dags/example_short_circuit_decorator.py
[2026-09-19T23:15:43.680+0000] {logging_mixin.py:149} INFO - [2026-09-19T23:15:43.680+0000] {dag.py:2726} INFO - Sync 1 DAGs
[2026-09-19T23:15:43.727+0000] {logging_mixin.py:149} INFO - [2026-09-19T23:15:43.727+0000] {dag.py:3490} INFO - Setting next_dagrun for example_short_circuit_decorator to 2026-09-18T23:15:43.726908+00:00, run_after=2026-09-19T23:15:43.726908+00:00
[2026-09-19T23:15:43.771+0000] {processor.py:178} INFO - Processing /home/airflow/.local/lib/python3.7/site-packages/airflow/example_dags/example_short_circuit_decorator.py took 0.171 seconds
[2026-09-19T23:16:14.034+0000] {processor.py:156} INFO - Started process (PID=14945) to work on /home/airflow/.local/lib/python3.7/site-packages/airflow/example_dags/example_short_circuit_decorator.py
[2026-09-19T23:16:14.035+0000] {processor.py:799} INFO - Processing file /home/airflow/.local/lib/python3.7/site-packages/airflow/example_dags/example_short_circuit_decorator.py for tasks to queue
[2026-09-19T23:16:14.037+0000] {logging_mixin.py:149} INFO - [2026-09-19T23:16:14.037+0000] {dagbag.py:541} INFO - Filling up the DagBag from /home/airflow/.local/lib/python3.7/site-packages/airflow/example_dags/example_short_circuit_decorator.py
[2026-09-19T23:16:14.055+0000] {processor.py:809} INFO - DAG(s) dict_keys(['example_short_circuit_decorator']) retrieved from /home/airflow/.local/lib/python3.7/site-packages/airflow/example_dags/example_short_circuit_decorator.py
[2026-09-19T23:16:14.099+0000] {logging_mixin.py:149} INFO - [2026-09-19T23:16:14.098+0000] {dag.py:2726} INFO - Sync 1 DAGs
[2026-09-19T23:16:14.145+0000] {logging_mixin.py:149} INFO - [2026-09-19T23:16:14.144+0000] {dag.py:3490} INFO - Setting next_dagrun for example_short_circuit_decorator to 2026-09-18T23:16:14.144538+00:00, run_after=2026-09-19T23:16:14.144538+00:00
[2026-09-19T23:16:14.174+0000] {processor.py:178} INFO - Processing /home/airflow/.local/lib/python3.7/site-packages/airflow/example_dags/example_short_circuit_decorator.py took 0.147 seconds
[2026-09-19T23:16:44.392+0000] {processor.py:156} INFO - Started process (PID=15001) to work on /home/airflow/.local/lib/python3.7/site-packages/airflow/example_dags/example_short_circuit_decorator.py
[2026-09-19T23:16:44.394+0000] {processor.py:799} INFO - Processing file /home/airflow/.local/lib/python3.7/site-packages/airflow/example_dags/example_short_circuit_decorator.py for tasks to queue
[2026-09-19T23:16:44.395+0000] {logging_mixin.py:149} INFO - [2026-09-19T23:16:44.394+0000] {dagbag.py:541} INFO - Filling up the DagBag from /home/airflow/.local/lib/python3.7/site-packages/airflow/example_dags/example_short_circuit_decorator.py
[2026-09-19T23:16:44.413+0000] {processor.py:809} INFO - DAG(s) dict_keys(['example_short_circuit_decorator']) retrieved from /home/airflow/.local/lib/python3.7/site-packages/airflow/example_dags/example_short_circuit_decorator.py
[2026-09-19T23:16:44.465+0000] {logging_mixin.py:149} INFO - [2026-09-19T23:16:44.464+0000] {dag.py:2726} INFO - Sync 1 DAGs
[2026-09-19T23:16:44.523+0000] {logging_mixin.py:149} INFO - [2026-09-19T23:16:44.522+0000] {dag.py:3490} INFO - Setting next_dagrun for example_short_circuit_decorator to 2026-09-18T23:16:44.522434+00:00, run_after=2026-09-19T23:16:44.522434+00:00
[2026-09-19T23:16:44.557+0000] {processor.py:178} INFO - Processing /home/airflow/.local/lib/python3.7/site-packages/airflow/example_dags/example_short_circuit_decorator.py took 0.171 seconds
[2026-09-19T23:17:14.620+0000] {processor.py:156} INFO - Started process (PID=15057) to work on /home/airflow/.local/lib/python3.7/site-packages/airflow/example_dags/example_short_circuit_decorator.py
[2026-09-19T23:17:14.625+0000] {processor.py:799} INFO - Processing file /home/airflow/.local/lib/python3.7/site-packages/airflow/example_dags/example_short_circuit_decorator.py for tasks to queue
[2026-09-19T23:17:14.626+0000] {logging_mixin.py:149} INFO - [2026-09-19T23:17:14.626+0000] {dagbag.py:541} INFO - Filling up the DagBag from /home/airflow/.local/lib/python3.7/site-packages/airflow/example_dags/example_short_circuit_decorator.py
[2026-09-19T23:17:14.643+0000] {processor.py:809} INFO - DAG(s) dict_keys(['example_short_circuit_decorator']) retrieved from /home/airflow/.local/lib/python3.7/site-packages/airflow/example_dags/example_short_circuit_decorator.py
[2026-09-19T23:17:14.700+0000] {logging_mixin.py:149} INFO - [2026-09-19T23:17:14.700+0000] {dag.py:2726} INFO - Sync 1 DAGs
[2026-09-19T23:17:14.748+0000] {logging_mixin.py:149} INFO - [2026-09-19T23:17:14.748+0000] {dag.py:3490} INFO - Setting next_dagrun for example_short_circuit_decorator to 2026-09-18T23:17:14.747710+00:00, run_after=2026-09-19T23:17:14.747710+00:00
[2026-09-19T23:17:14.782+0000] {processor.py:178} INFO - Processing /home/airflow/.local/lib/python3.7/site-packages/airflow/example_dags/example_short_circuit_decorator.py took 0.168 seconds
[2026-09-19T23:17:45.038+0000] {processor.py:156} INFO - Started process (PID=15113) to work on /home/airflow/.local/lib/python3.7/site-packages/airflow/example_dags/example_short_circuit_decorator.py
[2026-09-19T23:17:45.040+0000] {processor.py:799} INFO - Processing file /home/airflow/.local/lib/python3.7/site-packages/airflow/example_dags/example_short_circuit_decorator.py for tasks to queue
[2026-09-19T23:17:45.043+0000] {logging_mixin.py:149} INFO - [2026-09-19T23:17:45.043+0000] {dagbag.py:541} INFO - Filling up the DagBag from /home/airflow/.local/lib/python3.7/site-packages/airflow/example_dags/example_short_circuit_decorator.py
[2026-09-19T23:17:45.063+0000] {processor.py:809} INFO - DAG(s) dict_keys(['example_short_circuit_decorator']) retrieved from /home/airflow/.local/lib/python3.7/site-packages/airflow/example_dags/example_short_circuit_decorator.py
[2026-09-19T23:17:45.109+0000] {logging_mixin.py:149} INFO - [2026-09-19T23:17:45.109+0000] {dag.py:2726} INFO - Sync 1 DAGs
[2026-09-19T23:17:45.150+0000] {logging_mixin.py:149} INFO - [2026-09-19T23:17:45.150+0000] {dag.py:3490} INFO - Setting next_dagrun for example_short_circuit_decorator to 2026-09-18T23:17:45.149918+00:00, run_after=2026-09-19T23:17:45.149918+00:00
[2026-09-19T23:17:45.182+0000] {processor.py:178} INFO - Processing /home/airflow/.local/lib/python3.7/site-packages/airflow/example_dags/example_short_circuit_decorator.py took 0.151 seconds
[2026-09-19T23:18:15.587+0000] {processor.py:156} INFO - Started process (PID=15168) to work on /home/airflow/.local/lib/python3.7/site-packages/airflow/example_dags/example_short_circuit_decorator.py
[2026-09-19T23:18:15.590+0000] {processor.py:799} INFO - Processing file /home/airflow/.local/lib/python3.7/site-packages/airflow/example_dags/example_short_circuit_decorator.py for tasks to queue
[2026-09-19T23:18:15.591+0000] {logging_mixin.py:149} INFO - [2026-09-19T23:18:15.591+0000] {dagbag.py:541} INFO - Filling up the DagBag from /home/airflow/.local/lib/python3.7/site-packages/airflow/example_dags/example_short_circuit_decorator.py
[2026-09-19T23:18:15.608+0000] {processor.py:809} INFO - DAG(s) dict_keys(['example_short_circuit_decorator']) retrieved from /home/airflow/.local/lib/python3.7/site-packages/airflow/example_dags/example_short_circuit_decorator.py
[2026-09-19T23:18:15.660+0000] {logging_mixin.py:149} INFO - [2026-09-19T23:18:15.660+0000] {dag.py:2726} INFO - Sync 1 DAGs
[2026-09-19T23:18:15.715+0000] {logging_mixin.py:149} INFO - [2026-09-19T23:18:15.715+0000] {dag.py:3490} INFO - Setting next_dagrun for example_short_circuit_decorator to 2026-09-18T23:18:15.714955+00:00, run_after=2026-09-19T23:18:15.714955+00:00
[2026-09-19T23:18:15.748+0000] {processor.py:178} INFO - Processing /home/airflow/.local/lib/python3.7/site-packages/airflow/example_dags/example_short_circuit_decorator.py took 0.168 seconds
[2026-09-19T23:18:46.164+0000] {processor.py:156} INFO - Started process (PID=15225) to work on /home/airflow/.local/lib/python3.7/site-packages/airflow/example_dags/example_short_circuit_decorator.py
[2026-09-19T23:18:46.166+0000] {processor.py:799} INFO - Processing file /home/airflow/.local/lib/python3.7/site-packages/airflow/example_dags/example_short_circuit_decorator.py for tasks to queue
[2026-09-19T23:18:46.167+0000] {logging_mixin.py:149} INFO - [2026-09-19T23:18:46.167+0000] {dagbag.py:541} INFO - Filling up the DagBag from /home/airflow/.local/lib/python3.7/site-packages/airflow/example_dags/example_short_circuit_decorator.py
[2026-09-19T23:18:46.186+0000] {processor.py:809} INFO - DAG(s) dict_keys(['example_short_circuit_decorator']) retrieved from /home/airflow/.local/lib/python3.7/site-packages/airflow/example_dags/example_short_circuit_decorator.py
[2026-09-19T23:18:46.243+0000] {logging_mixin.py:149} INFO - [2026-09-19T23:18:46.243+0000] {dag.py:2726} INFO - Sync 1 DAGs
[2026-09-19T23:18:46.290+0000] {logging_mixin.py:149} INFO - [2026-09-19T23:18:46.289+0000] {dag.py:3490} INFO - Setting next_dagrun for example_short_circuit_decorator to 2026-09-18T23:18:46.289399+00:00, run_after=2026-09-19T23:18:46.289399+00:00
[2026-09-19T23:18:46.321+0000] {processor.py:178} INFO - Processing /home/airflow/.local/lib/python3.7/site-packages/airflow/example_dags/example_short_circuit_decorator.py took 0.166 seconds
[2026-09-19T23:19:16.487+0000] {processor.py:156} INFO - Started process (PID=15281) to work on /home/airflow/.local/lib/python3.7/site-packages/airflow/example_dags/example_short_circuit_decorator.py
[2026-09-19T23:19:16.489+0000] {processor.py:799} INFO - Processing file /home/airflow/.local/lib/python3.7/site-packages/airflow/example_dags/example_short_circuit_decorator.py for tasks to queue
[2026-09-19T23:19:16.490+0000] {logging_mixin.py:149} INFO - [2026-09-19T23:19:16.490+0000] {dagbag.py:541} INFO - Filling up the DagBag from /home/airflow/.local/lib/python3.7/site-packages/airflow/example_dags/example_short_circuit_decorator.py
[2026-09-19T23:19:16.512+0000] {processor.py:809} INFO - DAG(s) dict_keys(['example_short_circuit_decorator']) retrieved from /home/airflow/.local/lib/python3.7/site-packages/airflow/example_dags/example_short_circuit_decorator.py
[2026-09-19T23:19:16.573+0000] {logging_mixin.py:149} INFO - [2026-09-19T23:19:16.573+0000] {dag.py:2726} INFO - Sync 1 DAGs
[2026-09-19T23:19:16.623+0000] {logging_mixin.py:149} INFO - [2026-09-19T23:19:16.623+0000] {dag.py:3490} INFO - Setting next_dagrun for example_short_circuit_decorator to 2026-09-18T23:19:16.622804+00:00, run_after=2026-09-19T23:19:16.622804+00:00
[2026-09-19T23:19:16.656+0000] {processor.py:178} INFO - Processing /home/airflow/.local/lib/python3.7/site-packages/airflow/example_dags/example_short_circuit_decorator.py took 0.176 seconds
[2026-09-19T23:19:47.306+0000] {processor.py:156} INFO - Started process (PID=15337) to work on /home/airflow/.local/lib/python3.7/site-packages/airflow/example_dags/example_short_circuit_decorator.py
[2026-09-19T23:19:47.307+0000] {processor.py:799} INFO - Processing file /home/airflow/.local/lib/python3.7/site-packages/airflow/example_dags/example_short_circuit_decorator.py for tasks to queue
[2026-09-19T23:19:47.308+0000] {logging_mixin.py:149} INFO - [2026-09-19T23:19:47.308+0000] {dagbag.py:541} INFO - Filling up the DagBag from /home/airflow/.local/lib/python3.7/site-packages/airflow/example_dags/example_short_circuit_decorator.py
[2026-09-19T23:19:47.325+0000] {processor.py:809} INFO - DAG(s) dict_keys(['example_short_circuit_decorator']) retrieved from /home/airflow/.local/lib/python3.7/site-packages/airflow/example_dags/example_short_circuit_decorator.py
[2026-09-19T23:19:47.378+0000] {logging_mixin.py:149} INFO - [2026-09-19T23:19:47.378+0000] {dag.py:2726} INFO - Sync 1 DAGs
[2026-09-19T23:19:47.427+0000] {logging_mixin.py:149} INFO - [2026-09-19T23:19:47.427+0000] {dag.py:3490} INFO - Setting next_dagrun for example_short_circuit_decorator to 2026-09-18T23:19:47.426969+00:00, run_after=2026-09-19T23:19:47.426969+00:00
[2026-09-19T23:19:47.458+0000] {processor.py:178} INFO - Processing /home/airflow/.local/lib/python3.7/site-packages/airflow/example_dags/example_short_circuit_decorator.py took 0.158 seconds
[2026-09-19T23:20:17.969+0000] {processor.py:156} INFO - Started process (PID=15392) to work on /home/airflow/.local/lib/python3.7/site-packages/airflow/example_dags/example_short_circuit_decorator.py
[2026-09-19T23:20:17.971+0000] {processor.py:799} INFO - Processing file /home/airflow/.local/lib/python3.7/site-packages/airflow/example_dags/example_short_circuit_decorator.py for tasks to queue
[2026-09-19T23:20:17.972+0000] {logging_mixin.py:149} INFO - [2026-09-19T23:20:17.972+0000] {dagbag.py:541} INFO - Filling up the DagBag from /home/airflow/.local/lib/python3.7/site-packages/airflow/example_dags/example_short_circuit_decorator.py
[2026-09-19T23:20:17.988+0000] {processor.py:809} INFO - DAG(s) dict_keys(['example_short_circuit_decorator']) retrieved from /home/airflow/.local/lib/python3.7/site-packages/airflow/example_dags/example_short_circuit_decorator.py
[2026-09-19T23:20:18.035+0000] {logging_mixin.py:149} INFO - [2026-09-19T23:20:18.034+0000] {dag.py:2726} INFO - Sync 1 DAGs
[2026-09-19T23:20:18.083+0000] {logging_mixin.py:149} INFO - [2026-09-19T23:20:18.083+0000] {dag.py:3490} INFO - Setting next_dagrun for example_short_circuit_decorator to 2026-09-18T23:20:18.083217+00:00, run_after=2026-09-19T23:20:18.083217+00:00
[2026-09-19T23:20:18.115+0000] {processor.py:178} INFO - Processing /home/airflow/.local/lib/python3.7/site-packages/airflow/example_dags/example_short_circuit_decorator.py took 0.152 seconds
[2026-09-19T23:20:48.462+0000] {processor.py:156} INFO - Started process (PID=15448) to work on /home/airflow/.local/lib/python3.7/site-packages/airflow/example_dags/example_short_circuit_decorator.py
[2026-09-19T23:20:48.464+0000] {processor.py:799} INFO - Processing file /home/airflow/.local/lib/python3.7/site-packages/airflow/example_dags/example_short_circuit_decorator.py for tasks to queue
[2026-09-19T23:20:48.465+0000] {logging_mixin.py:149} INFO - [2026-09-19T23:20:48.464+0000] {dagbag.py:541} INFO - Filling up the DagBag from /home/airflow/.local/lib/python3.7/site-packages/airflow/example_dags/example_short_circuit_decorator.py
[2026-09-19T23:20:48.482+0000] {processor.py:809} INFO - DAG(s) dict_keys(['example_short_circuit_decorator']) retrieved from /home/airflow/.local/lib/python3.7/site-packages/airflow/example_dags/example_short_circuit_decorator.py
[2026-09-19T23:20:48.536+0000] {logging_mixin.py:149} INFO - [2026-09-19T23:20:48.536+0000] {dag.py:2726} INFO - Sync 1 DAGs
[2026-09-19T23:20:48.583+0000] {logging_mixin.py:149} INFO - [2026-09-19T23:20:48.583+0000] {dag.py:3490} INFO - Setting next_dagrun for example_short_circuit_decorator to 2026-09-18T23:20:48.582761+00:00, run_after=2026-09-19T23:20:48.582761+00:00
[2026-09-19T23:20:48.631+0000] {processor.py:178} INFO - Processing /home/airflow/.local/lib/python3.7/site-packages/airflow/example_dags/example_short_circuit_decorator.py took 0.175 seconds
[2026-09-19T23:21:19.216+0000] {processor.py:156} INFO - Started process (PID=15504) to work on /home/airflow/.local/lib/python3.7/site-packages/airflow/example_dags/example_short_circuit_decorator.py
[2026-09-19T23:21:19.218+0000] {processor.py:799} INFO - Processing file /home/airflow/.local/lib/python3.7/site-packages/airflow/example_dags/example_short_circuit_decorator.py for tasks to queue
[2026-09-19T23:21:19.219+0000] {logging_mixin.py:149} INFO - [2026-09-19T23:21:19.219+0000] {dagbag.py:541} INFO - Filling up the DagBag from /home/airflow/.local/lib/python3.7/site-packages/airflow/example_dags/example_short_circuit_decorator.py
[2026-09-19T23:21:19.237+0000] {processor.py:809} INFO - DAG(s) dict_keys(['example_short_circuit_decorator']) retrieved from /home/airflow/.local/lib/python3.7/site-packages/airflow/example_dags/example_short_circuit_decorator.py
[2026-09-19T23:21:19.288+0000] {logging_mixin.py:149} INFO - [2026-09-19T23:21:19.287+0000] {dag.py:2726} INFO - Sync 1 DAGs
[2026-09-19T23:21:19.329+0000] {logging_mixin.py:149} INFO - [2026-09-19T23:21:19.329+0000] {dag.py:3490} INFO - Setting next_dagrun for example_short_circuit_decorator to 2026-09-18T23:21:19.329055+00:00, run_after=2026-09-19T23:21:19.329055+00:00
[2026-09-19T23:21:19.365+0000] {processor.py:178} INFO - Processing /home/airflow/.local/lib/python3.7/site-packages/airflow/example_dags/example_short_circuit_decorator.py took 0.155 seconds
[2026-09-19T23:21:49.631+0000] {processor.py:156} INFO - Started process (PID=15560) to work on /home/airflow/.local/lib/python3.7/site-packages/airflow/example_dags/example_short_circuit_decorator.py
[2026-09-19T23:21:49.632+0000] {processor.py:799} INFO - Processing file /home/airflow/.local/lib/python3.7/site-packages/airflow/example_dags/example_short_circuit_decorator.py for tasks to queue
[2026-09-19T23:21:49.633+0000] {logging_mixin.py:149} INFO - [2026-09-19T23:21:49.633+0000] {dagbag.py:541} INFO - Filling up the DagBag from /home/airflow/.local/lib/python3.7/site-packages/airflow/example_dags/example_short_circuit_decorator.py
[2026-09-19T23:21:49.649+0000] {processor.py:809} INFO - DAG(s) dict_keys(['example_short_circuit_decorator']) retrieved from /home/airflow/.local/lib/python3.7/site-packages/airflow/example_dags/example_short_circuit_decorator.py
[2026-09-19T23:21:49.696+0000] {logging_mixin.py:149} INFO - [2026-09-19T23:21:49.696+0000] {dag.py:2726} INFO - Sync 1 DAGs
[2026-09-19T23:21:49.744+0000] {logging_mixin.py:149} INFO - [2026-09-19T23:21:49.744+0000] {dag.py:3490} INFO - Setting next_dagrun for example_short_circuit_decorator to 2026-09-18T23:21:49.744171+00:00, run_after=2026-09-19T23:21:49.744171+00:00
[2026-09-19T23:21:49.774+0000] {processor.py:178} INFO - Processing /home/airflow/.local/lib/python3.7/site-packages/airflow/example_dags/example_short_circuit_decorator.py took 0.148 seconds
[2026-09-19T23:22:20.397+0000] {processor.py:156} INFO - Started process (PID=15617) to work on /home/airflow/.local/lib/python3.7/site-packages/airflow/example_dags/example_short_circuit_decorator.py
[2026-09-19T23:22:20.402+0000] {processor.py:799} INFO - Processing file /home/airflow/.local/lib/python3.7/site-packages/airflow/example_dags/example_short_circuit_decorator.py for tasks to queue
[2026-09-19T23:22:20.403+0000] {logging_mixin.py:149} INFO - [2026-09-19T23:22:20.403+0000] {dagbag.py:541} INFO - Filling up the DagBag from /home/airflow/.local/lib/python3.7/site-packages/airflow/example_dags/example_short_circuit_decorator.py
[2026-09-19T23:22:20.423+0000] {processor.py:809} INFO - DAG(s) dict_keys(['example_short_circuit_decorator']) retrieved from /home/airflow/.local/lib/python3.7/site-packages/airflow/example_dags/example_short_circuit_decorator.py
[2026-09-19T23:22:20.474+0000] {logging_mixin.py:149} INFO - [2026-09-19T23:22:20.473+0000] {dag.py:2726} INFO - Sync 1 DAGs
[2026-09-19T23:22:20.517+0000] {logging_mixin.py:149} INFO - [2026-09-19T23:22:20.517+0000] {dag.py:3490} INFO - Setting next_dagrun for example_short_circuit_decorator to 2026-09-18T23:22:20.516918+00:00, run_after=2026-09-19T23:22:20.516918+00:00
[2026-09-19T23:22:20.552+0000] {processor.py:178} INFO - Processing /home/airflow/.local/lib/python3.7/site-packages/airflow/example_dags/example_short_circuit_decorator.py took 0.161 seconds
[2026-09-19T23:22:51.118+0000] {processor.py:156} INFO - Started process (PID=15673) to work on /home/airflow/.local/lib/python3.7/site-packages/airflow/example_dags/example_short_circuit_decorator.py
[2026-09-19T23:22:51.120+0000] {processor.py:799} INFO - Processing file /home/airflow/.local/lib/python3.7/site-packages/airflow/example_dags/example_short_circuit_decorator.py for tasks to queue
[2026-09-19T23:22:51.121+0000] {logging_mixin.py:149} INFO - [2026-09-19T23:22:51.121+0000] {dagbag.py:541} INFO - Filling up the DagBag from /home/airflow/.local/lib/python3.7/site-packages/airflow/example_dags/example_short_circuit_decorator.py
[2026-09-19T23:22:51.138+0000] {processor.py:809} INFO - DAG(s) dict_keys(['example_short_circuit_decorator']) retrieved from /home/airflow/.local/lib/python3.7/site-packages/airflow/example_dags/example_short_circuit_decorator.py
[2026-09-19T23:22:51.182+0000] {logging_mixin.py:149} INFO - [2026-09-19T23:22:51.182+0000] {dag.py:2726} INFO - Sync 1 DAGs
[2026-09-19T23:22:51.226+0000] {logging_mixin.py:149} INFO - [2026-09-19T23:22:51.226+0000] {dag.py:3490} INFO - Setting next_dagrun for example_short_circuit_decorator to 2026-09-18T23:22:51.225935+00:00, run_after=2026-09-19T23:22:51.225935+00:00
[2026-09-19T23:22:51.254+0000] {processor.py:178} INFO - Processing /home/airflow/.local/lib/python3.7/site-packages/airflow/example_dags/example_short_circuit_decorator.py took 0.141 seconds
[2026-09-19T23:23:21.773+0000] {processor.py:156} INFO - Started process (PID=15729) to work on /home/airflow/.local/lib/python3.7/site-packages/airflow/example_dags/example_short_circuit_decorator.py
[2026-09-19T23:23:21.775+0000] {processor.py:799} INFO - Processing file /home/airflow/.local/lib/python3.7/site-packages/airflow/example_dags/example_short_circuit_decorator.py for tasks to queue
[2026-09-19T23:23:21.777+0000] {logging_mixin.py:149} INFO - [2026-09-19T23:23:21.776+0000] {dagbag.py:541} INFO - Filling up the DagBag from /home/airflow/.local/lib/python3.7/site-packages/airflow/example_dags/example_short_circuit_decorator.py
[2026-09-19T23:23:21.795+0000] {processor.py:809} INFO - DAG(s) dict_keys(['example_short_circuit_decorator']) retrieved from /home/airflow/.local/lib/python3.7/site-packages/airflow/example_dags/example_short_circuit_decorator.py
[2026-09-19T23:23:21.840+0000] {logging_mixin.py:149} INFO - [2026-09-19T23:23:21.839+0000] {dag.py:2726} INFO - Sync 1 DAGs
[2026-09-19T23:23:21.882+0000] {logging_mixin.py:149} INFO - [2026-09-19T23:23:21.882+0000] {dag.py:3490} INFO - Setting next_dagrun for example_short_circuit_decorator to 2026-09-18T23:23:21.882310+00:00, run_after=2026-09-19T23:23:21.882310+00:00
[2026-09-19T23:23:21.913+0000] {processor.py:178} INFO - Processing /home/airflow/.local/lib/python3.7/site-packages/airflow/example_dags/example_short_circuit_decorator.py took 0.147 seconds
[2026-09-19T23:23:52.367+0000] {processor.py:156} INFO - Started process (PID=15785) to work on /home/airflow/.local/lib/python3.7/site-packages/airflow/example_dags/example_short_circuit_decorator.py
[2026-09-19T23:23:52.368+0000] {processor.py:799} INFO - Processing file /home/airflow/.local/lib/python3.7/site-packages/airflow/example_dags/example_short_circuit_decorator.py for tasks to queue
[2026-09-19T23:23:52.369+0000] {logging_mixin.py:149} INFO - [2026-09-19T23:23:52.369+0000] {dagbag.py:541} INFO - Filling up the DagBag from /home/airflow/.local/lib/python3.7/site-packages/airflow/example_dags/example_short_circuit_decorator.py
[2026-09-19T23:23:52.387+0000] {processor.py:809} INFO - DAG(s) dict_keys(['example_short_circuit_decorator']) retrieved from /home/airflow/.local/lib/python3.7/site-packages/airflow/example_dags/example_short_circuit_decorator.py
[2026-09-19T23:23:52.440+0000] {logging_mixin.py:149} INFO - [2026-09-19T23:23:52.440+0000] {dag.py:2726} INFO - Sync 1 DAGs
[2026-09-19T23:23:52.486+0000] {logging_mixin.py:149} INFO - [2026-09-19T23:23:52.485+0000] {dag.py:3490} INFO - Setting next_dagrun for example_short_circuit_decorator to 2026-09-18T23:23:52.485500+00:00, run_after=2026-09-19T23:23:52.485500+00:00
[2026-09-19T23:23:52.709+0000] {processor.py:178} INFO - Processing /home/airflow/.local/lib/python3.7/site-packages/airflow/example_dags/example_short_circuit_decorator.py took 0.349 seconds
[2026-09-19T23:24:23.338+0000] {processor.py:156} INFO - Started process (PID=15841) to work on /home/airflow/.local/lib/python3.7/site-packages/airflow/example_dags/example_short_circuit_decorator.py
[2026-09-19T23:24:23.340+0000] {processor.py:799} INFO - Processing file /home/airflow/.local/lib/python3.7/site-packages/airflow/example_dags/example_short_circuit_decorator.py for tasks to queue
[2026-09-19T23:24:23.341+0000] {logging_mixin.py:149} INFO - [2026-09-19T23:24:23.341+0000] {dagbag.py:541} INFO - Filling up the DagBag from /home/airflow/.local/lib/python3.7/site-packages/airflow/example_dags/example_short_circuit_decorator.py
[2026-09-19T23:24:23.358+0000] {processor.py:809} INFO - DAG(s) dict_keys(['example_short_circuit_decorator']) retrieved from /home/airflow/.local/lib/python3.7/site-packages/airflow/example_dags/example_short_circuit_decorator.py
[2026-09-19T23:24:23.407+0000] {logging_mixin.py:149} INFO - [2026-09-19T23:24:23.407+0000] {dag.py:2726} INFO - Sync 1 DAGs
[2026-09-19T23:24:23.454+0000] {logging_mixin.py:149} INFO - [2026-09-19T23:24:23.454+0000] {dag.py:3490} INFO - Setting next_dagrun for example_short_circuit_decorator to 2026-09-18T23:24:23.454293+00:00, run_after=2026-09-19T23:24:23.454293+00:00
[2026-09-19T23:24:23.491+0000] {processor.py:178} INFO - Processing /home/airflow/.local/lib/python3.7/site-packages/airflow/example_dags/example_short_circuit_decorator.py took 0.160 seconds
[2026-09-19T23:24:54.351+0000] {processor.py:156} INFO - Started process (PID=15897) to work on /home/airflow/.local/lib/python3.7/site-packages/airflow/example_dags/example_short_circuit_decorator.py
[2026-09-19T23:24:54.353+0000] {processor.py:799} INFO - Processing file /home/airflow/.local/lib/python3.7/site-packages/airflow/example_dags/example_short_circuit_decorator.py for tasks to queue
[2026-09-19T23:24:54.354+0000] {logging_mixin.py:149} INFO - [2026-09-19T23:24:54.354+0000] {dagbag.py:541} INFO - Filling up the DagBag from /home/airflow/.local/lib/python3.7/site-packages/airflow/example_dags/example_short_circuit_decorator.py
[2026-09-19T23:24:54.372+0000] {processor.py:809} INFO - DAG(s) dict_keys(['example_short_circuit_decorator']) retrieved from /home/airflow/.local/lib/python3.7/site-packages/airflow/example_dags/example_short_circuit_decorator.py
[2026-09-19T23:24:54.424+0000] {logging_mixin.py:149} INFO - [2026-09-19T23:24:54.423+0000] {dag.py:2726} INFO - Sync 1 DAGs
[2026-09-19T23:24:54.469+0000] {logging_mixin.py:149} INFO - [2026-09-19T23:24:54.468+0000] {dag.py:3490} INFO - Setting next_dagrun for example_short_circuit_decorator to 2026-09-18T23:24:54.468375+00:00, run_after=2026-09-19T23:24:54.468375+00:00
[2026-09-19T23:24:54.501+0000] {processor.py:178} INFO - Processing /home/airflow/.local/lib/python3.7/site-packages/airflow/example_dags/example_short_circuit_decorator.py took 0.156 seconds
[2026-09-19T23:25:26.100+0000] {processor.py:156} INFO - Started process (PID=15954) to work on /home/airflow/.local/lib/python3.7/site-packages/airflow/example_dags/example_short_circuit_decorator.py
[2026-09-19T23:25:26.105+0000] {processor.py:799} INFO - Processing file /home/airflow/.local/lib/python3.7/site-packages/airflow/example_dags/example_short_circuit_decorator.py for tasks to queue
[2026-09-19T23:25:26.106+0000] {logging_mixin.py:149} INFO - [2026-09-19T23:25:26.106+0000] {dagbag.py:541} INFO - Filling up the DagBag from /home/airflow/.local/lib/python3.7/site-packages/airflow/example_dags/example_short_circuit_decorator.py
[2026-09-19T23:25:26.124+0000] {processor.py:809} INFO - DAG(s) dict_keys(['example_short_circuit_decorator']) retrieved from /home/airflow/.local/lib/python3.7/site-packages/airflow/example_dags/example_short_circuit_decorator.py
[2026-09-19T23:25:26.169+0000] {logging_mixin.py:149} INFO - [2026-09-19T23:25:26.168+0000] {dag.py:2726} INFO - Sync 1 DAGs
[2026-09-19T23:25:26.211+0000] {logging_mixin.py:149} INFO - [2026-09-19T23:25:26.211+0000] {dag.py:3490} INFO - Setting next_dagrun for example_short_circuit_decorator to 2026-09-18T23:25:26.211070+00:00, run_after=2026-09-19T23:25:26.211070+00:00
[2026-09-19T23:25:26.239+0000] {processor.py:178} INFO - Processing /home/airflow/.local/lib/python3.7/site-packages/airflow/example_dags/example_short_circuit_decorator.py took 0.145 seconds
[2026-09-19T23:25:57.420+0000] {processor.py:156} INFO - Started process (PID=16011) to work on /home/airflow/.local/lib/python3.7/site-packages/airflow/example_dags/example_short_circuit_decorator.py
[2026-09-19T23:25:57.422+0000] {processor.py:799} INFO - Processing file /home/airflow/.local/lib/python3.7/site-packages/airflow/example_dags/example_short_circuit_decorator.py for tasks to queue
[2026-09-19T23:25:57.423+0000] {logging_mixin.py:149} INFO - [2026-09-19T23:25:57.423+0000] {dagbag.py:541} INFO - Filling up the DagBag from /home/airflow/.local/lib/python3.7/site-packages/airflow/example_dags/example_short_circuit_decorator.py
[2026-09-19T23:25:57.442+0000] {processor.py:809} INFO - DAG(s) dict_keys(['example_short_circuit_decorator']) retrieved from /home/airflow/.local/lib/python3.7/site-packages/airflow/example_dags/example_short_circuit_decorator.py
[2026-09-19T23:25:57.498+0000] {logging_mixin.py:149} INFO - [2026-09-19T23:25:57.498+0000] {dag.py:2726} INFO - Sync 1 DAGs
[2026-09-19T23:25:57.547+0000] {logging_mixin.py:149} INFO - [2026-09-19T23:25:57.546+0000] {dag.py:3490} INFO - Setting next_dagrun for example_short_circuit_decorator to 2026-09-18T23:25:57.546471+00:00, run_after=2026-09-19T23:25:57.546471+00:00
[2026-09-19T23:25:57.772+0000] {processor.py:178} INFO - Processing /home/airflow/.local/lib/python3.7/site-packages/airflow/example_dags/example_short_circuit_decorator.py took 0.358 seconds
[2026-09-19T23:26:28.180+0000] {processor.py:156} INFO - Started process (PID=16067) to work on /home/airflow/.local/lib/python3.7/site-packages/airflow/example_dags/example_short_circuit_decorator.py
[2026-09-19T23:26:28.182+0000] {processor.py:799} INFO - Processing file /home/airflow/.local/lib/python3.7/site-packages/airflow/example_dags/example_short_circuit_decorator.py for tasks to queue
[2026-09-19T23:26:28.183+0000] {logging_mixin.py:149} INFO - [2026-09-19T23:26:28.183+0000] {dagbag.py:541} INFO - Filling up the DagBag from /home/airflow/.local/lib/python3.7/site-packages/airflow/example_dags/example_short_circuit_decorator.py
[2026-09-19T23:26:28.200+0000] {processor.py:809} INFO - DAG(s) dict_keys(['example_short_circuit_decorator']) retrieved from /home/airflow/.local/lib/python3.7/site-packages/airflow/example_dags/example_short_circuit_decorator.py
[2026-09-19T23:26:28.253+0000] {logging_mixin.py:149} INFO - [2026-09-19T23:26:28.253+0000] {dag.py:2726} INFO - Sync 1 DAGs
[2026-09-19T23:26:28.298+0000] {logging_mixin.py:149} INFO - [2026-09-19T23:26:28.298+0000] {dag.py:3490} INFO - Setting next_dagrun for example_short_circuit_decorator to 2026-09-18T23:26:28.298231+00:00, run_after=2026-09-19T23:26:28.298231+00:00
[2026-09-19T23:26:28.333+0000] {processor.py:178} INFO - Processing /home/airflow/.local/lib/python3.7/site-packages/airflow/example_dags/example_short_circuit_decorator.py took 0.159 seconds
[2026-09-19T23:26:59.614+0000] {processor.py:156} INFO - Started process (PID=16124) to work on /home/airflow/.local/lib/python3.7/site-packages/airflow/example_dags/example_short_circuit_decorator.py
[2026-09-19T23:26:59.620+0000] {processor.py:799} INFO - Processing file /home/airflow/.local/lib/python3.7/site-packages/airflow/example_dags/example_short_circuit_decorator.py for tasks to queue
[2026-09-19T23:26:59.622+0000] {logging_mixin.py:149} INFO - [2026-09-19T23:26:59.622+0000] {dagbag.py:541} INFO - Filling up the DagBag from /home/airflow/.local/lib/python3.7/site-packages/airflow/example_dags/example_short_circuit_decorator.py
[2026-09-19T23:26:59.644+0000] {processor.py:809} INFO - DAG(s) dict_keys(['example_short_circuit_decorator']) retrieved from /home/airflow/.local/lib/python3.7/site-packages/airflow/example_dags/example_short_circuit_decorator.py
[2026-09-19T23:26:59.698+0000] {logging_mixin.py:149} INFO - [2026-09-19T23:26:59.697+0000] {dag.py:2726} INFO - Sync 1 DAGs
[2026-09-19T23:26:59.749+0000] {logging_mixin.py:149} INFO - [2026-09-19T23:26:59.749+0000] {dag.py:3490} INFO - Setting next_dagrun for example_short_circuit_decorator to 2026-09-18T23:26:59.749014+00:00, run_after=2026-09-19T23:26:59.749014+00:00
[2026-09-19T23:26:59.784+0000] {processor.py:178} INFO - Processing /home/airflow/.local/lib/python3.7/site-packages/airflow/example_dags/example_short_circuit_decorator.py took 0.176 seconds
[2026-09-19T23:27:30.900+0000] {processor.py:156} INFO - Started process (PID=16180) to work on /home/airflow/.local/lib/python3.7/site-packages/airflow/example_dags/example_short_circuit_decorator.py
[2026-09-19T23:27:30.902+0000] {processor.py:799} INFO - Processing file /home/airflow/.local/lib/python3.7/site-packages/airflow/example_dags/example_short_circuit_decorator.py for tasks to queue
[2026-09-19T23:27:30.903+0000] {logging_mixin.py:149} INFO - [2026-09-19T23:27:30.903+0000] {dagbag.py:541} INFO - Filling up the DagBag from /home/airflow/.local/lib/python3.7/site-packages/airflow/example_dags/example_short_circuit_decorator.py
[2026-09-19T23:27:30.921+0000] {processor.py:809} INFO - DAG(s) dict_keys(['example_short_circuit_decorator']) retrieved from /home/airflow/.local/lib/python3.7/site-packages/airflow/example_dags/example_short_circuit_decorator.py
[2026-09-19T23:27:30.974+0000] {logging_mixin.py:149} INFO - [2026-09-19T23:27:30.973+0000] {dag.py:2726} INFO - Sync 1 DAGs
[2026-09-19T23:27:31.019+0000] {logging_mixin.py:149} INFO - [2026-09-19T23:27:31.019+0000] {dag.py:3490} INFO - Setting next_dagrun for example_short_circuit_decorator to 2026-09-18T23:27:31.018589+00:00, run_after=2026-09-19T23:27:31.018589+00:00
[2026-09-19T23:27:31.238+0000] {processor.py:178} INFO - Processing /home/airflow/.local/lib/python3.7/site-packages/airflow/example_dags/example_short_circuit_decorator.py took 0.344 seconds
[2026-09-19T23:28:01.729+0000] {processor.py:156} INFO - Started process (PID=16236) to work on /home/airflow/.local/lib/python3.7/site-packages/airflow/example_dags/example_short_circuit_decorator.py
[2026-09-19T23:28:01.732+0000] {processor.py:799} INFO - Processing file /home/airflow/.local/lib/python3.7/site-packages/airflow/example_dags/example_short_circuit_decorator.py for tasks to queue
[2026-09-19T23:28:01.733+0000] {logging_mixin.py:149} INFO - [2026-09-19T23:28:01.733+0000] {dagbag.py:541} INFO - Filling up the DagBag from /home/airflow/.local/lib/python3.7/site-packages/airflow/example_dags/example_short_circuit_decorator.py
[2026-09-19T23:28:01.753+0000] {processor.py:809} INFO - DAG(s) dict_keys(['example_short_circuit_decorator']) retrieved from /home/airflow/.local/lib/python3.7/site-packages/airflow/example_dags/example_short_circuit_decorator.py
[2026-09-19T23:28:01.806+0000] {logging_mixin.py:149} INFO - [2026-09-19T23:28:01.805+0000] {dag.py:2726} INFO - Sync 1 DAGs
[2026-09-19T23:28:01.850+0000] {logging_mixin.py:149} INFO - [2026-09-19T23:28:01.850+0000] {dag.py:3490} INFO - Setting next_dagrun for example_short_circuit_decorator to 2026-09-18T23:28:01.849627+00:00, run_after=2026-09-19T23:28:01.849627+00:00
[2026-09-19T23:28:01.879+0000] {processor.py:178} INFO - Processing /home/airflow/.local/lib/python3.7/site-packages/airflow/example_dags/example_short_circuit_decorator.py took 0.157 seconds
[2026-09-19T23:28:33.450+0000] {processor.py:156} INFO - Started process (PID=16292) to work on /home/airflow/.local/lib/python3.7/site-packages/airflow/example_dags/example_short_circuit_decorator.py
[2026-09-19T23:28:33.452+0000] {processor.py:799} INFO - Processing file /home/airflow/.local/lib/python3.7/site-packages/airflow/example_dags/example_short_circuit_decorator.py for tasks to queue
[2026-09-19T23:28:33.453+0000] {logging_mixin.py:149} INFO - [2026-09-19T23:28:33.453+0000] {dagbag.py:541} INFO - Filling up the DagBag from /home/airflow/.local/lib/python3.7/site-packages/airflow/example_dags/example_short_circuit_decorator.py
[2026-09-19T23:28:33.471+0000] {processor.py:809} INFO - DAG(s) dict_keys(['example_short_circuit_decorator']) retrieved from /home/airflow/.local/lib/python3.7/site-packages/airflow/example_dags/example_short_circuit_decorator.py
[2026-09-19T23:28:33.519+0000] {logging_mixin.py:149} INFO - [2026-09-19T23:28:33.519+0000] {dag.py:2726} INFO - Sync 1 DAGs
[2026-09-19T23:28:33.761+0000] {logging_mixin.py:149} INFO - [2026-09-19T23:28:33.761+0000] {dag.py:3490} INFO - Setting next_dagrun for example_short_circuit_decorator to 2026-09-18T23:28:33.761285+00:00, run_after=2026-09-19T23:28:33.761285+00:00
[2026-09-19T23:28:33.788+0000] {processor.py:178} INFO - Processing /home/airflow/.local/lib/python3.7/site-packages/airflow/example_dags/example_short_circuit_decorator.py took 0.345 seconds
[2026-09-19T23:29:04.621+0000] {processor.py:156} INFO - Started process (PID=16348) to work on /home/airflow/.local/lib/python3.7/site-packages/airflow/example_dags/example_short_circuit_decorator.py
[2026-09-19T23:29:04.623+0000] {processor.py:799} INFO - Processing file /home/airflow/.local/lib/python3.7/site-packages/airflow/example_dags/example_short_circuit_decorator.py for tasks to queue
[2026-09-19T23:29:04.624+0000] {logging_mixin.py:149} INFO - [2026-09-19T23:29:04.624+0000] {dagbag.py:541} INFO - Filling up the DagBag from /home/airflow/.local/lib/python3.7/site-packages/airflow/example_dags/example_short_circuit_decorator.py
[2026-09-19T23:29:04.642+0000] {processor.py:809} INFO - DAG(s) dict_keys(['example_short_circuit_decorator']) retrieved from /home/airflow/.local/lib/python3.7/site-packages/airflow/example_dags/example_short_circuit_decorator.py
[2026-09-19T23:29:04.689+0000] {logging_mixin.py:149} INFO - [2026-09-19T23:29:04.688+0000] {dag.py:2726} INFO - Sync 1 DAGs
[2026-09-19T23:29:04.743+0000] {logging_mixin.py:149} INFO - [2026-09-19T23:29:04.743+0000] {dag.py:3490} INFO - Setting next_dagrun for example_short_circuit_decorator to 2026-09-18T23:29:04.742995+00:00, run_after=2026-09-19T23:29:04.742995+00:00
[2026-09-19T23:29:04.979+0000] {processor.py:178} INFO - Processing /home/airflow/.local/lib/python3.7/site-packages/airflow/example_dags/example_short_circuit_decorator.py took 0.365 seconds
[2026-09-19T23:29:35.432+0000] {processor.py:156} INFO - Started process (PID=16405) to work on /home/airflow/.local/lib/python3.7/site-packages/airflow/example_dags/example_short_circuit_decorator.py
[2026-09-19T23:29:35.436+0000] {processor.py:799} INFO - Processing file /home/airflow/.local/lib/python3.7/site-packages/airflow/example_dags/example_short_circuit_decorator.py for tasks to queue
[2026-09-19T23:29:35.438+0000] {logging_mixin.py:149} INFO - [2026-09-19T23:29:35.438+0000] {dagbag.py:541} INFO - Filling up the DagBag from /home/airflow/.local/lib/python3.7/site-packages/airflow/example_dags/example_short_circuit_decorator.py
[2026-09-19T23:29:35.456+0000] {processor.py:809} INFO - DAG(s) dict_keys(['example_short_circuit_decorator']) retrieved from /home/airflow/.local/lib/python3.7/site-packages/airflow/example_dags/example_short_circuit_decorator.py
[2026-09-19T23:29:35.510+0000] {logging_mixin.py:149} INFO - [2026-09-19T23:29:35.510+0000] {dag.py:2726} INFO - Sync 1 DAGs
[2026-09-19T23:29:35.564+0000] {logging_mixin.py:149} INFO - [2026-09-19T23:29:35.564+0000] {dag.py:3490} INFO - Setting next_dagrun for example_short_circuit_decorator to 2026-09-18T23:29:35.563958+00:00, run_after=2026-09-19T23:29:35.563958+00:00
[2026-09-19T23:29:35.607+0000] {processor.py:178} INFO - Processing /home/airflow/.local/lib/python3.7/site-packages/airflow/example_dags/example_short_circuit_decorator.py took 0.182 seconds
[2026-09-19T23:30:07.195+0000] {processor.py:156} INFO - Started process (PID=16461) to work on /home/airflow/.local/lib/python3.7/site-packages/airflow/example_dags/example_short_circuit_decorator.py
[2026-09-19T23:30:07.198+0000] {processor.py:799} INFO - Processing file /home/airflow/.local/lib/python3.7/site-packages/airflow/example_dags/example_short_circuit_decorator.py for tasks to queue
[2026-09-19T23:30:07.199+0000] {logging_mixin.py:149} INFO - [2026-09-19T23:30:07.199+0000] {dagbag.py:541} INFO - Filling up the DagBag from /home/airflow/.local/lib/python3.7/site-packages/airflow/example_dags/example_short_circuit_decorator.py
[2026-09-19T23:30:07.218+0000] {processor.py:809} INFO - DAG(s) dict_keys(['example_short_circuit_decorator']) retrieved from /home/airflow/.local/lib/python3.7/site-packages/airflow/example_dags/example_short_circuit_decorator.py
[2026-09-19T23:30:07.272+0000] {logging_mixin.py:149} INFO - [2026-09-19T23:30:07.271+0000] {dag.py:2726} INFO - Sync 1 DAGs
[2026-09-19T23:30:07.520+0000] {logging_mixin.py:149} INFO - [2026-09-19T23:30:07.520+0000] {dag.py:3490} INFO - Setting next_dagrun for example_short_circuit_decorator to 2026-09-18T23:30:07.520125+00:00, run_after=2026-09-19T23:30:07.520125+00:00
[2026-09-19T23:30:07.553+0000] {processor.py:178} INFO - Processing /home/airflow/.local/lib/python3.7/site-packages/airflow/example_dags/example_short_circuit_decorator.py took 0.366 seconds
[2026-09-19T23:30:37.651+0000] {processor.py:156} INFO - Started process (PID=16517) to work on /home/airflow/.local/lib/python3.7/site-packages/airflow/example_dags/example_short_circuit_decorator.py
[2026-09-19T23:30:37.653+0000] {processor.py:799} INFO - Processing file /home/airflow/.local/lib/python3.7/site-packages/airflow/example_dags/example_short_circuit_decorator.py for tasks to queue
[2026-09-19T23:30:37.654+0000] {logging_mixin.py:149} INFO - [2026-09-19T23:30:37.654+0000] {dagbag.py:541} INFO - Filling up the DagBag from /home/airflow/.local/lib/python3.7/site-packages/airflow/example_dags/example_short_circuit_decorator.py
[2026-09-19T23:30:37.673+0000] {processor.py:809} INFO - DAG(s) dict_keys(['example_short_circuit_decorator']) retrieved from /home/airflow/.local/lib/python3.7/site-packages/airflow/example_dags/example_short_circuit_decorator.py
[2026-09-19T23:30:37.722+0000] {logging_mixin.py:149} INFO - [2026-09-19T23:30:37.722+0000] {dag.py:2726} INFO - Sync 1 DAGs
[2026-09-19T23:30:37.775+0000] {logging_mixin.py:149} INFO - [2026-09-19T23:30:37.775+0000] {dag.py:3490} INFO - Setting next_dagrun for example_short_circuit_decorator to 2026-09-18T23:30:37.775022+00:00, run_after=2026-09-19T23:30:37.775022+00:00
[2026-09-19T23:30:38.013+0000] {processor.py:178} INFO - Processing /home/airflow/.local/lib/python3.7/site-packages/airflow/example_dags/example_short_circuit_decorator.py took 0.368 seconds
[2026-09-19T23:31:08.548+0000] {processor.py:156} INFO - Started process (PID=16573) to work on /home/airflow/.local/lib/python3.7/site-packages/airflow/example_dags/example_short_circuit_decorator.py
[2026-09-19T23:31:08.554+0000] {processor.py:799} INFO - Processing file /home/airflow/.local/lib/python3.7/site-packages/airflow/example_dags/example_short_circuit_decorator.py for tasks to queue
[2026-09-19T23:31:08.556+0000] {logging_mixin.py:149} INFO - [2026-09-19T23:31:08.556+0000] {dagbag.py:541} INFO - Filling up the DagBag from /home/airflow/.local/lib/python3.7/site-packages/airflow/example_dags/example_short_circuit_decorator.py
[2026-09-19T23:31:08.575+0000] {processor.py:809} INFO - DAG(s) dict_keys(['example_short_circuit_decorator']) retrieved from /home/airflow/.local/lib/python3.7/site-packages/airflow/example_dags/example_short_circuit_decorator.py
[2026-09-19T23:31:08.818+0000] {logging_mixin.py:149} INFO - [2026-09-19T23:31:08.817+0000] {dag.py:2726} INFO - Sync 1 DAGs
[2026-09-19T23:31:08.855+0000] {logging_mixin.py:149} INFO - [2026-09-19T23:31:08.855+0000] {dag.py:3490} INFO - Setting next_dagrun for example_short_circuit_decorator to 2026-09-18T23:31:08.855266+00:00, run_after=2026-09-19T23:31:08.855266+00:00
[2026-09-19T23:31:08.883+0000] {processor.py:178} INFO - Processing /home/airflow/.local/lib/python3.7/site-packages/airflow/example_dags/example_short_circuit_decorator.py took 0.343 seconds
[2026-09-19T23:31:39.907+0000] {processor.py:156} INFO - Started process (PID=16629) to work on /home/airflow/.local/lib/python3.7/site-packages/airflow/example_dags/example_short_circuit_decorator.py
[2026-09-19T23:31:39.909+0000] {processor.py:799} INFO - Processing file /home/airflow/.local/lib/python3.7/site-packages/airflow/example_dags/example_short_circuit_decorator.py for tasks to queue
[2026-09-19T23:31:39.910+0000] {logging_mixin.py:149} INFO - [2026-09-19T23:31:39.910+0000] {dagbag.py:541} INFO - Filling up the DagBag from /home/airflow/.local/lib/python3.7/site-packages/airflow/example_dags/example_short_circuit_decorator.py
[2026-09-19T23:31:39.930+0000] {processor.py:809} INFO - DAG(s) dict_keys(['example_short_circuit_decorator']) retrieved from /home/airflow/.local/lib/python3.7/site-packages/airflow/example_dags/example_short_circuit_decorator.py
[2026-09-19T23:31:39.982+0000] {logging_mixin.py:149} INFO - [2026-09-19T23:31:39.982+0000] {dag.py:2726} INFO - Sync 1 DAGs
[2026-09-19T23:31:40.235+0000] {logging_mixin.py:149} INFO - [2026-09-19T23:31:40.235+0000] {dag.py:3490} INFO - Setting next_dagrun for example_short_circuit_decorator to 2026-09-18T23:31:40.234938+00:00, run_after=2026-09-19T23:31:40.234938+00:00
[2026-09-19T23:31:40.267+0000] {processor.py:178} INFO - Processing /home/airflow/.local/lib/python3.7/site-packages/airflow/example_dags/example_short_circuit_decorator.py took 0.366 seconds
[2026-09-19T23:32:10.306+0000] {processor.py:156} INFO - Started process (PID=16685) to work on /home/airflow/.local/lib/python3.7/site-packages/airflow/example_dags/example_short_circuit_decorator.py
[2026-09-19T23:32:10.308+0000] {processor.py:799} INFO - Processing file /home/airflow/.local/lib/python3.7/site-packages/airflow/example_dags/example_short_circuit_decorator.py for tasks to queue
[2026-09-19T23:32:10.309+0000] {logging_mixin.py:149} INFO - [2026-09-19T23:32:10.309+0000] {dagbag.py:541} INFO - Filling up the DagBag from /home/airflow/.local/lib/python3.7/site-packages/airflow/example_dags/example_short_circuit_decorator.py
[2026-09-19T23:32:10.324+0000] {processor.py:809} INFO - DAG(s) dict_keys(['example_short_circuit_decorator']) retrieved from /home/airflow/.local/lib/python3.7/site-packages/airflow/example_dags/example_short_circuit_decorator.py
[2026-09-19T23:32:10.372+0000] {logging_mixin.py:149} INFO - [2026-09-19T23:32:10.371+0000] {dag.py:2726} INFO - Sync 1 DAGs
[2026-09-19T23:32:10.417+0000] {logging_mixin.py:149} INFO - [2026-09-19T23:32:10.416+0000] {dag.py:3490} INFO - Setting next_dagrun for example_short_circuit_decorator to 2026-09-18T23:32:10.416426+00:00, run_after=2026-09-19T23:32:10.416426+00:00
[2026-09-19T23:32:10.447+0000] {processor.py:178} INFO - Processing /home/airflow/.local/lib/python3.7/site-packages/airflow/example_dags/example_short_circuit_decorator.py took 0.147 seconds
[2026-09-19T23:32:41.252+0000] {processor.py:156} INFO - Started process (PID=16741) to work on /home/airflow/.local/lib/python3.7/site-packages/airflow/example_dags/example_short_circuit_decorator.py
[2026-09-19T23:32:41.254+0000] {processor.py:799} INFO - Processing file /home/airflow/.local/lib/python3.7/site-packages/airflow/example_dags/example_short_circuit_decorator.py for tasks to queue
[2026-09-19T23:32:41.255+0000] {logging_mixin.py:149} INFO - [2026-09-19T23:32:41.255+0000] {dagbag.py:541} INFO - Filling up the DagBag from /home/airflow/.local/lib/python3.7/site-packages/airflow/example_dags/example_short_circuit_decorator.py
[2026-09-19T23:32:41.274+0000] {processor.py:809} INFO - DAG(s) dict_keys(['example_short_circuit_decorator']) retrieved from /home/airflow/.local/lib/python3.7/site-packages/airflow/example_dags/example_short_circuit_decorator.py
[2026-09-19T23:32:41.320+0000] {logging_mixin.py:149} INFO - [2026-09-19T23:32:41.320+0000] {dag.py:2726} INFO - Sync 1 DAGs
[2026-09-19T23:32:41.365+0000] {logging_mixin.py:149} INFO - [2026-09-19T23:32:41.365+0000] {dag.py:3490} INFO - Setting next_dagrun for example_short_circuit_decorator to 2026-09-18T23:32:41.364980+00:00, run_after=2026-09-19T23:32:41.364980+00:00
[2026-09-19T23:32:41.395+0000] {processor.py:178} INFO - Processing /home/airflow/.local/lib/python3.7/site-packages/airflow/example_dags/example_short_circuit_decorator.py took 0.150 seconds
[2026-09-19T23:33:12.116+0000] {processor.py:156} INFO - Started process (PID=16797) to work on /home/airflow/.local/lib/python3.7/site-packages/airflow/example_dags/example_short_circuit_decorator.py
[2026-09-19T23:33:12.118+0000] {processor.py:799} INFO - Processing file /home/airflow/.local/lib/python3.7/site-packages/airflow/example_dags/example_short_circuit_decorator.py for tasks to queue
[2026-09-19T23:33:12.119+0000] {logging_mixin.py:149} INFO - [2026-09-19T23:33:12.119+0000] {dagbag.py:541} INFO - Filling up the DagBag from /home/airflow/.local/lib/python3.7/site-packages/airflow/example_dags/example_short_circuit_decorator.py
[2026-09-19T23:33:12.137+0000] {processor.py:809} INFO - DAG(s) dict_keys(['example_short_circuit_decorator']) retrieved from /home/airflow/.local/lib/python3.7/site-packages/airflow/example_dags/example_short_circuit_decorator.py
[2026-09-19T23:33:12.183+0000] {logging_mixin.py:149} INFO - [2026-09-19T23:33:12.182+0000] {dag.py:2726} INFO - Sync 1 DAGs
[2026-09-19T23:33:12.224+0000] {logging_mixin.py:149} INFO - [2026-09-19T23:33:12.224+0000] {dag.py:3490} INFO - Setting next_dagrun for example_short_circuit_decorator to 2026-09-18T23:33:12.224027+00:00, run_after=2026-09-19T23:33:12.224027+00:00
[2026-09-19T23:33:12.256+0000] {processor.py:178} INFO - Processing /home/airflow/.local/lib/python3.7/site-packages/airflow/example_dags/example_short_circuit_decorator.py took 0.145 seconds
[2026-09-19T23:33:43.572+0000] {processor.py:156} INFO - Started process (PID=16860) to work on /home/airflow/.local/lib/python3.7/site-packages/airflow/example_dags/example_short_circuit_decorator.py
[2026-09-19T23:33:43.574+0000] {processor.py:799} INFO - Processing file /home/airflow/.local/lib/python3.7/site-packages/airflow/example_dags/example_short_circuit_decorator.py for tasks to queue
[2026-09-19T23:33:43.575+0000] {logging_mixin.py:149} INFO - [2026-09-19T23:33:43.575+0000] {dagbag.py:541} INFO - Filling up the DagBag from /home/airflow/.local/lib/python3.7/site-packages/airflow/example_dags/example_short_circuit_decorator.py
[2026-09-19T23:33:43.593+0000] {processor.py:809} INFO - DAG(s) dict_keys(['example_short_circuit_decorator']) retrieved from /home/airflow/.local/lib/python3.7/site-packages/airflow/example_dags/example_short_circuit_decorator.py
[2026-09-19T23:33:43.640+0000] {logging_mixin.py:149} INFO - [2026-09-19T23:33:43.640+0000] {dag.py:2726} INFO - Sync 1 DAGs
[2026-09-19T23:33:43.683+0000] {logging_mixin.py:149} INFO - [2026-09-19T23:33:43.683+0000] {dag.py:3490} INFO - Setting next_dagrun for example_short_circuit_decorator to 2026-09-18T23:33:43.682826+00:00, run_after=2026-09-19T23:33:43.682826+00:00
[2026-09-19T23:33:43.713+0000] {processor.py:178} INFO - Processing /home/airflow/.local/lib/python3.7/site-packages/airflow/example_dags/example_short_circuit_decorator.py took 0.148 seconds
[2026-09-19T23:34:13.931+0000] {processor.py:156} INFO - Started process (PID=16916) to work on /home/airflow/.local/lib/python3.7/site-packages/airflow/example_dags/example_short_circuit_decorator.py
[2026-09-19T23:34:13.933+0000] {processor.py:799} INFO - Processing file /home/airflow/.local/lib/python3.7/site-packages/airflow/example_dags/example_short_circuit_decorator.py for tasks to queue
[2026-09-19T23:34:13.934+0000] {logging_mixin.py:149} INFO - [2026-09-19T23:34:13.934+0000] {dagbag.py:541} INFO - Filling up the DagBag from /home/airflow/.local/lib/python3.7/site-packages/airflow/example_dags/example_short_circuit_decorator.py
[2026-09-19T23:34:13.950+0000] {processor.py:809} INFO - DAG(s) dict_keys(['example_short_circuit_decorator']) retrieved from /home/airflow/.local/lib/python3.7/site-packages/airflow/example_dags/example_short_circuit_decorator.py
[2026-09-19T23:34:14.001+0000] {logging_mixin.py:149} INFO - [2026-09-19T23:34:14.001+0000] {dag.py:2726} INFO - Sync 1 DAGs
[2026-09-19T23:34:14.050+0000] {logging_mixin.py:149} INFO - [2026-09-19T23:34:14.049+0000] {dag.py:3490} INFO - Setting next_dagrun for example_short_circuit_decorator to 2026-09-18T23:34:14.049472+00:00, run_after=2026-09-19T23:34:14.049472+00:00
[2026-09-19T23:34:14.080+0000] {processor.py:178} INFO - Processing /home/airflow/.local/lib/python3.7/site-packages/airflow/example_dags/example_short_circuit_decorator.py took 0.157 seconds
[2026-09-19T23:34:44.682+0000] {processor.py:156} INFO - Started process (PID=16973) to work on /home/airflow/.local/lib/python3.7/site-packages/airflow/example_dags/example_short_circuit_decorator.py
[2026-09-19T23:34:44.684+0000] {processor.py:799} INFO - Processing file /home/airflow/.local/lib/python3.7/site-packages/airflow/example_dags/example_short_circuit_decorator.py for tasks to queue
[2026-09-19T23:34:44.685+0000] {logging_mixin.py:149} INFO - [2026-09-19T23:34:44.685+0000] {dagbag.py:541} INFO - Filling up the DagBag from /home/airflow/.local/lib/python3.7/site-packages/airflow/example_dags/example_short_circuit_decorator.py
[2026-09-19T23:34:44.705+0000] {processor.py:809} INFO - DAG(s) dict_keys(['example_short_circuit_decorator']) retrieved from /home/airflow/.local/lib/python3.7/site-packages/airflow/example_dags/example_short_circuit_decorator.py
[2026-09-19T23:34:44.769+0000] {logging_mixin.py:149} INFO - [2026-09-19T23:34:44.769+0000] {dag.py:2726} INFO - Sync 1 DAGs
[2026-09-19T23:34:44.819+0000] {logging_mixin.py:149} INFO - [2026-09-19T23:34:44.819+0000] {dag.py:3490} INFO - Setting next_dagrun for example_short_circuit_decorator to 2026-09-18T23:34:44.819028+00:00, run_after=2026-09-19T23:34:44.819028+00:00
[2026-09-19T23:34:44.853+0000] {processor.py:178} INFO - Processing /home/airflow/.local/lib/python3.7/site-packages/airflow/example_dags/example_short_circuit_decorator.py took 0.178 seconds
[2026-09-19T23:35:15.834+0000] {processor.py:156} INFO - Started process (PID=17029) to work on /home/airflow/.local/lib/python3.7/site-packages/airflow/example_dags/example_short_circuit_decorator.py
[2026-09-19T23:35:15.836+0000] {processor.py:799} INFO - Processing file /home/airflow/.local/lib/python3.7/site-packages/airflow/example_dags/example_short_circuit_decorator.py for tasks to queue
[2026-09-19T23:35:15.837+0000] {logging_mixin.py:149} INFO - [2026-09-19T23:35:15.837+0000] {dagbag.py:541} INFO - Filling up the DagBag from /home/airflow/.local/lib/python3.7/site-packages/airflow/example_dags/example_short_circuit_decorator.py
[2026-09-19T23:35:15.852+0000] {processor.py:809} INFO - DAG(s) dict_keys(['example_short_circuit_decorator']) retrieved from /home/airflow/.local/lib/python3.7/site-packages/airflow/example_dags/example_short_circuit_decorator.py
[2026-09-19T23:35:15.894+0000] {logging_mixin.py:149} INFO - [2026-09-19T23:35:15.894+0000] {dag.py:2726} INFO - Sync 1 DAGs
[2026-09-19T23:35:15.975+0000] {logging_mixin.py:149} INFO - [2026-09-19T23:35:15.974+0000] {dag.py:3490} INFO - Setting next_dagrun for example_short_circuit_decorator to 2026-09-18T23:35:15.973964+00:00, run_after=2026-09-19T23:35:15.973964+00:00
[2026-09-19T23:35:16.038+0000] {processor.py:178} INFO - Processing /home/airflow/.local/lib/python3.7/site-packages/airflow/example_dags/example_short_circuit_decorator.py took 0.210 seconds
[2026-09-19T23:35:46.564+0000] {processor.py:156} INFO - Started process (PID=17084) to work on /home/airflow/.local/lib/python3.7/site-packages/airflow/example_dags/example_short_circuit_decorator.py
[2026-09-19T23:35:46.569+0000] {processor.py:799} INFO - Processing file /home/airflow/.local/lib/python3.7/site-packages/airflow/example_dags/example_short_circuit_decorator.py for tasks to queue
[2026-09-19T23:35:46.571+0000] {logging_mixin.py:149} INFO - [2026-09-19T23:35:46.570+0000] {dagbag.py:541} INFO - Filling up the DagBag from /home/airflow/.local/lib/python3.7/site-packages/airflow/example_dags/example_short_circuit_decorator.py
[2026-09-19T23:35:46.587+0000] {processor.py:809} INFO - DAG(s) dict_keys(['example_short_circuit_decorator']) retrieved from /home/airflow/.local/lib/python3.7/site-packages/airflow/example_dags/example_short_circuit_decorator.py
[2026-09-19T23:35:46.634+0000] {logging_mixin.py:149} INFO - [2026-09-19T23:35:46.633+0000] {dag.py:2726} INFO - Sync 1 DAGs
[2026-09-19T23:35:46.676+0000] {logging_mixin.py:149} INFO - [2026-09-19T23:35:46.675+0000] {dag.py:3490} INFO - Setting next_dagrun for example_short_circuit_decorator to 2026-09-18T23:35:46.675340+00:00, run_after=2026-09-19T23:35:46.675340+00:00
[2026-09-19T23:35:46.710+0000] {processor.py:178} INFO - Processing /home/airflow/.local/lib/python3.7/site-packages/airflow/example_dags/example_short_circuit_decorator.py took 0.152 seconds
[2026-09-19T23:36:17.481+0000] {processor.py:156} INFO - Started process (PID=17140) to work on /home/airflow/.local/lib/python3.7/site-packages/airflow/example_dags/example_short_circuit_decorator.py
[2026-09-19T23:36:17.483+0000] {processor.py:799} INFO - Processing file /home/airflow/.local/lib/python3.7/site-packages/airflow/example_dags/example_short_circuit_decorator.py for tasks to queue
[2026-09-19T23:36:17.484+0000] {logging_mixin.py:149} INFO - [2026-09-19T23:36:17.484+0000] {dagbag.py:541} INFO - Filling up the DagBag from /home/airflow/.local/lib/python3.7/site-packages/airflow/example_dags/example_short_circuit_decorator.py
[2026-09-19T23:36:17.502+0000] {processor.py:809} INFO - DAG(s) dict_keys(['example_short_circuit_decorator']) retrieved from /home/airflow/.local/lib/python3.7/site-packages/airflow/example_dags/example_short_circuit_decorator.py
[2026-09-19T23:36:17.551+0000] {logging_mixin.py:149} INFO - [2026-09-19T23:36:17.551+0000] {dag.py:2726} INFO - Sync 1 DAGs
[2026-09-19T23:36:17.595+0000] {logging_mixin.py:149} INFO - [2026-09-19T23:36:17.595+0000] {dag.py:3490} INFO - Setting next_dagrun for example_short_circuit_decorator to 2026-09-18T23:36:17.594914+00:00, run_after=2026-09-19T23:36:17.594914+00:00
[2026-09-19T23:36:17.629+0000] {processor.py:178} INFO - Processing /home/airflow/.local/lib/python3.7/site-packages/airflow/example_dags/example_short_circuit_decorator.py took 0.154 seconds
[2026-09-19T23:36:48.218+0000] {processor.py:156} INFO - Started process (PID=17196) to work on /home/airflow/.local/lib/python3.7/site-packages/airflow/example_dags/example_short_circuit_decorator.py
[2026-09-19T23:36:48.221+0000] {processor.py:799} INFO - Processing file /home/airflow/.local/lib/python3.7/site-packages/airflow/example_dags/example_short_circuit_decorator.py for tasks to queue
[2026-09-19T23:36:48.222+0000] {logging_mixin.py:149} INFO - [2026-09-19T23:36:48.222+0000] {dagbag.py:541} INFO - Filling up the DagBag from /home/airflow/.local/lib/python3.7/site-packages/airflow/example_dags/example_short_circuit_decorator.py
[2026-09-19T23:36:48.238+0000] {processor.py:809} INFO - DAG(s) dict_keys(['example_short_circuit_decorator']) retrieved from /home/airflow/.local/lib/python3.7/site-packages/airflow/example_dags/example_short_circuit_decorator.py
[2026-09-19T23:36:48.292+0000] {logging_mixin.py:149} INFO - [2026-09-19T23:36:48.291+0000] {dag.py:2726} INFO - Sync 1 DAGs
[2026-09-19T23:36:48.343+0000] {logging_mixin.py:149} INFO - [2026-09-19T23:36:48.342+0000] {dag.py:3490} INFO - Setting next_dagrun for example_short_circuit_decorator to 2026-09-18T23:36:48.342355+00:00, run_after=2026-09-19T23:36:48.342355+00:00
[2026-09-19T23:36:48.380+0000] {processor.py:178} INFO - Processing /home/airflow/.local/lib/python3.7/site-packages/airflow/example_dags/example_short_circuit_decorator.py took 0.168 seconds
[2026-09-19T23:37:19.284+0000] {processor.py:156} INFO - Started process (PID=17252) to work on /home/airflow/.local/lib/python3.7/site-packages/airflow/example_dags/example_short_circuit_decorator.py
[2026-09-19T23:37:19.286+0000] {processor.py:799} INFO - Processing file /home/airflow/.local/lib/python3.7/site-packages/airflow/example_dags/example_short_circuit_decorator.py for tasks to queue
[2026-09-19T23:37:19.287+0000] {logging_mixin.py:149} INFO - [2026-09-19T23:37:19.286+0000] {dagbag.py:541} INFO - Filling up the DagBag from /home/airflow/.local/lib/python3.7/site-packages/airflow/example_dags/example_short_circuit_decorator.py
[2026-09-19T23:37:19.305+0000] {processor.py:809} INFO - DAG(s) dict_keys(['example_short_circuit_decorator']) retrieved from /home/airflow/.local/lib/python3.7/site-packages/airflow/example_dags/example_short_circuit_decorator.py
[2026-09-19T23:37:19.352+0000] {logging_mixin.py:149} INFO - [2026-09-19T23:37:19.351+0000] {dag.py:2726} INFO - Sync 1 DAGs
[2026-09-19T23:37:19.394+0000] {logging_mixin.py:149} INFO - [2026-09-19T23:37:19.394+0000] {dag.py:3490} INFO - Setting next_dagrun for example_short_circuit_decorator to 2026-09-18T23:37:19.393922+00:00, run_after=2026-09-19T23:37:19.393922+00:00
[2026-09-19T23:37:19.424+0000] {processor.py:178} INFO - Processing /home/airflow/.local/lib/python3.7/site-packages/airflow/example_dags/example_short_circuit_decorator.py took 0.148 seconds
[2026-09-19T23:37:50.025+0000] {processor.py:156} INFO - Started process (PID=17308) to work on /home/airflow/.local/lib/python3.7/site-packages/airflow/example_dags/example_short_circuit_decorator.py
[2026-09-19T23:37:50.027+0000] {processor.py:799} INFO - Processing file /home/airflow/.local/lib/python3.7/site-packages/airflow/example_dags/example_short_circuit_decorator.py for tasks to queue
[2026-09-19T23:37:50.028+0000] {logging_mixin.py:149} INFO - [2026-09-19T23:37:50.028+0000] {dagbag.py:541} INFO - Filling up the DagBag from /home/airflow/.local/lib/python3.7/site-packages/airflow/example_dags/example_short_circuit_decorator.py
[2026-09-19T23:37:50.044+0000] {processor.py:809} INFO - DAG(s) dict_keys(['example_short_circuit_decorator']) retrieved from /home/airflow/.local/lib/python3.7/site-packages/airflow/example_dags/example_short_circuit_decorator.py
[2026-09-19T23:37:50.093+0000] {logging_mixin.py:149} INFO - [2026-09-19T23:37:50.093+0000] {dag.py:2726} INFO - Sync 1 DAGs
[2026-09-19T23:37:50.134+0000] {logging_mixin.py:149} INFO - [2026-09-19T23:37:50.134+0000] {dag.py:3490} INFO - Setting next_dagrun for example_short_circuit_decorator to 2026-09-18T23:37:50.133987+00:00, run_after=2026-09-19T23:37:50.133987+00:00
[2026-09-19T23:37:50.166+0000] {processor.py:178} INFO - Processing /home/airflow/.local/lib/python3.7/site-packages/airflow/example_dags/example_short_circuit_decorator.py took 0.146 seconds
[2026-09-19T23:38:20.641+0000] {processor.py:156} INFO - Started process (PID=17364) to work on /home/airflow/.local/lib/python3.7/site-packages/airflow/example_dags/example_short_circuit_decorator.py
[2026-09-19T23:38:20.643+0000] {processor.py:799} INFO - Processing file /home/airflow/.local/lib/python3.7/site-packages/airflow/example_dags/example_short_circuit_decorator.py for tasks to queue
[2026-09-19T23:38:20.644+0000] {logging_mixin.py:149} INFO - [2026-09-19T23:38:20.643+0000] {dagbag.py:541} INFO - Filling up the DagBag from /home/airflow/.local/lib/python3.7/site-packages/airflow/example_dags/example_short_circuit_decorator.py
[2026-09-19T23:38:20.660+0000] {processor.py:809} INFO - DAG(s) dict_keys(['example_short_circuit_decorator']) retrieved from /home/airflow/.local/lib/python3.7/site-packages/airflow/example_dags/example_short_circuit_decorator.py
[2026-09-19T23:38:20.705+0000] {logging_mixin.py:149} INFO - [2026-09-19T23:38:20.705+0000] {dag.py:2726} INFO - Sync 1 DAGs
[2026-09-19T23:38:20.747+0000] {logging_mixin.py:149} INFO - [2026-09-19T23:38:20.747+0000] {dag.py:3490} INFO - Setting next_dagrun for example_short_circuit_decorator to 2026-09-18T23:38:20.746729+00:00, run_after=2026-09-19T23:38:20.746729+00:00
[2026-09-19T23:38:20.776+0000] {processor.py:178} INFO - Processing /home/airflow/.local/lib/python3.7/site-packages/airflow/example_dags/example_short_circuit_decorator.py took 0.141 seconds
[2026-09-19T23:38:51.396+0000] {processor.py:156} INFO - Started process (PID=17420) to work on /home/airflow/.local/lib/python3.7/site-packages/airflow/example_dags/example_short_circuit_decorator.py
[2026-09-19T23:38:51.397+0000] {processor.py:799} INFO - Processing file /home/airflow/.local/lib/python3.7/site-packages/airflow/example_dags/example_short_circuit_decorator.py for tasks to queue
[2026-09-19T23:38:51.399+0000] {logging_mixin.py:149} INFO - [2026-09-19T23:38:51.398+0000] {dagbag.py:541} INFO - Filling up the DagBag from /home/airflow/.local/lib/python3.7/site-packages/airflow/example_dags/example_short_circuit_decorator.py
[2026-09-19T23:38:51.417+0000] {processor.py:809} INFO - DAG(s) dict_keys(['example_short_circuit_decorator']) retrieved from /home/airflow/.local/lib/python3.7/site-packages/airflow/example_dags/example_short_circuit_decorator.py
[2026-09-19T23:38:51.464+0000] {logging_mixin.py:149} INFO - [2026-09-19T23:38:51.464+0000] {dag.py:2726} INFO - Sync 1 DAGs
[2026-09-19T23:38:51.512+0000] {logging_mixin.py:149} INFO - [2026-09-19T23:38:51.512+0000] {dag.py:3490} INFO - Setting next_dagrun for example_short_circuit_decorator to 2026-09-18T23:38:51.511497+00:00, run_after=2026-09-19T23:38:51.511497+00:00
[2026-09-19T23:38:51.547+0000] {processor.py:178} INFO - Processing /home/airflow/.local/lib/python3.7/site-packages/airflow/example_dags/example_short_circuit_decorator.py took 0.157 seconds
[2026-09-19T23:39:22.463+0000] {processor.py:156} INFO - Started process (PID=17475) to work on /home/airflow/.local/lib/python3.7/site-packages/airflow/example_dags/example_short_circuit_decorator.py
[2026-09-19T23:39:22.465+0000] {processor.py:799} INFO - Processing file /home/airflow/.local/lib/python3.7/site-packages/airflow/example_dags/example_short_circuit_decorator.py for tasks to queue
[2026-09-19T23:39:22.466+0000] {logging_mixin.py:149} INFO - [2026-09-19T23:39:22.466+0000] {dagbag.py:541} INFO - Filling up the DagBag from /home/airflow/.local/lib/python3.7/site-packages/airflow/example_dags/example_short_circuit_decorator.py
[2026-09-19T23:39:22.485+0000] {processor.py:809} INFO - DAG(s) dict_keys(['example_short_circuit_decorator']) retrieved from /home/airflow/.local/lib/python3.7/site-packages/airflow/example_dags/example_short_circuit_decorator.py
[2026-09-19T23:39:22.538+0000] {logging_mixin.py:149} INFO - [2026-09-19T23:39:22.537+0000] {dag.py:2726} INFO - Sync 1 DAGs
[2026-09-19T23:39:22.590+0000] {logging_mixin.py:149} INFO - [2026-09-19T23:39:22.590+0000] {dag.py:3490} INFO - Setting next_dagrun for example_short_circuit_decorator to 2026-09-18T23:39:22.589817+00:00, run_after=2026-09-19T23:39:22.589817+00:00
[2026-09-19T23:39:22.627+0000] {processor.py:178} INFO - Processing /home/airflow/.local/lib/python3.7/site-packages/airflow/example_dags/example_short_circuit_decorator.py took 0.171 seconds
[2026-09-19T23:39:53.181+0000] {processor.py:156} INFO - Started process (PID=17531) to work on /home/airflow/.local/lib/python3.7/site-packages/airflow/example_dags/example_short_circuit_decorator.py
[2026-09-19T23:39:53.187+0000] {processor.py:799} INFO - Processing file /home/airflow/.local/lib/python3.7/site-packages/airflow/example_dags/example_short_circuit_decorator.py for tasks to queue
[2026-09-19T23:39:53.189+0000] {logging_mixin.py:149} INFO - [2026-09-19T23:39:53.188+0000] {dagbag.py:541} INFO - Filling up the DagBag from /home/airflow/.local/lib/python3.7/site-packages/airflow/example_dags/example_short_circuit_decorator.py
[2026-09-19T23:39:53.211+0000] {processor.py:809} INFO - DAG(s) dict_keys(['example_short_circuit_decorator']) retrieved from /home/airflow/.local/lib/python3.7/site-packages/airflow/example_dags/example_short_circuit_decorator.py
[2026-09-19T23:39:53.266+0000] {logging_mixin.py:149} INFO - [2026-09-19T23:39:53.264+0000] {dag.py:2726} INFO - Sync 1 DAGs
[2026-09-19T23:39:53.316+0000] {logging_mixin.py:149} INFO - [2026-09-19T23:39:53.316+0000] {dag.py:3490} INFO - Setting next_dagrun for example_short_circuit_decorator to 2026-09-18T23:39:53.315749+00:00, run_after=2026-09-19T23:39:53.315749+00:00
[2026-09-19T23:39:53.346+0000] {processor.py:178} INFO - Processing /home/airflow/.local/lib/python3.7/site-packages/airflow/example_dags/example_short_circuit_decorator.py took 0.171 seconds
[2026-09-19T23:40:24.071+0000] {processor.py:156} INFO - Started process (PID=17587) to work on /home/airflow/.local/lib/python3.7/site-packages/airflow/example_dags/example_short_circuit_decorator.py
[2026-09-19T23:40:24.077+0000] {processor.py:799} INFO - Processing file /home/airflow/.local/lib/python3.7/site-packages/airflow/example_dags/example_short_circuit_decorator.py for tasks to queue
[2026-09-19T23:40:24.078+0000] {logging_mixin.py:149} INFO - [2026-09-19T23:40:24.078+0000] {dagbag.py:541} INFO - Filling up the DagBag from /home/airflow/.local/lib/python3.7/site-packages/airflow/example_dags/example_short_circuit_decorator.py
[2026-09-19T23:40:24.097+0000] {processor.py:809} INFO - DAG(s) dict_keys(['example_short_circuit_decorator']) retrieved from /home/airflow/.local/lib/python3.7/site-packages/airflow/example_dags/example_short_circuit_decorator.py
[2026-09-19T23:40:24.146+0000] {logging_mixin.py:149} INFO - [2026-09-19T23:40:24.145+0000] {dag.py:2726} INFO - Sync 1 DAGs
[2026-09-19T23:40:24.192+0000] {logging_mixin.py:149} INFO - [2026-09-19T23:40:24.192+0000] {dag.py:3490} INFO - Setting next_dagrun for example_short_circuit_decorator to 2026-09-18T23:40:24.191792+00:00, run_after=2026-09-19T23:40:24.191792+00:00
[2026-09-19T23:40:24.226+0000] {processor.py:178} INFO - Processing /home/airflow/.local/lib/python3.7/site-packages/airflow/example_dags/example_short_circuit_decorator.py took 0.161 seconds
[2026-09-19T23:40:54.826+0000] {processor.py:156} INFO - Started process (PID=17643) to work on /home/airflow/.local/lib/python3.7/site-packages/airflow/example_dags/example_short_circuit_decorator.py
[2026-09-19T23:40:54.829+0000] {processor.py:799} INFO - Processing file /home/airflow/.local/lib/python3.7/site-packages/airflow/example_dags/example_short_circuit_decorator.py for tasks to queue
[2026-09-19T23:40:54.830+0000] {logging_mixin.py:149} INFO - [2026-09-19T23:40:54.829+0000] {dagbag.py:541} INFO - Filling up the DagBag from /home/airflow/.local/lib/python3.7/site-packages/airflow/example_dags/example_short_circuit_decorator.py
[2026-09-19T23:40:54.847+0000] {processor.py:809} INFO - DAG(s) dict_keys(['example_short_circuit_decorator']) retrieved from /home/airflow/.local/lib/python3.7/site-packages/airflow/example_dags/example_short_circuit_decorator.py
[2026-09-19T23:40:54.900+0000] {logging_mixin.py:149} INFO - [2026-09-19T23:40:54.900+0000] {dag.py:2726} INFO - Sync 1 DAGs
[2026-09-19T23:40:54.942+0000] {logging_mixin.py:149} INFO - [2026-09-19T23:40:54.942+0000] {dag.py:3490} INFO - Setting next_dagrun for example_short_circuit_decorator to 2026-09-18T23:40:54.941980+00:00, run_after=2026-09-19T23:40:54.941980+00:00
[2026-09-19T23:40:54.977+0000] {processor.py:178} INFO - Processing /home/airflow/.local/lib/python3.7/site-packages/airflow/example_dags/example_short_circuit_decorator.py took 0.157 seconds
[2026-09-19T23:41:26.041+0000] {processor.py:156} INFO - Started process (PID=17699) to work on /home/airflow/.local/lib/python3.7/site-packages/airflow/example_dags/example_short_circuit_decorator.py
[2026-09-19T23:41:26.043+0000] {processor.py:799} INFO - Processing file /home/airflow/.local/lib/python3.7/site-packages/airflow/example_dags/example_short_circuit_decorator.py for tasks to queue
[2026-09-19T23:41:26.044+0000] {logging_mixin.py:149} INFO - [2026-09-19T23:41:26.044+0000] {dagbag.py:541} INFO - Filling up the DagBag from /home/airflow/.local/lib/python3.7/site-packages/airflow/example_dags/example_short_circuit_decorator.py
[2026-09-19T23:41:26.059+0000] {processor.py:809} INFO - DAG(s) dict_keys(['example_short_circuit_decorator']) retrieved from /home/airflow/.local/lib/python3.7/site-packages/airflow/example_dags/example_short_circuit_decorator.py
[2026-09-19T23:41:26.103+0000] {logging_mixin.py:149} INFO - [2026-09-19T23:41:26.103+0000] {dag.py:2726} INFO - Sync 1 DAGs
[2026-09-19T23:41:26.148+0000] {logging_mixin.py:149} INFO - [2026-09-19T23:41:26.148+0000] {dag.py:3490} INFO - Setting next_dagrun for example_short_circuit_decorator to 2026-09-18T23:41:26.147685+00:00, run_after=2026-09-19T23:41:26.147685+00:00
[2026-09-19T23:41:26.180+0000] {processor.py:178} INFO - Processing /home/airflow/.local/lib/python3.7/site-packages/airflow/example_dags/example_short_circuit_decorator.py took 0.145 seconds
[2026-09-19T23:41:56.363+0000] {processor.py:156} INFO - Started process (PID=17754) to work on /home/airflow/.local/lib/python3.7/site-packages/airflow/example_dags/example_short_circuit_decorator.py
[2026-09-19T23:41:56.365+0000] {processor.py:799} INFO - Processing file /home/airflow/.local/lib/python3.7/site-packages/airflow/example_dags/example_short_circuit_decorator.py for tasks to queue
[2026-09-19T23:41:56.366+0000] {logging_mixin.py:149} INFO - [2026-09-19T23:41:56.366+0000] {dagbag.py:541} INFO - Filling up the DagBag from /home/airflow/.local/lib/python3.7/site-packages/airflow/example_dags/example_short_circuit_decorator.py
[2026-09-19T23:41:56.381+0000] {processor.py:809} INFO - DAG(s) dict_keys(['example_short_circuit_decorator']) retrieved from /home/airflow/.local/lib/python3.7/site-packages/airflow/example_dags/example_short_circuit_decorator.py
[2026-09-19T23:41:56.428+0000] {logging_mixin.py:149} INFO - [2026-09-19T23:41:56.427+0000] {dag.py:2726} INFO - Sync 1 DAGs
[2026-09-19T23:41:56.474+0000] {logging_mixin.py:149} INFO - [2026-09-19T23:41:56.473+0000] {dag.py:3490} INFO - Setting next_dagrun for example_short_circuit_decorator to 2026-09-18T23:41:56.473185+00:00, run_after=2026-09-19T23:41:56.473185+00:00
[2026-09-19T23:41:56.506+0000] {processor.py:178} INFO - Processing /home/airflow/.local/lib/python3.7/site-packages/airflow/example_dags/example_short_circuit_decorator.py took 0.148 seconds
[2026-09-19T23:42:27.510+0000] {processor.py:156} INFO - Started process (PID=17810) to work on /home/airflow/.local/lib/python3.7/site-packages/airflow/example_dags/example_short_circuit_decorator.py
[2026-09-19T23:42:27.512+0000] {processor.py:799} INFO - Processing file /home/airflow/.local/lib/python3.7/site-packages/airflow/example_dags/example_short_circuit_decorator.py for tasks to queue
[2026-09-19T23:42:27.514+0000] {logging_mixin.py:149} INFO - [2026-09-19T23:42:27.514+0000] {dagbag.py:541} INFO - Filling up the DagBag from /home/airflow/.local/lib/python3.7/site-packages/airflow/example_dags/example_short_circuit_decorator.py
[2026-09-19T23:42:27.532+0000] {processor.py:809} INFO - DAG(s) dict_keys(['example_short_circuit_decorator']) retrieved from /home/airflow/.local/lib/python3.7/site-packages/airflow/example_dags/example_short_circuit_decorator.py
[2026-09-19T23:42:27.585+0000] {logging_mixin.py:149} INFO - [2026-09-19T23:42:27.585+0000] {dag.py:2726} INFO - Sync 1 DAGs
[2026-09-19T23:42:27.639+0000] {logging_mixin.py:149} INFO - [2026-09-19T23:42:27.638+0000] {dag.py:3490} INFO - Setting next_dagrun for example_short_circuit_decorator to 2026-09-18T23:42:27.638358+00:00, run_after=2026-09-19T23:42:27.638358+00:00
[2026-09-19T23:42:27.674+0000] {processor.py:178} INFO - Processing /home/airflow/.local/lib/python3.7/site-packages/airflow/example_dags/example_short_circuit_decorator.py took 0.172 seconds
[2026-09-19T23:42:58.244+0000] {processor.py:156} INFO - Started process (PID=17866) to work on /home/airflow/.local/lib/python3.7/site-packages/airflow/example_dags/example_short_circuit_decorator.py
[2026-09-19T23:42:58.246+0000] {processor.py:799} INFO - Processing file /home/airflow/.local/lib/python3.7/site-packages/airflow/example_dags/example_short_circuit_decorator.py for tasks to queue
[2026-09-19T23:42:58.247+0000] {logging_mixin.py:149} INFO - [2026-09-19T23:42:58.247+0000] {dagbag.py:541} INFO - Filling up the DagBag from /home/airflow/.local/lib/python3.7/site-packages/airflow/example_dags/example_short_circuit_decorator.py
[2026-09-19T23:42:58.265+0000] {processor.py:809} INFO - DAG(s) dict_keys(['example_short_circuit_decorator']) retrieved from /home/airflow/.local/lib/python3.7/site-packages/airflow/example_dags/example_short_circuit_decorator.py
[2026-09-19T23:42:58.320+0000] {logging_mixin.py:149} INFO - [2026-09-19T23:42:58.320+0000] {dag.py:2726} INFO - Sync 1 DAGs
[2026-09-19T23:42:58.367+0000] {logging_mixin.py:149} INFO - [2026-09-19T23:42:58.366+0000] {dag.py:3490} INFO - Setting next_dagrun for example_short_circuit_decorator to 2026-09-18T23:42:58.366451+00:00, run_after=2026-09-19T23:42:58.366451+00:00
[2026-09-19T23:42:58.398+0000] {processor.py:178} INFO - Processing /home/airflow/.local/lib/python3.7/site-packages/airflow/example_dags/example_short_circuit_decorator.py took 0.161 seconds
[2026-09-19T23:43:28.827+0000] {processor.py:156} INFO - Started process (PID=17922) to work on /home/airflow/.local/lib/python3.7/site-packages/airflow/example_dags/example_short_circuit_decorator.py
[2026-09-19T23:43:28.829+0000] {processor.py:799} INFO - Processing file /home/airflow/.local/lib/python3.7/site-packages/airflow/example_dags/example_short_circuit_decorator.py for tasks to queue
[2026-09-19T23:43:28.830+0000] {logging_mixin.py:149} INFO - [2026-09-19T23:43:28.830+0000] {dagbag.py:541} INFO - Filling up the DagBag from /home/airflow/.local/lib/python3.7/site-packages/airflow/example_dags/example_short_circuit_decorator.py
[2026-09-19T23:43:28.847+0000] {processor.py:809} INFO - DAG(s) dict_keys(['example_short_circuit_decorator']) retrieved from /home/airflow/.local/lib/python3.7/site-packages/airflow/example_dags/example_short_circuit_decorator.py
[2026-09-19T23:43:28.891+0000] {logging_mixin.py:149} INFO - [2026-09-19T23:43:28.890+0000] {dag.py:2726} INFO - Sync 1 DAGs
[2026-09-19T23:43:28.933+0000] {logging_mixin.py:149} INFO - [2026-09-19T23:43:28.933+0000] {dag.py:3490} INFO - Setting next_dagrun for example_short_circuit_decorator to 2026-09-18T23:43:28.933090+00:00, run_after=2026-09-19T23:43:28.933090+00:00
[2026-09-19T23:43:28.969+0000] {processor.py:178} INFO - Processing /home/airflow/.local/lib/python3.7/site-packages/airflow/example_dags/example_short_circuit_decorator.py took 0.148 seconds
[2026-09-19T23:43:59.539+0000] {processor.py:156} INFO - Started process (PID=17978) to work on /home/airflow/.local/lib/python3.7/site-packages/airflow/example_dags/example_short_circuit_decorator.py
[2026-09-19T23:43:59.541+0000] {processor.py:799} INFO - Processing file /home/airflow/.local/lib/python3.7/site-packages/airflow/example_dags/example_short_circuit_decorator.py for tasks to queue
[2026-09-19T23:43:59.543+0000] {logging_mixin.py:149} INFO - [2026-09-19T23:43:59.543+0000] {dagbag.py:541} INFO - Filling up the DagBag from /home/airflow/.local/lib/python3.7/site-packages/airflow/example_dags/example_short_circuit_decorator.py
[2026-09-19T23:43:59.560+0000] {processor.py:809} INFO - DAG(s) dict_keys(['example_short_circuit_decorator']) retrieved from /home/airflow/.local/lib/python3.7/site-packages/airflow/example_dags/example_short_circuit_decorator.py
[2026-09-19T23:43:59.607+0000] {logging_mixin.py:149} INFO - [2026-09-19T23:43:59.607+0000] {dag.py:2726} INFO - Sync 1 DAGs
[2026-09-19T23:43:59.654+0000] {logging_mixin.py:149} INFO - [2026-09-19T23:43:59.653+0000] {dag.py:3490} INFO - Setting next_dagrun for example_short_circuit_decorator to 2026-09-18T23:43:59.651057+00:00, run_after=2026-09-19T23:43:59.651057+00:00
[2026-09-19T23:43:59.686+0000] {processor.py:178} INFO - Processing /home/airflow/.local/lib/python3.7/site-packages/airflow/example_dags/example_short_circuit_decorator.py took 0.158 seconds
[2026-09-19T23:44:30.357+0000] {processor.py:156} INFO - Started process (PID=18034) to work on /home/airflow/.local/lib/python3.7/site-packages/airflow/example_dags/example_short_circuit_decorator.py
[2026-09-19T23:44:30.359+0000] {processor.py:799} INFO - Processing file /home/airflow/.local/lib/python3.7/site-packages/airflow/example_dags/example_short_circuit_decorator.py for tasks to queue
[2026-09-19T23:44:30.361+0000] {logging_mixin.py:149} INFO - [2026-09-19T23:44:30.360+0000] {dagbag.py:541} INFO - Filling up the DagBag from /home/airflow/.local/lib/python3.7/site-packages/airflow/example_dags/example_short_circuit_decorator.py
[2026-09-19T23:44:30.376+0000] {processor.py:809} INFO - DAG(s) dict_keys(['example_short_circuit_decorator']) retrieved from /home/airflow/.local/lib/python3.7/site-packages/airflow/example_dags/example_short_circuit_decorator.py
[2026-09-19T23:44:30.430+0000] {logging_mixin.py:149} INFO - [2026-09-19T23:44:30.430+0000] {dag.py:2726} INFO - Sync 1 DAGs
[2026-09-19T23:44:30.481+0000] {logging_mixin.py:149} INFO - [2026-09-19T23:44:30.481+0000] {dag.py:3490} INFO - Setting next_dagrun for example_short_circuit_decorator to 2026-09-18T23:44:30.480698+00:00, run_after=2026-09-19T23:44:30.480698+00:00
[2026-09-19T23:44:30.515+0000] {processor.py:178} INFO - Processing /home/airflow/.local/lib/python3.7/site-packages/airflow/example_dags/example_short_circuit_decorator.py took 0.166 seconds
[2026-09-19T23:45:00.894+0000] {processor.py:156} INFO - Started process (PID=18091) to work on /home/airflow/.local/lib/python3.7/site-packages/airflow/example_dags/example_short_circuit_decorator.py
[2026-09-19T23:45:00.896+0000] {processor.py:799} INFO - Processing file /home/airflow/.local/lib/python3.7/site-packages/airflow/example_dags/example_short_circuit_decorator.py for tasks to queue
[2026-09-19T23:45:00.897+0000] {logging_mixin.py:149} INFO - [2026-09-19T23:45:00.897+0000] {dagbag.py:541} INFO - Filling up the DagBag from /home/airflow/.local/lib/python3.7/site-packages/airflow/example_dags/example_short_circuit_decorator.py
[2026-09-19T23:45:00.915+0000] {processor.py:809} INFO - DAG(s) dict_keys(['example_short_circuit_decorator']) retrieved from /home/airflow/.local/lib/python3.7/site-packages/airflow/example_dags/example_short_circuit_decorator.py
[2026-09-19T23:45:00.968+0000] {logging_mixin.py:149} INFO - [2026-09-19T23:45:00.968+0000] {dag.py:2726} INFO - Sync 1 DAGs
[2026-09-19T23:45:01.013+0000] {logging_mixin.py:149} INFO - [2026-09-19T23:45:01.012+0000] {dag.py:3490} INFO - Setting next_dagrun for example_short_circuit_decorator to 2026-09-18T23:45:01.012522+00:00, run_after=2026-09-19T23:45:01.012522+00:00
[2026-09-19T23:45:01.044+0000] {processor.py:178} INFO - Processing /home/airflow/.local/lib/python3.7/site-packages/airflow/example_dags/example_short_circuit_decorator.py took 0.155 seconds
[2026-09-19T23:45:31.802+0000] {processor.py:156} INFO - Started process (PID=18147) to work on /home/airflow/.local/lib/python3.7/site-packages/airflow/example_dags/example_short_circuit_decorator.py
[2026-09-19T23:45:31.804+0000] {processor.py:799} INFO - Processing file /home/airflow/.local/lib/python3.7/site-packages/airflow/example_dags/example_short_circuit_decorator.py for tasks to queue
[2026-09-19T23:45:31.805+0000] {logging_mixin.py:149} INFO - [2026-09-19T23:45:31.805+0000] {dagbag.py:541} INFO - Filling up the DagBag from /home/airflow/.local/lib/python3.7/site-packages/airflow/example_dags/example_short_circuit_decorator.py
[2026-09-19T23:45:31.826+0000] {processor.py:809} INFO - DAG(s) dict_keys(['example_short_circuit_decorator']) retrieved from /home/airflow/.local/lib/python3.7/site-packages/airflow/example_dags/example_short_circuit_decorator.py
[2026-09-19T23:45:31.870+0000] {logging_mixin.py:149} INFO - [2026-09-19T23:45:31.870+0000] {dag.py:2726} INFO - Sync 1 DAGs
[2026-09-19T23:45:31.914+0000] {logging_mixin.py:149} INFO - [2026-09-19T23:45:31.914+0000] {dag.py:3490} INFO - Setting next_dagrun for example_short_circuit_decorator to 2026-09-18T23:45:31.914112+00:00, run_after=2026-09-19T23:45:31.914112+00:00
[2026-09-19T23:45:31.944+0000] {processor.py:178} INFO - Processing /home/airflow/.local/lib/python3.7/site-packages/airflow/example_dags/example_short_circuit_decorator.py took 0.150 seconds
[2026-09-19T23:46:02.655+0000] {processor.py:156} INFO - Started process (PID=18203) to work on /home/airflow/.local/lib/python3.7/site-packages/airflow/example_dags/example_short_circuit_decorator.py
[2026-09-19T23:46:02.657+0000] {processor.py:799} INFO - Processing file /home/airflow/.local/lib/python3.7/site-packages/airflow/example_dags/example_short_circuit_decorator.py for tasks to queue
[2026-09-19T23:46:02.658+0000] {logging_mixin.py:149} INFO - [2026-09-19T23:46:02.658+0000] {dagbag.py:541} INFO - Filling up the DagBag from /home/airflow/.local/lib/python3.7/site-packages/airflow/example_dags/example_short_circuit_decorator.py
[2026-09-19T23:46:02.674+0000] {processor.py:809} INFO - DAG(s) dict_keys(['example_short_circuit_decorator']) retrieved from /home/airflow/.local/lib/python3.7/site-packages/airflow/example_dags/example_short_circuit_decorator.py
[2026-09-19T23:46:02.720+0000] {logging_mixin.py:149} INFO - [2026-09-19T23:46:02.720+0000] {dag.py:2726} INFO - Sync 1 DAGs
[2026-09-19T23:46:02.765+0000] {logging_mixin.py:149} INFO - [2026-09-19T23:46:02.765+0000] {dag.py:3490} INFO - Setting next_dagrun for example_short_circuit_decorator to 2026-09-18T23:46:02.765255+00:00, run_after=2026-09-19T23:46:02.765255+00:00
[2026-09-19T23:46:02.796+0000] {processor.py:178} INFO - Processing /home/airflow/.local/lib/python3.7/site-packages/airflow/example_dags/example_short_circuit_decorator.py took 0.147 seconds
[2026-09-19T23:46:33.691+0000] {processor.py:156} INFO - Started process (PID=18259) to work on /home/airflow/.local/lib/python3.7/site-packages/airflow/example_dags/example_short_circuit_decorator.py
[2026-09-19T23:46:33.693+0000] {processor.py:799} INFO - Processing file /home/airflow/.local/lib/python3.7/site-packages/airflow/example_dags/example_short_circuit_decorator.py for tasks to queue
[2026-09-19T23:46:33.694+0000] {logging_mixin.py:149} INFO - [2026-09-19T23:46:33.694+0000] {dagbag.py:541} INFO - Filling up the DagBag from /home/airflow/.local/lib/python3.7/site-packages/airflow/example_dags/example_short_circuit_decorator.py
[2026-09-19T23:46:33.713+0000] {processor.py:809} INFO - DAG(s) dict_keys(['example_short_circuit_decorator']) retrieved from /home/airflow/.local/lib/python3.7/site-packages/airflow/example_dags/example_short_circuit_decorator.py
[2026-09-19T23:46:33.766+0000] {logging_mixin.py:149} INFO - [2026-09-19T23:46:33.766+0000] {dag.py:2726} INFO - Sync 1 DAGs
[2026-09-19T23:46:33.811+0000] {logging_mixin.py:149} INFO - [2026-09-19T23:46:33.811+0000] {dag.py:3490} INFO - Setting next_dagrun for example_short_circuit_decorator to 2026-09-18T23:46:33.811152+00:00, run_after=2026-09-19T23:46:33.811152+00:00
[2026-09-19T23:46:33.848+0000] {processor.py:178} INFO - Processing /home/airflow/.local/lib/python3.7/site-packages/airflow/example_dags/example_short_circuit_decorator.py took 0.165 seconds
[2026-09-19T23:47:04.146+0000] {processor.py:156} INFO - Started process (PID=18316) to work on /home/airflow/.local/lib/python3.7/site-packages/airflow/example_dags/example_short_circuit_decorator.py
[2026-09-19T23:47:04.148+0000] {processor.py:799} INFO - Processing file /home/airflow/.local/lib/python3.7/site-packages/airflow/example_dags/example_short_circuit_decorator.py for tasks to queue
[2026-09-19T23:47:04.149+0000] {logging_mixin.py:149} INFO - [2026-09-19T23:47:04.148+0000] {dagbag.py:541} INFO - Filling up the DagBag from /home/airflow/.local/lib/python3.7/site-packages/airflow/example_dags/example_short_circuit_decorator.py
[2026-09-19T23:47:04.167+0000] {processor.py:809} INFO - DAG(s) dict_keys(['example_short_circuit_decorator']) retrieved from /home/airflow/.local/lib/python3.7/site-packages/airflow/example_dags/example_short_circuit_decorator.py
[2026-09-19T23:47:04.212+0000] {logging_mixin.py:149} INFO - [2026-09-19T23:47:04.212+0000] {dag.py:2726} INFO - Sync 1 DAGs
[2026-09-19T23:47:04.255+0000] {logging_mixin.py:149} INFO - [2026-09-19T23:47:04.255+0000] {dag.py:3490} INFO - Setting next_dagrun for example_short_circuit_decorator to 2026-09-18T23:47:04.255265+00:00, run_after=2026-09-19T23:47:04.255265+00:00
[2026-09-19T23:47:04.290+0000] {processor.py:178} INFO - Processing /home/airflow/.local/lib/python3.7/site-packages/airflow/example_dags/example_short_circuit_decorator.py took 0.151 seconds
[2026-09-19T23:47:34.984+0000] {processor.py:156} INFO - Started process (PID=18373) to work on /home/airflow/.local/lib/python3.7/site-packages/airflow/example_dags/example_short_circuit_decorator.py
[2026-09-19T23:47:34.986+0000] {processor.py:799} INFO - Processing file /home/airflow/.local/lib/python3.7/site-packages/airflow/example_dags/example_short_circuit_decorator.py for tasks to queue
[2026-09-19T23:47:34.987+0000] {logging_mixin.py:149} INFO - [2026-09-19T23:47:34.987+0000] {dagbag.py:541} INFO - Filling up the DagBag from /home/airflow/.local/lib/python3.7/site-packages/airflow/example_dags/example_short_circuit_decorator.py
[2026-09-19T23:47:35.003+0000] {processor.py:809} INFO - DAG(s) dict_keys(['example_short_circuit_decorator']) retrieved from /home/airflow/.local/lib/python3.7/site-packages/airflow/example_dags/example_short_circuit_decorator.py
[2026-09-19T23:47:35.053+0000] {logging_mixin.py:149} INFO - [2026-09-19T23:47:35.052+0000] {dag.py:2726} INFO - Sync 1 DAGs
[2026-09-19T23:47:35.095+0000] {logging_mixin.py:149} INFO - [2026-09-19T23:47:35.095+0000] {dag.py:3490} INFO - Setting next_dagrun for example_short_circuit_decorator to 2026-09-18T23:47:35.094793+00:00, run_after=2026-09-19T23:47:35.094793+00:00
[2026-09-19T23:47:35.127+0000] {processor.py:178} INFO - Processing /home/airflow/.local/lib/python3.7/site-packages/airflow/example_dags/example_short_circuit_decorator.py took 0.148 seconds
[2026-09-19T23:48:06.166+0000] {processor.py:156} INFO - Started process (PID=18429) to work on /home/airflow/.local/lib/python3.7/site-packages/airflow/example_dags/example_short_circuit_decorator.py
[2026-09-19T23:48:06.168+0000] {processor.py:799} INFO - Processing file /home/airflow/.local/lib/python3.7/site-packages/airflow/example_dags/example_short_circuit_decorator.py for tasks to queue
[2026-09-19T23:48:06.169+0000] {logging_mixin.py:149} INFO - [2026-09-19T23:48:06.169+0000] {dagbag.py:541} INFO - Filling up the DagBag from /home/airflow/.local/lib/python3.7/site-packages/airflow/example_dags/example_short_circuit_decorator.py
[2026-09-19T23:48:06.184+0000] {processor.py:809} INFO - DAG(s) dict_keys(['example_short_circuit_decorator']) retrieved from /home/airflow/.local/lib/python3.7/site-packages/airflow/example_dags/example_short_circuit_decorator.py
[2026-09-19T23:48:06.227+0000] {logging_mixin.py:149} INFO - [2026-09-19T23:48:06.226+0000] {dag.py:2726} INFO - Sync 1 DAGs
[2026-09-19T23:48:06.275+0000] {logging_mixin.py:149} INFO - [2026-09-19T23:48:06.275+0000] {dag.py:3490} INFO - Setting next_dagrun for example_short_circuit_decorator to 2026-09-18T23:48:06.274819+00:00, run_after=2026-09-19T23:48:06.274819+00:00
[2026-09-19T23:48:06.307+0000] {processor.py:178} INFO - Processing /home/airflow/.local/lib/python3.7/site-packages/airflow/example_dags/example_short_circuit_decorator.py took 0.146 seconds
[2026-09-19T23:48:36.684+0000] {processor.py:156} INFO - Started process (PID=18484) to work on /home/airflow/.local/lib/python3.7/site-packages/airflow/example_dags/example_short_circuit_decorator.py
[2026-09-19T23:48:36.695+0000] {processor.py:799} INFO - Processing file /home/airflow/.local/lib/python3.7/site-packages/airflow/example_dags/example_short_circuit_decorator.py for tasks to queue
[2026-09-19T23:48:36.696+0000] {logging_mixin.py:149} INFO - [2026-09-19T23:48:36.696+0000] {dagbag.py:541} INFO - Filling up the DagBag from /home/airflow/.local/lib/python3.7/site-packages/airflow/example_dags/example_short_circuit_decorator.py
[2026-09-19T23:48:36.716+0000] {processor.py:809} INFO - DAG(s) dict_keys(['example_short_circuit_decorator']) retrieved from /home/airflow/.local/lib/python3.7/site-packages/airflow/example_dags/example_short_circuit_decorator.py
[2026-09-19T23:48:36.765+0000] {logging_mixin.py:149} INFO - [2026-09-19T23:48:36.765+0000] {dag.py:2726} INFO - Sync 1 DAGs
[2026-09-19T23:48:36.811+0000] {logging_mixin.py:149} INFO - [2026-09-19T23:48:36.811+0000] {dag.py:3490} INFO - Setting next_dagrun for example_short_circuit_decorator to 2026-09-18T23:48:36.811010+00:00, run_after=2026-09-19T23:48:36.811010+00:00
[2026-09-19T23:48:36.842+0000] {processor.py:178} INFO - Processing /home/airflow/.local/lib/python3.7/site-packages/airflow/example_dags/example_short_circuit_decorator.py took 0.164 seconds
[2026-09-19T23:49:07.699+0000] {processor.py:156} INFO - Started process (PID=18539) to work on /home/airflow/.local/lib/python3.7/site-packages/airflow/example_dags/example_short_circuit_decorator.py
[2026-09-19T23:49:07.702+0000] {processor.py:799} INFO - Processing file /home/airflow/.local/lib/python3.7/site-packages/airflow/example_dags/example_short_circuit_decorator.py for tasks to queue
[2026-09-19T23:49:07.703+0000] {logging_mixin.py:149} INFO - [2026-09-19T23:49:07.703+0000] {dagbag.py:541} INFO - Filling up the DagBag from /home/airflow/.local/lib/python3.7/site-packages/airflow/example_dags/example_short_circuit_decorator.py
[2026-09-19T23:49:07.725+0000] {processor.py:809} INFO - DAG(s) dict_keys(['example_short_circuit_decorator']) retrieved from /home/airflow/.local/lib/python3.7/site-packages/airflow/example_dags/example_short_circuit_decorator.py
[2026-09-19T23:49:07.777+0000] {logging_mixin.py:149} INFO - [2026-09-19T23:49:07.777+0000] {dag.py:2726} INFO - Sync 1 DAGs
[2026-09-19T23:49:07.824+0000] {logging_mixin.py:149} INFO - [2026-09-19T23:49:07.823+0000] {dag.py:3490} INFO - Setting next_dagrun for example_short_circuit_decorator to 2026-09-18T23:49:07.823405+00:00, run_after=2026-09-19T23:49:07.823405+00:00
[2026-09-19T23:49:07.855+0000] {processor.py:178} INFO - Processing /home/airflow/.local/lib/python3.7/site-packages/airflow/example_dags/example_short_circuit_decorator.py took 0.162 seconds
[2026-09-19T23:49:38.271+0000] {processor.py:156} INFO - Started process (PID=18595) to work on /home/airflow/.local/lib/python3.7/site-packages/airflow/example_dags/example_short_circuit_decorator.py
[2026-09-19T23:49:38.273+0000] {processor.py:799} INFO - Processing file /home/airflow/.local/lib/python3.7/site-packages/airflow/example_dags/example_short_circuit_decorator.py for tasks to queue
[2026-09-19T23:49:38.275+0000] {logging_mixin.py:149} INFO - [2026-09-19T23:49:38.275+0000] {dagbag.py:541} INFO - Filling up the DagBag from /home/airflow/.local/lib/python3.7/site-packages/airflow/example_dags/example_short_circuit_decorator.py
[2026-09-19T23:49:38.296+0000] {processor.py:809} INFO - DAG(s) dict_keys(['example_short_circuit_decorator']) retrieved from /home/airflow/.local/lib/python3.7/site-packages/airflow/example_dags/example_short_circuit_decorator.py
[2026-09-19T23:49:38.351+0000] {logging_mixin.py:149} INFO - [2026-09-19T23:49:38.351+0000] {dag.py:2726} INFO - Sync 1 DAGs
[2026-09-19T23:49:38.398+0000] {logging_mixin.py:149} INFO - [2026-09-19T23:49:38.398+0000] {dag.py:3490} INFO - Setting next_dagrun for example_short_circuit_decorator to 2026-09-18T23:49:38.397962+00:00, run_after=2026-09-19T23:49:38.397962+00:00
[2026-09-19T23:49:38.433+0000] {processor.py:178} INFO - Processing /home/airflow/.local/lib/python3.7/site-packages/airflow/example_dags/example_short_circuit_decorator.py took 0.170 seconds
[2026-09-19T23:50:08.784+0000] {processor.py:156} INFO - Started process (PID=18651) to work on /home/airflow/.local/lib/python3.7/site-packages/airflow/example_dags/example_short_circuit_decorator.py
[2026-09-19T23:50:08.787+0000] {processor.py:799} INFO - Processing file /home/airflow/.local/lib/python3.7/site-packages/airflow/example_dags/example_short_circuit_decorator.py for tasks to queue
[2026-09-19T23:50:08.788+0000] {logging_mixin.py:149} INFO - [2026-09-19T23:50:08.788+0000] {dagbag.py:541} INFO - Filling up the DagBag from /home/airflow/.local/lib/python3.7/site-packages/airflow/example_dags/example_short_circuit_decorator.py
[2026-09-19T23:50:08.806+0000] {processor.py:809} INFO - DAG(s) dict_keys(['example_short_circuit_decorator']) retrieved from /home/airflow/.local/lib/python3.7/site-packages/airflow/example_dags/example_short_circuit_decorator.py
[2026-09-19T23:50:08.855+0000] {logging_mixin.py:149} INFO - [2026-09-19T23:50:08.855+0000] {dag.py:2726} INFO - Sync 1 DAGs
[2026-09-19T23:50:08.903+0000] {logging_mixin.py:149} INFO - [2026-09-19T23:50:08.903+0000] {dag.py:3490} INFO - Setting next_dagrun for example_short_circuit_decorator to 2026-09-18T23:50:08.902850+00:00, run_after=2026-09-19T23:50:08.902850+00:00
[2026-09-19T23:50:08.936+0000] {processor.py:178} INFO - Processing /home/airflow/.local/lib/python3.7/site-packages/airflow/example_dags/example_short_circuit_decorator.py took 0.158 seconds
[2026-09-19T23:50:39.715+0000] {processor.py:156} INFO - Started process (PID=18702) to work on /home/airflow/.local/lib/python3.7/site-packages/airflow/example_dags/example_short_circuit_decorator.py
[2026-09-19T23:50:39.717+0000] {processor.py:799} INFO - Processing file /home/airflow/.local/lib/python3.7/site-packages/airflow/example_dags/example_short_circuit_decorator.py for tasks to queue
[2026-09-19T23:50:39.718+0000] {logging_mixin.py:149} INFO - [2026-09-19T23:50:39.717+0000] {dagbag.py:541} INFO - Filling up the DagBag from /home/airflow/.local/lib/python3.7/site-packages/airflow/example_dags/example_short_circuit_decorator.py
[2026-09-19T23:50:39.738+0000] {processor.py:809} INFO - DAG(s) dict_keys(['example_short_circuit_decorator']) retrieved from /home/airflow/.local/lib/python3.7/site-packages/airflow/example_dags/example_short_circuit_decorator.py
[2026-09-19T23:50:39.785+0000] {logging_mixin.py:149} INFO - [2026-09-19T23:50:39.785+0000] {dag.py:2726} INFO - Sync 1 DAGs
[2026-09-19T23:50:39.826+0000] {logging_mixin.py:149} INFO - [2026-09-19T23:50:39.826+0000] {dag.py:3490} INFO - Setting next_dagrun for example_short_circuit_decorator to 2026-09-18T23:50:39.826251+00:00, run_after=2026-09-19T23:50:39.826251+00:00
[2026-09-19T23:50:39.858+0000] {processor.py:178} INFO - Processing /home/airflow/.local/lib/python3.7/site-packages/airflow/example_dags/example_short_circuit_decorator.py took 0.150 seconds
[2026-09-19T23:51:10.386+0000] {processor.py:156} INFO - Started process (PID=18758) to work on /home/airflow/.local/lib/python3.7/site-packages/airflow/example_dags/example_short_circuit_decorator.py
[2026-09-19T23:51:10.387+0000] {processor.py:799} INFO - Processing file /home/airflow/.local/lib/python3.7/site-packages/airflow/example_dags/example_short_circuit_decorator.py for tasks to queue
[2026-09-19T23:51:10.389+0000] {logging_mixin.py:149} INFO - [2026-09-19T23:51:10.389+0000] {dagbag.py:541} INFO - Filling up the DagBag from /home/airflow/.local/lib/python3.7/site-packages/airflow/example_dags/example_short_circuit_decorator.py
[2026-09-19T23:51:10.408+0000] {processor.py:809} INFO - DAG(s) dict_keys(['example_short_circuit_decorator']) retrieved from /home/airflow/.local/lib/python3.7/site-packages/airflow/example_dags/example_short_circuit_decorator.py
[2026-09-19T23:51:10.457+0000] {logging_mixin.py:149} INFO - [2026-09-19T23:51:10.457+0000] {dag.py:2726} INFO - Sync 1 DAGs
[2026-09-19T23:51:10.505+0000] {logging_mixin.py:149} INFO - [2026-09-19T23:51:10.505+0000] {dag.py:3490} INFO - Setting next_dagrun for example_short_circuit_decorator to 2026-09-18T23:51:10.505209+00:00, run_after=2026-09-19T23:51:10.505209+00:00
[2026-09-19T23:51:10.546+0000] {processor.py:178} INFO - Processing /home/airflow/.local/lib/python3.7/site-packages/airflow/example_dags/example_short_circuit_decorator.py took 0.167 seconds
[2026-09-19T23:51:41.765+0000] {processor.py:156} INFO - Started process (PID=18814) to work on /home/airflow/.local/lib/python3.7/site-packages/airflow/example_dags/example_short_circuit_decorator.py
[2026-09-19T23:51:41.767+0000] {processor.py:799} INFO - Processing file /home/airflow/.local/lib/python3.7/site-packages/airflow/example_dags/example_short_circuit_decorator.py for tasks to queue
[2026-09-19T23:51:41.768+0000] {logging_mixin.py:149} INFO - [2026-09-19T23:51:41.768+0000] {dagbag.py:541} INFO - Filling up the DagBag from /home/airflow/.local/lib/python3.7/site-packages/airflow/example_dags/example_short_circuit_decorator.py
[2026-09-19T23:51:41.786+0000] {processor.py:809} INFO - DAG(s) dict_keys(['example_short_circuit_decorator']) retrieved from /home/airflow/.local/lib/python3.7/site-packages/airflow/example_dags/example_short_circuit_decorator.py
[2026-09-19T23:51:41.834+0000] {logging_mixin.py:149} INFO - [2026-09-19T23:51:41.834+0000] {dag.py:2726} INFO - Sync 1 DAGs
[2026-09-19T23:51:41.877+0000] {logging_mixin.py:149} INFO - [2026-09-19T23:51:41.877+0000] {dag.py:3490} INFO - Setting next_dagrun for example_short_circuit_decorator to 2026-09-18T23:51:41.877139+00:00, run_after=2026-09-19T23:51:41.877139+00:00
[2026-09-19T23:51:41.908+0000] {processor.py:178} INFO - Processing /home/airflow/.local/lib/python3.7/site-packages/airflow/example_dags/example_short_circuit_decorator.py took 0.149 seconds
[2026-09-19T23:52:13.253+0000] {processor.py:156} INFO - Started process (PID=18871) to work on /home/airflow/.local/lib/python3.7/site-packages/airflow/example_dags/example_short_circuit_decorator.py
[2026-09-19T23:52:13.255+0000] {processor.py:799} INFO - Processing file /home/airflow/.local/lib/python3.7/site-packages/airflow/example_dags/example_short_circuit_decorator.py for tasks to queue
[2026-09-19T23:52:13.257+0000] {logging_mixin.py:149} INFO - [2026-09-19T23:52:13.256+0000] {dagbag.py:541} INFO - Filling up the DagBag from /home/airflow/.local/lib/python3.7/site-packages/airflow/example_dags/example_short_circuit_decorator.py
[2026-09-19T23:52:13.274+0000] {processor.py:809} INFO - DAG(s) dict_keys(['example_short_circuit_decorator']) retrieved from /home/airflow/.local/lib/python3.7/site-packages/airflow/example_dags/example_short_circuit_decorator.py
[2026-09-19T23:52:13.326+0000] {logging_mixin.py:149} INFO - [2026-09-19T23:52:13.325+0000] {dag.py:2726} INFO - Sync 1 DAGs
[2026-09-19T23:52:13.372+0000] {logging_mixin.py:149} INFO - [2026-09-19T23:52:13.372+0000] {dag.py:3490} INFO - Setting next_dagrun for example_short_circuit_decorator to 2026-09-18T23:52:13.371813+00:00, run_after=2026-09-19T23:52:13.371813+00:00
[2026-09-19T23:52:13.418+0000] {processor.py:178} INFO - Processing /home/airflow/.local/lib/python3.7/site-packages/airflow/example_dags/example_short_circuit_decorator.py took 0.171 seconds
[2026-09-19T23:52:44.396+0000] {processor.py:156} INFO - Started process (PID=18927) to work on /home/airflow/.local/lib/python3.7/site-packages/airflow/example_dags/example_short_circuit_decorator.py
[2026-09-19T23:52:44.398+0000] {processor.py:799} INFO - Processing file /home/airflow/.local/lib/python3.7/site-packages/airflow/example_dags/example_short_circuit_decorator.py for tasks to queue
[2026-09-19T23:52:44.399+0000] {logging_mixin.py:149} INFO - [2026-09-19T23:52:44.399+0000] {dagbag.py:541} INFO - Filling up the DagBag from /home/airflow/.local/lib/python3.7/site-packages/airflow/example_dags/example_short_circuit_decorator.py
[2026-09-19T23:52:44.415+0000] {processor.py:809} INFO - DAG(s) dict_keys(['example_short_circuit_decorator']) retrieved from /home/airflow/.local/lib/python3.7/site-packages/airflow/example_dags/example_short_circuit_decorator.py
[2026-09-19T23:52:44.463+0000] {logging_mixin.py:149} INFO - [2026-09-19T23:52:44.462+0000] {dag.py:2726} INFO - Sync 1 DAGs
[2026-09-19T23:52:44.508+0000] {logging_mixin.py:149} INFO - [2026-09-19T23:52:44.507+0000] {dag.py:3490} INFO - Setting next_dagrun for example_short_circuit_decorator to 2026-09-18T23:52:44.507567+00:00, run_after=2026-09-19T23:52:44.507567+00:00
[2026-09-19T23:52:44.542+0000] {processor.py:178} INFO - Processing /home/airflow/.local/lib/python3.7/site-packages/airflow/example_dags/example_short_circuit_decorator.py took 0.152 seconds
[2026-09-19T23:53:15.819+0000] {processor.py:156} INFO - Started process (PID=18984) to work on /home/airflow/.local/lib/python3.7/site-packages/airflow/example_dags/example_short_circuit_decorator.py
[2026-09-19T23:53:15.821+0000] {processor.py:799} INFO - Processing file /home/airflow/.local/lib/python3.7/site-packages/airflow/example_dags/example_short_circuit_decorator.py for tasks to queue
[2026-09-19T23:53:15.822+0000] {logging_mixin.py:149} INFO - [2026-09-19T23:53:15.822+0000] {dagbag.py:541} INFO - Filling up the DagBag from /home/airflow/.local/lib/python3.7/site-packages/airflow/example_dags/example_short_circuit_decorator.py
[2026-09-19T23:53:15.839+0000] {processor.py:809} INFO - DAG(s) dict_keys(['example_short_circuit_decorator']) retrieved from /home/airflow/.local/lib/python3.7/site-packages/airflow/example_dags/example_short_circuit_decorator.py
[2026-09-19T23:53:15.885+0000] {logging_mixin.py:149} INFO - [2026-09-19T23:53:15.885+0000] {dag.py:2726} INFO - Sync 1 DAGs
[2026-09-19T23:53:15.931+0000] {logging_mixin.py:149} INFO - [2026-09-19T23:53:15.931+0000] {dag.py:3490} INFO - Setting next_dagrun for example_short_circuit_decorator to 2026-09-18T23:53:15.928810+00:00, run_after=2026-09-19T23:53:15.928810+00:00
[2026-09-19T23:53:15.972+0000] {processor.py:178} INFO - Processing /home/airflow/.local/lib/python3.7/site-packages/airflow/example_dags/example_short_circuit_decorator.py took 0.160 seconds
[2026-09-19T23:53:46.382+0000] {processor.py:156} INFO - Started process (PID=19040) to work on /home/airflow/.local/lib/python3.7/site-packages/airflow/example_dags/example_short_circuit_decorator.py
[2026-09-19T23:53:46.385+0000] {processor.py:799} INFO - Processing file /home/airflow/.local/lib/python3.7/site-packages/airflow/example_dags/example_short_circuit_decorator.py for tasks to queue
[2026-09-19T23:53:46.386+0000] {logging_mixin.py:149} INFO - [2026-09-19T23:53:46.386+0000] {dagbag.py:541} INFO - Filling up the DagBag from /home/airflow/.local/lib/python3.7/site-packages/airflow/example_dags/example_short_circuit_decorator.py
[2026-09-19T23:53:46.404+0000] {processor.py:809} INFO - DAG(s) dict_keys(['example_short_circuit_decorator']) retrieved from /home/airflow/.local/lib/python3.7/site-packages/airflow/example_dags/example_short_circuit_decorator.py
[2026-09-19T23:53:46.452+0000] {logging_mixin.py:149} INFO - [2026-09-19T23:53:46.452+0000] {dag.py:2726} INFO - Sync 1 DAGs
[2026-09-19T23:53:46.495+0000] {logging_mixin.py:149} INFO - [2026-09-19T23:53:46.495+0000] {dag.py:3490} INFO - Setting next_dagrun for example_short_circuit_decorator to 2026-09-18T23:53:46.494847+00:00, run_after=2026-09-19T23:53:46.494847+00:00
[2026-09-19T23:53:46.532+0000] {processor.py:178} INFO - Processing /home/airflow/.local/lib/python3.7/site-packages/airflow/example_dags/example_short_circuit_decorator.py took 0.157 seconds
[2026-09-19T23:54:17.174+0000] {processor.py:156} INFO - Started process (PID=19096) to work on /home/airflow/.local/lib/python3.7/site-packages/airflow/example_dags/example_short_circuit_decorator.py
[2026-09-19T23:54:17.180+0000] {processor.py:799} INFO - Processing file /home/airflow/.local/lib/python3.7/site-packages/airflow/example_dags/example_short_circuit_decorator.py for tasks to queue
[2026-09-19T23:54:17.181+0000] {logging_mixin.py:149} INFO - [2026-09-19T23:54:17.181+0000] {dagbag.py:541} INFO - Filling up the DagBag from /home/airflow/.local/lib/python3.7/site-packages/airflow/example_dags/example_short_circuit_decorator.py
[2026-09-19T23:54:17.201+0000] {processor.py:809} INFO - DAG(s) dict_keys(['example_short_circuit_decorator']) retrieved from /home/airflow/.local/lib/python3.7/site-packages/airflow/example_dags/example_short_circuit_decorator.py
[2026-09-19T23:54:17.247+0000] {logging_mixin.py:149} INFO - [2026-09-19T23:54:17.246+0000] {dag.py:2726} INFO - Sync 1 DAGs
[2026-09-19T23:54:17.299+0000] {logging_mixin.py:149} INFO - [2026-09-19T23:54:17.299+0000] {dag.py:3490} INFO - Setting next_dagrun for example_short_circuit_decorator to 2026-09-18T23:54:17.299085+00:00, run_after=2026-09-19T23:54:17.299085+00:00
[2026-09-19T23:54:17.334+0000] {processor.py:178} INFO - Processing /home/airflow/.local/lib/python3.7/site-packages/airflow/example_dags/example_short_circuit_decorator.py took 0.166 seconds
[2026-09-19T23:54:48.728+0000] {processor.py:156} INFO - Started process (PID=19159) to work on /home/airflow/.local/lib/python3.7/site-packages/airflow/example_dags/example_short_circuit_decorator.py
[2026-09-19T23:54:48.729+0000] {processor.py:799} INFO - Processing file /home/airflow/.local/lib/python3.7/site-packages/airflow/example_dags/example_short_circuit_decorator.py for tasks to queue
[2026-09-19T23:54:48.730+0000] {logging_mixin.py:149} INFO - [2026-09-19T23:54:48.730+0000] {dagbag.py:541} INFO - Filling up the DagBag from /home/airflow/.local/lib/python3.7/site-packages/airflow/example_dags/example_short_circuit_decorator.py
[2026-09-19T23:54:48.745+0000] {processor.py:809} INFO - DAG(s) dict_keys(['example_short_circuit_decorator']) retrieved from /home/airflow/.local/lib/python3.7/site-packages/airflow/example_dags/example_short_circuit_decorator.py
[2026-09-19T23:54:48.796+0000] {logging_mixin.py:149} INFO - [2026-09-19T23:54:48.796+0000] {dag.py:2726} INFO - Sync 1 DAGs
[2026-09-19T23:54:48.840+0000] {logging_mixin.py:149} INFO - [2026-09-19T23:54:48.840+0000] {dag.py:3490} INFO - Setting next_dagrun for example_short_circuit_decorator to 2026-09-18T23:54:48.839609+00:00, run_after=2026-09-19T23:54:48.839609+00:00
[2026-09-19T23:54:48.873+0000] {processor.py:178} INFO - Processing /home/airflow/.local/lib/python3.7/site-packages/airflow/example_dags/example_short_circuit_decorator.py took 0.151 seconds
[2026-09-19T23:55:19.359+0000] {processor.py:156} INFO - Started process (PID=19215) to work on /home/airflow/.local/lib/python3.7/site-packages/airflow/example_dags/example_short_circuit_decorator.py
[2026-09-19T23:55:19.362+0000] {processor.py:799} INFO - Processing file /home/airflow/.local/lib/python3.7/site-packages/airflow/example_dags/example_short_circuit_decorator.py for tasks to queue
[2026-09-19T23:55:19.363+0000] {logging_mixin.py:149} INFO - [2026-09-19T23:55:19.363+0000] {dagbag.py:541} INFO - Filling up the DagBag from /home/airflow/.local/lib/python3.7/site-packages/airflow/example_dags/example_short_circuit_decorator.py
[2026-09-19T23:55:19.381+0000] {processor.py:809} INFO - DAG(s) dict_keys(['example_short_circuit_decorator']) retrieved from /home/airflow/.local/lib/python3.7/site-packages/airflow/example_dags/example_short_circuit_decorator.py
[2026-09-19T23:55:19.429+0000] {logging_mixin.py:149} INFO - [2026-09-19T23:55:19.429+0000] {dag.py:2726} INFO - Sync 1 DAGs
[2026-09-19T23:55:19.471+0000] {logging_mixin.py:149} INFO - [2026-09-19T23:55:19.471+0000] {dag.py:3490} INFO - Setting next_dagrun for example_short_circuit_decorator to 2026-09-18T23:55:19.470645+00:00, run_after=2026-09-19T23:55:19.470645+00:00
[2026-09-19T23:55:19.499+0000] {processor.py:178} INFO - Processing /home/airflow/.local/lib/python3.7/site-packages/airflow/example_dags/example_short_circuit_decorator.py took 0.147 seconds
[2026-09-19T23:55:50.329+0000] {processor.py:156} INFO - Started process (PID=19271) to work on /home/airflow/.local/lib/python3.7/site-packages/airflow/example_dags/example_short_circuit_decorator.py
[2026-09-19T23:55:50.330+0000] {processor.py:799} INFO - Processing file /home/airflow/.local/lib/python3.7/site-packages/airflow/example_dags/example_short_circuit_decorator.py for tasks to queue
[2026-09-19T23:55:50.332+0000] {logging_mixin.py:149} INFO - [2026-09-19T23:55:50.332+0000] {dagbag.py:541} INFO - Filling up the DagBag from /home/airflow/.local/lib/python3.7/site-packages/airflow/example_dags/example_short_circuit_decorator.py
[2026-09-19T23:55:50.349+0000] {processor.py:809} INFO - DAG(s) dict_keys(['example_short_circuit_decorator']) retrieved from /home/airflow/.local/lib/python3.7/site-packages/airflow/example_dags/example_short_circuit_decorator.py
[2026-09-19T23:55:50.404+0000] {logging_mixin.py:149} INFO - [2026-09-19T23:55:50.404+0000] {dag.py:2726} INFO - Sync 1 DAGs
[2026-09-19T23:55:50.453+0000] {logging_mixin.py:149} INFO - [2026-09-19T23:55:50.453+0000] {dag.py:3490} INFO - Setting next_dagrun for example_short_circuit_decorator to 2026-09-18T23:55:50.452712+00:00, run_after=2026-09-19T23:55:50.452712+00:00
[2026-09-19T23:55:50.485+0000] {processor.py:178} INFO - Processing /home/airflow/.local/lib/python3.7/site-packages/airflow/example_dags/example_short_circuit_decorator.py took 0.162 seconds
[2026-09-19T23:56:20.843+0000] {processor.py:156} INFO - Started process (PID=19327) to work on /home/airflow/.local/lib/python3.7/site-packages/airflow/example_dags/example_short_circuit_decorator.py
[2026-09-19T23:56:20.848+0000] {processor.py:799} INFO - Processing file /home/airflow/.local/lib/python3.7/site-packages/airflow/example_dags/example_short_circuit_decorator.py for tasks to queue
[2026-09-19T23:56:20.849+0000] {logging_mixin.py:149} INFO - [2026-09-19T23:56:20.848+0000] {dagbag.py:541} INFO - Filling up the DagBag from /home/airflow/.local/lib/python3.7/site-packages/airflow/example_dags/example_short_circuit_decorator.py
[2026-09-19T23:56:20.868+0000] {processor.py:809} INFO - DAG(s) dict_keys(['example_short_circuit_decorator']) retrieved from /home/airflow/.local/lib/python3.7/site-packages/airflow/example_dags/example_short_circuit_decorator.py
[2026-09-19T23:56:20.914+0000] {logging_mixin.py:149} INFO - [2026-09-19T23:56:20.914+0000] {dag.py:2726} INFO - Sync 1 DAGs
[2026-09-19T23:56:20.961+0000] {logging_mixin.py:149} INFO - [2026-09-19T23:56:20.960+0000] {dag.py:3490} INFO - Setting next_dagrun for example_short_circuit_decorator to 2026-09-18T23:56:20.960397+00:00, run_after=2026-09-19T23:56:20.960397+00:00
[2026-09-19T23:56:20.994+0000] {processor.py:178} INFO - Processing /home/airflow/.local/lib/python3.7/site-packages/airflow/example_dags/example_short_circuit_decorator.py took 0.157 seconds
[2026-09-19T23:56:52.537+0000] {processor.py:156} INFO - Started process (PID=19387) to work on /home/airflow/.local/lib/python3.7/site-packages/airflow/example_dags/example_short_circuit_decorator.py
[2026-09-19T23:56:52.539+0000] {processor.py:799} INFO - Processing file /home/airflow/.local/lib/python3.7/site-packages/airflow/example_dags/example_short_circuit_decorator.py for tasks to queue
[2026-09-19T23:56:52.539+0000] {logging_mixin.py:149} INFO - [2026-09-19T23:56:52.539+0000] {dagbag.py:541} INFO - Filling up the DagBag from /home/airflow/.local/lib/python3.7/site-packages/airflow/example_dags/example_short_circuit_decorator.py
[2026-09-19T23:56:52.556+0000] {processor.py:809} INFO - DAG(s) dict_keys(['example_short_circuit_decorator']) retrieved from /home/airflow/.local/lib/python3.7/site-packages/airflow/example_dags/example_short_circuit_decorator.py
[2026-09-19T23:56:52.601+0000] {logging_mixin.py:149} INFO - [2026-09-19T23:56:52.601+0000] {dag.py:2726} INFO - Sync 1 DAGs
[2026-09-19T23:56:52.643+0000] {logging_mixin.py:149} INFO - [2026-09-19T23:56:52.643+0000] {dag.py:3490} INFO - Setting next_dagrun for example_short_circuit_decorator to 2026-09-18T23:56:52.643253+00:00, run_after=2026-09-19T23:56:52.643253+00:00
[2026-09-19T23:56:52.671+0000] {processor.py:178} INFO - Processing /home/airflow/.local/lib/python3.7/site-packages/airflow/example_dags/example_short_circuit_decorator.py took 0.139 seconds
[2026-09-19T23:57:23.169+0000] {processor.py:156} INFO - Started process (PID=19444) to work on /home/airflow/.local/lib/python3.7/site-packages/airflow/example_dags/example_short_circuit_decorator.py
[2026-09-19T23:57:23.176+0000] {processor.py:799} INFO - Processing file /home/airflow/.local/lib/python3.7/site-packages/airflow/example_dags/example_short_circuit_decorator.py for tasks to queue
[2026-09-19T23:57:23.177+0000] {logging_mixin.py:149} INFO - [2026-09-19T23:57:23.177+0000] {dagbag.py:541} INFO - Filling up the DagBag from /home/airflow/.local/lib/python3.7/site-packages/airflow/example_dags/example_short_circuit_decorator.py
[2026-09-19T23:57:23.197+0000] {processor.py:809} INFO - DAG(s) dict_keys(['example_short_circuit_decorator']) retrieved from /home/airflow/.local/lib/python3.7/site-packages/airflow/example_dags/example_short_circuit_decorator.py
[2026-09-19T23:57:23.248+0000] {logging_mixin.py:149} INFO - [2026-09-19T23:57:23.248+0000] {dag.py:2726} INFO - Sync 1 DAGs
[2026-09-19T23:57:23.291+0000] {logging_mixin.py:149} INFO - [2026-09-19T23:57:23.291+0000] {dag.py:3490} INFO - Setting next_dagrun for example_short_circuit_decorator to 2026-09-18T23:57:23.290736+00:00, run_after=2026-09-19T23:57:23.290736+00:00
[2026-09-19T23:57:23.324+0000] {processor.py:178} INFO - Processing /home/airflow/.local/lib/python3.7/site-packages/airflow/example_dags/example_short_circuit_decorator.py took 0.162 seconds
[2026-09-19T23:57:54.137+0000] {processor.py:156} INFO - Started process (PID=19501) to work on /home/airflow/.local/lib/python3.7/site-packages/airflow/example_dags/example_short_circuit_decorator.py
[2026-09-19T23:57:54.138+0000] {processor.py:799} INFO - Processing file /home/airflow/.local/lib/python3.7/site-packages/airflow/example_dags/example_short_circuit_decorator.py for tasks to queue
[2026-09-19T23:57:54.139+0000] {logging_mixin.py:149} INFO - [2026-09-19T23:57:54.139+0000] {dagbag.py:541} INFO - Filling up the DagBag from /home/airflow/.local/lib/python3.7/site-packages/airflow/example_dags/example_short_circuit_decorator.py
[2026-09-19T23:57:54.155+0000] {processor.py:809} INFO - DAG(s) dict_keys(['example_short_circuit_decorator']) retrieved from /home/airflow/.local/lib/python3.7/site-packages/airflow/example_dags/example_short_circuit_decorator.py
[2026-09-19T23:57:54.200+0000] {logging_mixin.py:149} INFO - [2026-09-19T23:57:54.200+0000] {dag.py:2726} INFO - Sync 1 DAGs
[2026-09-19T23:57:54.243+0000] {logging_mixin.py:149} INFO - [2026-09-19T23:57:54.243+0000] {dag.py:3490} INFO - Setting next_dagrun for example_short_circuit_decorator to 2026-09-18T23:57:54.243168+00:00, run_after=2026-09-19T23:57:54.243168+00:00
[2026-09-19T23:57:54.276+0000] {processor.py:178} INFO - Processing /home/airflow/.local/lib/python3.7/site-packages/airflow/example_dags/example_short_circuit_decorator.py took 0.145 seconds
[2026-09-19T23:58:25.413+0000] {processor.py:156} INFO - Started process (PID=19557) to work on /home/airflow/.local/lib/python3.7/site-packages/airflow/example_dags/example_short_circuit_decorator.py
[2026-09-19T23:58:25.415+0000] {processor.py:799} INFO - Processing file /home/airflow/.local/lib/python3.7/site-packages/airflow/example_dags/example_short_circuit_decorator.py for tasks to queue
[2026-09-19T23:58:25.416+0000] {logging_mixin.py:149} INFO - [2026-09-19T23:58:25.416+0000] {dagbag.py:541} INFO - Filling up the DagBag from /home/airflow/.local/lib/python3.7/site-packages/airflow/example_dags/example_short_circuit_decorator.py
[2026-09-19T23:58:25.431+0000] {processor.py:809} INFO - DAG(s) dict_keys(['example_short_circuit_decorator']) retrieved from /home/airflow/.local/lib/python3.7/site-packages/airflow/example_dags/example_short_circuit_decorator.py
[2026-09-19T23:58:25.477+0000] {logging_mixin.py:149} INFO - [2026-09-19T23:58:25.477+0000] {dag.py:2726} INFO - Sync 1 DAGs
[2026-09-19T23:58:25.522+0000] {logging_mixin.py:149} INFO - [2026-09-19T23:58:25.522+0000] {dag.py:3490} INFO - Setting next_dagrun for example_short_circuit_decorator to 2026-09-18T23:58:25.522005+00:00, run_after=2026-09-19T23:58:25.522005+00:00
[2026-09-19T23:58:25.557+0000] {processor.py:178} INFO - Processing /home/airflow/.local/lib/python3.7/site-packages/airflow/example_dags/example_short_circuit_decorator.py took 0.151 seconds
[2026-09-19T23:58:56.624+0000] {processor.py:156} INFO - Started process (PID=19616) to work on /home/airflow/.local/lib/python3.7/site-packages/airflow/example_dags/example_short_circuit_decorator.py
[2026-09-19T23:58:56.626+0000] {processor.py:799} INFO - Processing file /home/airflow/.local/lib/python3.7/site-packages/airflow/example_dags/example_short_circuit_decorator.py for tasks to queue
[2026-09-19T23:58:56.627+0000] {logging_mixin.py:149} INFO - [2026-09-19T23:58:56.627+0000] {dagbag.py:541} INFO - Filling up the DagBag from /home/airflow/.local/lib/python3.7/site-packages/airflow/example_dags/example_short_circuit_decorator.py
[2026-09-19T23:58:56.649+0000] {processor.py:809} INFO - DAG(s) dict_keys(['example_short_circuit_decorator']) retrieved from /home/airflow/.local/lib/python3.7/site-packages/airflow/example_dags/example_short_circuit_decorator.py
[2026-09-19T23:58:56.705+0000] {logging_mixin.py:149} INFO - [2026-09-19T23:58:56.704+0000] {dag.py:2726} INFO - Sync 1 DAGs
[2026-09-19T23:58:56.758+0000] {logging_mixin.py:149} INFO - [2026-09-19T23:58:56.757+0000] {dag.py:3490} INFO - Setting next_dagrun for example_short_circuit_decorator to 2026-09-18T23:58:56.757363+00:00, run_after=2026-09-19T23:58:56.757363+00:00
[2026-09-19T23:58:56.807+0000] {processor.py:178} INFO - Processing /home/airflow/.local/lib/python3.7/site-packages/airflow/example_dags/example_short_circuit_decorator.py took 0.191 seconds
[2026-09-19T23:59:27.994+0000] {processor.py:156} INFO - Started process (PID=19674) to work on /home/airflow/.local/lib/python3.7/site-packages/airflow/example_dags/example_short_circuit_decorator.py
[2026-09-19T23:59:27.996+0000] {processor.py:799} INFO - Processing file /home/airflow/.local/lib/python3.7/site-packages/airflow/example_dags/example_short_circuit_decorator.py for tasks to queue
[2026-09-19T23:59:27.997+0000] {logging_mixin.py:149} INFO - [2026-09-19T23:59:27.997+0000] {dagbag.py:541} INFO - Filling up the DagBag from /home/airflow/.local/lib/python3.7/site-packages/airflow/example_dags/example_short_circuit_decorator.py
[2026-09-19T23:59:28.016+0000] {processor.py:809} INFO - DAG(s) dict_keys(['example_short_circuit_decorator']) retrieved from /home/airflow/.local/lib/python3.7/site-packages/airflow/example_dags/example_short_circuit_decorator.py
[2026-09-19T23:59:28.067+0000] {logging_mixin.py:149} INFO - [2026-09-19T23:59:28.067+0000] {dag.py:2726} INFO - Sync 1 DAGs
[2026-09-19T23:59:28.140+0000] {logging_mixin.py:149} INFO - [2026-09-19T23:59:28.140+0000] {dag.py:3490} INFO - Setting next_dagrun for example_short_circuit_decorator to 2026-09-18T23:59:28.139564+00:00, run_after=2026-09-19T23:59:28.139564+00:00
[2026-09-19T23:59:28.182+0000] {processor.py:178} INFO - Processing /home/airflow/.local/lib/python3.7/site-packages/airflow/example_dags/example_short_circuit_decorator.py took 0.197 seconds
[2026-09-19T23:59:58.770+0000] {processor.py:156} INFO - Started process (PID=19732) to work on /home/airflow/.local/lib/python3.7/site-packages/airflow/example_dags/example_short_circuit_decorator.py
[2026-09-19T23:59:58.771+0000] {processor.py:799} INFO - Processing file /home/airflow/.local/lib/python3.7/site-packages/airflow/example_dags/example_short_circuit_decorator.py for tasks to queue
[2026-09-19T23:59:58.772+0000] {logging_mixin.py:149} INFO - [2026-09-19T23:59:58.772+0000] {dagbag.py:541} INFO - Filling up the DagBag from /home/airflow/.local/lib/python3.7/site-packages/airflow/example_dags/example_short_circuit_decorator.py
[2026-09-19T23:59:58.790+0000] {processor.py:809} INFO - DAG(s) dict_keys(['example_short_circuit_decorator']) retrieved from /home/airflow/.local/lib/python3.7/site-packages/airflow/example_dags/example_short_circuit_decorator.py
[2026-09-19T23:59:58.839+0000] {logging_mixin.py:149} INFO - [2026-09-19T23:59:58.839+0000] {dag.py:2726} INFO - Sync 1 DAGs
[2026-09-19T23:59:58.889+0000] {logging_mixin.py:149} INFO - [2026-09-19T23:59:58.888+0000] {dag.py:3490} INFO - Setting next_dagrun for example_short_circuit_decorator to 2026-09-18T23:59:58.888184+00:00, run_after=2026-09-19T23:59:58.888184+00:00
[2026-09-19T23:59:58.920+0000] {processor.py:178} INFO - Processing /home/airflow/.local/lib/python3.7/site-packages/airflow/example_dags/example_short_circuit_decorator.py took 0.157 seconds
