[2026-09-19T21:00:22.113+0000] {processor.py:156} INFO - Started process (PID=69) to work on /home/airflow/.local/lib/python3.7/site-packages/airflow/example_dags/example_params_trigger_ui.py
[2026-09-19T21:00:22.114+0000] {processor.py:799} INFO - Processing file /home/airflow/.local/lib/python3.7/site-packages/airflow/example_dags/example_params_trigger_ui.py for tasks to queue
[2026-09-19T21:00:22.115+0000] {logging_mixin.py:149} INFO - [2026-09-19T21:00:22.115+0000] {dagbag.py:541} INFO - Filling up the DagBag from /home/airflow/.local/lib/python3.7/site-packages/airflow/example_dags/example_params_trigger_ui.py
[2026-09-19T21:00:22.199+0000] {processor.py:809} INFO - DAG(s) dict_keys(['example_params_trigger_ui']) retrieved from /home/airflow/.local/lib/python3.7/site-packages/airflow/example_dags/example_params_trigger_ui.py
[2026-09-19T21:00:22.221+0000] {logging_mixin.py:149} INFO - [2026-09-19T21:00:22.221+0000] {dag.py:2726} INFO - Sync 1 DAGs
[2026-09-19T21:00:22.269+0000] {logging_mixin.py:149} INFO - [2026-09-19T21:00:22.269+0000] {dag.py:3490} INFO - Setting next_dagrun for example_params_trigger_ui to None, run_after=None
[2026-09-19T21:00:22.329+0000] {processor.py:178} INFO - Processing /home/airflow/.local/lib/python3.7/site-packages/airflow/example_dags/example_params_trigger_ui.py took 0.237 seconds
[2026-09-19T21:00:52.900+0000] {processor.py:156} INFO - Started process (PID=125) to work on /home/airflow/.local/lib/python3.7/site-packages/airflow/example_dags/example_params_trigger_ui.py
[2026-09-19T21:00:52.902+0000] {processor.py:799} INFO - Processing file /home/airflow/.local/lib/python3.7/site-packages/airflow/example_dags/example_params_trigger_ui.py for tasks to queue
[2026-09-19T21:00:52.903+0000] {logging_mixin.py:149} INFO - [2026-09-19T21:00:52.903+0000] {dagbag.py:541} INFO - Filling up the DagBag from /home/airflow/.local/lib/python3.7/site-packages/airflow/example_dags/example_params_trigger_ui.py
[2026-09-19T21:00:52.940+0000] {processor.py:809} INFO - DAG(s) dict_keys(['example_params_trigger_ui']) retrieved from /home/airflow/.local/lib/python3.7/site-packages/airflow/example_dags/example_params_trigger_ui.py
[2026-09-19T21:00:53.079+0000] {logging_mixin.py:149} INFO - [2026-09-19T21:00:53.079+0000] {dag.py:2726} INFO - Sync 1 DAGs
[2026-09-19T21:00:53.120+0000] {logging_mixin.py:149} INFO - [2026-09-19T21:00:53.120+0000] {dag.py:3490} INFO - Setting next_dagrun for example_params_trigger_ui to None, run_after=None
[2026-09-19T21:00:53.158+0000] {processor.py:178} INFO - Processing /home/airflow/.local/lib/python3.7/site-packages/airflow/example_dags/example_params_trigger_ui.py took 0.263 seconds
[2026-09-19T21:01:24.383+0000] {processor.py:156} INFO - Started process (PID=181) to work on /home/airflow/.local/lib/python3.7/site-packages/airflow/example_dags/example_params_trigger_ui.py
[2026-09-19T21:01:24.395+0000] {processor.py:799} INFO - Processing file /home/airflow/.local/lib/python3.7/site-packages/airflow/example_dags/example_params_trigger_ui.py for tasks to queue
[2026-09-19T21:01:24.397+0000] {logging_mixin.py:149} INFO - [2026-09-19T21:01:24.397+0000] {dagbag.py:541} INFO - Filling up the DagBag from /home/airflow/.local/lib/python3.7/site-packages/airflow/example_dags/example_params_trigger_ui.py
[2026-09-19T21:01:24.443+0000] {processor.py:809} INFO - DAG(s) dict_keys(['example_params_trigger_ui']) retrieved from /home/airflow/.local/lib/python3.7/site-packages/airflow/example_dags/example_params_trigger_ui.py
[2026-09-19T21:01:24.588+0000] {logging_mixin.py:149} INFO - [2026-09-19T21:01:24.588+0000] {dag.py:2726} INFO - Sync 1 DAGs
[2026-09-19T21:01:24.632+0000] {logging_mixin.py:149} INFO - [2026-09-19T21:01:24.632+0000] {dag.py:3490} INFO - Setting next_dagrun for example_params_trigger_ui to None, run_after=None
[2026-09-19T21:01:24.665+0000] {processor.py:178} INFO - Processing /home/airflow/.local/lib/python3.7/site-packages/airflow/example_dags/example_params_trigger_ui.py took 0.288 seconds
[2026-09-19T21:01:55.708+0000] {processor.py:156} INFO - Started process (PID=237) to work on /home/airflow/.local/lib/python3.7/site-packages/airflow/example_dags/example_params_trigger_ui.py
[2026-09-19T21:01:55.710+0000] {processor.py:799} INFO - Processing file /home/airflow/.local/lib/python3.7/site-packages/airflow/example_dags/example_params_trigger_ui.py for tasks to queue
[2026-09-19T21:01:55.712+0000] {logging_mixin.py:149} INFO - [2026-09-19T21:01:55.711+0000] {dagbag.py:541} INFO - Filling up the DagBag from /home/airflow/.local/lib/python3.7/site-packages/airflow/example_dags/example_params_trigger_ui.py
[2026-09-19T21:01:55.749+0000] {processor.py:809} INFO - DAG(s) dict_keys(['example_params_trigger_ui']) retrieved from /home/airflow/.local/lib/python3.7/site-packages/airflow/example_dags/example_params_trigger_ui.py
[2026-09-19T21:01:55.888+0000] {logging_mixin.py:149} INFO - [2026-09-19T21:01:55.887+0000] {dag.py:2726} INFO - Sync 1 DAGs
[2026-09-19T21:01:55.933+0000] {logging_mixin.py:149} INFO - [2026-09-19T21:01:55.933+0000] {dag.py:3490} INFO - Setting next_dagrun for example_params_trigger_ui to None, run_after=None
[2026-09-19T21:01:55.971+0000] {processor.py:178} INFO - Processing /home/airflow/.local/lib/python3.7/site-packages/airflow/example_dags/example_params_trigger_ui.py took 0.269 seconds
[2026-09-19T21:02:26.805+0000] {processor.py:156} INFO - Started process (PID=293) to work on /home/airflow/.local/lib/python3.7/site-packages/airflow/example_dags/example_params_trigger_ui.py
[2026-09-19T21:02:26.807+0000] {processor.py:799} INFO - Processing file /home/airflow/.local/lib/python3.7/site-packages/airflow/example_dags/example_params_trigger_ui.py for tasks to queue
[2026-09-19T21:02:26.808+0000] {logging_mixin.py:149} INFO - [2026-09-19T21:02:26.808+0000] {dagbag.py:541} INFO - Filling up the DagBag from /home/airflow/.local/lib/python3.7/site-packages/airflow/example_dags/example_params_trigger_ui.py
[2026-09-19T21:02:26.846+0000] {processor.py:809} INFO - DAG(s) dict_keys(['example_params_trigger_ui']) retrieved from /home/airflow/.local/lib/python3.7/site-packages/airflow/example_dags/example_params_trigger_ui.py
[2026-09-19T21:02:26.996+0000] {logging_mixin.py:149} INFO - [2026-09-19T21:02:26.996+0000] {dag.py:2726} INFO - Sync 1 DAGs
[2026-09-19T21:02:27.039+0000] {logging_mixin.py:149} INFO - [2026-09-19T21:02:27.039+0000] {dag.py:3490} INFO - Setting next_dagrun for example_params_trigger_ui to None, run_after=None
[2026-09-19T21:02:27.072+0000] {processor.py:178} INFO - Processing /home/airflow/.local/lib/python3.7/site-packages/airflow/example_dags/example_params_trigger_ui.py took 0.272 seconds
[2026-09-19T21:02:58.089+0000] {processor.py:156} INFO - Started process (PID=349) to work on /home/airflow/.local/lib/python3.7/site-packages/airflow/example_dags/example_params_trigger_ui.py
[2026-09-19T21:02:58.091+0000] {processor.py:799} INFO - Processing file /home/airflow/.local/lib/python3.7/site-packages/airflow/example_dags/example_params_trigger_ui.py for tasks to queue
[2026-09-19T21:02:58.092+0000] {logging_mixin.py:149} INFO - [2026-09-19T21:02:58.091+0000] {dagbag.py:541} INFO - Filling up the DagBag from /home/airflow/.local/lib/python3.7/site-packages/airflow/example_dags/example_params_trigger_ui.py
[2026-09-19T21:02:58.129+0000] {processor.py:809} INFO - DAG(s) dict_keys(['example_params_trigger_ui']) retrieved from /home/airflow/.local/lib/python3.7/site-packages/airflow/example_dags/example_params_trigger_ui.py
[2026-09-19T21:02:58.273+0000] {logging_mixin.py:149} INFO - [2026-09-19T21:02:58.273+0000] {dag.py:2726} INFO - Sync 1 DAGs
[2026-09-19T21:02:58.317+0000] {logging_mixin.py:149} INFO - [2026-09-19T21:02:58.316+0000] {dag.py:3490} INFO - Setting next_dagrun for example_params_trigger_ui to None, run_after=None
[2026-09-19T21:02:58.350+0000] {processor.py:178} INFO - Processing /home/airflow/.local/lib/python3.7/site-packages/airflow/example_dags/example_params_trigger_ui.py took 0.267 seconds
[2026-09-19T21:03:29.756+0000] {processor.py:156} INFO - Started process (PID=405) to work on /home/airflow/.local/lib/python3.7/site-packages/airflow/example_dags/example_params_trigger_ui.py
[2026-09-19T21:03:29.758+0000] {processor.py:799} INFO - Processing file /home/airflow/.local/lib/python3.7/site-packages/airflow/example_dags/example_params_trigger_ui.py for tasks to queue
[2026-09-19T21:03:29.759+0000] {logging_mixin.py:149} INFO - [2026-09-19T21:03:29.759+0000] {dagbag.py:541} INFO - Filling up the DagBag from /home/airflow/.local/lib/python3.7/site-packages/airflow/example_dags/example_params_trigger_ui.py
[2026-09-19T21:03:29.801+0000] {processor.py:809} INFO - DAG(s) dict_keys(['example_params_trigger_ui']) retrieved from /home/airflow/.local/lib/python3.7/site-packages/airflow/example_dags/example_params_trigger_ui.py
[2026-09-19T21:03:29.947+0000] {logging_mixin.py:149} INFO - [2026-09-19T21:03:29.947+0000] {dag.py:2726} INFO - Sync 1 DAGs
[2026-09-19T21:03:29.993+0000] {logging_mixin.py:149} INFO - [2026-09-19T21:03:29.992+0000] {dag.py:3490} INFO - Setting next_dagrun for example_params_trigger_ui to None, run_after=None
[2026-09-19T21:03:30.027+0000] {processor.py:178} INFO - Processing /home/airflow/.local/lib/python3.7/site-packages/airflow/example_dags/example_params_trigger_ui.py took 0.278 seconds
[2026-09-19T21:04:00.167+0000] {processor.py:156} INFO - Started process (PID=461) to work on /home/airflow/.local/lib/python3.7/site-packages/airflow/example_dags/example_params_trigger_ui.py
[2026-09-19T21:04:00.173+0000] {processor.py:799} INFO - Processing file /home/airflow/.local/lib/python3.7/site-packages/airflow/example_dags/example_params_trigger_ui.py for tasks to queue
[2026-09-19T21:04:00.175+0000] {logging_mixin.py:149} INFO - [2026-09-19T21:04:00.174+0000] {dagbag.py:541} INFO - Filling up the DagBag from /home/airflow/.local/lib/python3.7/site-packages/airflow/example_dags/example_params_trigger_ui.py
[2026-09-19T21:04:00.217+0000] {processor.py:809} INFO - DAG(s) dict_keys(['example_params_trigger_ui']) retrieved from /home/airflow/.local/lib/python3.7/site-packages/airflow/example_dags/example_params_trigger_ui.py
[2026-09-19T21:04:00.372+0000] {logging_mixin.py:149} INFO - [2026-09-19T21:04:00.372+0000] {dag.py:2726} INFO - Sync 1 DAGs
[2026-09-19T21:04:00.416+0000] {logging_mixin.py:149} INFO - [2026-09-19T21:04:00.416+0000] {dag.py:3490} INFO - Setting next_dagrun for example_params_trigger_ui to None, run_after=None
[2026-09-19T21:04:00.449+0000] {processor.py:178} INFO - Processing /home/airflow/.local/lib/python3.7/site-packages/airflow/example_dags/example_params_trigger_ui.py took 0.289 seconds
[2026-09-19T21:04:31.647+0000] {processor.py:156} INFO - Started process (PID=517) to work on /home/airflow/.local/lib/python3.7/site-packages/airflow/example_dags/example_params_trigger_ui.py
[2026-09-19T21:04:31.649+0000] {processor.py:799} INFO - Processing file /home/airflow/.local/lib/python3.7/site-packages/airflow/example_dags/example_params_trigger_ui.py for tasks to queue
[2026-09-19T21:04:31.650+0000] {logging_mixin.py:149} INFO - [2026-09-19T21:04:31.650+0000] {dagbag.py:541} INFO - Filling up the DagBag from /home/airflow/.local/lib/python3.7/site-packages/airflow/example_dags/example_params_trigger_ui.py
[2026-09-19T21:04:31.685+0000] {processor.py:809} INFO - DAG(s) dict_keys(['example_params_trigger_ui']) retrieved from /home/airflow/.local/lib/python3.7/site-packages/airflow/example_dags/example_params_trigger_ui.py
[2026-09-19T21:04:31.853+0000] {logging_mixin.py:149} INFO - [2026-09-19T21:04:31.853+0000] {dag.py:2726} INFO - Sync 1 DAGs
[2026-09-19T21:04:31.901+0000] {logging_mixin.py:149} INFO - [2026-09-19T21:04:31.901+0000] {dag.py:3490} INFO - Setting next_dagrun for example_params_trigger_ui to None, run_after=None
[2026-09-19T21:04:31.935+0000] {processor.py:178} INFO - Processing /home/airflow/.local/lib/python3.7/site-packages/airflow/example_dags/example_params_trigger_ui.py took 0.294 seconds
[2026-09-19T21:05:03.087+0000] {processor.py:156} INFO - Started process (PID=573) to work on /home/airflow/.local/lib/python3.7/site-packages/airflow/example_dags/example_params_trigger_ui.py
[2026-09-19T21:05:03.089+0000] {processor.py:799} INFO - Processing file /home/airflow/.local/lib/python3.7/site-packages/airflow/example_dags/example_params_trigger_ui.py for tasks to queue
[2026-09-19T21:05:03.090+0000] {logging_mixin.py:149} INFO - [2026-09-19T21:05:03.090+0000] {dagbag.py:541} INFO - Filling up the DagBag from /home/airflow/.local/lib/python3.7/site-packages/airflow/example_dags/example_params_trigger_ui.py
[2026-09-19T21:05:03.128+0000] {processor.py:809} INFO - DAG(s) dict_keys(['example_params_trigger_ui']) retrieved from /home/airflow/.local/lib/python3.7/site-packages/airflow/example_dags/example_params_trigger_ui.py
[2026-09-19T21:05:03.266+0000] {logging_mixin.py:149} INFO - [2026-09-19T21:05:03.266+0000] {dag.py:2726} INFO - Sync 1 DAGs
[2026-09-19T21:05:03.309+0000] {logging_mixin.py:149} INFO - [2026-09-19T21:05:03.308+0000] {dag.py:3490} INFO - Setting next_dagrun for example_params_trigger_ui to None, run_after=None
[2026-09-19T21:05:03.340+0000] {processor.py:178} INFO - Processing /home/airflow/.local/lib/python3.7/site-packages/airflow/example_dags/example_params_trigger_ui.py took 0.260 seconds
[2026-09-19T21:05:34.266+0000] {processor.py:156} INFO - Started process (PID=629) to work on /home/airflow/.local/lib/python3.7/site-packages/airflow/example_dags/example_params_trigger_ui.py
[2026-09-19T21:05:34.269+0000] {processor.py:799} INFO - Processing file /home/airflow/.local/lib/python3.7/site-packages/airflow/example_dags/example_params_trigger_ui.py for tasks to queue
[2026-09-19T21:05:34.270+0000] {logging_mixin.py:149} INFO - [2026-09-19T21:05:34.270+0000] {dagbag.py:541} INFO - Filling up the DagBag from /home/airflow/.local/lib/python3.7/site-packages/airflow/example_dags/example_params_trigger_ui.py
[2026-09-19T21:05:34.310+0000] {processor.py:809} INFO - DAG(s) dict_keys(['example_params_trigger_ui']) retrieved from /home/airflow/.local/lib/python3.7/site-packages/airflow/example_dags/example_params_trigger_ui.py
[2026-09-19T21:05:34.453+0000] {logging_mixin.py:149} INFO - [2026-09-19T21:05:34.452+0000] {dag.py:2726} INFO - Sync 1 DAGs
[2026-09-19T21:05:34.494+0000] {logging_mixin.py:149} INFO - [2026-09-19T21:05:34.493+0000] {dag.py:3490} INFO - Setting next_dagrun for example_params_trigger_ui to None, run_after=None
[2026-09-19T21:05:34.530+0000] {processor.py:178} INFO - Processing /home/airflow/.local/lib/python3.7/site-packages/airflow/example_dags/example_params_trigger_ui.py took 0.270 seconds
[2026-09-19T21:06:05.744+0000] {processor.py:156} INFO - Started process (PID=685) to work on /home/airflow/.local/lib/python3.7/site-packages/airflow/example_dags/example_params_trigger_ui.py
[2026-09-19T21:06:05.747+0000] {processor.py:799} INFO - Processing file /home/airflow/.local/lib/python3.7/site-packages/airflow/example_dags/example_params_trigger_ui.py for tasks to queue
[2026-09-19T21:06:05.755+0000] {logging_mixin.py:149} INFO - [2026-09-19T21:06:05.755+0000] {dagbag.py:541} INFO - Filling up the DagBag from /home/airflow/.local/lib/python3.7/site-packages/airflow/example_dags/example_params_trigger_ui.py
[2026-09-19T21:06:05.808+0000] {processor.py:809} INFO - DAG(s) dict_keys(['example_params_trigger_ui']) retrieved from /home/airflow/.local/lib/python3.7/site-packages/airflow/example_dags/example_params_trigger_ui.py
[2026-09-19T21:06:05.983+0000] {logging_mixin.py:149} INFO - [2026-09-19T21:06:05.982+0000] {dag.py:2726} INFO - Sync 1 DAGs
[2026-09-19T21:06:06.060+0000] {logging_mixin.py:149} INFO - [2026-09-19T21:06:06.060+0000] {dag.py:3490} INFO - Setting next_dagrun for example_params_trigger_ui to None, run_after=None
[2026-09-19T21:06:06.112+0000] {processor.py:178} INFO - Processing /home/airflow/.local/lib/python3.7/site-packages/airflow/example_dags/example_params_trigger_ui.py took 0.377 seconds
[2026-09-19T21:06:37.012+0000] {processor.py:156} INFO - Started process (PID=740) to work on /home/airflow/.local/lib/python3.7/site-packages/airflow/example_dags/example_params_trigger_ui.py
[2026-09-19T21:06:37.014+0000] {processor.py:799} INFO - Processing file /home/airflow/.local/lib/python3.7/site-packages/airflow/example_dags/example_params_trigger_ui.py for tasks to queue
[2026-09-19T21:06:37.015+0000] {logging_mixin.py:149} INFO - [2026-09-19T21:06:37.014+0000] {dagbag.py:541} INFO - Filling up the DagBag from /home/airflow/.local/lib/python3.7/site-packages/airflow/example_dags/example_params_trigger_ui.py
[2026-09-19T21:06:37.065+0000] {processor.py:809} INFO - DAG(s) dict_keys(['example_params_trigger_ui']) retrieved from /home/airflow/.local/lib/python3.7/site-packages/airflow/example_dags/example_params_trigger_ui.py
[2026-09-19T21:06:37.207+0000] {logging_mixin.py:149} INFO - [2026-09-19T21:06:37.206+0000] {dag.py:2726} INFO - Sync 1 DAGs
[2026-09-19T21:06:37.253+0000] {logging_mixin.py:149} INFO - [2026-09-19T21:06:37.253+0000] {dag.py:3490} INFO - Setting next_dagrun for example_params_trigger_ui to None, run_after=None
[2026-09-19T21:06:37.287+0000] {processor.py:178} INFO - Processing /home/airflow/.local/lib/python3.7/site-packages/airflow/example_dags/example_params_trigger_ui.py took 0.280 seconds
[2026-09-19T21:07:08.253+0000] {processor.py:156} INFO - Started process (PID=796) to work on /home/airflow/.local/lib/python3.7/site-packages/airflow/example_dags/example_params_trigger_ui.py
[2026-09-19T21:07:08.256+0000] {processor.py:799} INFO - Processing file /home/airflow/.local/lib/python3.7/site-packages/airflow/example_dags/example_params_trigger_ui.py for tasks to queue
[2026-09-19T21:07:08.257+0000] {logging_mixin.py:149} INFO - [2026-09-19T21:07:08.256+0000] {dagbag.py:541} INFO - Filling up the DagBag from /home/airflow/.local/lib/python3.7/site-packages/airflow/example_dags/example_params_trigger_ui.py
[2026-09-19T21:07:08.304+0000] {processor.py:809} INFO - DAG(s) dict_keys(['example_params_trigger_ui']) retrieved from /home/airflow/.local/lib/python3.7/site-packages/airflow/example_dags/example_params_trigger_ui.py
[2026-09-19T21:07:08.465+0000] {logging_mixin.py:149} INFO - [2026-09-19T21:07:08.465+0000] {dag.py:2726} INFO - Sync 1 DAGs
[2026-09-19T21:07:08.509+0000] {logging_mixin.py:149} INFO - [2026-09-19T21:07:08.508+0000] {dag.py:3490} INFO - Setting next_dagrun for example_params_trigger_ui to None, run_after=None
[2026-09-19T21:07:08.549+0000] {processor.py:178} INFO - Processing /home/airflow/.local/lib/python3.7/site-packages/airflow/example_dags/example_params_trigger_ui.py took 0.301 seconds
[2026-09-19T21:07:39.595+0000] {processor.py:156} INFO - Started process (PID=852) to work on /home/airflow/.local/lib/python3.7/site-packages/airflow/example_dags/example_params_trigger_ui.py
[2026-09-19T21:07:39.600+0000] {processor.py:799} INFO - Processing file /home/airflow/.local/lib/python3.7/site-packages/airflow/example_dags/example_params_trigger_ui.py for tasks to queue
[2026-09-19T21:07:39.601+0000] {logging_mixin.py:149} INFO - [2026-09-19T21:07:39.601+0000] {dagbag.py:541} INFO - Filling up the DagBag from /home/airflow/.local/lib/python3.7/site-packages/airflow/example_dags/example_params_trigger_ui.py
[2026-09-19T21:07:39.644+0000] {processor.py:809} INFO - DAG(s) dict_keys(['example_params_trigger_ui']) retrieved from /home/airflow/.local/lib/python3.7/site-packages/airflow/example_dags/example_params_trigger_ui.py
[2026-09-19T21:07:39.809+0000] {logging_mixin.py:149} INFO - [2026-09-19T21:07:39.809+0000] {dag.py:2726} INFO - Sync 1 DAGs
[2026-09-19T21:07:39.855+0000] {logging_mixin.py:149} INFO - [2026-09-19T21:07:39.855+0000] {dag.py:3490} INFO - Setting next_dagrun for example_params_trigger_ui to None, run_after=None
[2026-09-19T21:07:39.887+0000] {processor.py:178} INFO - Processing /home/airflow/.local/lib/python3.7/site-packages/airflow/example_dags/example_params_trigger_ui.py took 0.298 seconds
[2026-09-19T21:08:11.030+0000] {processor.py:156} INFO - Started process (PID=908) to work on /home/airflow/.local/lib/python3.7/site-packages/airflow/example_dags/example_params_trigger_ui.py
[2026-09-19T21:08:11.032+0000] {processor.py:799} INFO - Processing file /home/airflow/.local/lib/python3.7/site-packages/airflow/example_dags/example_params_trigger_ui.py for tasks to queue
[2026-09-19T21:08:11.034+0000] {logging_mixin.py:149} INFO - [2026-09-19T21:08:11.033+0000] {dagbag.py:541} INFO - Filling up the DagBag from /home/airflow/.local/lib/python3.7/site-packages/airflow/example_dags/example_params_trigger_ui.py
[2026-09-19T21:08:11.071+0000] {processor.py:809} INFO - DAG(s) dict_keys(['example_params_trigger_ui']) retrieved from /home/airflow/.local/lib/python3.7/site-packages/airflow/example_dags/example_params_trigger_ui.py
[2026-09-19T21:08:11.227+0000] {logging_mixin.py:149} INFO - [2026-09-19T21:08:11.227+0000] {dag.py:2726} INFO - Sync 1 DAGs
[2026-09-19T21:08:11.273+0000] {logging_mixin.py:149} INFO - [2026-09-19T21:08:11.272+0000] {dag.py:3490} INFO - Setting next_dagrun for example_params_trigger_ui to None, run_after=None
[2026-09-19T21:08:11.303+0000] {processor.py:178} INFO - Processing /home/airflow/.local/lib/python3.7/site-packages/airflow/example_dags/example_params_trigger_ui.py took 0.279 seconds
[2026-09-19T21:08:42.204+0000] {processor.py:156} INFO - Started process (PID=964) to work on /home/airflow/.local/lib/python3.7/site-packages/airflow/example_dags/example_params_trigger_ui.py
[2026-09-19T21:08:42.206+0000] {processor.py:799} INFO - Processing file /home/airflow/.local/lib/python3.7/site-packages/airflow/example_dags/example_params_trigger_ui.py for tasks to queue
[2026-09-19T21:08:42.207+0000] {logging_mixin.py:149} INFO - [2026-09-19T21:08:42.207+0000] {dagbag.py:541} INFO - Filling up the DagBag from /home/airflow/.local/lib/python3.7/site-packages/airflow/example_dags/example_params_trigger_ui.py
[2026-09-19T21:08:42.248+0000] {processor.py:809} INFO - DAG(s) dict_keys(['example_params_trigger_ui']) retrieved from /home/airflow/.local/lib/python3.7/site-packages/airflow/example_dags/example_params_trigger_ui.py
[2026-09-19T21:08:42.403+0000] {logging_mixin.py:149} INFO - [2026-09-19T21:08:42.403+0000] {dag.py:2726} INFO - Sync 1 DAGs
[2026-09-19T21:08:42.449+0000] {logging_mixin.py:149} INFO - [2026-09-19T21:08:42.449+0000] {dag.py:3490} INFO - Setting next_dagrun for example_params_trigger_ui to None, run_after=None
[2026-09-19T21:08:42.488+0000] {processor.py:178} INFO - Processing /home/airflow/.local/lib/python3.7/site-packages/airflow/example_dags/example_params_trigger_ui.py took 0.290 seconds
[2026-09-19T21:09:13.610+0000] {processor.py:156} INFO - Started process (PID=1020) to work on /home/airflow/.local/lib/python3.7/site-packages/airflow/example_dags/example_params_trigger_ui.py
[2026-09-19T21:09:13.612+0000] {processor.py:799} INFO - Processing file /home/airflow/.local/lib/python3.7/site-packages/airflow/example_dags/example_params_trigger_ui.py for tasks to queue
[2026-09-19T21:09:13.613+0000] {logging_mixin.py:149} INFO - [2026-09-19T21:09:13.613+0000] {dagbag.py:541} INFO - Filling up the DagBag from /home/airflow/.local/lib/python3.7/site-packages/airflow/example_dags/example_params_trigger_ui.py
[2026-09-19T21:09:13.649+0000] {processor.py:809} INFO - DAG(s) dict_keys(['example_params_trigger_ui']) retrieved from /home/airflow/.local/lib/python3.7/site-packages/airflow/example_dags/example_params_trigger_ui.py
[2026-09-19T21:09:13.788+0000] {logging_mixin.py:149} INFO - [2026-09-19T21:09:13.788+0000] {dag.py:2726} INFO - Sync 1 DAGs
[2026-09-19T21:09:13.831+0000] {logging_mixin.py:149} INFO - [2026-09-19T21:09:13.831+0000] {dag.py:3490} INFO - Setting next_dagrun for example_params_trigger_ui to None, run_after=None
[2026-09-19T21:09:13.861+0000] {processor.py:178} INFO - Processing /home/airflow/.local/lib/python3.7/site-packages/airflow/example_dags/example_params_trigger_ui.py took 0.256 seconds
[2026-09-19T21:09:45.032+0000] {processor.py:156} INFO - Started process (PID=1077) to work on /home/airflow/.local/lib/python3.7/site-packages/airflow/example_dags/example_params_trigger_ui.py
[2026-09-19T21:09:45.035+0000] {processor.py:799} INFO - Processing file /home/airflow/.local/lib/python3.7/site-packages/airflow/example_dags/example_params_trigger_ui.py for tasks to queue
[2026-09-19T21:09:45.036+0000] {logging_mixin.py:149} INFO - [2026-09-19T21:09:45.036+0000] {dagbag.py:541} INFO - Filling up the DagBag from /home/airflow/.local/lib/python3.7/site-packages/airflow/example_dags/example_params_trigger_ui.py
[2026-09-19T21:09:45.072+0000] {processor.py:809} INFO - DAG(s) dict_keys(['example_params_trigger_ui']) retrieved from /home/airflow/.local/lib/python3.7/site-packages/airflow/example_dags/example_params_trigger_ui.py
[2026-09-19T21:09:45.220+0000] {logging_mixin.py:149} INFO - [2026-09-19T21:09:45.220+0000] {dag.py:2726} INFO - Sync 1 DAGs
[2026-09-19T21:09:45.269+0000] {logging_mixin.py:149} INFO - [2026-09-19T21:09:45.269+0000] {dag.py:3490} INFO - Setting next_dagrun for example_params_trigger_ui to None, run_after=None
[2026-09-19T21:09:45.301+0000] {processor.py:178} INFO - Processing /home/airflow/.local/lib/python3.7/site-packages/airflow/example_dags/example_params_trigger_ui.py took 0.275 seconds
[2026-09-19T21:10:16.430+0000] {processor.py:156} INFO - Started process (PID=1134) to work on /home/airflow/.local/lib/python3.7/site-packages/airflow/example_dags/example_params_trigger_ui.py
[2026-09-19T21:10:16.432+0000] {processor.py:799} INFO - Processing file /home/airflow/.local/lib/python3.7/site-packages/airflow/example_dags/example_params_trigger_ui.py for tasks to queue
[2026-09-19T21:10:16.434+0000] {logging_mixin.py:149} INFO - [2026-09-19T21:10:16.434+0000] {dagbag.py:541} INFO - Filling up the DagBag from /home/airflow/.local/lib/python3.7/site-packages/airflow/example_dags/example_params_trigger_ui.py
[2026-09-19T21:10:16.472+0000] {processor.py:809} INFO - DAG(s) dict_keys(['example_params_trigger_ui']) retrieved from /home/airflow/.local/lib/python3.7/site-packages/airflow/example_dags/example_params_trigger_ui.py
[2026-09-19T21:10:16.626+0000] {logging_mixin.py:149} INFO - [2026-09-19T21:10:16.626+0000] {dag.py:2726} INFO - Sync 1 DAGs
[2026-09-19T21:10:16.666+0000] {logging_mixin.py:149} INFO - [2026-09-19T21:10:16.666+0000] {dag.py:3490} INFO - Setting next_dagrun for example_params_trigger_ui to None, run_after=None
[2026-09-19T21:10:16.702+0000] {processor.py:178} INFO - Processing /home/airflow/.local/lib/python3.7/site-packages/airflow/example_dags/example_params_trigger_ui.py took 0.279 seconds
[2026-09-19T21:10:47.793+0000] {processor.py:156} INFO - Started process (PID=1196) to work on /home/airflow/.local/lib/python3.7/site-packages/airflow/example_dags/example_params_trigger_ui.py
[2026-09-19T21:10:47.795+0000] {processor.py:799} INFO - Processing file /home/airflow/.local/lib/python3.7/site-packages/airflow/example_dags/example_params_trigger_ui.py for tasks to queue
[2026-09-19T21:10:47.796+0000] {logging_mixin.py:149} INFO - [2026-09-19T21:10:47.796+0000] {dagbag.py:541} INFO - Filling up the DagBag from /home/airflow/.local/lib/python3.7/site-packages/airflow/example_dags/example_params_trigger_ui.py
[2026-09-19T21:10:47.838+0000] {processor.py:809} INFO - DAG(s) dict_keys(['example_params_trigger_ui']) retrieved from /home/airflow/.local/lib/python3.7/site-packages/airflow/example_dags/example_params_trigger_ui.py
[2026-09-19T21:10:47.996+0000] {logging_mixin.py:149} INFO - [2026-09-19T21:10:47.996+0000] {dag.py:2726} INFO - Sync 1 DAGs
[2026-09-19T21:10:48.043+0000] {logging_mixin.py:149} INFO - [2026-09-19T21:10:48.043+0000] {dag.py:3490} INFO - Setting next_dagrun for example_params_trigger_ui to None, run_after=None
[2026-09-19T21:10:48.085+0000] {processor.py:178} INFO - Processing /home/airflow/.local/lib/python3.7/site-packages/airflow/example_dags/example_params_trigger_ui.py took 0.298 seconds
[2026-09-19T21:11:18.680+0000] {processor.py:156} INFO - Started process (PID=1252) to work on /home/airflow/.local/lib/python3.7/site-packages/airflow/example_dags/example_params_trigger_ui.py
[2026-09-19T21:11:18.682+0000] {processor.py:799} INFO - Processing file /home/airflow/.local/lib/python3.7/site-packages/airflow/example_dags/example_params_trigger_ui.py for tasks to queue
[2026-09-19T21:11:18.683+0000] {logging_mixin.py:149} INFO - [2026-09-19T21:11:18.683+0000] {dagbag.py:541} INFO - Filling up the DagBag from /home/airflow/.local/lib/python3.7/site-packages/airflow/example_dags/example_params_trigger_ui.py
[2026-09-19T21:11:18.718+0000] {processor.py:809} INFO - DAG(s) dict_keys(['example_params_trigger_ui']) retrieved from /home/airflow/.local/lib/python3.7/site-packages/airflow/example_dags/example_params_trigger_ui.py
[2026-09-19T21:11:18.853+0000] {logging_mixin.py:149} INFO - [2026-09-19T21:11:18.853+0000] {dag.py:2726} INFO - Sync 1 DAGs
[2026-09-19T21:11:18.893+0000] {logging_mixin.py:149} INFO - [2026-09-19T21:11:18.893+0000] {dag.py:3490} INFO - Setting next_dagrun for example_params_trigger_ui to None, run_after=None
[2026-09-19T21:11:18.927+0000] {processor.py:178} INFO - Processing /home/airflow/.local/lib/python3.7/site-packages/airflow/example_dags/example_params_trigger_ui.py took 0.254 seconds
[2026-09-19T21:11:49.124+0000] {processor.py:156} INFO - Started process (PID=1308) to work on /home/airflow/.local/lib/python3.7/site-packages/airflow/example_dags/example_params_trigger_ui.py
[2026-09-19T21:11:49.126+0000] {processor.py:799} INFO - Processing file /home/airflow/.local/lib/python3.7/site-packages/airflow/example_dags/example_params_trigger_ui.py for tasks to queue
[2026-09-19T21:11:49.127+0000] {logging_mixin.py:149} INFO - [2026-09-19T21:11:49.127+0000] {dagbag.py:541} INFO - Filling up the DagBag from /home/airflow/.local/lib/python3.7/site-packages/airflow/example_dags/example_params_trigger_ui.py
[2026-09-19T21:11:49.168+0000] {processor.py:809} INFO - DAG(s) dict_keys(['example_params_trigger_ui']) retrieved from /home/airflow/.local/lib/python3.7/site-packages/airflow/example_dags/example_params_trigger_ui.py
[2026-09-19T21:11:49.337+0000] {logging_mixin.py:149} INFO - [2026-09-19T21:11:49.336+0000] {dag.py:2726} INFO - Sync 1 DAGs
[2026-09-19T21:11:49.393+0000] {logging_mixin.py:149} INFO - [2026-09-19T21:11:49.393+0000] {dag.py:3490} INFO - Setting next_dagrun for example_params_trigger_ui to None, run_after=None
[2026-09-19T21:11:49.427+0000] {processor.py:178} INFO - Processing /home/airflow/.local/lib/python3.7/site-packages/airflow/example_dags/example_params_trigger_ui.py took 0.311 seconds
[2026-09-19T21:12:19.925+0000] {processor.py:156} INFO - Started process (PID=1364) to work on /home/airflow/.local/lib/python3.7/site-packages/airflow/example_dags/example_params_trigger_ui.py
[2026-09-19T21:12:19.927+0000] {processor.py:799} INFO - Processing file /home/airflow/.local/lib/python3.7/site-packages/airflow/example_dags/example_params_trigger_ui.py for tasks to queue
[2026-09-19T21:12:19.928+0000] {logging_mixin.py:149} INFO - [2026-09-19T21:12:19.927+0000] {dagbag.py:541} INFO - Filling up the DagBag from /home/airflow/.local/lib/python3.7/site-packages/airflow/example_dags/example_params_trigger_ui.py
[2026-09-19T21:12:19.963+0000] {processor.py:809} INFO - DAG(s) dict_keys(['example_params_trigger_ui']) retrieved from /home/airflow/.local/lib/python3.7/site-packages/airflow/example_dags/example_params_trigger_ui.py
[2026-09-19T21:12:20.098+0000] {logging_mixin.py:149} INFO - [2026-09-19T21:12:20.098+0000] {dag.py:2726} INFO - Sync 1 DAGs
[2026-09-19T21:12:20.141+0000] {logging_mixin.py:149} INFO - [2026-09-19T21:12:20.140+0000] {dag.py:3490} INFO - Setting next_dagrun for example_params_trigger_ui to None, run_after=None
[2026-09-19T21:12:20.177+0000] {processor.py:178} INFO - Processing /home/airflow/.local/lib/python3.7/site-packages/airflow/example_dags/example_params_trigger_ui.py took 0.259 seconds
[2026-09-19T21:12:51.443+0000] {processor.py:156} INFO - Started process (PID=1420) to work on /home/airflow/.local/lib/python3.7/site-packages/airflow/example_dags/example_params_trigger_ui.py
[2026-09-19T21:12:51.445+0000] {processor.py:799} INFO - Processing file /home/airflow/.local/lib/python3.7/site-packages/airflow/example_dags/example_params_trigger_ui.py for tasks to queue
[2026-09-19T21:12:51.446+0000] {logging_mixin.py:149} INFO - [2026-09-19T21:12:51.446+0000] {dagbag.py:541} INFO - Filling up the DagBag from /home/airflow/.local/lib/python3.7/site-packages/airflow/example_dags/example_params_trigger_ui.py
[2026-09-19T21:12:51.487+0000] {processor.py:809} INFO - DAG(s) dict_keys(['example_params_trigger_ui']) retrieved from /home/airflow/.local/lib/python3.7/site-packages/airflow/example_dags/example_params_trigger_ui.py
[2026-09-19T21:12:51.647+0000] {logging_mixin.py:149} INFO - [2026-09-19T21:12:51.647+0000] {dag.py:2726} INFO - Sync 1 DAGs
[2026-09-19T21:12:51.696+0000] {logging_mixin.py:149} INFO - [2026-09-19T21:12:51.696+0000] {dag.py:3490} INFO - Setting next_dagrun for example_params_trigger_ui to None, run_after=None
[2026-09-19T21:12:51.734+0000] {processor.py:178} INFO - Processing /home/airflow/.local/lib/python3.7/site-packages/airflow/example_dags/example_params_trigger_ui.py took 0.299 seconds
[2026-09-19T21:13:22.598+0000] {processor.py:156} INFO - Started process (PID=1476) to work on /home/airflow/.local/lib/python3.7/site-packages/airflow/example_dags/example_params_trigger_ui.py
[2026-09-19T21:13:22.605+0000] {processor.py:799} INFO - Processing file /home/airflow/.local/lib/python3.7/site-packages/airflow/example_dags/example_params_trigger_ui.py for tasks to queue
[2026-09-19T21:13:22.606+0000] {logging_mixin.py:149} INFO - [2026-09-19T21:13:22.606+0000] {dagbag.py:541} INFO - Filling up the DagBag from /home/airflow/.local/lib/python3.7/site-packages/airflow/example_dags/example_params_trigger_ui.py
[2026-09-19T21:13:22.642+0000] {processor.py:809} INFO - DAG(s) dict_keys(['example_params_trigger_ui']) retrieved from /home/airflow/.local/lib/python3.7/site-packages/airflow/example_dags/example_params_trigger_ui.py
[2026-09-19T21:13:22.802+0000] {logging_mixin.py:149} INFO - [2026-09-19T21:13:22.802+0000] {dag.py:2726} INFO - Sync 1 DAGs
[2026-09-19T21:13:22.851+0000] {logging_mixin.py:149} INFO - [2026-09-19T21:13:22.851+0000] {dag.py:3490} INFO - Setting next_dagrun for example_params_trigger_ui to None, run_after=None
[2026-09-19T21:13:22.884+0000] {processor.py:178} INFO - Processing /home/airflow/.local/lib/python3.7/site-packages/airflow/example_dags/example_params_trigger_ui.py took 0.294 seconds
[2026-09-19T21:13:54.141+0000] {processor.py:156} INFO - Started process (PID=1532) to work on /home/airflow/.local/lib/python3.7/site-packages/airflow/example_dags/example_params_trigger_ui.py
[2026-09-19T21:13:54.144+0000] {processor.py:799} INFO - Processing file /home/airflow/.local/lib/python3.7/site-packages/airflow/example_dags/example_params_trigger_ui.py for tasks to queue
[2026-09-19T21:13:54.145+0000] {logging_mixin.py:149} INFO - [2026-09-19T21:13:54.145+0000] {dagbag.py:541} INFO - Filling up the DagBag from /home/airflow/.local/lib/python3.7/site-packages/airflow/example_dags/example_params_trigger_ui.py
[2026-09-19T21:13:54.186+0000] {processor.py:809} INFO - DAG(s) dict_keys(['example_params_trigger_ui']) retrieved from /home/airflow/.local/lib/python3.7/site-packages/airflow/example_dags/example_params_trigger_ui.py
[2026-09-19T21:13:54.330+0000] {logging_mixin.py:149} INFO - [2026-09-19T21:13:54.330+0000] {dag.py:2726} INFO - Sync 1 DAGs
[2026-09-19T21:13:54.379+0000] {logging_mixin.py:149} INFO - [2026-09-19T21:13:54.379+0000] {dag.py:3490} INFO - Setting next_dagrun for example_params_trigger_ui to None, run_after=None
[2026-09-19T21:13:54.411+0000] {processor.py:178} INFO - Processing /home/airflow/.local/lib/python3.7/site-packages/airflow/example_dags/example_params_trigger_ui.py took 0.277 seconds
[2026-09-19T21:14:25.510+0000] {processor.py:156} INFO - Started process (PID=1588) to work on /home/airflow/.local/lib/python3.7/site-packages/airflow/example_dags/example_params_trigger_ui.py
[2026-09-19T21:14:25.513+0000] {processor.py:799} INFO - Processing file /home/airflow/.local/lib/python3.7/site-packages/airflow/example_dags/example_params_trigger_ui.py for tasks to queue
[2026-09-19T21:14:25.514+0000] {logging_mixin.py:149} INFO - [2026-09-19T21:14:25.513+0000] {dagbag.py:541} INFO - Filling up the DagBag from /home/airflow/.local/lib/python3.7/site-packages/airflow/example_dags/example_params_trigger_ui.py
[2026-09-19T21:14:25.553+0000] {processor.py:809} INFO - DAG(s) dict_keys(['example_params_trigger_ui']) retrieved from /home/airflow/.local/lib/python3.7/site-packages/airflow/example_dags/example_params_trigger_ui.py
[2026-09-19T21:14:25.699+0000] {logging_mixin.py:149} INFO - [2026-09-19T21:14:25.699+0000] {dag.py:2726} INFO - Sync 1 DAGs
[2026-09-19T21:14:25.743+0000] {logging_mixin.py:149} INFO - [2026-09-19T21:14:25.742+0000] {dag.py:3490} INFO - Setting next_dagrun for example_params_trigger_ui to None, run_after=None
[2026-09-19T21:14:25.777+0000] {processor.py:178} INFO - Processing /home/airflow/.local/lib/python3.7/site-packages/airflow/example_dags/example_params_trigger_ui.py took 0.273 seconds
[2026-09-19T21:14:56.134+0000] {processor.py:156} INFO - Started process (PID=1644) to work on /home/airflow/.local/lib/python3.7/site-packages/airflow/example_dags/example_params_trigger_ui.py
[2026-09-19T21:14:56.136+0000] {processor.py:799} INFO - Processing file /home/airflow/.local/lib/python3.7/site-packages/airflow/example_dags/example_params_trigger_ui.py for tasks to queue
[2026-09-19T21:14:56.138+0000] {logging_mixin.py:149} INFO - [2026-09-19T21:14:56.137+0000] {dagbag.py:541} INFO - Filling up the DagBag from /home/airflow/.local/lib/python3.7/site-packages/airflow/example_dags/example_params_trigger_ui.py
[2026-09-19T21:14:56.175+0000] {processor.py:809} INFO - DAG(s) dict_keys(['example_params_trigger_ui']) retrieved from /home/airflow/.local/lib/python3.7/site-packages/airflow/example_dags/example_params_trigger_ui.py
[2026-09-19T21:14:56.311+0000] {logging_mixin.py:149} INFO - [2026-09-19T21:14:56.311+0000] {dag.py:2726} INFO - Sync 1 DAGs
[2026-09-19T21:14:56.353+0000] {logging_mixin.py:149} INFO - [2026-09-19T21:14:56.353+0000] {dag.py:3490} INFO - Setting next_dagrun for example_params_trigger_ui to None, run_after=None
[2026-09-19T21:14:56.387+0000] {processor.py:178} INFO - Processing /home/airflow/.local/lib/python3.7/site-packages/airflow/example_dags/example_params_trigger_ui.py took 0.259 seconds
[2026-09-19T21:15:26.851+0000] {processor.py:156} INFO - Started process (PID=1700) to work on /home/airflow/.local/lib/python3.7/site-packages/airflow/example_dags/example_params_trigger_ui.py
[2026-09-19T21:15:26.854+0000] {processor.py:799} INFO - Processing file /home/airflow/.local/lib/python3.7/site-packages/airflow/example_dags/example_params_trigger_ui.py for tasks to queue
[2026-09-19T21:15:26.855+0000] {logging_mixin.py:149} INFO - [2026-09-19T21:15:26.855+0000] {dagbag.py:541} INFO - Filling up the DagBag from /home/airflow/.local/lib/python3.7/site-packages/airflow/example_dags/example_params_trigger_ui.py
[2026-09-19T21:15:26.902+0000] {processor.py:809} INFO - DAG(s) dict_keys(['example_params_trigger_ui']) retrieved from /home/airflow/.local/lib/python3.7/site-packages/airflow/example_dags/example_params_trigger_ui.py
[2026-09-19T21:15:27.045+0000] {logging_mixin.py:149} INFO - [2026-09-19T21:15:27.044+0000] {dag.py:2726} INFO - Sync 1 DAGs
[2026-09-19T21:15:27.092+0000] {logging_mixin.py:149} INFO - [2026-09-19T21:15:27.092+0000] {dag.py:3490} INFO - Setting next_dagrun for example_params_trigger_ui to None, run_after=None
[2026-09-19T21:15:27.128+0000] {processor.py:178} INFO - Processing /home/airflow/.local/lib/python3.7/site-packages/airflow/example_dags/example_params_trigger_ui.py took 0.284 seconds
[2026-09-19T21:15:57.468+0000] {processor.py:156} INFO - Started process (PID=1756) to work on /home/airflow/.local/lib/python3.7/site-packages/airflow/example_dags/example_params_trigger_ui.py
[2026-09-19T21:15:57.470+0000] {processor.py:799} INFO - Processing file /home/airflow/.local/lib/python3.7/site-packages/airflow/example_dags/example_params_trigger_ui.py for tasks to queue
[2026-09-19T21:15:57.471+0000] {logging_mixin.py:149} INFO - [2026-09-19T21:15:57.471+0000] {dagbag.py:541} INFO - Filling up the DagBag from /home/airflow/.local/lib/python3.7/site-packages/airflow/example_dags/example_params_trigger_ui.py
[2026-09-19T21:15:57.509+0000] {processor.py:809} INFO - DAG(s) dict_keys(['example_params_trigger_ui']) retrieved from /home/airflow/.local/lib/python3.7/site-packages/airflow/example_dags/example_params_trigger_ui.py
[2026-09-19T21:15:57.656+0000] {logging_mixin.py:149} INFO - [2026-09-19T21:15:57.656+0000] {dag.py:2726} INFO - Sync 1 DAGs
[2026-09-19T21:15:57.702+0000] {logging_mixin.py:149} INFO - [2026-09-19T21:15:57.702+0000] {dag.py:3490} INFO - Setting next_dagrun for example_params_trigger_ui to None, run_after=None
[2026-09-19T21:15:57.736+0000] {processor.py:178} INFO - Processing /home/airflow/.local/lib/python3.7/site-packages/airflow/example_dags/example_params_trigger_ui.py took 0.274 seconds
[2026-09-19T21:16:28.039+0000] {processor.py:156} INFO - Started process (PID=1812) to work on /home/airflow/.local/lib/python3.7/site-packages/airflow/example_dags/example_params_trigger_ui.py
[2026-09-19T21:16:28.041+0000] {processor.py:799} INFO - Processing file /home/airflow/.local/lib/python3.7/site-packages/airflow/example_dags/example_params_trigger_ui.py for tasks to queue
[2026-09-19T21:16:28.042+0000] {logging_mixin.py:149} INFO - [2026-09-19T21:16:28.042+0000] {dagbag.py:541} INFO - Filling up the DagBag from /home/airflow/.local/lib/python3.7/site-packages/airflow/example_dags/example_params_trigger_ui.py
[2026-09-19T21:16:28.081+0000] {processor.py:809} INFO - DAG(s) dict_keys(['example_params_trigger_ui']) retrieved from /home/airflow/.local/lib/python3.7/site-packages/airflow/example_dags/example_params_trigger_ui.py
[2026-09-19T21:16:28.233+0000] {logging_mixin.py:149} INFO - [2026-09-19T21:16:28.233+0000] {dag.py:2726} INFO - Sync 1 DAGs
[2026-09-19T21:16:28.284+0000] {logging_mixin.py:149} INFO - [2026-09-19T21:16:28.283+0000] {dag.py:3490} INFO - Setting next_dagrun for example_params_trigger_ui to None, run_after=None
[2026-09-19T21:16:28.324+0000] {processor.py:178} INFO - Processing /home/airflow/.local/lib/python3.7/site-packages/airflow/example_dags/example_params_trigger_ui.py took 0.292 seconds
[2026-09-19T21:16:58.619+0000] {processor.py:156} INFO - Started process (PID=1868) to work on /home/airflow/.local/lib/python3.7/site-packages/airflow/example_dags/example_params_trigger_ui.py
[2026-09-19T21:16:58.621+0000] {processor.py:799} INFO - Processing file /home/airflow/.local/lib/python3.7/site-packages/airflow/example_dags/example_params_trigger_ui.py for tasks to queue
[2026-09-19T21:16:58.622+0000] {logging_mixin.py:149} INFO - [2026-09-19T21:16:58.622+0000] {dagbag.py:541} INFO - Filling up the DagBag from /home/airflow/.local/lib/python3.7/site-packages/airflow/example_dags/example_params_trigger_ui.py
[2026-09-19T21:16:58.656+0000] {processor.py:809} INFO - DAG(s) dict_keys(['example_params_trigger_ui']) retrieved from /home/airflow/.local/lib/python3.7/site-packages/airflow/example_dags/example_params_trigger_ui.py
[2026-09-19T21:16:58.803+0000] {logging_mixin.py:149} INFO - [2026-09-19T21:16:58.803+0000] {dag.py:2726} INFO - Sync 1 DAGs
[2026-09-19T21:16:58.847+0000] {logging_mixin.py:149} INFO - [2026-09-19T21:16:58.846+0000] {dag.py:3490} INFO - Setting next_dagrun for example_params_trigger_ui to None, run_after=None
[2026-09-19T21:16:58.885+0000] {processor.py:178} INFO - Processing /home/airflow/.local/lib/python3.7/site-packages/airflow/example_dags/example_params_trigger_ui.py took 0.272 seconds
[2026-09-19T21:17:29.120+0000] {processor.py:156} INFO - Started process (PID=1923) to work on /home/airflow/.local/lib/python3.7/site-packages/airflow/example_dags/example_params_trigger_ui.py
[2026-09-19T21:17:29.122+0000] {processor.py:799} INFO - Processing file /home/airflow/.local/lib/python3.7/site-packages/airflow/example_dags/example_params_trigger_ui.py for tasks to queue
[2026-09-19T21:17:29.124+0000] {logging_mixin.py:149} INFO - [2026-09-19T21:17:29.123+0000] {dagbag.py:541} INFO - Filling up the DagBag from /home/airflow/.local/lib/python3.7/site-packages/airflow/example_dags/example_params_trigger_ui.py
[2026-09-19T21:17:29.165+0000] {processor.py:809} INFO - DAG(s) dict_keys(['example_params_trigger_ui']) retrieved from /home/airflow/.local/lib/python3.7/site-packages/airflow/example_dags/example_params_trigger_ui.py
[2026-09-19T21:17:29.316+0000] {logging_mixin.py:149} INFO - [2026-09-19T21:17:29.316+0000] {dag.py:2726} INFO - Sync 1 DAGs
[2026-09-19T21:17:29.364+0000] {logging_mixin.py:149} INFO - [2026-09-19T21:17:29.364+0000] {dag.py:3490} INFO - Setting next_dagrun for example_params_trigger_ui to None, run_after=None
[2026-09-19T21:17:29.394+0000] {processor.py:178} INFO - Processing /home/airflow/.local/lib/python3.7/site-packages/airflow/example_dags/example_params_trigger_ui.py took 0.282 seconds
[2026-09-19T21:17:59.707+0000] {processor.py:156} INFO - Started process (PID=1979) to work on /home/airflow/.local/lib/python3.7/site-packages/airflow/example_dags/example_params_trigger_ui.py
[2026-09-19T21:17:59.708+0000] {processor.py:799} INFO - Processing file /home/airflow/.local/lib/python3.7/site-packages/airflow/example_dags/example_params_trigger_ui.py for tasks to queue
[2026-09-19T21:17:59.710+0000] {logging_mixin.py:149} INFO - [2026-09-19T21:17:59.709+0000] {dagbag.py:541} INFO - Filling up the DagBag from /home/airflow/.local/lib/python3.7/site-packages/airflow/example_dags/example_params_trigger_ui.py
[2026-09-19T21:17:59.746+0000] {processor.py:809} INFO - DAG(s) dict_keys(['example_params_trigger_ui']) retrieved from /home/airflow/.local/lib/python3.7/site-packages/airflow/example_dags/example_params_trigger_ui.py
[2026-09-19T21:17:59.883+0000] {logging_mixin.py:149} INFO - [2026-09-19T21:17:59.883+0000] {dag.py:2726} INFO - Sync 1 DAGs
[2026-09-19T21:17:59.931+0000] {logging_mixin.py:149} INFO - [2026-09-19T21:17:59.930+0000] {dag.py:3490} INFO - Setting next_dagrun for example_params_trigger_ui to None, run_after=None
[2026-09-19T21:17:59.964+0000] {processor.py:178} INFO - Processing /home/airflow/.local/lib/python3.7/site-packages/airflow/example_dags/example_params_trigger_ui.py took 0.262 seconds
[2026-09-19T21:18:30.116+0000] {processor.py:156} INFO - Started process (PID=2034) to work on /home/airflow/.local/lib/python3.7/site-packages/airflow/example_dags/example_params_trigger_ui.py
[2026-09-19T21:18:30.119+0000] {processor.py:799} INFO - Processing file /home/airflow/.local/lib/python3.7/site-packages/airflow/example_dags/example_params_trigger_ui.py for tasks to queue
[2026-09-19T21:18:30.120+0000] {logging_mixin.py:149} INFO - [2026-09-19T21:18:30.120+0000] {dagbag.py:541} INFO - Filling up the DagBag from /home/airflow/.local/lib/python3.7/site-packages/airflow/example_dags/example_params_trigger_ui.py
[2026-09-19T21:18:30.158+0000] {processor.py:809} INFO - DAG(s) dict_keys(['example_params_trigger_ui']) retrieved from /home/airflow/.local/lib/python3.7/site-packages/airflow/example_dags/example_params_trigger_ui.py
[2026-09-19T21:18:30.297+0000] {logging_mixin.py:149} INFO - [2026-09-19T21:18:30.297+0000] {dag.py:2726} INFO - Sync 1 DAGs
[2026-09-19T21:18:30.343+0000] {logging_mixin.py:149} INFO - [2026-09-19T21:18:30.343+0000] {dag.py:3490} INFO - Setting next_dagrun for example_params_trigger_ui to None, run_after=None
[2026-09-19T21:18:30.385+0000] {processor.py:178} INFO - Processing /home/airflow/.local/lib/python3.7/site-packages/airflow/example_dags/example_params_trigger_ui.py took 0.274 seconds
[2026-09-19T21:19:00.534+0000] {processor.py:156} INFO - Started process (PID=2090) to work on /home/airflow/.local/lib/python3.7/site-packages/airflow/example_dags/example_params_trigger_ui.py
[2026-09-19T21:19:00.537+0000] {processor.py:799} INFO - Processing file /home/airflow/.local/lib/python3.7/site-packages/airflow/example_dags/example_params_trigger_ui.py for tasks to queue
[2026-09-19T21:19:00.538+0000] {logging_mixin.py:149} INFO - [2026-09-19T21:19:00.538+0000] {dagbag.py:541} INFO - Filling up the DagBag from /home/airflow/.local/lib/python3.7/site-packages/airflow/example_dags/example_params_trigger_ui.py
[2026-09-19T21:19:00.581+0000] {processor.py:809} INFO - DAG(s) dict_keys(['example_params_trigger_ui']) retrieved from /home/airflow/.local/lib/python3.7/site-packages/airflow/example_dags/example_params_trigger_ui.py
[2026-09-19T21:19:00.735+0000] {logging_mixin.py:149} INFO - [2026-09-19T21:19:00.735+0000] {dag.py:2726} INFO - Sync 1 DAGs
[2026-09-19T21:19:00.791+0000] {logging_mixin.py:149} INFO - [2026-09-19T21:19:00.791+0000] {dag.py:3490} INFO - Setting next_dagrun for example_params_trigger_ui to None, run_after=None
[2026-09-19T21:19:00.826+0000] {processor.py:178} INFO - Processing /home/airflow/.local/lib/python3.7/site-packages/airflow/example_dags/example_params_trigger_ui.py took 0.299 seconds
[2026-09-19T21:19:30.911+0000] {processor.py:156} INFO - Started process (PID=2146) to work on /home/airflow/.local/lib/python3.7/site-packages/airflow/example_dags/example_params_trigger_ui.py
[2026-09-19T21:19:30.914+0000] {processor.py:799} INFO - Processing file /home/airflow/.local/lib/python3.7/site-packages/airflow/example_dags/example_params_trigger_ui.py for tasks to queue
[2026-09-19T21:19:30.915+0000] {logging_mixin.py:149} INFO - [2026-09-19T21:19:30.915+0000] {dagbag.py:541} INFO - Filling up the DagBag from /home/airflow/.local/lib/python3.7/site-packages/airflow/example_dags/example_params_trigger_ui.py
[2026-09-19T21:19:30.977+0000] {processor.py:809} INFO - DAG(s) dict_keys(['example_params_trigger_ui']) retrieved from /home/airflow/.local/lib/python3.7/site-packages/airflow/example_dags/example_params_trigger_ui.py
[2026-09-19T21:19:31.125+0000] {logging_mixin.py:149} INFO - [2026-09-19T21:19:31.124+0000] {dag.py:2726} INFO - Sync 1 DAGs
[2026-09-19T21:19:31.171+0000] {logging_mixin.py:149} INFO - [2026-09-19T21:19:31.170+0000] {dag.py:3490} INFO - Setting next_dagrun for example_params_trigger_ui to None, run_after=None
[2026-09-19T21:19:31.201+0000] {processor.py:178} INFO - Processing /home/airflow/.local/lib/python3.7/site-packages/airflow/example_dags/example_params_trigger_ui.py took 0.298 seconds
[2026-09-19T21:20:01.246+0000] {processor.py:156} INFO - Started process (PID=2202) to work on /home/airflow/.local/lib/python3.7/site-packages/airflow/example_dags/example_params_trigger_ui.py
[2026-09-19T21:20:01.248+0000] {processor.py:799} INFO - Processing file /home/airflow/.local/lib/python3.7/site-packages/airflow/example_dags/example_params_trigger_ui.py for tasks to queue
[2026-09-19T21:20:01.250+0000] {logging_mixin.py:149} INFO - [2026-09-19T21:20:01.249+0000] {dagbag.py:541} INFO - Filling up the DagBag from /home/airflow/.local/lib/python3.7/site-packages/airflow/example_dags/example_params_trigger_ui.py
[2026-09-19T21:20:01.292+0000] {processor.py:809} INFO - DAG(s) dict_keys(['example_params_trigger_ui']) retrieved from /home/airflow/.local/lib/python3.7/site-packages/airflow/example_dags/example_params_trigger_ui.py
[2026-09-19T21:20:01.450+0000] {logging_mixin.py:149} INFO - [2026-09-19T21:20:01.450+0000] {dag.py:2726} INFO - Sync 1 DAGs
[2026-09-19T21:20:01.498+0000] {logging_mixin.py:149} INFO - [2026-09-19T21:20:01.497+0000] {dag.py:3490} INFO - Setting next_dagrun for example_params_trigger_ui to None, run_after=None
[2026-09-19T21:20:01.535+0000] {processor.py:178} INFO - Processing /home/airflow/.local/lib/python3.7/site-packages/airflow/example_dags/example_params_trigger_ui.py took 0.298 seconds
[2026-09-19T21:20:31.642+0000] {processor.py:156} INFO - Started process (PID=2258) to work on /home/airflow/.local/lib/python3.7/site-packages/airflow/example_dags/example_params_trigger_ui.py
[2026-09-19T21:20:31.644+0000] {processor.py:799} INFO - Processing file /home/airflow/.local/lib/python3.7/site-packages/airflow/example_dags/example_params_trigger_ui.py for tasks to queue
[2026-09-19T21:20:31.646+0000] {logging_mixin.py:149} INFO - [2026-09-19T21:20:31.645+0000] {dagbag.py:541} INFO - Filling up the DagBag from /home/airflow/.local/lib/python3.7/site-packages/airflow/example_dags/example_params_trigger_ui.py
[2026-09-19T21:20:31.681+0000] {processor.py:809} INFO - DAG(s) dict_keys(['example_params_trigger_ui']) retrieved from /home/airflow/.local/lib/python3.7/site-packages/airflow/example_dags/example_params_trigger_ui.py
[2026-09-19T21:20:31.829+0000] {logging_mixin.py:149} INFO - [2026-09-19T21:20:31.828+0000] {dag.py:2726} INFO - Sync 1 DAGs
[2026-09-19T21:20:31.873+0000] {logging_mixin.py:149} INFO - [2026-09-19T21:20:31.872+0000] {dag.py:3490} INFO - Setting next_dagrun for example_params_trigger_ui to None, run_after=None
[2026-09-19T21:20:31.906+0000] {processor.py:178} INFO - Processing /home/airflow/.local/lib/python3.7/site-packages/airflow/example_dags/example_params_trigger_ui.py took 0.270 seconds
[2026-09-19T21:21:02.066+0000] {processor.py:156} INFO - Started process (PID=2314) to work on /home/airflow/.local/lib/python3.7/site-packages/airflow/example_dags/example_params_trigger_ui.py
[2026-09-19T21:21:02.070+0000] {processor.py:799} INFO - Processing file /home/airflow/.local/lib/python3.7/site-packages/airflow/example_dags/example_params_trigger_ui.py for tasks to queue
[2026-09-19T21:21:02.071+0000] {logging_mixin.py:149} INFO - [2026-09-19T21:21:02.071+0000] {dagbag.py:541} INFO - Filling up the DagBag from /home/airflow/.local/lib/python3.7/site-packages/airflow/example_dags/example_params_trigger_ui.py
[2026-09-19T21:21:02.116+0000] {processor.py:809} INFO - DAG(s) dict_keys(['example_params_trigger_ui']) retrieved from /home/airflow/.local/lib/python3.7/site-packages/airflow/example_dags/example_params_trigger_ui.py
[2026-09-19T21:21:02.262+0000] {logging_mixin.py:149} INFO - [2026-09-19T21:21:02.262+0000] {dag.py:2726} INFO - Sync 1 DAGs
[2026-09-19T21:21:02.309+0000] {logging_mixin.py:149} INFO - [2026-09-19T21:21:02.309+0000] {dag.py:3490} INFO - Setting next_dagrun for example_params_trigger_ui to None, run_after=None
[2026-09-19T21:21:02.338+0000] {processor.py:178} INFO - Processing /home/airflow/.local/lib/python3.7/site-packages/airflow/example_dags/example_params_trigger_ui.py took 0.281 seconds
[2026-09-19T21:21:32.514+0000] {processor.py:156} INFO - Started process (PID=2370) to work on /home/airflow/.local/lib/python3.7/site-packages/airflow/example_dags/example_params_trigger_ui.py
[2026-09-19T21:21:32.517+0000] {processor.py:799} INFO - Processing file /home/airflow/.local/lib/python3.7/site-packages/airflow/example_dags/example_params_trigger_ui.py for tasks to queue
[2026-09-19T21:21:32.519+0000] {logging_mixin.py:149} INFO - [2026-09-19T21:21:32.518+0000] {dagbag.py:541} INFO - Filling up the DagBag from /home/airflow/.local/lib/python3.7/site-packages/airflow/example_dags/example_params_trigger_ui.py
[2026-09-19T21:21:32.571+0000] {processor.py:809} INFO - DAG(s) dict_keys(['example_params_trigger_ui']) retrieved from /home/airflow/.local/lib/python3.7/site-packages/airflow/example_dags/example_params_trigger_ui.py
[2026-09-19T21:21:32.716+0000] {logging_mixin.py:149} INFO - [2026-09-19T21:21:32.716+0000] {dag.py:2726} INFO - Sync 1 DAGs
[2026-09-19T21:21:32.764+0000] {logging_mixin.py:149} INFO - [2026-09-19T21:21:32.763+0000] {dag.py:3490} INFO - Setting next_dagrun for example_params_trigger_ui to None, run_after=None
[2026-09-19T21:21:32.792+0000] {processor.py:178} INFO - Processing /home/airflow/.local/lib/python3.7/site-packages/airflow/example_dags/example_params_trigger_ui.py took 0.285 seconds
[2026-09-19T21:22:03.008+0000] {processor.py:156} INFO - Started process (PID=2427) to work on /home/airflow/.local/lib/python3.7/site-packages/airflow/example_dags/example_params_trigger_ui.py
[2026-09-19T21:22:03.010+0000] {processor.py:799} INFO - Processing file /home/airflow/.local/lib/python3.7/site-packages/airflow/example_dags/example_params_trigger_ui.py for tasks to queue
[2026-09-19T21:22:03.011+0000] {logging_mixin.py:149} INFO - [2026-09-19T21:22:03.010+0000] {dagbag.py:541} INFO - Filling up the DagBag from /home/airflow/.local/lib/python3.7/site-packages/airflow/example_dags/example_params_trigger_ui.py
[2026-09-19T21:22:03.051+0000] {processor.py:809} INFO - DAG(s) dict_keys(['example_params_trigger_ui']) retrieved from /home/airflow/.local/lib/python3.7/site-packages/airflow/example_dags/example_params_trigger_ui.py
[2026-09-19T21:22:03.189+0000] {logging_mixin.py:149} INFO - [2026-09-19T21:22:03.189+0000] {dag.py:2726} INFO - Sync 1 DAGs
[2026-09-19T21:22:03.233+0000] {logging_mixin.py:149} INFO - [2026-09-19T21:22:03.232+0000] {dag.py:3490} INFO - Setting next_dagrun for example_params_trigger_ui to None, run_after=None
[2026-09-19T21:22:03.270+0000] {processor.py:178} INFO - Processing /home/airflow/.local/lib/python3.7/site-packages/airflow/example_dags/example_params_trigger_ui.py took 0.272 seconds
[2026-09-19T21:22:33.321+0000] {processor.py:156} INFO - Started process (PID=2483) to work on /home/airflow/.local/lib/python3.7/site-packages/airflow/example_dags/example_params_trigger_ui.py
[2026-09-19T21:22:33.324+0000] {processor.py:799} INFO - Processing file /home/airflow/.local/lib/python3.7/site-packages/airflow/example_dags/example_params_trigger_ui.py for tasks to queue
[2026-09-19T21:22:33.325+0000] {logging_mixin.py:149} INFO - [2026-09-19T21:22:33.324+0000] {dagbag.py:541} INFO - Filling up the DagBag from /home/airflow/.local/lib/python3.7/site-packages/airflow/example_dags/example_params_trigger_ui.py
[2026-09-19T21:22:33.364+0000] {processor.py:809} INFO - DAG(s) dict_keys(['example_params_trigger_ui']) retrieved from /home/airflow/.local/lib/python3.7/site-packages/airflow/example_dags/example_params_trigger_ui.py
[2026-09-19T21:22:33.521+0000] {logging_mixin.py:149} INFO - [2026-09-19T21:22:33.521+0000] {dag.py:2726} INFO - Sync 1 DAGs
[2026-09-19T21:22:33.575+0000] {logging_mixin.py:149} INFO - [2026-09-19T21:22:33.574+0000] {dag.py:3490} INFO - Setting next_dagrun for example_params_trigger_ui to None, run_after=None
[2026-09-19T21:22:33.607+0000] {processor.py:178} INFO - Processing /home/airflow/.local/lib/python3.7/site-packages/airflow/example_dags/example_params_trigger_ui.py took 0.293 seconds
[2026-09-19T21:23:04.399+0000] {processor.py:156} INFO - Started process (PID=2539) to work on /home/airflow/.local/lib/python3.7/site-packages/airflow/example_dags/example_params_trigger_ui.py
[2026-09-19T21:23:04.401+0000] {processor.py:799} INFO - Processing file /home/airflow/.local/lib/python3.7/site-packages/airflow/example_dags/example_params_trigger_ui.py for tasks to queue
[2026-09-19T21:23:04.402+0000] {logging_mixin.py:149} INFO - [2026-09-19T21:23:04.402+0000] {dagbag.py:541} INFO - Filling up the DagBag from /home/airflow/.local/lib/python3.7/site-packages/airflow/example_dags/example_params_trigger_ui.py
[2026-09-19T21:23:04.446+0000] {processor.py:809} INFO - DAG(s) dict_keys(['example_params_trigger_ui']) retrieved from /home/airflow/.local/lib/python3.7/site-packages/airflow/example_dags/example_params_trigger_ui.py
[2026-09-19T21:23:04.591+0000] {logging_mixin.py:149} INFO - [2026-09-19T21:23:04.590+0000] {dag.py:2726} INFO - Sync 1 DAGs
[2026-09-19T21:23:04.638+0000] {logging_mixin.py:149} INFO - [2026-09-19T21:23:04.638+0000] {dag.py:3490} INFO - Setting next_dagrun for example_params_trigger_ui to None, run_after=None
[2026-09-19T21:23:04.676+0000] {processor.py:178} INFO - Processing /home/airflow/.local/lib/python3.7/site-packages/airflow/example_dags/example_params_trigger_ui.py took 0.284 seconds
[2026-09-19T21:23:34.883+0000] {processor.py:156} INFO - Started process (PID=2595) to work on /home/airflow/.local/lib/python3.7/site-packages/airflow/example_dags/example_params_trigger_ui.py
[2026-09-19T21:23:34.913+0000] {processor.py:799} INFO - Processing file /home/airflow/.local/lib/python3.7/site-packages/airflow/example_dags/example_params_trigger_ui.py for tasks to queue
[2026-09-19T21:23:34.915+0000] {logging_mixin.py:149} INFO - [2026-09-19T21:23:34.914+0000] {dagbag.py:541} INFO - Filling up the DagBag from /home/airflow/.local/lib/python3.7/site-packages/airflow/example_dags/example_params_trigger_ui.py
[2026-09-19T21:23:34.964+0000] {processor.py:809} INFO - DAG(s) dict_keys(['example_params_trigger_ui']) retrieved from /home/airflow/.local/lib/python3.7/site-packages/airflow/example_dags/example_params_trigger_ui.py
[2026-09-19T21:23:35.106+0000] {logging_mixin.py:149} INFO - [2026-09-19T21:23:35.106+0000] {dag.py:2726} INFO - Sync 1 DAGs
[2026-09-19T21:23:35.151+0000] {logging_mixin.py:149} INFO - [2026-09-19T21:23:35.151+0000] {dag.py:3490} INFO - Setting next_dagrun for example_params_trigger_ui to None, run_after=None
[2026-09-19T21:23:35.183+0000] {processor.py:178} INFO - Processing /home/airflow/.local/lib/python3.7/site-packages/airflow/example_dags/example_params_trigger_ui.py took 0.306 seconds
[2026-09-19T21:24:05.918+0000] {processor.py:156} INFO - Started process (PID=2652) to work on /home/airflow/.local/lib/python3.7/site-packages/airflow/example_dags/example_params_trigger_ui.py
[2026-09-19T21:24:05.919+0000] {processor.py:799} INFO - Processing file /home/airflow/.local/lib/python3.7/site-packages/airflow/example_dags/example_params_trigger_ui.py for tasks to queue
[2026-09-19T21:24:05.921+0000] {logging_mixin.py:149} INFO - [2026-09-19T21:24:05.921+0000] {dagbag.py:541} INFO - Filling up the DagBag from /home/airflow/.local/lib/python3.7/site-packages/airflow/example_dags/example_params_trigger_ui.py
[2026-09-19T21:24:05.985+0000] {processor.py:809} INFO - DAG(s) dict_keys(['example_params_trigger_ui']) retrieved from /home/airflow/.local/lib/python3.7/site-packages/airflow/example_dags/example_params_trigger_ui.py
[2026-09-19T21:24:06.213+0000] {logging_mixin.py:149} INFO - [2026-09-19T21:24:06.213+0000] {dag.py:2726} INFO - Sync 1 DAGs
[2026-09-19T21:24:06.271+0000] {logging_mixin.py:149} INFO - [2026-09-19T21:24:06.271+0000] {dag.py:3490} INFO - Setting next_dagrun for example_params_trigger_ui to None, run_after=None
[2026-09-19T21:24:06.323+0000] {processor.py:178} INFO - Processing /home/airflow/.local/lib/python3.7/site-packages/airflow/example_dags/example_params_trigger_ui.py took 0.414 seconds
[2026-09-19T21:24:36.515+0000] {processor.py:156} INFO - Started process (PID=2707) to work on /home/airflow/.local/lib/python3.7/site-packages/airflow/example_dags/example_params_trigger_ui.py
[2026-09-19T21:24:36.519+0000] {processor.py:799} INFO - Processing file /home/airflow/.local/lib/python3.7/site-packages/airflow/example_dags/example_params_trigger_ui.py for tasks to queue
[2026-09-19T21:24:36.520+0000] {logging_mixin.py:149} INFO - [2026-09-19T21:24:36.520+0000] {dagbag.py:541} INFO - Filling up the DagBag from /home/airflow/.local/lib/python3.7/site-packages/airflow/example_dags/example_params_trigger_ui.py
[2026-09-19T21:24:36.558+0000] {processor.py:809} INFO - DAG(s) dict_keys(['example_params_trigger_ui']) retrieved from /home/airflow/.local/lib/python3.7/site-packages/airflow/example_dags/example_params_trigger_ui.py
[2026-09-19T21:24:36.702+0000] {logging_mixin.py:149} INFO - [2026-09-19T21:24:36.702+0000] {dag.py:2726} INFO - Sync 1 DAGs
[2026-09-19T21:24:36.746+0000] {logging_mixin.py:149} INFO - [2026-09-19T21:24:36.746+0000] {dag.py:3490} INFO - Setting next_dagrun for example_params_trigger_ui to None, run_after=None
[2026-09-19T21:24:36.779+0000] {processor.py:178} INFO - Processing /home/airflow/.local/lib/python3.7/site-packages/airflow/example_dags/example_params_trigger_ui.py took 0.270 seconds
[2026-09-19T21:25:07.238+0000] {processor.py:156} INFO - Started process (PID=2763) to work on /home/airflow/.local/lib/python3.7/site-packages/airflow/example_dags/example_params_trigger_ui.py
[2026-09-19T21:25:07.240+0000] {processor.py:799} INFO - Processing file /home/airflow/.local/lib/python3.7/site-packages/airflow/example_dags/example_params_trigger_ui.py for tasks to queue
[2026-09-19T21:25:07.241+0000] {logging_mixin.py:149} INFO - [2026-09-19T21:25:07.241+0000] {dagbag.py:541} INFO - Filling up the DagBag from /home/airflow/.local/lib/python3.7/site-packages/airflow/example_dags/example_params_trigger_ui.py
[2026-09-19T21:25:07.284+0000] {processor.py:809} INFO - DAG(s) dict_keys(['example_params_trigger_ui']) retrieved from /home/airflow/.local/lib/python3.7/site-packages/airflow/example_dags/example_params_trigger_ui.py
[2026-09-19T21:25:07.432+0000] {logging_mixin.py:149} INFO - [2026-09-19T21:25:07.431+0000] {dag.py:2726} INFO - Sync 1 DAGs
[2026-09-19T21:25:07.472+0000] {logging_mixin.py:149} INFO - [2026-09-19T21:25:07.472+0000] {dag.py:3490} INFO - Setting next_dagrun for example_params_trigger_ui to None, run_after=None
[2026-09-19T21:25:07.500+0000] {processor.py:178} INFO - Processing /home/airflow/.local/lib/python3.7/site-packages/airflow/example_dags/example_params_trigger_ui.py took 0.269 seconds
[2026-09-19T21:25:37.787+0000] {processor.py:156} INFO - Started process (PID=2819) to work on /home/airflow/.local/lib/python3.7/site-packages/airflow/example_dags/example_params_trigger_ui.py
[2026-09-19T21:25:37.790+0000] {processor.py:799} INFO - Processing file /home/airflow/.local/lib/python3.7/site-packages/airflow/example_dags/example_params_trigger_ui.py for tasks to queue
[2026-09-19T21:25:37.791+0000] {logging_mixin.py:149} INFO - [2026-09-19T21:25:37.791+0000] {dagbag.py:541} INFO - Filling up the DagBag from /home/airflow/.local/lib/python3.7/site-packages/airflow/example_dags/example_params_trigger_ui.py
[2026-09-19T21:25:37.832+0000] {processor.py:809} INFO - DAG(s) dict_keys(['example_params_trigger_ui']) retrieved from /home/airflow/.local/lib/python3.7/site-packages/airflow/example_dags/example_params_trigger_ui.py
[2026-09-19T21:25:37.991+0000] {logging_mixin.py:149} INFO - [2026-09-19T21:25:37.990+0000] {dag.py:2726} INFO - Sync 1 DAGs
[2026-09-19T21:25:38.046+0000] {logging_mixin.py:149} INFO - [2026-09-19T21:25:38.045+0000] {dag.py:3490} INFO - Setting next_dagrun for example_params_trigger_ui to None, run_after=None
[2026-09-19T21:25:38.086+0000] {processor.py:178} INFO - Processing /home/airflow/.local/lib/python3.7/site-packages/airflow/example_dags/example_params_trigger_ui.py took 0.304 seconds
[2026-09-19T21:26:08.144+0000] {processor.py:156} INFO - Started process (PID=2875) to work on /home/airflow/.local/lib/python3.7/site-packages/airflow/example_dags/example_params_trigger_ui.py
[2026-09-19T21:26:08.146+0000] {processor.py:799} INFO - Processing file /home/airflow/.local/lib/python3.7/site-packages/airflow/example_dags/example_params_trigger_ui.py for tasks to queue
[2026-09-19T21:26:08.147+0000] {logging_mixin.py:149} INFO - [2026-09-19T21:26:08.147+0000] {dagbag.py:541} INFO - Filling up the DagBag from /home/airflow/.local/lib/python3.7/site-packages/airflow/example_dags/example_params_trigger_ui.py
[2026-09-19T21:26:08.187+0000] {processor.py:809} INFO - DAG(s) dict_keys(['example_params_trigger_ui']) retrieved from /home/airflow/.local/lib/python3.7/site-packages/airflow/example_dags/example_params_trigger_ui.py
[2026-09-19T21:26:08.339+0000] {logging_mixin.py:149} INFO - [2026-09-19T21:26:08.339+0000] {dag.py:2726} INFO - Sync 1 DAGs
[2026-09-19T21:26:08.382+0000] {logging_mixin.py:149} INFO - [2026-09-19T21:26:08.382+0000] {dag.py:3490} INFO - Setting next_dagrun for example_params_trigger_ui to None, run_after=None
[2026-09-19T21:26:08.415+0000] {processor.py:178} INFO - Processing /home/airflow/.local/lib/python3.7/site-packages/airflow/example_dags/example_params_trigger_ui.py took 0.279 seconds
[2026-09-19T21:26:38.674+0000] {processor.py:156} INFO - Started process (PID=2931) to work on /home/airflow/.local/lib/python3.7/site-packages/airflow/example_dags/example_params_trigger_ui.py
[2026-09-19T21:26:38.677+0000] {processor.py:799} INFO - Processing file /home/airflow/.local/lib/python3.7/site-packages/airflow/example_dags/example_params_trigger_ui.py for tasks to queue
[2026-09-19T21:26:38.679+0000] {logging_mixin.py:149} INFO - [2026-09-19T21:26:38.678+0000] {dagbag.py:541} INFO - Filling up the DagBag from /home/airflow/.local/lib/python3.7/site-packages/airflow/example_dags/example_params_trigger_ui.py
[2026-09-19T21:26:38.716+0000] {processor.py:809} INFO - DAG(s) dict_keys(['example_params_trigger_ui']) retrieved from /home/airflow/.local/lib/python3.7/site-packages/airflow/example_dags/example_params_trigger_ui.py
[2026-09-19T21:26:38.856+0000] {logging_mixin.py:149} INFO - [2026-09-19T21:26:38.856+0000] {dag.py:2726} INFO - Sync 1 DAGs
[2026-09-19T21:26:38.905+0000] {logging_mixin.py:149} INFO - [2026-09-19T21:26:38.905+0000] {dag.py:3490} INFO - Setting next_dagrun for example_params_trigger_ui to None, run_after=None
[2026-09-19T21:26:38.935+0000] {processor.py:178} INFO - Processing /home/airflow/.local/lib/python3.7/site-packages/airflow/example_dags/example_params_trigger_ui.py took 0.271 seconds
[2026-09-19T21:27:09.727+0000] {processor.py:156} INFO - Started process (PID=2987) to work on /home/airflow/.local/lib/python3.7/site-packages/airflow/example_dags/example_params_trigger_ui.py
[2026-09-19T21:27:09.728+0000] {processor.py:799} INFO - Processing file /home/airflow/.local/lib/python3.7/site-packages/airflow/example_dags/example_params_trigger_ui.py for tasks to queue
[2026-09-19T21:27:09.729+0000] {logging_mixin.py:149} INFO - [2026-09-19T21:27:09.729+0000] {dagbag.py:541} INFO - Filling up the DagBag from /home/airflow/.local/lib/python3.7/site-packages/airflow/example_dags/example_params_trigger_ui.py
[2026-09-19T21:27:09.773+0000] {processor.py:809} INFO - DAG(s) dict_keys(['example_params_trigger_ui']) retrieved from /home/airflow/.local/lib/python3.7/site-packages/airflow/example_dags/example_params_trigger_ui.py
[2026-09-19T21:27:09.917+0000] {logging_mixin.py:149} INFO - [2026-09-19T21:27:09.916+0000] {dag.py:2726} INFO - Sync 1 DAGs
[2026-09-19T21:27:09.962+0000] {logging_mixin.py:149} INFO - [2026-09-19T21:27:09.962+0000] {dag.py:3490} INFO - Setting next_dagrun for example_params_trigger_ui to None, run_after=None
[2026-09-19T21:27:10.015+0000] {processor.py:178} INFO - Processing /home/airflow/.local/lib/python3.7/site-packages/airflow/example_dags/example_params_trigger_ui.py took 0.295 seconds
[2026-09-19T21:27:40.329+0000] {processor.py:156} INFO - Started process (PID=3043) to work on /home/airflow/.local/lib/python3.7/site-packages/airflow/example_dags/example_params_trigger_ui.py
[2026-09-19T21:27:40.331+0000] {processor.py:799} INFO - Processing file /home/airflow/.local/lib/python3.7/site-packages/airflow/example_dags/example_params_trigger_ui.py for tasks to queue
[2026-09-19T21:27:40.333+0000] {logging_mixin.py:149} INFO - [2026-09-19T21:27:40.333+0000] {dagbag.py:541} INFO - Filling up the DagBag from /home/airflow/.local/lib/python3.7/site-packages/airflow/example_dags/example_params_trigger_ui.py
[2026-09-19T21:27:40.373+0000] {processor.py:809} INFO - DAG(s) dict_keys(['example_params_trigger_ui']) retrieved from /home/airflow/.local/lib/python3.7/site-packages/airflow/example_dags/example_params_trigger_ui.py
[2026-09-19T21:27:40.523+0000] {logging_mixin.py:149} INFO - [2026-09-19T21:27:40.523+0000] {dag.py:2726} INFO - Sync 1 DAGs
[2026-09-19T21:27:40.567+0000] {logging_mixin.py:149} INFO - [2026-09-19T21:27:40.567+0000] {dag.py:3490} INFO - Setting next_dagrun for example_params_trigger_ui to None, run_after=None
[2026-09-19T21:27:40.604+0000] {processor.py:178} INFO - Processing /home/airflow/.local/lib/python3.7/site-packages/airflow/example_dags/example_params_trigger_ui.py took 0.281 seconds
[2026-09-19T21:28:11.305+0000] {processor.py:156} INFO - Started process (PID=3099) to work on /home/airflow/.local/lib/python3.7/site-packages/airflow/example_dags/example_params_trigger_ui.py
[2026-09-19T21:28:11.307+0000] {processor.py:799} INFO - Processing file /home/airflow/.local/lib/python3.7/site-packages/airflow/example_dags/example_params_trigger_ui.py for tasks to queue
[2026-09-19T21:28:11.308+0000] {logging_mixin.py:149} INFO - [2026-09-19T21:28:11.308+0000] {dagbag.py:541} INFO - Filling up the DagBag from /home/airflow/.local/lib/python3.7/site-packages/airflow/example_dags/example_params_trigger_ui.py
[2026-09-19T21:28:11.350+0000] {processor.py:809} INFO - DAG(s) dict_keys(['example_params_trigger_ui']) retrieved from /home/airflow/.local/lib/python3.7/site-packages/airflow/example_dags/example_params_trigger_ui.py
[2026-09-19T21:28:11.492+0000] {logging_mixin.py:149} INFO - [2026-09-19T21:28:11.492+0000] {dag.py:2726} INFO - Sync 1 DAGs
[2026-09-19T21:28:11.540+0000] {logging_mixin.py:149} INFO - [2026-09-19T21:28:11.540+0000] {dag.py:3490} INFO - Setting next_dagrun for example_params_trigger_ui to None, run_after=None
[2026-09-19T21:28:11.575+0000] {processor.py:178} INFO - Processing /home/airflow/.local/lib/python3.7/site-packages/airflow/example_dags/example_params_trigger_ui.py took 0.276 seconds
[2026-09-19T21:28:41.993+0000] {processor.py:156} INFO - Started process (PID=3155) to work on /home/airflow/.local/lib/python3.7/site-packages/airflow/example_dags/example_params_trigger_ui.py
[2026-09-19T21:28:41.995+0000] {processor.py:799} INFO - Processing file /home/airflow/.local/lib/python3.7/site-packages/airflow/example_dags/example_params_trigger_ui.py for tasks to queue
[2026-09-19T21:28:41.996+0000] {logging_mixin.py:149} INFO - [2026-09-19T21:28:41.996+0000] {dagbag.py:541} INFO - Filling up the DagBag from /home/airflow/.local/lib/python3.7/site-packages/airflow/example_dags/example_params_trigger_ui.py
[2026-09-19T21:28:42.031+0000] {processor.py:809} INFO - DAG(s) dict_keys(['example_params_trigger_ui']) retrieved from /home/airflow/.local/lib/python3.7/site-packages/airflow/example_dags/example_params_trigger_ui.py
[2026-09-19T21:28:42.181+0000] {logging_mixin.py:149} INFO - [2026-09-19T21:28:42.181+0000] {dag.py:2726} INFO - Sync 1 DAGs
[2026-09-19T21:28:42.229+0000] {logging_mixin.py:149} INFO - [2026-09-19T21:28:42.228+0000] {dag.py:3490} INFO - Setting next_dagrun for example_params_trigger_ui to None, run_after=None
[2026-09-19T21:28:42.266+0000] {processor.py:178} INFO - Processing /home/airflow/.local/lib/python3.7/site-packages/airflow/example_dags/example_params_trigger_ui.py took 0.279 seconds
[2026-09-19T21:29:12.614+0000] {processor.py:156} INFO - Started process (PID=3212) to work on /home/airflow/.local/lib/python3.7/site-packages/airflow/example_dags/example_params_trigger_ui.py
[2026-09-19T21:29:12.616+0000] {processor.py:799} INFO - Processing file /home/airflow/.local/lib/python3.7/site-packages/airflow/example_dags/example_params_trigger_ui.py for tasks to queue
[2026-09-19T21:29:12.617+0000] {logging_mixin.py:149} INFO - [2026-09-19T21:29:12.617+0000] {dagbag.py:541} INFO - Filling up the DagBag from /home/airflow/.local/lib/python3.7/site-packages/airflow/example_dags/example_params_trigger_ui.py
[2026-09-19T21:29:12.661+0000] {processor.py:809} INFO - DAG(s) dict_keys(['example_params_trigger_ui']) retrieved from /home/airflow/.local/lib/python3.7/site-packages/airflow/example_dags/example_params_trigger_ui.py
[2026-09-19T21:29:12.823+0000] {logging_mixin.py:149} INFO - [2026-09-19T21:29:12.823+0000] {dag.py:2726} INFO - Sync 1 DAGs
[2026-09-19T21:29:12.868+0000] {logging_mixin.py:149} INFO - [2026-09-19T21:29:12.868+0000] {dag.py:3490} INFO - Setting next_dagrun for example_params_trigger_ui to None, run_after=None
[2026-09-19T21:29:12.906+0000] {processor.py:178} INFO - Processing /home/airflow/.local/lib/python3.7/site-packages/airflow/example_dags/example_params_trigger_ui.py took 0.298 seconds
[2026-09-19T21:29:43.347+0000] {processor.py:156} INFO - Started process (PID=3268) to work on /home/airflow/.local/lib/python3.7/site-packages/airflow/example_dags/example_params_trigger_ui.py
[2026-09-19T21:29:43.350+0000] {processor.py:799} INFO - Processing file /home/airflow/.local/lib/python3.7/site-packages/airflow/example_dags/example_params_trigger_ui.py for tasks to queue
[2026-09-19T21:29:43.352+0000] {logging_mixin.py:149} INFO - [2026-09-19T21:29:43.351+0000] {dagbag.py:541} INFO - Filling up the DagBag from /home/airflow/.local/lib/python3.7/site-packages/airflow/example_dags/example_params_trigger_ui.py
[2026-09-19T21:29:43.451+0000] {processor.py:809} INFO - DAG(s) dict_keys(['example_params_trigger_ui']) retrieved from /home/airflow/.local/lib/python3.7/site-packages/airflow/example_dags/example_params_trigger_ui.py
[2026-09-19T21:29:43.593+0000] {logging_mixin.py:149} INFO - [2026-09-19T21:29:43.593+0000] {dag.py:2726} INFO - Sync 1 DAGs
[2026-09-19T21:29:43.636+0000] {logging_mixin.py:149} INFO - [2026-09-19T21:29:43.636+0000] {dag.py:3490} INFO - Setting next_dagrun for example_params_trigger_ui to None, run_after=None
[2026-09-19T21:29:43.665+0000] {processor.py:178} INFO - Processing /home/airflow/.local/lib/python3.7/site-packages/airflow/example_dags/example_params_trigger_ui.py took 0.330 seconds
[2026-09-19T21:30:13.964+0000] {processor.py:156} INFO - Started process (PID=3325) to work on /home/airflow/.local/lib/python3.7/site-packages/airflow/example_dags/example_params_trigger_ui.py
[2026-09-19T21:30:13.965+0000] {processor.py:799} INFO - Processing file /home/airflow/.local/lib/python3.7/site-packages/airflow/example_dags/example_params_trigger_ui.py for tasks to queue
[2026-09-19T21:30:13.966+0000] {logging_mixin.py:149} INFO - [2026-09-19T21:30:13.966+0000] {dagbag.py:541} INFO - Filling up the DagBag from /home/airflow/.local/lib/python3.7/site-packages/airflow/example_dags/example_params_trigger_ui.py
[2026-09-19T21:30:14.002+0000] {processor.py:809} INFO - DAG(s) dict_keys(['example_params_trigger_ui']) retrieved from /home/airflow/.local/lib/python3.7/site-packages/airflow/example_dags/example_params_trigger_ui.py
[2026-09-19T21:30:14.151+0000] {logging_mixin.py:149} INFO - [2026-09-19T21:30:14.151+0000] {dag.py:2726} INFO - Sync 1 DAGs
[2026-09-19T21:30:14.196+0000] {logging_mixin.py:149} INFO - [2026-09-19T21:30:14.196+0000] {dag.py:3490} INFO - Setting next_dagrun for example_params_trigger_ui to None, run_after=None
[2026-09-19T21:30:14.227+0000] {processor.py:178} INFO - Processing /home/airflow/.local/lib/python3.7/site-packages/airflow/example_dags/example_params_trigger_ui.py took 0.269 seconds
[2026-09-19T21:30:44.276+0000] {processor.py:156} INFO - Started process (PID=3381) to work on /home/airflow/.local/lib/python3.7/site-packages/airflow/example_dags/example_params_trigger_ui.py
[2026-09-19T21:30:44.279+0000] {processor.py:799} INFO - Processing file /home/airflow/.local/lib/python3.7/site-packages/airflow/example_dags/example_params_trigger_ui.py for tasks to queue
[2026-09-19T21:30:44.280+0000] {logging_mixin.py:149} INFO - [2026-09-19T21:30:44.280+0000] {dagbag.py:541} INFO - Filling up the DagBag from /home/airflow/.local/lib/python3.7/site-packages/airflow/example_dags/example_params_trigger_ui.py
[2026-09-19T21:30:44.320+0000] {processor.py:809} INFO - DAG(s) dict_keys(['example_params_trigger_ui']) retrieved from /home/airflow/.local/lib/python3.7/site-packages/airflow/example_dags/example_params_trigger_ui.py
[2026-09-19T21:30:44.474+0000] {logging_mixin.py:149} INFO - [2026-09-19T21:30:44.474+0000] {dag.py:2726} INFO - Sync 1 DAGs
[2026-09-19T21:30:44.521+0000] {logging_mixin.py:149} INFO - [2026-09-19T21:30:44.520+0000] {dag.py:3490} INFO - Setting next_dagrun for example_params_trigger_ui to None, run_after=None
[2026-09-19T21:30:44.562+0000] {processor.py:178} INFO - Processing /home/airflow/.local/lib/python3.7/site-packages/airflow/example_dags/example_params_trigger_ui.py took 0.293 seconds
[2026-09-19T21:31:14.625+0000] {processor.py:156} INFO - Started process (PID=3437) to work on /home/airflow/.local/lib/python3.7/site-packages/airflow/example_dags/example_params_trigger_ui.py
[2026-09-19T21:31:14.626+0000] {processor.py:799} INFO - Processing file /home/airflow/.local/lib/python3.7/site-packages/airflow/example_dags/example_params_trigger_ui.py for tasks to queue
[2026-09-19T21:31:14.627+0000] {logging_mixin.py:149} INFO - [2026-09-19T21:31:14.627+0000] {dagbag.py:541} INFO - Filling up the DagBag from /home/airflow/.local/lib/python3.7/site-packages/airflow/example_dags/example_params_trigger_ui.py
[2026-09-19T21:31:14.671+0000] {processor.py:809} INFO - DAG(s) dict_keys(['example_params_trigger_ui']) retrieved from /home/airflow/.local/lib/python3.7/site-packages/airflow/example_dags/example_params_trigger_ui.py
[2026-09-19T21:31:14.816+0000] {logging_mixin.py:149} INFO - [2026-09-19T21:31:14.815+0000] {dag.py:2726} INFO - Sync 1 DAGs
[2026-09-19T21:31:14.863+0000] {logging_mixin.py:149} INFO - [2026-09-19T21:31:14.863+0000] {dag.py:3490} INFO - Setting next_dagrun for example_params_trigger_ui to None, run_after=None
[2026-09-19T21:31:14.895+0000] {processor.py:178} INFO - Processing /home/airflow/.local/lib/python3.7/site-packages/airflow/example_dags/example_params_trigger_ui.py took 0.277 seconds
[2026-09-19T21:31:44.979+0000] {processor.py:156} INFO - Started process (PID=3493) to work on /home/airflow/.local/lib/python3.7/site-packages/airflow/example_dags/example_params_trigger_ui.py
[2026-09-19T21:31:44.981+0000] {processor.py:799} INFO - Processing file /home/airflow/.local/lib/python3.7/site-packages/airflow/example_dags/example_params_trigger_ui.py for tasks to queue
[2026-09-19T21:31:44.983+0000] {logging_mixin.py:149} INFO - [2026-09-19T21:31:44.982+0000] {dagbag.py:541} INFO - Filling up the DagBag from /home/airflow/.local/lib/python3.7/site-packages/airflow/example_dags/example_params_trigger_ui.py
[2026-09-19T21:31:45.021+0000] {processor.py:809} INFO - DAG(s) dict_keys(['example_params_trigger_ui']) retrieved from /home/airflow/.local/lib/python3.7/site-packages/airflow/example_dags/example_params_trigger_ui.py
[2026-09-19T21:31:45.162+0000] {logging_mixin.py:149} INFO - [2026-09-19T21:31:45.162+0000] {dag.py:2726} INFO - Sync 1 DAGs
[2026-09-19T21:31:45.209+0000] {logging_mixin.py:149} INFO - [2026-09-19T21:31:45.208+0000] {dag.py:3490} INFO - Setting next_dagrun for example_params_trigger_ui to None, run_after=None
[2026-09-19T21:31:45.242+0000] {processor.py:178} INFO - Processing /home/airflow/.local/lib/python3.7/site-packages/airflow/example_dags/example_params_trigger_ui.py took 0.270 seconds
[2026-09-19T21:32:15.358+0000] {processor.py:156} INFO - Started process (PID=3550) to work on /home/airflow/.local/lib/python3.7/site-packages/airflow/example_dags/example_params_trigger_ui.py
[2026-09-19T21:32:15.360+0000] {processor.py:799} INFO - Processing file /home/airflow/.local/lib/python3.7/site-packages/airflow/example_dags/example_params_trigger_ui.py for tasks to queue
[2026-09-19T21:32:15.361+0000] {logging_mixin.py:149} INFO - [2026-09-19T21:32:15.361+0000] {dagbag.py:541} INFO - Filling up the DagBag from /home/airflow/.local/lib/python3.7/site-packages/airflow/example_dags/example_params_trigger_ui.py
[2026-09-19T21:32:15.401+0000] {processor.py:809} INFO - DAG(s) dict_keys(['example_params_trigger_ui']) retrieved from /home/airflow/.local/lib/python3.7/site-packages/airflow/example_dags/example_params_trigger_ui.py
[2026-09-19T21:32:15.556+0000] {logging_mixin.py:149} INFO - [2026-09-19T21:32:15.556+0000] {dag.py:2726} INFO - Sync 1 DAGs
[2026-09-19T21:32:15.603+0000] {logging_mixin.py:149} INFO - [2026-09-19T21:32:15.603+0000] {dag.py:3490} INFO - Setting next_dagrun for example_params_trigger_ui to None, run_after=None
[2026-09-19T21:32:15.633+0000] {processor.py:178} INFO - Processing /home/airflow/.local/lib/python3.7/site-packages/airflow/example_dags/example_params_trigger_ui.py took 0.282 seconds
[2026-09-19T21:32:45.726+0000] {processor.py:156} INFO - Started process (PID=3604) to work on /home/airflow/.local/lib/python3.7/site-packages/airflow/example_dags/example_params_trigger_ui.py
[2026-09-19T21:32:45.728+0000] {processor.py:799} INFO - Processing file /home/airflow/.local/lib/python3.7/site-packages/airflow/example_dags/example_params_trigger_ui.py for tasks to queue
[2026-09-19T21:32:45.729+0000] {logging_mixin.py:149} INFO - [2026-09-19T21:32:45.729+0000] {dagbag.py:541} INFO - Filling up the DagBag from /home/airflow/.local/lib/python3.7/site-packages/airflow/example_dags/example_params_trigger_ui.py
[2026-09-19T21:32:45.764+0000] {processor.py:809} INFO - DAG(s) dict_keys(['example_params_trigger_ui']) retrieved from /home/airflow/.local/lib/python3.7/site-packages/airflow/example_dags/example_params_trigger_ui.py
[2026-09-19T21:32:45.902+0000] {logging_mixin.py:149} INFO - [2026-09-19T21:32:45.902+0000] {dag.py:2726} INFO - Sync 1 DAGs
[2026-09-19T21:32:45.948+0000] {logging_mixin.py:149} INFO - [2026-09-19T21:32:45.947+0000] {dag.py:3490} INFO - Setting next_dagrun for example_params_trigger_ui to None, run_after=None
[2026-09-19T21:32:45.977+0000] {processor.py:178} INFO - Processing /home/airflow/.local/lib/python3.7/site-packages/airflow/example_dags/example_params_trigger_ui.py took 0.257 seconds
[2026-09-19T21:33:16.120+0000] {processor.py:156} INFO - Started process (PID=3659) to work on /home/airflow/.local/lib/python3.7/site-packages/airflow/example_dags/example_params_trigger_ui.py
[2026-09-19T21:33:16.122+0000] {processor.py:799} INFO - Processing file /home/airflow/.local/lib/python3.7/site-packages/airflow/example_dags/example_params_trigger_ui.py for tasks to queue
[2026-09-19T21:33:16.125+0000] {logging_mixin.py:149} INFO - [2026-09-19T21:33:16.124+0000] {dagbag.py:541} INFO - Filling up the DagBag from /home/airflow/.local/lib/python3.7/site-packages/airflow/example_dags/example_params_trigger_ui.py
[2026-09-19T21:33:16.223+0000] {processor.py:809} INFO - DAG(s) dict_keys(['example_params_trigger_ui']) retrieved from /home/airflow/.local/lib/python3.7/site-packages/airflow/example_dags/example_params_trigger_ui.py
[2026-09-19T21:33:16.372+0000] {logging_mixin.py:149} INFO - [2026-09-19T21:33:16.371+0000] {dag.py:2726} INFO - Sync 1 DAGs
[2026-09-19T21:33:16.424+0000] {logging_mixin.py:149} INFO - [2026-09-19T21:33:16.423+0000] {dag.py:3490} INFO - Setting next_dagrun for example_params_trigger_ui to None, run_after=None
[2026-09-19T21:33:16.459+0000] {processor.py:178} INFO - Processing /home/airflow/.local/lib/python3.7/site-packages/airflow/example_dags/example_params_trigger_ui.py took 0.356 seconds
[2026-09-19T21:33:46.817+0000] {processor.py:156} INFO - Started process (PID=3715) to work on /home/airflow/.local/lib/python3.7/site-packages/airflow/example_dags/example_params_trigger_ui.py
[2026-09-19T21:33:46.819+0000] {processor.py:799} INFO - Processing file /home/airflow/.local/lib/python3.7/site-packages/airflow/example_dags/example_params_trigger_ui.py for tasks to queue
[2026-09-19T21:33:46.820+0000] {logging_mixin.py:149} INFO - [2026-09-19T21:33:46.819+0000] {dagbag.py:541} INFO - Filling up the DagBag from /home/airflow/.local/lib/python3.7/site-packages/airflow/example_dags/example_params_trigger_ui.py
[2026-09-19T21:33:46.856+0000] {processor.py:809} INFO - DAG(s) dict_keys(['example_params_trigger_ui']) retrieved from /home/airflow/.local/lib/python3.7/site-packages/airflow/example_dags/example_params_trigger_ui.py
[2026-09-19T21:33:47.006+0000] {logging_mixin.py:149} INFO - [2026-09-19T21:33:47.006+0000] {dag.py:2726} INFO - Sync 1 DAGs
[2026-09-19T21:33:47.051+0000] {logging_mixin.py:149} INFO - [2026-09-19T21:33:47.051+0000] {dag.py:3490} INFO - Setting next_dagrun for example_params_trigger_ui to None, run_after=None
[2026-09-19T21:33:47.084+0000] {processor.py:178} INFO - Processing /home/airflow/.local/lib/python3.7/site-packages/airflow/example_dags/example_params_trigger_ui.py took 0.274 seconds
[2026-09-19T21:34:17.656+0000] {processor.py:156} INFO - Started process (PID=3771) to work on /home/airflow/.local/lib/python3.7/site-packages/airflow/example_dags/example_params_trigger_ui.py
[2026-09-19T21:34:17.658+0000] {processor.py:799} INFO - Processing file /home/airflow/.local/lib/python3.7/site-packages/airflow/example_dags/example_params_trigger_ui.py for tasks to queue
[2026-09-19T21:34:17.659+0000] {logging_mixin.py:149} INFO - [2026-09-19T21:34:17.659+0000] {dagbag.py:541} INFO - Filling up the DagBag from /home/airflow/.local/lib/python3.7/site-packages/airflow/example_dags/example_params_trigger_ui.py
[2026-09-19T21:34:17.702+0000] {processor.py:809} INFO - DAG(s) dict_keys(['example_params_trigger_ui']) retrieved from /home/airflow/.local/lib/python3.7/site-packages/airflow/example_dags/example_params_trigger_ui.py
[2026-09-19T21:34:17.859+0000] {logging_mixin.py:149} INFO - [2026-09-19T21:34:17.859+0000] {dag.py:2726} INFO - Sync 1 DAGs
[2026-09-19T21:34:17.903+0000] {logging_mixin.py:149} INFO - [2026-09-19T21:34:17.902+0000] {dag.py:3490} INFO - Setting next_dagrun for example_params_trigger_ui to None, run_after=None
[2026-09-19T21:34:17.935+0000] {processor.py:178} INFO - Processing /home/airflow/.local/lib/python3.7/site-packages/airflow/example_dags/example_params_trigger_ui.py took 0.285 seconds
[2026-09-19T21:34:48.009+0000] {processor.py:156} INFO - Started process (PID=3822) to work on /home/airflow/.local/lib/python3.7/site-packages/airflow/example_dags/example_params_trigger_ui.py
[2026-09-19T21:34:48.011+0000] {processor.py:799} INFO - Processing file /home/airflow/.local/lib/python3.7/site-packages/airflow/example_dags/example_params_trigger_ui.py for tasks to queue
[2026-09-19T21:34:48.013+0000] {logging_mixin.py:149} INFO - [2026-09-19T21:34:48.012+0000] {dagbag.py:541} INFO - Filling up the DagBag from /home/airflow/.local/lib/python3.7/site-packages/airflow/example_dags/example_params_trigger_ui.py
[2026-09-19T21:34:48.063+0000] {processor.py:809} INFO - DAG(s) dict_keys(['example_params_trigger_ui']) retrieved from /home/airflow/.local/lib/python3.7/site-packages/airflow/example_dags/example_params_trigger_ui.py
[2026-09-19T21:34:48.233+0000] {logging_mixin.py:149} INFO - [2026-09-19T21:34:48.233+0000] {dag.py:2726} INFO - Sync 1 DAGs
[2026-09-19T21:34:48.282+0000] {logging_mixin.py:149} INFO - [2026-09-19T21:34:48.282+0000] {dag.py:3490} INFO - Setting next_dagrun for example_params_trigger_ui to None, run_after=None
[2026-09-19T21:34:48.331+0000] {processor.py:178} INFO - Processing /home/airflow/.local/lib/python3.7/site-packages/airflow/example_dags/example_params_trigger_ui.py took 0.328 seconds
[2026-09-19T21:35:18.941+0000] {processor.py:156} INFO - Started process (PID=3878) to work on /home/airflow/.local/lib/python3.7/site-packages/airflow/example_dags/example_params_trigger_ui.py
[2026-09-19T21:35:18.942+0000] {processor.py:799} INFO - Processing file /home/airflow/.local/lib/python3.7/site-packages/airflow/example_dags/example_params_trigger_ui.py for tasks to queue
[2026-09-19T21:35:18.943+0000] {logging_mixin.py:149} INFO - [2026-09-19T21:35:18.943+0000] {dagbag.py:541} INFO - Filling up the DagBag from /home/airflow/.local/lib/python3.7/site-packages/airflow/example_dags/example_params_trigger_ui.py
[2026-09-19T21:35:18.988+0000] {processor.py:809} INFO - DAG(s) dict_keys(['example_params_trigger_ui']) retrieved from /home/airflow/.local/lib/python3.7/site-packages/airflow/example_dags/example_params_trigger_ui.py
[2026-09-19T21:35:19.148+0000] {logging_mixin.py:149} INFO - [2026-09-19T21:35:19.147+0000] {dag.py:2726} INFO - Sync 1 DAGs
[2026-09-19T21:35:19.193+0000] {logging_mixin.py:149} INFO - [2026-09-19T21:35:19.192+0000] {dag.py:3490} INFO - Setting next_dagrun for example_params_trigger_ui to None, run_after=None
[2026-09-19T21:35:19.232+0000] {processor.py:178} INFO - Processing /home/airflow/.local/lib/python3.7/site-packages/airflow/example_dags/example_params_trigger_ui.py took 0.297 seconds
[2026-09-19T21:35:49.455+0000] {processor.py:156} INFO - Started process (PID=3934) to work on /home/airflow/.local/lib/python3.7/site-packages/airflow/example_dags/example_params_trigger_ui.py
[2026-09-19T21:35:49.461+0000] {processor.py:799} INFO - Processing file /home/airflow/.local/lib/python3.7/site-packages/airflow/example_dags/example_params_trigger_ui.py for tasks to queue
[2026-09-19T21:35:49.462+0000] {logging_mixin.py:149} INFO - [2026-09-19T21:35:49.462+0000] {dagbag.py:541} INFO - Filling up the DagBag from /home/airflow/.local/lib/python3.7/site-packages/airflow/example_dags/example_params_trigger_ui.py
[2026-09-19T21:35:49.498+0000] {processor.py:809} INFO - DAG(s) dict_keys(['example_params_trigger_ui']) retrieved from /home/airflow/.local/lib/python3.7/site-packages/airflow/example_dags/example_params_trigger_ui.py
[2026-09-19T21:35:49.649+0000] {logging_mixin.py:149} INFO - [2026-09-19T21:35:49.649+0000] {dag.py:2726} INFO - Sync 1 DAGs
[2026-09-19T21:35:49.690+0000] {logging_mixin.py:149} INFO - [2026-09-19T21:35:49.690+0000] {dag.py:3490} INFO - Setting next_dagrun for example_params_trigger_ui to None, run_after=None
[2026-09-19T21:35:49.728+0000] {processor.py:178} INFO - Processing /home/airflow/.local/lib/python3.7/site-packages/airflow/example_dags/example_params_trigger_ui.py took 0.279 seconds
[2026-09-19T21:36:20.574+0000] {processor.py:156} INFO - Started process (PID=3990) to work on /home/airflow/.local/lib/python3.7/site-packages/airflow/example_dags/example_params_trigger_ui.py
[2026-09-19T21:36:20.576+0000] {processor.py:799} INFO - Processing file /home/airflow/.local/lib/python3.7/site-packages/airflow/example_dags/example_params_trigger_ui.py for tasks to queue
[2026-09-19T21:36:20.577+0000] {logging_mixin.py:149} INFO - [2026-09-19T21:36:20.577+0000] {dagbag.py:541} INFO - Filling up the DagBag from /home/airflow/.local/lib/python3.7/site-packages/airflow/example_dags/example_params_trigger_ui.py
[2026-09-19T21:36:20.616+0000] {processor.py:809} INFO - DAG(s) dict_keys(['example_params_trigger_ui']) retrieved from /home/airflow/.local/lib/python3.7/site-packages/airflow/example_dags/example_params_trigger_ui.py
[2026-09-19T21:36:20.758+0000] {logging_mixin.py:149} INFO - [2026-09-19T21:36:20.757+0000] {dag.py:2726} INFO - Sync 1 DAGs
[2026-09-19T21:36:20.802+0000] {logging_mixin.py:149} INFO - [2026-09-19T21:36:20.802+0000] {dag.py:3490} INFO - Setting next_dagrun for example_params_trigger_ui to None, run_after=None
[2026-09-19T21:36:20.833+0000] {processor.py:178} INFO - Processing /home/airflow/.local/lib/python3.7/site-packages/airflow/example_dags/example_params_trigger_ui.py took 0.267 seconds
[2026-09-19T21:36:50.998+0000] {processor.py:156} INFO - Started process (PID=4046) to work on /home/airflow/.local/lib/python3.7/site-packages/airflow/example_dags/example_params_trigger_ui.py
[2026-09-19T21:36:51.000+0000] {processor.py:799} INFO - Processing file /home/airflow/.local/lib/python3.7/site-packages/airflow/example_dags/example_params_trigger_ui.py for tasks to queue
[2026-09-19T21:36:51.001+0000] {logging_mixin.py:149} INFO - [2026-09-19T21:36:51.001+0000] {dagbag.py:541} INFO - Filling up the DagBag from /home/airflow/.local/lib/python3.7/site-packages/airflow/example_dags/example_params_trigger_ui.py
[2026-09-19T21:36:51.036+0000] {processor.py:809} INFO - DAG(s) dict_keys(['example_params_trigger_ui']) retrieved from /home/airflow/.local/lib/python3.7/site-packages/airflow/example_dags/example_params_trigger_ui.py
[2026-09-19T21:36:51.197+0000] {logging_mixin.py:149} INFO - [2026-09-19T21:36:51.197+0000] {dag.py:2726} INFO - Sync 1 DAGs
[2026-09-19T21:36:51.242+0000] {logging_mixin.py:149} INFO - [2026-09-19T21:36:51.242+0000] {dag.py:3490} INFO - Setting next_dagrun for example_params_trigger_ui to None, run_after=None
[2026-09-19T21:36:51.276+0000] {processor.py:178} INFO - Processing /home/airflow/.local/lib/python3.7/site-packages/airflow/example_dags/example_params_trigger_ui.py took 0.287 seconds
[2026-09-19T21:37:22.299+0000] {processor.py:156} INFO - Started process (PID=4109) to work on /home/airflow/.local/lib/python3.7/site-packages/airflow/example_dags/example_params_trigger_ui.py
[2026-09-19T21:37:22.301+0000] {processor.py:799} INFO - Processing file /home/airflow/.local/lib/python3.7/site-packages/airflow/example_dags/example_params_trigger_ui.py for tasks to queue
[2026-09-19T21:37:22.302+0000] {logging_mixin.py:149} INFO - [2026-09-19T21:37:22.302+0000] {dagbag.py:541} INFO - Filling up the DagBag from /home/airflow/.local/lib/python3.7/site-packages/airflow/example_dags/example_params_trigger_ui.py
[2026-09-19T21:37:22.346+0000] {processor.py:809} INFO - DAG(s) dict_keys(['example_params_trigger_ui']) retrieved from /home/airflow/.local/lib/python3.7/site-packages/airflow/example_dags/example_params_trigger_ui.py
[2026-09-19T21:37:22.496+0000] {logging_mixin.py:149} INFO - [2026-09-19T21:37:22.496+0000] {dag.py:2726} INFO - Sync 1 DAGs
[2026-09-19T21:37:22.550+0000] {logging_mixin.py:149} INFO - [2026-09-19T21:37:22.550+0000] {dag.py:3490} INFO - Setting next_dagrun for example_params_trigger_ui to None, run_after=None
[2026-09-19T21:37:22.589+0000] {processor.py:178} INFO - Processing /home/airflow/.local/lib/python3.7/site-packages/airflow/example_dags/example_params_trigger_ui.py took 0.297 seconds
[2026-09-19T21:37:52.831+0000] {processor.py:156} INFO - Started process (PID=4165) to work on /home/airflow/.local/lib/python3.7/site-packages/airflow/example_dags/example_params_trigger_ui.py
[2026-09-19T21:37:52.837+0000] {processor.py:799} INFO - Processing file /home/airflow/.local/lib/python3.7/site-packages/airflow/example_dags/example_params_trigger_ui.py for tasks to queue
[2026-09-19T21:37:52.839+0000] {logging_mixin.py:149} INFO - [2026-09-19T21:37:52.838+0000] {dagbag.py:541} INFO - Filling up the DagBag from /home/airflow/.local/lib/python3.7/site-packages/airflow/example_dags/example_params_trigger_ui.py
[2026-09-19T21:37:52.878+0000] {processor.py:809} INFO - DAG(s) dict_keys(['example_params_trigger_ui']) retrieved from /home/airflow/.local/lib/python3.7/site-packages/airflow/example_dags/example_params_trigger_ui.py
[2026-09-19T21:37:53.045+0000] {logging_mixin.py:149} INFO - [2026-09-19T21:37:53.045+0000] {dag.py:2726} INFO - Sync 1 DAGs
[2026-09-19T21:37:53.096+0000] {logging_mixin.py:149} INFO - [2026-09-19T21:37:53.095+0000] {dag.py:3490} INFO - Setting next_dagrun for example_params_trigger_ui to None, run_after=None
[2026-09-19T21:37:53.145+0000] {processor.py:178} INFO - Processing /home/airflow/.local/lib/python3.7/site-packages/airflow/example_dags/example_params_trigger_ui.py took 0.321 seconds
[2026-09-19T21:38:23.979+0000] {processor.py:156} INFO - Started process (PID=4221) to work on /home/airflow/.local/lib/python3.7/site-packages/airflow/example_dags/example_params_trigger_ui.py
[2026-09-19T21:38:23.980+0000] {processor.py:799} INFO - Processing file /home/airflow/.local/lib/python3.7/site-packages/airflow/example_dags/example_params_trigger_ui.py for tasks to queue
[2026-09-19T21:38:23.981+0000] {logging_mixin.py:149} INFO - [2026-09-19T21:38:23.981+0000] {dagbag.py:541} INFO - Filling up the DagBag from /home/airflow/.local/lib/python3.7/site-packages/airflow/example_dags/example_params_trigger_ui.py
[2026-09-19T21:38:24.017+0000] {processor.py:809} INFO - DAG(s) dict_keys(['example_params_trigger_ui']) retrieved from /home/airflow/.local/lib/python3.7/site-packages/airflow/example_dags/example_params_trigger_ui.py
[2026-09-19T21:38:24.156+0000] {logging_mixin.py:149} INFO - [2026-09-19T21:38:24.156+0000] {dag.py:2726} INFO - Sync 1 DAGs
[2026-09-19T21:38:24.199+0000] {logging_mixin.py:149} INFO - [2026-09-19T21:38:24.199+0000] {dag.py:3490} INFO - Setting next_dagrun for example_params_trigger_ui to None, run_after=None
[2026-09-19T21:38:24.234+0000] {processor.py:178} INFO - Processing /home/airflow/.local/lib/python3.7/site-packages/airflow/example_dags/example_params_trigger_ui.py took 0.262 seconds
[2026-09-19T21:38:54.652+0000] {processor.py:156} INFO - Started process (PID=4277) to work on /home/airflow/.local/lib/python3.7/site-packages/airflow/example_dags/example_params_trigger_ui.py
[2026-09-19T21:38:54.654+0000] {processor.py:799} INFO - Processing file /home/airflow/.local/lib/python3.7/site-packages/airflow/example_dags/example_params_trigger_ui.py for tasks to queue
[2026-09-19T21:38:54.655+0000] {logging_mixin.py:149} INFO - [2026-09-19T21:38:54.655+0000] {dagbag.py:541} INFO - Filling up the DagBag from /home/airflow/.local/lib/python3.7/site-packages/airflow/example_dags/example_params_trigger_ui.py
[2026-09-19T21:38:54.698+0000] {processor.py:809} INFO - DAG(s) dict_keys(['example_params_trigger_ui']) retrieved from /home/airflow/.local/lib/python3.7/site-packages/airflow/example_dags/example_params_trigger_ui.py
[2026-09-19T21:38:54.922+0000] {logging_mixin.py:149} INFO - [2026-09-19T21:38:54.922+0000] {dag.py:2726} INFO - Sync 1 DAGs
[2026-09-19T21:38:54.969+0000] {logging_mixin.py:149} INFO - [2026-09-19T21:38:54.969+0000] {dag.py:3490} INFO - Setting next_dagrun for example_params_trigger_ui to None, run_after=None
[2026-09-19T21:38:55.001+0000] {processor.py:178} INFO - Processing /home/airflow/.local/lib/python3.7/site-packages/airflow/example_dags/example_params_trigger_ui.py took 0.356 seconds
[2026-09-19T21:39:25.140+0000] {processor.py:156} INFO - Started process (PID=4333) to work on /home/airflow/.local/lib/python3.7/site-packages/airflow/example_dags/example_params_trigger_ui.py
[2026-09-19T21:39:25.142+0000] {processor.py:799} INFO - Processing file /home/airflow/.local/lib/python3.7/site-packages/airflow/example_dags/example_params_trigger_ui.py for tasks to queue
[2026-09-19T21:39:25.143+0000] {logging_mixin.py:149} INFO - [2026-09-19T21:39:25.143+0000] {dagbag.py:541} INFO - Filling up the DagBag from /home/airflow/.local/lib/python3.7/site-packages/airflow/example_dags/example_params_trigger_ui.py
[2026-09-19T21:39:25.191+0000] {processor.py:809} INFO - DAG(s) dict_keys(['example_params_trigger_ui']) retrieved from /home/airflow/.local/lib/python3.7/site-packages/airflow/example_dags/example_params_trigger_ui.py
[2026-09-19T21:39:25.372+0000] {logging_mixin.py:149} INFO - [2026-09-19T21:39:25.372+0000] {dag.py:2726} INFO - Sync 1 DAGs
[2026-09-19T21:39:25.420+0000] {logging_mixin.py:149} INFO - [2026-09-19T21:39:25.420+0000] {dag.py:3490} INFO - Setting next_dagrun for example_params_trigger_ui to None, run_after=None
[2026-09-19T21:39:25.455+0000] {processor.py:178} INFO - Processing /home/airflow/.local/lib/python3.7/site-packages/airflow/example_dags/example_params_trigger_ui.py took 0.322 seconds
[2026-09-19T21:39:55.554+0000] {processor.py:156} INFO - Started process (PID=4389) to work on /home/airflow/.local/lib/python3.7/site-packages/airflow/example_dags/example_params_trigger_ui.py
[2026-09-19T21:39:55.556+0000] {processor.py:799} INFO - Processing file /home/airflow/.local/lib/python3.7/site-packages/airflow/example_dags/example_params_trigger_ui.py for tasks to queue
[2026-09-19T21:39:55.557+0000] {logging_mixin.py:149} INFO - [2026-09-19T21:39:55.557+0000] {dagbag.py:541} INFO - Filling up the DagBag from /home/airflow/.local/lib/python3.7/site-packages/airflow/example_dags/example_params_trigger_ui.py
[2026-09-19T21:39:55.597+0000] {processor.py:809} INFO - DAG(s) dict_keys(['example_params_trigger_ui']) retrieved from /home/airflow/.local/lib/python3.7/site-packages/airflow/example_dags/example_params_trigger_ui.py
[2026-09-19T21:39:55.623+0000] {logging_mixin.py:149} INFO - [2026-09-19T21:39:55.623+0000] {dag.py:2726} INFO - Sync 1 DAGs
[2026-09-19T21:39:55.679+0000] {logging_mixin.py:149} INFO - [2026-09-19T21:39:55.678+0000] {dag.py:3490} INFO - Setting next_dagrun for example_params_trigger_ui to None, run_after=None
[2026-09-19T21:39:55.712+0000] {processor.py:178} INFO - Processing /home/airflow/.local/lib/python3.7/site-packages/airflow/example_dags/example_params_trigger_ui.py took 0.164 seconds
[2026-09-19T21:40:25.897+0000] {processor.py:156} INFO - Started process (PID=4444) to work on /home/airflow/.local/lib/python3.7/site-packages/airflow/example_dags/example_params_trigger_ui.py
[2026-09-19T21:40:25.898+0000] {processor.py:799} INFO - Processing file /home/airflow/.local/lib/python3.7/site-packages/airflow/example_dags/example_params_trigger_ui.py for tasks to queue
[2026-09-19T21:40:25.899+0000] {logging_mixin.py:149} INFO - [2026-09-19T21:40:25.899+0000] {dagbag.py:541} INFO - Filling up the DagBag from /home/airflow/.local/lib/python3.7/site-packages/airflow/example_dags/example_params_trigger_ui.py
[2026-09-19T21:40:25.936+0000] {processor.py:809} INFO - DAG(s) dict_keys(['example_params_trigger_ui']) retrieved from /home/airflow/.local/lib/python3.7/site-packages/airflow/example_dags/example_params_trigger_ui.py
[2026-09-19T21:40:26.076+0000] {logging_mixin.py:149} INFO - [2026-09-19T21:40:26.075+0000] {dag.py:2726} INFO - Sync 1 DAGs
[2026-09-19T21:40:26.121+0000] {logging_mixin.py:149} INFO - [2026-09-19T21:40:26.121+0000] {dag.py:3490} INFO - Setting next_dagrun for example_params_trigger_ui to None, run_after=None
[2026-09-19T21:40:26.157+0000] {processor.py:178} INFO - Processing /home/airflow/.local/lib/python3.7/site-packages/airflow/example_dags/example_params_trigger_ui.py took 0.266 seconds
[2026-09-19T21:40:56.956+0000] {processor.py:156} INFO - Started process (PID=4500) to work on /home/airflow/.local/lib/python3.7/site-packages/airflow/example_dags/example_params_trigger_ui.py
[2026-09-19T21:40:56.958+0000] {processor.py:799} INFO - Processing file /home/airflow/.local/lib/python3.7/site-packages/airflow/example_dags/example_params_trigger_ui.py for tasks to queue
[2026-09-19T21:40:56.959+0000] {logging_mixin.py:149} INFO - [2026-09-19T21:40:56.959+0000] {dagbag.py:541} INFO - Filling up the DagBag from /home/airflow/.local/lib/python3.7/site-packages/airflow/example_dags/example_params_trigger_ui.py
[2026-09-19T21:40:56.999+0000] {processor.py:809} INFO - DAG(s) dict_keys(['example_params_trigger_ui']) retrieved from /home/airflow/.local/lib/python3.7/site-packages/airflow/example_dags/example_params_trigger_ui.py
[2026-09-19T21:40:57.028+0000] {logging_mixin.py:149} INFO - [2026-09-19T21:40:57.028+0000] {dag.py:2726} INFO - Sync 1 DAGs
[2026-09-19T21:40:57.079+0000] {logging_mixin.py:149} INFO - [2026-09-19T21:40:57.079+0000] {dag.py:3490} INFO - Setting next_dagrun for example_params_trigger_ui to None, run_after=None
[2026-09-19T21:40:57.126+0000] {processor.py:178} INFO - Processing /home/airflow/.local/lib/python3.7/site-packages/airflow/example_dags/example_params_trigger_ui.py took 0.177 seconds
[2026-09-19T21:41:27.437+0000] {processor.py:156} INFO - Started process (PID=4556) to work on /home/airflow/.local/lib/python3.7/site-packages/airflow/example_dags/example_params_trigger_ui.py
[2026-09-19T21:41:27.439+0000] {processor.py:799} INFO - Processing file /home/airflow/.local/lib/python3.7/site-packages/airflow/example_dags/example_params_trigger_ui.py for tasks to queue
[2026-09-19T21:41:27.440+0000] {logging_mixin.py:149} INFO - [2026-09-19T21:41:27.439+0000] {dagbag.py:541} INFO - Filling up the DagBag from /home/airflow/.local/lib/python3.7/site-packages/airflow/example_dags/example_params_trigger_ui.py
[2026-09-19T21:41:27.479+0000] {processor.py:809} INFO - DAG(s) dict_keys(['example_params_trigger_ui']) retrieved from /home/airflow/.local/lib/python3.7/site-packages/airflow/example_dags/example_params_trigger_ui.py
[2026-09-19T21:41:27.623+0000] {logging_mixin.py:149} INFO - [2026-09-19T21:41:27.623+0000] {dag.py:2726} INFO - Sync 1 DAGs
[2026-09-19T21:41:27.670+0000] {logging_mixin.py:149} INFO - [2026-09-19T21:41:27.669+0000] {dag.py:3490} INFO - Setting next_dagrun for example_params_trigger_ui to None, run_after=None
[2026-09-19T21:41:27.709+0000] {processor.py:178} INFO - Processing /home/airflow/.local/lib/python3.7/site-packages/airflow/example_dags/example_params_trigger_ui.py took 0.278 seconds
[2026-09-19T21:41:58.524+0000] {processor.py:156} INFO - Started process (PID=4612) to work on /home/airflow/.local/lib/python3.7/site-packages/airflow/example_dags/example_params_trigger_ui.py
[2026-09-19T21:41:58.530+0000] {processor.py:799} INFO - Processing file /home/airflow/.local/lib/python3.7/site-packages/airflow/example_dags/example_params_trigger_ui.py for tasks to queue
[2026-09-19T21:41:58.531+0000] {logging_mixin.py:149} INFO - [2026-09-19T21:41:58.531+0000] {dagbag.py:541} INFO - Filling up the DagBag from /home/airflow/.local/lib/python3.7/site-packages/airflow/example_dags/example_params_trigger_ui.py
[2026-09-19T21:41:58.571+0000] {processor.py:809} INFO - DAG(s) dict_keys(['example_params_trigger_ui']) retrieved from /home/airflow/.local/lib/python3.7/site-packages/airflow/example_dags/example_params_trigger_ui.py
[2026-09-19T21:41:58.711+0000] {logging_mixin.py:149} INFO - [2026-09-19T21:41:58.710+0000] {dag.py:2726} INFO - Sync 1 DAGs
[2026-09-19T21:41:58.755+0000] {logging_mixin.py:149} INFO - [2026-09-19T21:41:58.754+0000] {dag.py:3490} INFO - Setting next_dagrun for example_params_trigger_ui to None, run_after=None
[2026-09-19T21:41:58.788+0000] {processor.py:178} INFO - Processing /home/airflow/.local/lib/python3.7/site-packages/airflow/example_dags/example_params_trigger_ui.py took 0.272 seconds
[2026-09-19T21:42:29.024+0000] {processor.py:156} INFO - Started process (PID=4668) to work on /home/airflow/.local/lib/python3.7/site-packages/airflow/example_dags/example_params_trigger_ui.py
[2026-09-19T21:42:29.025+0000] {processor.py:799} INFO - Processing file /home/airflow/.local/lib/python3.7/site-packages/airflow/example_dags/example_params_trigger_ui.py for tasks to queue
[2026-09-19T21:42:29.026+0000] {logging_mixin.py:149} INFO - [2026-09-19T21:42:29.026+0000] {dagbag.py:541} INFO - Filling up the DagBag from /home/airflow/.local/lib/python3.7/site-packages/airflow/example_dags/example_params_trigger_ui.py
[2026-09-19T21:42:29.064+0000] {processor.py:809} INFO - DAG(s) dict_keys(['example_params_trigger_ui']) retrieved from /home/airflow/.local/lib/python3.7/site-packages/airflow/example_dags/example_params_trigger_ui.py
[2026-09-19T21:42:29.208+0000] {logging_mixin.py:149} INFO - [2026-09-19T21:42:29.208+0000] {dag.py:2726} INFO - Sync 1 DAGs
[2026-09-19T21:42:29.253+0000] {logging_mixin.py:149} INFO - [2026-09-19T21:42:29.252+0000] {dag.py:3490} INFO - Setting next_dagrun for example_params_trigger_ui to None, run_after=None
[2026-09-19T21:42:29.292+0000] {processor.py:178} INFO - Processing /home/airflow/.local/lib/python3.7/site-packages/airflow/example_dags/example_params_trigger_ui.py took 0.275 seconds
[2026-09-19T21:42:59.432+0000] {processor.py:156} INFO - Started process (PID=4724) to work on /home/airflow/.local/lib/python3.7/site-packages/airflow/example_dags/example_params_trigger_ui.py
[2026-09-19T21:42:59.435+0000] {processor.py:799} INFO - Processing file /home/airflow/.local/lib/python3.7/site-packages/airflow/example_dags/example_params_trigger_ui.py for tasks to queue
[2026-09-19T21:42:59.436+0000] {logging_mixin.py:149} INFO - [2026-09-19T21:42:59.436+0000] {dagbag.py:541} INFO - Filling up the DagBag from /home/airflow/.local/lib/python3.7/site-packages/airflow/example_dags/example_params_trigger_ui.py
[2026-09-19T21:42:59.476+0000] {processor.py:809} INFO - DAG(s) dict_keys(['example_params_trigger_ui']) retrieved from /home/airflow/.local/lib/python3.7/site-packages/airflow/example_dags/example_params_trigger_ui.py
[2026-09-19T21:42:59.637+0000] {logging_mixin.py:149} INFO - [2026-09-19T21:42:59.637+0000] {dag.py:2726} INFO - Sync 1 DAGs
[2026-09-19T21:42:59.682+0000] {logging_mixin.py:149} INFO - [2026-09-19T21:42:59.681+0000] {dag.py:3490} INFO - Setting next_dagrun for example_params_trigger_ui to None, run_after=None
[2026-09-19T21:42:59.722+0000] {processor.py:178} INFO - Processing /home/airflow/.local/lib/python3.7/site-packages/airflow/example_dags/example_params_trigger_ui.py took 0.301 seconds
[2026-09-19T21:43:30.515+0000] {processor.py:156} INFO - Started process (PID=4780) to work on /home/airflow/.local/lib/python3.7/site-packages/airflow/example_dags/example_params_trigger_ui.py
[2026-09-19T21:43:30.517+0000] {processor.py:799} INFO - Processing file /home/airflow/.local/lib/python3.7/site-packages/airflow/example_dags/example_params_trigger_ui.py for tasks to queue
[2026-09-19T21:43:30.518+0000] {logging_mixin.py:149} INFO - [2026-09-19T21:43:30.518+0000] {dagbag.py:541} INFO - Filling up the DagBag from /home/airflow/.local/lib/python3.7/site-packages/airflow/example_dags/example_params_trigger_ui.py
[2026-09-19T21:43:30.563+0000] {processor.py:809} INFO - DAG(s) dict_keys(['example_params_trigger_ui']) retrieved from /home/airflow/.local/lib/python3.7/site-packages/airflow/example_dags/example_params_trigger_ui.py
[2026-09-19T21:43:30.714+0000] {logging_mixin.py:149} INFO - [2026-09-19T21:43:30.714+0000] {dag.py:2726} INFO - Sync 1 DAGs
[2026-09-19T21:43:30.758+0000] {logging_mixin.py:149} INFO - [2026-09-19T21:43:30.758+0000] {dag.py:3490} INFO - Setting next_dagrun for example_params_trigger_ui to None, run_after=None
[2026-09-19T21:43:30.795+0000] {processor.py:178} INFO - Processing /home/airflow/.local/lib/python3.7/site-packages/airflow/example_dags/example_params_trigger_ui.py took 0.287 seconds
[2026-09-19T21:44:01.653+0000] {processor.py:156} INFO - Started process (PID=4836) to work on /home/airflow/.local/lib/python3.7/site-packages/airflow/example_dags/example_params_trigger_ui.py
[2026-09-19T21:44:01.667+0000] {processor.py:799} INFO - Processing file /home/airflow/.local/lib/python3.7/site-packages/airflow/example_dags/example_params_trigger_ui.py for tasks to queue
[2026-09-19T21:44:01.668+0000] {logging_mixin.py:149} INFO - [2026-09-19T21:44:01.668+0000] {dagbag.py:541} INFO - Filling up the DagBag from /home/airflow/.local/lib/python3.7/site-packages/airflow/example_dags/example_params_trigger_ui.py
[2026-09-19T21:44:01.712+0000] {processor.py:809} INFO - DAG(s) dict_keys(['example_params_trigger_ui']) retrieved from /home/airflow/.local/lib/python3.7/site-packages/airflow/example_dags/example_params_trigger_ui.py
[2026-09-19T21:44:01.867+0000] {logging_mixin.py:149} INFO - [2026-09-19T21:44:01.867+0000] {dag.py:2726} INFO - Sync 1 DAGs
[2026-09-19T21:44:01.916+0000] {logging_mixin.py:149} INFO - [2026-09-19T21:44:01.916+0000] {dag.py:3490} INFO - Setting next_dagrun for example_params_trigger_ui to None, run_after=None
[2026-09-19T21:44:01.953+0000] {processor.py:178} INFO - Processing /home/airflow/.local/lib/python3.7/site-packages/airflow/example_dags/example_params_trigger_ui.py took 0.309 seconds
[2026-09-19T21:44:32.977+0000] {processor.py:156} INFO - Started process (PID=4892) to work on /home/airflow/.local/lib/python3.7/site-packages/airflow/example_dags/example_params_trigger_ui.py
[2026-09-19T21:44:32.978+0000] {processor.py:799} INFO - Processing file /home/airflow/.local/lib/python3.7/site-packages/airflow/example_dags/example_params_trigger_ui.py for tasks to queue
[2026-09-19T21:44:32.979+0000] {logging_mixin.py:149} INFO - [2026-09-19T21:44:32.979+0000] {dagbag.py:541} INFO - Filling up the DagBag from /home/airflow/.local/lib/python3.7/site-packages/airflow/example_dags/example_params_trigger_ui.py
[2026-09-19T21:44:33.021+0000] {processor.py:809} INFO - DAG(s) dict_keys(['example_params_trigger_ui']) retrieved from /home/airflow/.local/lib/python3.7/site-packages/airflow/example_dags/example_params_trigger_ui.py
[2026-09-19T21:44:33.166+0000] {logging_mixin.py:149} INFO - [2026-09-19T21:44:33.166+0000] {dag.py:2726} INFO - Sync 1 DAGs
[2026-09-19T21:44:33.208+0000] {logging_mixin.py:149} INFO - [2026-09-19T21:44:33.208+0000] {dag.py:3490} INFO - Setting next_dagrun for example_params_trigger_ui to None, run_after=None
[2026-09-19T21:44:33.244+0000] {processor.py:178} INFO - Processing /home/airflow/.local/lib/python3.7/site-packages/airflow/example_dags/example_params_trigger_ui.py took 0.274 seconds
[2026-09-19T21:45:03.598+0000] {processor.py:156} INFO - Started process (PID=4948) to work on /home/airflow/.local/lib/python3.7/site-packages/airflow/example_dags/example_params_trigger_ui.py
[2026-09-19T21:45:03.600+0000] {processor.py:799} INFO - Processing file /home/airflow/.local/lib/python3.7/site-packages/airflow/example_dags/example_params_trigger_ui.py for tasks to queue
[2026-09-19T21:45:03.602+0000] {logging_mixin.py:149} INFO - [2026-09-19T21:45:03.602+0000] {dagbag.py:541} INFO - Filling up the DagBag from /home/airflow/.local/lib/python3.7/site-packages/airflow/example_dags/example_params_trigger_ui.py
[2026-09-19T21:45:03.644+0000] {processor.py:809} INFO - DAG(s) dict_keys(['example_params_trigger_ui']) retrieved from /home/airflow/.local/lib/python3.7/site-packages/airflow/example_dags/example_params_trigger_ui.py
[2026-09-19T21:45:03.791+0000] {logging_mixin.py:149} INFO - [2026-09-19T21:45:03.791+0000] {dag.py:2726} INFO - Sync 1 DAGs
[2026-09-19T21:45:03.834+0000] {logging_mixin.py:149} INFO - [2026-09-19T21:45:03.834+0000] {dag.py:3490} INFO - Setting next_dagrun for example_params_trigger_ui to None, run_after=None
[2026-09-19T21:45:03.872+0000] {processor.py:178} INFO - Processing /home/airflow/.local/lib/python3.7/site-packages/airflow/example_dags/example_params_trigger_ui.py took 0.280 seconds
[2026-09-19T21:45:33.927+0000] {processor.py:156} INFO - Started process (PID=5004) to work on /home/airflow/.local/lib/python3.7/site-packages/airflow/example_dags/example_params_trigger_ui.py
[2026-09-19T21:45:33.929+0000] {processor.py:799} INFO - Processing file /home/airflow/.local/lib/python3.7/site-packages/airflow/example_dags/example_params_trigger_ui.py for tasks to queue
[2026-09-19T21:45:33.930+0000] {logging_mixin.py:149} INFO - [2026-09-19T21:45:33.929+0000] {dagbag.py:541} INFO - Filling up the DagBag from /home/airflow/.local/lib/python3.7/site-packages/airflow/example_dags/example_params_trigger_ui.py
[2026-09-19T21:45:33.967+0000] {processor.py:809} INFO - DAG(s) dict_keys(['example_params_trigger_ui']) retrieved from /home/airflow/.local/lib/python3.7/site-packages/airflow/example_dags/example_params_trigger_ui.py
[2026-09-19T21:45:34.112+0000] {logging_mixin.py:149} INFO - [2026-09-19T21:45:34.112+0000] {dag.py:2726} INFO - Sync 1 DAGs
[2026-09-19T21:45:34.157+0000] {logging_mixin.py:149} INFO - [2026-09-19T21:45:34.157+0000] {dag.py:3490} INFO - Setting next_dagrun for example_params_trigger_ui to None, run_after=None
[2026-09-19T21:45:34.199+0000] {processor.py:178} INFO - Processing /home/airflow/.local/lib/python3.7/site-packages/airflow/example_dags/example_params_trigger_ui.py took 0.278 seconds
[2026-09-19T21:46:04.568+0000] {processor.py:156} INFO - Started process (PID=5060) to work on /home/airflow/.local/lib/python3.7/site-packages/airflow/example_dags/example_params_trigger_ui.py
[2026-09-19T21:46:04.572+0000] {processor.py:799} INFO - Processing file /home/airflow/.local/lib/python3.7/site-packages/airflow/example_dags/example_params_trigger_ui.py for tasks to queue
[2026-09-19T21:46:04.573+0000] {logging_mixin.py:149} INFO - [2026-09-19T21:46:04.573+0000] {dagbag.py:541} INFO - Filling up the DagBag from /home/airflow/.local/lib/python3.7/site-packages/airflow/example_dags/example_params_trigger_ui.py
[2026-09-19T21:46:04.616+0000] {processor.py:809} INFO - DAG(s) dict_keys(['example_params_trigger_ui']) retrieved from /home/airflow/.local/lib/python3.7/site-packages/airflow/example_dags/example_params_trigger_ui.py
[2026-09-19T21:46:04.769+0000] {logging_mixin.py:149} INFO - [2026-09-19T21:46:04.769+0000] {dag.py:2726} INFO - Sync 1 DAGs
[2026-09-19T21:46:04.813+0000] {logging_mixin.py:149} INFO - [2026-09-19T21:46:04.812+0000] {dag.py:3490} INFO - Setting next_dagrun for example_params_trigger_ui to None, run_after=None
[2026-09-19T21:46:04.847+0000] {processor.py:178} INFO - Processing /home/airflow/.local/lib/python3.7/site-packages/airflow/example_dags/example_params_trigger_ui.py took 0.289 seconds
[2026-09-19T21:46:34.948+0000] {processor.py:156} INFO - Started process (PID=5115) to work on /home/airflow/.local/lib/python3.7/site-packages/airflow/example_dags/example_params_trigger_ui.py
[2026-09-19T21:46:34.950+0000] {processor.py:799} INFO - Processing file /home/airflow/.local/lib/python3.7/site-packages/airflow/example_dags/example_params_trigger_ui.py for tasks to queue
[2026-09-19T21:46:34.951+0000] {logging_mixin.py:149} INFO - [2026-09-19T21:46:34.950+0000] {dagbag.py:541} INFO - Filling up the DagBag from /home/airflow/.local/lib/python3.7/site-packages/airflow/example_dags/example_params_trigger_ui.py
[2026-09-19T21:46:34.997+0000] {processor.py:809} INFO - DAG(s) dict_keys(['example_params_trigger_ui']) retrieved from /home/airflow/.local/lib/python3.7/site-packages/airflow/example_dags/example_params_trigger_ui.py
[2026-09-19T21:46:35.161+0000] {logging_mixin.py:149} INFO - [2026-09-19T21:46:35.160+0000] {dag.py:2726} INFO - Sync 1 DAGs
[2026-09-19T21:46:35.209+0000] {logging_mixin.py:149} INFO - [2026-09-19T21:46:35.209+0000] {dag.py:3490} INFO - Setting next_dagrun for example_params_trigger_ui to None, run_after=None
[2026-09-19T21:46:35.240+0000] {processor.py:178} INFO - Processing /home/airflow/.local/lib/python3.7/site-packages/airflow/example_dags/example_params_trigger_ui.py took 0.298 seconds
[2026-09-19T21:47:05.322+0000] {processor.py:156} INFO - Started process (PID=5172) to work on /home/airflow/.local/lib/python3.7/site-packages/airflow/example_dags/example_params_trigger_ui.py
[2026-09-19T21:47:05.324+0000] {processor.py:799} INFO - Processing file /home/airflow/.local/lib/python3.7/site-packages/airflow/example_dags/example_params_trigger_ui.py for tasks to queue
[2026-09-19T21:47:05.325+0000] {logging_mixin.py:149} INFO - [2026-09-19T21:47:05.325+0000] {dagbag.py:541} INFO - Filling up the DagBag from /home/airflow/.local/lib/python3.7/site-packages/airflow/example_dags/example_params_trigger_ui.py
[2026-09-19T21:47:05.363+0000] {processor.py:809} INFO - DAG(s) dict_keys(['example_params_trigger_ui']) retrieved from /home/airflow/.local/lib/python3.7/site-packages/airflow/example_dags/example_params_trigger_ui.py
[2026-09-19T21:47:05.511+0000] {logging_mixin.py:149} INFO - [2026-09-19T21:47:05.510+0000] {dag.py:2726} INFO - Sync 1 DAGs
[2026-09-19T21:47:05.557+0000] {logging_mixin.py:149} INFO - [2026-09-19T21:47:05.557+0000] {dag.py:3490} INFO - Setting next_dagrun for example_params_trigger_ui to None, run_after=None
[2026-09-19T21:47:05.602+0000] {processor.py:178} INFO - Processing /home/airflow/.local/lib/python3.7/site-packages/airflow/example_dags/example_params_trigger_ui.py took 0.286 seconds
[2026-09-19T21:47:35.768+0000] {processor.py:156} INFO - Started process (PID=5228) to work on /home/airflow/.local/lib/python3.7/site-packages/airflow/example_dags/example_params_trigger_ui.py
[2026-09-19T21:47:35.770+0000] {processor.py:799} INFO - Processing file /home/airflow/.local/lib/python3.7/site-packages/airflow/example_dags/example_params_trigger_ui.py for tasks to queue
[2026-09-19T21:47:35.771+0000] {logging_mixin.py:149} INFO - [2026-09-19T21:47:35.771+0000] {dagbag.py:541} INFO - Filling up the DagBag from /home/airflow/.local/lib/python3.7/site-packages/airflow/example_dags/example_params_trigger_ui.py
[2026-09-19T21:47:35.815+0000] {processor.py:809} INFO - DAG(s) dict_keys(['example_params_trigger_ui']) retrieved from /home/airflow/.local/lib/python3.7/site-packages/airflow/example_dags/example_params_trigger_ui.py
[2026-09-19T21:47:35.974+0000] {logging_mixin.py:149} INFO - [2026-09-19T21:47:35.974+0000] {dag.py:2726} INFO - Sync 1 DAGs
[2026-09-19T21:47:36.020+0000] {logging_mixin.py:149} INFO - [2026-09-19T21:47:36.020+0000] {dag.py:3490} INFO - Setting next_dagrun for example_params_trigger_ui to None, run_after=None
[2026-09-19T21:47:36.054+0000] {processor.py:178} INFO - Processing /home/airflow/.local/lib/python3.7/site-packages/airflow/example_dags/example_params_trigger_ui.py took 0.294 seconds
[2026-09-19T21:48:06.185+0000] {processor.py:156} INFO - Started process (PID=5284) to work on /home/airflow/.local/lib/python3.7/site-packages/airflow/example_dags/example_params_trigger_ui.py
[2026-09-19T21:48:06.187+0000] {processor.py:799} INFO - Processing file /home/airflow/.local/lib/python3.7/site-packages/airflow/example_dags/example_params_trigger_ui.py for tasks to queue
[2026-09-19T21:48:06.188+0000] {logging_mixin.py:149} INFO - [2026-09-19T21:48:06.188+0000] {dagbag.py:541} INFO - Filling up the DagBag from /home/airflow/.local/lib/python3.7/site-packages/airflow/example_dags/example_params_trigger_ui.py
[2026-09-19T21:48:06.231+0000] {processor.py:809} INFO - DAG(s) dict_keys(['example_params_trigger_ui']) retrieved from /home/airflow/.local/lib/python3.7/site-packages/airflow/example_dags/example_params_trigger_ui.py
[2026-09-19T21:48:06.394+0000] {logging_mixin.py:149} INFO - [2026-09-19T21:48:06.393+0000] {dag.py:2726} INFO - Sync 1 DAGs
[2026-09-19T21:48:06.442+0000] {logging_mixin.py:149} INFO - [2026-09-19T21:48:06.441+0000] {dag.py:3490} INFO - Setting next_dagrun for example_params_trigger_ui to None, run_after=None
[2026-09-19T21:48:06.475+0000] {processor.py:178} INFO - Processing /home/airflow/.local/lib/python3.7/site-packages/airflow/example_dags/example_params_trigger_ui.py took 0.299 seconds
[2026-09-19T21:48:36.698+0000] {processor.py:156} INFO - Started process (PID=5340) to work on /home/airflow/.local/lib/python3.7/site-packages/airflow/example_dags/example_params_trigger_ui.py
[2026-09-19T21:48:36.700+0000] {processor.py:799} INFO - Processing file /home/airflow/.local/lib/python3.7/site-packages/airflow/example_dags/example_params_trigger_ui.py for tasks to queue
[2026-09-19T21:48:36.701+0000] {logging_mixin.py:149} INFO - [2026-09-19T21:48:36.701+0000] {dagbag.py:541} INFO - Filling up the DagBag from /home/airflow/.local/lib/python3.7/site-packages/airflow/example_dags/example_params_trigger_ui.py
[2026-09-19T21:48:36.743+0000] {processor.py:809} INFO - DAG(s) dict_keys(['example_params_trigger_ui']) retrieved from /home/airflow/.local/lib/python3.7/site-packages/airflow/example_dags/example_params_trigger_ui.py
[2026-09-19T21:48:36.898+0000] {logging_mixin.py:149} INFO - [2026-09-19T21:48:36.898+0000] {dag.py:2726} INFO - Sync 1 DAGs
[2026-09-19T21:48:36.950+0000] {logging_mixin.py:149} INFO - [2026-09-19T21:48:36.950+0000] {dag.py:3490} INFO - Setting next_dagrun for example_params_trigger_ui to None, run_after=None
[2026-09-19T21:48:36.982+0000] {processor.py:178} INFO - Processing /home/airflow/.local/lib/python3.7/site-packages/airflow/example_dags/example_params_trigger_ui.py took 0.291 seconds
[2026-09-19T21:49:07.251+0000] {processor.py:156} INFO - Started process (PID=5395) to work on /home/airflow/.local/lib/python3.7/site-packages/airflow/example_dags/example_params_trigger_ui.py
[2026-09-19T21:49:07.262+0000] {processor.py:799} INFO - Processing file /home/airflow/.local/lib/python3.7/site-packages/airflow/example_dags/example_params_trigger_ui.py for tasks to queue
[2026-09-19T21:49:07.264+0000] {logging_mixin.py:149} INFO - [2026-09-19T21:49:07.264+0000] {dagbag.py:541} INFO - Filling up the DagBag from /home/airflow/.local/lib/python3.7/site-packages/airflow/example_dags/example_params_trigger_ui.py
[2026-09-19T21:49:07.304+0000] {processor.py:809} INFO - DAG(s) dict_keys(['example_params_trigger_ui']) retrieved from /home/airflow/.local/lib/python3.7/site-packages/airflow/example_dags/example_params_trigger_ui.py
[2026-09-19T21:49:07.480+0000] {logging_mixin.py:149} INFO - [2026-09-19T21:49:07.479+0000] {dag.py:2726} INFO - Sync 1 DAGs
[2026-09-19T21:49:07.528+0000] {logging_mixin.py:149} INFO - [2026-09-19T21:49:07.527+0000] {dag.py:3490} INFO - Setting next_dagrun for example_params_trigger_ui to None, run_after=None
[2026-09-19T21:49:07.570+0000] {processor.py:178} INFO - Processing /home/airflow/.local/lib/python3.7/site-packages/airflow/example_dags/example_params_trigger_ui.py took 0.327 seconds
[2026-09-19T21:49:38.663+0000] {processor.py:156} INFO - Started process (PID=5453) to work on /home/airflow/.local/lib/python3.7/site-packages/airflow/example_dags/example_params_trigger_ui.py
[2026-09-19T21:49:38.665+0000] {processor.py:799} INFO - Processing file /home/airflow/.local/lib/python3.7/site-packages/airflow/example_dags/example_params_trigger_ui.py for tasks to queue
[2026-09-19T21:49:38.667+0000] {logging_mixin.py:149} INFO - [2026-09-19T21:49:38.666+0000] {dagbag.py:541} INFO - Filling up the DagBag from /home/airflow/.local/lib/python3.7/site-packages/airflow/example_dags/example_params_trigger_ui.py
[2026-09-19T21:49:38.706+0000] {processor.py:809} INFO - DAG(s) dict_keys(['example_params_trigger_ui']) retrieved from /home/airflow/.local/lib/python3.7/site-packages/airflow/example_dags/example_params_trigger_ui.py
[2026-09-19T21:49:38.864+0000] {logging_mixin.py:149} INFO - [2026-09-19T21:49:38.864+0000] {dag.py:2726} INFO - Sync 1 DAGs
[2026-09-19T21:49:38.908+0000] {logging_mixin.py:149} INFO - [2026-09-19T21:49:38.908+0000] {dag.py:3490} INFO - Setting next_dagrun for example_params_trigger_ui to None, run_after=None
[2026-09-19T21:49:38.941+0000] {processor.py:178} INFO - Processing /home/airflow/.local/lib/python3.7/site-packages/airflow/example_dags/example_params_trigger_ui.py took 0.285 seconds
[2026-09-19T21:50:09.490+0000] {processor.py:156} INFO - Started process (PID=5509) to work on /home/airflow/.local/lib/python3.7/site-packages/airflow/example_dags/example_params_trigger_ui.py
[2026-09-19T21:50:09.491+0000] {processor.py:799} INFO - Processing file /home/airflow/.local/lib/python3.7/site-packages/airflow/example_dags/example_params_trigger_ui.py for tasks to queue
[2026-09-19T21:50:09.494+0000] {logging_mixin.py:149} INFO - [2026-09-19T21:50:09.494+0000] {dagbag.py:541} INFO - Filling up the DagBag from /home/airflow/.local/lib/python3.7/site-packages/airflow/example_dags/example_params_trigger_ui.py
[2026-09-19T21:50:09.532+0000] {processor.py:809} INFO - DAG(s) dict_keys(['example_params_trigger_ui']) retrieved from /home/airflow/.local/lib/python3.7/site-packages/airflow/example_dags/example_params_trigger_ui.py
[2026-09-19T21:50:09.689+0000] {logging_mixin.py:149} INFO - [2026-09-19T21:50:09.688+0000] {dag.py:2726} INFO - Sync 1 DAGs
[2026-09-19T21:50:09.735+0000] {logging_mixin.py:149} INFO - [2026-09-19T21:50:09.735+0000] {dag.py:3490} INFO - Setting next_dagrun for example_params_trigger_ui to None, run_after=None
[2026-09-19T21:50:09.769+0000] {processor.py:178} INFO - Processing /home/airflow/.local/lib/python3.7/site-packages/airflow/example_dags/example_params_trigger_ui.py took 0.286 seconds
[2026-09-19T21:50:40.446+0000] {processor.py:156} INFO - Started process (PID=5565) to work on /home/airflow/.local/lib/python3.7/site-packages/airflow/example_dags/example_params_trigger_ui.py
[2026-09-19T21:50:40.448+0000] {processor.py:799} INFO - Processing file /home/airflow/.local/lib/python3.7/site-packages/airflow/example_dags/example_params_trigger_ui.py for tasks to queue
[2026-09-19T21:50:40.449+0000] {logging_mixin.py:149} INFO - [2026-09-19T21:50:40.449+0000] {dagbag.py:541} INFO - Filling up the DagBag from /home/airflow/.local/lib/python3.7/site-packages/airflow/example_dags/example_params_trigger_ui.py
[2026-09-19T21:50:40.487+0000] {processor.py:809} INFO - DAG(s) dict_keys(['example_params_trigger_ui']) retrieved from /home/airflow/.local/lib/python3.7/site-packages/airflow/example_dags/example_params_trigger_ui.py
[2026-09-19T21:50:40.699+0000] {logging_mixin.py:149} INFO - [2026-09-19T21:50:40.698+0000] {dag.py:2726} INFO - Sync 1 DAGs
[2026-09-19T21:50:40.753+0000] {logging_mixin.py:149} INFO - [2026-09-19T21:50:40.753+0000] {dag.py:3490} INFO - Setting next_dagrun for example_params_trigger_ui to None, run_after=None
[2026-09-19T21:50:40.787+0000] {processor.py:178} INFO - Processing /home/airflow/.local/lib/python3.7/site-packages/airflow/example_dags/example_params_trigger_ui.py took 0.347 seconds
[2026-09-19T21:51:11.691+0000] {processor.py:156} INFO - Started process (PID=5623) to work on /home/airflow/.local/lib/python3.7/site-packages/airflow/example_dags/example_params_trigger_ui.py
[2026-09-19T21:51:11.692+0000] {processor.py:799} INFO - Processing file /home/airflow/.local/lib/python3.7/site-packages/airflow/example_dags/example_params_trigger_ui.py for tasks to queue
[2026-09-19T21:51:11.693+0000] {logging_mixin.py:149} INFO - [2026-09-19T21:51:11.693+0000] {dagbag.py:541} INFO - Filling up the DagBag from /home/airflow/.local/lib/python3.7/site-packages/airflow/example_dags/example_params_trigger_ui.py
[2026-09-19T21:51:11.729+0000] {processor.py:809} INFO - DAG(s) dict_keys(['example_params_trigger_ui']) retrieved from /home/airflow/.local/lib/python3.7/site-packages/airflow/example_dags/example_params_trigger_ui.py
[2026-09-19T21:51:11.873+0000] {logging_mixin.py:149} INFO - [2026-09-19T21:51:11.873+0000] {dag.py:2726} INFO - Sync 1 DAGs
[2026-09-19T21:51:11.914+0000] {logging_mixin.py:149} INFO - [2026-09-19T21:51:11.914+0000] {dag.py:3490} INFO - Setting next_dagrun for example_params_trigger_ui to None, run_after=None
[2026-09-19T21:51:11.946+0000] {processor.py:178} INFO - Processing /home/airflow/.local/lib/python3.7/site-packages/airflow/example_dags/example_params_trigger_ui.py took 0.260 seconds
[2026-09-19T21:51:42.559+0000] {processor.py:156} INFO - Started process (PID=5679) to work on /home/airflow/.local/lib/python3.7/site-packages/airflow/example_dags/example_params_trigger_ui.py
[2026-09-19T21:51:42.565+0000] {processor.py:799} INFO - Processing file /home/airflow/.local/lib/python3.7/site-packages/airflow/example_dags/example_params_trigger_ui.py for tasks to queue
[2026-09-19T21:51:42.566+0000] {logging_mixin.py:149} INFO - [2026-09-19T21:51:42.566+0000] {dagbag.py:541} INFO - Filling up the DagBag from /home/airflow/.local/lib/python3.7/site-packages/airflow/example_dags/example_params_trigger_ui.py
[2026-09-19T21:51:42.613+0000] {processor.py:809} INFO - DAG(s) dict_keys(['example_params_trigger_ui']) retrieved from /home/airflow/.local/lib/python3.7/site-packages/airflow/example_dags/example_params_trigger_ui.py
[2026-09-19T21:51:42.764+0000] {logging_mixin.py:149} INFO - [2026-09-19T21:51:42.764+0000] {dag.py:2726} INFO - Sync 1 DAGs
[2026-09-19T21:51:42.814+0000] {logging_mixin.py:149} INFO - [2026-09-19T21:51:42.814+0000] {dag.py:3490} INFO - Setting next_dagrun for example_params_trigger_ui to None, run_after=None
[2026-09-19T21:51:42.849+0000] {processor.py:178} INFO - Processing /home/airflow/.local/lib/python3.7/site-packages/airflow/example_dags/example_params_trigger_ui.py took 0.296 seconds
[2026-09-19T21:52:13.480+0000] {processor.py:156} INFO - Started process (PID=5735) to work on /home/airflow/.local/lib/python3.7/site-packages/airflow/example_dags/example_params_trigger_ui.py
[2026-09-19T21:52:13.482+0000] {processor.py:799} INFO - Processing file /home/airflow/.local/lib/python3.7/site-packages/airflow/example_dags/example_params_trigger_ui.py for tasks to queue
[2026-09-19T21:52:13.483+0000] {logging_mixin.py:149} INFO - [2026-09-19T21:52:13.483+0000] {dagbag.py:541} INFO - Filling up the DagBag from /home/airflow/.local/lib/python3.7/site-packages/airflow/example_dags/example_params_trigger_ui.py
[2026-09-19T21:52:13.525+0000] {processor.py:809} INFO - DAG(s) dict_keys(['example_params_trigger_ui']) retrieved from /home/airflow/.local/lib/python3.7/site-packages/airflow/example_dags/example_params_trigger_ui.py
[2026-09-19T21:52:13.690+0000] {logging_mixin.py:149} INFO - [2026-09-19T21:52:13.690+0000] {dag.py:2726} INFO - Sync 1 DAGs
[2026-09-19T21:52:13.738+0000] {logging_mixin.py:149} INFO - [2026-09-19T21:52:13.738+0000] {dag.py:3490} INFO - Setting next_dagrun for example_params_trigger_ui to None, run_after=None
[2026-09-19T21:52:13.769+0000] {processor.py:178} INFO - Processing /home/airflow/.local/lib/python3.7/site-packages/airflow/example_dags/example_params_trigger_ui.py took 0.296 seconds
[2026-09-19T21:52:43.878+0000] {processor.py:156} INFO - Started process (PID=5791) to work on /home/airflow/.local/lib/python3.7/site-packages/airflow/example_dags/example_params_trigger_ui.py
[2026-09-19T21:52:43.880+0000] {processor.py:799} INFO - Processing file /home/airflow/.local/lib/python3.7/site-packages/airflow/example_dags/example_params_trigger_ui.py for tasks to queue
[2026-09-19T21:52:43.881+0000] {logging_mixin.py:149} INFO - [2026-09-19T21:52:43.881+0000] {dagbag.py:541} INFO - Filling up the DagBag from /home/airflow/.local/lib/python3.7/site-packages/airflow/example_dags/example_params_trigger_ui.py
[2026-09-19T21:52:43.921+0000] {processor.py:809} INFO - DAG(s) dict_keys(['example_params_trigger_ui']) retrieved from /home/airflow/.local/lib/python3.7/site-packages/airflow/example_dags/example_params_trigger_ui.py
[2026-09-19T21:52:44.085+0000] {logging_mixin.py:149} INFO - [2026-09-19T21:52:44.084+0000] {dag.py:2726} INFO - Sync 1 DAGs
[2026-09-19T21:52:44.128+0000] {logging_mixin.py:149} INFO - [2026-09-19T21:52:44.128+0000] {dag.py:3490} INFO - Setting next_dagrun for example_params_trigger_ui to None, run_after=None
[2026-09-19T21:52:44.160+0000] {processor.py:178} INFO - Processing /home/airflow/.local/lib/python3.7/site-packages/airflow/example_dags/example_params_trigger_ui.py took 0.289 seconds
[2026-09-19T21:53:15.344+0000] {processor.py:156} INFO - Started process (PID=5851) to work on /home/airflow/.local/lib/python3.7/site-packages/airflow/example_dags/example_params_trigger_ui.py
[2026-09-19T21:53:15.345+0000] {processor.py:799} INFO - Processing file /home/airflow/.local/lib/python3.7/site-packages/airflow/example_dags/example_params_trigger_ui.py for tasks to queue
[2026-09-19T21:53:15.346+0000] {logging_mixin.py:149} INFO - [2026-09-19T21:53:15.346+0000] {dagbag.py:541} INFO - Filling up the DagBag from /home/airflow/.local/lib/python3.7/site-packages/airflow/example_dags/example_params_trigger_ui.py
[2026-09-19T21:53:15.385+0000] {processor.py:809} INFO - DAG(s) dict_keys(['example_params_trigger_ui']) retrieved from /home/airflow/.local/lib/python3.7/site-packages/airflow/example_dags/example_params_trigger_ui.py
[2026-09-19T21:53:15.528+0000] {logging_mixin.py:149} INFO - [2026-09-19T21:53:15.528+0000] {dag.py:2726} INFO - Sync 1 DAGs
[2026-09-19T21:53:15.570+0000] {logging_mixin.py:149} INFO - [2026-09-19T21:53:15.570+0000] {dag.py:3490} INFO - Setting next_dagrun for example_params_trigger_ui to None, run_after=None
[2026-09-19T21:53:15.603+0000] {processor.py:178} INFO - Processing /home/airflow/.local/lib/python3.7/site-packages/airflow/example_dags/example_params_trigger_ui.py took 0.265 seconds
[2026-09-19T21:53:46.357+0000] {processor.py:156} INFO - Started process (PID=5908) to work on /home/airflow/.local/lib/python3.7/site-packages/airflow/example_dags/example_params_trigger_ui.py
[2026-09-19T21:53:46.358+0000] {processor.py:799} INFO - Processing file /home/airflow/.local/lib/python3.7/site-packages/airflow/example_dags/example_params_trigger_ui.py for tasks to queue
[2026-09-19T21:53:46.359+0000] {logging_mixin.py:149} INFO - [2026-09-19T21:53:46.359+0000] {dagbag.py:541} INFO - Filling up the DagBag from /home/airflow/.local/lib/python3.7/site-packages/airflow/example_dags/example_params_trigger_ui.py
[2026-09-19T21:53:46.398+0000] {processor.py:809} INFO - DAG(s) dict_keys(['example_params_trigger_ui']) retrieved from /home/airflow/.local/lib/python3.7/site-packages/airflow/example_dags/example_params_trigger_ui.py
[2026-09-19T21:53:46.539+0000] {logging_mixin.py:149} INFO - [2026-09-19T21:53:46.539+0000] {dag.py:2726} INFO - Sync 1 DAGs
[2026-09-19T21:53:46.585+0000] {logging_mixin.py:149} INFO - [2026-09-19T21:53:46.584+0000] {dag.py:3490} INFO - Setting next_dagrun for example_params_trigger_ui to None, run_after=None
[2026-09-19T21:53:46.624+0000] {processor.py:178} INFO - Processing /home/airflow/.local/lib/python3.7/site-packages/airflow/example_dags/example_params_trigger_ui.py took 0.275 seconds
[2026-09-19T21:54:17.201+0000] {processor.py:156} INFO - Started process (PID=5964) to work on /home/airflow/.local/lib/python3.7/site-packages/airflow/example_dags/example_params_trigger_ui.py
[2026-09-19T21:54:17.202+0000] {processor.py:799} INFO - Processing file /home/airflow/.local/lib/python3.7/site-packages/airflow/example_dags/example_params_trigger_ui.py for tasks to queue
[2026-09-19T21:54:17.203+0000] {logging_mixin.py:149} INFO - [2026-09-19T21:54:17.203+0000] {dagbag.py:541} INFO - Filling up the DagBag from /home/airflow/.local/lib/python3.7/site-packages/airflow/example_dags/example_params_trigger_ui.py
[2026-09-19T21:54:17.246+0000] {processor.py:809} INFO - DAG(s) dict_keys(['example_params_trigger_ui']) retrieved from /home/airflow/.local/lib/python3.7/site-packages/airflow/example_dags/example_params_trigger_ui.py
[2026-09-19T21:54:17.385+0000] {logging_mixin.py:149} INFO - [2026-09-19T21:54:17.384+0000] {dag.py:2726} INFO - Sync 1 DAGs
[2026-09-19T21:54:17.437+0000] {logging_mixin.py:149} INFO - [2026-09-19T21:54:17.437+0000] {dag.py:3490} INFO - Setting next_dagrun for example_params_trigger_ui to None, run_after=None
[2026-09-19T21:54:17.474+0000] {processor.py:178} INFO - Processing /home/airflow/.local/lib/python3.7/site-packages/airflow/example_dags/example_params_trigger_ui.py took 0.280 seconds
[2026-09-19T21:54:47.643+0000] {processor.py:156} INFO - Started process (PID=6020) to work on /home/airflow/.local/lib/python3.7/site-packages/airflow/example_dags/example_params_trigger_ui.py
[2026-09-19T21:54:47.645+0000] {processor.py:799} INFO - Processing file /home/airflow/.local/lib/python3.7/site-packages/airflow/example_dags/example_params_trigger_ui.py for tasks to queue
[2026-09-19T21:54:47.646+0000] {logging_mixin.py:149} INFO - [2026-09-19T21:54:47.646+0000] {dagbag.py:541} INFO - Filling up the DagBag from /home/airflow/.local/lib/python3.7/site-packages/airflow/example_dags/example_params_trigger_ui.py
[2026-09-19T21:54:47.684+0000] {processor.py:809} INFO - DAG(s) dict_keys(['example_params_trigger_ui']) retrieved from /home/airflow/.local/lib/python3.7/site-packages/airflow/example_dags/example_params_trigger_ui.py
[2026-09-19T21:54:47.833+0000] {logging_mixin.py:149} INFO - [2026-09-19T21:54:47.832+0000] {dag.py:2726} INFO - Sync 1 DAGs
[2026-09-19T21:54:47.875+0000] {logging_mixin.py:149} INFO - [2026-09-19T21:54:47.875+0000] {dag.py:3490} INFO - Setting next_dagrun for example_params_trigger_ui to None, run_after=None
[2026-09-19T21:54:47.905+0000] {processor.py:178} INFO - Processing /home/airflow/.local/lib/python3.7/site-packages/airflow/example_dags/example_params_trigger_ui.py took 0.268 seconds
[2026-09-19T21:55:18.032+0000] {processor.py:156} INFO - Started process (PID=6075) to work on /home/airflow/.local/lib/python3.7/site-packages/airflow/example_dags/example_params_trigger_ui.py
[2026-09-19T21:55:18.033+0000] {processor.py:799} INFO - Processing file /home/airflow/.local/lib/python3.7/site-packages/airflow/example_dags/example_params_trigger_ui.py for tasks to queue
[2026-09-19T21:55:18.034+0000] {logging_mixin.py:149} INFO - [2026-09-19T21:55:18.034+0000] {dagbag.py:541} INFO - Filling up the DagBag from /home/airflow/.local/lib/python3.7/site-packages/airflow/example_dags/example_params_trigger_ui.py
[2026-09-19T21:55:18.074+0000] {processor.py:809} INFO - DAG(s) dict_keys(['example_params_trigger_ui']) retrieved from /home/airflow/.local/lib/python3.7/site-packages/airflow/example_dags/example_params_trigger_ui.py
[2026-09-19T21:55:18.230+0000] {logging_mixin.py:149} INFO - [2026-09-19T21:55:18.229+0000] {dag.py:2726} INFO - Sync 1 DAGs
[2026-09-19T21:55:18.275+0000] {logging_mixin.py:149} INFO - [2026-09-19T21:55:18.274+0000] {dag.py:3490} INFO - Setting next_dagrun for example_params_trigger_ui to None, run_after=None
[2026-09-19T21:55:18.310+0000] {processor.py:178} INFO - Processing /home/airflow/.local/lib/python3.7/site-packages/airflow/example_dags/example_params_trigger_ui.py took 0.283 seconds
[2026-09-19T21:55:48.527+0000] {processor.py:156} INFO - Started process (PID=6131) to work on /home/airflow/.local/lib/python3.7/site-packages/airflow/example_dags/example_params_trigger_ui.py
[2026-09-19T21:55:48.528+0000] {processor.py:799} INFO - Processing file /home/airflow/.local/lib/python3.7/site-packages/airflow/example_dags/example_params_trigger_ui.py for tasks to queue
[2026-09-19T21:55:48.529+0000] {logging_mixin.py:149} INFO - [2026-09-19T21:55:48.529+0000] {dagbag.py:541} INFO - Filling up the DagBag from /home/airflow/.local/lib/python3.7/site-packages/airflow/example_dags/example_params_trigger_ui.py
[2026-09-19T21:55:48.571+0000] {processor.py:809} INFO - DAG(s) dict_keys(['example_params_trigger_ui']) retrieved from /home/airflow/.local/lib/python3.7/site-packages/airflow/example_dags/example_params_trigger_ui.py
[2026-09-19T21:55:48.729+0000] {logging_mixin.py:149} INFO - [2026-09-19T21:55:48.728+0000] {dag.py:2726} INFO - Sync 1 DAGs
[2026-09-19T21:55:48.774+0000] {logging_mixin.py:149} INFO - [2026-09-19T21:55:48.774+0000] {dag.py:3490} INFO - Setting next_dagrun for example_params_trigger_ui to None, run_after=None
[2026-09-19T21:55:48.804+0000] {processor.py:178} INFO - Processing /home/airflow/.local/lib/python3.7/site-packages/airflow/example_dags/example_params_trigger_ui.py took 0.284 seconds
[2026-09-19T21:56:19.794+0000] {processor.py:156} INFO - Started process (PID=6191) to work on /home/airflow/.local/lib/python3.7/site-packages/airflow/example_dags/example_params_trigger_ui.py
[2026-09-19T21:56:19.796+0000] {processor.py:799} INFO - Processing file /home/airflow/.local/lib/python3.7/site-packages/airflow/example_dags/example_params_trigger_ui.py for tasks to queue
[2026-09-19T21:56:19.797+0000] {logging_mixin.py:149} INFO - [2026-09-19T21:56:19.797+0000] {dagbag.py:541} INFO - Filling up the DagBag from /home/airflow/.local/lib/python3.7/site-packages/airflow/example_dags/example_params_trigger_ui.py
[2026-09-19T21:56:19.838+0000] {processor.py:809} INFO - DAG(s) dict_keys(['example_params_trigger_ui']) retrieved from /home/airflow/.local/lib/python3.7/site-packages/airflow/example_dags/example_params_trigger_ui.py
[2026-09-19T21:56:19.975+0000] {logging_mixin.py:149} INFO - [2026-09-19T21:56:19.975+0000] {dag.py:2726} INFO - Sync 1 DAGs
[2026-09-19T21:56:20.017+0000] {logging_mixin.py:149} INFO - [2026-09-19T21:56:20.017+0000] {dag.py:3490} INFO - Setting next_dagrun for example_params_trigger_ui to None, run_after=None
[2026-09-19T21:56:20.050+0000] {processor.py:178} INFO - Processing /home/airflow/.local/lib/python3.7/site-packages/airflow/example_dags/example_params_trigger_ui.py took 0.262 seconds
[2026-09-19T21:56:50.952+0000] {processor.py:156} INFO - Started process (PID=6247) to work on /home/airflow/.local/lib/python3.7/site-packages/airflow/example_dags/example_params_trigger_ui.py
[2026-09-19T21:56:50.954+0000] {processor.py:799} INFO - Processing file /home/airflow/.local/lib/python3.7/site-packages/airflow/example_dags/example_params_trigger_ui.py for tasks to queue
[2026-09-19T21:56:50.955+0000] {logging_mixin.py:149} INFO - [2026-09-19T21:56:50.955+0000] {dagbag.py:541} INFO - Filling up the DagBag from /home/airflow/.local/lib/python3.7/site-packages/airflow/example_dags/example_params_trigger_ui.py
[2026-09-19T21:56:50.992+0000] {processor.py:809} INFO - DAG(s) dict_keys(['example_params_trigger_ui']) retrieved from /home/airflow/.local/lib/python3.7/site-packages/airflow/example_dags/example_params_trigger_ui.py
[2026-09-19T21:56:51.148+0000] {logging_mixin.py:149} INFO - [2026-09-19T21:56:51.147+0000] {dag.py:2726} INFO - Sync 1 DAGs
[2026-09-19T21:56:51.205+0000] {logging_mixin.py:149} INFO - [2026-09-19T21:56:51.205+0000] {dag.py:3490} INFO - Setting next_dagrun for example_params_trigger_ui to None, run_after=None
[2026-09-19T21:56:51.235+0000] {processor.py:178} INFO - Processing /home/airflow/.local/lib/python3.7/site-packages/airflow/example_dags/example_params_trigger_ui.py took 0.289 seconds
[2026-09-19T21:57:21.977+0000] {processor.py:156} INFO - Started process (PID=6302) to work on /home/airflow/.local/lib/python3.7/site-packages/airflow/example_dags/example_params_trigger_ui.py
[2026-09-19T21:57:21.978+0000] {processor.py:799} INFO - Processing file /home/airflow/.local/lib/python3.7/site-packages/airflow/example_dags/example_params_trigger_ui.py for tasks to queue
[2026-09-19T21:57:21.979+0000] {logging_mixin.py:149} INFO - [2026-09-19T21:57:21.979+0000] {dagbag.py:541} INFO - Filling up the DagBag from /home/airflow/.local/lib/python3.7/site-packages/airflow/example_dags/example_params_trigger_ui.py
[2026-09-19T21:57:22.021+0000] {processor.py:809} INFO - DAG(s) dict_keys(['example_params_trigger_ui']) retrieved from /home/airflow/.local/lib/python3.7/site-packages/airflow/example_dags/example_params_trigger_ui.py
[2026-09-19T21:57:22.174+0000] {logging_mixin.py:149} INFO - [2026-09-19T21:57:22.174+0000] {dag.py:2726} INFO - Sync 1 DAGs
[2026-09-19T21:57:22.216+0000] {logging_mixin.py:149} INFO - [2026-09-19T21:57:22.216+0000] {dag.py:3490} INFO - Setting next_dagrun for example_params_trigger_ui to None, run_after=None
[2026-09-19T21:57:22.251+0000] {processor.py:178} INFO - Processing /home/airflow/.local/lib/python3.7/site-packages/airflow/example_dags/example_params_trigger_ui.py took 0.281 seconds
[2026-09-19T21:57:53.382+0000] {processor.py:156} INFO - Started process (PID=6359) to work on /home/airflow/.local/lib/python3.7/site-packages/airflow/example_dags/example_params_trigger_ui.py
[2026-09-19T21:57:53.386+0000] {processor.py:799} INFO - Processing file /home/airflow/.local/lib/python3.7/site-packages/airflow/example_dags/example_params_trigger_ui.py for tasks to queue
[2026-09-19T21:57:53.388+0000] {logging_mixin.py:149} INFO - [2026-09-19T21:57:53.388+0000] {dagbag.py:541} INFO - Filling up the DagBag from /home/airflow/.local/lib/python3.7/site-packages/airflow/example_dags/example_params_trigger_ui.py
[2026-09-19T21:57:53.425+0000] {processor.py:809} INFO - DAG(s) dict_keys(['example_params_trigger_ui']) retrieved from /home/airflow/.local/lib/python3.7/site-packages/airflow/example_dags/example_params_trigger_ui.py
[2026-09-19T21:57:53.566+0000] {logging_mixin.py:149} INFO - [2026-09-19T21:57:53.565+0000] {dag.py:2726} INFO - Sync 1 DAGs
[2026-09-19T21:57:53.607+0000] {logging_mixin.py:149} INFO - [2026-09-19T21:57:53.607+0000] {dag.py:3490} INFO - Setting next_dagrun for example_params_trigger_ui to None, run_after=None
[2026-09-19T21:57:53.639+0000] {processor.py:178} INFO - Processing /home/airflow/.local/lib/python3.7/site-packages/airflow/example_dags/example_params_trigger_ui.py took 0.264 seconds
[2026-09-19T21:58:25.045+0000] {processor.py:156} INFO - Started process (PID=6416) to work on /home/airflow/.local/lib/python3.7/site-packages/airflow/example_dags/example_params_trigger_ui.py
[2026-09-19T21:58:25.047+0000] {processor.py:799} INFO - Processing file /home/airflow/.local/lib/python3.7/site-packages/airflow/example_dags/example_params_trigger_ui.py for tasks to queue
[2026-09-19T21:58:25.048+0000] {logging_mixin.py:149} INFO - [2026-09-19T21:58:25.048+0000] {dagbag.py:541} INFO - Filling up the DagBag from /home/airflow/.local/lib/python3.7/site-packages/airflow/example_dags/example_params_trigger_ui.py
[2026-09-19T21:58:25.086+0000] {processor.py:809} INFO - DAG(s) dict_keys(['example_params_trigger_ui']) retrieved from /home/airflow/.local/lib/python3.7/site-packages/airflow/example_dags/example_params_trigger_ui.py
[2026-09-19T21:58:25.236+0000] {logging_mixin.py:149} INFO - [2026-09-19T21:58:25.236+0000] {dag.py:2726} INFO - Sync 1 DAGs
[2026-09-19T21:58:25.279+0000] {logging_mixin.py:149} INFO - [2026-09-19T21:58:25.279+0000] {dag.py:3490} INFO - Setting next_dagrun for example_params_trigger_ui to None, run_after=None
[2026-09-19T21:58:25.308+0000] {processor.py:178} INFO - Processing /home/airflow/.local/lib/python3.7/site-packages/airflow/example_dags/example_params_trigger_ui.py took 0.269 seconds
[2026-09-19T21:58:56.312+0000] {processor.py:156} INFO - Started process (PID=6479) to work on /home/airflow/.local/lib/python3.7/site-packages/airflow/example_dags/example_params_trigger_ui.py
[2026-09-19T21:58:56.314+0000] {processor.py:799} INFO - Processing file /home/airflow/.local/lib/python3.7/site-packages/airflow/example_dags/example_params_trigger_ui.py for tasks to queue
[2026-09-19T21:58:56.315+0000] {logging_mixin.py:149} INFO - [2026-09-19T21:58:56.315+0000] {dagbag.py:541} INFO - Filling up the DagBag from /home/airflow/.local/lib/python3.7/site-packages/airflow/example_dags/example_params_trigger_ui.py
[2026-09-19T21:58:56.359+0000] {processor.py:809} INFO - DAG(s) dict_keys(['example_params_trigger_ui']) retrieved from /home/airflow/.local/lib/python3.7/site-packages/airflow/example_dags/example_params_trigger_ui.py
[2026-09-19T21:58:56.503+0000] {logging_mixin.py:149} INFO - [2026-09-19T21:58:56.503+0000] {dag.py:2726} INFO - Sync 1 DAGs
[2026-09-19T21:58:56.552+0000] {logging_mixin.py:149} INFO - [2026-09-19T21:58:56.552+0000] {dag.py:3490} INFO - Setting next_dagrun for example_params_trigger_ui to None, run_after=None
[2026-09-19T21:58:56.582+0000] {processor.py:178} INFO - Processing /home/airflow/.local/lib/python3.7/site-packages/airflow/example_dags/example_params_trigger_ui.py took 0.277 seconds
[2026-09-19T21:59:27.159+0000] {processor.py:156} INFO - Started process (PID=6535) to work on /home/airflow/.local/lib/python3.7/site-packages/airflow/example_dags/example_params_trigger_ui.py
[2026-09-19T21:59:27.161+0000] {processor.py:799} INFO - Processing file /home/airflow/.local/lib/python3.7/site-packages/airflow/example_dags/example_params_trigger_ui.py for tasks to queue
[2026-09-19T21:59:27.163+0000] {logging_mixin.py:149} INFO - [2026-09-19T21:59:27.163+0000] {dagbag.py:541} INFO - Filling up the DagBag from /home/airflow/.local/lib/python3.7/site-packages/airflow/example_dags/example_params_trigger_ui.py
[2026-09-19T21:59:27.201+0000] {processor.py:809} INFO - DAG(s) dict_keys(['example_params_trigger_ui']) retrieved from /home/airflow/.local/lib/python3.7/site-packages/airflow/example_dags/example_params_trigger_ui.py
[2026-09-19T21:59:27.335+0000] {logging_mixin.py:149} INFO - [2026-09-19T21:59:27.335+0000] {dag.py:2726} INFO - Sync 1 DAGs
[2026-09-19T21:59:27.376+0000] {logging_mixin.py:149} INFO - [2026-09-19T21:59:27.376+0000] {dag.py:3490} INFO - Setting next_dagrun for example_params_trigger_ui to None, run_after=None
[2026-09-19T21:59:27.404+0000] {processor.py:178} INFO - Processing /home/airflow/.local/lib/python3.7/site-packages/airflow/example_dags/example_params_trigger_ui.py took 0.252 seconds
[2026-09-19T21:59:58.385+0000] {processor.py:156} INFO - Started process (PID=6589) to work on /home/airflow/.local/lib/python3.7/site-packages/airflow/example_dags/example_params_trigger_ui.py
[2026-09-19T21:59:58.387+0000] {processor.py:799} INFO - Processing file /home/airflow/.local/lib/python3.7/site-packages/airflow/example_dags/example_params_trigger_ui.py for tasks to queue
[2026-09-19T21:59:58.388+0000] {logging_mixin.py:149} INFO - [2026-09-19T21:59:58.388+0000] {dagbag.py:541} INFO - Filling up the DagBag from /home/airflow/.local/lib/python3.7/site-packages/airflow/example_dags/example_params_trigger_ui.py
[2026-09-19T21:59:58.431+0000] {processor.py:809} INFO - DAG(s) dict_keys(['example_params_trigger_ui']) retrieved from /home/airflow/.local/lib/python3.7/site-packages/airflow/example_dags/example_params_trigger_ui.py
[2026-09-19T21:59:58.607+0000] {logging_mixin.py:149} INFO - [2026-09-19T21:59:58.607+0000] {dag.py:2726} INFO - Sync 1 DAGs
[2026-09-19T21:59:58.651+0000] {logging_mixin.py:149} INFO - [2026-09-19T21:59:58.651+0000] {dag.py:3490} INFO - Setting next_dagrun for example_params_trigger_ui to None, run_after=None
[2026-09-19T21:59:58.687+0000] {processor.py:178} INFO - Processing /home/airflow/.local/lib/python3.7/site-packages/airflow/example_dags/example_params_trigger_ui.py took 0.312 seconds
[2026-09-19T22:00:29.875+0000] {processor.py:156} INFO - Started process (PID=6645) to work on /home/airflow/.local/lib/python3.7/site-packages/airflow/example_dags/example_params_trigger_ui.py
[2026-09-19T22:00:29.876+0000] {processor.py:799} INFO - Processing file /home/airflow/.local/lib/python3.7/site-packages/airflow/example_dags/example_params_trigger_ui.py for tasks to queue
[2026-09-19T22:00:29.877+0000] {logging_mixin.py:149} INFO - [2026-09-19T22:00:29.877+0000] {dagbag.py:541} INFO - Filling up the DagBag from /home/airflow/.local/lib/python3.7/site-packages/airflow/example_dags/example_params_trigger_ui.py
[2026-09-19T22:00:29.917+0000] {processor.py:809} INFO - DAG(s) dict_keys(['example_params_trigger_ui']) retrieved from /home/airflow/.local/lib/python3.7/site-packages/airflow/example_dags/example_params_trigger_ui.py
[2026-09-19T22:00:30.057+0000] {logging_mixin.py:149} INFO - [2026-09-19T22:00:30.057+0000] {dag.py:2726} INFO - Sync 1 DAGs
[2026-09-19T22:00:30.101+0000] {logging_mixin.py:149} INFO - [2026-09-19T22:00:30.101+0000] {dag.py:3490} INFO - Setting next_dagrun for example_params_trigger_ui to None, run_after=None
[2026-09-19T22:00:30.134+0000] {processor.py:178} INFO - Processing /home/airflow/.local/lib/python3.7/site-packages/airflow/example_dags/example_params_trigger_ui.py took 0.265 seconds
[2026-09-19T22:01:00.670+0000] {processor.py:156} INFO - Started process (PID=6701) to work on /home/airflow/.local/lib/python3.7/site-packages/airflow/example_dags/example_params_trigger_ui.py
[2026-09-19T22:01:00.675+0000] {processor.py:799} INFO - Processing file /home/airflow/.local/lib/python3.7/site-packages/airflow/example_dags/example_params_trigger_ui.py for tasks to queue
[2026-09-19T22:01:00.676+0000] {logging_mixin.py:149} INFO - [2026-09-19T22:01:00.676+0000] {dagbag.py:541} INFO - Filling up the DagBag from /home/airflow/.local/lib/python3.7/site-packages/airflow/example_dags/example_params_trigger_ui.py
[2026-09-19T22:01:00.714+0000] {processor.py:809} INFO - DAG(s) dict_keys(['example_params_trigger_ui']) retrieved from /home/airflow/.local/lib/python3.7/site-packages/airflow/example_dags/example_params_trigger_ui.py
[2026-09-19T22:01:00.857+0000] {logging_mixin.py:149} INFO - [2026-09-19T22:01:00.857+0000] {dag.py:2726} INFO - Sync 1 DAGs
[2026-09-19T22:01:00.902+0000] {logging_mixin.py:149} INFO - [2026-09-19T22:01:00.902+0000] {dag.py:3490} INFO - Setting next_dagrun for example_params_trigger_ui to None, run_after=None
[2026-09-19T22:01:00.944+0000] {processor.py:178} INFO - Processing /home/airflow/.local/lib/python3.7/site-packages/airflow/example_dags/example_params_trigger_ui.py took 0.281 seconds
[2026-09-19T22:01:31.201+0000] {processor.py:156} INFO - Started process (PID=6756) to work on /home/airflow/.local/lib/python3.7/site-packages/airflow/example_dags/example_params_trigger_ui.py
[2026-09-19T22:01:31.203+0000] {processor.py:799} INFO - Processing file /home/airflow/.local/lib/python3.7/site-packages/airflow/example_dags/example_params_trigger_ui.py for tasks to queue
[2026-09-19T22:01:31.205+0000] {logging_mixin.py:149} INFO - [2026-09-19T22:01:31.204+0000] {dagbag.py:541} INFO - Filling up the DagBag from /home/airflow/.local/lib/python3.7/site-packages/airflow/example_dags/example_params_trigger_ui.py
[2026-09-19T22:01:31.247+0000] {processor.py:809} INFO - DAG(s) dict_keys(['example_params_trigger_ui']) retrieved from /home/airflow/.local/lib/python3.7/site-packages/airflow/example_dags/example_params_trigger_ui.py
[2026-09-19T22:01:31.395+0000] {logging_mixin.py:149} INFO - [2026-09-19T22:01:31.395+0000] {dag.py:2726} INFO - Sync 1 DAGs
[2026-09-19T22:01:31.439+0000] {logging_mixin.py:149} INFO - [2026-09-19T22:01:31.438+0000] {dag.py:3490} INFO - Setting next_dagrun for example_params_trigger_ui to None, run_after=None
[2026-09-19T22:01:31.475+0000] {processor.py:178} INFO - Processing /home/airflow/.local/lib/python3.7/site-packages/airflow/example_dags/example_params_trigger_ui.py took 0.280 seconds
[2026-09-19T22:02:01.646+0000] {processor.py:156} INFO - Started process (PID=6811) to work on /home/airflow/.local/lib/python3.7/site-packages/airflow/example_dags/example_params_trigger_ui.py
[2026-09-19T22:02:01.648+0000] {processor.py:799} INFO - Processing file /home/airflow/.local/lib/python3.7/site-packages/airflow/example_dags/example_params_trigger_ui.py for tasks to queue
[2026-09-19T22:02:01.649+0000] {logging_mixin.py:149} INFO - [2026-09-19T22:02:01.649+0000] {dagbag.py:541} INFO - Filling up the DagBag from /home/airflow/.local/lib/python3.7/site-packages/airflow/example_dags/example_params_trigger_ui.py
[2026-09-19T22:02:01.685+0000] {processor.py:809} INFO - DAG(s) dict_keys(['example_params_trigger_ui']) retrieved from /home/airflow/.local/lib/python3.7/site-packages/airflow/example_dags/example_params_trigger_ui.py
[2026-09-19T22:02:01.835+0000] {logging_mixin.py:149} INFO - [2026-09-19T22:02:01.835+0000] {dag.py:2726} INFO - Sync 1 DAGs
[2026-09-19T22:02:01.880+0000] {logging_mixin.py:149} INFO - [2026-09-19T22:02:01.880+0000] {dag.py:3490} INFO - Setting next_dagrun for example_params_trigger_ui to None, run_after=None
[2026-09-19T22:02:01.910+0000] {processor.py:178} INFO - Processing /home/airflow/.local/lib/python3.7/site-packages/airflow/example_dags/example_params_trigger_ui.py took 0.270 seconds
[2026-09-19T22:02:32.077+0000] {processor.py:156} INFO - Started process (PID=6868) to work on /home/airflow/.local/lib/python3.7/site-packages/airflow/example_dags/example_params_trigger_ui.py
[2026-09-19T22:02:32.079+0000] {processor.py:799} INFO - Processing file /home/airflow/.local/lib/python3.7/site-packages/airflow/example_dags/example_params_trigger_ui.py for tasks to queue
[2026-09-19T22:02:32.080+0000] {logging_mixin.py:149} INFO - [2026-09-19T22:02:32.080+0000] {dagbag.py:541} INFO - Filling up the DagBag from /home/airflow/.local/lib/python3.7/site-packages/airflow/example_dags/example_params_trigger_ui.py
[2026-09-19T22:02:32.121+0000] {processor.py:809} INFO - DAG(s) dict_keys(['example_params_trigger_ui']) retrieved from /home/airflow/.local/lib/python3.7/site-packages/airflow/example_dags/example_params_trigger_ui.py
[2026-09-19T22:02:32.263+0000] {logging_mixin.py:149} INFO - [2026-09-19T22:02:32.263+0000] {dag.py:2726} INFO - Sync 1 DAGs
[2026-09-19T22:02:32.306+0000] {logging_mixin.py:149} INFO - [2026-09-19T22:02:32.305+0000] {dag.py:3490} INFO - Setting next_dagrun for example_params_trigger_ui to None, run_after=None
[2026-09-19T22:02:32.336+0000] {processor.py:178} INFO - Processing /home/airflow/.local/lib/python3.7/site-packages/airflow/example_dags/example_params_trigger_ui.py took 0.266 seconds
[2026-09-19T22:03:03.124+0000] {processor.py:156} INFO - Started process (PID=6925) to work on /home/airflow/.local/lib/python3.7/site-packages/airflow/example_dags/example_params_trigger_ui.py
[2026-09-19T22:03:03.126+0000] {processor.py:799} INFO - Processing file /home/airflow/.local/lib/python3.7/site-packages/airflow/example_dags/example_params_trigger_ui.py for tasks to queue
[2026-09-19T22:03:03.126+0000] {logging_mixin.py:149} INFO - [2026-09-19T22:03:03.126+0000] {dagbag.py:541} INFO - Filling up the DagBag from /home/airflow/.local/lib/python3.7/site-packages/airflow/example_dags/example_params_trigger_ui.py
[2026-09-19T22:03:03.164+0000] {processor.py:809} INFO - DAG(s) dict_keys(['example_params_trigger_ui']) retrieved from /home/airflow/.local/lib/python3.7/site-packages/airflow/example_dags/example_params_trigger_ui.py
[2026-09-19T22:03:03.298+0000] {logging_mixin.py:149} INFO - [2026-09-19T22:03:03.298+0000] {dag.py:2726} INFO - Sync 1 DAGs
[2026-09-19T22:03:03.338+0000] {logging_mixin.py:149} INFO - [2026-09-19T22:03:03.338+0000] {dag.py:3490} INFO - Setting next_dagrun for example_params_trigger_ui to None, run_after=None
[2026-09-19T22:03:03.368+0000] {processor.py:178} INFO - Processing /home/airflow/.local/lib/python3.7/site-packages/airflow/example_dags/example_params_trigger_ui.py took 0.250 seconds
[2026-09-19T22:03:33.538+0000] {processor.py:156} INFO - Started process (PID=6980) to work on /home/airflow/.local/lib/python3.7/site-packages/airflow/example_dags/example_params_trigger_ui.py
[2026-09-19T22:03:33.540+0000] {processor.py:799} INFO - Processing file /home/airflow/.local/lib/python3.7/site-packages/airflow/example_dags/example_params_trigger_ui.py for tasks to queue
[2026-09-19T22:03:33.542+0000] {logging_mixin.py:149} INFO - [2026-09-19T22:03:33.542+0000] {dagbag.py:541} INFO - Filling up the DagBag from /home/airflow/.local/lib/python3.7/site-packages/airflow/example_dags/example_params_trigger_ui.py
[2026-09-19T22:03:33.589+0000] {processor.py:809} INFO - DAG(s) dict_keys(['example_params_trigger_ui']) retrieved from /home/airflow/.local/lib/python3.7/site-packages/airflow/example_dags/example_params_trigger_ui.py
[2026-09-19T22:03:33.730+0000] {logging_mixin.py:149} INFO - [2026-09-19T22:03:33.730+0000] {dag.py:2726} INFO - Sync 1 DAGs
[2026-09-19T22:03:33.773+0000] {logging_mixin.py:149} INFO - [2026-09-19T22:03:33.772+0000] {dag.py:3490} INFO - Setting next_dagrun for example_params_trigger_ui to None, run_after=None
[2026-09-19T22:03:33.805+0000] {processor.py:178} INFO - Processing /home/airflow/.local/lib/python3.7/site-packages/airflow/example_dags/example_params_trigger_ui.py took 0.275 seconds
[2026-09-19T22:04:04.230+0000] {processor.py:156} INFO - Started process (PID=7036) to work on /home/airflow/.local/lib/python3.7/site-packages/airflow/example_dags/example_params_trigger_ui.py
[2026-09-19T22:04:04.232+0000] {processor.py:799} INFO - Processing file /home/airflow/.local/lib/python3.7/site-packages/airflow/example_dags/example_params_trigger_ui.py for tasks to queue
[2026-09-19T22:04:04.233+0000] {logging_mixin.py:149} INFO - [2026-09-19T22:04:04.233+0000] {dagbag.py:541} INFO - Filling up the DagBag from /home/airflow/.local/lib/python3.7/site-packages/airflow/example_dags/example_params_trigger_ui.py
[2026-09-19T22:04:04.274+0000] {processor.py:809} INFO - DAG(s) dict_keys(['example_params_trigger_ui']) retrieved from /home/airflow/.local/lib/python3.7/site-packages/airflow/example_dags/example_params_trigger_ui.py
[2026-09-19T22:04:04.412+0000] {logging_mixin.py:149} INFO - [2026-09-19T22:04:04.412+0000] {dag.py:2726} INFO - Sync 1 DAGs
[2026-09-19T22:04:04.470+0000] {logging_mixin.py:149} INFO - [2026-09-19T22:04:04.470+0000] {dag.py:3490} INFO - Setting next_dagrun for example_params_trigger_ui to None, run_after=None
[2026-09-19T22:04:04.503+0000] {processor.py:178} INFO - Processing /home/airflow/.local/lib/python3.7/site-packages/airflow/example_dags/example_params_trigger_ui.py took 0.279 seconds
[2026-09-19T22:04:34.549+0000] {processor.py:156} INFO - Started process (PID=7087) to work on /home/airflow/.local/lib/python3.7/site-packages/airflow/example_dags/example_params_trigger_ui.py
[2026-09-19T22:04:34.552+0000] {processor.py:799} INFO - Processing file /home/airflow/.local/lib/python3.7/site-packages/airflow/example_dags/example_params_trigger_ui.py for tasks to queue
[2026-09-19T22:04:34.554+0000] {logging_mixin.py:149} INFO - [2026-09-19T22:04:34.553+0000] {dagbag.py:541} INFO - Filling up the DagBag from /home/airflow/.local/lib/python3.7/site-packages/airflow/example_dags/example_params_trigger_ui.py
[2026-09-19T22:04:34.608+0000] {processor.py:809} INFO - DAG(s) dict_keys(['example_params_trigger_ui']) retrieved from /home/airflow/.local/lib/python3.7/site-packages/airflow/example_dags/example_params_trigger_ui.py
[2026-09-19T22:04:34.792+0000] {logging_mixin.py:149} INFO - [2026-09-19T22:04:34.792+0000] {dag.py:2726} INFO - Sync 1 DAGs
[2026-09-19T22:04:34.833+0000] {logging_mixin.py:149} INFO - [2026-09-19T22:04:34.833+0000] {dag.py:3490} INFO - Setting next_dagrun for example_params_trigger_ui to None, run_after=None
[2026-09-19T22:04:34.865+0000] {processor.py:178} INFO - Processing /home/airflow/.local/lib/python3.7/site-packages/airflow/example_dags/example_params_trigger_ui.py took 0.324 seconds
[2026-09-19T22:05:05.663+0000] {processor.py:156} INFO - Started process (PID=7144) to work on /home/airflow/.local/lib/python3.7/site-packages/airflow/example_dags/example_params_trigger_ui.py
[2026-09-19T22:05:05.665+0000] {processor.py:799} INFO - Processing file /home/airflow/.local/lib/python3.7/site-packages/airflow/example_dags/example_params_trigger_ui.py for tasks to queue
[2026-09-19T22:05:05.666+0000] {logging_mixin.py:149} INFO - [2026-09-19T22:05:05.666+0000] {dagbag.py:541} INFO - Filling up the DagBag from /home/airflow/.local/lib/python3.7/site-packages/airflow/example_dags/example_params_trigger_ui.py
[2026-09-19T22:05:05.710+0000] {processor.py:809} INFO - DAG(s) dict_keys(['example_params_trigger_ui']) retrieved from /home/airflow/.local/lib/python3.7/site-packages/airflow/example_dags/example_params_trigger_ui.py
[2026-09-19T22:05:05.866+0000] {logging_mixin.py:149} INFO - [2026-09-19T22:05:05.866+0000] {dag.py:2726} INFO - Sync 1 DAGs
[2026-09-19T22:05:05.924+0000] {logging_mixin.py:149} INFO - [2026-09-19T22:05:05.924+0000] {dag.py:3490} INFO - Setting next_dagrun for example_params_trigger_ui to None, run_after=None
[2026-09-19T22:05:06.141+0000] {processor.py:178} INFO - Processing /home/airflow/.local/lib/python3.7/site-packages/airflow/example_dags/example_params_trigger_ui.py took 0.491 seconds
[2026-09-19T22:05:36.395+0000] {processor.py:156} INFO - Started process (PID=7200) to work on /home/airflow/.local/lib/python3.7/site-packages/airflow/example_dags/example_params_trigger_ui.py
[2026-09-19T22:05:36.396+0000] {processor.py:799} INFO - Processing file /home/airflow/.local/lib/python3.7/site-packages/airflow/example_dags/example_params_trigger_ui.py for tasks to queue
[2026-09-19T22:05:36.397+0000] {logging_mixin.py:149} INFO - [2026-09-19T22:05:36.397+0000] {dagbag.py:541} INFO - Filling up the DagBag from /home/airflow/.local/lib/python3.7/site-packages/airflow/example_dags/example_params_trigger_ui.py
[2026-09-19T22:05:36.439+0000] {processor.py:809} INFO - DAG(s) dict_keys(['example_params_trigger_ui']) retrieved from /home/airflow/.local/lib/python3.7/site-packages/airflow/example_dags/example_params_trigger_ui.py
[2026-09-19T22:05:36.578+0000] {logging_mixin.py:149} INFO - [2026-09-19T22:05:36.577+0000] {dag.py:2726} INFO - Sync 1 DAGs
[2026-09-19T22:05:36.622+0000] {logging_mixin.py:149} INFO - [2026-09-19T22:05:36.621+0000] {dag.py:3490} INFO - Setting next_dagrun for example_params_trigger_ui to None, run_after=None
[2026-09-19T22:05:36.653+0000] {processor.py:178} INFO - Processing /home/airflow/.local/lib/python3.7/site-packages/airflow/example_dags/example_params_trigger_ui.py took 0.267 seconds
[2026-09-19T22:06:06.847+0000] {processor.py:156} INFO - Started process (PID=7256) to work on /home/airflow/.local/lib/python3.7/site-packages/airflow/example_dags/example_params_trigger_ui.py
[2026-09-19T22:06:06.849+0000] {processor.py:799} INFO - Processing file /home/airflow/.local/lib/python3.7/site-packages/airflow/example_dags/example_params_trigger_ui.py for tasks to queue
[2026-09-19T22:06:06.850+0000] {logging_mixin.py:149} INFO - [2026-09-19T22:06:06.850+0000] {dagbag.py:541} INFO - Filling up the DagBag from /home/airflow/.local/lib/python3.7/site-packages/airflow/example_dags/example_params_trigger_ui.py
[2026-09-19T22:06:06.887+0000] {processor.py:809} INFO - DAG(s) dict_keys(['example_params_trigger_ui']) retrieved from /home/airflow/.local/lib/python3.7/site-packages/airflow/example_dags/example_params_trigger_ui.py
[2026-09-19T22:06:07.027+0000] {logging_mixin.py:149} INFO - [2026-09-19T22:06:07.026+0000] {dag.py:2726} INFO - Sync 1 DAGs
[2026-09-19T22:06:07.070+0000] {logging_mixin.py:149} INFO - [2026-09-19T22:06:07.070+0000] {dag.py:3490} INFO - Setting next_dagrun for example_params_trigger_ui to None, run_after=None
[2026-09-19T22:06:07.101+0000] {processor.py:178} INFO - Processing /home/airflow/.local/lib/python3.7/site-packages/airflow/example_dags/example_params_trigger_ui.py took 0.260 seconds
[2026-09-19T22:06:37.470+0000] {processor.py:156} INFO - Started process (PID=7312) to work on /home/airflow/.local/lib/python3.7/site-packages/airflow/example_dags/example_params_trigger_ui.py
[2026-09-19T22:06:37.472+0000] {processor.py:799} INFO - Processing file /home/airflow/.local/lib/python3.7/site-packages/airflow/example_dags/example_params_trigger_ui.py for tasks to queue
[2026-09-19T22:06:37.473+0000] {logging_mixin.py:149} INFO - [2026-09-19T22:06:37.473+0000] {dagbag.py:541} INFO - Filling up the DagBag from /home/airflow/.local/lib/python3.7/site-packages/airflow/example_dags/example_params_trigger_ui.py
[2026-09-19T22:06:37.516+0000] {processor.py:809} INFO - DAG(s) dict_keys(['example_params_trigger_ui']) retrieved from /home/airflow/.local/lib/python3.7/site-packages/airflow/example_dags/example_params_trigger_ui.py
[2026-09-19T22:06:37.688+0000] {logging_mixin.py:149} INFO - [2026-09-19T22:06:37.688+0000] {dag.py:2726} INFO - Sync 1 DAGs
[2026-09-19T22:06:37.741+0000] {logging_mixin.py:149} INFO - [2026-09-19T22:06:37.741+0000] {dag.py:3490} INFO - Setting next_dagrun for example_params_trigger_ui to None, run_after=None
[2026-09-19T22:06:37.777+0000] {processor.py:178} INFO - Processing /home/airflow/.local/lib/python3.7/site-packages/airflow/example_dags/example_params_trigger_ui.py took 0.314 seconds
[2026-09-19T22:07:08.359+0000] {processor.py:156} INFO - Started process (PID=7368) to work on /home/airflow/.local/lib/python3.7/site-packages/airflow/example_dags/example_params_trigger_ui.py
[2026-09-19T22:07:08.361+0000] {processor.py:799} INFO - Processing file /home/airflow/.local/lib/python3.7/site-packages/airflow/example_dags/example_params_trigger_ui.py for tasks to queue
[2026-09-19T22:07:08.362+0000] {logging_mixin.py:149} INFO - [2026-09-19T22:07:08.362+0000] {dagbag.py:541} INFO - Filling up the DagBag from /home/airflow/.local/lib/python3.7/site-packages/airflow/example_dags/example_params_trigger_ui.py
[2026-09-19T22:07:08.399+0000] {processor.py:809} INFO - DAG(s) dict_keys(['example_params_trigger_ui']) retrieved from /home/airflow/.local/lib/python3.7/site-packages/airflow/example_dags/example_params_trigger_ui.py
[2026-09-19T22:07:08.541+0000] {logging_mixin.py:149} INFO - [2026-09-19T22:07:08.541+0000] {dag.py:2726} INFO - Sync 1 DAGs
[2026-09-19T22:07:08.589+0000] {logging_mixin.py:149} INFO - [2026-09-19T22:07:08.589+0000] {dag.py:3490} INFO - Setting next_dagrun for example_params_trigger_ui to None, run_after=None
[2026-09-19T22:07:08.622+0000] {processor.py:178} INFO - Processing /home/airflow/.local/lib/python3.7/site-packages/airflow/example_dags/example_params_trigger_ui.py took 0.270 seconds
[2026-09-19T22:07:38.708+0000] {processor.py:156} INFO - Started process (PID=7424) to work on /home/airflow/.local/lib/python3.7/site-packages/airflow/example_dags/example_params_trigger_ui.py
[2026-09-19T22:07:38.710+0000] {processor.py:799} INFO - Processing file /home/airflow/.local/lib/python3.7/site-packages/airflow/example_dags/example_params_trigger_ui.py for tasks to queue
[2026-09-19T22:07:38.711+0000] {logging_mixin.py:149} INFO - [2026-09-19T22:07:38.710+0000] {dagbag.py:541} INFO - Filling up the DagBag from /home/airflow/.local/lib/python3.7/site-packages/airflow/example_dags/example_params_trigger_ui.py
[2026-09-19T22:07:38.746+0000] {processor.py:809} INFO - DAG(s) dict_keys(['example_params_trigger_ui']) retrieved from /home/airflow/.local/lib/python3.7/site-packages/airflow/example_dags/example_params_trigger_ui.py
[2026-09-19T22:07:38.884+0000] {logging_mixin.py:149} INFO - [2026-09-19T22:07:38.884+0000] {dag.py:2726} INFO - Sync 1 DAGs
[2026-09-19T22:07:38.933+0000] {logging_mixin.py:149} INFO - [2026-09-19T22:07:38.933+0000] {dag.py:3490} INFO - Setting next_dagrun for example_params_trigger_ui to None, run_after=None
[2026-09-19T22:07:39.175+0000] {processor.py:178} INFO - Processing /home/airflow/.local/lib/python3.7/site-packages/airflow/example_dags/example_params_trigger_ui.py took 0.472 seconds
[2026-09-19T22:08:10.058+0000] {processor.py:156} INFO - Started process (PID=7481) to work on /home/airflow/.local/lib/python3.7/site-packages/airflow/example_dags/example_params_trigger_ui.py
[2026-09-19T22:08:10.060+0000] {processor.py:799} INFO - Processing file /home/airflow/.local/lib/python3.7/site-packages/airflow/example_dags/example_params_trigger_ui.py for tasks to queue
[2026-09-19T22:08:10.061+0000] {logging_mixin.py:149} INFO - [2026-09-19T22:08:10.061+0000] {dagbag.py:541} INFO - Filling up the DagBag from /home/airflow/.local/lib/python3.7/site-packages/airflow/example_dags/example_params_trigger_ui.py
[2026-09-19T22:08:10.098+0000] {processor.py:809} INFO - DAG(s) dict_keys(['example_params_trigger_ui']) retrieved from /home/airflow/.local/lib/python3.7/site-packages/airflow/example_dags/example_params_trigger_ui.py
[2026-09-19T22:08:10.241+0000] {logging_mixin.py:149} INFO - [2026-09-19T22:08:10.241+0000] {dag.py:2726} INFO - Sync 1 DAGs
[2026-09-19T22:08:10.286+0000] {logging_mixin.py:149} INFO - [2026-09-19T22:08:10.286+0000] {dag.py:3490} INFO - Setting next_dagrun for example_params_trigger_ui to None, run_after=None
[2026-09-19T22:08:10.317+0000] {processor.py:178} INFO - Processing /home/airflow/.local/lib/python3.7/site-packages/airflow/example_dags/example_params_trigger_ui.py took 0.266 seconds
[2026-09-19T22:08:40.675+0000] {processor.py:156} INFO - Started process (PID=7537) to work on /home/airflow/.local/lib/python3.7/site-packages/airflow/example_dags/example_params_trigger_ui.py
[2026-09-19T22:08:40.678+0000] {processor.py:799} INFO - Processing file /home/airflow/.local/lib/python3.7/site-packages/airflow/example_dags/example_params_trigger_ui.py for tasks to queue
[2026-09-19T22:08:40.680+0000] {logging_mixin.py:149} INFO - [2026-09-19T22:08:40.679+0000] {dagbag.py:541} INFO - Filling up the DagBag from /home/airflow/.local/lib/python3.7/site-packages/airflow/example_dags/example_params_trigger_ui.py
[2026-09-19T22:08:40.721+0000] {processor.py:809} INFO - DAG(s) dict_keys(['example_params_trigger_ui']) retrieved from /home/airflow/.local/lib/python3.7/site-packages/airflow/example_dags/example_params_trigger_ui.py
[2026-09-19T22:08:40.867+0000] {logging_mixin.py:149} INFO - [2026-09-19T22:08:40.867+0000] {dag.py:2726} INFO - Sync 1 DAGs
[2026-09-19T22:08:41.099+0000] {logging_mixin.py:149} INFO - [2026-09-19T22:08:41.099+0000] {dag.py:3490} INFO - Setting next_dagrun for example_params_trigger_ui to None, run_after=None
[2026-09-19T22:08:41.128+0000] {processor.py:178} INFO - Processing /home/airflow/.local/lib/python3.7/site-packages/airflow/example_dags/example_params_trigger_ui.py took 0.459 seconds
[2026-09-19T22:09:11.875+0000] {processor.py:156} INFO - Started process (PID=7593) to work on /home/airflow/.local/lib/python3.7/site-packages/airflow/example_dags/example_params_trigger_ui.py
[2026-09-19T22:09:11.877+0000] {processor.py:799} INFO - Processing file /home/airflow/.local/lib/python3.7/site-packages/airflow/example_dags/example_params_trigger_ui.py for tasks to queue
[2026-09-19T22:09:11.878+0000] {logging_mixin.py:149} INFO - [2026-09-19T22:09:11.878+0000] {dagbag.py:541} INFO - Filling up the DagBag from /home/airflow/.local/lib/python3.7/site-packages/airflow/example_dags/example_params_trigger_ui.py
[2026-09-19T22:09:11.917+0000] {processor.py:809} INFO - DAG(s) dict_keys(['example_params_trigger_ui']) retrieved from /home/airflow/.local/lib/python3.7/site-packages/airflow/example_dags/example_params_trigger_ui.py
[2026-09-19T22:09:12.061+0000] {logging_mixin.py:149} INFO - [2026-09-19T22:09:12.061+0000] {dag.py:2726} INFO - Sync 1 DAGs
[2026-09-19T22:09:12.102+0000] {logging_mixin.py:149} INFO - [2026-09-19T22:09:12.101+0000] {dag.py:3490} INFO - Setting next_dagrun for example_params_trigger_ui to None, run_after=None
[2026-09-19T22:09:12.133+0000] {processor.py:178} INFO - Processing /home/airflow/.local/lib/python3.7/site-packages/airflow/example_dags/example_params_trigger_ui.py took 0.264 seconds
[2026-09-19T22:09:42.356+0000] {processor.py:156} INFO - Started process (PID=7649) to work on /home/airflow/.local/lib/python3.7/site-packages/airflow/example_dags/example_params_trigger_ui.py
[2026-09-19T22:09:42.358+0000] {processor.py:799} INFO - Processing file /home/airflow/.local/lib/python3.7/site-packages/airflow/example_dags/example_params_trigger_ui.py for tasks to queue
[2026-09-19T22:09:42.359+0000] {logging_mixin.py:149} INFO - [2026-09-19T22:09:42.359+0000] {dagbag.py:541} INFO - Filling up the DagBag from /home/airflow/.local/lib/python3.7/site-packages/airflow/example_dags/example_params_trigger_ui.py
[2026-09-19T22:09:42.399+0000] {processor.py:809} INFO - DAG(s) dict_keys(['example_params_trigger_ui']) retrieved from /home/airflow/.local/lib/python3.7/site-packages/airflow/example_dags/example_params_trigger_ui.py
[2026-09-19T22:09:42.795+0000] {logging_mixin.py:149} INFO - [2026-09-19T22:09:42.794+0000] {dag.py:2726} INFO - Sync 1 DAGs
[2026-09-19T22:09:42.840+0000] {logging_mixin.py:149} INFO - [2026-09-19T22:09:42.840+0000] {dag.py:3490} INFO - Setting next_dagrun for example_params_trigger_ui to None, run_after=None
[2026-09-19T22:09:42.871+0000] {processor.py:178} INFO - Processing /home/airflow/.local/lib/python3.7/site-packages/airflow/example_dags/example_params_trigger_ui.py took 0.521 seconds
[2026-09-19T22:10:13.676+0000] {processor.py:156} INFO - Started process (PID=7705) to work on /home/airflow/.local/lib/python3.7/site-packages/airflow/example_dags/example_params_trigger_ui.py
[2026-09-19T22:10:13.678+0000] {processor.py:799} INFO - Processing file /home/airflow/.local/lib/python3.7/site-packages/airflow/example_dags/example_params_trigger_ui.py for tasks to queue
[2026-09-19T22:10:13.679+0000] {logging_mixin.py:149} INFO - [2026-09-19T22:10:13.679+0000] {dagbag.py:541} INFO - Filling up the DagBag from /home/airflow/.local/lib/python3.7/site-packages/airflow/example_dags/example_params_trigger_ui.py
[2026-09-19T22:10:13.721+0000] {processor.py:809} INFO - DAG(s) dict_keys(['example_params_trigger_ui']) retrieved from /home/airflow/.local/lib/python3.7/site-packages/airflow/example_dags/example_params_trigger_ui.py
[2026-09-19T22:10:13.741+0000] {logging_mixin.py:149} INFO - [2026-09-19T22:10:13.741+0000] {dag.py:2726} INFO - Sync 1 DAGs
[2026-09-19T22:10:13.784+0000] {logging_mixin.py:149} INFO - [2026-09-19T22:10:13.784+0000] {dag.py:3490} INFO - Setting next_dagrun for example_params_trigger_ui to None, run_after=None
[2026-09-19T22:10:13.813+0000] {processor.py:178} INFO - Processing /home/airflow/.local/lib/python3.7/site-packages/airflow/example_dags/example_params_trigger_ui.py took 0.144 seconds
[2026-09-19T22:10:43.878+0000] {processor.py:156} INFO - Started process (PID=7762) to work on /home/airflow/.local/lib/python3.7/site-packages/airflow/example_dags/example_params_trigger_ui.py
[2026-09-19T22:10:43.879+0000] {processor.py:799} INFO - Processing file /home/airflow/.local/lib/python3.7/site-packages/airflow/example_dags/example_params_trigger_ui.py for tasks to queue
[2026-09-19T22:10:43.881+0000] {logging_mixin.py:149} INFO - [2026-09-19T22:10:43.880+0000] {dagbag.py:541} INFO - Filling up the DagBag from /home/airflow/.local/lib/python3.7/site-packages/airflow/example_dags/example_params_trigger_ui.py
[2026-09-19T22:10:43.923+0000] {processor.py:809} INFO - DAG(s) dict_keys(['example_params_trigger_ui']) retrieved from /home/airflow/.local/lib/python3.7/site-packages/airflow/example_dags/example_params_trigger_ui.py
[2026-09-19T22:10:44.071+0000] {logging_mixin.py:149} INFO - [2026-09-19T22:10:44.071+0000] {dag.py:2726} INFO - Sync 1 DAGs
[2026-09-19T22:10:44.113+0000] {logging_mixin.py:149} INFO - [2026-09-19T22:10:44.113+0000] {dag.py:3490} INFO - Setting next_dagrun for example_params_trigger_ui to None, run_after=None
[2026-09-19T22:10:44.360+0000] {processor.py:178} INFO - Processing /home/airflow/.local/lib/python3.7/site-packages/airflow/example_dags/example_params_trigger_ui.py took 0.489 seconds
[2026-09-19T22:11:14.554+0000] {processor.py:156} INFO - Started process (PID=7818) to work on /home/airflow/.local/lib/python3.7/site-packages/airflow/example_dags/example_params_trigger_ui.py
[2026-09-19T22:11:14.557+0000] {processor.py:799} INFO - Processing file /home/airflow/.local/lib/python3.7/site-packages/airflow/example_dags/example_params_trigger_ui.py for tasks to queue
[2026-09-19T22:11:14.558+0000] {logging_mixin.py:149} INFO - [2026-09-19T22:11:14.558+0000] {dagbag.py:541} INFO - Filling up the DagBag from /home/airflow/.local/lib/python3.7/site-packages/airflow/example_dags/example_params_trigger_ui.py
[2026-09-19T22:11:14.601+0000] {processor.py:809} INFO - DAG(s) dict_keys(['example_params_trigger_ui']) retrieved from /home/airflow/.local/lib/python3.7/site-packages/airflow/example_dags/example_params_trigger_ui.py
[2026-09-19T22:11:14.928+0000] {logging_mixin.py:149} INFO - [2026-09-19T22:11:14.927+0000] {dag.py:2726} INFO - Sync 1 DAGs
[2026-09-19T22:11:14.965+0000] {logging_mixin.py:149} INFO - [2026-09-19T22:11:14.964+0000] {dag.py:3490} INFO - Setting next_dagrun for example_params_trigger_ui to None, run_after=None
[2026-09-19T22:11:14.992+0000] {processor.py:178} INFO - Processing /home/airflow/.local/lib/python3.7/site-packages/airflow/example_dags/example_params_trigger_ui.py took 0.444 seconds
[2026-09-19T22:11:45.789+0000] {processor.py:156} INFO - Started process (PID=7874) to work on /home/airflow/.local/lib/python3.7/site-packages/airflow/example_dags/example_params_trigger_ui.py
[2026-09-19T22:11:45.791+0000] {processor.py:799} INFO - Processing file /home/airflow/.local/lib/python3.7/site-packages/airflow/example_dags/example_params_trigger_ui.py for tasks to queue
[2026-09-19T22:11:45.792+0000] {logging_mixin.py:149} INFO - [2026-09-19T22:11:45.792+0000] {dagbag.py:541} INFO - Filling up the DagBag from /home/airflow/.local/lib/python3.7/site-packages/airflow/example_dags/example_params_trigger_ui.py
[2026-09-19T22:11:45.833+0000] {processor.py:809} INFO - DAG(s) dict_keys(['example_params_trigger_ui']) retrieved from /home/airflow/.local/lib/python3.7/site-packages/airflow/example_dags/example_params_trigger_ui.py
[2026-09-19T22:11:45.989+0000] {logging_mixin.py:149} INFO - [2026-09-19T22:11:45.989+0000] {dag.py:2726} INFO - Sync 1 DAGs
[2026-09-19T22:11:46.244+0000] {logging_mixin.py:149} INFO - [2026-09-19T22:11:46.244+0000] {dag.py:3490} INFO - Setting next_dagrun for example_params_trigger_ui to None, run_after=None
[2026-09-19T22:11:46.277+0000] {processor.py:178} INFO - Processing /home/airflow/.local/lib/python3.7/site-packages/airflow/example_dags/example_params_trigger_ui.py took 0.494 seconds
[2026-09-19T22:12:16.339+0000] {processor.py:156} INFO - Started process (PID=7930) to work on /home/airflow/.local/lib/python3.7/site-packages/airflow/example_dags/example_params_trigger_ui.py
[2026-09-19T22:12:16.342+0000] {processor.py:799} INFO - Processing file /home/airflow/.local/lib/python3.7/site-packages/airflow/example_dags/example_params_trigger_ui.py for tasks to queue
[2026-09-19T22:12:16.343+0000] {logging_mixin.py:149} INFO - [2026-09-19T22:12:16.343+0000] {dagbag.py:541} INFO - Filling up the DagBag from /home/airflow/.local/lib/python3.7/site-packages/airflow/example_dags/example_params_trigger_ui.py
[2026-09-19T22:12:16.385+0000] {processor.py:809} INFO - DAG(s) dict_keys(['example_params_trigger_ui']) retrieved from /home/airflow/.local/lib/python3.7/site-packages/airflow/example_dags/example_params_trigger_ui.py
[2026-09-19T22:12:16.543+0000] {logging_mixin.py:149} INFO - [2026-09-19T22:12:16.543+0000] {dag.py:2726} INFO - Sync 1 DAGs
[2026-09-19T22:12:16.589+0000] {logging_mixin.py:149} INFO - [2026-09-19T22:12:16.589+0000] {dag.py:3490} INFO - Setting next_dagrun for example_params_trigger_ui to None, run_after=None
[2026-09-19T22:12:16.830+0000] {processor.py:178} INFO - Processing /home/airflow/.local/lib/python3.7/site-packages/airflow/example_dags/example_params_trigger_ui.py took 0.497 seconds
[2026-09-19T22:12:46.955+0000] {processor.py:156} INFO - Started process (PID=7986) to work on /home/airflow/.local/lib/python3.7/site-packages/airflow/example_dags/example_params_trigger_ui.py
[2026-09-19T22:12:46.957+0000] {processor.py:799} INFO - Processing file /home/airflow/.local/lib/python3.7/site-packages/airflow/example_dags/example_params_trigger_ui.py for tasks to queue
[2026-09-19T22:12:46.958+0000] {logging_mixin.py:149} INFO - [2026-09-19T22:12:46.957+0000] {dagbag.py:541} INFO - Filling up the DagBag from /home/airflow/.local/lib/python3.7/site-packages/airflow/example_dags/example_params_trigger_ui.py
[2026-09-19T22:12:46.995+0000] {processor.py:809} INFO - DAG(s) dict_keys(['example_params_trigger_ui']) retrieved from /home/airflow/.local/lib/python3.7/site-packages/airflow/example_dags/example_params_trigger_ui.py
[2026-09-19T22:12:47.331+0000] {logging_mixin.py:149} INFO - [2026-09-19T22:12:47.330+0000] {dag.py:2726} INFO - Sync 1 DAGs
[2026-09-19T22:12:47.369+0000] {logging_mixin.py:149} INFO - [2026-09-19T22:12:47.368+0000] {dag.py:3490} INFO - Setting next_dagrun for example_params_trigger_ui to None, run_after=None
[2026-09-19T22:12:47.395+0000] {processor.py:178} INFO - Processing /home/airflow/.local/lib/python3.7/site-packages/airflow/example_dags/example_params_trigger_ui.py took 0.446 seconds
[2026-09-19T22:13:18.178+0000] {processor.py:156} INFO - Started process (PID=8042) to work on /home/airflow/.local/lib/python3.7/site-packages/airflow/example_dags/example_params_trigger_ui.py
[2026-09-19T22:13:18.180+0000] {processor.py:799} INFO - Processing file /home/airflow/.local/lib/python3.7/site-packages/airflow/example_dags/example_params_trigger_ui.py for tasks to queue
[2026-09-19T22:13:18.181+0000] {logging_mixin.py:149} INFO - [2026-09-19T22:13:18.181+0000] {dagbag.py:541} INFO - Filling up the DagBag from /home/airflow/.local/lib/python3.7/site-packages/airflow/example_dags/example_params_trigger_ui.py
[2026-09-19T22:13:18.223+0000] {processor.py:809} INFO - DAG(s) dict_keys(['example_params_trigger_ui']) retrieved from /home/airflow/.local/lib/python3.7/site-packages/airflow/example_dags/example_params_trigger_ui.py
[2026-09-19T22:13:18.380+0000] {logging_mixin.py:149} INFO - [2026-09-19T22:13:18.379+0000] {dag.py:2726} INFO - Sync 1 DAGs
[2026-09-19T22:13:18.621+0000] {logging_mixin.py:149} INFO - [2026-09-19T22:13:18.621+0000] {dag.py:3490} INFO - Setting next_dagrun for example_params_trigger_ui to None, run_after=None
[2026-09-19T22:13:18.648+0000] {processor.py:178} INFO - Processing /home/airflow/.local/lib/python3.7/site-packages/airflow/example_dags/example_params_trigger_ui.py took 0.477 seconds
[2026-09-19T22:13:48.816+0000] {processor.py:156} INFO - Started process (PID=8099) to work on /home/airflow/.local/lib/python3.7/site-packages/airflow/example_dags/example_params_trigger_ui.py
[2026-09-19T22:13:48.817+0000] {processor.py:799} INFO - Processing file /home/airflow/.local/lib/python3.7/site-packages/airflow/example_dags/example_params_trigger_ui.py for tasks to queue
[2026-09-19T22:13:48.818+0000] {logging_mixin.py:149} INFO - [2026-09-19T22:13:48.818+0000] {dagbag.py:541} INFO - Filling up the DagBag from /home/airflow/.local/lib/python3.7/site-packages/airflow/example_dags/example_params_trigger_ui.py
[2026-09-19T22:13:48.861+0000] {processor.py:809} INFO - DAG(s) dict_keys(['example_params_trigger_ui']) retrieved from /home/airflow/.local/lib/python3.7/site-packages/airflow/example_dags/example_params_trigger_ui.py
[2026-09-19T22:13:49.227+0000] {logging_mixin.py:149} INFO - [2026-09-19T22:13:49.227+0000] {dag.py:2726} INFO - Sync 1 DAGs
[2026-09-19T22:13:49.274+0000] {logging_mixin.py:149} INFO - [2026-09-19T22:13:49.273+0000] {dag.py:3490} INFO - Setting next_dagrun for example_params_trigger_ui to None, run_after=None
[2026-09-19T22:13:49.304+0000] {processor.py:178} INFO - Processing /home/airflow/.local/lib/python3.7/site-packages/airflow/example_dags/example_params_trigger_ui.py took 0.497 seconds
[2026-09-19T22:14:19.423+0000] {processor.py:156} INFO - Started process (PID=8154) to work on /home/airflow/.local/lib/python3.7/site-packages/airflow/example_dags/example_params_trigger_ui.py
[2026-09-19T22:14:19.453+0000] {processor.py:799} INFO - Processing file /home/airflow/.local/lib/python3.7/site-packages/airflow/example_dags/example_params_trigger_ui.py for tasks to queue
[2026-09-19T22:14:19.455+0000] {logging_mixin.py:149} INFO - [2026-09-19T22:14:19.454+0000] {dagbag.py:541} INFO - Filling up the DagBag from /home/airflow/.local/lib/python3.7/site-packages/airflow/example_dags/example_params_trigger_ui.py
[2026-09-19T22:14:19.495+0000] {processor.py:809} INFO - DAG(s) dict_keys(['example_params_trigger_ui']) retrieved from /home/airflow/.local/lib/python3.7/site-packages/airflow/example_dags/example_params_trigger_ui.py
[2026-09-19T22:14:19.837+0000] {logging_mixin.py:149} INFO - [2026-09-19T22:14:19.837+0000] {dag.py:2726} INFO - Sync 1 DAGs
[2026-09-19T22:14:19.899+0000] {logging_mixin.py:149} INFO - [2026-09-19T22:14:19.899+0000] {dag.py:3490} INFO - Setting next_dagrun for example_params_trigger_ui to None, run_after=None
[2026-09-19T22:14:19.926+0000] {processor.py:178} INFO - Processing /home/airflow/.local/lib/python3.7/site-packages/airflow/example_dags/example_params_trigger_ui.py took 0.509 seconds
[2026-09-19T22:14:50.528+0000] {processor.py:156} INFO - Started process (PID=8210) to work on /home/airflow/.local/lib/python3.7/site-packages/airflow/example_dags/example_params_trigger_ui.py
[2026-09-19T22:14:50.529+0000] {processor.py:799} INFO - Processing file /home/airflow/.local/lib/python3.7/site-packages/airflow/example_dags/example_params_trigger_ui.py for tasks to queue
[2026-09-19T22:14:50.531+0000] {logging_mixin.py:149} INFO - [2026-09-19T22:14:50.530+0000] {dagbag.py:541} INFO - Filling up the DagBag from /home/airflow/.local/lib/python3.7/site-packages/airflow/example_dags/example_params_trigger_ui.py
[2026-09-19T22:14:50.769+0000] {processor.py:809} INFO - DAG(s) dict_keys(['example_params_trigger_ui']) retrieved from /home/airflow/.local/lib/python3.7/site-packages/airflow/example_dags/example_params_trigger_ui.py
[2026-09-19T22:14:50.907+0000] {logging_mixin.py:149} INFO - [2026-09-19T22:14:50.907+0000] {dag.py:2726} INFO - Sync 1 DAGs
[2026-09-19T22:14:50.944+0000] {logging_mixin.py:149} INFO - [2026-09-19T22:14:50.944+0000] {dag.py:3490} INFO - Setting next_dagrun for example_params_trigger_ui to None, run_after=None
[2026-09-19T22:14:50.970+0000] {processor.py:178} INFO - Processing /home/airflow/.local/lib/python3.7/site-packages/airflow/example_dags/example_params_trigger_ui.py took 0.450 seconds
[2026-09-19T22:15:21.124+0000] {processor.py:156} INFO - Started process (PID=8266) to work on /home/airflow/.local/lib/python3.7/site-packages/airflow/example_dags/example_params_trigger_ui.py
[2026-09-19T22:15:21.126+0000] {processor.py:799} INFO - Processing file /home/airflow/.local/lib/python3.7/site-packages/airflow/example_dags/example_params_trigger_ui.py for tasks to queue
[2026-09-19T22:15:21.127+0000] {logging_mixin.py:149} INFO - [2026-09-19T22:15:21.127+0000] {dagbag.py:541} INFO - Filling up the DagBag from /home/airflow/.local/lib/python3.7/site-packages/airflow/example_dags/example_params_trigger_ui.py
[2026-09-19T22:15:21.169+0000] {processor.py:809} INFO - DAG(s) dict_keys(['example_params_trigger_ui']) retrieved from /home/airflow/.local/lib/python3.7/site-packages/airflow/example_dags/example_params_trigger_ui.py
[2026-09-19T22:15:21.330+0000] {logging_mixin.py:149} INFO - [2026-09-19T22:15:21.330+0000] {dag.py:2726} INFO - Sync 1 DAGs
[2026-09-19T22:15:21.370+0000] {logging_mixin.py:149} INFO - [2026-09-19T22:15:21.370+0000] {dag.py:3490} INFO - Setting next_dagrun for example_params_trigger_ui to None, run_after=None
[2026-09-19T22:15:21.406+0000] {processor.py:178} INFO - Processing /home/airflow/.local/lib/python3.7/site-packages/airflow/example_dags/example_params_trigger_ui.py took 0.291 seconds
[2026-09-19T22:15:52.384+0000] {processor.py:156} INFO - Started process (PID=8322) to work on /home/airflow/.local/lib/python3.7/site-packages/airflow/example_dags/example_params_trigger_ui.py
[2026-09-19T22:15:52.386+0000] {processor.py:799} INFO - Processing file /home/airflow/.local/lib/python3.7/site-packages/airflow/example_dags/example_params_trigger_ui.py for tasks to queue
[2026-09-19T22:15:52.387+0000] {logging_mixin.py:149} INFO - [2026-09-19T22:15:52.387+0000] {dagbag.py:541} INFO - Filling up the DagBag from /home/airflow/.local/lib/python3.7/site-packages/airflow/example_dags/example_params_trigger_ui.py
[2026-09-19T22:15:52.428+0000] {processor.py:809} INFO - DAG(s) dict_keys(['example_params_trigger_ui']) retrieved from /home/airflow/.local/lib/python3.7/site-packages/airflow/example_dags/example_params_trigger_ui.py
[2026-09-19T22:15:52.579+0000] {logging_mixin.py:149} INFO - [2026-09-19T22:15:52.578+0000] {dag.py:2726} INFO - Sync 1 DAGs
[2026-09-19T22:15:52.626+0000] {logging_mixin.py:149} INFO - [2026-09-19T22:15:52.626+0000] {dag.py:3490} INFO - Setting next_dagrun for example_params_trigger_ui to None, run_after=None
[2026-09-19T22:15:52.662+0000] {processor.py:178} INFO - Processing /home/airflow/.local/lib/python3.7/site-packages/airflow/example_dags/example_params_trigger_ui.py took 0.285 seconds
[2026-09-19T22:16:22.700+0000] {processor.py:156} INFO - Started process (PID=8378) to work on /home/airflow/.local/lib/python3.7/site-packages/airflow/example_dags/example_params_trigger_ui.py
[2026-09-19T22:16:22.702+0000] {processor.py:799} INFO - Processing file /home/airflow/.local/lib/python3.7/site-packages/airflow/example_dags/example_params_trigger_ui.py for tasks to queue
[2026-09-19T22:16:22.703+0000] {logging_mixin.py:149} INFO - [2026-09-19T22:16:22.702+0000] {dagbag.py:541} INFO - Filling up the DagBag from /home/airflow/.local/lib/python3.7/site-packages/airflow/example_dags/example_params_trigger_ui.py
[2026-09-19T22:16:22.742+0000] {processor.py:809} INFO - DAG(s) dict_keys(['example_params_trigger_ui']) retrieved from /home/airflow/.local/lib/python3.7/site-packages/airflow/example_dags/example_params_trigger_ui.py
[2026-09-19T22:16:22.883+0000] {logging_mixin.py:149} INFO - [2026-09-19T22:16:22.882+0000] {dag.py:2726} INFO - Sync 1 DAGs
[2026-09-19T22:16:22.931+0000] {logging_mixin.py:149} INFO - [2026-09-19T22:16:22.930+0000] {dag.py:3490} INFO - Setting next_dagrun for example_params_trigger_ui to None, run_after=None
[2026-09-19T22:16:22.971+0000] {processor.py:178} INFO - Processing /home/airflow/.local/lib/python3.7/site-packages/airflow/example_dags/example_params_trigger_ui.py took 0.277 seconds
[2026-09-19T22:16:53.317+0000] {processor.py:156} INFO - Started process (PID=8434) to work on /home/airflow/.local/lib/python3.7/site-packages/airflow/example_dags/example_params_trigger_ui.py
[2026-09-19T22:16:53.319+0000] {processor.py:799} INFO - Processing file /home/airflow/.local/lib/python3.7/site-packages/airflow/example_dags/example_params_trigger_ui.py for tasks to queue
[2026-09-19T22:16:53.320+0000] {logging_mixin.py:149} INFO - [2026-09-19T22:16:53.320+0000] {dagbag.py:541} INFO - Filling up the DagBag from /home/airflow/.local/lib/python3.7/site-packages/airflow/example_dags/example_params_trigger_ui.py
[2026-09-19T22:16:53.365+0000] {processor.py:809} INFO - DAG(s) dict_keys(['example_params_trigger_ui']) retrieved from /home/airflow/.local/lib/python3.7/site-packages/airflow/example_dags/example_params_trigger_ui.py
[2026-09-19T22:16:53.515+0000] {logging_mixin.py:149} INFO - [2026-09-19T22:16:53.515+0000] {dag.py:2726} INFO - Sync 1 DAGs
[2026-09-19T22:16:53.567+0000] {logging_mixin.py:149} INFO - [2026-09-19T22:16:53.567+0000] {dag.py:3490} INFO - Setting next_dagrun for example_params_trigger_ui to None, run_after=None
[2026-09-19T22:16:53.601+0000] {processor.py:178} INFO - Processing /home/airflow/.local/lib/python3.7/site-packages/airflow/example_dags/example_params_trigger_ui.py took 0.292 seconds
[2026-09-19T22:17:23.979+0000] {processor.py:156} INFO - Started process (PID=8489) to work on /home/airflow/.local/lib/python3.7/site-packages/airflow/example_dags/example_params_trigger_ui.py
[2026-09-19T22:17:23.983+0000] {processor.py:799} INFO - Processing file /home/airflow/.local/lib/python3.7/site-packages/airflow/example_dags/example_params_trigger_ui.py for tasks to queue
[2026-09-19T22:17:23.984+0000] {logging_mixin.py:149} INFO - [2026-09-19T22:17:23.984+0000] {dagbag.py:541} INFO - Filling up the DagBag from /home/airflow/.local/lib/python3.7/site-packages/airflow/example_dags/example_params_trigger_ui.py
[2026-09-19T22:17:24.026+0000] {processor.py:809} INFO - DAG(s) dict_keys(['example_params_trigger_ui']) retrieved from /home/airflow/.local/lib/python3.7/site-packages/airflow/example_dags/example_params_trigger_ui.py
[2026-09-19T22:17:24.167+0000] {logging_mixin.py:149} INFO - [2026-09-19T22:17:24.166+0000] {dag.py:2726} INFO - Sync 1 DAGs
[2026-09-19T22:17:24.213+0000] {logging_mixin.py:149} INFO - [2026-09-19T22:17:24.213+0000] {dag.py:3490} INFO - Setting next_dagrun for example_params_trigger_ui to None, run_after=None
[2026-09-19T22:17:24.248+0000] {processor.py:178} INFO - Processing /home/airflow/.local/lib/python3.7/site-packages/airflow/example_dags/example_params_trigger_ui.py took 0.275 seconds
[2026-09-19T22:17:54.490+0000] {processor.py:156} INFO - Started process (PID=8544) to work on /home/airflow/.local/lib/python3.7/site-packages/airflow/example_dags/example_params_trigger_ui.py
[2026-09-19T22:17:54.491+0000] {processor.py:799} INFO - Processing file /home/airflow/.local/lib/python3.7/site-packages/airflow/example_dags/example_params_trigger_ui.py for tasks to queue
[2026-09-19T22:17:54.492+0000] {logging_mixin.py:149} INFO - [2026-09-19T22:17:54.492+0000] {dagbag.py:541} INFO - Filling up the DagBag from /home/airflow/.local/lib/python3.7/site-packages/airflow/example_dags/example_params_trigger_ui.py
[2026-09-19T22:17:54.531+0000] {processor.py:809} INFO - DAG(s) dict_keys(['example_params_trigger_ui']) retrieved from /home/airflow/.local/lib/python3.7/site-packages/airflow/example_dags/example_params_trigger_ui.py
[2026-09-19T22:17:54.686+0000] {logging_mixin.py:149} INFO - [2026-09-19T22:17:54.686+0000] {dag.py:2726} INFO - Sync 1 DAGs
[2026-09-19T22:17:54.733+0000] {logging_mixin.py:149} INFO - [2026-09-19T22:17:54.733+0000] {dag.py:3490} INFO - Setting next_dagrun for example_params_trigger_ui to None, run_after=None
[2026-09-19T22:17:54.770+0000] {processor.py:178} INFO - Processing /home/airflow/.local/lib/python3.7/site-packages/airflow/example_dags/example_params_trigger_ui.py took 0.287 seconds
[2026-09-19T22:18:25.150+0000] {processor.py:156} INFO - Started process (PID=8601) to work on /home/airflow/.local/lib/python3.7/site-packages/airflow/example_dags/example_params_trigger_ui.py
[2026-09-19T22:18:25.153+0000] {processor.py:799} INFO - Processing file /home/airflow/.local/lib/python3.7/site-packages/airflow/example_dags/example_params_trigger_ui.py for tasks to queue
[2026-09-19T22:18:25.154+0000] {logging_mixin.py:149} INFO - [2026-09-19T22:18:25.154+0000] {dagbag.py:541} INFO - Filling up the DagBag from /home/airflow/.local/lib/python3.7/site-packages/airflow/example_dags/example_params_trigger_ui.py
[2026-09-19T22:18:25.198+0000] {processor.py:809} INFO - DAG(s) dict_keys(['example_params_trigger_ui']) retrieved from /home/airflow/.local/lib/python3.7/site-packages/airflow/example_dags/example_params_trigger_ui.py
[2026-09-19T22:18:25.339+0000] {logging_mixin.py:149} INFO - [2026-09-19T22:18:25.338+0000] {dag.py:2726} INFO - Sync 1 DAGs
[2026-09-19T22:18:25.383+0000] {logging_mixin.py:149} INFO - [2026-09-19T22:18:25.383+0000] {dag.py:3490} INFO - Setting next_dagrun for example_params_trigger_ui to None, run_after=None
[2026-09-19T22:18:25.417+0000] {processor.py:178} INFO - Processing /home/airflow/.local/lib/python3.7/site-packages/airflow/example_dags/example_params_trigger_ui.py took 0.273 seconds
[2026-09-19T22:18:55.818+0000] {processor.py:156} INFO - Started process (PID=8657) to work on /home/airflow/.local/lib/python3.7/site-packages/airflow/example_dags/example_params_trigger_ui.py
[2026-09-19T22:18:55.819+0000] {processor.py:799} INFO - Processing file /home/airflow/.local/lib/python3.7/site-packages/airflow/example_dags/example_params_trigger_ui.py for tasks to queue
[2026-09-19T22:18:55.820+0000] {logging_mixin.py:149} INFO - [2026-09-19T22:18:55.820+0000] {dagbag.py:541} INFO - Filling up the DagBag from /home/airflow/.local/lib/python3.7/site-packages/airflow/example_dags/example_params_trigger_ui.py
[2026-09-19T22:18:55.864+0000] {processor.py:809} INFO - DAG(s) dict_keys(['example_params_trigger_ui']) retrieved from /home/airflow/.local/lib/python3.7/site-packages/airflow/example_dags/example_params_trigger_ui.py
[2026-09-19T22:18:56.017+0000] {logging_mixin.py:149} INFO - [2026-09-19T22:18:56.016+0000] {dag.py:2726} INFO - Sync 1 DAGs
[2026-09-19T22:18:56.063+0000] {logging_mixin.py:149} INFO - [2026-09-19T22:18:56.063+0000] {dag.py:3490} INFO - Setting next_dagrun for example_params_trigger_ui to None, run_after=None
[2026-09-19T22:18:56.109+0000] {processor.py:178} INFO - Processing /home/airflow/.local/lib/python3.7/site-packages/airflow/example_dags/example_params_trigger_ui.py took 0.298 seconds
[2026-09-19T22:19:26.407+0000] {processor.py:156} INFO - Started process (PID=8713) to work on /home/airflow/.local/lib/python3.7/site-packages/airflow/example_dags/example_params_trigger_ui.py
[2026-09-19T22:19:26.411+0000] {processor.py:799} INFO - Processing file /home/airflow/.local/lib/python3.7/site-packages/airflow/example_dags/example_params_trigger_ui.py for tasks to queue
[2026-09-19T22:19:26.412+0000] {logging_mixin.py:149} INFO - [2026-09-19T22:19:26.411+0000] {dagbag.py:541} INFO - Filling up the DagBag from /home/airflow/.local/lib/python3.7/site-packages/airflow/example_dags/example_params_trigger_ui.py
[2026-09-19T22:19:26.452+0000] {processor.py:809} INFO - DAG(s) dict_keys(['example_params_trigger_ui']) retrieved from /home/airflow/.local/lib/python3.7/site-packages/airflow/example_dags/example_params_trigger_ui.py
[2026-09-19T22:19:26.593+0000] {logging_mixin.py:149} INFO - [2026-09-19T22:19:26.592+0000] {dag.py:2726} INFO - Sync 1 DAGs
[2026-09-19T22:19:26.634+0000] {logging_mixin.py:149} INFO - [2026-09-19T22:19:26.634+0000] {dag.py:3490} INFO - Setting next_dagrun for example_params_trigger_ui to None, run_after=None
[2026-09-19T22:19:26.663+0000] {processor.py:178} INFO - Processing /home/airflow/.local/lib/python3.7/site-packages/airflow/example_dags/example_params_trigger_ui.py took 0.262 seconds
[2026-09-19T22:19:56.818+0000] {processor.py:156} INFO - Started process (PID=8770) to work on /home/airflow/.local/lib/python3.7/site-packages/airflow/example_dags/example_params_trigger_ui.py
[2026-09-19T22:19:56.820+0000] {processor.py:799} INFO - Processing file /home/airflow/.local/lib/python3.7/site-packages/airflow/example_dags/example_params_trigger_ui.py for tasks to queue
[2026-09-19T22:19:56.821+0000] {logging_mixin.py:149} INFO - [2026-09-19T22:19:56.820+0000] {dagbag.py:541} INFO - Filling up the DagBag from /home/airflow/.local/lib/python3.7/site-packages/airflow/example_dags/example_params_trigger_ui.py
[2026-09-19T22:19:56.858+0000] {processor.py:809} INFO - DAG(s) dict_keys(['example_params_trigger_ui']) retrieved from /home/airflow/.local/lib/python3.7/site-packages/airflow/example_dags/example_params_trigger_ui.py
[2026-09-19T22:19:56.993+0000] {logging_mixin.py:149} INFO - [2026-09-19T22:19:56.993+0000] {dag.py:2726} INFO - Sync 1 DAGs
[2026-09-19T22:19:57.039+0000] {logging_mixin.py:149} INFO - [2026-09-19T22:19:57.039+0000] {dag.py:3490} INFO - Setting next_dagrun for example_params_trigger_ui to None, run_after=None
[2026-09-19T22:19:57.067+0000] {processor.py:178} INFO - Processing /home/airflow/.local/lib/python3.7/site-packages/airflow/example_dags/example_params_trigger_ui.py took 0.254 seconds
[2026-09-19T22:20:27.793+0000] {processor.py:156} INFO - Started process (PID=8826) to work on /home/airflow/.local/lib/python3.7/site-packages/airflow/example_dags/example_params_trigger_ui.py
[2026-09-19T22:20:27.799+0000] {processor.py:799} INFO - Processing file /home/airflow/.local/lib/python3.7/site-packages/airflow/example_dags/example_params_trigger_ui.py for tasks to queue
[2026-09-19T22:20:27.800+0000] {logging_mixin.py:149} INFO - [2026-09-19T22:20:27.800+0000] {dagbag.py:541} INFO - Filling up the DagBag from /home/airflow/.local/lib/python3.7/site-packages/airflow/example_dags/example_params_trigger_ui.py
[2026-09-19T22:20:27.840+0000] {processor.py:809} INFO - DAG(s) dict_keys(['example_params_trigger_ui']) retrieved from /home/airflow/.local/lib/python3.7/site-packages/airflow/example_dags/example_params_trigger_ui.py
[2026-09-19T22:20:27.993+0000] {logging_mixin.py:149} INFO - [2026-09-19T22:20:27.992+0000] {dag.py:2726} INFO - Sync 1 DAGs
[2026-09-19T22:20:28.042+0000] {logging_mixin.py:149} INFO - [2026-09-19T22:20:28.041+0000] {dag.py:3490} INFO - Setting next_dagrun for example_params_trigger_ui to None, run_after=None
[2026-09-19T22:20:28.081+0000] {processor.py:178} INFO - Processing /home/airflow/.local/lib/python3.7/site-packages/airflow/example_dags/example_params_trigger_ui.py took 0.294 seconds
[2026-09-19T22:20:58.170+0000] {processor.py:156} INFO - Started process (PID=8882) to work on /home/airflow/.local/lib/python3.7/site-packages/airflow/example_dags/example_params_trigger_ui.py
[2026-09-19T22:20:58.172+0000] {processor.py:799} INFO - Processing file /home/airflow/.local/lib/python3.7/site-packages/airflow/example_dags/example_params_trigger_ui.py for tasks to queue
[2026-09-19T22:20:58.172+0000] {logging_mixin.py:149} INFO - [2026-09-19T22:20:58.172+0000] {dagbag.py:541} INFO - Filling up the DagBag from /home/airflow/.local/lib/python3.7/site-packages/airflow/example_dags/example_params_trigger_ui.py
[2026-09-19T22:20:58.210+0000] {processor.py:809} INFO - DAG(s) dict_keys(['example_params_trigger_ui']) retrieved from /home/airflow/.local/lib/python3.7/site-packages/airflow/example_dags/example_params_trigger_ui.py
[2026-09-19T22:20:58.363+0000] {logging_mixin.py:149} INFO - [2026-09-19T22:20:58.362+0000] {dag.py:2726} INFO - Sync 1 DAGs
[2026-09-19T22:20:58.427+0000] {logging_mixin.py:149} INFO - [2026-09-19T22:20:58.427+0000] {dag.py:3490} INFO - Setting next_dagrun for example_params_trigger_ui to None, run_after=None
[2026-09-19T22:20:58.459+0000] {processor.py:178} INFO - Processing /home/airflow/.local/lib/python3.7/site-packages/airflow/example_dags/example_params_trigger_ui.py took 0.296 seconds
[2026-09-19T22:21:28.722+0000] {processor.py:156} INFO - Started process (PID=8938) to work on /home/airflow/.local/lib/python3.7/site-packages/airflow/example_dags/example_params_trigger_ui.py
[2026-09-19T22:21:28.727+0000] {processor.py:799} INFO - Processing file /home/airflow/.local/lib/python3.7/site-packages/airflow/example_dags/example_params_trigger_ui.py for tasks to queue
[2026-09-19T22:21:28.728+0000] {logging_mixin.py:149} INFO - [2026-09-19T22:21:28.728+0000] {dagbag.py:541} INFO - Filling up the DagBag from /home/airflow/.local/lib/python3.7/site-packages/airflow/example_dags/example_params_trigger_ui.py
[2026-09-19T22:21:28.773+0000] {processor.py:809} INFO - DAG(s) dict_keys(['example_params_trigger_ui']) retrieved from /home/airflow/.local/lib/python3.7/site-packages/airflow/example_dags/example_params_trigger_ui.py
[2026-09-19T22:21:28.907+0000] {logging_mixin.py:149} INFO - [2026-09-19T22:21:28.907+0000] {dag.py:2726} INFO - Sync 1 DAGs
[2026-09-19T22:21:28.950+0000] {logging_mixin.py:149} INFO - [2026-09-19T22:21:28.950+0000] {dag.py:3490} INFO - Setting next_dagrun for example_params_trigger_ui to None, run_after=None
[2026-09-19T22:21:28.979+0000] {processor.py:178} INFO - Processing /home/airflow/.local/lib/python3.7/site-packages/airflow/example_dags/example_params_trigger_ui.py took 0.264 seconds
[2026-09-19T22:21:59.053+0000] {processor.py:156} INFO - Started process (PID=8994) to work on /home/airflow/.local/lib/python3.7/site-packages/airflow/example_dags/example_params_trigger_ui.py
[2026-09-19T22:21:59.055+0000] {processor.py:799} INFO - Processing file /home/airflow/.local/lib/python3.7/site-packages/airflow/example_dags/example_params_trigger_ui.py for tasks to queue
[2026-09-19T22:21:59.056+0000] {logging_mixin.py:149} INFO - [2026-09-19T22:21:59.056+0000] {dagbag.py:541} INFO - Filling up the DagBag from /home/airflow/.local/lib/python3.7/site-packages/airflow/example_dags/example_params_trigger_ui.py
[2026-09-19T22:21:59.099+0000] {processor.py:809} INFO - DAG(s) dict_keys(['example_params_trigger_ui']) retrieved from /home/airflow/.local/lib/python3.7/site-packages/airflow/example_dags/example_params_trigger_ui.py
[2026-09-19T22:21:59.271+0000] {logging_mixin.py:149} INFO - [2026-09-19T22:21:59.270+0000] {dag.py:2726} INFO - Sync 1 DAGs
[2026-09-19T22:21:59.325+0000] {logging_mixin.py:149} INFO - [2026-09-19T22:21:59.325+0000] {dag.py:3490} INFO - Setting next_dagrun for example_params_trigger_ui to None, run_after=None
[2026-09-19T22:21:59.368+0000] {processor.py:178} INFO - Processing /home/airflow/.local/lib/python3.7/site-packages/airflow/example_dags/example_params_trigger_ui.py took 0.321 seconds
[2026-09-19T22:22:29.598+0000] {processor.py:156} INFO - Started process (PID=9050) to work on /home/airflow/.local/lib/python3.7/site-packages/airflow/example_dags/example_params_trigger_ui.py
[2026-09-19T22:22:29.601+0000] {processor.py:799} INFO - Processing file /home/airflow/.local/lib/python3.7/site-packages/airflow/example_dags/example_params_trigger_ui.py for tasks to queue
[2026-09-19T22:22:29.602+0000] {logging_mixin.py:149} INFO - [2026-09-19T22:22:29.602+0000] {dagbag.py:541} INFO - Filling up the DagBag from /home/airflow/.local/lib/python3.7/site-packages/airflow/example_dags/example_params_trigger_ui.py
[2026-09-19T22:22:29.643+0000] {processor.py:809} INFO - DAG(s) dict_keys(['example_params_trigger_ui']) retrieved from /home/airflow/.local/lib/python3.7/site-packages/airflow/example_dags/example_params_trigger_ui.py
[2026-09-19T22:22:29.789+0000] {logging_mixin.py:149} INFO - [2026-09-19T22:22:29.788+0000] {dag.py:2726} INFO - Sync 1 DAGs
[2026-09-19T22:22:29.833+0000] {logging_mixin.py:149} INFO - [2026-09-19T22:22:29.833+0000] {dag.py:3490} INFO - Setting next_dagrun for example_params_trigger_ui to None, run_after=None
[2026-09-19T22:22:29.864+0000] {processor.py:178} INFO - Processing /home/airflow/.local/lib/python3.7/site-packages/airflow/example_dags/example_params_trigger_ui.py took 0.272 seconds
[2026-09-19T22:23:00.656+0000] {processor.py:156} INFO - Started process (PID=9112) to work on /home/airflow/.local/lib/python3.7/site-packages/airflow/example_dags/example_params_trigger_ui.py
[2026-09-19T22:23:00.658+0000] {processor.py:799} INFO - Processing file /home/airflow/.local/lib/python3.7/site-packages/airflow/example_dags/example_params_trigger_ui.py for tasks to queue
[2026-09-19T22:23:00.659+0000] {logging_mixin.py:149} INFO - [2026-09-19T22:23:00.659+0000] {dagbag.py:541} INFO - Filling up the DagBag from /home/airflow/.local/lib/python3.7/site-packages/airflow/example_dags/example_params_trigger_ui.py
[2026-09-19T22:23:00.697+0000] {processor.py:809} INFO - DAG(s) dict_keys(['example_params_trigger_ui']) retrieved from /home/airflow/.local/lib/python3.7/site-packages/airflow/example_dags/example_params_trigger_ui.py
[2026-09-19T22:23:00.852+0000] {logging_mixin.py:149} INFO - [2026-09-19T22:23:00.852+0000] {dag.py:2726} INFO - Sync 1 DAGs
[2026-09-19T22:23:00.897+0000] {logging_mixin.py:149} INFO - [2026-09-19T22:23:00.896+0000] {dag.py:3490} INFO - Setting next_dagrun for example_params_trigger_ui to None, run_after=None
[2026-09-19T22:23:00.932+0000] {processor.py:178} INFO - Processing /home/airflow/.local/lib/python3.7/site-packages/airflow/example_dags/example_params_trigger_ui.py took 0.289 seconds
[2026-09-19T22:23:31.669+0000] {processor.py:156} INFO - Started process (PID=9168) to work on /home/airflow/.local/lib/python3.7/site-packages/airflow/example_dags/example_params_trigger_ui.py
[2026-09-19T22:23:31.671+0000] {processor.py:799} INFO - Processing file /home/airflow/.local/lib/python3.7/site-packages/airflow/example_dags/example_params_trigger_ui.py for tasks to queue
[2026-09-19T22:23:31.672+0000] {logging_mixin.py:149} INFO - [2026-09-19T22:23:31.672+0000] {dagbag.py:541} INFO - Filling up the DagBag from /home/airflow/.local/lib/python3.7/site-packages/airflow/example_dags/example_params_trigger_ui.py
[2026-09-19T22:23:31.711+0000] {processor.py:809} INFO - DAG(s) dict_keys(['example_params_trigger_ui']) retrieved from /home/airflow/.local/lib/python3.7/site-packages/airflow/example_dags/example_params_trigger_ui.py
[2026-09-19T22:23:31.868+0000] {logging_mixin.py:149} INFO - [2026-09-19T22:23:31.868+0000] {dag.py:2726} INFO - Sync 1 DAGs
[2026-09-19T22:23:31.911+0000] {logging_mixin.py:149} INFO - [2026-09-19T22:23:31.911+0000] {dag.py:3490} INFO - Setting next_dagrun for example_params_trigger_ui to None, run_after=None
[2026-09-19T22:23:31.946+0000] {processor.py:178} INFO - Processing /home/airflow/.local/lib/python3.7/site-packages/airflow/example_dags/example_params_trigger_ui.py took 0.283 seconds
[2026-09-19T22:24:02.140+0000] {processor.py:156} INFO - Started process (PID=9224) to work on /home/airflow/.local/lib/python3.7/site-packages/airflow/example_dags/example_params_trigger_ui.py
[2026-09-19T22:24:02.158+0000] {processor.py:799} INFO - Processing file /home/airflow/.local/lib/python3.7/site-packages/airflow/example_dags/example_params_trigger_ui.py for tasks to queue
[2026-09-19T22:24:02.159+0000] {logging_mixin.py:149} INFO - [2026-09-19T22:24:02.159+0000] {dagbag.py:541} INFO - Filling up the DagBag from /home/airflow/.local/lib/python3.7/site-packages/airflow/example_dags/example_params_trigger_ui.py
[2026-09-19T22:24:02.203+0000] {processor.py:809} INFO - DAG(s) dict_keys(['example_params_trigger_ui']) retrieved from /home/airflow/.local/lib/python3.7/site-packages/airflow/example_dags/example_params_trigger_ui.py
[2026-09-19T22:24:02.356+0000] {logging_mixin.py:149} INFO - [2026-09-19T22:24:02.356+0000] {dag.py:2726} INFO - Sync 1 DAGs
[2026-09-19T22:24:02.399+0000] {logging_mixin.py:149} INFO - [2026-09-19T22:24:02.398+0000] {dag.py:3490} INFO - Setting next_dagrun for example_params_trigger_ui to None, run_after=None
[2026-09-19T22:24:02.458+0000] {processor.py:178} INFO - Processing /home/airflow/.local/lib/python3.7/site-packages/airflow/example_dags/example_params_trigger_ui.py took 0.325 seconds
[2026-09-19T22:24:32.500+0000] {processor.py:156} INFO - Started process (PID=9280) to work on /home/airflow/.local/lib/python3.7/site-packages/airflow/example_dags/example_params_trigger_ui.py
[2026-09-19T22:24:32.502+0000] {processor.py:799} INFO - Processing file /home/airflow/.local/lib/python3.7/site-packages/airflow/example_dags/example_params_trigger_ui.py for tasks to queue
[2026-09-19T22:24:32.503+0000] {logging_mixin.py:149} INFO - [2026-09-19T22:24:32.503+0000] {dagbag.py:541} INFO - Filling up the DagBag from /home/airflow/.local/lib/python3.7/site-packages/airflow/example_dags/example_params_trigger_ui.py
[2026-09-19T22:24:32.549+0000] {processor.py:809} INFO - DAG(s) dict_keys(['example_params_trigger_ui']) retrieved from /home/airflow/.local/lib/python3.7/site-packages/airflow/example_dags/example_params_trigger_ui.py
[2026-09-19T22:24:32.716+0000] {logging_mixin.py:149} INFO - [2026-09-19T22:24:32.716+0000] {dag.py:2726} INFO - Sync 1 DAGs
[2026-09-19T22:24:32.762+0000] {logging_mixin.py:149} INFO - [2026-09-19T22:24:32.762+0000] {dag.py:3490} INFO - Setting next_dagrun for example_params_trigger_ui to None, run_after=None
[2026-09-19T22:24:32.803+0000] {processor.py:178} INFO - Processing /home/airflow/.local/lib/python3.7/site-packages/airflow/example_dags/example_params_trigger_ui.py took 0.311 seconds
[2026-09-19T22:25:03.441+0000] {processor.py:156} INFO - Started process (PID=9336) to work on /home/airflow/.local/lib/python3.7/site-packages/airflow/example_dags/example_params_trigger_ui.py
[2026-09-19T22:25:03.444+0000] {processor.py:799} INFO - Processing file /home/airflow/.local/lib/python3.7/site-packages/airflow/example_dags/example_params_trigger_ui.py for tasks to queue
[2026-09-19T22:25:03.445+0000] {logging_mixin.py:149} INFO - [2026-09-19T22:25:03.445+0000] {dagbag.py:541} INFO - Filling up the DagBag from /home/airflow/.local/lib/python3.7/site-packages/airflow/example_dags/example_params_trigger_ui.py
[2026-09-19T22:25:03.485+0000] {processor.py:809} INFO - DAG(s) dict_keys(['example_params_trigger_ui']) retrieved from /home/airflow/.local/lib/python3.7/site-packages/airflow/example_dags/example_params_trigger_ui.py
[2026-09-19T22:25:03.643+0000] {logging_mixin.py:149} INFO - [2026-09-19T22:25:03.643+0000] {dag.py:2726} INFO - Sync 1 DAGs
[2026-09-19T22:25:03.694+0000] {logging_mixin.py:149} INFO - [2026-09-19T22:25:03.693+0000] {dag.py:3490} INFO - Setting next_dagrun for example_params_trigger_ui to None, run_after=None
[2026-09-19T22:25:03.724+0000] {processor.py:178} INFO - Processing /home/airflow/.local/lib/python3.7/site-packages/airflow/example_dags/example_params_trigger_ui.py took 0.290 seconds
[2026-09-19T22:25:33.868+0000] {processor.py:156} INFO - Started process (PID=9392) to work on /home/airflow/.local/lib/python3.7/site-packages/airflow/example_dags/example_params_trigger_ui.py
[2026-09-19T22:25:33.869+0000] {processor.py:799} INFO - Processing file /home/airflow/.local/lib/python3.7/site-packages/airflow/example_dags/example_params_trigger_ui.py for tasks to queue
[2026-09-19T22:25:33.870+0000] {logging_mixin.py:149} INFO - [2026-09-19T22:25:33.870+0000] {dagbag.py:541} INFO - Filling up the DagBag from /home/airflow/.local/lib/python3.7/site-packages/airflow/example_dags/example_params_trigger_ui.py
[2026-09-19T22:25:33.910+0000] {processor.py:809} INFO - DAG(s) dict_keys(['example_params_trigger_ui']) retrieved from /home/airflow/.local/lib/python3.7/site-packages/airflow/example_dags/example_params_trigger_ui.py
[2026-09-19T22:25:34.064+0000] {logging_mixin.py:149} INFO - [2026-09-19T22:25:34.063+0000] {dag.py:2726} INFO - Sync 1 DAGs
[2026-09-19T22:25:34.108+0000] {logging_mixin.py:149} INFO - [2026-09-19T22:25:34.108+0000] {dag.py:3490} INFO - Setting next_dagrun for example_params_trigger_ui to None, run_after=None
[2026-09-19T22:25:34.141+0000] {processor.py:178} INFO - Processing /home/airflow/.local/lib/python3.7/site-packages/airflow/example_dags/example_params_trigger_ui.py took 0.279 seconds
[2026-09-19T22:26:04.200+0000] {processor.py:156} INFO - Started process (PID=9447) to work on /home/airflow/.local/lib/python3.7/site-packages/airflow/example_dags/example_params_trigger_ui.py
[2026-09-19T22:26:04.202+0000] {processor.py:799} INFO - Processing file /home/airflow/.local/lib/python3.7/site-packages/airflow/example_dags/example_params_trigger_ui.py for tasks to queue
[2026-09-19T22:26:04.203+0000] {logging_mixin.py:149} INFO - [2026-09-19T22:26:04.203+0000] {dagbag.py:541} INFO - Filling up the DagBag from /home/airflow/.local/lib/python3.7/site-packages/airflow/example_dags/example_params_trigger_ui.py
[2026-09-19T22:26:04.242+0000] {processor.py:809} INFO - DAG(s) dict_keys(['example_params_trigger_ui']) retrieved from /home/airflow/.local/lib/python3.7/site-packages/airflow/example_dags/example_params_trigger_ui.py
[2026-09-19T22:26:04.445+0000] {logging_mixin.py:149} INFO - [2026-09-19T22:26:04.445+0000] {dag.py:2726} INFO - Sync 1 DAGs
[2026-09-19T22:26:04.506+0000] {logging_mixin.py:149} INFO - [2026-09-19T22:26:04.506+0000] {dag.py:3490} INFO - Setting next_dagrun for example_params_trigger_ui to None, run_after=None
[2026-09-19T22:26:04.549+0000] {processor.py:178} INFO - Processing /home/airflow/.local/lib/python3.7/site-packages/airflow/example_dags/example_params_trigger_ui.py took 0.356 seconds
[2026-09-19T22:26:35.166+0000] {processor.py:156} INFO - Started process (PID=9503) to work on /home/airflow/.local/lib/python3.7/site-packages/airflow/example_dags/example_params_trigger_ui.py
[2026-09-19T22:26:35.169+0000] {processor.py:799} INFO - Processing file /home/airflow/.local/lib/python3.7/site-packages/airflow/example_dags/example_params_trigger_ui.py for tasks to queue
[2026-09-19T22:26:35.170+0000] {logging_mixin.py:149} INFO - [2026-09-19T22:26:35.170+0000] {dagbag.py:541} INFO - Filling up the DagBag from /home/airflow/.local/lib/python3.7/site-packages/airflow/example_dags/example_params_trigger_ui.py
[2026-09-19T22:26:35.208+0000] {processor.py:809} INFO - DAG(s) dict_keys(['example_params_trigger_ui']) retrieved from /home/airflow/.local/lib/python3.7/site-packages/airflow/example_dags/example_params_trigger_ui.py
[2026-09-19T22:26:35.347+0000] {logging_mixin.py:149} INFO - [2026-09-19T22:26:35.347+0000] {dag.py:2726} INFO - Sync 1 DAGs
[2026-09-19T22:26:35.386+0000] {logging_mixin.py:149} INFO - [2026-09-19T22:26:35.386+0000] {dag.py:3490} INFO - Setting next_dagrun for example_params_trigger_ui to None, run_after=None
[2026-09-19T22:26:35.417+0000] {processor.py:178} INFO - Processing /home/airflow/.local/lib/python3.7/site-packages/airflow/example_dags/example_params_trigger_ui.py took 0.257 seconds
[2026-09-19T22:27:05.653+0000] {processor.py:156} INFO - Started process (PID=9559) to work on /home/airflow/.local/lib/python3.7/site-packages/airflow/example_dags/example_params_trigger_ui.py
[2026-09-19T22:27:05.656+0000] {processor.py:799} INFO - Processing file /home/airflow/.local/lib/python3.7/site-packages/airflow/example_dags/example_params_trigger_ui.py for tasks to queue
[2026-09-19T22:27:05.657+0000] {logging_mixin.py:149} INFO - [2026-09-19T22:27:05.657+0000] {dagbag.py:541} INFO - Filling up the DagBag from /home/airflow/.local/lib/python3.7/site-packages/airflow/example_dags/example_params_trigger_ui.py
[2026-09-19T22:27:05.708+0000] {processor.py:809} INFO - DAG(s) dict_keys(['example_params_trigger_ui']) retrieved from /home/airflow/.local/lib/python3.7/site-packages/airflow/example_dags/example_params_trigger_ui.py
[2026-09-19T22:27:05.919+0000] {logging_mixin.py:149} INFO - [2026-09-19T22:27:05.918+0000] {dag.py:2726} INFO - Sync 1 DAGs
[2026-09-19T22:27:05.980+0000] {logging_mixin.py:149} INFO - [2026-09-19T22:27:05.979+0000] {dag.py:3490} INFO - Setting next_dagrun for example_params_trigger_ui to None, run_after=None
[2026-09-19T22:27:06.030+0000] {processor.py:178} INFO - Processing /home/airflow/.local/lib/python3.7/site-packages/airflow/example_dags/example_params_trigger_ui.py took 0.385 seconds
[2026-09-19T22:27:36.563+0000] {processor.py:156} INFO - Started process (PID=9615) to work on /home/airflow/.local/lib/python3.7/site-packages/airflow/example_dags/example_params_trigger_ui.py
[2026-09-19T22:27:36.566+0000] {processor.py:799} INFO - Processing file /home/airflow/.local/lib/python3.7/site-packages/airflow/example_dags/example_params_trigger_ui.py for tasks to queue
[2026-09-19T22:27:36.567+0000] {logging_mixin.py:149} INFO - [2026-09-19T22:27:36.567+0000] {dagbag.py:541} INFO - Filling up the DagBag from /home/airflow/.local/lib/python3.7/site-packages/airflow/example_dags/example_params_trigger_ui.py
[2026-09-19T22:27:36.607+0000] {processor.py:809} INFO - DAG(s) dict_keys(['example_params_trigger_ui']) retrieved from /home/airflow/.local/lib/python3.7/site-packages/airflow/example_dags/example_params_trigger_ui.py
[2026-09-19T22:27:36.773+0000] {logging_mixin.py:149} INFO - [2026-09-19T22:27:36.773+0000] {dag.py:2726} INFO - Sync 1 DAGs
[2026-09-19T22:27:36.816+0000] {logging_mixin.py:149} INFO - [2026-09-19T22:27:36.816+0000] {dag.py:3490} INFO - Setting next_dagrun for example_params_trigger_ui to None, run_after=None
[2026-09-19T22:27:36.846+0000] {processor.py:178} INFO - Processing /home/airflow/.local/lib/python3.7/site-packages/airflow/example_dags/example_params_trigger_ui.py took 0.291 seconds
[2026-09-19T22:28:07.147+0000] {processor.py:156} INFO - Started process (PID=9672) to work on /home/airflow/.local/lib/python3.7/site-packages/airflow/example_dags/example_params_trigger_ui.py
[2026-09-19T22:28:07.150+0000] {processor.py:799} INFO - Processing file /home/airflow/.local/lib/python3.7/site-packages/airflow/example_dags/example_params_trigger_ui.py for tasks to queue
[2026-09-19T22:28:07.151+0000] {logging_mixin.py:149} INFO - [2026-09-19T22:28:07.151+0000] {dagbag.py:541} INFO - Filling up the DagBag from /home/airflow/.local/lib/python3.7/site-packages/airflow/example_dags/example_params_trigger_ui.py
[2026-09-19T22:28:07.191+0000] {processor.py:809} INFO - DAG(s) dict_keys(['example_params_trigger_ui']) retrieved from /home/airflow/.local/lib/python3.7/site-packages/airflow/example_dags/example_params_trigger_ui.py
[2026-09-19T22:28:07.359+0000] {logging_mixin.py:149} INFO - [2026-09-19T22:28:07.359+0000] {dag.py:2726} INFO - Sync 1 DAGs
[2026-09-19T22:28:07.401+0000] {logging_mixin.py:149} INFO - [2026-09-19T22:28:07.400+0000] {dag.py:3490} INFO - Setting next_dagrun for example_params_trigger_ui to None, run_after=None
[2026-09-19T22:28:07.429+0000] {processor.py:178} INFO - Processing /home/airflow/.local/lib/python3.7/site-packages/airflow/example_dags/example_params_trigger_ui.py took 0.289 seconds
[2026-09-19T22:28:37.756+0000] {processor.py:156} INFO - Started process (PID=9729) to work on /home/airflow/.local/lib/python3.7/site-packages/airflow/example_dags/example_params_trigger_ui.py
[2026-09-19T22:28:37.759+0000] {processor.py:799} INFO - Processing file /home/airflow/.local/lib/python3.7/site-packages/airflow/example_dags/example_params_trigger_ui.py for tasks to queue
[2026-09-19T22:28:37.760+0000] {logging_mixin.py:149} INFO - [2026-09-19T22:28:37.759+0000] {dagbag.py:541} INFO - Filling up the DagBag from /home/airflow/.local/lib/python3.7/site-packages/airflow/example_dags/example_params_trigger_ui.py
[2026-09-19T22:28:37.807+0000] {processor.py:809} INFO - DAG(s) dict_keys(['example_params_trigger_ui']) retrieved from /home/airflow/.local/lib/python3.7/site-packages/airflow/example_dags/example_params_trigger_ui.py
[2026-09-19T22:28:37.958+0000] {logging_mixin.py:149} INFO - [2026-09-19T22:28:37.957+0000] {dag.py:2726} INFO - Sync 1 DAGs
[2026-09-19T22:28:37.999+0000] {logging_mixin.py:149} INFO - [2026-09-19T22:28:37.999+0000] {dag.py:3490} INFO - Setting next_dagrun for example_params_trigger_ui to None, run_after=None
[2026-09-19T22:28:38.032+0000] {processor.py:178} INFO - Processing /home/airflow/.local/lib/python3.7/site-packages/airflow/example_dags/example_params_trigger_ui.py took 0.282 seconds
[2026-09-19T22:29:08.744+0000] {processor.py:156} INFO - Started process (PID=9785) to work on /home/airflow/.local/lib/python3.7/site-packages/airflow/example_dags/example_params_trigger_ui.py
[2026-09-19T22:29:08.746+0000] {processor.py:799} INFO - Processing file /home/airflow/.local/lib/python3.7/site-packages/airflow/example_dags/example_params_trigger_ui.py for tasks to queue
[2026-09-19T22:29:08.747+0000] {logging_mixin.py:149} INFO - [2026-09-19T22:29:08.747+0000] {dagbag.py:541} INFO - Filling up the DagBag from /home/airflow/.local/lib/python3.7/site-packages/airflow/example_dags/example_params_trigger_ui.py
[2026-09-19T22:29:08.787+0000] {processor.py:809} INFO - DAG(s) dict_keys(['example_params_trigger_ui']) retrieved from /home/airflow/.local/lib/python3.7/site-packages/airflow/example_dags/example_params_trigger_ui.py
[2026-09-19T22:29:08.946+0000] {logging_mixin.py:149} INFO - [2026-09-19T22:29:08.945+0000] {dag.py:2726} INFO - Sync 1 DAGs
[2026-09-19T22:29:08.994+0000] {logging_mixin.py:149} INFO - [2026-09-19T22:29:08.993+0000] {dag.py:3490} INFO - Setting next_dagrun for example_params_trigger_ui to None, run_after=None
[2026-09-19T22:29:09.029+0000] {processor.py:178} INFO - Processing /home/airflow/.local/lib/python3.7/site-packages/airflow/example_dags/example_params_trigger_ui.py took 0.293 seconds
[2026-09-19T22:29:39.477+0000] {processor.py:156} INFO - Started process (PID=9841) to work on /home/airflow/.local/lib/python3.7/site-packages/airflow/example_dags/example_params_trigger_ui.py
[2026-09-19T22:29:39.479+0000] {processor.py:799} INFO - Processing file /home/airflow/.local/lib/python3.7/site-packages/airflow/example_dags/example_params_trigger_ui.py for tasks to queue
[2026-09-19T22:29:39.480+0000] {logging_mixin.py:149} INFO - [2026-09-19T22:29:39.480+0000] {dagbag.py:541} INFO - Filling up the DagBag from /home/airflow/.local/lib/python3.7/site-packages/airflow/example_dags/example_params_trigger_ui.py
[2026-09-19T22:29:39.521+0000] {processor.py:809} INFO - DAG(s) dict_keys(['example_params_trigger_ui']) retrieved from /home/airflow/.local/lib/python3.7/site-packages/airflow/example_dags/example_params_trigger_ui.py
[2026-09-19T22:29:39.683+0000] {logging_mixin.py:149} INFO - [2026-09-19T22:29:39.683+0000] {dag.py:2726} INFO - Sync 1 DAGs
[2026-09-19T22:29:39.740+0000] {logging_mixin.py:149} INFO - [2026-09-19T22:29:39.740+0000] {dag.py:3490} INFO - Setting next_dagrun for example_params_trigger_ui to None, run_after=None
[2026-09-19T22:29:39.773+0000] {processor.py:178} INFO - Processing /home/airflow/.local/lib/python3.7/site-packages/airflow/example_dags/example_params_trigger_ui.py took 0.302 seconds
[2026-09-19T22:30:10.294+0000] {processor.py:156} INFO - Started process (PID=9897) to work on /home/airflow/.local/lib/python3.7/site-packages/airflow/example_dags/example_params_trigger_ui.py
[2026-09-19T22:30:10.296+0000] {processor.py:799} INFO - Processing file /home/airflow/.local/lib/python3.7/site-packages/airflow/example_dags/example_params_trigger_ui.py for tasks to queue
[2026-09-19T22:30:10.297+0000] {logging_mixin.py:149} INFO - [2026-09-19T22:30:10.297+0000] {dagbag.py:541} INFO - Filling up the DagBag from /home/airflow/.local/lib/python3.7/site-packages/airflow/example_dags/example_params_trigger_ui.py
[2026-09-19T22:30:10.338+0000] {processor.py:809} INFO - DAG(s) dict_keys(['example_params_trigger_ui']) retrieved from /home/airflow/.local/lib/python3.7/site-packages/airflow/example_dags/example_params_trigger_ui.py
[2026-09-19T22:30:10.494+0000] {logging_mixin.py:149} INFO - [2026-09-19T22:30:10.493+0000] {dag.py:2726} INFO - Sync 1 DAGs
[2026-09-19T22:30:10.552+0000] {logging_mixin.py:149} INFO - [2026-09-19T22:30:10.552+0000] {dag.py:3490} INFO - Setting next_dagrun for example_params_trigger_ui to None, run_after=None
[2026-09-19T22:30:10.587+0000] {processor.py:178} INFO - Processing /home/airflow/.local/lib/python3.7/site-packages/airflow/example_dags/example_params_trigger_ui.py took 0.301 seconds
[2026-09-19T22:30:40.989+0000] {processor.py:156} INFO - Started process (PID=9953) to work on /home/airflow/.local/lib/python3.7/site-packages/airflow/example_dags/example_params_trigger_ui.py
[2026-09-19T22:30:40.992+0000] {processor.py:799} INFO - Processing file /home/airflow/.local/lib/python3.7/site-packages/airflow/example_dags/example_params_trigger_ui.py for tasks to queue
[2026-09-19T22:30:40.994+0000] {logging_mixin.py:149} INFO - [2026-09-19T22:30:40.993+0000] {dagbag.py:541} INFO - Filling up the DagBag from /home/airflow/.local/lib/python3.7/site-packages/airflow/example_dags/example_params_trigger_ui.py
[2026-09-19T22:30:41.041+0000] {processor.py:809} INFO - DAG(s) dict_keys(['example_params_trigger_ui']) retrieved from /home/airflow/.local/lib/python3.7/site-packages/airflow/example_dags/example_params_trigger_ui.py
[2026-09-19T22:30:41.183+0000] {logging_mixin.py:149} INFO - [2026-09-19T22:30:41.183+0000] {dag.py:2726} INFO - Sync 1 DAGs
[2026-09-19T22:30:41.234+0000] {logging_mixin.py:149} INFO - [2026-09-19T22:30:41.234+0000] {dag.py:3490} INFO - Setting next_dagrun for example_params_trigger_ui to None, run_after=None
[2026-09-19T22:30:41.264+0000] {processor.py:178} INFO - Processing /home/airflow/.local/lib/python3.7/site-packages/airflow/example_dags/example_params_trigger_ui.py took 0.280 seconds
[2026-09-19T22:31:11.706+0000] {processor.py:156} INFO - Started process (PID=10009) to work on /home/airflow/.local/lib/python3.7/site-packages/airflow/example_dags/example_params_trigger_ui.py
[2026-09-19T22:31:11.709+0000] {processor.py:799} INFO - Processing file /home/airflow/.local/lib/python3.7/site-packages/airflow/example_dags/example_params_trigger_ui.py for tasks to queue
[2026-09-19T22:31:11.712+0000] {logging_mixin.py:149} INFO - [2026-09-19T22:31:11.711+0000] {dagbag.py:541} INFO - Filling up the DagBag from /home/airflow/.local/lib/python3.7/site-packages/airflow/example_dags/example_params_trigger_ui.py
[2026-09-19T22:31:11.772+0000] {processor.py:809} INFO - DAG(s) dict_keys(['example_params_trigger_ui']) retrieved from /home/airflow/.local/lib/python3.7/site-packages/airflow/example_dags/example_params_trigger_ui.py
[2026-09-19T22:31:11.926+0000] {logging_mixin.py:149} INFO - [2026-09-19T22:31:11.925+0000] {dag.py:2726} INFO - Sync 1 DAGs
[2026-09-19T22:31:11.978+0000] {logging_mixin.py:149} INFO - [2026-09-19T22:31:11.977+0000] {dag.py:3490} INFO - Setting next_dagrun for example_params_trigger_ui to None, run_after=None
[2026-09-19T22:31:12.011+0000] {processor.py:178} INFO - Processing /home/airflow/.local/lib/python3.7/site-packages/airflow/example_dags/example_params_trigger_ui.py took 0.316 seconds
[2026-09-19T22:31:42.941+0000] {processor.py:156} INFO - Started process (PID=10066) to work on /home/airflow/.local/lib/python3.7/site-packages/airflow/example_dags/example_params_trigger_ui.py
[2026-09-19T22:31:42.943+0000] {processor.py:799} INFO - Processing file /home/airflow/.local/lib/python3.7/site-packages/airflow/example_dags/example_params_trigger_ui.py for tasks to queue
[2026-09-19T22:31:42.944+0000] {logging_mixin.py:149} INFO - [2026-09-19T22:31:42.944+0000] {dagbag.py:541} INFO - Filling up the DagBag from /home/airflow/.local/lib/python3.7/site-packages/airflow/example_dags/example_params_trigger_ui.py
[2026-09-19T22:31:42.985+0000] {processor.py:809} INFO - DAG(s) dict_keys(['example_params_trigger_ui']) retrieved from /home/airflow/.local/lib/python3.7/site-packages/airflow/example_dags/example_params_trigger_ui.py
[2026-09-19T22:31:43.129+0000] {logging_mixin.py:149} INFO - [2026-09-19T22:31:43.129+0000] {dag.py:2726} INFO - Sync 1 DAGs
[2026-09-19T22:31:43.178+0000] {logging_mixin.py:149} INFO - [2026-09-19T22:31:43.177+0000] {dag.py:3490} INFO - Setting next_dagrun for example_params_trigger_ui to None, run_after=None
[2026-09-19T22:31:43.211+0000] {processor.py:178} INFO - Processing /home/airflow/.local/lib/python3.7/site-packages/airflow/example_dags/example_params_trigger_ui.py took 0.278 seconds
[2026-09-19T22:32:13.339+0000] {processor.py:156} INFO - Started process (PID=10122) to work on /home/airflow/.local/lib/python3.7/site-packages/airflow/example_dags/example_params_trigger_ui.py
[2026-09-19T22:32:13.340+0000] {processor.py:799} INFO - Processing file /home/airflow/.local/lib/python3.7/site-packages/airflow/example_dags/example_params_trigger_ui.py for tasks to queue
[2026-09-19T22:32:13.342+0000] {logging_mixin.py:149} INFO - [2026-09-19T22:32:13.341+0000] {dagbag.py:541} INFO - Filling up the DagBag from /home/airflow/.local/lib/python3.7/site-packages/airflow/example_dags/example_params_trigger_ui.py
[2026-09-19T22:32:13.385+0000] {processor.py:809} INFO - DAG(s) dict_keys(['example_params_trigger_ui']) retrieved from /home/airflow/.local/lib/python3.7/site-packages/airflow/example_dags/example_params_trigger_ui.py
[2026-09-19T22:32:13.553+0000] {logging_mixin.py:149} INFO - [2026-09-19T22:32:13.552+0000] {dag.py:2726} INFO - Sync 1 DAGs
[2026-09-19T22:32:13.598+0000] {logging_mixin.py:149} INFO - [2026-09-19T22:32:13.598+0000] {dag.py:3490} INFO - Setting next_dagrun for example_params_trigger_ui to None, run_after=None
[2026-09-19T22:32:13.627+0000] {processor.py:178} INFO - Processing /home/airflow/.local/lib/python3.7/site-packages/airflow/example_dags/example_params_trigger_ui.py took 0.295 seconds
[2026-09-19T22:32:43.713+0000] {processor.py:156} INFO - Started process (PID=10178) to work on /home/airflow/.local/lib/python3.7/site-packages/airflow/example_dags/example_params_trigger_ui.py
[2026-09-19T22:32:43.718+0000] {processor.py:799} INFO - Processing file /home/airflow/.local/lib/python3.7/site-packages/airflow/example_dags/example_params_trigger_ui.py for tasks to queue
[2026-09-19T22:32:43.719+0000] {logging_mixin.py:149} INFO - [2026-09-19T22:32:43.719+0000] {dagbag.py:541} INFO - Filling up the DagBag from /home/airflow/.local/lib/python3.7/site-packages/airflow/example_dags/example_params_trigger_ui.py
[2026-09-19T22:32:43.783+0000] {processor.py:809} INFO - DAG(s) dict_keys(['example_params_trigger_ui']) retrieved from /home/airflow/.local/lib/python3.7/site-packages/airflow/example_dags/example_params_trigger_ui.py
[2026-09-19T22:32:43.957+0000] {logging_mixin.py:149} INFO - [2026-09-19T22:32:43.957+0000] {dag.py:2726} INFO - Sync 1 DAGs
[2026-09-19T22:32:44.002+0000] {logging_mixin.py:149} INFO - [2026-09-19T22:32:44.001+0000] {dag.py:3490} INFO - Setting next_dagrun for example_params_trigger_ui to None, run_after=None
[2026-09-19T22:32:44.038+0000] {processor.py:178} INFO - Processing /home/airflow/.local/lib/python3.7/site-packages/airflow/example_dags/example_params_trigger_ui.py took 0.331 seconds
[2026-09-19T22:33:14.921+0000] {processor.py:156} INFO - Started process (PID=10234) to work on /home/airflow/.local/lib/python3.7/site-packages/airflow/example_dags/example_params_trigger_ui.py
[2026-09-19T22:33:14.924+0000] {processor.py:799} INFO - Processing file /home/airflow/.local/lib/python3.7/site-packages/airflow/example_dags/example_params_trigger_ui.py for tasks to queue
[2026-09-19T22:33:14.925+0000] {logging_mixin.py:149} INFO - [2026-09-19T22:33:14.925+0000] {dagbag.py:541} INFO - Filling up the DagBag from /home/airflow/.local/lib/python3.7/site-packages/airflow/example_dags/example_params_trigger_ui.py
[2026-09-19T22:33:14.962+0000] {processor.py:809} INFO - DAG(s) dict_keys(['example_params_trigger_ui']) retrieved from /home/airflow/.local/lib/python3.7/site-packages/airflow/example_dags/example_params_trigger_ui.py
[2026-09-19T22:33:15.097+0000] {logging_mixin.py:149} INFO - [2026-09-19T22:33:15.097+0000] {dag.py:2726} INFO - Sync 1 DAGs
[2026-09-19T22:33:15.141+0000] {logging_mixin.py:149} INFO - [2026-09-19T22:33:15.141+0000] {dag.py:3490} INFO - Setting next_dagrun for example_params_trigger_ui to None, run_after=None
[2026-09-19T22:33:15.176+0000] {processor.py:178} INFO - Processing /home/airflow/.local/lib/python3.7/site-packages/airflow/example_dags/example_params_trigger_ui.py took 0.261 seconds
[2026-09-19T22:33:45.444+0000] {processor.py:156} INFO - Started process (PID=10290) to work on /home/airflow/.local/lib/python3.7/site-packages/airflow/example_dags/example_params_trigger_ui.py
[2026-09-19T22:33:45.445+0000] {processor.py:799} INFO - Processing file /home/airflow/.local/lib/python3.7/site-packages/airflow/example_dags/example_params_trigger_ui.py for tasks to queue
[2026-09-19T22:33:45.446+0000] {logging_mixin.py:149} INFO - [2026-09-19T22:33:45.446+0000] {dagbag.py:541} INFO - Filling up the DagBag from /home/airflow/.local/lib/python3.7/site-packages/airflow/example_dags/example_params_trigger_ui.py
[2026-09-19T22:33:45.492+0000] {processor.py:809} INFO - DAG(s) dict_keys(['example_params_trigger_ui']) retrieved from /home/airflow/.local/lib/python3.7/site-packages/airflow/example_dags/example_params_trigger_ui.py
[2026-09-19T22:33:45.648+0000] {logging_mixin.py:149} INFO - [2026-09-19T22:33:45.648+0000] {dag.py:2726} INFO - Sync 1 DAGs
[2026-09-19T22:33:45.697+0000] {logging_mixin.py:149} INFO - [2026-09-19T22:33:45.697+0000] {dag.py:3490} INFO - Setting next_dagrun for example_params_trigger_ui to None, run_after=None
[2026-09-19T22:33:45.729+0000] {processor.py:178} INFO - Processing /home/airflow/.local/lib/python3.7/site-packages/airflow/example_dags/example_params_trigger_ui.py took 0.291 seconds
[2026-09-19T22:34:16.642+0000] {processor.py:156} INFO - Started process (PID=10346) to work on /home/airflow/.local/lib/python3.7/site-packages/airflow/example_dags/example_params_trigger_ui.py
[2026-09-19T22:34:16.643+0000] {processor.py:799} INFO - Processing file /home/airflow/.local/lib/python3.7/site-packages/airflow/example_dags/example_params_trigger_ui.py for tasks to queue
[2026-09-19T22:34:16.644+0000] {logging_mixin.py:149} INFO - [2026-09-19T22:34:16.644+0000] {dagbag.py:541} INFO - Filling up the DagBag from /home/airflow/.local/lib/python3.7/site-packages/airflow/example_dags/example_params_trigger_ui.py
[2026-09-19T22:34:16.681+0000] {processor.py:809} INFO - DAG(s) dict_keys(['example_params_trigger_ui']) retrieved from /home/airflow/.local/lib/python3.7/site-packages/airflow/example_dags/example_params_trigger_ui.py
[2026-09-19T22:34:16.811+0000] {logging_mixin.py:149} INFO - [2026-09-19T22:34:16.811+0000] {dag.py:2726} INFO - Sync 1 DAGs
[2026-09-19T22:34:16.854+0000] {logging_mixin.py:149} INFO - [2026-09-19T22:34:16.853+0000] {dag.py:3490} INFO - Setting next_dagrun for example_params_trigger_ui to None, run_after=None
[2026-09-19T22:34:16.886+0000] {processor.py:178} INFO - Processing /home/airflow/.local/lib/python3.7/site-packages/airflow/example_dags/example_params_trigger_ui.py took 0.251 seconds
[2026-09-19T22:34:46.985+0000] {processor.py:156} INFO - Started process (PID=10402) to work on /home/airflow/.local/lib/python3.7/site-packages/airflow/example_dags/example_params_trigger_ui.py
[2026-09-19T22:34:46.987+0000] {processor.py:799} INFO - Processing file /home/airflow/.local/lib/python3.7/site-packages/airflow/example_dags/example_params_trigger_ui.py for tasks to queue
[2026-09-19T22:34:46.988+0000] {logging_mixin.py:149} INFO - [2026-09-19T22:34:46.988+0000] {dagbag.py:541} INFO - Filling up the DagBag from /home/airflow/.local/lib/python3.7/site-packages/airflow/example_dags/example_params_trigger_ui.py
[2026-09-19T22:34:47.028+0000] {processor.py:809} INFO - DAG(s) dict_keys(['example_params_trigger_ui']) retrieved from /home/airflow/.local/lib/python3.7/site-packages/airflow/example_dags/example_params_trigger_ui.py
[2026-09-19T22:34:47.168+0000] {logging_mixin.py:149} INFO - [2026-09-19T22:34:47.168+0000] {dag.py:2726} INFO - Sync 1 DAGs
[2026-09-19T22:34:47.211+0000] {logging_mixin.py:149} INFO - [2026-09-19T22:34:47.211+0000] {dag.py:3490} INFO - Setting next_dagrun for example_params_trigger_ui to None, run_after=None
[2026-09-19T22:34:47.244+0000] {processor.py:178} INFO - Processing /home/airflow/.local/lib/python3.7/site-packages/airflow/example_dags/example_params_trigger_ui.py took 0.268 seconds
[2026-09-19T22:35:17.483+0000] {processor.py:156} INFO - Started process (PID=10458) to work on /home/airflow/.local/lib/python3.7/site-packages/airflow/example_dags/example_params_trigger_ui.py
[2026-09-19T22:35:17.484+0000] {processor.py:799} INFO - Processing file /home/airflow/.local/lib/python3.7/site-packages/airflow/example_dags/example_params_trigger_ui.py for tasks to queue
[2026-09-19T22:35:17.486+0000] {logging_mixin.py:149} INFO - [2026-09-19T22:35:17.485+0000] {dagbag.py:541} INFO - Filling up the DagBag from /home/airflow/.local/lib/python3.7/site-packages/airflow/example_dags/example_params_trigger_ui.py
[2026-09-19T22:35:17.524+0000] {processor.py:809} INFO - DAG(s) dict_keys(['example_params_trigger_ui']) retrieved from /home/airflow/.local/lib/python3.7/site-packages/airflow/example_dags/example_params_trigger_ui.py
[2026-09-19T22:35:17.664+0000] {logging_mixin.py:149} INFO - [2026-09-19T22:35:17.664+0000] {dag.py:2726} INFO - Sync 1 DAGs
[2026-09-19T22:35:17.708+0000] {logging_mixin.py:149} INFO - [2026-09-19T22:35:17.708+0000] {dag.py:3490} INFO - Setting next_dagrun for example_params_trigger_ui to None, run_after=None
[2026-09-19T22:35:17.746+0000] {processor.py:178} INFO - Processing /home/airflow/.local/lib/python3.7/site-packages/airflow/example_dags/example_params_trigger_ui.py took 0.270 seconds
[2026-09-19T22:35:47.810+0000] {processor.py:156} INFO - Started process (PID=10514) to work on /home/airflow/.local/lib/python3.7/site-packages/airflow/example_dags/example_params_trigger_ui.py
[2026-09-19T22:35:47.812+0000] {processor.py:799} INFO - Processing file /home/airflow/.local/lib/python3.7/site-packages/airflow/example_dags/example_params_trigger_ui.py for tasks to queue
[2026-09-19T22:35:47.813+0000] {logging_mixin.py:149} INFO - [2026-09-19T22:35:47.813+0000] {dagbag.py:541} INFO - Filling up the DagBag from /home/airflow/.local/lib/python3.7/site-packages/airflow/example_dags/example_params_trigger_ui.py
[2026-09-19T22:35:47.851+0000] {processor.py:809} INFO - DAG(s) dict_keys(['example_params_trigger_ui']) retrieved from /home/airflow/.local/lib/python3.7/site-packages/airflow/example_dags/example_params_trigger_ui.py
[2026-09-19T22:35:48.008+0000] {logging_mixin.py:149} INFO - [2026-09-19T22:35:48.008+0000] {dag.py:2726} INFO - Sync 1 DAGs
[2026-09-19T22:35:48.058+0000] {logging_mixin.py:149} INFO - [2026-09-19T22:35:48.057+0000] {dag.py:3490} INFO - Setting next_dagrun for example_params_trigger_ui to None, run_after=None
[2026-09-19T22:35:48.094+0000] {processor.py:178} INFO - Processing /home/airflow/.local/lib/python3.7/site-packages/airflow/example_dags/example_params_trigger_ui.py took 0.290 seconds
[2026-09-19T22:36:19.073+0000] {processor.py:156} INFO - Started process (PID=10570) to work on /home/airflow/.local/lib/python3.7/site-packages/airflow/example_dags/example_params_trigger_ui.py
[2026-09-19T22:36:19.076+0000] {processor.py:799} INFO - Processing file /home/airflow/.local/lib/python3.7/site-packages/airflow/example_dags/example_params_trigger_ui.py for tasks to queue
[2026-09-19T22:36:19.077+0000] {logging_mixin.py:149} INFO - [2026-09-19T22:36:19.077+0000] {dagbag.py:541} INFO - Filling up the DagBag from /home/airflow/.local/lib/python3.7/site-packages/airflow/example_dags/example_params_trigger_ui.py
[2026-09-19T22:36:19.123+0000] {processor.py:809} INFO - DAG(s) dict_keys(['example_params_trigger_ui']) retrieved from /home/airflow/.local/lib/python3.7/site-packages/airflow/example_dags/example_params_trigger_ui.py
[2026-09-19T22:36:19.282+0000] {logging_mixin.py:149} INFO - [2026-09-19T22:36:19.282+0000] {dag.py:2726} INFO - Sync 1 DAGs
[2026-09-19T22:36:19.332+0000] {logging_mixin.py:149} INFO - [2026-09-19T22:36:19.332+0000] {dag.py:3490} INFO - Setting next_dagrun for example_params_trigger_ui to None, run_after=None
[2026-09-19T22:36:19.362+0000] {processor.py:178} INFO - Processing /home/airflow/.local/lib/python3.7/site-packages/airflow/example_dags/example_params_trigger_ui.py took 0.305 seconds
[2026-09-19T22:36:49.473+0000] {processor.py:156} INFO - Started process (PID=10626) to work on /home/airflow/.local/lib/python3.7/site-packages/airflow/example_dags/example_params_trigger_ui.py
[2026-09-19T22:36:49.477+0000] {processor.py:799} INFO - Processing file /home/airflow/.local/lib/python3.7/site-packages/airflow/example_dags/example_params_trigger_ui.py for tasks to queue
[2026-09-19T22:36:49.479+0000] {logging_mixin.py:149} INFO - [2026-09-19T22:36:49.478+0000] {dagbag.py:541} INFO - Filling up the DagBag from /home/airflow/.local/lib/python3.7/site-packages/airflow/example_dags/example_params_trigger_ui.py
[2026-09-19T22:36:49.524+0000] {processor.py:809} INFO - DAG(s) dict_keys(['example_params_trigger_ui']) retrieved from /home/airflow/.local/lib/python3.7/site-packages/airflow/example_dags/example_params_trigger_ui.py
[2026-09-19T22:36:49.679+0000] {logging_mixin.py:149} INFO - [2026-09-19T22:36:49.678+0000] {dag.py:2726} INFO - Sync 1 DAGs
[2026-09-19T22:36:49.729+0000] {logging_mixin.py:149} INFO - [2026-09-19T22:36:49.729+0000] {dag.py:3490} INFO - Setting next_dagrun for example_params_trigger_ui to None, run_after=None
[2026-09-19T22:36:49.764+0000] {processor.py:178} INFO - Processing /home/airflow/.local/lib/python3.7/site-packages/airflow/example_dags/example_params_trigger_ui.py took 0.307 seconds
[2026-09-19T22:37:19.816+0000] {processor.py:156} INFO - Started process (PID=10683) to work on /home/airflow/.local/lib/python3.7/site-packages/airflow/example_dags/example_params_trigger_ui.py
[2026-09-19T22:37:19.817+0000] {processor.py:799} INFO - Processing file /home/airflow/.local/lib/python3.7/site-packages/airflow/example_dags/example_params_trigger_ui.py for tasks to queue
[2026-09-19T22:37:19.819+0000] {logging_mixin.py:149} INFO - [2026-09-19T22:37:19.818+0000] {dagbag.py:541} INFO - Filling up the DagBag from /home/airflow/.local/lib/python3.7/site-packages/airflow/example_dags/example_params_trigger_ui.py
[2026-09-19T22:37:19.864+0000] {processor.py:809} INFO - DAG(s) dict_keys(['example_params_trigger_ui']) retrieved from /home/airflow/.local/lib/python3.7/site-packages/airflow/example_dags/example_params_trigger_ui.py
[2026-09-19T22:37:20.024+0000] {logging_mixin.py:149} INFO - [2026-09-19T22:37:20.024+0000] {dag.py:2726} INFO - Sync 1 DAGs
[2026-09-19T22:37:20.072+0000] {logging_mixin.py:149} INFO - [2026-09-19T22:37:20.072+0000] {dag.py:3490} INFO - Setting next_dagrun for example_params_trigger_ui to None, run_after=None
[2026-09-19T22:37:20.105+0000] {processor.py:178} INFO - Processing /home/airflow/.local/lib/python3.7/site-packages/airflow/example_dags/example_params_trigger_ui.py took 0.296 seconds
[2026-09-19T22:37:50.184+0000] {processor.py:156} INFO - Started process (PID=10739) to work on /home/airflow/.local/lib/python3.7/site-packages/airflow/example_dags/example_params_trigger_ui.py
[2026-09-19T22:37:50.186+0000] {processor.py:799} INFO - Processing file /home/airflow/.local/lib/python3.7/site-packages/airflow/example_dags/example_params_trigger_ui.py for tasks to queue
[2026-09-19T22:37:50.187+0000] {logging_mixin.py:149} INFO - [2026-09-19T22:37:50.187+0000] {dagbag.py:541} INFO - Filling up the DagBag from /home/airflow/.local/lib/python3.7/site-packages/airflow/example_dags/example_params_trigger_ui.py
[2026-09-19T22:37:50.231+0000] {processor.py:809} INFO - DAG(s) dict_keys(['example_params_trigger_ui']) retrieved from /home/airflow/.local/lib/python3.7/site-packages/airflow/example_dags/example_params_trigger_ui.py
[2026-09-19T22:37:50.396+0000] {logging_mixin.py:149} INFO - [2026-09-19T22:37:50.396+0000] {dag.py:2726} INFO - Sync 1 DAGs
[2026-09-19T22:37:50.440+0000] {logging_mixin.py:149} INFO - [2026-09-19T22:37:50.439+0000] {dag.py:3490} INFO - Setting next_dagrun for example_params_trigger_ui to None, run_after=None
[2026-09-19T22:37:50.470+0000] {processor.py:178} INFO - Processing /home/airflow/.local/lib/python3.7/site-packages/airflow/example_dags/example_params_trigger_ui.py took 0.293 seconds
[2026-09-19T22:38:20.557+0000] {processor.py:156} INFO - Started process (PID=10795) to work on /home/airflow/.local/lib/python3.7/site-packages/airflow/example_dags/example_params_trigger_ui.py
[2026-09-19T22:38:20.562+0000] {processor.py:799} INFO - Processing file /home/airflow/.local/lib/python3.7/site-packages/airflow/example_dags/example_params_trigger_ui.py for tasks to queue
[2026-09-19T22:38:20.564+0000] {logging_mixin.py:149} INFO - [2026-09-19T22:38:20.563+0000] {dagbag.py:541} INFO - Filling up the DagBag from /home/airflow/.local/lib/python3.7/site-packages/airflow/example_dags/example_params_trigger_ui.py
[2026-09-19T22:38:20.606+0000] {processor.py:809} INFO - DAG(s) dict_keys(['example_params_trigger_ui']) retrieved from /home/airflow/.local/lib/python3.7/site-packages/airflow/example_dags/example_params_trigger_ui.py
[2026-09-19T22:38:20.758+0000] {logging_mixin.py:149} INFO - [2026-09-19T22:38:20.758+0000] {dag.py:2726} INFO - Sync 1 DAGs
[2026-09-19T22:38:20.812+0000] {logging_mixin.py:149} INFO - [2026-09-19T22:38:20.811+0000] {dag.py:3490} INFO - Setting next_dagrun for example_params_trigger_ui to None, run_after=None
[2026-09-19T22:38:20.850+0000] {processor.py:178} INFO - Processing /home/airflow/.local/lib/python3.7/site-packages/airflow/example_dags/example_params_trigger_ui.py took 0.301 seconds
[2026-09-19T22:38:50.918+0000] {processor.py:156} INFO - Started process (PID=10851) to work on /home/airflow/.local/lib/python3.7/site-packages/airflow/example_dags/example_params_trigger_ui.py
[2026-09-19T22:38:50.921+0000] {processor.py:799} INFO - Processing file /home/airflow/.local/lib/python3.7/site-packages/airflow/example_dags/example_params_trigger_ui.py for tasks to queue
[2026-09-19T22:38:50.922+0000] {logging_mixin.py:149} INFO - [2026-09-19T22:38:50.922+0000] {dagbag.py:541} INFO - Filling up the DagBag from /home/airflow/.local/lib/python3.7/site-packages/airflow/example_dags/example_params_trigger_ui.py
[2026-09-19T22:38:50.961+0000] {processor.py:809} INFO - DAG(s) dict_keys(['example_params_trigger_ui']) retrieved from /home/airflow/.local/lib/python3.7/site-packages/airflow/example_dags/example_params_trigger_ui.py
[2026-09-19T22:38:51.103+0000] {logging_mixin.py:149} INFO - [2026-09-19T22:38:51.102+0000] {dag.py:2726} INFO - Sync 1 DAGs
[2026-09-19T22:38:51.156+0000] {logging_mixin.py:149} INFO - [2026-09-19T22:38:51.155+0000] {dag.py:3490} INFO - Setting next_dagrun for example_params_trigger_ui to None, run_after=None
[2026-09-19T22:38:51.184+0000] {processor.py:178} INFO - Processing /home/airflow/.local/lib/python3.7/site-packages/airflow/example_dags/example_params_trigger_ui.py took 0.279 seconds
[2026-09-19T22:39:21.249+0000] {processor.py:156} INFO - Started process (PID=10906) to work on /home/airflow/.local/lib/python3.7/site-packages/airflow/example_dags/example_params_trigger_ui.py
[2026-09-19T22:39:21.251+0000] {processor.py:799} INFO - Processing file /home/airflow/.local/lib/python3.7/site-packages/airflow/example_dags/example_params_trigger_ui.py for tasks to queue
[2026-09-19T22:39:21.253+0000] {logging_mixin.py:149} INFO - [2026-09-19T22:39:21.252+0000] {dagbag.py:541} INFO - Filling up the DagBag from /home/airflow/.local/lib/python3.7/site-packages/airflow/example_dags/example_params_trigger_ui.py
[2026-09-19T22:39:21.294+0000] {processor.py:809} INFO - DAG(s) dict_keys(['example_params_trigger_ui']) retrieved from /home/airflow/.local/lib/python3.7/site-packages/airflow/example_dags/example_params_trigger_ui.py
[2026-09-19T22:39:21.452+0000] {logging_mixin.py:149} INFO - [2026-09-19T22:39:21.451+0000] {dag.py:2726} INFO - Sync 1 DAGs
[2026-09-19T22:39:21.499+0000] {logging_mixin.py:149} INFO - [2026-09-19T22:39:21.499+0000] {dag.py:3490} INFO - Setting next_dagrun for example_params_trigger_ui to None, run_after=None
[2026-09-19T22:39:21.540+0000] {processor.py:178} INFO - Processing /home/airflow/.local/lib/python3.7/site-packages/airflow/example_dags/example_params_trigger_ui.py took 0.297 seconds
[2026-09-19T22:39:52.092+0000] {processor.py:156} INFO - Started process (PID=10962) to work on /home/airflow/.local/lib/python3.7/site-packages/airflow/example_dags/example_params_trigger_ui.py
[2026-09-19T22:39:52.094+0000] {processor.py:799} INFO - Processing file /home/airflow/.local/lib/python3.7/site-packages/airflow/example_dags/example_params_trigger_ui.py for tasks to queue
[2026-09-19T22:39:52.095+0000] {logging_mixin.py:149} INFO - [2026-09-19T22:39:52.095+0000] {dagbag.py:541} INFO - Filling up the DagBag from /home/airflow/.local/lib/python3.7/site-packages/airflow/example_dags/example_params_trigger_ui.py
[2026-09-19T22:39:52.131+0000] {processor.py:809} INFO - DAG(s) dict_keys(['example_params_trigger_ui']) retrieved from /home/airflow/.local/lib/python3.7/site-packages/airflow/example_dags/example_params_trigger_ui.py
[2026-09-19T22:39:52.271+0000] {logging_mixin.py:149} INFO - [2026-09-19T22:39:52.271+0000] {dag.py:2726} INFO - Sync 1 DAGs
[2026-09-19T22:39:52.317+0000] {logging_mixin.py:149} INFO - [2026-09-19T22:39:52.317+0000] {dag.py:3490} INFO - Setting next_dagrun for example_params_trigger_ui to None, run_after=None
[2026-09-19T22:39:52.347+0000] {processor.py:178} INFO - Processing /home/airflow/.local/lib/python3.7/site-packages/airflow/example_dags/example_params_trigger_ui.py took 0.260 seconds
[2026-09-19T22:40:22.677+0000] {processor.py:156} INFO - Started process (PID=11018) to work on /home/airflow/.local/lib/python3.7/site-packages/airflow/example_dags/example_params_trigger_ui.py
[2026-09-19T22:40:22.679+0000] {processor.py:799} INFO - Processing file /home/airflow/.local/lib/python3.7/site-packages/airflow/example_dags/example_params_trigger_ui.py for tasks to queue
[2026-09-19T22:40:22.681+0000] {logging_mixin.py:149} INFO - [2026-09-19T22:40:22.680+0000] {dagbag.py:541} INFO - Filling up the DagBag from /home/airflow/.local/lib/python3.7/site-packages/airflow/example_dags/example_params_trigger_ui.py
[2026-09-19T22:40:22.720+0000] {processor.py:809} INFO - DAG(s) dict_keys(['example_params_trigger_ui']) retrieved from /home/airflow/.local/lib/python3.7/site-packages/airflow/example_dags/example_params_trigger_ui.py
[2026-09-19T22:40:22.884+0000] {logging_mixin.py:149} INFO - [2026-09-19T22:40:22.884+0000] {dag.py:2726} INFO - Sync 1 DAGs
[2026-09-19T22:40:22.932+0000] {logging_mixin.py:149} INFO - [2026-09-19T22:40:22.931+0000] {dag.py:3490} INFO - Setting next_dagrun for example_params_trigger_ui to None, run_after=None
[2026-09-19T22:40:22.965+0000] {processor.py:178} INFO - Processing /home/airflow/.local/lib/python3.7/site-packages/airflow/example_dags/example_params_trigger_ui.py took 0.296 seconds
[2026-09-19T22:40:53.800+0000] {processor.py:156} INFO - Started process (PID=11074) to work on /home/airflow/.local/lib/python3.7/site-packages/airflow/example_dags/example_params_trigger_ui.py
[2026-09-19T22:40:53.803+0000] {processor.py:799} INFO - Processing file /home/airflow/.local/lib/python3.7/site-packages/airflow/example_dags/example_params_trigger_ui.py for tasks to queue
[2026-09-19T22:40:53.805+0000] {logging_mixin.py:149} INFO - [2026-09-19T22:40:53.805+0000] {dagbag.py:541} INFO - Filling up the DagBag from /home/airflow/.local/lib/python3.7/site-packages/airflow/example_dags/example_params_trigger_ui.py
[2026-09-19T22:40:53.846+0000] {processor.py:809} INFO - DAG(s) dict_keys(['example_params_trigger_ui']) retrieved from /home/airflow/.local/lib/python3.7/site-packages/airflow/example_dags/example_params_trigger_ui.py
[2026-09-19T22:40:53.989+0000] {logging_mixin.py:149} INFO - [2026-09-19T22:40:53.988+0000] {dag.py:2726} INFO - Sync 1 DAGs
[2026-09-19T22:40:54.033+0000] {logging_mixin.py:149} INFO - [2026-09-19T22:40:54.033+0000] {dag.py:3490} INFO - Setting next_dagrun for example_params_trigger_ui to None, run_after=None
[2026-09-19T22:40:54.065+0000] {processor.py:178} INFO - Processing /home/airflow/.local/lib/python3.7/site-packages/airflow/example_dags/example_params_trigger_ui.py took 0.276 seconds
[2026-09-19T22:41:24.252+0000] {processor.py:156} INFO - Started process (PID=11131) to work on /home/airflow/.local/lib/python3.7/site-packages/airflow/example_dags/example_params_trigger_ui.py
[2026-09-19T22:41:24.257+0000] {processor.py:799} INFO - Processing file /home/airflow/.local/lib/python3.7/site-packages/airflow/example_dags/example_params_trigger_ui.py for tasks to queue
[2026-09-19T22:41:24.258+0000] {logging_mixin.py:149} INFO - [2026-09-19T22:41:24.258+0000] {dagbag.py:541} INFO - Filling up the DagBag from /home/airflow/.local/lib/python3.7/site-packages/airflow/example_dags/example_params_trigger_ui.py
[2026-09-19T22:41:24.309+0000] {processor.py:809} INFO - DAG(s) dict_keys(['example_params_trigger_ui']) retrieved from /home/airflow/.local/lib/python3.7/site-packages/airflow/example_dags/example_params_trigger_ui.py
[2026-09-19T22:41:24.450+0000] {logging_mixin.py:149} INFO - [2026-09-19T22:41:24.449+0000] {dag.py:2726} INFO - Sync 1 DAGs
[2026-09-19T22:41:24.503+0000] {logging_mixin.py:149} INFO - [2026-09-19T22:41:24.503+0000] {dag.py:3490} INFO - Setting next_dagrun for example_params_trigger_ui to None, run_after=None
[2026-09-19T22:41:24.540+0000] {processor.py:178} INFO - Processing /home/airflow/.local/lib/python3.7/site-packages/airflow/example_dags/example_params_trigger_ui.py took 0.297 seconds
[2026-09-19T22:41:54.777+0000] {processor.py:156} INFO - Started process (PID=11186) to work on /home/airflow/.local/lib/python3.7/site-packages/airflow/example_dags/example_params_trigger_ui.py
[2026-09-19T22:41:54.779+0000] {processor.py:799} INFO - Processing file /home/airflow/.local/lib/python3.7/site-packages/airflow/example_dags/example_params_trigger_ui.py for tasks to queue
[2026-09-19T22:41:54.780+0000] {logging_mixin.py:149} INFO - [2026-09-19T22:41:54.780+0000] {dagbag.py:541} INFO - Filling up the DagBag from /home/airflow/.local/lib/python3.7/site-packages/airflow/example_dags/example_params_trigger_ui.py
[2026-09-19T22:41:54.824+0000] {processor.py:809} INFO - DAG(s) dict_keys(['example_params_trigger_ui']) retrieved from /home/airflow/.local/lib/python3.7/site-packages/airflow/example_dags/example_params_trigger_ui.py
[2026-09-19T22:41:54.993+0000] {logging_mixin.py:149} INFO - [2026-09-19T22:41:54.993+0000] {dag.py:2726} INFO - Sync 1 DAGs
[2026-09-19T22:41:55.038+0000] {logging_mixin.py:149} INFO - [2026-09-19T22:41:55.038+0000] {dag.py:3490} INFO - Setting next_dagrun for example_params_trigger_ui to None, run_after=None
[2026-09-19T22:41:55.074+0000] {processor.py:178} INFO - Processing /home/airflow/.local/lib/python3.7/site-packages/airflow/example_dags/example_params_trigger_ui.py took 0.303 seconds
[2026-09-19T22:42:25.246+0000] {processor.py:156} INFO - Started process (PID=11242) to work on /home/airflow/.local/lib/python3.7/site-packages/airflow/example_dags/example_params_trigger_ui.py
[2026-09-19T22:42:25.248+0000] {processor.py:799} INFO - Processing file /home/airflow/.local/lib/python3.7/site-packages/airflow/example_dags/example_params_trigger_ui.py for tasks to queue
[2026-09-19T22:42:25.249+0000] {logging_mixin.py:149} INFO - [2026-09-19T22:42:25.249+0000] {dagbag.py:541} INFO - Filling up the DagBag from /home/airflow/.local/lib/python3.7/site-packages/airflow/example_dags/example_params_trigger_ui.py
[2026-09-19T22:42:25.290+0000] {processor.py:809} INFO - DAG(s) dict_keys(['example_params_trigger_ui']) retrieved from /home/airflow/.local/lib/python3.7/site-packages/airflow/example_dags/example_params_trigger_ui.py
[2026-09-19T22:42:25.426+0000] {logging_mixin.py:149} INFO - [2026-09-19T22:42:25.426+0000] {dag.py:2726} INFO - Sync 1 DAGs
[2026-09-19T22:42:25.484+0000] {logging_mixin.py:149} INFO - [2026-09-19T22:42:25.483+0000] {dag.py:3490} INFO - Setting next_dagrun for example_params_trigger_ui to None, run_after=None
[2026-09-19T22:42:25.517+0000] {processor.py:178} INFO - Processing /home/airflow/.local/lib/python3.7/site-packages/airflow/example_dags/example_params_trigger_ui.py took 0.277 seconds
[2026-09-19T22:42:55.664+0000] {processor.py:156} INFO - Started process (PID=11298) to work on /home/airflow/.local/lib/python3.7/site-packages/airflow/example_dags/example_params_trigger_ui.py
[2026-09-19T22:42:55.667+0000] {processor.py:799} INFO - Processing file /home/airflow/.local/lib/python3.7/site-packages/airflow/example_dags/example_params_trigger_ui.py for tasks to queue
[2026-09-19T22:42:55.668+0000] {logging_mixin.py:149} INFO - [2026-09-19T22:42:55.667+0000] {dagbag.py:541} INFO - Filling up the DagBag from /home/airflow/.local/lib/python3.7/site-packages/airflow/example_dags/example_params_trigger_ui.py
[2026-09-19T22:42:55.709+0000] {processor.py:809} INFO - DAG(s) dict_keys(['example_params_trigger_ui']) retrieved from /home/airflow/.local/lib/python3.7/site-packages/airflow/example_dags/example_params_trigger_ui.py
[2026-09-19T22:42:55.857+0000] {logging_mixin.py:149} INFO - [2026-09-19T22:42:55.856+0000] {dag.py:2726} INFO - Sync 1 DAGs
[2026-09-19T22:42:55.897+0000] {logging_mixin.py:149} INFO - [2026-09-19T22:42:55.897+0000] {dag.py:3490} INFO - Setting next_dagrun for example_params_trigger_ui to None, run_after=None
[2026-09-19T22:42:55.926+0000] {processor.py:178} INFO - Processing /home/airflow/.local/lib/python3.7/site-packages/airflow/example_dags/example_params_trigger_ui.py took 0.269 seconds
[2026-09-19T22:43:25.980+0000] {processor.py:156} INFO - Started process (PID=11354) to work on /home/airflow/.local/lib/python3.7/site-packages/airflow/example_dags/example_params_trigger_ui.py
[2026-09-19T22:43:25.982+0000] {processor.py:799} INFO - Processing file /home/airflow/.local/lib/python3.7/site-packages/airflow/example_dags/example_params_trigger_ui.py for tasks to queue
[2026-09-19T22:43:25.983+0000] {logging_mixin.py:149} INFO - [2026-09-19T22:43:25.983+0000] {dagbag.py:541} INFO - Filling up the DagBag from /home/airflow/.local/lib/python3.7/site-packages/airflow/example_dags/example_params_trigger_ui.py
[2026-09-19T22:43:26.019+0000] {processor.py:809} INFO - DAG(s) dict_keys(['example_params_trigger_ui']) retrieved from /home/airflow/.local/lib/python3.7/site-packages/airflow/example_dags/example_params_trigger_ui.py
[2026-09-19T22:43:26.162+0000] {logging_mixin.py:149} INFO - [2026-09-19T22:43:26.161+0000] {dag.py:2726} INFO - Sync 1 DAGs
[2026-09-19T22:43:26.204+0000] {logging_mixin.py:149} INFO - [2026-09-19T22:43:26.204+0000] {dag.py:3490} INFO - Setting next_dagrun for example_params_trigger_ui to None, run_after=None
[2026-09-19T22:43:26.236+0000] {processor.py:178} INFO - Processing /home/airflow/.local/lib/python3.7/site-packages/airflow/example_dags/example_params_trigger_ui.py took 0.262 seconds
[2026-09-19T22:43:56.596+0000] {processor.py:156} INFO - Started process (PID=11410) to work on /home/airflow/.local/lib/python3.7/site-packages/airflow/example_dags/example_params_trigger_ui.py
[2026-09-19T22:43:56.598+0000] {processor.py:799} INFO - Processing file /home/airflow/.local/lib/python3.7/site-packages/airflow/example_dags/example_params_trigger_ui.py for tasks to queue
[2026-09-19T22:43:56.599+0000] {logging_mixin.py:149} INFO - [2026-09-19T22:43:56.599+0000] {dagbag.py:541} INFO - Filling up the DagBag from /home/airflow/.local/lib/python3.7/site-packages/airflow/example_dags/example_params_trigger_ui.py
[2026-09-19T22:43:56.638+0000] {processor.py:809} INFO - DAG(s) dict_keys(['example_params_trigger_ui']) retrieved from /home/airflow/.local/lib/python3.7/site-packages/airflow/example_dags/example_params_trigger_ui.py
[2026-09-19T22:43:56.794+0000] {logging_mixin.py:149} INFO - [2026-09-19T22:43:56.794+0000] {dag.py:2726} INFO - Sync 1 DAGs
[2026-09-19T22:43:56.843+0000] {logging_mixin.py:149} INFO - [2026-09-19T22:43:56.843+0000] {dag.py:3490} INFO - Setting next_dagrun for example_params_trigger_ui to None, run_after=None
[2026-09-19T22:43:56.876+0000] {processor.py:178} INFO - Processing /home/airflow/.local/lib/python3.7/site-packages/airflow/example_dags/example_params_trigger_ui.py took 0.287 seconds
[2026-09-19T22:44:27.272+0000] {processor.py:156} INFO - Started process (PID=11461) to work on /home/airflow/.local/lib/python3.7/site-packages/airflow/example_dags/example_params_trigger_ui.py
[2026-09-19T22:44:27.274+0000] {processor.py:799} INFO - Processing file /home/airflow/.local/lib/python3.7/site-packages/airflow/example_dags/example_params_trigger_ui.py for tasks to queue
[2026-09-19T22:44:27.275+0000] {logging_mixin.py:149} INFO - [2026-09-19T22:44:27.275+0000] {dagbag.py:541} INFO - Filling up the DagBag from /home/airflow/.local/lib/python3.7/site-packages/airflow/example_dags/example_params_trigger_ui.py
[2026-09-19T22:44:27.311+0000] {processor.py:809} INFO - DAG(s) dict_keys(['example_params_trigger_ui']) retrieved from /home/airflow/.local/lib/python3.7/site-packages/airflow/example_dags/example_params_trigger_ui.py
[2026-09-19T22:44:27.453+0000] {logging_mixin.py:149} INFO - [2026-09-19T22:44:27.453+0000] {dag.py:2726} INFO - Sync 1 DAGs
[2026-09-19T22:44:27.500+0000] {logging_mixin.py:149} INFO - [2026-09-19T22:44:27.499+0000] {dag.py:3490} INFO - Setting next_dagrun for example_params_trigger_ui to None, run_after=None
[2026-09-19T22:44:27.534+0000] {processor.py:178} INFO - Processing /home/airflow/.local/lib/python3.7/site-packages/airflow/example_dags/example_params_trigger_ui.py took 0.269 seconds
[2026-09-19T22:44:58.575+0000] {processor.py:156} INFO - Started process (PID=11516) to work on /home/airflow/.local/lib/python3.7/site-packages/airflow/example_dags/example_params_trigger_ui.py
[2026-09-19T22:44:58.577+0000] {processor.py:799} INFO - Processing file /home/airflow/.local/lib/python3.7/site-packages/airflow/example_dags/example_params_trigger_ui.py for tasks to queue
[2026-09-19T22:44:58.578+0000] {logging_mixin.py:149} INFO - [2026-09-19T22:44:58.578+0000] {dagbag.py:541} INFO - Filling up the DagBag from /home/airflow/.local/lib/python3.7/site-packages/airflow/example_dags/example_params_trigger_ui.py
[2026-09-19T22:44:58.614+0000] {processor.py:809} INFO - DAG(s) dict_keys(['example_params_trigger_ui']) retrieved from /home/airflow/.local/lib/python3.7/site-packages/airflow/example_dags/example_params_trigger_ui.py
[2026-09-19T22:44:58.776+0000] {logging_mixin.py:149} INFO - [2026-09-19T22:44:58.776+0000] {dag.py:2726} INFO - Sync 1 DAGs
[2026-09-19T22:44:58.824+0000] {logging_mixin.py:149} INFO - [2026-09-19T22:44:58.823+0000] {dag.py:3490} INFO - Setting next_dagrun for example_params_trigger_ui to None, run_after=None
[2026-09-19T22:44:58.855+0000] {processor.py:178} INFO - Processing /home/airflow/.local/lib/python3.7/site-packages/airflow/example_dags/example_params_trigger_ui.py took 0.288 seconds
[2026-09-19T22:45:29.416+0000] {processor.py:156} INFO - Started process (PID=11572) to work on /home/airflow/.local/lib/python3.7/site-packages/airflow/example_dags/example_params_trigger_ui.py
[2026-09-19T22:45:29.418+0000] {processor.py:799} INFO - Processing file /home/airflow/.local/lib/python3.7/site-packages/airflow/example_dags/example_params_trigger_ui.py for tasks to queue
[2026-09-19T22:45:29.419+0000] {logging_mixin.py:149} INFO - [2026-09-19T22:45:29.419+0000] {dagbag.py:541} INFO - Filling up the DagBag from /home/airflow/.local/lib/python3.7/site-packages/airflow/example_dags/example_params_trigger_ui.py
[2026-09-19T22:45:29.468+0000] {processor.py:809} INFO - DAG(s) dict_keys(['example_params_trigger_ui']) retrieved from /home/airflow/.local/lib/python3.7/site-packages/airflow/example_dags/example_params_trigger_ui.py
[2026-09-19T22:45:29.623+0000] {logging_mixin.py:149} INFO - [2026-09-19T22:45:29.623+0000] {dag.py:2726} INFO - Sync 1 DAGs
[2026-09-19T22:45:29.665+0000] {logging_mixin.py:149} INFO - [2026-09-19T22:45:29.664+0000] {dag.py:3490} INFO - Setting next_dagrun for example_params_trigger_ui to None, run_after=None
[2026-09-19T22:45:29.696+0000] {processor.py:178} INFO - Processing /home/airflow/.local/lib/python3.7/site-packages/airflow/example_dags/example_params_trigger_ui.py took 0.287 seconds
[2026-09-19T22:46:00.056+0000] {processor.py:156} INFO - Started process (PID=11629) to work on /home/airflow/.local/lib/python3.7/site-packages/airflow/example_dags/example_params_trigger_ui.py
[2026-09-19T22:46:00.058+0000] {processor.py:799} INFO - Processing file /home/airflow/.local/lib/python3.7/site-packages/airflow/example_dags/example_params_trigger_ui.py for tasks to queue
[2026-09-19T22:46:00.059+0000] {logging_mixin.py:149} INFO - [2026-09-19T22:46:00.058+0000] {dagbag.py:541} INFO - Filling up the DagBag from /home/airflow/.local/lib/python3.7/site-packages/airflow/example_dags/example_params_trigger_ui.py
[2026-09-19T22:46:00.093+0000] {processor.py:809} INFO - DAG(s) dict_keys(['example_params_trigger_ui']) retrieved from /home/airflow/.local/lib/python3.7/site-packages/airflow/example_dags/example_params_trigger_ui.py
[2026-09-19T22:46:00.240+0000] {logging_mixin.py:149} INFO - [2026-09-19T22:46:00.240+0000] {dag.py:2726} INFO - Sync 1 DAGs
[2026-09-19T22:46:00.284+0000] {logging_mixin.py:149} INFO - [2026-09-19T22:46:00.284+0000] {dag.py:3490} INFO - Setting next_dagrun for example_params_trigger_ui to None, run_after=None
[2026-09-19T22:46:00.326+0000] {processor.py:178} INFO - Processing /home/airflow/.local/lib/python3.7/site-packages/airflow/example_dags/example_params_trigger_ui.py took 0.274 seconds
[2026-09-19T22:46:30.804+0000] {processor.py:156} INFO - Started process (PID=11686) to work on /home/airflow/.local/lib/python3.7/site-packages/airflow/example_dags/example_params_trigger_ui.py
[2026-09-19T22:46:30.805+0000] {processor.py:799} INFO - Processing file /home/airflow/.local/lib/python3.7/site-packages/airflow/example_dags/example_params_trigger_ui.py for tasks to queue
[2026-09-19T22:46:30.807+0000] {logging_mixin.py:149} INFO - [2026-09-19T22:46:30.806+0000] {dagbag.py:541} INFO - Filling up the DagBag from /home/airflow/.local/lib/python3.7/site-packages/airflow/example_dags/example_params_trigger_ui.py
[2026-09-19T22:46:30.853+0000] {processor.py:809} INFO - DAG(s) dict_keys(['example_params_trigger_ui']) retrieved from /home/airflow/.local/lib/python3.7/site-packages/airflow/example_dags/example_params_trigger_ui.py
[2026-09-19T22:46:31.023+0000] {logging_mixin.py:149} INFO - [2026-09-19T22:46:31.023+0000] {dag.py:2726} INFO - Sync 1 DAGs
[2026-09-19T22:46:31.075+0000] {logging_mixin.py:149} INFO - [2026-09-19T22:46:31.074+0000] {dag.py:3490} INFO - Setting next_dagrun for example_params_trigger_ui to None, run_after=None
[2026-09-19T22:46:31.103+0000] {processor.py:178} INFO - Processing /home/airflow/.local/lib/python3.7/site-packages/airflow/example_dags/example_params_trigger_ui.py took 0.306 seconds
[2026-09-19T22:47:01.368+0000] {processor.py:156} INFO - Started process (PID=11743) to work on /home/airflow/.local/lib/python3.7/site-packages/airflow/example_dags/example_params_trigger_ui.py
[2026-09-19T22:47:01.370+0000] {processor.py:799} INFO - Processing file /home/airflow/.local/lib/python3.7/site-packages/airflow/example_dags/example_params_trigger_ui.py for tasks to queue
[2026-09-19T22:47:01.371+0000] {logging_mixin.py:149} INFO - [2026-09-19T22:47:01.371+0000] {dagbag.py:541} INFO - Filling up the DagBag from /home/airflow/.local/lib/python3.7/site-packages/airflow/example_dags/example_params_trigger_ui.py
[2026-09-19T22:47:01.408+0000] {processor.py:809} INFO - DAG(s) dict_keys(['example_params_trigger_ui']) retrieved from /home/airflow/.local/lib/python3.7/site-packages/airflow/example_dags/example_params_trigger_ui.py
[2026-09-19T22:47:01.568+0000] {logging_mixin.py:149} INFO - [2026-09-19T22:47:01.568+0000] {dag.py:2726} INFO - Sync 1 DAGs
[2026-09-19T22:47:01.619+0000] {logging_mixin.py:149} INFO - [2026-09-19T22:47:01.618+0000] {dag.py:3490} INFO - Setting next_dagrun for example_params_trigger_ui to None, run_after=None
[2026-09-19T22:47:01.654+0000] {processor.py:178} INFO - Processing /home/airflow/.local/lib/python3.7/site-packages/airflow/example_dags/example_params_trigger_ui.py took 0.294 seconds
[2026-09-19T22:47:32.917+0000] {processor.py:156} INFO - Started process (PID=11798) to work on /home/airflow/.local/lib/python3.7/site-packages/airflow/example_dags/example_params_trigger_ui.py
[2026-09-19T22:47:32.918+0000] {processor.py:799} INFO - Processing file /home/airflow/.local/lib/python3.7/site-packages/airflow/example_dags/example_params_trigger_ui.py for tasks to queue
[2026-09-19T22:47:32.919+0000] {logging_mixin.py:149} INFO - [2026-09-19T22:47:32.919+0000] {dagbag.py:541} INFO - Filling up the DagBag from /home/airflow/.local/lib/python3.7/site-packages/airflow/example_dags/example_params_trigger_ui.py
[2026-09-19T22:47:32.955+0000] {processor.py:809} INFO - DAG(s) dict_keys(['example_params_trigger_ui']) retrieved from /home/airflow/.local/lib/python3.7/site-packages/airflow/example_dags/example_params_trigger_ui.py
[2026-09-19T22:47:33.102+0000] {logging_mixin.py:149} INFO - [2026-09-19T22:47:33.102+0000] {dag.py:2726} INFO - Sync 1 DAGs
[2026-09-19T22:47:33.151+0000] {logging_mixin.py:149} INFO - [2026-09-19T22:47:33.150+0000] {dag.py:3490} INFO - Setting next_dagrun for example_params_trigger_ui to None, run_after=None
[2026-09-19T22:47:33.189+0000] {processor.py:178} INFO - Processing /home/airflow/.local/lib/python3.7/site-packages/airflow/example_dags/example_params_trigger_ui.py took 0.279 seconds
[2026-09-19T22:48:03.470+0000] {processor.py:156} INFO - Started process (PID=11854) to work on /home/airflow/.local/lib/python3.7/site-packages/airflow/example_dags/example_params_trigger_ui.py
[2026-09-19T22:48:03.472+0000] {processor.py:799} INFO - Processing file /home/airflow/.local/lib/python3.7/site-packages/airflow/example_dags/example_params_trigger_ui.py for tasks to queue
[2026-09-19T22:48:03.473+0000] {logging_mixin.py:149} INFO - [2026-09-19T22:48:03.472+0000] {dagbag.py:541} INFO - Filling up the DagBag from /home/airflow/.local/lib/python3.7/site-packages/airflow/example_dags/example_params_trigger_ui.py
[2026-09-19T22:48:03.509+0000] {processor.py:809} INFO - DAG(s) dict_keys(['example_params_trigger_ui']) retrieved from /home/airflow/.local/lib/python3.7/site-packages/airflow/example_dags/example_params_trigger_ui.py
[2026-09-19T22:48:03.663+0000] {logging_mixin.py:149} INFO - [2026-09-19T22:48:03.663+0000] {dag.py:2726} INFO - Sync 1 DAGs
[2026-09-19T22:48:03.710+0000] {logging_mixin.py:149} INFO - [2026-09-19T22:48:03.709+0000] {dag.py:3490} INFO - Setting next_dagrun for example_params_trigger_ui to None, run_after=None
[2026-09-19T22:48:03.748+0000] {processor.py:178} INFO - Processing /home/airflow/.local/lib/python3.7/site-packages/airflow/example_dags/example_params_trigger_ui.py took 0.284 seconds
[2026-09-19T22:48:35.015+0000] {processor.py:156} INFO - Started process (PID=11909) to work on /home/airflow/.local/lib/python3.7/site-packages/airflow/example_dags/example_params_trigger_ui.py
[2026-09-19T22:48:35.019+0000] {processor.py:799} INFO - Processing file /home/airflow/.local/lib/python3.7/site-packages/airflow/example_dags/example_params_trigger_ui.py for tasks to queue
[2026-09-19T22:48:35.021+0000] {logging_mixin.py:149} INFO - [2026-09-19T22:48:35.020+0000] {dagbag.py:541} INFO - Filling up the DagBag from /home/airflow/.local/lib/python3.7/site-packages/airflow/example_dags/example_params_trigger_ui.py
[2026-09-19T22:48:35.063+0000] {processor.py:809} INFO - DAG(s) dict_keys(['example_params_trigger_ui']) retrieved from /home/airflow/.local/lib/python3.7/site-packages/airflow/example_dags/example_params_trigger_ui.py
[2026-09-19T22:48:35.221+0000] {logging_mixin.py:149} INFO - [2026-09-19T22:48:35.221+0000] {dag.py:2726} INFO - Sync 1 DAGs
[2026-09-19T22:48:35.264+0000] {logging_mixin.py:149} INFO - [2026-09-19T22:48:35.264+0000] {dag.py:3490} INFO - Setting next_dagrun for example_params_trigger_ui to None, run_after=None
[2026-09-19T22:48:35.300+0000] {processor.py:178} INFO - Processing /home/airflow/.local/lib/python3.7/site-packages/airflow/example_dags/example_params_trigger_ui.py took 0.293 seconds
[2026-09-19T22:49:05.698+0000] {processor.py:156} INFO - Started process (PID=11972) to work on /home/airflow/.local/lib/python3.7/site-packages/airflow/example_dags/example_params_trigger_ui.py
[2026-09-19T22:49:05.699+0000] {processor.py:799} INFO - Processing file /home/airflow/.local/lib/python3.7/site-packages/airflow/example_dags/example_params_trigger_ui.py for tasks to queue
[2026-09-19T22:49:05.701+0000] {logging_mixin.py:149} INFO - [2026-09-19T22:49:05.700+0000] {dagbag.py:541} INFO - Filling up the DagBag from /home/airflow/.local/lib/python3.7/site-packages/airflow/example_dags/example_params_trigger_ui.py
[2026-09-19T22:49:05.738+0000] {processor.py:809} INFO - DAG(s) dict_keys(['example_params_trigger_ui']) retrieved from /home/airflow/.local/lib/python3.7/site-packages/airflow/example_dags/example_params_trigger_ui.py
[2026-09-19T22:49:05.876+0000] {logging_mixin.py:149} INFO - [2026-09-19T22:49:05.876+0000] {dag.py:2726} INFO - Sync 1 DAGs
[2026-09-19T22:49:05.920+0000] {logging_mixin.py:149} INFO - [2026-09-19T22:49:05.920+0000] {dag.py:3490} INFO - Setting next_dagrun for example_params_trigger_ui to None, run_after=None
[2026-09-19T22:49:05.954+0000] {processor.py:178} INFO - Processing /home/airflow/.local/lib/python3.7/site-packages/airflow/example_dags/example_params_trigger_ui.py took 0.262 seconds
[2026-09-19T22:49:37.090+0000] {processor.py:156} INFO - Started process (PID=12028) to work on /home/airflow/.local/lib/python3.7/site-packages/airflow/example_dags/example_params_trigger_ui.py
[2026-09-19T22:49:37.093+0000] {processor.py:799} INFO - Processing file /home/airflow/.local/lib/python3.7/site-packages/airflow/example_dags/example_params_trigger_ui.py for tasks to queue
[2026-09-19T22:49:37.094+0000] {logging_mixin.py:149} INFO - [2026-09-19T22:49:37.094+0000] {dagbag.py:541} INFO - Filling up the DagBag from /home/airflow/.local/lib/python3.7/site-packages/airflow/example_dags/example_params_trigger_ui.py
[2026-09-19T22:49:37.133+0000] {processor.py:809} INFO - DAG(s) dict_keys(['example_params_trigger_ui']) retrieved from /home/airflow/.local/lib/python3.7/site-packages/airflow/example_dags/example_params_trigger_ui.py
[2026-09-19T22:49:37.274+0000] {logging_mixin.py:149} INFO - [2026-09-19T22:49:37.274+0000] {dag.py:2726} INFO - Sync 1 DAGs
[2026-09-19T22:49:37.326+0000] {logging_mixin.py:149} INFO - [2026-09-19T22:49:37.326+0000] {dag.py:3490} INFO - Setting next_dagrun for example_params_trigger_ui to None, run_after=None
[2026-09-19T22:49:37.355+0000] {processor.py:178} INFO - Processing /home/airflow/.local/lib/python3.7/site-packages/airflow/example_dags/example_params_trigger_ui.py took 0.271 seconds
[2026-09-19T22:50:07.894+0000] {processor.py:156} INFO - Started process (PID=12083) to work on /home/airflow/.local/lib/python3.7/site-packages/airflow/example_dags/example_params_trigger_ui.py
[2026-09-19T22:50:07.897+0000] {processor.py:799} INFO - Processing file /home/airflow/.local/lib/python3.7/site-packages/airflow/example_dags/example_params_trigger_ui.py for tasks to queue
[2026-09-19T22:50:07.898+0000] {logging_mixin.py:149} INFO - [2026-09-19T22:50:07.897+0000] {dagbag.py:541} INFO - Filling up the DagBag from /home/airflow/.local/lib/python3.7/site-packages/airflow/example_dags/example_params_trigger_ui.py
[2026-09-19T22:50:07.936+0000] {processor.py:809} INFO - DAG(s) dict_keys(['example_params_trigger_ui']) retrieved from /home/airflow/.local/lib/python3.7/site-packages/airflow/example_dags/example_params_trigger_ui.py
[2026-09-19T22:50:08.084+0000] {logging_mixin.py:149} INFO - [2026-09-19T22:50:08.083+0000] {dag.py:2726} INFO - Sync 1 DAGs
[2026-09-19T22:50:08.124+0000] {logging_mixin.py:149} INFO - [2026-09-19T22:50:08.124+0000] {dag.py:3490} INFO - Setting next_dagrun for example_params_trigger_ui to None, run_after=None
[2026-09-19T22:50:08.153+0000] {processor.py:178} INFO - Processing /home/airflow/.local/lib/python3.7/site-packages/airflow/example_dags/example_params_trigger_ui.py took 0.265 seconds
[2026-09-19T22:50:38.525+0000] {processor.py:156} INFO - Started process (PID=12139) to work on /home/airflow/.local/lib/python3.7/site-packages/airflow/example_dags/example_params_trigger_ui.py
[2026-09-19T22:50:38.527+0000] {processor.py:799} INFO - Processing file /home/airflow/.local/lib/python3.7/site-packages/airflow/example_dags/example_params_trigger_ui.py for tasks to queue
[2026-09-19T22:50:38.528+0000] {logging_mixin.py:149} INFO - [2026-09-19T22:50:38.527+0000] {dagbag.py:541} INFO - Filling up the DagBag from /home/airflow/.local/lib/python3.7/site-packages/airflow/example_dags/example_params_trigger_ui.py
[2026-09-19T22:50:38.569+0000] {processor.py:809} INFO - DAG(s) dict_keys(['example_params_trigger_ui']) retrieved from /home/airflow/.local/lib/python3.7/site-packages/airflow/example_dags/example_params_trigger_ui.py
[2026-09-19T22:50:38.714+0000] {logging_mixin.py:149} INFO - [2026-09-19T22:50:38.713+0000] {dag.py:2726} INFO - Sync 1 DAGs
[2026-09-19T22:50:38.756+0000] {logging_mixin.py:149} INFO - [2026-09-19T22:50:38.755+0000] {dag.py:3490} INFO - Setting next_dagrun for example_params_trigger_ui to None, run_after=None
[2026-09-19T22:50:38.791+0000] {processor.py:178} INFO - Processing /home/airflow/.local/lib/python3.7/site-packages/airflow/example_dags/example_params_trigger_ui.py took 0.273 seconds
[2026-09-19T22:51:08.951+0000] {processor.py:156} INFO - Started process (PID=12195) to work on /home/airflow/.local/lib/python3.7/site-packages/airflow/example_dags/example_params_trigger_ui.py
[2026-09-19T22:51:08.953+0000] {processor.py:799} INFO - Processing file /home/airflow/.local/lib/python3.7/site-packages/airflow/example_dags/example_params_trigger_ui.py for tasks to queue
[2026-09-19T22:51:08.954+0000] {logging_mixin.py:149} INFO - [2026-09-19T22:51:08.954+0000] {dagbag.py:541} INFO - Filling up the DagBag from /home/airflow/.local/lib/python3.7/site-packages/airflow/example_dags/example_params_trigger_ui.py
[2026-09-19T22:51:08.992+0000] {processor.py:809} INFO - DAG(s) dict_keys(['example_params_trigger_ui']) retrieved from /home/airflow/.local/lib/python3.7/site-packages/airflow/example_dags/example_params_trigger_ui.py
[2026-09-19T22:51:09.136+0000] {logging_mixin.py:149} INFO - [2026-09-19T22:51:09.136+0000] {dag.py:2726} INFO - Sync 1 DAGs
[2026-09-19T22:51:09.179+0000] {logging_mixin.py:149} INFO - [2026-09-19T22:51:09.179+0000] {dag.py:3490} INFO - Setting next_dagrun for example_params_trigger_ui to None, run_after=None
[2026-09-19T22:51:09.210+0000] {processor.py:178} INFO - Processing /home/airflow/.local/lib/python3.7/site-packages/airflow/example_dags/example_params_trigger_ui.py took 0.266 seconds
[2026-09-19T22:51:40.552+0000] {processor.py:156} INFO - Started process (PID=12251) to work on /home/airflow/.local/lib/python3.7/site-packages/airflow/example_dags/example_params_trigger_ui.py
[2026-09-19T22:51:40.554+0000] {processor.py:799} INFO - Processing file /home/airflow/.local/lib/python3.7/site-packages/airflow/example_dags/example_params_trigger_ui.py for tasks to queue
[2026-09-19T22:51:40.555+0000] {logging_mixin.py:149} INFO - [2026-09-19T22:51:40.555+0000] {dagbag.py:541} INFO - Filling up the DagBag from /home/airflow/.local/lib/python3.7/site-packages/airflow/example_dags/example_params_trigger_ui.py
[2026-09-19T22:51:40.607+0000] {processor.py:809} INFO - DAG(s) dict_keys(['example_params_trigger_ui']) retrieved from /home/airflow/.local/lib/python3.7/site-packages/airflow/example_dags/example_params_trigger_ui.py
[2026-09-19T22:51:40.760+0000] {logging_mixin.py:149} INFO - [2026-09-19T22:51:40.760+0000] {dag.py:2726} INFO - Sync 1 DAGs
[2026-09-19T22:51:40.807+0000] {logging_mixin.py:149} INFO - [2026-09-19T22:51:40.807+0000] {dag.py:3490} INFO - Setting next_dagrun for example_params_trigger_ui to None, run_after=None
[2026-09-19T22:51:40.844+0000] {processor.py:178} INFO - Processing /home/airflow/.local/lib/python3.7/site-packages/airflow/example_dags/example_params_trigger_ui.py took 0.298 seconds
[2026-09-19T22:52:11.999+0000] {processor.py:156} INFO - Started process (PID=12307) to work on /home/airflow/.local/lib/python3.7/site-packages/airflow/example_dags/example_params_trigger_ui.py
[2026-09-19T22:52:12.001+0000] {processor.py:799} INFO - Processing file /home/airflow/.local/lib/python3.7/site-packages/airflow/example_dags/example_params_trigger_ui.py for tasks to queue
[2026-09-19T22:52:12.002+0000] {logging_mixin.py:149} INFO - [2026-09-19T22:52:12.002+0000] {dagbag.py:541} INFO - Filling up the DagBag from /home/airflow/.local/lib/python3.7/site-packages/airflow/example_dags/example_params_trigger_ui.py
[2026-09-19T22:52:12.053+0000] {processor.py:809} INFO - DAG(s) dict_keys(['example_params_trigger_ui']) retrieved from /home/airflow/.local/lib/python3.7/site-packages/airflow/example_dags/example_params_trigger_ui.py
[2026-09-19T22:52:12.208+0000] {logging_mixin.py:149} INFO - [2026-09-19T22:52:12.208+0000] {dag.py:2726} INFO - Sync 1 DAGs
[2026-09-19T22:52:12.250+0000] {logging_mixin.py:149} INFO - [2026-09-19T22:52:12.250+0000] {dag.py:3490} INFO - Setting next_dagrun for example_params_trigger_ui to None, run_after=None
[2026-09-19T22:52:12.311+0000] {processor.py:178} INFO - Processing /home/airflow/.local/lib/python3.7/site-packages/airflow/example_dags/example_params_trigger_ui.py took 0.319 seconds
[2026-09-19T22:52:42.791+0000] {processor.py:156} INFO - Started process (PID=12363) to work on /home/airflow/.local/lib/python3.7/site-packages/airflow/example_dags/example_params_trigger_ui.py
[2026-09-19T22:52:42.793+0000] {processor.py:799} INFO - Processing file /home/airflow/.local/lib/python3.7/site-packages/airflow/example_dags/example_params_trigger_ui.py for tasks to queue
[2026-09-19T22:52:42.794+0000] {logging_mixin.py:149} INFO - [2026-09-19T22:52:42.794+0000] {dagbag.py:541} INFO - Filling up the DagBag from /home/airflow/.local/lib/python3.7/site-packages/airflow/example_dags/example_params_trigger_ui.py
[2026-09-19T22:52:42.833+0000] {processor.py:809} INFO - DAG(s) dict_keys(['example_params_trigger_ui']) retrieved from /home/airflow/.local/lib/python3.7/site-packages/airflow/example_dags/example_params_trigger_ui.py
[2026-09-19T22:52:42.993+0000] {logging_mixin.py:149} INFO - [2026-09-19T22:52:42.993+0000] {dag.py:2726} INFO - Sync 1 DAGs
[2026-09-19T22:52:43.041+0000] {logging_mixin.py:149} INFO - [2026-09-19T22:52:43.041+0000] {dag.py:3490} INFO - Setting next_dagrun for example_params_trigger_ui to None, run_after=None
[2026-09-19T22:52:43.075+0000] {processor.py:178} INFO - Processing /home/airflow/.local/lib/python3.7/site-packages/airflow/example_dags/example_params_trigger_ui.py took 0.291 seconds
[2026-09-19T22:53:14.099+0000] {processor.py:156} INFO - Started process (PID=12419) to work on /home/airflow/.local/lib/python3.7/site-packages/airflow/example_dags/example_params_trigger_ui.py
[2026-09-19T22:53:14.101+0000] {processor.py:799} INFO - Processing file /home/airflow/.local/lib/python3.7/site-packages/airflow/example_dags/example_params_trigger_ui.py for tasks to queue
[2026-09-19T22:53:14.102+0000] {logging_mixin.py:149} INFO - [2026-09-19T22:53:14.102+0000] {dagbag.py:541} INFO - Filling up the DagBag from /home/airflow/.local/lib/python3.7/site-packages/airflow/example_dags/example_params_trigger_ui.py
[2026-09-19T22:53:14.141+0000] {processor.py:809} INFO - DAG(s) dict_keys(['example_params_trigger_ui']) retrieved from /home/airflow/.local/lib/python3.7/site-packages/airflow/example_dags/example_params_trigger_ui.py
[2026-09-19T22:53:14.280+0000] {logging_mixin.py:149} INFO - [2026-09-19T22:53:14.280+0000] {dag.py:2726} INFO - Sync 1 DAGs
[2026-09-19T22:53:14.325+0000] {logging_mixin.py:149} INFO - [2026-09-19T22:53:14.324+0000] {dag.py:3490} INFO - Setting next_dagrun for example_params_trigger_ui to None, run_after=None
[2026-09-19T22:53:14.352+0000] {processor.py:178} INFO - Processing /home/airflow/.local/lib/python3.7/site-packages/airflow/example_dags/example_params_trigger_ui.py took 0.259 seconds
[2026-09-19T22:53:44.959+0000] {processor.py:156} INFO - Started process (PID=12475) to work on /home/airflow/.local/lib/python3.7/site-packages/airflow/example_dags/example_params_trigger_ui.py
[2026-09-19T22:53:44.960+0000] {processor.py:799} INFO - Processing file /home/airflow/.local/lib/python3.7/site-packages/airflow/example_dags/example_params_trigger_ui.py for tasks to queue
[2026-09-19T22:53:44.961+0000] {logging_mixin.py:149} INFO - [2026-09-19T22:53:44.961+0000] {dagbag.py:541} INFO - Filling up the DagBag from /home/airflow/.local/lib/python3.7/site-packages/airflow/example_dags/example_params_trigger_ui.py
[2026-09-19T22:53:44.997+0000] {processor.py:809} INFO - DAG(s) dict_keys(['example_params_trigger_ui']) retrieved from /home/airflow/.local/lib/python3.7/site-packages/airflow/example_dags/example_params_trigger_ui.py
[2026-09-19T22:53:45.151+0000] {logging_mixin.py:149} INFO - [2026-09-19T22:53:45.150+0000] {dag.py:2726} INFO - Sync 1 DAGs
[2026-09-19T22:53:45.198+0000] {logging_mixin.py:149} INFO - [2026-09-19T22:53:45.198+0000] {dag.py:3490} INFO - Setting next_dagrun for example_params_trigger_ui to None, run_after=None
[2026-09-19T22:53:45.237+0000] {processor.py:178} INFO - Processing /home/airflow/.local/lib/python3.7/site-packages/airflow/example_dags/example_params_trigger_ui.py took 0.283 seconds
[2026-09-19T22:54:15.844+0000] {processor.py:156} INFO - Started process (PID=12531) to work on /home/airflow/.local/lib/python3.7/site-packages/airflow/example_dags/example_params_trigger_ui.py
[2026-09-19T22:54:15.845+0000] {processor.py:799} INFO - Processing file /home/airflow/.local/lib/python3.7/site-packages/airflow/example_dags/example_params_trigger_ui.py for tasks to queue
[2026-09-19T22:54:15.846+0000] {logging_mixin.py:149} INFO - [2026-09-19T22:54:15.846+0000] {dagbag.py:541} INFO - Filling up the DagBag from /home/airflow/.local/lib/python3.7/site-packages/airflow/example_dags/example_params_trigger_ui.py
[2026-09-19T22:54:15.887+0000] {processor.py:809} INFO - DAG(s) dict_keys(['example_params_trigger_ui']) retrieved from /home/airflow/.local/lib/python3.7/site-packages/airflow/example_dags/example_params_trigger_ui.py
[2026-09-19T22:54:16.041+0000] {logging_mixin.py:149} INFO - [2026-09-19T22:54:16.041+0000] {dag.py:2726} INFO - Sync 1 DAGs
[2026-09-19T22:54:16.088+0000] {logging_mixin.py:149} INFO - [2026-09-19T22:54:16.088+0000] {dag.py:3490} INFO - Setting next_dagrun for example_params_trigger_ui to None, run_after=None
[2026-09-19T22:54:16.120+0000] {processor.py:178} INFO - Processing /home/airflow/.local/lib/python3.7/site-packages/airflow/example_dags/example_params_trigger_ui.py took 0.283 seconds
[2026-09-19T22:54:46.267+0000] {processor.py:156} INFO - Started process (PID=12586) to work on /home/airflow/.local/lib/python3.7/site-packages/airflow/example_dags/example_params_trigger_ui.py
[2026-09-19T22:54:46.273+0000] {processor.py:799} INFO - Processing file /home/airflow/.local/lib/python3.7/site-packages/airflow/example_dags/example_params_trigger_ui.py for tasks to queue
[2026-09-19T22:54:46.275+0000] {logging_mixin.py:149} INFO - [2026-09-19T22:54:46.274+0000] {dagbag.py:541} INFO - Filling up the DagBag from /home/airflow/.local/lib/python3.7/site-packages/airflow/example_dags/example_params_trigger_ui.py
[2026-09-19T22:54:46.319+0000] {processor.py:809} INFO - DAG(s) dict_keys(['example_params_trigger_ui']) retrieved from /home/airflow/.local/lib/python3.7/site-packages/airflow/example_dags/example_params_trigger_ui.py
[2026-09-19T22:54:46.483+0000] {logging_mixin.py:149} INFO - [2026-09-19T22:54:46.482+0000] {dag.py:2726} INFO - Sync 1 DAGs
[2026-09-19T22:54:46.526+0000] {logging_mixin.py:149} INFO - [2026-09-19T22:54:46.526+0000] {dag.py:3490} INFO - Setting next_dagrun for example_params_trigger_ui to None, run_after=None
[2026-09-19T22:54:46.561+0000] {processor.py:178} INFO - Processing /home/airflow/.local/lib/python3.7/site-packages/airflow/example_dags/example_params_trigger_ui.py took 0.301 seconds
[2026-09-19T22:55:16.861+0000] {processor.py:156} INFO - Started process (PID=12642) to work on /home/airflow/.local/lib/python3.7/site-packages/airflow/example_dags/example_params_trigger_ui.py
[2026-09-19T22:55:16.862+0000] {processor.py:799} INFO - Processing file /home/airflow/.local/lib/python3.7/site-packages/airflow/example_dags/example_params_trigger_ui.py for tasks to queue
[2026-09-19T22:55:16.864+0000] {logging_mixin.py:149} INFO - [2026-09-19T22:55:16.863+0000] {dagbag.py:541} INFO - Filling up the DagBag from /home/airflow/.local/lib/python3.7/site-packages/airflow/example_dags/example_params_trigger_ui.py
[2026-09-19T22:55:16.904+0000] {processor.py:809} INFO - DAG(s) dict_keys(['example_params_trigger_ui']) retrieved from /home/airflow/.local/lib/python3.7/site-packages/airflow/example_dags/example_params_trigger_ui.py
[2026-09-19T22:55:17.064+0000] {logging_mixin.py:149} INFO - [2026-09-19T22:55:17.063+0000] {dag.py:2726} INFO - Sync 1 DAGs
[2026-09-19T22:55:17.109+0000] {logging_mixin.py:149} INFO - [2026-09-19T22:55:17.109+0000] {dag.py:3490} INFO - Setting next_dagrun for example_params_trigger_ui to None, run_after=None
[2026-09-19T22:55:17.141+0000] {processor.py:178} INFO - Processing /home/airflow/.local/lib/python3.7/site-packages/airflow/example_dags/example_params_trigger_ui.py took 0.286 seconds
[2026-09-19T22:55:47.881+0000] {processor.py:156} INFO - Started process (PID=12698) to work on /home/airflow/.local/lib/python3.7/site-packages/airflow/example_dags/example_params_trigger_ui.py
[2026-09-19T22:55:47.887+0000] {processor.py:799} INFO - Processing file /home/airflow/.local/lib/python3.7/site-packages/airflow/example_dags/example_params_trigger_ui.py for tasks to queue
[2026-09-19T22:55:47.888+0000] {logging_mixin.py:149} INFO - [2026-09-19T22:55:47.888+0000] {dagbag.py:541} INFO - Filling up the DagBag from /home/airflow/.local/lib/python3.7/site-packages/airflow/example_dags/example_params_trigger_ui.py
[2026-09-19T22:55:47.929+0000] {processor.py:809} INFO - DAG(s) dict_keys(['example_params_trigger_ui']) retrieved from /home/airflow/.local/lib/python3.7/site-packages/airflow/example_dags/example_params_trigger_ui.py
[2026-09-19T22:55:48.075+0000] {logging_mixin.py:149} INFO - [2026-09-19T22:55:48.075+0000] {dag.py:2726} INFO - Sync 1 DAGs
[2026-09-19T22:55:48.120+0000] {logging_mixin.py:149} INFO - [2026-09-19T22:55:48.119+0000] {dag.py:3490} INFO - Setting next_dagrun for example_params_trigger_ui to None, run_after=None
[2026-09-19T22:55:48.160+0000] {processor.py:178} INFO - Processing /home/airflow/.local/lib/python3.7/site-packages/airflow/example_dags/example_params_trigger_ui.py took 0.286 seconds
[2026-09-19T22:56:18.868+0000] {processor.py:156} INFO - Started process (PID=12754) to work on /home/airflow/.local/lib/python3.7/site-packages/airflow/example_dags/example_params_trigger_ui.py
[2026-09-19T22:56:18.869+0000] {processor.py:799} INFO - Processing file /home/airflow/.local/lib/python3.7/site-packages/airflow/example_dags/example_params_trigger_ui.py for tasks to queue
[2026-09-19T22:56:18.870+0000] {logging_mixin.py:149} INFO - [2026-09-19T22:56:18.870+0000] {dagbag.py:541} INFO - Filling up the DagBag from /home/airflow/.local/lib/python3.7/site-packages/airflow/example_dags/example_params_trigger_ui.py
[2026-09-19T22:56:18.905+0000] {processor.py:809} INFO - DAG(s) dict_keys(['example_params_trigger_ui']) retrieved from /home/airflow/.local/lib/python3.7/site-packages/airflow/example_dags/example_params_trigger_ui.py
[2026-09-19T22:56:19.054+0000] {logging_mixin.py:149} INFO - [2026-09-19T22:56:19.054+0000] {dag.py:2726} INFO - Sync 1 DAGs
[2026-09-19T22:56:19.101+0000] {logging_mixin.py:149} INFO - [2026-09-19T22:56:19.100+0000] {dag.py:3490} INFO - Setting next_dagrun for example_params_trigger_ui to None, run_after=None
[2026-09-19T22:56:19.134+0000] {processor.py:178} INFO - Processing /home/airflow/.local/lib/python3.7/site-packages/airflow/example_dags/example_params_trigger_ui.py took 0.272 seconds
[2026-09-19T22:56:49.740+0000] {processor.py:156} INFO - Started process (PID=12810) to work on /home/airflow/.local/lib/python3.7/site-packages/airflow/example_dags/example_params_trigger_ui.py
[2026-09-19T22:56:49.743+0000] {processor.py:799} INFO - Processing file /home/airflow/.local/lib/python3.7/site-packages/airflow/example_dags/example_params_trigger_ui.py for tasks to queue
[2026-09-19T22:56:49.744+0000] {logging_mixin.py:149} INFO - [2026-09-19T22:56:49.744+0000] {dagbag.py:541} INFO - Filling up the DagBag from /home/airflow/.local/lib/python3.7/site-packages/airflow/example_dags/example_params_trigger_ui.py
[2026-09-19T22:56:49.782+0000] {processor.py:809} INFO - DAG(s) dict_keys(['example_params_trigger_ui']) retrieved from /home/airflow/.local/lib/python3.7/site-packages/airflow/example_dags/example_params_trigger_ui.py
[2026-09-19T22:56:49.928+0000] {logging_mixin.py:149} INFO - [2026-09-19T22:56:49.928+0000] {dag.py:2726} INFO - Sync 1 DAGs
[2026-09-19T22:56:49.975+0000] {logging_mixin.py:149} INFO - [2026-09-19T22:56:49.975+0000] {dag.py:3490} INFO - Setting next_dagrun for example_params_trigger_ui to None, run_after=None
[2026-09-19T22:56:50.019+0000] {processor.py:178} INFO - Processing /home/airflow/.local/lib/python3.7/site-packages/airflow/example_dags/example_params_trigger_ui.py took 0.285 seconds
[2026-09-19T22:57:20.120+0000] {processor.py:156} INFO - Started process (PID=12864) to work on /home/airflow/.local/lib/python3.7/site-packages/airflow/example_dags/example_params_trigger_ui.py
[2026-09-19T22:57:20.122+0000] {processor.py:799} INFO - Processing file /home/airflow/.local/lib/python3.7/site-packages/airflow/example_dags/example_params_trigger_ui.py for tasks to queue
[2026-09-19T22:57:20.123+0000] {logging_mixin.py:149} INFO - [2026-09-19T22:57:20.123+0000] {dagbag.py:541} INFO - Filling up the DagBag from /home/airflow/.local/lib/python3.7/site-packages/airflow/example_dags/example_params_trigger_ui.py
[2026-09-19T22:57:20.165+0000] {processor.py:809} INFO - DAG(s) dict_keys(['example_params_trigger_ui']) retrieved from /home/airflow/.local/lib/python3.7/site-packages/airflow/example_dags/example_params_trigger_ui.py
[2026-09-19T22:57:20.307+0000] {logging_mixin.py:149} INFO - [2026-09-19T22:57:20.307+0000] {dag.py:2726} INFO - Sync 1 DAGs
[2026-09-19T22:57:20.351+0000] {logging_mixin.py:149} INFO - [2026-09-19T22:57:20.351+0000] {dag.py:3490} INFO - Setting next_dagrun for example_params_trigger_ui to None, run_after=None
[2026-09-19T22:57:20.387+0000] {processor.py:178} INFO - Processing /home/airflow/.local/lib/python3.7/site-packages/airflow/example_dags/example_params_trigger_ui.py took 0.276 seconds
[2026-09-19T22:57:50.451+0000] {processor.py:156} INFO - Started process (PID=12920) to work on /home/airflow/.local/lib/python3.7/site-packages/airflow/example_dags/example_params_trigger_ui.py
[2026-09-19T22:57:50.454+0000] {processor.py:799} INFO - Processing file /home/airflow/.local/lib/python3.7/site-packages/airflow/example_dags/example_params_trigger_ui.py for tasks to queue
[2026-09-19T22:57:50.455+0000] {logging_mixin.py:149} INFO - [2026-09-19T22:57:50.454+0000] {dagbag.py:541} INFO - Filling up the DagBag from /home/airflow/.local/lib/python3.7/site-packages/airflow/example_dags/example_params_trigger_ui.py
[2026-09-19T22:57:50.496+0000] {processor.py:809} INFO - DAG(s) dict_keys(['example_params_trigger_ui']) retrieved from /home/airflow/.local/lib/python3.7/site-packages/airflow/example_dags/example_params_trigger_ui.py
[2026-09-19T22:57:50.675+0000] {logging_mixin.py:149} INFO - [2026-09-19T22:57:50.674+0000] {dag.py:2726} INFO - Sync 1 DAGs
[2026-09-19T22:57:50.722+0000] {logging_mixin.py:149} INFO - [2026-09-19T22:57:50.721+0000] {dag.py:3490} INFO - Setting next_dagrun for example_params_trigger_ui to None, run_after=None
[2026-09-19T22:57:50.756+0000] {processor.py:178} INFO - Processing /home/airflow/.local/lib/python3.7/site-packages/airflow/example_dags/example_params_trigger_ui.py took 0.311 seconds
[2026-09-19T22:58:21.169+0000] {processor.py:156} INFO - Started process (PID=12976) to work on /home/airflow/.local/lib/python3.7/site-packages/airflow/example_dags/example_params_trigger_ui.py
[2026-09-19T22:58:21.171+0000] {processor.py:799} INFO - Processing file /home/airflow/.local/lib/python3.7/site-packages/airflow/example_dags/example_params_trigger_ui.py for tasks to queue
[2026-09-19T22:58:21.172+0000] {logging_mixin.py:149} INFO - [2026-09-19T22:58:21.172+0000] {dagbag.py:541} INFO - Filling up the DagBag from /home/airflow/.local/lib/python3.7/site-packages/airflow/example_dags/example_params_trigger_ui.py
[2026-09-19T22:58:21.217+0000] {processor.py:809} INFO - DAG(s) dict_keys(['example_params_trigger_ui']) retrieved from /home/airflow/.local/lib/python3.7/site-packages/airflow/example_dags/example_params_trigger_ui.py
[2026-09-19T22:58:21.380+0000] {logging_mixin.py:149} INFO - [2026-09-19T22:58:21.380+0000] {dag.py:2726} INFO - Sync 1 DAGs
[2026-09-19T22:58:21.426+0000] {logging_mixin.py:149} INFO - [2026-09-19T22:58:21.426+0000] {dag.py:3490} INFO - Setting next_dagrun for example_params_trigger_ui to None, run_after=None
[2026-09-19T22:58:21.457+0000] {processor.py:178} INFO - Processing /home/airflow/.local/lib/python3.7/site-packages/airflow/example_dags/example_params_trigger_ui.py took 0.293 seconds
[2026-09-19T22:58:51.880+0000] {processor.py:156} INFO - Started process (PID=13032) to work on /home/airflow/.local/lib/python3.7/site-packages/airflow/example_dags/example_params_trigger_ui.py
[2026-09-19T22:58:51.883+0000] {processor.py:799} INFO - Processing file /home/airflow/.local/lib/python3.7/site-packages/airflow/example_dags/example_params_trigger_ui.py for tasks to queue
[2026-09-19T22:58:51.884+0000] {logging_mixin.py:149} INFO - [2026-09-19T22:58:51.884+0000] {dagbag.py:541} INFO - Filling up the DagBag from /home/airflow/.local/lib/python3.7/site-packages/airflow/example_dags/example_params_trigger_ui.py
[2026-09-19T22:58:51.925+0000] {processor.py:809} INFO - DAG(s) dict_keys(['example_params_trigger_ui']) retrieved from /home/airflow/.local/lib/python3.7/site-packages/airflow/example_dags/example_params_trigger_ui.py
[2026-09-19T22:58:52.078+0000] {logging_mixin.py:149} INFO - [2026-09-19T22:58:52.077+0000] {dag.py:2726} INFO - Sync 1 DAGs
[2026-09-19T22:58:52.120+0000] {logging_mixin.py:149} INFO - [2026-09-19T22:58:52.120+0000] {dag.py:3490} INFO - Setting next_dagrun for example_params_trigger_ui to None, run_after=None
[2026-09-19T22:58:52.149+0000] {processor.py:178} INFO - Processing /home/airflow/.local/lib/python3.7/site-packages/airflow/example_dags/example_params_trigger_ui.py took 0.275 seconds
[2026-09-19T22:59:22.307+0000] {processor.py:156} INFO - Started process (PID=13088) to work on /home/airflow/.local/lib/python3.7/site-packages/airflow/example_dags/example_params_trigger_ui.py
[2026-09-19T22:59:22.308+0000] {processor.py:799} INFO - Processing file /home/airflow/.local/lib/python3.7/site-packages/airflow/example_dags/example_params_trigger_ui.py for tasks to queue
[2026-09-19T22:59:22.309+0000] {logging_mixin.py:149} INFO - [2026-09-19T22:59:22.309+0000] {dagbag.py:541} INFO - Filling up the DagBag from /home/airflow/.local/lib/python3.7/site-packages/airflow/example_dags/example_params_trigger_ui.py
[2026-09-19T22:59:22.350+0000] {processor.py:809} INFO - DAG(s) dict_keys(['example_params_trigger_ui']) retrieved from /home/airflow/.local/lib/python3.7/site-packages/airflow/example_dags/example_params_trigger_ui.py
[2026-09-19T22:59:22.508+0000] {logging_mixin.py:149} INFO - [2026-09-19T22:59:22.508+0000] {dag.py:2726} INFO - Sync 1 DAGs
[2026-09-19T22:59:22.556+0000] {logging_mixin.py:149} INFO - [2026-09-19T22:59:22.556+0000] {dag.py:3490} INFO - Setting next_dagrun for example_params_trigger_ui to None, run_after=None
[2026-09-19T22:59:22.593+0000] {processor.py:178} INFO - Processing /home/airflow/.local/lib/python3.7/site-packages/airflow/example_dags/example_params_trigger_ui.py took 0.291 seconds
[2026-09-19T22:59:52.894+0000] {processor.py:156} INFO - Started process (PID=13144) to work on /home/airflow/.local/lib/python3.7/site-packages/airflow/example_dags/example_params_trigger_ui.py
[2026-09-19T22:59:52.897+0000] {processor.py:799} INFO - Processing file /home/airflow/.local/lib/python3.7/site-packages/airflow/example_dags/example_params_trigger_ui.py for tasks to queue
[2026-09-19T22:59:52.898+0000] {logging_mixin.py:149} INFO - [2026-09-19T22:59:52.897+0000] {dagbag.py:541} INFO - Filling up the DagBag from /home/airflow/.local/lib/python3.7/site-packages/airflow/example_dags/example_params_trigger_ui.py
[2026-09-19T22:59:52.938+0000] {processor.py:809} INFO - DAG(s) dict_keys(['example_params_trigger_ui']) retrieved from /home/airflow/.local/lib/python3.7/site-packages/airflow/example_dags/example_params_trigger_ui.py
[2026-09-19T22:59:53.077+0000] {logging_mixin.py:149} INFO - [2026-09-19T22:59:53.077+0000] {dag.py:2726} INFO - Sync 1 DAGs
[2026-09-19T22:59:53.120+0000] {logging_mixin.py:149} INFO - [2026-09-19T22:59:53.119+0000] {dag.py:3490} INFO - Setting next_dagrun for example_params_trigger_ui to None, run_after=None
[2026-09-19T22:59:53.150+0000] {processor.py:178} INFO - Processing /home/airflow/.local/lib/python3.7/site-packages/airflow/example_dags/example_params_trigger_ui.py took 0.264 seconds
[2026-09-19T23:00:23.747+0000] {processor.py:156} INFO - Started process (PID=13200) to work on /home/airflow/.local/lib/python3.7/site-packages/airflow/example_dags/example_params_trigger_ui.py
[2026-09-19T23:00:23.749+0000] {processor.py:799} INFO - Processing file /home/airflow/.local/lib/python3.7/site-packages/airflow/example_dags/example_params_trigger_ui.py for tasks to queue
[2026-09-19T23:00:23.750+0000] {logging_mixin.py:149} INFO - [2026-09-19T23:00:23.750+0000] {dagbag.py:541} INFO - Filling up the DagBag from /home/airflow/.local/lib/python3.7/site-packages/airflow/example_dags/example_params_trigger_ui.py
[2026-09-19T23:00:23.790+0000] {processor.py:809} INFO - DAG(s) dict_keys(['example_params_trigger_ui']) retrieved from /home/airflow/.local/lib/python3.7/site-packages/airflow/example_dags/example_params_trigger_ui.py
[2026-09-19T23:00:23.931+0000] {logging_mixin.py:149} INFO - [2026-09-19T23:00:23.931+0000] {dag.py:2726} INFO - Sync 1 DAGs
[2026-09-19T23:00:23.980+0000] {logging_mixin.py:149} INFO - [2026-09-19T23:00:23.980+0000] {dag.py:3490} INFO - Setting next_dagrun for example_params_trigger_ui to None, run_after=None
[2026-09-19T23:00:24.014+0000] {processor.py:178} INFO - Processing /home/airflow/.local/lib/python3.7/site-packages/airflow/example_dags/example_params_trigger_ui.py took 0.273 seconds
[2026-09-19T23:00:54.146+0000] {processor.py:156} INFO - Started process (PID=13256) to work on /home/airflow/.local/lib/python3.7/site-packages/airflow/example_dags/example_params_trigger_ui.py
[2026-09-19T23:00:54.148+0000] {processor.py:799} INFO - Processing file /home/airflow/.local/lib/python3.7/site-packages/airflow/example_dags/example_params_trigger_ui.py for tasks to queue
[2026-09-19T23:00:54.149+0000] {logging_mixin.py:149} INFO - [2026-09-19T23:00:54.149+0000] {dagbag.py:541} INFO - Filling up the DagBag from /home/airflow/.local/lib/python3.7/site-packages/airflow/example_dags/example_params_trigger_ui.py
[2026-09-19T23:00:54.189+0000] {processor.py:809} INFO - DAG(s) dict_keys(['example_params_trigger_ui']) retrieved from /home/airflow/.local/lib/python3.7/site-packages/airflow/example_dags/example_params_trigger_ui.py
[2026-09-19T23:00:54.328+0000] {logging_mixin.py:149} INFO - [2026-09-19T23:00:54.328+0000] {dag.py:2726} INFO - Sync 1 DAGs
[2026-09-19T23:00:54.370+0000] {logging_mixin.py:149} INFO - [2026-09-19T23:00:54.369+0000] {dag.py:3490} INFO - Setting next_dagrun for example_params_trigger_ui to None, run_after=None
[2026-09-19T23:00:54.398+0000] {processor.py:178} INFO - Processing /home/airflow/.local/lib/python3.7/site-packages/airflow/example_dags/example_params_trigger_ui.py took 0.260 seconds
[2026-09-19T23:01:24.453+0000] {processor.py:156} INFO - Started process (PID=13312) to work on /home/airflow/.local/lib/python3.7/site-packages/airflow/example_dags/example_params_trigger_ui.py
[2026-09-19T23:01:24.454+0000] {processor.py:799} INFO - Processing file /home/airflow/.local/lib/python3.7/site-packages/airflow/example_dags/example_params_trigger_ui.py for tasks to queue
[2026-09-19T23:01:24.455+0000] {logging_mixin.py:149} INFO - [2026-09-19T23:01:24.455+0000] {dagbag.py:541} INFO - Filling up the DagBag from /home/airflow/.local/lib/python3.7/site-packages/airflow/example_dags/example_params_trigger_ui.py
[2026-09-19T23:01:24.493+0000] {processor.py:809} INFO - DAG(s) dict_keys(['example_params_trigger_ui']) retrieved from /home/airflow/.local/lib/python3.7/site-packages/airflow/example_dags/example_params_trigger_ui.py
[2026-09-19T23:01:24.641+0000] {logging_mixin.py:149} INFO - [2026-09-19T23:01:24.640+0000] {dag.py:2726} INFO - Sync 1 DAGs
[2026-09-19T23:01:24.691+0000] {logging_mixin.py:149} INFO - [2026-09-19T23:01:24.691+0000] {dag.py:3490} INFO - Setting next_dagrun for example_params_trigger_ui to None, run_after=None
[2026-09-19T23:01:24.729+0000] {processor.py:178} INFO - Processing /home/airflow/.local/lib/python3.7/site-packages/airflow/example_dags/example_params_trigger_ui.py took 0.282 seconds
[2026-09-19T23:01:54.931+0000] {processor.py:156} INFO - Started process (PID=13368) to work on /home/airflow/.local/lib/python3.7/site-packages/airflow/example_dags/example_params_trigger_ui.py
[2026-09-19T23:01:54.934+0000] {processor.py:799} INFO - Processing file /home/airflow/.local/lib/python3.7/site-packages/airflow/example_dags/example_params_trigger_ui.py for tasks to queue
[2026-09-19T23:01:54.937+0000] {logging_mixin.py:149} INFO - [2026-09-19T23:01:54.936+0000] {dagbag.py:541} INFO - Filling up the DagBag from /home/airflow/.local/lib/python3.7/site-packages/airflow/example_dags/example_params_trigger_ui.py
[2026-09-19T23:01:55.000+0000] {processor.py:809} INFO - DAG(s) dict_keys(['example_params_trigger_ui']) retrieved from /home/airflow/.local/lib/python3.7/site-packages/airflow/example_dags/example_params_trigger_ui.py
[2026-09-19T23:01:55.154+0000] {logging_mixin.py:149} INFO - [2026-09-19T23:01:55.154+0000] {dag.py:2726} INFO - Sync 1 DAGs
[2026-09-19T23:01:55.196+0000] {logging_mixin.py:149} INFO - [2026-09-19T23:01:55.196+0000] {dag.py:3490} INFO - Setting next_dagrun for example_params_trigger_ui to None, run_after=None
[2026-09-19T23:01:55.226+0000] {processor.py:178} INFO - Processing /home/airflow/.local/lib/python3.7/site-packages/airflow/example_dags/example_params_trigger_ui.py took 0.307 seconds
[2026-09-19T23:02:25.883+0000] {processor.py:156} INFO - Started process (PID=13424) to work on /home/airflow/.local/lib/python3.7/site-packages/airflow/example_dags/example_params_trigger_ui.py
[2026-09-19T23:02:25.885+0000] {processor.py:799} INFO - Processing file /home/airflow/.local/lib/python3.7/site-packages/airflow/example_dags/example_params_trigger_ui.py for tasks to queue
[2026-09-19T23:02:25.886+0000] {logging_mixin.py:149} INFO - [2026-09-19T23:02:25.886+0000] {dagbag.py:541} INFO - Filling up the DagBag from /home/airflow/.local/lib/python3.7/site-packages/airflow/example_dags/example_params_trigger_ui.py
[2026-09-19T23:02:25.924+0000] {processor.py:809} INFO - DAG(s) dict_keys(['example_params_trigger_ui']) retrieved from /home/airflow/.local/lib/python3.7/site-packages/airflow/example_dags/example_params_trigger_ui.py
[2026-09-19T23:02:26.078+0000] {logging_mixin.py:149} INFO - [2026-09-19T23:02:26.077+0000] {dag.py:2726} INFO - Sync 1 DAGs
[2026-09-19T23:02:26.120+0000] {logging_mixin.py:149} INFO - [2026-09-19T23:02:26.120+0000] {dag.py:3490} INFO - Setting next_dagrun for example_params_trigger_ui to None, run_after=None
[2026-09-19T23:02:26.148+0000] {processor.py:178} INFO - Processing /home/airflow/.local/lib/python3.7/site-packages/airflow/example_dags/example_params_trigger_ui.py took 0.271 seconds
[2026-09-19T23:02:56.201+0000] {processor.py:156} INFO - Started process (PID=13480) to work on /home/airflow/.local/lib/python3.7/site-packages/airflow/example_dags/example_params_trigger_ui.py
[2026-09-19T23:02:56.203+0000] {processor.py:799} INFO - Processing file /home/airflow/.local/lib/python3.7/site-packages/airflow/example_dags/example_params_trigger_ui.py for tasks to queue
[2026-09-19T23:02:56.204+0000] {logging_mixin.py:149} INFO - [2026-09-19T23:02:56.204+0000] {dagbag.py:541} INFO - Filling up the DagBag from /home/airflow/.local/lib/python3.7/site-packages/airflow/example_dags/example_params_trigger_ui.py
[2026-09-19T23:02:56.250+0000] {processor.py:809} INFO - DAG(s) dict_keys(['example_params_trigger_ui']) retrieved from /home/airflow/.local/lib/python3.7/site-packages/airflow/example_dags/example_params_trigger_ui.py
[2026-09-19T23:02:56.409+0000] {logging_mixin.py:149} INFO - [2026-09-19T23:02:56.409+0000] {dag.py:2726} INFO - Sync 1 DAGs
[2026-09-19T23:02:56.453+0000] {logging_mixin.py:149} INFO - [2026-09-19T23:02:56.453+0000] {dag.py:3490} INFO - Setting next_dagrun for example_params_trigger_ui to None, run_after=None
[2026-09-19T23:02:56.484+0000] {processor.py:178} INFO - Processing /home/airflow/.local/lib/python3.7/site-packages/airflow/example_dags/example_params_trigger_ui.py took 0.291 seconds
[2026-09-19T23:03:26.676+0000] {processor.py:156} INFO - Started process (PID=13536) to work on /home/airflow/.local/lib/python3.7/site-packages/airflow/example_dags/example_params_trigger_ui.py
[2026-09-19T23:03:26.678+0000] {processor.py:799} INFO - Processing file /home/airflow/.local/lib/python3.7/site-packages/airflow/example_dags/example_params_trigger_ui.py for tasks to queue
[2026-09-19T23:03:26.679+0000] {logging_mixin.py:149} INFO - [2026-09-19T23:03:26.679+0000] {dagbag.py:541} INFO - Filling up the DagBag from /home/airflow/.local/lib/python3.7/site-packages/airflow/example_dags/example_params_trigger_ui.py
[2026-09-19T23:03:26.718+0000] {processor.py:809} INFO - DAG(s) dict_keys(['example_params_trigger_ui']) retrieved from /home/airflow/.local/lib/python3.7/site-packages/airflow/example_dags/example_params_trigger_ui.py
[2026-09-19T23:03:26.872+0000] {logging_mixin.py:149} INFO - [2026-09-19T23:03:26.872+0000] {dag.py:2726} INFO - Sync 1 DAGs
[2026-09-19T23:03:26.943+0000] {logging_mixin.py:149} INFO - [2026-09-19T23:03:26.942+0000] {dag.py:3490} INFO - Setting next_dagrun for example_params_trigger_ui to None, run_after=None
[2026-09-19T23:03:26.976+0000] {processor.py:178} INFO - Processing /home/airflow/.local/lib/python3.7/site-packages/airflow/example_dags/example_params_trigger_ui.py took 0.308 seconds
[2026-09-19T23:03:57.356+0000] {processor.py:156} INFO - Started process (PID=13592) to work on /home/airflow/.local/lib/python3.7/site-packages/airflow/example_dags/example_params_trigger_ui.py
[2026-09-19T23:03:57.358+0000] {processor.py:799} INFO - Processing file /home/airflow/.local/lib/python3.7/site-packages/airflow/example_dags/example_params_trigger_ui.py for tasks to queue
[2026-09-19T23:03:57.360+0000] {logging_mixin.py:149} INFO - [2026-09-19T23:03:57.359+0000] {dagbag.py:541} INFO - Filling up the DagBag from /home/airflow/.local/lib/python3.7/site-packages/airflow/example_dags/example_params_trigger_ui.py
[2026-09-19T23:03:57.399+0000] {processor.py:809} INFO - DAG(s) dict_keys(['example_params_trigger_ui']) retrieved from /home/airflow/.local/lib/python3.7/site-packages/airflow/example_dags/example_params_trigger_ui.py
[2026-09-19T23:03:57.561+0000] {logging_mixin.py:149} INFO - [2026-09-19T23:03:57.561+0000] {dag.py:2726} INFO - Sync 1 DAGs
[2026-09-19T23:03:57.610+0000] {logging_mixin.py:149} INFO - [2026-09-19T23:03:57.609+0000] {dag.py:3490} INFO - Setting next_dagrun for example_params_trigger_ui to None, run_after=None
[2026-09-19T23:03:57.643+0000] {processor.py:178} INFO - Processing /home/airflow/.local/lib/python3.7/site-packages/airflow/example_dags/example_params_trigger_ui.py took 0.293 seconds
[2026-09-19T23:04:28.103+0000] {processor.py:156} INFO - Started process (PID=13648) to work on /home/airflow/.local/lib/python3.7/site-packages/airflow/example_dags/example_params_trigger_ui.py
[2026-09-19T23:04:28.105+0000] {processor.py:799} INFO - Processing file /home/airflow/.local/lib/python3.7/site-packages/airflow/example_dags/example_params_trigger_ui.py for tasks to queue
[2026-09-19T23:04:28.106+0000] {logging_mixin.py:149} INFO - [2026-09-19T23:04:28.106+0000] {dagbag.py:541} INFO - Filling up the DagBag from /home/airflow/.local/lib/python3.7/site-packages/airflow/example_dags/example_params_trigger_ui.py
[2026-09-19T23:04:28.152+0000] {processor.py:809} INFO - DAG(s) dict_keys(['example_params_trigger_ui']) retrieved from /home/airflow/.local/lib/python3.7/site-packages/airflow/example_dags/example_params_trigger_ui.py
[2026-09-19T23:04:28.312+0000] {logging_mixin.py:149} INFO - [2026-09-19T23:04:28.311+0000] {dag.py:2726} INFO - Sync 1 DAGs
[2026-09-19T23:04:28.355+0000] {logging_mixin.py:149} INFO - [2026-09-19T23:04:28.355+0000] {dag.py:3490} INFO - Setting next_dagrun for example_params_trigger_ui to None, run_after=None
[2026-09-19T23:04:28.394+0000] {processor.py:178} INFO - Processing /home/airflow/.local/lib/python3.7/site-packages/airflow/example_dags/example_params_trigger_ui.py took 0.299 seconds
[2026-09-19T23:04:58.504+0000] {processor.py:156} INFO - Started process (PID=13704) to work on /home/airflow/.local/lib/python3.7/site-packages/airflow/example_dags/example_params_trigger_ui.py
[2026-09-19T23:04:58.506+0000] {processor.py:799} INFO - Processing file /home/airflow/.local/lib/python3.7/site-packages/airflow/example_dags/example_params_trigger_ui.py for tasks to queue
[2026-09-19T23:04:58.507+0000] {logging_mixin.py:149} INFO - [2026-09-19T23:04:58.507+0000] {dagbag.py:541} INFO - Filling up the DagBag from /home/airflow/.local/lib/python3.7/site-packages/airflow/example_dags/example_params_trigger_ui.py
[2026-09-19T23:04:58.550+0000] {processor.py:809} INFO - DAG(s) dict_keys(['example_params_trigger_ui']) retrieved from /home/airflow/.local/lib/python3.7/site-packages/airflow/example_dags/example_params_trigger_ui.py
[2026-09-19T23:04:58.693+0000] {logging_mixin.py:149} INFO - [2026-09-19T23:04:58.693+0000] {dag.py:2726} INFO - Sync 1 DAGs
[2026-09-19T23:04:58.737+0000] {logging_mixin.py:149} INFO - [2026-09-19T23:04:58.736+0000] {dag.py:3490} INFO - Setting next_dagrun for example_params_trigger_ui to None, run_after=None
[2026-09-19T23:04:58.766+0000] {processor.py:178} INFO - Processing /home/airflow/.local/lib/python3.7/site-packages/airflow/example_dags/example_params_trigger_ui.py took 0.268 seconds
[2026-09-19T23:05:28.982+0000] {processor.py:156} INFO - Started process (PID=13760) to work on /home/airflow/.local/lib/python3.7/site-packages/airflow/example_dags/example_params_trigger_ui.py
[2026-09-19T23:05:28.984+0000] {processor.py:799} INFO - Processing file /home/airflow/.local/lib/python3.7/site-packages/airflow/example_dags/example_params_trigger_ui.py for tasks to queue
[2026-09-19T23:05:28.985+0000] {logging_mixin.py:149} INFO - [2026-09-19T23:05:28.985+0000] {dagbag.py:541} INFO - Filling up the DagBag from /home/airflow/.local/lib/python3.7/site-packages/airflow/example_dags/example_params_trigger_ui.py
[2026-09-19T23:05:29.026+0000] {processor.py:809} INFO - DAG(s) dict_keys(['example_params_trigger_ui']) retrieved from /home/airflow/.local/lib/python3.7/site-packages/airflow/example_dags/example_params_trigger_ui.py
[2026-09-19T23:05:29.192+0000] {logging_mixin.py:149} INFO - [2026-09-19T23:05:29.191+0000] {dag.py:2726} INFO - Sync 1 DAGs
[2026-09-19T23:05:29.239+0000] {logging_mixin.py:149} INFO - [2026-09-19T23:05:29.239+0000] {dag.py:3490} INFO - Setting next_dagrun for example_params_trigger_ui to None, run_after=None
[2026-09-19T23:05:29.272+0000] {processor.py:178} INFO - Processing /home/airflow/.local/lib/python3.7/site-packages/airflow/example_dags/example_params_trigger_ui.py took 0.298 seconds
[2026-09-19T23:05:59.349+0000] {processor.py:156} INFO - Started process (PID=13816) to work on /home/airflow/.local/lib/python3.7/site-packages/airflow/example_dags/example_params_trigger_ui.py
[2026-09-19T23:05:59.351+0000] {processor.py:799} INFO - Processing file /home/airflow/.local/lib/python3.7/site-packages/airflow/example_dags/example_params_trigger_ui.py for tasks to queue
[2026-09-19T23:05:59.352+0000] {logging_mixin.py:149} INFO - [2026-09-19T23:05:59.352+0000] {dagbag.py:541} INFO - Filling up the DagBag from /home/airflow/.local/lib/python3.7/site-packages/airflow/example_dags/example_params_trigger_ui.py
[2026-09-19T23:05:59.396+0000] {processor.py:809} INFO - DAG(s) dict_keys(['example_params_trigger_ui']) retrieved from /home/airflow/.local/lib/python3.7/site-packages/airflow/example_dags/example_params_trigger_ui.py
[2026-09-19T23:05:59.559+0000] {logging_mixin.py:149} INFO - [2026-09-19T23:05:59.559+0000] {dag.py:2726} INFO - Sync 1 DAGs
[2026-09-19T23:05:59.599+0000] {logging_mixin.py:149} INFO - [2026-09-19T23:05:59.599+0000] {dag.py:3490} INFO - Setting next_dagrun for example_params_trigger_ui to None, run_after=None
[2026-09-19T23:05:59.629+0000] {processor.py:178} INFO - Processing /home/airflow/.local/lib/python3.7/site-packages/airflow/example_dags/example_params_trigger_ui.py took 0.288 seconds
[2026-09-19T23:06:29.723+0000] {processor.py:156} INFO - Started process (PID=13872) to work on /home/airflow/.local/lib/python3.7/site-packages/airflow/example_dags/example_params_trigger_ui.py
[2026-09-19T23:06:29.725+0000] {processor.py:799} INFO - Processing file /home/airflow/.local/lib/python3.7/site-packages/airflow/example_dags/example_params_trigger_ui.py for tasks to queue
[2026-09-19T23:06:29.726+0000] {logging_mixin.py:149} INFO - [2026-09-19T23:06:29.726+0000] {dagbag.py:541} INFO - Filling up the DagBag from /home/airflow/.local/lib/python3.7/site-packages/airflow/example_dags/example_params_trigger_ui.py
[2026-09-19T23:06:29.766+0000] {processor.py:809} INFO - DAG(s) dict_keys(['example_params_trigger_ui']) retrieved from /home/airflow/.local/lib/python3.7/site-packages/airflow/example_dags/example_params_trigger_ui.py
[2026-09-19T23:06:29.929+0000] {logging_mixin.py:149} INFO - [2026-09-19T23:06:29.929+0000] {dag.py:2726} INFO - Sync 1 DAGs
[2026-09-19T23:06:29.981+0000] {logging_mixin.py:149} INFO - [2026-09-19T23:06:29.981+0000] {dag.py:3490} INFO - Setting next_dagrun for example_params_trigger_ui to None, run_after=None
[2026-09-19T23:06:30.012+0000] {processor.py:178} INFO - Processing /home/airflow/.local/lib/python3.7/site-packages/airflow/example_dags/example_params_trigger_ui.py took 0.296 seconds
[2026-09-19T23:07:00.111+0000] {processor.py:156} INFO - Started process (PID=13928) to work on /home/airflow/.local/lib/python3.7/site-packages/airflow/example_dags/example_params_trigger_ui.py
[2026-09-19T23:07:00.113+0000] {processor.py:799} INFO - Processing file /home/airflow/.local/lib/python3.7/site-packages/airflow/example_dags/example_params_trigger_ui.py for tasks to queue
[2026-09-19T23:07:00.114+0000] {logging_mixin.py:149} INFO - [2026-09-19T23:07:00.113+0000] {dagbag.py:541} INFO - Filling up the DagBag from /home/airflow/.local/lib/python3.7/site-packages/airflow/example_dags/example_params_trigger_ui.py
[2026-09-19T23:07:00.153+0000] {processor.py:809} INFO - DAG(s) dict_keys(['example_params_trigger_ui']) retrieved from /home/airflow/.local/lib/python3.7/site-packages/airflow/example_dags/example_params_trigger_ui.py
[2026-09-19T23:07:00.312+0000] {logging_mixin.py:149} INFO - [2026-09-19T23:07:00.312+0000] {dag.py:2726} INFO - Sync 1 DAGs
[2026-09-19T23:07:00.360+0000] {logging_mixin.py:149} INFO - [2026-09-19T23:07:00.360+0000] {dag.py:3490} INFO - Setting next_dagrun for example_params_trigger_ui to None, run_after=None
[2026-09-19T23:07:00.394+0000] {processor.py:178} INFO - Processing /home/airflow/.local/lib/python3.7/site-packages/airflow/example_dags/example_params_trigger_ui.py took 0.288 seconds
[2026-09-19T23:07:30.479+0000] {processor.py:156} INFO - Started process (PID=13984) to work on /home/airflow/.local/lib/python3.7/site-packages/airflow/example_dags/example_params_trigger_ui.py
[2026-09-19T23:07:30.481+0000] {processor.py:799} INFO - Processing file /home/airflow/.local/lib/python3.7/site-packages/airflow/example_dags/example_params_trigger_ui.py for tasks to queue
[2026-09-19T23:07:30.482+0000] {logging_mixin.py:149} INFO - [2026-09-19T23:07:30.482+0000] {dagbag.py:541} INFO - Filling up the DagBag from /home/airflow/.local/lib/python3.7/site-packages/airflow/example_dags/example_params_trigger_ui.py
[2026-09-19T23:07:30.517+0000] {processor.py:809} INFO - DAG(s) dict_keys(['example_params_trigger_ui']) retrieved from /home/airflow/.local/lib/python3.7/site-packages/airflow/example_dags/example_params_trigger_ui.py
[2026-09-19T23:07:30.652+0000] {logging_mixin.py:149} INFO - [2026-09-19T23:07:30.652+0000] {dag.py:2726} INFO - Sync 1 DAGs
[2026-09-19T23:07:30.693+0000] {logging_mixin.py:149} INFO - [2026-09-19T23:07:30.693+0000] {dag.py:3490} INFO - Setting next_dagrun for example_params_trigger_ui to None, run_after=None
[2026-09-19T23:07:30.725+0000] {processor.py:178} INFO - Processing /home/airflow/.local/lib/python3.7/site-packages/airflow/example_dags/example_params_trigger_ui.py took 0.251 seconds
[2026-09-19T23:08:00.785+0000] {processor.py:156} INFO - Started process (PID=14040) to work on /home/airflow/.local/lib/python3.7/site-packages/airflow/example_dags/example_params_trigger_ui.py
[2026-09-19T23:08:00.786+0000] {processor.py:799} INFO - Processing file /home/airflow/.local/lib/python3.7/site-packages/airflow/example_dags/example_params_trigger_ui.py for tasks to queue
[2026-09-19T23:08:00.788+0000] {logging_mixin.py:149} INFO - [2026-09-19T23:08:00.787+0000] {dagbag.py:541} INFO - Filling up the DagBag from /home/airflow/.local/lib/python3.7/site-packages/airflow/example_dags/example_params_trigger_ui.py
[2026-09-19T23:08:00.832+0000] {processor.py:809} INFO - DAG(s) dict_keys(['example_params_trigger_ui']) retrieved from /home/airflow/.local/lib/python3.7/site-packages/airflow/example_dags/example_params_trigger_ui.py
[2026-09-19T23:08:00.993+0000] {logging_mixin.py:149} INFO - [2026-09-19T23:08:00.993+0000] {dag.py:2726} INFO - Sync 1 DAGs
[2026-09-19T23:08:01.050+0000] {logging_mixin.py:149} INFO - [2026-09-19T23:08:01.050+0000] {dag.py:3490} INFO - Setting next_dagrun for example_params_trigger_ui to None, run_after=None
[2026-09-19T23:08:01.080+0000] {processor.py:178} INFO - Processing /home/airflow/.local/lib/python3.7/site-packages/airflow/example_dags/example_params_trigger_ui.py took 0.301 seconds
[2026-09-19T23:08:31.629+0000] {processor.py:156} INFO - Started process (PID=14096) to work on /home/airflow/.local/lib/python3.7/site-packages/airflow/example_dags/example_params_trigger_ui.py
[2026-09-19T23:08:31.631+0000] {processor.py:799} INFO - Processing file /home/airflow/.local/lib/python3.7/site-packages/airflow/example_dags/example_params_trigger_ui.py for tasks to queue
[2026-09-19T23:08:31.632+0000] {logging_mixin.py:149} INFO - [2026-09-19T23:08:31.632+0000] {dagbag.py:541} INFO - Filling up the DagBag from /home/airflow/.local/lib/python3.7/site-packages/airflow/example_dags/example_params_trigger_ui.py
[2026-09-19T23:08:31.674+0000] {processor.py:809} INFO - DAG(s) dict_keys(['example_params_trigger_ui']) retrieved from /home/airflow/.local/lib/python3.7/site-packages/airflow/example_dags/example_params_trigger_ui.py
[2026-09-19T23:08:31.830+0000] {logging_mixin.py:149} INFO - [2026-09-19T23:08:31.830+0000] {dag.py:2726} INFO - Sync 1 DAGs
[2026-09-19T23:08:31.875+0000] {logging_mixin.py:149} INFO - [2026-09-19T23:08:31.875+0000] {dag.py:3490} INFO - Setting next_dagrun for example_params_trigger_ui to None, run_after=None
[2026-09-19T23:08:31.909+0000] {processor.py:178} INFO - Processing /home/airflow/.local/lib/python3.7/site-packages/airflow/example_dags/example_params_trigger_ui.py took 0.286 seconds
[2026-09-19T23:09:02.515+0000] {processor.py:156} INFO - Started process (PID=14152) to work on /home/airflow/.local/lib/python3.7/site-packages/airflow/example_dags/example_params_trigger_ui.py
[2026-09-19T23:09:02.516+0000] {processor.py:799} INFO - Processing file /home/airflow/.local/lib/python3.7/site-packages/airflow/example_dags/example_params_trigger_ui.py for tasks to queue
[2026-09-19T23:09:02.517+0000] {logging_mixin.py:149} INFO - [2026-09-19T23:09:02.517+0000] {dagbag.py:541} INFO - Filling up the DagBag from /home/airflow/.local/lib/python3.7/site-packages/airflow/example_dags/example_params_trigger_ui.py
[2026-09-19T23:09:02.559+0000] {processor.py:809} INFO - DAG(s) dict_keys(['example_params_trigger_ui']) retrieved from /home/airflow/.local/lib/python3.7/site-packages/airflow/example_dags/example_params_trigger_ui.py
[2026-09-19T23:09:02.722+0000] {logging_mixin.py:149} INFO - [2026-09-19T23:09:02.722+0000] {dag.py:2726} INFO - Sync 1 DAGs
[2026-09-19T23:09:02.775+0000] {logging_mixin.py:149} INFO - [2026-09-19T23:09:02.775+0000] {dag.py:3490} INFO - Setting next_dagrun for example_params_trigger_ui to None, run_after=None
[2026-09-19T23:09:02.808+0000] {processor.py:178} INFO - Processing /home/airflow/.local/lib/python3.7/site-packages/airflow/example_dags/example_params_trigger_ui.py took 0.299 seconds
[2026-09-19T23:09:33.287+0000] {processor.py:156} INFO - Started process (PID=14208) to work on /home/airflow/.local/lib/python3.7/site-packages/airflow/example_dags/example_params_trigger_ui.py
[2026-09-19T23:09:33.289+0000] {processor.py:799} INFO - Processing file /home/airflow/.local/lib/python3.7/site-packages/airflow/example_dags/example_params_trigger_ui.py for tasks to queue
[2026-09-19T23:09:33.290+0000] {logging_mixin.py:149} INFO - [2026-09-19T23:09:33.290+0000] {dagbag.py:541} INFO - Filling up the DagBag from /home/airflow/.local/lib/python3.7/site-packages/airflow/example_dags/example_params_trigger_ui.py
[2026-09-19T23:09:33.330+0000] {processor.py:809} INFO - DAG(s) dict_keys(['example_params_trigger_ui']) retrieved from /home/airflow/.local/lib/python3.7/site-packages/airflow/example_dags/example_params_trigger_ui.py
[2026-09-19T23:09:33.488+0000] {logging_mixin.py:149} INFO - [2026-09-19T23:09:33.488+0000] {dag.py:2726} INFO - Sync 1 DAGs
[2026-09-19T23:09:33.535+0000] {logging_mixin.py:149} INFO - [2026-09-19T23:09:33.535+0000] {dag.py:3490} INFO - Setting next_dagrun for example_params_trigger_ui to None, run_after=None
[2026-09-19T23:09:33.573+0000] {processor.py:178} INFO - Processing /home/airflow/.local/lib/python3.7/site-packages/airflow/example_dags/example_params_trigger_ui.py took 0.291 seconds
[2026-09-19T23:10:04.158+0000] {processor.py:156} INFO - Started process (PID=14264) to work on /home/airflow/.local/lib/python3.7/site-packages/airflow/example_dags/example_params_trigger_ui.py
[2026-09-19T23:10:04.159+0000] {processor.py:799} INFO - Processing file /home/airflow/.local/lib/python3.7/site-packages/airflow/example_dags/example_params_trigger_ui.py for tasks to queue
[2026-09-19T23:10:04.160+0000] {logging_mixin.py:149} INFO - [2026-09-19T23:10:04.160+0000] {dagbag.py:541} INFO - Filling up the DagBag from /home/airflow/.local/lib/python3.7/site-packages/airflow/example_dags/example_params_trigger_ui.py
[2026-09-19T23:10:04.216+0000] {processor.py:809} INFO - DAG(s) dict_keys(['example_params_trigger_ui']) retrieved from /home/airflow/.local/lib/python3.7/site-packages/airflow/example_dags/example_params_trigger_ui.py
[2026-09-19T23:10:04.364+0000] {logging_mixin.py:149} INFO - [2026-09-19T23:10:04.364+0000] {dag.py:2726} INFO - Sync 1 DAGs
[2026-09-19T23:10:04.413+0000] {logging_mixin.py:149} INFO - [2026-09-19T23:10:04.412+0000] {dag.py:3490} INFO - Setting next_dagrun for example_params_trigger_ui to None, run_after=None
[2026-09-19T23:10:04.446+0000] {processor.py:178} INFO - Processing /home/airflow/.local/lib/python3.7/site-packages/airflow/example_dags/example_params_trigger_ui.py took 0.293 seconds
[2026-09-19T23:10:34.797+0000] {processor.py:156} INFO - Started process (PID=14320) to work on /home/airflow/.local/lib/python3.7/site-packages/airflow/example_dags/example_params_trigger_ui.py
[2026-09-19T23:10:34.800+0000] {processor.py:799} INFO - Processing file /home/airflow/.local/lib/python3.7/site-packages/airflow/example_dags/example_params_trigger_ui.py for tasks to queue
[2026-09-19T23:10:34.801+0000] {logging_mixin.py:149} INFO - [2026-09-19T23:10:34.801+0000] {dagbag.py:541} INFO - Filling up the DagBag from /home/airflow/.local/lib/python3.7/site-packages/airflow/example_dags/example_params_trigger_ui.py
[2026-09-19T23:10:34.844+0000] {processor.py:809} INFO - DAG(s) dict_keys(['example_params_trigger_ui']) retrieved from /home/airflow/.local/lib/python3.7/site-packages/airflow/example_dags/example_params_trigger_ui.py
[2026-09-19T23:10:34.986+0000] {logging_mixin.py:149} INFO - [2026-09-19T23:10:34.986+0000] {dag.py:2726} INFO - Sync 1 DAGs
[2026-09-19T23:10:35.034+0000] {logging_mixin.py:149} INFO - [2026-09-19T23:10:35.034+0000] {dag.py:3490} INFO - Setting next_dagrun for example_params_trigger_ui to None, run_after=None
[2026-09-19T23:10:35.078+0000] {processor.py:178} INFO - Processing /home/airflow/.local/lib/python3.7/site-packages/airflow/example_dags/example_params_trigger_ui.py took 0.288 seconds
[2026-09-19T23:11:05.652+0000] {processor.py:156} INFO - Started process (PID=14375) to work on /home/airflow/.local/lib/python3.7/site-packages/airflow/example_dags/example_params_trigger_ui.py
[2026-09-19T23:11:05.654+0000] {processor.py:799} INFO - Processing file /home/airflow/.local/lib/python3.7/site-packages/airflow/example_dags/example_params_trigger_ui.py for tasks to queue
[2026-09-19T23:11:05.655+0000] {logging_mixin.py:149} INFO - [2026-09-19T23:11:05.654+0000] {dagbag.py:541} INFO - Filling up the DagBag from /home/airflow/.local/lib/python3.7/site-packages/airflow/example_dags/example_params_trigger_ui.py
[2026-09-19T23:11:05.693+0000] {processor.py:809} INFO - DAG(s) dict_keys(['example_params_trigger_ui']) retrieved from /home/airflow/.local/lib/python3.7/site-packages/airflow/example_dags/example_params_trigger_ui.py
[2026-09-19T23:11:05.840+0000] {logging_mixin.py:149} INFO - [2026-09-19T23:11:05.840+0000] {dag.py:2726} INFO - Sync 1 DAGs
[2026-09-19T23:11:05.889+0000] {logging_mixin.py:149} INFO - [2026-09-19T23:11:05.888+0000] {dag.py:3490} INFO - Setting next_dagrun for example_params_trigger_ui to None, run_after=None
[2026-09-19T23:11:05.918+0000] {processor.py:178} INFO - Processing /home/airflow/.local/lib/python3.7/site-packages/airflow/example_dags/example_params_trigger_ui.py took 0.273 seconds
[2026-09-19T23:11:36.210+0000] {processor.py:156} INFO - Started process (PID=14426) to work on /home/airflow/.local/lib/python3.7/site-packages/airflow/example_dags/example_params_trigger_ui.py
[2026-09-19T23:11:36.212+0000] {processor.py:799} INFO - Processing file /home/airflow/.local/lib/python3.7/site-packages/airflow/example_dags/example_params_trigger_ui.py for tasks to queue
[2026-09-19T23:11:36.214+0000] {logging_mixin.py:149} INFO - [2026-09-19T23:11:36.213+0000] {dagbag.py:541} INFO - Filling up the DagBag from /home/airflow/.local/lib/python3.7/site-packages/airflow/example_dags/example_params_trigger_ui.py
[2026-09-19T23:11:36.261+0000] {processor.py:809} INFO - DAG(s) dict_keys(['example_params_trigger_ui']) retrieved from /home/airflow/.local/lib/python3.7/site-packages/airflow/example_dags/example_params_trigger_ui.py
[2026-09-19T23:11:36.421+0000] {logging_mixin.py:149} INFO - [2026-09-19T23:11:36.420+0000] {dag.py:2726} INFO - Sync 1 DAGs
[2026-09-19T23:11:36.466+0000] {logging_mixin.py:149} INFO - [2026-09-19T23:11:36.466+0000] {dag.py:3490} INFO - Setting next_dagrun for example_params_trigger_ui to None, run_after=None
[2026-09-19T23:11:36.497+0000] {processor.py:178} INFO - Processing /home/airflow/.local/lib/python3.7/site-packages/airflow/example_dags/example_params_trigger_ui.py took 0.292 seconds
[2026-09-19T23:12:07.114+0000] {processor.py:156} INFO - Started process (PID=14481) to work on /home/airflow/.local/lib/python3.7/site-packages/airflow/example_dags/example_params_trigger_ui.py
[2026-09-19T23:12:07.115+0000] {processor.py:799} INFO - Processing file /home/airflow/.local/lib/python3.7/site-packages/airflow/example_dags/example_params_trigger_ui.py for tasks to queue
[2026-09-19T23:12:07.116+0000] {logging_mixin.py:149} INFO - [2026-09-19T23:12:07.116+0000] {dagbag.py:541} INFO - Filling up the DagBag from /home/airflow/.local/lib/python3.7/site-packages/airflow/example_dags/example_params_trigger_ui.py
[2026-09-19T23:12:07.156+0000] {processor.py:809} INFO - DAG(s) dict_keys(['example_params_trigger_ui']) retrieved from /home/airflow/.local/lib/python3.7/site-packages/airflow/example_dags/example_params_trigger_ui.py
[2026-09-19T23:12:07.302+0000] {logging_mixin.py:149} INFO - [2026-09-19T23:12:07.302+0000] {dag.py:2726} INFO - Sync 1 DAGs
[2026-09-19T23:12:07.375+0000] {logging_mixin.py:149} INFO - [2026-09-19T23:12:07.375+0000] {dag.py:3490} INFO - Setting next_dagrun for example_params_trigger_ui to None, run_after=None
[2026-09-19T23:12:07.428+0000] {processor.py:178} INFO - Processing /home/airflow/.local/lib/python3.7/site-packages/airflow/example_dags/example_params_trigger_ui.py took 0.318 seconds
[2026-09-19T23:12:38.117+0000] {processor.py:156} INFO - Started process (PID=14537) to work on /home/airflow/.local/lib/python3.7/site-packages/airflow/example_dags/example_params_trigger_ui.py
[2026-09-19T23:12:38.121+0000] {processor.py:799} INFO - Processing file /home/airflow/.local/lib/python3.7/site-packages/airflow/example_dags/example_params_trigger_ui.py for tasks to queue
[2026-09-19T23:12:38.123+0000] {logging_mixin.py:149} INFO - [2026-09-19T23:12:38.123+0000] {dagbag.py:541} INFO - Filling up the DagBag from /home/airflow/.local/lib/python3.7/site-packages/airflow/example_dags/example_params_trigger_ui.py
[2026-09-19T23:12:38.190+0000] {processor.py:809} INFO - DAG(s) dict_keys(['example_params_trigger_ui']) retrieved from /home/airflow/.local/lib/python3.7/site-packages/airflow/example_dags/example_params_trigger_ui.py
[2026-09-19T23:12:38.330+0000] {logging_mixin.py:149} INFO - [2026-09-19T23:12:38.330+0000] {dag.py:2726} INFO - Sync 1 DAGs
[2026-09-19T23:12:38.374+0000] {logging_mixin.py:149} INFO - [2026-09-19T23:12:38.374+0000] {dag.py:3490} INFO - Setting next_dagrun for example_params_trigger_ui to None, run_after=None
[2026-09-19T23:12:38.406+0000] {processor.py:178} INFO - Processing /home/airflow/.local/lib/python3.7/site-packages/airflow/example_dags/example_params_trigger_ui.py took 0.303 seconds
[2026-09-19T23:13:09.255+0000] {processor.py:156} INFO - Started process (PID=14594) to work on /home/airflow/.local/lib/python3.7/site-packages/airflow/example_dags/example_params_trigger_ui.py
[2026-09-19T23:13:09.256+0000] {processor.py:799} INFO - Processing file /home/airflow/.local/lib/python3.7/site-packages/airflow/example_dags/example_params_trigger_ui.py for tasks to queue
[2026-09-19T23:13:09.257+0000] {logging_mixin.py:149} INFO - [2026-09-19T23:13:09.257+0000] {dagbag.py:541} INFO - Filling up the DagBag from /home/airflow/.local/lib/python3.7/site-packages/airflow/example_dags/example_params_trigger_ui.py
[2026-09-19T23:13:09.304+0000] {processor.py:809} INFO - DAG(s) dict_keys(['example_params_trigger_ui']) retrieved from /home/airflow/.local/lib/python3.7/site-packages/airflow/example_dags/example_params_trigger_ui.py
[2026-09-19T23:13:09.468+0000] {logging_mixin.py:149} INFO - [2026-09-19T23:13:09.467+0000] {dag.py:2726} INFO - Sync 1 DAGs
[2026-09-19T23:13:09.512+0000] {logging_mixin.py:149} INFO - [2026-09-19T23:13:09.512+0000] {dag.py:3490} INFO - Setting next_dagrun for example_params_trigger_ui to None, run_after=None
[2026-09-19T23:13:09.551+0000] {processor.py:178} INFO - Processing /home/airflow/.local/lib/python3.7/site-packages/airflow/example_dags/example_params_trigger_ui.py took 0.303 seconds
[2026-09-19T23:13:39.773+0000] {processor.py:156} INFO - Started process (PID=14657) to work on /home/airflow/.local/lib/python3.7/site-packages/airflow/example_dags/example_params_trigger_ui.py
[2026-09-19T23:13:39.775+0000] {processor.py:799} INFO - Processing file /home/airflow/.local/lib/python3.7/site-packages/airflow/example_dags/example_params_trigger_ui.py for tasks to queue
[2026-09-19T23:13:39.777+0000] {logging_mixin.py:149} INFO - [2026-09-19T23:13:39.777+0000] {dagbag.py:541} INFO - Filling up the DagBag from /home/airflow/.local/lib/python3.7/site-packages/airflow/example_dags/example_params_trigger_ui.py
[2026-09-19T23:13:39.826+0000] {processor.py:809} INFO - DAG(s) dict_keys(['example_params_trigger_ui']) retrieved from /home/airflow/.local/lib/python3.7/site-packages/airflow/example_dags/example_params_trigger_ui.py
[2026-09-19T23:13:39.966+0000] {logging_mixin.py:149} INFO - [2026-09-19T23:13:39.966+0000] {dag.py:2726} INFO - Sync 1 DAGs
[2026-09-19T23:13:40.011+0000] {logging_mixin.py:149} INFO - [2026-09-19T23:13:40.010+0000] {dag.py:3490} INFO - Setting next_dagrun for example_params_trigger_ui to None, run_after=None
[2026-09-19T23:13:40.043+0000] {processor.py:178} INFO - Processing /home/airflow/.local/lib/python3.7/site-packages/airflow/example_dags/example_params_trigger_ui.py took 0.276 seconds
[2026-09-19T23:14:10.819+0000] {processor.py:156} INFO - Started process (PID=14713) to work on /home/airflow/.local/lib/python3.7/site-packages/airflow/example_dags/example_params_trigger_ui.py
[2026-09-19T23:14:10.820+0000] {processor.py:799} INFO - Processing file /home/airflow/.local/lib/python3.7/site-packages/airflow/example_dags/example_params_trigger_ui.py for tasks to queue
[2026-09-19T23:14:10.821+0000] {logging_mixin.py:149} INFO - [2026-09-19T23:14:10.821+0000] {dagbag.py:541} INFO - Filling up the DagBag from /home/airflow/.local/lib/python3.7/site-packages/airflow/example_dags/example_params_trigger_ui.py
[2026-09-19T23:14:10.865+0000] {processor.py:809} INFO - DAG(s) dict_keys(['example_params_trigger_ui']) retrieved from /home/airflow/.local/lib/python3.7/site-packages/airflow/example_dags/example_params_trigger_ui.py
[2026-09-19T23:14:11.011+0000] {logging_mixin.py:149} INFO - [2026-09-19T23:14:11.011+0000] {dag.py:2726} INFO - Sync 1 DAGs
[2026-09-19T23:14:11.052+0000] {logging_mixin.py:149} INFO - [2026-09-19T23:14:11.051+0000] {dag.py:3490} INFO - Setting next_dagrun for example_params_trigger_ui to None, run_after=None
[2026-09-19T23:14:11.080+0000] {processor.py:178} INFO - Processing /home/airflow/.local/lib/python3.7/site-packages/airflow/example_dags/example_params_trigger_ui.py took 0.267 seconds
[2026-09-19T23:14:41.568+0000] {processor.py:156} INFO - Started process (PID=14769) to work on /home/airflow/.local/lib/python3.7/site-packages/airflow/example_dags/example_params_trigger_ui.py
[2026-09-19T23:14:41.570+0000] {processor.py:799} INFO - Processing file /home/airflow/.local/lib/python3.7/site-packages/airflow/example_dags/example_params_trigger_ui.py for tasks to queue
[2026-09-19T23:14:41.571+0000] {logging_mixin.py:149} INFO - [2026-09-19T23:14:41.571+0000] {dagbag.py:541} INFO - Filling up the DagBag from /home/airflow/.local/lib/python3.7/site-packages/airflow/example_dags/example_params_trigger_ui.py
[2026-09-19T23:14:41.612+0000] {processor.py:809} INFO - DAG(s) dict_keys(['example_params_trigger_ui']) retrieved from /home/airflow/.local/lib/python3.7/site-packages/airflow/example_dags/example_params_trigger_ui.py
[2026-09-19T23:14:41.749+0000] {logging_mixin.py:149} INFO - [2026-09-19T23:14:41.748+0000] {dag.py:2726} INFO - Sync 1 DAGs
[2026-09-19T23:14:41.792+0000] {logging_mixin.py:149} INFO - [2026-09-19T23:14:41.792+0000] {dag.py:3490} INFO - Setting next_dagrun for example_params_trigger_ui to None, run_after=None
[2026-09-19T23:14:41.822+0000] {processor.py:178} INFO - Processing /home/airflow/.local/lib/python3.7/site-packages/airflow/example_dags/example_params_trigger_ui.py took 0.261 seconds
[2026-09-19T23:15:12.373+0000] {processor.py:156} INFO - Started process (PID=14825) to work on /home/airflow/.local/lib/python3.7/site-packages/airflow/example_dags/example_params_trigger_ui.py
[2026-09-19T23:15:12.374+0000] {processor.py:799} INFO - Processing file /home/airflow/.local/lib/python3.7/site-packages/airflow/example_dags/example_params_trigger_ui.py for tasks to queue
[2026-09-19T23:15:12.375+0000] {logging_mixin.py:149} INFO - [2026-09-19T23:15:12.375+0000] {dagbag.py:541} INFO - Filling up the DagBag from /home/airflow/.local/lib/python3.7/site-packages/airflow/example_dags/example_params_trigger_ui.py
[2026-09-19T23:15:12.414+0000] {processor.py:809} INFO - DAG(s) dict_keys(['example_params_trigger_ui']) retrieved from /home/airflow/.local/lib/python3.7/site-packages/airflow/example_dags/example_params_trigger_ui.py
[2026-09-19T23:15:12.573+0000] {logging_mixin.py:149} INFO - [2026-09-19T23:15:12.573+0000] {dag.py:2726} INFO - Sync 1 DAGs
[2026-09-19T23:15:12.623+0000] {logging_mixin.py:149} INFO - [2026-09-19T23:15:12.622+0000] {dag.py:3490} INFO - Setting next_dagrun for example_params_trigger_ui to None, run_after=None
[2026-09-19T23:15:12.660+0000] {processor.py:178} INFO - Processing /home/airflow/.local/lib/python3.7/site-packages/airflow/example_dags/example_params_trigger_ui.py took 0.295 seconds
[2026-09-19T23:15:42.773+0000] {processor.py:156} INFO - Started process (PID=14881) to work on /home/airflow/.local/lib/python3.7/site-packages/airflow/example_dags/example_params_trigger_ui.py
[2026-09-19T23:15:42.775+0000] {processor.py:799} INFO - Processing file /home/airflow/.local/lib/python3.7/site-packages/airflow/example_dags/example_params_trigger_ui.py for tasks to queue
[2026-09-19T23:15:42.776+0000] {logging_mixin.py:149} INFO - [2026-09-19T23:15:42.776+0000] {dagbag.py:541} INFO - Filling up the DagBag from /home/airflow/.local/lib/python3.7/site-packages/airflow/example_dags/example_params_trigger_ui.py
[2026-09-19T23:15:42.813+0000] {processor.py:809} INFO - DAG(s) dict_keys(['example_params_trigger_ui']) retrieved from /home/airflow/.local/lib/python3.7/site-packages/airflow/example_dags/example_params_trigger_ui.py
[2026-09-19T23:15:42.949+0000] {logging_mixin.py:149} INFO - [2026-09-19T23:15:42.949+0000] {dag.py:2726} INFO - Sync 1 DAGs
[2026-09-19T23:15:42.992+0000] {logging_mixin.py:149} INFO - [2026-09-19T23:15:42.992+0000] {dag.py:3490} INFO - Setting next_dagrun for example_params_trigger_ui to None, run_after=None
[2026-09-19T23:15:43.020+0000] {processor.py:178} INFO - Processing /home/airflow/.local/lib/python3.7/site-packages/airflow/example_dags/example_params_trigger_ui.py took 0.253 seconds
[2026-09-19T23:16:13.097+0000] {processor.py:156} INFO - Started process (PID=14937) to work on /home/airflow/.local/lib/python3.7/site-packages/airflow/example_dags/example_params_trigger_ui.py
[2026-09-19T23:16:13.100+0000] {processor.py:799} INFO - Processing file /home/airflow/.local/lib/python3.7/site-packages/airflow/example_dags/example_params_trigger_ui.py for tasks to queue
[2026-09-19T23:16:13.101+0000] {logging_mixin.py:149} INFO - [2026-09-19T23:16:13.101+0000] {dagbag.py:541} INFO - Filling up the DagBag from /home/airflow/.local/lib/python3.7/site-packages/airflow/example_dags/example_params_trigger_ui.py
[2026-09-19T23:16:13.145+0000] {processor.py:809} INFO - DAG(s) dict_keys(['example_params_trigger_ui']) retrieved from /home/airflow/.local/lib/python3.7/site-packages/airflow/example_dags/example_params_trigger_ui.py
[2026-09-19T23:16:13.297+0000] {logging_mixin.py:149} INFO - [2026-09-19T23:16:13.297+0000] {dag.py:2726} INFO - Sync 1 DAGs
[2026-09-19T23:16:13.343+0000] {logging_mixin.py:149} INFO - [2026-09-19T23:16:13.343+0000] {dag.py:3490} INFO - Setting next_dagrun for example_params_trigger_ui to None, run_after=None
[2026-09-19T23:16:13.375+0000] {processor.py:178} INFO - Processing /home/airflow/.local/lib/python3.7/site-packages/airflow/example_dags/example_params_trigger_ui.py took 0.286 seconds
[2026-09-19T23:16:43.496+0000] {processor.py:156} INFO - Started process (PID=14993) to work on /home/airflow/.local/lib/python3.7/site-packages/airflow/example_dags/example_params_trigger_ui.py
[2026-09-19T23:16:43.500+0000] {processor.py:799} INFO - Processing file /home/airflow/.local/lib/python3.7/site-packages/airflow/example_dags/example_params_trigger_ui.py for tasks to queue
[2026-09-19T23:16:43.502+0000] {logging_mixin.py:149} INFO - [2026-09-19T23:16:43.501+0000] {dagbag.py:541} INFO - Filling up the DagBag from /home/airflow/.local/lib/python3.7/site-packages/airflow/example_dags/example_params_trigger_ui.py
[2026-09-19T23:16:43.546+0000] {processor.py:809} INFO - DAG(s) dict_keys(['example_params_trigger_ui']) retrieved from /home/airflow/.local/lib/python3.7/site-packages/airflow/example_dags/example_params_trigger_ui.py
[2026-09-19T23:16:43.691+0000] {logging_mixin.py:149} INFO - [2026-09-19T23:16:43.690+0000] {dag.py:2726} INFO - Sync 1 DAGs
[2026-09-19T23:16:43.735+0000] {logging_mixin.py:149} INFO - [2026-09-19T23:16:43.735+0000] {dag.py:3490} INFO - Setting next_dagrun for example_params_trigger_ui to None, run_after=None
[2026-09-19T23:16:43.772+0000] {processor.py:178} INFO - Processing /home/airflow/.local/lib/python3.7/site-packages/airflow/example_dags/example_params_trigger_ui.py took 0.283 seconds
[2026-09-19T23:17:13.969+0000] {processor.py:156} INFO - Started process (PID=15050) to work on /home/airflow/.local/lib/python3.7/site-packages/airflow/example_dags/example_params_trigger_ui.py
[2026-09-19T23:17:13.970+0000] {processor.py:799} INFO - Processing file /home/airflow/.local/lib/python3.7/site-packages/airflow/example_dags/example_params_trigger_ui.py for tasks to queue
[2026-09-19T23:17:13.971+0000] {logging_mixin.py:149} INFO - [2026-09-19T23:17:13.971+0000] {dagbag.py:541} INFO - Filling up the DagBag from /home/airflow/.local/lib/python3.7/site-packages/airflow/example_dags/example_params_trigger_ui.py
[2026-09-19T23:17:14.017+0000] {processor.py:809} INFO - DAG(s) dict_keys(['example_params_trigger_ui']) retrieved from /home/airflow/.local/lib/python3.7/site-packages/airflow/example_dags/example_params_trigger_ui.py
[2026-09-19T23:17:14.183+0000] {logging_mixin.py:149} INFO - [2026-09-19T23:17:14.182+0000] {dag.py:2726} INFO - Sync 1 DAGs
[2026-09-19T23:17:14.233+0000] {logging_mixin.py:149} INFO - [2026-09-19T23:17:14.233+0000] {dag.py:3490} INFO - Setting next_dagrun for example_params_trigger_ui to None, run_after=None
[2026-09-19T23:17:14.273+0000] {processor.py:178} INFO - Processing /home/airflow/.local/lib/python3.7/site-packages/airflow/example_dags/example_params_trigger_ui.py took 0.311 seconds
[2026-09-19T23:17:44.418+0000] {processor.py:156} INFO - Started process (PID=15107) to work on /home/airflow/.local/lib/python3.7/site-packages/airflow/example_dags/example_params_trigger_ui.py
[2026-09-19T23:17:44.422+0000] {processor.py:799} INFO - Processing file /home/airflow/.local/lib/python3.7/site-packages/airflow/example_dags/example_params_trigger_ui.py for tasks to queue
[2026-09-19T23:17:44.424+0000] {logging_mixin.py:149} INFO - [2026-09-19T23:17:44.424+0000] {dagbag.py:541} INFO - Filling up the DagBag from /home/airflow/.local/lib/python3.7/site-packages/airflow/example_dags/example_params_trigger_ui.py
[2026-09-19T23:17:44.461+0000] {processor.py:809} INFO - DAG(s) dict_keys(['example_params_trigger_ui']) retrieved from /home/airflow/.local/lib/python3.7/site-packages/airflow/example_dags/example_params_trigger_ui.py
[2026-09-19T23:17:44.604+0000] {logging_mixin.py:149} INFO - [2026-09-19T23:17:44.604+0000] {dag.py:2726} INFO - Sync 1 DAGs
[2026-09-19T23:17:44.647+0000] {logging_mixin.py:149} INFO - [2026-09-19T23:17:44.646+0000] {dag.py:3490} INFO - Setting next_dagrun for example_params_trigger_ui to None, run_after=None
[2026-09-19T23:17:44.675+0000] {processor.py:178} INFO - Processing /home/airflow/.local/lib/python3.7/site-packages/airflow/example_dags/example_params_trigger_ui.py took 0.262 seconds
[2026-09-19T23:18:14.745+0000] {processor.py:156} INFO - Started process (PID=15162) to work on /home/airflow/.local/lib/python3.7/site-packages/airflow/example_dags/example_params_trigger_ui.py
[2026-09-19T23:18:14.746+0000] {processor.py:799} INFO - Processing file /home/airflow/.local/lib/python3.7/site-packages/airflow/example_dags/example_params_trigger_ui.py for tasks to queue
[2026-09-19T23:18:14.747+0000] {logging_mixin.py:149} INFO - [2026-09-19T23:18:14.747+0000] {dagbag.py:541} INFO - Filling up the DagBag from /home/airflow/.local/lib/python3.7/site-packages/airflow/example_dags/example_params_trigger_ui.py
[2026-09-19T23:18:14.789+0000] {processor.py:809} INFO - DAG(s) dict_keys(['example_params_trigger_ui']) retrieved from /home/airflow/.local/lib/python3.7/site-packages/airflow/example_dags/example_params_trigger_ui.py
[2026-09-19T23:18:14.970+0000] {logging_mixin.py:149} INFO - [2026-09-19T23:18:14.970+0000] {dag.py:2726} INFO - Sync 1 DAGs
[2026-09-19T23:18:15.017+0000] {logging_mixin.py:149} INFO - [2026-09-19T23:18:15.017+0000] {dag.py:3490} INFO - Setting next_dagrun for example_params_trigger_ui to None, run_after=None
[2026-09-19T23:18:15.047+0000] {processor.py:178} INFO - Processing /home/airflow/.local/lib/python3.7/site-packages/airflow/example_dags/example_params_trigger_ui.py took 0.309 seconds
[2026-09-19T23:18:45.157+0000] {processor.py:156} INFO - Started process (PID=15218) to work on /home/airflow/.local/lib/python3.7/site-packages/airflow/example_dags/example_params_trigger_ui.py
[2026-09-19T23:18:45.159+0000] {processor.py:799} INFO - Processing file /home/airflow/.local/lib/python3.7/site-packages/airflow/example_dags/example_params_trigger_ui.py for tasks to queue
[2026-09-19T23:18:45.160+0000] {logging_mixin.py:149} INFO - [2026-09-19T23:18:45.160+0000] {dagbag.py:541} INFO - Filling up the DagBag from /home/airflow/.local/lib/python3.7/site-packages/airflow/example_dags/example_params_trigger_ui.py
[2026-09-19T23:18:45.203+0000] {processor.py:809} INFO - DAG(s) dict_keys(['example_params_trigger_ui']) retrieved from /home/airflow/.local/lib/python3.7/site-packages/airflow/example_dags/example_params_trigger_ui.py
[2026-09-19T23:18:45.346+0000] {logging_mixin.py:149} INFO - [2026-09-19T23:18:45.346+0000] {dag.py:2726} INFO - Sync 1 DAGs
[2026-09-19T23:18:45.387+0000] {logging_mixin.py:149} INFO - [2026-09-19T23:18:45.387+0000] {dag.py:3490} INFO - Setting next_dagrun for example_params_trigger_ui to None, run_after=None
[2026-09-19T23:18:45.416+0000] {processor.py:178} INFO - Processing /home/airflow/.local/lib/python3.7/site-packages/airflow/example_dags/example_params_trigger_ui.py took 0.266 seconds
[2026-09-19T23:19:15.508+0000] {processor.py:156} INFO - Started process (PID=15274) to work on /home/airflow/.local/lib/python3.7/site-packages/airflow/example_dags/example_params_trigger_ui.py
[2026-09-19T23:19:15.510+0000] {processor.py:799} INFO - Processing file /home/airflow/.local/lib/python3.7/site-packages/airflow/example_dags/example_params_trigger_ui.py for tasks to queue
[2026-09-19T23:19:15.511+0000] {logging_mixin.py:149} INFO - [2026-09-19T23:19:15.511+0000] {dagbag.py:541} INFO - Filling up the DagBag from /home/airflow/.local/lib/python3.7/site-packages/airflow/example_dags/example_params_trigger_ui.py
[2026-09-19T23:19:15.555+0000] {processor.py:809} INFO - DAG(s) dict_keys(['example_params_trigger_ui']) retrieved from /home/airflow/.local/lib/python3.7/site-packages/airflow/example_dags/example_params_trigger_ui.py
[2026-09-19T23:19:15.715+0000] {logging_mixin.py:149} INFO - [2026-09-19T23:19:15.714+0000] {dag.py:2726} INFO - Sync 1 DAGs
[2026-09-19T23:19:15.759+0000] {logging_mixin.py:149} INFO - [2026-09-19T23:19:15.759+0000] {dag.py:3490} INFO - Setting next_dagrun for example_params_trigger_ui to None, run_after=None
[2026-09-19T23:19:15.789+0000] {processor.py:178} INFO - Processing /home/airflow/.local/lib/python3.7/site-packages/airflow/example_dags/example_params_trigger_ui.py took 0.289 seconds
[2026-09-19T23:19:46.580+0000] {processor.py:156} INFO - Started process (PID=15330) to work on /home/airflow/.local/lib/python3.7/site-packages/airflow/example_dags/example_params_trigger_ui.py
[2026-09-19T23:19:46.585+0000] {processor.py:799} INFO - Processing file /home/airflow/.local/lib/python3.7/site-packages/airflow/example_dags/example_params_trigger_ui.py for tasks to queue
[2026-09-19T23:19:46.586+0000] {logging_mixin.py:149} INFO - [2026-09-19T23:19:46.586+0000] {dagbag.py:541} INFO - Filling up the DagBag from /home/airflow/.local/lib/python3.7/site-packages/airflow/example_dags/example_params_trigger_ui.py
[2026-09-19T23:19:46.628+0000] {processor.py:809} INFO - DAG(s) dict_keys(['example_params_trigger_ui']) retrieved from /home/airflow/.local/lib/python3.7/site-packages/airflow/example_dags/example_params_trigger_ui.py
[2026-09-19T23:19:46.787+0000] {logging_mixin.py:149} INFO - [2026-09-19T23:19:46.787+0000] {dag.py:2726} INFO - Sync 1 DAGs
[2026-09-19T23:19:46.838+0000] {logging_mixin.py:149} INFO - [2026-09-19T23:19:46.837+0000] {dag.py:3490} INFO - Setting next_dagrun for example_params_trigger_ui to None, run_after=None
[2026-09-19T23:19:46.883+0000] {processor.py:178} INFO - Processing /home/airflow/.local/lib/python3.7/site-packages/airflow/example_dags/example_params_trigger_ui.py took 0.309 seconds
[2026-09-19T23:20:17.392+0000] {processor.py:156} INFO - Started process (PID=15386) to work on /home/airflow/.local/lib/python3.7/site-packages/airflow/example_dags/example_params_trigger_ui.py
[2026-09-19T23:20:17.394+0000] {processor.py:799} INFO - Processing file /home/airflow/.local/lib/python3.7/site-packages/airflow/example_dags/example_params_trigger_ui.py for tasks to queue
[2026-09-19T23:20:17.395+0000] {logging_mixin.py:149} INFO - [2026-09-19T23:20:17.395+0000] {dagbag.py:541} INFO - Filling up the DagBag from /home/airflow/.local/lib/python3.7/site-packages/airflow/example_dags/example_params_trigger_ui.py
[2026-09-19T23:20:17.432+0000] {processor.py:809} INFO - DAG(s) dict_keys(['example_params_trigger_ui']) retrieved from /home/airflow/.local/lib/python3.7/site-packages/airflow/example_dags/example_params_trigger_ui.py
[2026-09-19T23:20:17.580+0000] {logging_mixin.py:149} INFO - [2026-09-19T23:20:17.580+0000] {dag.py:2726} INFO - Sync 1 DAGs
[2026-09-19T23:20:17.623+0000] {logging_mixin.py:149} INFO - [2026-09-19T23:20:17.622+0000] {dag.py:3490} INFO - Setting next_dagrun for example_params_trigger_ui to None, run_after=None
[2026-09-19T23:20:17.658+0000] {processor.py:178} INFO - Processing /home/airflow/.local/lib/python3.7/site-packages/airflow/example_dags/example_params_trigger_ui.py took 0.271 seconds
[2026-09-19T23:20:47.848+0000] {processor.py:156} INFO - Started process (PID=15442) to work on /home/airflow/.local/lib/python3.7/site-packages/airflow/example_dags/example_params_trigger_ui.py
[2026-09-19T23:20:47.851+0000] {processor.py:799} INFO - Processing file /home/airflow/.local/lib/python3.7/site-packages/airflow/example_dags/example_params_trigger_ui.py for tasks to queue
[2026-09-19T23:20:47.852+0000] {logging_mixin.py:149} INFO - [2026-09-19T23:20:47.851+0000] {dagbag.py:541} INFO - Filling up the DagBag from /home/airflow/.local/lib/python3.7/site-packages/airflow/example_dags/example_params_trigger_ui.py
[2026-09-19T23:20:47.889+0000] {processor.py:809} INFO - DAG(s) dict_keys(['example_params_trigger_ui']) retrieved from /home/airflow/.local/lib/python3.7/site-packages/airflow/example_dags/example_params_trigger_ui.py
[2026-09-19T23:20:48.037+0000] {logging_mixin.py:149} INFO - [2026-09-19T23:20:48.037+0000] {dag.py:2726} INFO - Sync 1 DAGs
[2026-09-19T23:20:48.085+0000] {logging_mixin.py:149} INFO - [2026-09-19T23:20:48.084+0000] {dag.py:3490} INFO - Setting next_dagrun for example_params_trigger_ui to None, run_after=None
[2026-09-19T23:20:48.118+0000] {processor.py:178} INFO - Processing /home/airflow/.local/lib/python3.7/site-packages/airflow/example_dags/example_params_trigger_ui.py took 0.275 seconds
[2026-09-19T23:21:18.563+0000] {processor.py:156} INFO - Started process (PID=15498) to work on /home/airflow/.local/lib/python3.7/site-packages/airflow/example_dags/example_params_trigger_ui.py
[2026-09-19T23:21:18.565+0000] {processor.py:799} INFO - Processing file /home/airflow/.local/lib/python3.7/site-packages/airflow/example_dags/example_params_trigger_ui.py for tasks to queue
[2026-09-19T23:21:18.566+0000] {logging_mixin.py:149} INFO - [2026-09-19T23:21:18.566+0000] {dagbag.py:541} INFO - Filling up the DagBag from /home/airflow/.local/lib/python3.7/site-packages/airflow/example_dags/example_params_trigger_ui.py
[2026-09-19T23:21:18.609+0000] {processor.py:809} INFO - DAG(s) dict_keys(['example_params_trigger_ui']) retrieved from /home/airflow/.local/lib/python3.7/site-packages/airflow/example_dags/example_params_trigger_ui.py
[2026-09-19T23:21:18.770+0000] {logging_mixin.py:149} INFO - [2026-09-19T23:21:18.770+0000] {dag.py:2726} INFO - Sync 1 DAGs
[2026-09-19T23:21:18.821+0000] {logging_mixin.py:149} INFO - [2026-09-19T23:21:18.820+0000] {dag.py:3490} INFO - Setting next_dagrun for example_params_trigger_ui to None, run_after=None
[2026-09-19T23:21:19.049+0000] {processor.py:178} INFO - Processing /home/airflow/.local/lib/python3.7/site-packages/airflow/example_dags/example_params_trigger_ui.py took 0.496 seconds
[2026-09-19T23:21:49.151+0000] {processor.py:156} INFO - Started process (PID=15555) to work on /home/airflow/.local/lib/python3.7/site-packages/airflow/example_dags/example_params_trigger_ui.py
[2026-09-19T23:21:49.153+0000] {processor.py:799} INFO - Processing file /home/airflow/.local/lib/python3.7/site-packages/airflow/example_dags/example_params_trigger_ui.py for tasks to queue
[2026-09-19T23:21:49.154+0000] {logging_mixin.py:149} INFO - [2026-09-19T23:21:49.153+0000] {dagbag.py:541} INFO - Filling up the DagBag from /home/airflow/.local/lib/python3.7/site-packages/airflow/example_dags/example_params_trigger_ui.py
[2026-09-19T23:21:49.193+0000] {processor.py:809} INFO - DAG(s) dict_keys(['example_params_trigger_ui']) retrieved from /home/airflow/.local/lib/python3.7/site-packages/airflow/example_dags/example_params_trigger_ui.py
[2026-09-19T23:21:49.338+0000] {logging_mixin.py:149} INFO - [2026-09-19T23:21:49.338+0000] {dag.py:2726} INFO - Sync 1 DAGs
[2026-09-19T23:21:49.393+0000] {logging_mixin.py:149} INFO - [2026-09-19T23:21:49.392+0000] {dag.py:3490} INFO - Setting next_dagrun for example_params_trigger_ui to None, run_after=None
[2026-09-19T23:21:49.423+0000] {processor.py:178} INFO - Processing /home/airflow/.local/lib/python3.7/site-packages/airflow/example_dags/example_params_trigger_ui.py took 0.279 seconds
[2026-09-19T23:22:19.832+0000] {processor.py:156} INFO - Started process (PID=15611) to work on /home/airflow/.local/lib/python3.7/site-packages/airflow/example_dags/example_params_trigger_ui.py
[2026-09-19T23:22:19.833+0000] {processor.py:799} INFO - Processing file /home/airflow/.local/lib/python3.7/site-packages/airflow/example_dags/example_params_trigger_ui.py for tasks to queue
[2026-09-19T23:22:19.834+0000] {logging_mixin.py:149} INFO - [2026-09-19T23:22:19.834+0000] {dagbag.py:541} INFO - Filling up the DagBag from /home/airflow/.local/lib/python3.7/site-packages/airflow/example_dags/example_params_trigger_ui.py
[2026-09-19T23:22:19.872+0000] {processor.py:809} INFO - DAG(s) dict_keys(['example_params_trigger_ui']) retrieved from /home/airflow/.local/lib/python3.7/site-packages/airflow/example_dags/example_params_trigger_ui.py
[2026-09-19T23:22:20.035+0000] {logging_mixin.py:149} INFO - [2026-09-19T23:22:20.035+0000] {dag.py:2726} INFO - Sync 1 DAGs
[2026-09-19T23:22:20.083+0000] {logging_mixin.py:149} INFO - [2026-09-19T23:22:20.082+0000] {dag.py:3490} INFO - Setting next_dagrun for example_params_trigger_ui to None, run_after=None
[2026-09-19T23:22:20.113+0000] {processor.py:178} INFO - Processing /home/airflow/.local/lib/python3.7/site-packages/airflow/example_dags/example_params_trigger_ui.py took 0.288 seconds
[2026-09-19T23:22:50.279+0000] {processor.py:156} INFO - Started process (PID=15667) to work on /home/airflow/.local/lib/python3.7/site-packages/airflow/example_dags/example_params_trigger_ui.py
[2026-09-19T23:22:50.281+0000] {processor.py:799} INFO - Processing file /home/airflow/.local/lib/python3.7/site-packages/airflow/example_dags/example_params_trigger_ui.py for tasks to queue
[2026-09-19T23:22:50.282+0000] {logging_mixin.py:149} INFO - [2026-09-19T23:22:50.282+0000] {dagbag.py:541} INFO - Filling up the DagBag from /home/airflow/.local/lib/python3.7/site-packages/airflow/example_dags/example_params_trigger_ui.py
[2026-09-19T23:22:50.320+0000] {processor.py:809} INFO - DAG(s) dict_keys(['example_params_trigger_ui']) retrieved from /home/airflow/.local/lib/python3.7/site-packages/airflow/example_dags/example_params_trigger_ui.py
[2026-09-19T23:22:50.461+0000] {logging_mixin.py:149} INFO - [2026-09-19T23:22:50.461+0000] {dag.py:2726} INFO - Sync 1 DAGs
[2026-09-19T23:22:50.506+0000] {logging_mixin.py:149} INFO - [2026-09-19T23:22:50.506+0000] {dag.py:3490} INFO - Setting next_dagrun for example_params_trigger_ui to None, run_after=None
[2026-09-19T23:22:50.748+0000] {processor.py:178} INFO - Processing /home/airflow/.local/lib/python3.7/site-packages/airflow/example_dags/example_params_trigger_ui.py took 0.474 seconds
[2026-09-19T23:23:21.188+0000] {processor.py:156} INFO - Started process (PID=15723) to work on /home/airflow/.local/lib/python3.7/site-packages/airflow/example_dags/example_params_trigger_ui.py
[2026-09-19T23:23:21.189+0000] {processor.py:799} INFO - Processing file /home/airflow/.local/lib/python3.7/site-packages/airflow/example_dags/example_params_trigger_ui.py for tasks to queue
[2026-09-19T23:23:21.190+0000] {logging_mixin.py:149} INFO - [2026-09-19T23:23:21.190+0000] {dagbag.py:541} INFO - Filling up the DagBag from /home/airflow/.local/lib/python3.7/site-packages/airflow/example_dags/example_params_trigger_ui.py
[2026-09-19T23:23:21.228+0000] {processor.py:809} INFO - DAG(s) dict_keys(['example_params_trigger_ui']) retrieved from /home/airflow/.local/lib/python3.7/site-packages/airflow/example_dags/example_params_trigger_ui.py
[2026-09-19T23:23:21.407+0000] {logging_mixin.py:149} INFO - [2026-09-19T23:23:21.406+0000] {dag.py:2726} INFO - Sync 1 DAGs
[2026-09-19T23:23:21.460+0000] {logging_mixin.py:149} INFO - [2026-09-19T23:23:21.460+0000] {dag.py:3490} INFO - Setting next_dagrun for example_params_trigger_ui to None, run_after=None
[2026-09-19T23:23:21.490+0000] {processor.py:178} INFO - Processing /home/airflow/.local/lib/python3.7/site-packages/airflow/example_dags/example_params_trigger_ui.py took 0.309 seconds
[2026-09-19T23:23:51.575+0000] {processor.py:156} INFO - Started process (PID=15779) to work on /home/airflow/.local/lib/python3.7/site-packages/airflow/example_dags/example_params_trigger_ui.py
[2026-09-19T23:23:51.577+0000] {processor.py:799} INFO - Processing file /home/airflow/.local/lib/python3.7/site-packages/airflow/example_dags/example_params_trigger_ui.py for tasks to queue
[2026-09-19T23:23:51.578+0000] {logging_mixin.py:149} INFO - [2026-09-19T23:23:51.578+0000] {dagbag.py:541} INFO - Filling up the DagBag from /home/airflow/.local/lib/python3.7/site-packages/airflow/example_dags/example_params_trigger_ui.py
[2026-09-19T23:23:51.614+0000] {processor.py:809} INFO - DAG(s) dict_keys(['example_params_trigger_ui']) retrieved from /home/airflow/.local/lib/python3.7/site-packages/airflow/example_dags/example_params_trigger_ui.py
[2026-09-19T23:23:51.761+0000] {logging_mixin.py:149} INFO - [2026-09-19T23:23:51.760+0000] {dag.py:2726} INFO - Sync 1 DAGs
[2026-09-19T23:23:51.804+0000] {logging_mixin.py:149} INFO - [2026-09-19T23:23:51.804+0000] {dag.py:3490} INFO - Setting next_dagrun for example_params_trigger_ui to None, run_after=None
[2026-09-19T23:23:51.834+0000] {processor.py:178} INFO - Processing /home/airflow/.local/lib/python3.7/site-packages/airflow/example_dags/example_params_trigger_ui.py took 0.264 seconds
[2026-09-19T23:24:22.424+0000] {processor.py:156} INFO - Started process (PID=15834) to work on /home/airflow/.local/lib/python3.7/site-packages/airflow/example_dags/example_params_trigger_ui.py
[2026-09-19T23:24:22.425+0000] {processor.py:799} INFO - Processing file /home/airflow/.local/lib/python3.7/site-packages/airflow/example_dags/example_params_trigger_ui.py for tasks to queue
[2026-09-19T23:24:22.426+0000] {logging_mixin.py:149} INFO - [2026-09-19T23:24:22.426+0000] {dagbag.py:541} INFO - Filling up the DagBag from /home/airflow/.local/lib/python3.7/site-packages/airflow/example_dags/example_params_trigger_ui.py
[2026-09-19T23:24:22.466+0000] {processor.py:809} INFO - DAG(s) dict_keys(['example_params_trigger_ui']) retrieved from /home/airflow/.local/lib/python3.7/site-packages/airflow/example_dags/example_params_trigger_ui.py
[2026-09-19T23:24:22.614+0000] {logging_mixin.py:149} INFO - [2026-09-19T23:24:22.613+0000] {dag.py:2726} INFO - Sync 1 DAGs
[2026-09-19T23:24:22.858+0000] {logging_mixin.py:149} INFO - [2026-09-19T23:24:22.858+0000] {dag.py:3490} INFO - Setting next_dagrun for example_params_trigger_ui to None, run_after=None
[2026-09-19T23:24:22.889+0000] {processor.py:178} INFO - Processing /home/airflow/.local/lib/python3.7/site-packages/airflow/example_dags/example_params_trigger_ui.py took 0.471 seconds
[2026-09-19T23:24:53.696+0000] {processor.py:156} INFO - Started process (PID=15890) to work on /home/airflow/.local/lib/python3.7/site-packages/airflow/example_dags/example_params_trigger_ui.py
[2026-09-19T23:24:53.700+0000] {processor.py:799} INFO - Processing file /home/airflow/.local/lib/python3.7/site-packages/airflow/example_dags/example_params_trigger_ui.py for tasks to queue
[2026-09-19T23:24:53.702+0000] {logging_mixin.py:149} INFO - [2026-09-19T23:24:53.702+0000] {dagbag.py:541} INFO - Filling up the DagBag from /home/airflow/.local/lib/python3.7/site-packages/airflow/example_dags/example_params_trigger_ui.py
[2026-09-19T23:24:53.741+0000] {processor.py:809} INFO - DAG(s) dict_keys(['example_params_trigger_ui']) retrieved from /home/airflow/.local/lib/python3.7/site-packages/airflow/example_dags/example_params_trigger_ui.py
[2026-09-19T23:24:53.878+0000] {logging_mixin.py:149} INFO - [2026-09-19T23:24:53.878+0000] {dag.py:2726} INFO - Sync 1 DAGs
[2026-09-19T23:24:53.921+0000] {logging_mixin.py:149} INFO - [2026-09-19T23:24:53.920+0000] {dag.py:3490} INFO - Setting next_dagrun for example_params_trigger_ui to None, run_after=None
[2026-09-19T23:24:53.957+0000] {processor.py:178} INFO - Processing /home/airflow/.local/lib/python3.7/site-packages/airflow/example_dags/example_params_trigger_ui.py took 0.268 seconds
[2026-09-19T23:25:25.306+0000] {processor.py:156} INFO - Started process (PID=15947) to work on /home/airflow/.local/lib/python3.7/site-packages/airflow/example_dags/example_params_trigger_ui.py
[2026-09-19T23:25:25.309+0000] {processor.py:799} INFO - Processing file /home/airflow/.local/lib/python3.7/site-packages/airflow/example_dags/example_params_trigger_ui.py for tasks to queue
[2026-09-19T23:25:25.311+0000] {logging_mixin.py:149} INFO - [2026-09-19T23:25:25.311+0000] {dagbag.py:541} INFO - Filling up the DagBag from /home/airflow/.local/lib/python3.7/site-packages/airflow/example_dags/example_params_trigger_ui.py
[2026-09-19T23:25:25.349+0000] {processor.py:809} INFO - DAG(s) dict_keys(['example_params_trigger_ui']) retrieved from /home/airflow/.local/lib/python3.7/site-packages/airflow/example_dags/example_params_trigger_ui.py
[2026-09-19T23:25:25.492+0000] {logging_mixin.py:149} INFO - [2026-09-19T23:25:25.492+0000] {dag.py:2726} INFO - Sync 1 DAGs
[2026-09-19T23:25:25.537+0000] {logging_mixin.py:149} INFO - [2026-09-19T23:25:25.537+0000] {dag.py:3490} INFO - Setting next_dagrun for example_params_trigger_ui to None, run_after=None
[2026-09-19T23:25:25.567+0000] {processor.py:178} INFO - Processing /home/airflow/.local/lib/python3.7/site-packages/airflow/example_dags/example_params_trigger_ui.py took 0.273 seconds
[2026-09-19T23:25:56.435+0000] {processor.py:156} INFO - Started process (PID=16004) to work on /home/airflow/.local/lib/python3.7/site-packages/airflow/example_dags/example_params_trigger_ui.py
[2026-09-19T23:25:56.437+0000] {processor.py:799} INFO - Processing file /home/airflow/.local/lib/python3.7/site-packages/airflow/example_dags/example_params_trigger_ui.py for tasks to queue
[2026-09-19T23:25:56.438+0000] {logging_mixin.py:149} INFO - [2026-09-19T23:25:56.438+0000] {dagbag.py:541} INFO - Filling up the DagBag from /home/airflow/.local/lib/python3.7/site-packages/airflow/example_dags/example_params_trigger_ui.py
[2026-09-19T23:25:56.475+0000] {processor.py:809} INFO - DAG(s) dict_keys(['example_params_trigger_ui']) retrieved from /home/airflow/.local/lib/python3.7/site-packages/airflow/example_dags/example_params_trigger_ui.py
[2026-09-19T23:25:56.613+0000] {logging_mixin.py:149} INFO - [2026-09-19T23:25:56.613+0000] {dag.py:2726} INFO - Sync 1 DAGs
[2026-09-19T23:25:56.841+0000] {logging_mixin.py:149} INFO - [2026-09-19T23:25:56.840+0000] {dag.py:3490} INFO - Setting next_dagrun for example_params_trigger_ui to None, run_after=None
[2026-09-19T23:25:56.870+0000] {processor.py:178} INFO - Processing /home/airflow/.local/lib/python3.7/site-packages/airflow/example_dags/example_params_trigger_ui.py took 0.443 seconds
[2026-09-19T23:26:27.107+0000] {processor.py:156} INFO - Started process (PID=16059) to work on /home/airflow/.local/lib/python3.7/site-packages/airflow/example_dags/example_params_trigger_ui.py
[2026-09-19T23:26:27.109+0000] {processor.py:799} INFO - Processing file /home/airflow/.local/lib/python3.7/site-packages/airflow/example_dags/example_params_trigger_ui.py for tasks to queue
[2026-09-19T23:26:27.111+0000] {logging_mixin.py:149} INFO - [2026-09-19T23:26:27.111+0000] {dagbag.py:541} INFO - Filling up the DagBag from /home/airflow/.local/lib/python3.7/site-packages/airflow/example_dags/example_params_trigger_ui.py
[2026-09-19T23:26:27.152+0000] {processor.py:809} INFO - DAG(s) dict_keys(['example_params_trigger_ui']) retrieved from /home/airflow/.local/lib/python3.7/site-packages/airflow/example_dags/example_params_trigger_ui.py
[2026-09-19T23:26:27.304+0000] {logging_mixin.py:149} INFO - [2026-09-19T23:26:27.304+0000] {dag.py:2726} INFO - Sync 1 DAGs
[2026-09-19T23:26:27.349+0000] {logging_mixin.py:149} INFO - [2026-09-19T23:26:27.349+0000] {dag.py:3490} INFO - Setting next_dagrun for example_params_trigger_ui to None, run_after=None
[2026-09-19T23:26:27.608+0000] {processor.py:178} INFO - Processing /home/airflow/.local/lib/python3.7/site-packages/airflow/example_dags/example_params_trigger_ui.py took 0.508 seconds
[2026-09-19T23:26:58.466+0000] {processor.py:156} INFO - Started process (PID=16116) to work on /home/airflow/.local/lib/python3.7/site-packages/airflow/example_dags/example_params_trigger_ui.py
[2026-09-19T23:26:58.469+0000] {processor.py:799} INFO - Processing file /home/airflow/.local/lib/python3.7/site-packages/airflow/example_dags/example_params_trigger_ui.py for tasks to queue
[2026-09-19T23:26:58.470+0000] {logging_mixin.py:149} INFO - [2026-09-19T23:26:58.470+0000] {dagbag.py:541} INFO - Filling up the DagBag from /home/airflow/.local/lib/python3.7/site-packages/airflow/example_dags/example_params_trigger_ui.py
[2026-09-19T23:26:58.517+0000] {processor.py:809} INFO - DAG(s) dict_keys(['example_params_trigger_ui']) retrieved from /home/airflow/.local/lib/python3.7/site-packages/airflow/example_dags/example_params_trigger_ui.py
[2026-09-19T23:26:58.873+0000] {logging_mixin.py:149} INFO - [2026-09-19T23:26:58.872+0000] {dag.py:2726} INFO - Sync 1 DAGs
[2026-09-19T23:26:58.915+0000] {logging_mixin.py:149} INFO - [2026-09-19T23:26:58.915+0000] {dag.py:3490} INFO - Setting next_dagrun for example_params_trigger_ui to None, run_after=None
[2026-09-19T23:26:58.942+0000] {processor.py:178} INFO - Processing /home/airflow/.local/lib/python3.7/site-packages/airflow/example_dags/example_params_trigger_ui.py took 0.483 seconds
[2026-09-19T23:27:29.502+0000] {processor.py:156} INFO - Started process (PID=16172) to work on /home/airflow/.local/lib/python3.7/site-packages/airflow/example_dags/example_params_trigger_ui.py
[2026-09-19T23:27:29.506+0000] {processor.py:799} INFO - Processing file /home/airflow/.local/lib/python3.7/site-packages/airflow/example_dags/example_params_trigger_ui.py for tasks to queue
[2026-09-19T23:27:29.507+0000] {logging_mixin.py:149} INFO - [2026-09-19T23:27:29.507+0000] {dagbag.py:541} INFO - Filling up the DagBag from /home/airflow/.local/lib/python3.7/site-packages/airflow/example_dags/example_params_trigger_ui.py
[2026-09-19T23:27:29.547+0000] {processor.py:809} INFO - DAG(s) dict_keys(['example_params_trigger_ui']) retrieved from /home/airflow/.local/lib/python3.7/site-packages/airflow/example_dags/example_params_trigger_ui.py
[2026-09-19T23:27:29.687+0000] {logging_mixin.py:149} INFO - [2026-09-19T23:27:29.687+0000] {dag.py:2726} INFO - Sync 1 DAGs
[2026-09-19T23:27:29.931+0000] {logging_mixin.py:149} INFO - [2026-09-19T23:27:29.931+0000] {dag.py:3490} INFO - Setting next_dagrun for example_params_trigger_ui to None, run_after=None
[2026-09-19T23:27:29.963+0000] {processor.py:178} INFO - Processing /home/airflow/.local/lib/python3.7/site-packages/airflow/example_dags/example_params_trigger_ui.py took 0.468 seconds
[2026-09-19T23:28:00.669+0000] {processor.py:156} INFO - Started process (PID=16228) to work on /home/airflow/.local/lib/python3.7/site-packages/airflow/example_dags/example_params_trigger_ui.py
[2026-09-19T23:28:00.687+0000] {processor.py:799} INFO - Processing file /home/airflow/.local/lib/python3.7/site-packages/airflow/example_dags/example_params_trigger_ui.py for tasks to queue
[2026-09-19T23:28:00.689+0000] {logging_mixin.py:149} INFO - [2026-09-19T23:28:00.689+0000] {dagbag.py:541} INFO - Filling up the DagBag from /home/airflow/.local/lib/python3.7/site-packages/airflow/example_dags/example_params_trigger_ui.py
[2026-09-19T23:28:00.727+0000] {processor.py:809} INFO - DAG(s) dict_keys(['example_params_trigger_ui']) retrieved from /home/airflow/.local/lib/python3.7/site-packages/airflow/example_dags/example_params_trigger_ui.py
[2026-09-19T23:28:00.875+0000] {logging_mixin.py:149} INFO - [2026-09-19T23:28:00.875+0000] {dag.py:2726} INFO - Sync 1 DAGs
[2026-09-19T23:28:00.925+0000] {logging_mixin.py:149} INFO - [2026-09-19T23:28:00.924+0000] {dag.py:3490} INFO - Setting next_dagrun for example_params_trigger_ui to None, run_after=None
[2026-09-19T23:28:01.183+0000] {processor.py:178} INFO - Processing /home/airflow/.local/lib/python3.7/site-packages/airflow/example_dags/example_params_trigger_ui.py took 0.521 seconds
[2026-09-19T23:28:32.016+0000] {processor.py:156} INFO - Started process (PID=16284) to work on /home/airflow/.local/lib/python3.7/site-packages/airflow/example_dags/example_params_trigger_ui.py
[2026-09-19T23:28:32.018+0000] {processor.py:799} INFO - Processing file /home/airflow/.local/lib/python3.7/site-packages/airflow/example_dags/example_params_trigger_ui.py for tasks to queue
[2026-09-19T23:28:32.019+0000] {logging_mixin.py:149} INFO - [2026-09-19T23:28:32.019+0000] {dagbag.py:541} INFO - Filling up the DagBag from /home/airflow/.local/lib/python3.7/site-packages/airflow/example_dags/example_params_trigger_ui.py
[2026-09-19T23:28:32.059+0000] {processor.py:809} INFO - DAG(s) dict_keys(['example_params_trigger_ui']) retrieved from /home/airflow/.local/lib/python3.7/site-packages/airflow/example_dags/example_params_trigger_ui.py
[2026-09-19T23:28:32.411+0000] {logging_mixin.py:149} INFO - [2026-09-19T23:28:32.410+0000] {dag.py:2726} INFO - Sync 1 DAGs
[2026-09-19T23:28:32.450+0000] {logging_mixin.py:149} INFO - [2026-09-19T23:28:32.449+0000] {dag.py:3490} INFO - Setting next_dagrun for example_params_trigger_ui to None, run_after=None
[2026-09-19T23:28:32.478+0000] {processor.py:178} INFO - Processing /home/airflow/.local/lib/python3.7/site-packages/airflow/example_dags/example_params_trigger_ui.py took 0.469 seconds
[2026-09-19T23:29:03.248+0000] {processor.py:156} INFO - Started process (PID=16340) to work on /home/airflow/.local/lib/python3.7/site-packages/airflow/example_dags/example_params_trigger_ui.py
[2026-09-19T23:29:03.252+0000] {processor.py:799} INFO - Processing file /home/airflow/.local/lib/python3.7/site-packages/airflow/example_dags/example_params_trigger_ui.py for tasks to queue
[2026-09-19T23:29:03.252+0000] {logging_mixin.py:149} INFO - [2026-09-19T23:29:03.252+0000] {dagbag.py:541} INFO - Filling up the DagBag from /home/airflow/.local/lib/python3.7/site-packages/airflow/example_dags/example_params_trigger_ui.py
[2026-09-19T23:29:03.290+0000] {processor.py:809} INFO - DAG(s) dict_keys(['example_params_trigger_ui']) retrieved from /home/airflow/.local/lib/python3.7/site-packages/airflow/example_dags/example_params_trigger_ui.py
[2026-09-19T23:29:03.448+0000] {logging_mixin.py:149} INFO - [2026-09-19T23:29:03.448+0000] {dag.py:2726} INFO - Sync 1 DAGs
[2026-09-19T23:29:03.697+0000] {logging_mixin.py:149} INFO - [2026-09-19T23:29:03.697+0000] {dag.py:3490} INFO - Setting next_dagrun for example_params_trigger_ui to None, run_after=None
[2026-09-19T23:29:03.728+0000] {processor.py:178} INFO - Processing /home/airflow/.local/lib/python3.7/site-packages/airflow/example_dags/example_params_trigger_ui.py took 0.486 seconds
[2026-09-19T23:29:34.562+0000] {processor.py:156} INFO - Started process (PID=16397) to work on /home/airflow/.local/lib/python3.7/site-packages/airflow/example_dags/example_params_trigger_ui.py
[2026-09-19T23:29:34.564+0000] {processor.py:799} INFO - Processing file /home/airflow/.local/lib/python3.7/site-packages/airflow/example_dags/example_params_trigger_ui.py for tasks to queue
[2026-09-19T23:29:34.565+0000] {logging_mixin.py:149} INFO - [2026-09-19T23:29:34.565+0000] {dagbag.py:541} INFO - Filling up the DagBag from /home/airflow/.local/lib/python3.7/site-packages/airflow/example_dags/example_params_trigger_ui.py
[2026-09-19T23:29:34.605+0000] {processor.py:809} INFO - DAG(s) dict_keys(['example_params_trigger_ui']) retrieved from /home/airflow/.local/lib/python3.7/site-packages/airflow/example_dags/example_params_trigger_ui.py
[2026-09-19T23:29:34.744+0000] {logging_mixin.py:149} INFO - [2026-09-19T23:29:34.744+0000] {dag.py:2726} INFO - Sync 1 DAGs
[2026-09-19T23:29:34.784+0000] {logging_mixin.py:149} INFO - [2026-09-19T23:29:34.784+0000] {dag.py:3490} INFO - Setting next_dagrun for example_params_trigger_ui to None, run_after=None
[2026-09-19T23:29:35.011+0000] {processor.py:178} INFO - Processing /home/airflow/.local/lib/python3.7/site-packages/airflow/example_dags/example_params_trigger_ui.py took 0.457 seconds
[2026-09-19T23:30:05.644+0000] {processor.py:156} INFO - Started process (PID=16453) to work on /home/airflow/.local/lib/python3.7/site-packages/airflow/example_dags/example_params_trigger_ui.py
[2026-09-19T23:30:05.646+0000] {processor.py:799} INFO - Processing file /home/airflow/.local/lib/python3.7/site-packages/airflow/example_dags/example_params_trigger_ui.py for tasks to queue
[2026-09-19T23:30:05.647+0000] {logging_mixin.py:149} INFO - [2026-09-19T23:30:05.647+0000] {dagbag.py:541} INFO - Filling up the DagBag from /home/airflow/.local/lib/python3.7/site-packages/airflow/example_dags/example_params_trigger_ui.py
[2026-09-19T23:30:05.703+0000] {processor.py:809} INFO - DAG(s) dict_keys(['example_params_trigger_ui']) retrieved from /home/airflow/.local/lib/python3.7/site-packages/airflow/example_dags/example_params_trigger_ui.py
[2026-09-19T23:30:06.105+0000] {logging_mixin.py:149} INFO - [2026-09-19T23:30:06.104+0000] {dag.py:2726} INFO - Sync 1 DAGs
[2026-09-19T23:30:06.152+0000] {logging_mixin.py:149} INFO - [2026-09-19T23:30:06.152+0000] {dag.py:3490} INFO - Setting next_dagrun for example_params_trigger_ui to None, run_after=None
[2026-09-19T23:30:06.194+0000] {processor.py:178} INFO - Processing /home/airflow/.local/lib/python3.7/site-packages/airflow/example_dags/example_params_trigger_ui.py took 0.557 seconds
[2026-09-19T23:30:36.325+0000] {processor.py:156} INFO - Started process (PID=16509) to work on /home/airflow/.local/lib/python3.7/site-packages/airflow/example_dags/example_params_trigger_ui.py
[2026-09-19T23:30:36.327+0000] {processor.py:799} INFO - Processing file /home/airflow/.local/lib/python3.7/site-packages/airflow/example_dags/example_params_trigger_ui.py for tasks to queue
[2026-09-19T23:30:36.328+0000] {logging_mixin.py:149} INFO - [2026-09-19T23:30:36.328+0000] {dagbag.py:541} INFO - Filling up the DagBag from /home/airflow/.local/lib/python3.7/site-packages/airflow/example_dags/example_params_trigger_ui.py
[2026-09-19T23:30:36.363+0000] {processor.py:809} INFO - DAG(s) dict_keys(['example_params_trigger_ui']) retrieved from /home/airflow/.local/lib/python3.7/site-packages/airflow/example_dags/example_params_trigger_ui.py
[2026-09-19T23:30:36.511+0000] {logging_mixin.py:149} INFO - [2026-09-19T23:30:36.511+0000] {dag.py:2726} INFO - Sync 1 DAGs
[2026-09-19T23:30:36.756+0000] {logging_mixin.py:149} INFO - [2026-09-19T23:30:36.756+0000] {dag.py:3490} INFO - Setting next_dagrun for example_params_trigger_ui to None, run_after=None
[2026-09-19T23:30:36.809+0000] {processor.py:178} INFO - Processing /home/airflow/.local/lib/python3.7/site-packages/airflow/example_dags/example_params_trigger_ui.py took 0.495 seconds
[2026-09-19T23:31:07.150+0000] {processor.py:156} INFO - Started process (PID=16565) to work on /home/airflow/.local/lib/python3.7/site-packages/airflow/example_dags/example_params_trigger_ui.py
[2026-09-19T23:31:07.153+0000] {processor.py:799} INFO - Processing file /home/airflow/.local/lib/python3.7/site-packages/airflow/example_dags/example_params_trigger_ui.py for tasks to queue
[2026-09-19T23:31:07.154+0000] {logging_mixin.py:149} INFO - [2026-09-19T23:31:07.154+0000] {dagbag.py:541} INFO - Filling up the DagBag from /home/airflow/.local/lib/python3.7/site-packages/airflow/example_dags/example_params_trigger_ui.py
[2026-09-19T23:31:07.194+0000] {processor.py:809} INFO - DAG(s) dict_keys(['example_params_trigger_ui']) retrieved from /home/airflow/.local/lib/python3.7/site-packages/airflow/example_dags/example_params_trigger_ui.py
[2026-09-19T23:31:07.523+0000] {logging_mixin.py:149} INFO - [2026-09-19T23:31:07.523+0000] {dag.py:2726} INFO - Sync 1 DAGs
[2026-09-19T23:31:07.560+0000] {logging_mixin.py:149} INFO - [2026-09-19T23:31:07.559+0000] {dag.py:3490} INFO - Setting next_dagrun for example_params_trigger_ui to None, run_after=None
[2026-09-19T23:31:07.588+0000] {processor.py:178} INFO - Processing /home/airflow/.local/lib/python3.7/site-packages/airflow/example_dags/example_params_trigger_ui.py took 0.445 seconds
[2026-09-19T23:31:38.694+0000] {processor.py:156} INFO - Started process (PID=16621) to work on /home/airflow/.local/lib/python3.7/site-packages/airflow/example_dags/example_params_trigger_ui.py
[2026-09-19T23:31:38.696+0000] {processor.py:799} INFO - Processing file /home/airflow/.local/lib/python3.7/site-packages/airflow/example_dags/example_params_trigger_ui.py for tasks to queue
[2026-09-19T23:31:38.697+0000] {logging_mixin.py:149} INFO - [2026-09-19T23:31:38.697+0000] {dagbag.py:541} INFO - Filling up the DagBag from /home/airflow/.local/lib/python3.7/site-packages/airflow/example_dags/example_params_trigger_ui.py
[2026-09-19T23:31:38.736+0000] {processor.py:809} INFO - DAG(s) dict_keys(['example_params_trigger_ui']) retrieved from /home/airflow/.local/lib/python3.7/site-packages/airflow/example_dags/example_params_trigger_ui.py
[2026-09-19T23:31:39.065+0000] {logging_mixin.py:149} INFO - [2026-09-19T23:31:39.065+0000] {dag.py:2726} INFO - Sync 1 DAGs
[2026-09-19T23:31:39.102+0000] {logging_mixin.py:149} INFO - [2026-09-19T23:31:39.102+0000] {dag.py:3490} INFO - Setting next_dagrun for example_params_trigger_ui to None, run_after=None
[2026-09-19T23:31:39.130+0000] {processor.py:178} INFO - Processing /home/airflow/.local/lib/python3.7/site-packages/airflow/example_dags/example_params_trigger_ui.py took 0.443 seconds
[2026-09-19T23:32:09.380+0000] {processor.py:156} INFO - Started process (PID=16677) to work on /home/airflow/.local/lib/python3.7/site-packages/airflow/example_dags/example_params_trigger_ui.py
[2026-09-19T23:32:09.383+0000] {processor.py:799} INFO - Processing file /home/airflow/.local/lib/python3.7/site-packages/airflow/example_dags/example_params_trigger_ui.py for tasks to queue
[2026-09-19T23:32:09.384+0000] {logging_mixin.py:149} INFO - [2026-09-19T23:32:09.384+0000] {dagbag.py:541} INFO - Filling up the DagBag from /home/airflow/.local/lib/python3.7/site-packages/airflow/example_dags/example_params_trigger_ui.py
[2026-09-19T23:32:09.421+0000] {processor.py:809} INFO - DAG(s) dict_keys(['example_params_trigger_ui']) retrieved from /home/airflow/.local/lib/python3.7/site-packages/airflow/example_dags/example_params_trigger_ui.py
[2026-09-19T23:32:09.593+0000] {logging_mixin.py:149} INFO - [2026-09-19T23:32:09.593+0000] {dag.py:2726} INFO - Sync 1 DAGs
[2026-09-19T23:32:09.636+0000] {logging_mixin.py:149} INFO - [2026-09-19T23:32:09.636+0000] {dag.py:3490} INFO - Setting next_dagrun for example_params_trigger_ui to None, run_after=None
[2026-09-19T23:32:09.671+0000] {processor.py:178} INFO - Processing /home/airflow/.local/lib/python3.7/site-packages/airflow/example_dags/example_params_trigger_ui.py took 0.297 seconds
[2026-09-19T23:32:40.464+0000] {processor.py:156} INFO - Started process (PID=16733) to work on /home/airflow/.local/lib/python3.7/site-packages/airflow/example_dags/example_params_trigger_ui.py
[2026-09-19T23:32:40.466+0000] {processor.py:799} INFO - Processing file /home/airflow/.local/lib/python3.7/site-packages/airflow/example_dags/example_params_trigger_ui.py for tasks to queue
[2026-09-19T23:32:40.467+0000] {logging_mixin.py:149} INFO - [2026-09-19T23:32:40.467+0000] {dagbag.py:541} INFO - Filling up the DagBag from /home/airflow/.local/lib/python3.7/site-packages/airflow/example_dags/example_params_trigger_ui.py
[2026-09-19T23:32:40.510+0000] {processor.py:809} INFO - DAG(s) dict_keys(['example_params_trigger_ui']) retrieved from /home/airflow/.local/lib/python3.7/site-packages/airflow/example_dags/example_params_trigger_ui.py
[2026-09-19T23:32:40.669+0000] {logging_mixin.py:149} INFO - [2026-09-19T23:32:40.668+0000] {dag.py:2726} INFO - Sync 1 DAGs
[2026-09-19T23:32:40.714+0000] {logging_mixin.py:149} INFO - [2026-09-19T23:32:40.714+0000] {dag.py:3490} INFO - Setting next_dagrun for example_params_trigger_ui to None, run_after=None
[2026-09-19T23:32:40.754+0000] {processor.py:178} INFO - Processing /home/airflow/.local/lib/python3.7/site-packages/airflow/example_dags/example_params_trigger_ui.py took 0.298 seconds
[2026-09-19T23:33:11.275+0000] {processor.py:156} INFO - Started process (PID=16789) to work on /home/airflow/.local/lib/python3.7/site-packages/airflow/example_dags/example_params_trigger_ui.py
[2026-09-19T23:33:11.276+0000] {processor.py:799} INFO - Processing file /home/airflow/.local/lib/python3.7/site-packages/airflow/example_dags/example_params_trigger_ui.py for tasks to queue
[2026-09-19T23:33:11.279+0000] {logging_mixin.py:149} INFO - [2026-09-19T23:33:11.278+0000] {dagbag.py:541} INFO - Filling up the DagBag from /home/airflow/.local/lib/python3.7/site-packages/airflow/example_dags/example_params_trigger_ui.py
[2026-09-19T23:33:11.315+0000] {processor.py:809} INFO - DAG(s) dict_keys(['example_params_trigger_ui']) retrieved from /home/airflow/.local/lib/python3.7/site-packages/airflow/example_dags/example_params_trigger_ui.py
[2026-09-19T23:33:11.460+0000] {logging_mixin.py:149} INFO - [2026-09-19T23:33:11.459+0000] {dag.py:2726} INFO - Sync 1 DAGs
[2026-09-19T23:33:11.501+0000] {logging_mixin.py:149} INFO - [2026-09-19T23:33:11.501+0000] {dag.py:3490} INFO - Setting next_dagrun for example_params_trigger_ui to None, run_after=None
[2026-09-19T23:33:11.533+0000] {processor.py:178} INFO - Processing /home/airflow/.local/lib/python3.7/site-packages/airflow/example_dags/example_params_trigger_ui.py took 0.270 seconds
[2026-09-19T23:33:42.590+0000] {processor.py:156} INFO - Started process (PID=16845) to work on /home/airflow/.local/lib/python3.7/site-packages/airflow/example_dags/example_params_trigger_ui.py
[2026-09-19T23:33:42.592+0000] {processor.py:799} INFO - Processing file /home/airflow/.local/lib/python3.7/site-packages/airflow/example_dags/example_params_trigger_ui.py for tasks to queue
[2026-09-19T23:33:42.593+0000] {logging_mixin.py:149} INFO - [2026-09-19T23:33:42.593+0000] {dagbag.py:541} INFO - Filling up the DagBag from /home/airflow/.local/lib/python3.7/site-packages/airflow/example_dags/example_params_trigger_ui.py
[2026-09-19T23:33:42.636+0000] {processor.py:809} INFO - DAG(s) dict_keys(['example_params_trigger_ui']) retrieved from /home/airflow/.local/lib/python3.7/site-packages/airflow/example_dags/example_params_trigger_ui.py
[2026-09-19T23:33:42.790+0000] {logging_mixin.py:149} INFO - [2026-09-19T23:33:42.789+0000] {dag.py:2726} INFO - Sync 1 DAGs
[2026-09-19T23:33:42.841+0000] {logging_mixin.py:149} INFO - [2026-09-19T23:33:42.841+0000] {dag.py:3490} INFO - Setting next_dagrun for example_params_trigger_ui to None, run_after=None
[2026-09-19T23:33:42.878+0000] {processor.py:178} INFO - Processing /home/airflow/.local/lib/python3.7/site-packages/airflow/example_dags/example_params_trigger_ui.py took 0.295 seconds
[2026-09-19T23:34:13.074+0000] {processor.py:156} INFO - Started process (PID=16901) to work on /home/airflow/.local/lib/python3.7/site-packages/airflow/example_dags/example_params_trigger_ui.py
[2026-09-19T23:34:13.076+0000] {processor.py:799} INFO - Processing file /home/airflow/.local/lib/python3.7/site-packages/airflow/example_dags/example_params_trigger_ui.py for tasks to queue
[2026-09-19T23:34:13.077+0000] {logging_mixin.py:149} INFO - [2026-09-19T23:34:13.077+0000] {dagbag.py:541} INFO - Filling up the DagBag from /home/airflow/.local/lib/python3.7/site-packages/airflow/example_dags/example_params_trigger_ui.py
[2026-09-19T23:34:13.120+0000] {processor.py:809} INFO - DAG(s) dict_keys(['example_params_trigger_ui']) retrieved from /home/airflow/.local/lib/python3.7/site-packages/airflow/example_dags/example_params_trigger_ui.py
[2026-09-19T23:34:13.269+0000] {logging_mixin.py:149} INFO - [2026-09-19T23:34:13.269+0000] {dag.py:2726} INFO - Sync 1 DAGs
[2026-09-19T23:34:13.313+0000] {logging_mixin.py:149} INFO - [2026-09-19T23:34:13.312+0000] {dag.py:3490} INFO - Setting next_dagrun for example_params_trigger_ui to None, run_after=None
[2026-09-19T23:34:13.343+0000] {processor.py:178} INFO - Processing /home/airflow/.local/lib/python3.7/site-packages/airflow/example_dags/example_params_trigger_ui.py took 0.277 seconds
[2026-09-19T23:34:43.878+0000] {processor.py:156} INFO - Started process (PID=16965) to work on /home/airflow/.local/lib/python3.7/site-packages/airflow/example_dags/example_params_trigger_ui.py
[2026-09-19T23:34:43.881+0000] {processor.py:799} INFO - Processing file /home/airflow/.local/lib/python3.7/site-packages/airflow/example_dags/example_params_trigger_ui.py for tasks to queue
[2026-09-19T23:34:43.882+0000] {logging_mixin.py:149} INFO - [2026-09-19T23:34:43.882+0000] {dagbag.py:541} INFO - Filling up the DagBag from /home/airflow/.local/lib/python3.7/site-packages/airflow/example_dags/example_params_trigger_ui.py
[2026-09-19T23:34:43.924+0000] {processor.py:809} INFO - DAG(s) dict_keys(['example_params_trigger_ui']) retrieved from /home/airflow/.local/lib/python3.7/site-packages/airflow/example_dags/example_params_trigger_ui.py
[2026-09-19T23:34:44.073+0000] {logging_mixin.py:149} INFO - [2026-09-19T23:34:44.073+0000] {dag.py:2726} INFO - Sync 1 DAGs
[2026-09-19T23:34:44.115+0000] {logging_mixin.py:149} INFO - [2026-09-19T23:34:44.115+0000] {dag.py:3490} INFO - Setting next_dagrun for example_params_trigger_ui to None, run_after=None
[2026-09-19T23:34:44.146+0000] {processor.py:178} INFO - Processing /home/airflow/.local/lib/python3.7/site-packages/airflow/example_dags/example_params_trigger_ui.py took 0.274 seconds
[2026-09-19T23:35:14.942+0000] {processor.py:156} INFO - Started process (PID=17021) to work on /home/airflow/.local/lib/python3.7/site-packages/airflow/example_dags/example_params_trigger_ui.py
[2026-09-19T23:35:14.944+0000] {processor.py:799} INFO - Processing file /home/airflow/.local/lib/python3.7/site-packages/airflow/example_dags/example_params_trigger_ui.py for tasks to queue
[2026-09-19T23:35:14.945+0000] {logging_mixin.py:149} INFO - [2026-09-19T23:35:14.945+0000] {dagbag.py:541} INFO - Filling up the DagBag from /home/airflow/.local/lib/python3.7/site-packages/airflow/example_dags/example_params_trigger_ui.py
[2026-09-19T23:35:14.988+0000] {processor.py:809} INFO - DAG(s) dict_keys(['example_params_trigger_ui']) retrieved from /home/airflow/.local/lib/python3.7/site-packages/airflow/example_dags/example_params_trigger_ui.py
[2026-09-19T23:35:15.140+0000] {logging_mixin.py:149} INFO - [2026-09-19T23:35:15.139+0000] {dag.py:2726} INFO - Sync 1 DAGs
[2026-09-19T23:35:15.188+0000] {logging_mixin.py:149} INFO - [2026-09-19T23:35:15.188+0000] {dag.py:3490} INFO - Setting next_dagrun for example_params_trigger_ui to None, run_after=None
[2026-09-19T23:35:15.222+0000] {processor.py:178} INFO - Processing /home/airflow/.local/lib/python3.7/site-packages/airflow/example_dags/example_params_trigger_ui.py took 0.288 seconds
[2026-09-19T23:35:45.687+0000] {processor.py:156} INFO - Started process (PID=17076) to work on /home/airflow/.local/lib/python3.7/site-packages/airflow/example_dags/example_params_trigger_ui.py
[2026-09-19T23:35:45.689+0000] {processor.py:799} INFO - Processing file /home/airflow/.local/lib/python3.7/site-packages/airflow/example_dags/example_params_trigger_ui.py for tasks to queue
[2026-09-19T23:35:45.691+0000] {logging_mixin.py:149} INFO - [2026-09-19T23:35:45.690+0000] {dagbag.py:541} INFO - Filling up the DagBag from /home/airflow/.local/lib/python3.7/site-packages/airflow/example_dags/example_params_trigger_ui.py
[2026-09-19T23:35:45.731+0000] {processor.py:809} INFO - DAG(s) dict_keys(['example_params_trigger_ui']) retrieved from /home/airflow/.local/lib/python3.7/site-packages/airflow/example_dags/example_params_trigger_ui.py
[2026-09-19T23:35:45.889+0000] {logging_mixin.py:149} INFO - [2026-09-19T23:35:45.889+0000] {dag.py:2726} INFO - Sync 1 DAGs
[2026-09-19T23:35:45.936+0000] {logging_mixin.py:149} INFO - [2026-09-19T23:35:45.935+0000] {dag.py:3490} INFO - Setting next_dagrun for example_params_trigger_ui to None, run_after=None
[2026-09-19T23:35:45.970+0000] {processor.py:178} INFO - Processing /home/airflow/.local/lib/python3.7/site-packages/airflow/example_dags/example_params_trigger_ui.py took 0.294 seconds
[2026-09-19T23:36:16.643+0000] {processor.py:156} INFO - Started process (PID=17132) to work on /home/airflow/.local/lib/python3.7/site-packages/airflow/example_dags/example_params_trigger_ui.py
[2026-09-19T23:36:16.645+0000] {processor.py:799} INFO - Processing file /home/airflow/.local/lib/python3.7/site-packages/airflow/example_dags/example_params_trigger_ui.py for tasks to queue
[2026-09-19T23:36:16.646+0000] {logging_mixin.py:149} INFO - [2026-09-19T23:36:16.646+0000] {dagbag.py:541} INFO - Filling up the DagBag from /home/airflow/.local/lib/python3.7/site-packages/airflow/example_dags/example_params_trigger_ui.py
[2026-09-19T23:36:16.690+0000] {processor.py:809} INFO - DAG(s) dict_keys(['example_params_trigger_ui']) retrieved from /home/airflow/.local/lib/python3.7/site-packages/airflow/example_dags/example_params_trigger_ui.py
[2026-09-19T23:36:16.862+0000] {logging_mixin.py:149} INFO - [2026-09-19T23:36:16.862+0000] {dag.py:2726} INFO - Sync 1 DAGs
[2026-09-19T23:36:16.907+0000] {logging_mixin.py:149} INFO - [2026-09-19T23:36:16.906+0000] {dag.py:3490} INFO - Setting next_dagrun for example_params_trigger_ui to None, run_after=None
[2026-09-19T23:36:16.940+0000] {processor.py:178} INFO - Processing /home/airflow/.local/lib/python3.7/site-packages/airflow/example_dags/example_params_trigger_ui.py took 0.305 seconds
[2026-09-19T23:36:47.388+0000] {processor.py:156} INFO - Started process (PID=17188) to work on /home/airflow/.local/lib/python3.7/site-packages/airflow/example_dags/example_params_trigger_ui.py
[2026-09-19T23:36:47.390+0000] {processor.py:799} INFO - Processing file /home/airflow/.local/lib/python3.7/site-packages/airflow/example_dags/example_params_trigger_ui.py for tasks to queue
[2026-09-19T23:36:47.391+0000] {logging_mixin.py:149} INFO - [2026-09-19T23:36:47.391+0000] {dagbag.py:541} INFO - Filling up the DagBag from /home/airflow/.local/lib/python3.7/site-packages/airflow/example_dags/example_params_trigger_ui.py
[2026-09-19T23:36:47.432+0000] {processor.py:809} INFO - DAG(s) dict_keys(['example_params_trigger_ui']) retrieved from /home/airflow/.local/lib/python3.7/site-packages/airflow/example_dags/example_params_trigger_ui.py
[2026-09-19T23:36:47.598+0000] {logging_mixin.py:149} INFO - [2026-09-19T23:36:47.598+0000] {dag.py:2726} INFO - Sync 1 DAGs
[2026-09-19T23:36:47.646+0000] {logging_mixin.py:149} INFO - [2026-09-19T23:36:47.646+0000] {dag.py:3490} INFO - Setting next_dagrun for example_params_trigger_ui to None, run_after=None
[2026-09-19T23:36:47.683+0000] {processor.py:178} INFO - Processing /home/airflow/.local/lib/python3.7/site-packages/airflow/example_dags/example_params_trigger_ui.py took 0.302 seconds
[2026-09-19T23:37:18.466+0000] {processor.py:156} INFO - Started process (PID=17244) to work on /home/airflow/.local/lib/python3.7/site-packages/airflow/example_dags/example_params_trigger_ui.py
[2026-09-19T23:37:18.469+0000] {processor.py:799} INFO - Processing file /home/airflow/.local/lib/python3.7/site-packages/airflow/example_dags/example_params_trigger_ui.py for tasks to queue
[2026-09-19T23:37:18.470+0000] {logging_mixin.py:149} INFO - [2026-09-19T23:37:18.470+0000] {dagbag.py:541} INFO - Filling up the DagBag from /home/airflow/.local/lib/python3.7/site-packages/airflow/example_dags/example_params_trigger_ui.py
[2026-09-19T23:37:18.509+0000] {processor.py:809} INFO - DAG(s) dict_keys(['example_params_trigger_ui']) retrieved from /home/airflow/.local/lib/python3.7/site-packages/airflow/example_dags/example_params_trigger_ui.py
[2026-09-19T23:37:18.661+0000] {logging_mixin.py:149} INFO - [2026-09-19T23:37:18.661+0000] {dag.py:2726} INFO - Sync 1 DAGs
[2026-09-19T23:37:18.704+0000] {logging_mixin.py:149} INFO - [2026-09-19T23:37:18.704+0000] {dag.py:3490} INFO - Setting next_dagrun for example_params_trigger_ui to None, run_after=None
[2026-09-19T23:37:18.734+0000] {processor.py:178} INFO - Processing /home/airflow/.local/lib/python3.7/site-packages/airflow/example_dags/example_params_trigger_ui.py took 0.276 seconds
[2026-09-19T23:37:49.192+0000] {processor.py:156} INFO - Started process (PID=17300) to work on /home/airflow/.local/lib/python3.7/site-packages/airflow/example_dags/example_params_trigger_ui.py
[2026-09-19T23:37:49.195+0000] {processor.py:799} INFO - Processing file /home/airflow/.local/lib/python3.7/site-packages/airflow/example_dags/example_params_trigger_ui.py for tasks to queue
[2026-09-19T23:37:49.196+0000] {logging_mixin.py:149} INFO - [2026-09-19T23:37:49.196+0000] {dagbag.py:541} INFO - Filling up the DagBag from /home/airflow/.local/lib/python3.7/site-packages/airflow/example_dags/example_params_trigger_ui.py
[2026-09-19T23:37:49.238+0000] {processor.py:809} INFO - DAG(s) dict_keys(['example_params_trigger_ui']) retrieved from /home/airflow/.local/lib/python3.7/site-packages/airflow/example_dags/example_params_trigger_ui.py
[2026-09-19T23:37:49.399+0000] {logging_mixin.py:149} INFO - [2026-09-19T23:37:49.399+0000] {dag.py:2726} INFO - Sync 1 DAGs
[2026-09-19T23:37:49.451+0000] {logging_mixin.py:149} INFO - [2026-09-19T23:37:49.451+0000] {dag.py:3490} INFO - Setting next_dagrun for example_params_trigger_ui to None, run_after=None
[2026-09-19T23:37:49.490+0000] {processor.py:178} INFO - Processing /home/airflow/.local/lib/python3.7/site-packages/airflow/example_dags/example_params_trigger_ui.py took 0.305 seconds
[2026-09-19T23:38:19.818+0000] {processor.py:156} INFO - Started process (PID=17356) to work on /home/airflow/.local/lib/python3.7/site-packages/airflow/example_dags/example_params_trigger_ui.py
[2026-09-19T23:38:19.822+0000] {processor.py:799} INFO - Processing file /home/airflow/.local/lib/python3.7/site-packages/airflow/example_dags/example_params_trigger_ui.py for tasks to queue
[2026-09-19T23:38:19.824+0000] {logging_mixin.py:149} INFO - [2026-09-19T23:38:19.824+0000] {dagbag.py:541} INFO - Filling up the DagBag from /home/airflow/.local/lib/python3.7/site-packages/airflow/example_dags/example_params_trigger_ui.py
[2026-09-19T23:38:19.865+0000] {processor.py:809} INFO - DAG(s) dict_keys(['example_params_trigger_ui']) retrieved from /home/airflow/.local/lib/python3.7/site-packages/airflow/example_dags/example_params_trigger_ui.py
[2026-09-19T23:38:20.024+0000] {logging_mixin.py:149} INFO - [2026-09-19T23:38:20.023+0000] {dag.py:2726} INFO - Sync 1 DAGs
[2026-09-19T23:38:20.074+0000] {logging_mixin.py:149} INFO - [2026-09-19T23:38:20.074+0000] {dag.py:3490} INFO - Setting next_dagrun for example_params_trigger_ui to None, run_after=None
[2026-09-19T23:38:20.104+0000] {processor.py:178} INFO - Processing /home/airflow/.local/lib/python3.7/site-packages/airflow/example_dags/example_params_trigger_ui.py took 0.295 seconds
[2026-09-19T23:38:50.561+0000] {processor.py:156} INFO - Started process (PID=17412) to work on /home/airflow/.local/lib/python3.7/site-packages/airflow/example_dags/example_params_trigger_ui.py
[2026-09-19T23:38:50.565+0000] {processor.py:799} INFO - Processing file /home/airflow/.local/lib/python3.7/site-packages/airflow/example_dags/example_params_trigger_ui.py for tasks to queue
[2026-09-19T23:38:50.567+0000] {logging_mixin.py:149} INFO - [2026-09-19T23:38:50.566+0000] {dagbag.py:541} INFO - Filling up the DagBag from /home/airflow/.local/lib/python3.7/site-packages/airflow/example_dags/example_params_trigger_ui.py
[2026-09-19T23:38:50.616+0000] {processor.py:809} INFO - DAG(s) dict_keys(['example_params_trigger_ui']) retrieved from /home/airflow/.local/lib/python3.7/site-packages/airflow/example_dags/example_params_trigger_ui.py
[2026-09-19T23:38:50.769+0000] {logging_mixin.py:149} INFO - [2026-09-19T23:38:50.769+0000] {dag.py:2726} INFO - Sync 1 DAGs
[2026-09-19T23:38:50.814+0000] {logging_mixin.py:149} INFO - [2026-09-19T23:38:50.814+0000] {dag.py:3490} INFO - Setting next_dagrun for example_params_trigger_ui to None, run_after=None
[2026-09-19T23:38:50.845+0000] {processor.py:178} INFO - Processing /home/airflow/.local/lib/python3.7/site-packages/airflow/example_dags/example_params_trigger_ui.py took 0.297 seconds
[2026-09-19T23:39:21.635+0000] {processor.py:156} INFO - Started process (PID=17467) to work on /home/airflow/.local/lib/python3.7/site-packages/airflow/example_dags/example_params_trigger_ui.py
[2026-09-19T23:39:21.637+0000] {processor.py:799} INFO - Processing file /home/airflow/.local/lib/python3.7/site-packages/airflow/example_dags/example_params_trigger_ui.py for tasks to queue
[2026-09-19T23:39:21.638+0000] {logging_mixin.py:149} INFO - [2026-09-19T23:39:21.638+0000] {dagbag.py:541} INFO - Filling up the DagBag from /home/airflow/.local/lib/python3.7/site-packages/airflow/example_dags/example_params_trigger_ui.py
[2026-09-19T23:39:21.680+0000] {processor.py:809} INFO - DAG(s) dict_keys(['example_params_trigger_ui']) retrieved from /home/airflow/.local/lib/python3.7/site-packages/airflow/example_dags/example_params_trigger_ui.py
[2026-09-19T23:39:21.822+0000] {logging_mixin.py:149} INFO - [2026-09-19T23:39:21.821+0000] {dag.py:2726} INFO - Sync 1 DAGs
[2026-09-19T23:39:21.864+0000] {logging_mixin.py:149} INFO - [2026-09-19T23:39:21.864+0000] {dag.py:3490} INFO - Setting next_dagrun for example_params_trigger_ui to None, run_after=None
[2026-09-19T23:39:21.893+0000] {processor.py:178} INFO - Processing /home/airflow/.local/lib/python3.7/site-packages/airflow/example_dags/example_params_trigger_ui.py took 0.263 seconds
[2026-09-19T23:39:52.320+0000] {processor.py:156} INFO - Started process (PID=17523) to work on /home/airflow/.local/lib/python3.7/site-packages/airflow/example_dags/example_params_trigger_ui.py
[2026-09-19T23:39:52.322+0000] {processor.py:799} INFO - Processing file /home/airflow/.local/lib/python3.7/site-packages/airflow/example_dags/example_params_trigger_ui.py for tasks to queue
[2026-09-19T23:39:52.323+0000] {logging_mixin.py:149} INFO - [2026-09-19T23:39:52.323+0000] {dagbag.py:541} INFO - Filling up the DagBag from /home/airflow/.local/lib/python3.7/site-packages/airflow/example_dags/example_params_trigger_ui.py
[2026-09-19T23:39:52.363+0000] {processor.py:809} INFO - DAG(s) dict_keys(['example_params_trigger_ui']) retrieved from /home/airflow/.local/lib/python3.7/site-packages/airflow/example_dags/example_params_trigger_ui.py
[2026-09-19T23:39:52.506+0000] {logging_mixin.py:149} INFO - [2026-09-19T23:39:52.505+0000] {dag.py:2726} INFO - Sync 1 DAGs
[2026-09-19T23:39:52.550+0000] {logging_mixin.py:149} INFO - [2026-09-19T23:39:52.549+0000] {dag.py:3490} INFO - Setting next_dagrun for example_params_trigger_ui to None, run_after=None
[2026-09-19T23:39:52.589+0000] {processor.py:178} INFO - Processing /home/airflow/.local/lib/python3.7/site-packages/airflow/example_dags/example_params_trigger_ui.py took 0.275 seconds
[2026-09-19T23:40:23.199+0000] {processor.py:156} INFO - Started process (PID=17579) to work on /home/airflow/.local/lib/python3.7/site-packages/airflow/example_dags/example_params_trigger_ui.py
[2026-09-19T23:40:23.201+0000] {processor.py:799} INFO - Processing file /home/airflow/.local/lib/python3.7/site-packages/airflow/example_dags/example_params_trigger_ui.py for tasks to queue
[2026-09-19T23:40:23.202+0000] {logging_mixin.py:149} INFO - [2026-09-19T23:40:23.201+0000] {dagbag.py:541} INFO - Filling up the DagBag from /home/airflow/.local/lib/python3.7/site-packages/airflow/example_dags/example_params_trigger_ui.py
[2026-09-19T23:40:23.238+0000] {processor.py:809} INFO - DAG(s) dict_keys(['example_params_trigger_ui']) retrieved from /home/airflow/.local/lib/python3.7/site-packages/airflow/example_dags/example_params_trigger_ui.py
[2026-09-19T23:40:23.381+0000] {logging_mixin.py:149} INFO - [2026-09-19T23:40:23.381+0000] {dag.py:2726} INFO - Sync 1 DAGs
[2026-09-19T23:40:23.428+0000] {logging_mixin.py:149} INFO - [2026-09-19T23:40:23.428+0000] {dag.py:3490} INFO - Setting next_dagrun for example_params_trigger_ui to None, run_after=None
[2026-09-19T23:40:23.462+0000] {processor.py:178} INFO - Processing /home/airflow/.local/lib/python3.7/site-packages/airflow/example_dags/example_params_trigger_ui.py took 0.269 seconds
[2026-09-19T23:40:53.951+0000] {processor.py:156} INFO - Started process (PID=17635) to work on /home/airflow/.local/lib/python3.7/site-packages/airflow/example_dags/example_params_trigger_ui.py
[2026-09-19T23:40:53.954+0000] {processor.py:799} INFO - Processing file /home/airflow/.local/lib/python3.7/site-packages/airflow/example_dags/example_params_trigger_ui.py for tasks to queue
[2026-09-19T23:40:53.955+0000] {logging_mixin.py:149} INFO - [2026-09-19T23:40:53.955+0000] {dagbag.py:541} INFO - Filling up the DagBag from /home/airflow/.local/lib/python3.7/site-packages/airflow/example_dags/example_params_trigger_ui.py
[2026-09-19T23:40:54.016+0000] {processor.py:809} INFO - DAG(s) dict_keys(['example_params_trigger_ui']) retrieved from /home/airflow/.local/lib/python3.7/site-packages/airflow/example_dags/example_params_trigger_ui.py
[2026-09-19T23:40:54.167+0000] {logging_mixin.py:149} INFO - [2026-09-19T23:40:54.167+0000] {dag.py:2726} INFO - Sync 1 DAGs
[2026-09-19T23:40:54.218+0000] {logging_mixin.py:149} INFO - [2026-09-19T23:40:54.218+0000] {dag.py:3490} INFO - Setting next_dagrun for example_params_trigger_ui to None, run_after=None
[2026-09-19T23:40:54.252+0000] {processor.py:178} INFO - Processing /home/airflow/.local/lib/python3.7/site-packages/airflow/example_dags/example_params_trigger_ui.py took 0.308 seconds
[2026-09-19T23:41:24.732+0000] {processor.py:156} INFO - Started process (PID=17691) to work on /home/airflow/.local/lib/python3.7/site-packages/airflow/example_dags/example_params_trigger_ui.py
[2026-09-19T23:41:24.735+0000] {processor.py:799} INFO - Processing file /home/airflow/.local/lib/python3.7/site-packages/airflow/example_dags/example_params_trigger_ui.py for tasks to queue
[2026-09-19T23:41:24.737+0000] {logging_mixin.py:149} INFO - [2026-09-19T23:41:24.737+0000] {dagbag.py:541} INFO - Filling up the DagBag from /home/airflow/.local/lib/python3.7/site-packages/airflow/example_dags/example_params_trigger_ui.py
[2026-09-19T23:41:24.836+0000] {processor.py:809} INFO - DAG(s) dict_keys(['example_params_trigger_ui']) retrieved from /home/airflow/.local/lib/python3.7/site-packages/airflow/example_dags/example_params_trigger_ui.py
[2026-09-19T23:41:24.988+0000] {logging_mixin.py:149} INFO - [2026-09-19T23:41:24.987+0000] {dag.py:2726} INFO - Sync 1 DAGs
[2026-09-19T23:41:25.031+0000] {logging_mixin.py:149} INFO - [2026-09-19T23:41:25.031+0000] {dag.py:3490} INFO - Setting next_dagrun for example_params_trigger_ui to None, run_after=None
[2026-09-19T23:41:25.073+0000] {processor.py:178} INFO - Processing /home/airflow/.local/lib/python3.7/site-packages/airflow/example_dags/example_params_trigger_ui.py took 0.354 seconds
[2026-09-19T23:41:55.446+0000] {processor.py:156} INFO - Started process (PID=17746) to work on /home/airflow/.local/lib/python3.7/site-packages/airflow/example_dags/example_params_trigger_ui.py
[2026-09-19T23:41:55.448+0000] {processor.py:799} INFO - Processing file /home/airflow/.local/lib/python3.7/site-packages/airflow/example_dags/example_params_trigger_ui.py for tasks to queue
[2026-09-19T23:41:55.449+0000] {logging_mixin.py:149} INFO - [2026-09-19T23:41:55.449+0000] {dagbag.py:541} INFO - Filling up the DagBag from /home/airflow/.local/lib/python3.7/site-packages/airflow/example_dags/example_params_trigger_ui.py
[2026-09-19T23:41:55.487+0000] {processor.py:809} INFO - DAG(s) dict_keys(['example_params_trigger_ui']) retrieved from /home/airflow/.local/lib/python3.7/site-packages/airflow/example_dags/example_params_trigger_ui.py
[2026-09-19T23:41:55.632+0000] {logging_mixin.py:149} INFO - [2026-09-19T23:41:55.632+0000] {dag.py:2726} INFO - Sync 1 DAGs
[2026-09-19T23:41:55.681+0000] {logging_mixin.py:149} INFO - [2026-09-19T23:41:55.681+0000] {dag.py:3490} INFO - Setting next_dagrun for example_params_trigger_ui to None, run_after=None
[2026-09-19T23:41:55.712+0000] {processor.py:178} INFO - Processing /home/airflow/.local/lib/python3.7/site-packages/airflow/example_dags/example_params_trigger_ui.py took 0.273 seconds
[2026-09-19T23:42:26.701+0000] {processor.py:156} INFO - Started process (PID=17802) to work on /home/airflow/.local/lib/python3.7/site-packages/airflow/example_dags/example_params_trigger_ui.py
[2026-09-19T23:42:26.704+0000] {processor.py:799} INFO - Processing file /home/airflow/.local/lib/python3.7/site-packages/airflow/example_dags/example_params_trigger_ui.py for tasks to queue
[2026-09-19T23:42:26.705+0000] {logging_mixin.py:149} INFO - [2026-09-19T23:42:26.705+0000] {dagbag.py:541} INFO - Filling up the DagBag from /home/airflow/.local/lib/python3.7/site-packages/airflow/example_dags/example_params_trigger_ui.py
[2026-09-19T23:42:26.748+0000] {processor.py:809} INFO - DAG(s) dict_keys(['example_params_trigger_ui']) retrieved from /home/airflow/.local/lib/python3.7/site-packages/airflow/example_dags/example_params_trigger_ui.py
[2026-09-19T23:42:26.890+0000] {logging_mixin.py:149} INFO - [2026-09-19T23:42:26.890+0000] {dag.py:2726} INFO - Sync 1 DAGs
[2026-09-19T23:42:26.936+0000] {logging_mixin.py:149} INFO - [2026-09-19T23:42:26.936+0000] {dag.py:3490} INFO - Setting next_dagrun for example_params_trigger_ui to None, run_after=None
[2026-09-19T23:42:26.966+0000] {processor.py:178} INFO - Processing /home/airflow/.local/lib/python3.7/site-packages/airflow/example_dags/example_params_trigger_ui.py took 0.272 seconds
[2026-09-19T23:42:57.313+0000] {processor.py:156} INFO - Started process (PID=17858) to work on /home/airflow/.local/lib/python3.7/site-packages/airflow/example_dags/example_params_trigger_ui.py
[2026-09-19T23:42:57.316+0000] {processor.py:799} INFO - Processing file /home/airflow/.local/lib/python3.7/site-packages/airflow/example_dags/example_params_trigger_ui.py for tasks to queue
[2026-09-19T23:42:57.317+0000] {logging_mixin.py:149} INFO - [2026-09-19T23:42:57.316+0000] {dagbag.py:541} INFO - Filling up the DagBag from /home/airflow/.local/lib/python3.7/site-packages/airflow/example_dags/example_params_trigger_ui.py
[2026-09-19T23:42:57.356+0000] {processor.py:809} INFO - DAG(s) dict_keys(['example_params_trigger_ui']) retrieved from /home/airflow/.local/lib/python3.7/site-packages/airflow/example_dags/example_params_trigger_ui.py
[2026-09-19T23:42:57.506+0000] {logging_mixin.py:149} INFO - [2026-09-19T23:42:57.505+0000] {dag.py:2726} INFO - Sync 1 DAGs
[2026-09-19T23:42:57.548+0000] {logging_mixin.py:149} INFO - [2026-09-19T23:42:57.548+0000] {dag.py:3490} INFO - Setting next_dagrun for example_params_trigger_ui to None, run_after=None
[2026-09-19T23:42:57.581+0000] {processor.py:178} INFO - Processing /home/airflow/.local/lib/python3.7/site-packages/airflow/example_dags/example_params_trigger_ui.py took 0.275 seconds
[2026-09-19T23:43:28.034+0000] {processor.py:156} INFO - Started process (PID=17914) to work on /home/airflow/.local/lib/python3.7/site-packages/airflow/example_dags/example_params_trigger_ui.py
[2026-09-19T23:43:28.036+0000] {processor.py:799} INFO - Processing file /home/airflow/.local/lib/python3.7/site-packages/airflow/example_dags/example_params_trigger_ui.py for tasks to queue
[2026-09-19T23:43:28.038+0000] {logging_mixin.py:149} INFO - [2026-09-19T23:43:28.037+0000] {dagbag.py:541} INFO - Filling up the DagBag from /home/airflow/.local/lib/python3.7/site-packages/airflow/example_dags/example_params_trigger_ui.py
[2026-09-19T23:43:28.081+0000] {processor.py:809} INFO - DAG(s) dict_keys(['example_params_trigger_ui']) retrieved from /home/airflow/.local/lib/python3.7/site-packages/airflow/example_dags/example_params_trigger_ui.py
[2026-09-19T23:43:28.238+0000] {logging_mixin.py:149} INFO - [2026-09-19T23:43:28.237+0000] {dag.py:2726} INFO - Sync 1 DAGs
[2026-09-19T23:43:28.286+0000] {logging_mixin.py:149} INFO - [2026-09-19T23:43:28.286+0000] {dag.py:3490} INFO - Setting next_dagrun for example_params_trigger_ui to None, run_after=None
[2026-09-19T23:43:28.318+0000] {processor.py:178} INFO - Processing /home/airflow/.local/lib/python3.7/site-packages/airflow/example_dags/example_params_trigger_ui.py took 0.290 seconds
[2026-09-19T23:43:58.746+0000] {processor.py:156} INFO - Started process (PID=17970) to work on /home/airflow/.local/lib/python3.7/site-packages/airflow/example_dags/example_params_trigger_ui.py
[2026-09-19T23:43:58.748+0000] {processor.py:799} INFO - Processing file /home/airflow/.local/lib/python3.7/site-packages/airflow/example_dags/example_params_trigger_ui.py for tasks to queue
[2026-09-19T23:43:58.749+0000] {logging_mixin.py:149} INFO - [2026-09-19T23:43:58.749+0000] {dagbag.py:541} INFO - Filling up the DagBag from /home/airflow/.local/lib/python3.7/site-packages/airflow/example_dags/example_params_trigger_ui.py
[2026-09-19T23:43:58.792+0000] {processor.py:809} INFO - DAG(s) dict_keys(['example_params_trigger_ui']) retrieved from /home/airflow/.local/lib/python3.7/site-packages/airflow/example_dags/example_params_trigger_ui.py
[2026-09-19T23:43:58.936+0000] {logging_mixin.py:149} INFO - [2026-09-19T23:43:58.936+0000] {dag.py:2726} INFO - Sync 1 DAGs
[2026-09-19T23:43:58.979+0000] {logging_mixin.py:149} INFO - [2026-09-19T23:43:58.979+0000] {dag.py:3490} INFO - Setting next_dagrun for example_params_trigger_ui to None, run_after=None
[2026-09-19T23:43:59.012+0000] {processor.py:178} INFO - Processing /home/airflow/.local/lib/python3.7/site-packages/airflow/example_dags/example_params_trigger_ui.py took 0.273 seconds
[2026-09-19T23:44:29.448+0000] {processor.py:156} INFO - Started process (PID=18026) to work on /home/airflow/.local/lib/python3.7/site-packages/airflow/example_dags/example_params_trigger_ui.py
[2026-09-19T23:44:29.450+0000] {processor.py:799} INFO - Processing file /home/airflow/.local/lib/python3.7/site-packages/airflow/example_dags/example_params_trigger_ui.py for tasks to queue
[2026-09-19T23:44:29.451+0000] {logging_mixin.py:149} INFO - [2026-09-19T23:44:29.451+0000] {dagbag.py:541} INFO - Filling up the DagBag from /home/airflow/.local/lib/python3.7/site-packages/airflow/example_dags/example_params_trigger_ui.py
[2026-09-19T23:44:29.485+0000] {processor.py:809} INFO - DAG(s) dict_keys(['example_params_trigger_ui']) retrieved from /home/airflow/.local/lib/python3.7/site-packages/airflow/example_dags/example_params_trigger_ui.py
[2026-09-19T23:44:29.631+0000] {logging_mixin.py:149} INFO - [2026-09-19T23:44:29.631+0000] {dag.py:2726} INFO - Sync 1 DAGs
[2026-09-19T23:44:29.673+0000] {logging_mixin.py:149} INFO - [2026-09-19T23:44:29.673+0000] {dag.py:3490} INFO - Setting next_dagrun for example_params_trigger_ui to None, run_after=None
[2026-09-19T23:44:29.704+0000] {processor.py:178} INFO - Processing /home/airflow/.local/lib/python3.7/site-packages/airflow/example_dags/example_params_trigger_ui.py took 0.262 seconds
[2026-09-19T23:45:00.039+0000] {processor.py:156} INFO - Started process (PID=18083) to work on /home/airflow/.local/lib/python3.7/site-packages/airflow/example_dags/example_params_trigger_ui.py
[2026-09-19T23:45:00.041+0000] {processor.py:799} INFO - Processing file /home/airflow/.local/lib/python3.7/site-packages/airflow/example_dags/example_params_trigger_ui.py for tasks to queue
[2026-09-19T23:45:00.042+0000] {logging_mixin.py:149} INFO - [2026-09-19T23:45:00.042+0000] {dagbag.py:541} INFO - Filling up the DagBag from /home/airflow/.local/lib/python3.7/site-packages/airflow/example_dags/example_params_trigger_ui.py
[2026-09-19T23:45:00.084+0000] {processor.py:809} INFO - DAG(s) dict_keys(['example_params_trigger_ui']) retrieved from /home/airflow/.local/lib/python3.7/site-packages/airflow/example_dags/example_params_trigger_ui.py
[2026-09-19T23:45:00.272+0000] {logging_mixin.py:149} INFO - [2026-09-19T23:45:00.271+0000] {dag.py:2726} INFO - Sync 1 DAGs
[2026-09-19T23:45:00.342+0000] {logging_mixin.py:149} INFO - [2026-09-19T23:45:00.342+0000] {dag.py:3490} INFO - Setting next_dagrun for example_params_trigger_ui to None, run_after=None
[2026-09-19T23:45:00.386+0000] {processor.py:178} INFO - Processing /home/airflow/.local/lib/python3.7/site-packages/airflow/example_dags/example_params_trigger_ui.py took 0.354 seconds
[2026-09-19T23:45:31.030+0000] {processor.py:156} INFO - Started process (PID=18140) to work on /home/airflow/.local/lib/python3.7/site-packages/airflow/example_dags/example_params_trigger_ui.py
[2026-09-19T23:45:31.032+0000] {processor.py:799} INFO - Processing file /home/airflow/.local/lib/python3.7/site-packages/airflow/example_dags/example_params_trigger_ui.py for tasks to queue
[2026-09-19T23:45:31.034+0000] {logging_mixin.py:149} INFO - [2026-09-19T23:45:31.033+0000] {dagbag.py:541} INFO - Filling up the DagBag from /home/airflow/.local/lib/python3.7/site-packages/airflow/example_dags/example_params_trigger_ui.py
[2026-09-19T23:45:31.076+0000] {processor.py:809} INFO - DAG(s) dict_keys(['example_params_trigger_ui']) retrieved from /home/airflow/.local/lib/python3.7/site-packages/airflow/example_dags/example_params_trigger_ui.py
[2026-09-19T23:45:31.218+0000] {logging_mixin.py:149} INFO - [2026-09-19T23:45:31.217+0000] {dag.py:2726} INFO - Sync 1 DAGs
[2026-09-19T23:45:31.260+0000] {logging_mixin.py:149} INFO - [2026-09-19T23:45:31.259+0000] {dag.py:3490} INFO - Setting next_dagrun for example_params_trigger_ui to None, run_after=None
[2026-09-19T23:45:31.294+0000] {processor.py:178} INFO - Processing /home/airflow/.local/lib/python3.7/site-packages/airflow/example_dags/example_params_trigger_ui.py took 0.270 seconds
[2026-09-19T23:46:01.709+0000] {processor.py:156} INFO - Started process (PID=18195) to work on /home/airflow/.local/lib/python3.7/site-packages/airflow/example_dags/example_params_trigger_ui.py
[2026-09-19T23:46:01.711+0000] {processor.py:799} INFO - Processing file /home/airflow/.local/lib/python3.7/site-packages/airflow/example_dags/example_params_trigger_ui.py for tasks to queue
[2026-09-19T23:46:01.712+0000] {logging_mixin.py:149} INFO - [2026-09-19T23:46:01.712+0000] {dagbag.py:541} INFO - Filling up the DagBag from /home/airflow/.local/lib/python3.7/site-packages/airflow/example_dags/example_params_trigger_ui.py
[2026-09-19T23:46:01.751+0000] {processor.py:809} INFO - DAG(s) dict_keys(['example_params_trigger_ui']) retrieved from /home/airflow/.local/lib/python3.7/site-packages/airflow/example_dags/example_params_trigger_ui.py
[2026-09-19T23:46:01.912+0000] {logging_mixin.py:149} INFO - [2026-09-19T23:46:01.911+0000] {dag.py:2726} INFO - Sync 1 DAGs
[2026-09-19T23:46:01.954+0000] {logging_mixin.py:149} INFO - [2026-09-19T23:46:01.953+0000] {dag.py:3490} INFO - Setting next_dagrun for example_params_trigger_ui to None, run_after=None
[2026-09-19T23:46:01.983+0000] {processor.py:178} INFO - Processing /home/airflow/.local/lib/python3.7/site-packages/airflow/example_dags/example_params_trigger_ui.py took 0.280 seconds
[2026-09-19T23:46:32.730+0000] {processor.py:156} INFO - Started process (PID=18251) to work on /home/airflow/.local/lib/python3.7/site-packages/airflow/example_dags/example_params_trigger_ui.py
[2026-09-19T23:46:32.732+0000] {processor.py:799} INFO - Processing file /home/airflow/.local/lib/python3.7/site-packages/airflow/example_dags/example_params_trigger_ui.py for tasks to queue
[2026-09-19T23:46:32.733+0000] {logging_mixin.py:149} INFO - [2026-09-19T23:46:32.733+0000] {dagbag.py:541} INFO - Filling up the DagBag from /home/airflow/.local/lib/python3.7/site-packages/airflow/example_dags/example_params_trigger_ui.py
[2026-09-19T23:46:32.775+0000] {processor.py:809} INFO - DAG(s) dict_keys(['example_params_trigger_ui']) retrieved from /home/airflow/.local/lib/python3.7/site-packages/airflow/example_dags/example_params_trigger_ui.py
[2026-09-19T23:46:32.937+0000] {logging_mixin.py:149} INFO - [2026-09-19T23:46:32.936+0000] {dag.py:2726} INFO - Sync 1 DAGs
[2026-09-19T23:46:32.987+0000] {logging_mixin.py:149} INFO - [2026-09-19T23:46:32.987+0000] {dag.py:3490} INFO - Setting next_dagrun for example_params_trigger_ui to None, run_after=None
[2026-09-19T23:46:33.015+0000] {processor.py:178} INFO - Processing /home/airflow/.local/lib/python3.7/site-packages/airflow/example_dags/example_params_trigger_ui.py took 0.292 seconds
[2026-09-19T23:47:03.395+0000] {processor.py:156} INFO - Started process (PID=18308) to work on /home/airflow/.local/lib/python3.7/site-packages/airflow/example_dags/example_params_trigger_ui.py
[2026-09-19T23:47:03.398+0000] {processor.py:799} INFO - Processing file /home/airflow/.local/lib/python3.7/site-packages/airflow/example_dags/example_params_trigger_ui.py for tasks to queue
[2026-09-19T23:47:03.399+0000] {logging_mixin.py:149} INFO - [2026-09-19T23:47:03.399+0000] {dagbag.py:541} INFO - Filling up the DagBag from /home/airflow/.local/lib/python3.7/site-packages/airflow/example_dags/example_params_trigger_ui.py
[2026-09-19T23:47:03.441+0000] {processor.py:809} INFO - DAG(s) dict_keys(['example_params_trigger_ui']) retrieved from /home/airflow/.local/lib/python3.7/site-packages/airflow/example_dags/example_params_trigger_ui.py
[2026-09-19T23:47:03.601+0000] {logging_mixin.py:149} INFO - [2026-09-19T23:47:03.601+0000] {dag.py:2726} INFO - Sync 1 DAGs
[2026-09-19T23:47:03.646+0000] {logging_mixin.py:149} INFO - [2026-09-19T23:47:03.645+0000] {dag.py:3490} INFO - Setting next_dagrun for example_params_trigger_ui to None, run_after=None
[2026-09-19T23:47:03.681+0000] {processor.py:178} INFO - Processing /home/airflow/.local/lib/python3.7/site-packages/airflow/example_dags/example_params_trigger_ui.py took 0.293 seconds
[2026-09-19T23:47:34.088+0000] {processor.py:156} INFO - Started process (PID=18365) to work on /home/airflow/.local/lib/python3.7/site-packages/airflow/example_dags/example_params_trigger_ui.py
[2026-09-19T23:47:34.090+0000] {processor.py:799} INFO - Processing file /home/airflow/.local/lib/python3.7/site-packages/airflow/example_dags/example_params_trigger_ui.py for tasks to queue
[2026-09-19T23:47:34.091+0000] {logging_mixin.py:149} INFO - [2026-09-19T23:47:34.091+0000] {dagbag.py:541} INFO - Filling up the DagBag from /home/airflow/.local/lib/python3.7/site-packages/airflow/example_dags/example_params_trigger_ui.py
[2026-09-19T23:47:34.127+0000] {processor.py:809} INFO - DAG(s) dict_keys(['example_params_trigger_ui']) retrieved from /home/airflow/.local/lib/python3.7/site-packages/airflow/example_dags/example_params_trigger_ui.py
[2026-09-19T23:47:34.277+0000] {logging_mixin.py:149} INFO - [2026-09-19T23:47:34.277+0000] {dag.py:2726} INFO - Sync 1 DAGs
[2026-09-19T23:47:34.320+0000] {logging_mixin.py:149} INFO - [2026-09-19T23:47:34.320+0000] {dag.py:3490} INFO - Setting next_dagrun for example_params_trigger_ui to None, run_after=None
[2026-09-19T23:47:34.354+0000] {processor.py:178} INFO - Processing /home/airflow/.local/lib/python3.7/site-packages/airflow/example_dags/example_params_trigger_ui.py took 0.272 seconds
