[2026-09-19T21:00:25.718+0000] {processor.py:156} INFO - Started process (PID=91) to work on /home/airflow/.local/lib/python3.7/site-packages/airflow/example_dags/tutorial_taskflow_api.py
[2026-09-19T21:00:25.719+0000] {processor.py:799} INFO - Processing file /home/airflow/.local/lib/python3.7/site-packages/airflow/example_dags/tutorial_taskflow_api.py for tasks to queue
[2026-09-19T21:00:25.720+0000] {logging_mixin.py:149} INFO - [2026-09-19T21:00:25.720+0000] {dagbag.py:541} INFO - Filling up the DagBag from /home/airflow/.local/lib/python3.7/site-packages/airflow/example_dags/tutorial_taskflow_api.py
[2026-09-19T21:00:25.763+0000] {processor.py:809} INFO - DAG(s) dict_keys(['tutorial_taskflow_api']) retrieved from /home/airflow/.local/lib/python3.7/site-packages/airflow/example_dags/tutorial_taskflow_api.py
[2026-09-19T21:00:25.838+0000] {logging_mixin.py:149} INFO - [2026-09-19T21:00:25.837+0000] {dag.py:2726} INFO - Sync 1 DAGs
[2026-09-19T21:00:25.890+0000] {logging_mixin.py:149} INFO - [2026-09-19T21:00:25.890+0000] {dag.py:3490} INFO - Setting next_dagrun for tutorial_taskflow_api to None, run_after=None
[2026-09-19T21:00:25.928+0000] {processor.py:178} INFO - Processing /home/airflow/.local/lib/python3.7/site-packages/airflow/example_dags/tutorial_taskflow_api.py took 0.219 seconds
[2026-09-19T21:00:56.779+0000] {processor.py:156} INFO - Started process (PID=147) to work on /home/airflow/.local/lib/python3.7/site-packages/airflow/example_dags/tutorial_taskflow_api.py
[2026-09-19T21:00:56.781+0000] {processor.py:799} INFO - Processing file /home/airflow/.local/lib/python3.7/site-packages/airflow/example_dags/tutorial_taskflow_api.py for tasks to queue
[2026-09-19T21:00:56.782+0000] {logging_mixin.py:149} INFO - [2026-09-19T21:00:56.782+0000] {dagbag.py:541} INFO - Filling up the DagBag from /home/airflow/.local/lib/python3.7/site-packages/airflow/example_dags/tutorial_taskflow_api.py
[2026-09-19T21:00:56.792+0000] {processor.py:809} INFO - DAG(s) dict_keys(['tutorial_taskflow_api']) retrieved from /home/airflow/.local/lib/python3.7/site-packages/airflow/example_dags/tutorial_taskflow_api.py
[2026-09-19T21:00:56.845+0000] {logging_mixin.py:149} INFO - [2026-09-19T21:00:56.844+0000] {dag.py:2726} INFO - Sync 1 DAGs
[2026-09-19T21:00:56.893+0000] {logging_mixin.py:149} INFO - [2026-09-19T21:00:56.893+0000] {dag.py:3490} INFO - Setting next_dagrun for tutorial_taskflow_api to None, run_after=None
[2026-09-19T21:00:56.926+0000] {processor.py:178} INFO - Processing /home/airflow/.local/lib/python3.7/site-packages/airflow/example_dags/tutorial_taskflow_api.py took 0.153 seconds
[2026-09-19T21:01:27.692+0000] {processor.py:156} INFO - Started process (PID=203) to work on /home/airflow/.local/lib/python3.7/site-packages/airflow/example_dags/tutorial_taskflow_api.py
[2026-09-19T21:01:27.696+0000] {processor.py:799} INFO - Processing file /home/airflow/.local/lib/python3.7/site-packages/airflow/example_dags/tutorial_taskflow_api.py for tasks to queue
[2026-09-19T21:01:27.697+0000] {logging_mixin.py:149} INFO - [2026-09-19T21:01:27.697+0000] {dagbag.py:541} INFO - Filling up the DagBag from /home/airflow/.local/lib/python3.7/site-packages/airflow/example_dags/tutorial_taskflow_api.py
[2026-09-19T21:01:27.710+0000] {processor.py:809} INFO - DAG(s) dict_keys(['tutorial_taskflow_api']) retrieved from /home/airflow/.local/lib/python3.7/site-packages/airflow/example_dags/tutorial_taskflow_api.py
[2026-09-19T21:01:27.761+0000] {logging_mixin.py:149} INFO - [2026-09-19T21:01:27.761+0000] {dag.py:2726} INFO - Sync 1 DAGs
[2026-09-19T21:01:27.805+0000] {logging_mixin.py:149} INFO - [2026-09-19T21:01:27.805+0000] {dag.py:3490} INFO - Setting next_dagrun for tutorial_taskflow_api to None, run_after=None
[2026-09-19T21:01:27.837+0000] {processor.py:178} INFO - Processing /home/airflow/.local/lib/python3.7/site-packages/airflow/example_dags/tutorial_taskflow_api.py took 0.154 seconds
[2026-09-19T21:01:58.029+0000] {processor.py:156} INFO - Started process (PID=259) to work on /home/airflow/.local/lib/python3.7/site-packages/airflow/example_dags/tutorial_taskflow_api.py
[2026-09-19T21:01:58.031+0000] {processor.py:799} INFO - Processing file /home/airflow/.local/lib/python3.7/site-packages/airflow/example_dags/tutorial_taskflow_api.py for tasks to queue
[2026-09-19T21:01:58.032+0000] {logging_mixin.py:149} INFO - [2026-09-19T21:01:58.032+0000] {dagbag.py:541} INFO - Filling up the DagBag from /home/airflow/.local/lib/python3.7/site-packages/airflow/example_dags/tutorial_taskflow_api.py
[2026-09-19T21:01:58.045+0000] {processor.py:809} INFO - DAG(s) dict_keys(['tutorial_taskflow_api']) retrieved from /home/airflow/.local/lib/python3.7/site-packages/airflow/example_dags/tutorial_taskflow_api.py
[2026-09-19T21:01:58.094+0000] {logging_mixin.py:149} INFO - [2026-09-19T21:01:58.094+0000] {dag.py:2726} INFO - Sync 1 DAGs
[2026-09-19T21:01:58.139+0000] {logging_mixin.py:149} INFO - [2026-09-19T21:01:58.139+0000] {dag.py:3490} INFO - Setting next_dagrun for tutorial_taskflow_api to None, run_after=None
[2026-09-19T21:01:58.175+0000] {processor.py:178} INFO - Processing /home/airflow/.local/lib/python3.7/site-packages/airflow/example_dags/tutorial_taskflow_api.py took 0.153 seconds
[2026-09-19T21:02:28.969+0000] {processor.py:156} INFO - Started process (PID=315) to work on /home/airflow/.local/lib/python3.7/site-packages/airflow/example_dags/tutorial_taskflow_api.py
[2026-09-19T21:02:28.974+0000] {processor.py:799} INFO - Processing file /home/airflow/.local/lib/python3.7/site-packages/airflow/example_dags/tutorial_taskflow_api.py for tasks to queue
[2026-09-19T21:02:28.976+0000] {logging_mixin.py:149} INFO - [2026-09-19T21:02:28.976+0000] {dagbag.py:541} INFO - Filling up the DagBag from /home/airflow/.local/lib/python3.7/site-packages/airflow/example_dags/tutorial_taskflow_api.py
[2026-09-19T21:02:28.990+0000] {processor.py:809} INFO - DAG(s) dict_keys(['tutorial_taskflow_api']) retrieved from /home/airflow/.local/lib/python3.7/site-packages/airflow/example_dags/tutorial_taskflow_api.py
[2026-09-19T21:02:29.037+0000] {logging_mixin.py:149} INFO - [2026-09-19T21:02:29.036+0000] {dag.py:2726} INFO - Sync 1 DAGs
[2026-09-19T21:02:29.077+0000] {logging_mixin.py:149} INFO - [2026-09-19T21:02:29.077+0000] {dag.py:3490} INFO - Setting next_dagrun for tutorial_taskflow_api to None, run_after=None
[2026-09-19T21:02:29.109+0000] {processor.py:178} INFO - Processing /home/airflow/.local/lib/python3.7/site-packages/airflow/example_dags/tutorial_taskflow_api.py took 0.147 seconds
[2026-09-19T21:03:00.310+0000] {processor.py:156} INFO - Started process (PID=371) to work on /home/airflow/.local/lib/python3.7/site-packages/airflow/example_dags/tutorial_taskflow_api.py
[2026-09-19T21:03:00.312+0000] {processor.py:799} INFO - Processing file /home/airflow/.local/lib/python3.7/site-packages/airflow/example_dags/tutorial_taskflow_api.py for tasks to queue
[2026-09-19T21:03:00.313+0000] {logging_mixin.py:149} INFO - [2026-09-19T21:03:00.313+0000] {dagbag.py:541} INFO - Filling up the DagBag from /home/airflow/.local/lib/python3.7/site-packages/airflow/example_dags/tutorial_taskflow_api.py
[2026-09-19T21:03:00.324+0000] {processor.py:809} INFO - DAG(s) dict_keys(['tutorial_taskflow_api']) retrieved from /home/airflow/.local/lib/python3.7/site-packages/airflow/example_dags/tutorial_taskflow_api.py
[2026-09-19T21:03:00.367+0000] {logging_mixin.py:149} INFO - [2026-09-19T21:03:00.367+0000] {dag.py:2726} INFO - Sync 1 DAGs
[2026-09-19T21:03:00.411+0000] {logging_mixin.py:149} INFO - [2026-09-19T21:03:00.411+0000] {dag.py:3490} INFO - Setting next_dagrun for tutorial_taskflow_api to None, run_after=None
[2026-09-19T21:03:00.444+0000] {processor.py:178} INFO - Processing /home/airflow/.local/lib/python3.7/site-packages/airflow/example_dags/tutorial_taskflow_api.py took 0.140 seconds
[2026-09-19T21:03:32.366+0000] {processor.py:156} INFO - Started process (PID=427) to work on /home/airflow/.local/lib/python3.7/site-packages/airflow/example_dags/tutorial_taskflow_api.py
[2026-09-19T21:03:32.368+0000] {processor.py:799} INFO - Processing file /home/airflow/.local/lib/python3.7/site-packages/airflow/example_dags/tutorial_taskflow_api.py for tasks to queue
[2026-09-19T21:03:32.369+0000] {logging_mixin.py:149} INFO - [2026-09-19T21:03:32.369+0000] {dagbag.py:541} INFO - Filling up the DagBag from /home/airflow/.local/lib/python3.7/site-packages/airflow/example_dags/tutorial_taskflow_api.py
[2026-09-19T21:03:32.382+0000] {processor.py:809} INFO - DAG(s) dict_keys(['tutorial_taskflow_api']) retrieved from /home/airflow/.local/lib/python3.7/site-packages/airflow/example_dags/tutorial_taskflow_api.py
[2026-09-19T21:03:32.424+0000] {logging_mixin.py:149} INFO - [2026-09-19T21:03:32.424+0000] {dag.py:2726} INFO - Sync 1 DAGs
[2026-09-19T21:03:32.467+0000] {logging_mixin.py:149} INFO - [2026-09-19T21:03:32.467+0000] {dag.py:3490} INFO - Setting next_dagrun for tutorial_taskflow_api to None, run_after=None
[2026-09-19T21:03:32.501+0000] {processor.py:178} INFO - Processing /home/airflow/.local/lib/python3.7/site-packages/airflow/example_dags/tutorial_taskflow_api.py took 0.144 seconds
[2026-09-19T21:04:02.745+0000] {processor.py:156} INFO - Started process (PID=483) to work on /home/airflow/.local/lib/python3.7/site-packages/airflow/example_dags/tutorial_taskflow_api.py
[2026-09-19T21:04:02.748+0000] {processor.py:799} INFO - Processing file /home/airflow/.local/lib/python3.7/site-packages/airflow/example_dags/tutorial_taskflow_api.py for tasks to queue
[2026-09-19T21:04:02.749+0000] {logging_mixin.py:149} INFO - [2026-09-19T21:04:02.748+0000] {dagbag.py:541} INFO - Filling up the DagBag from /home/airflow/.local/lib/python3.7/site-packages/airflow/example_dags/tutorial_taskflow_api.py
[2026-09-19T21:04:02.758+0000] {processor.py:809} INFO - DAG(s) dict_keys(['tutorial_taskflow_api']) retrieved from /home/airflow/.local/lib/python3.7/site-packages/airflow/example_dags/tutorial_taskflow_api.py
[2026-09-19T21:04:02.807+0000] {logging_mixin.py:149} INFO - [2026-09-19T21:04:02.807+0000] {dag.py:2726} INFO - Sync 1 DAGs
[2026-09-19T21:04:02.853+0000] {logging_mixin.py:149} INFO - [2026-09-19T21:04:02.853+0000] {dag.py:3490} INFO - Setting next_dagrun for tutorial_taskflow_api to None, run_after=None
[2026-09-19T21:04:02.884+0000] {processor.py:178} INFO - Processing /home/airflow/.local/lib/python3.7/site-packages/airflow/example_dags/tutorial_taskflow_api.py took 0.145 seconds
[2026-09-19T21:04:34.004+0000] {processor.py:156} INFO - Started process (PID=539) to work on /home/airflow/.local/lib/python3.7/site-packages/airflow/example_dags/tutorial_taskflow_api.py
[2026-09-19T21:04:34.006+0000] {processor.py:799} INFO - Processing file /home/airflow/.local/lib/python3.7/site-packages/airflow/example_dags/tutorial_taskflow_api.py for tasks to queue
[2026-09-19T21:04:34.007+0000] {logging_mixin.py:149} INFO - [2026-09-19T21:04:34.007+0000] {dagbag.py:541} INFO - Filling up the DagBag from /home/airflow/.local/lib/python3.7/site-packages/airflow/example_dags/tutorial_taskflow_api.py
[2026-09-19T21:04:34.021+0000] {processor.py:809} INFO - DAG(s) dict_keys(['tutorial_taskflow_api']) retrieved from /home/airflow/.local/lib/python3.7/site-packages/airflow/example_dags/tutorial_taskflow_api.py
[2026-09-19T21:04:34.065+0000] {logging_mixin.py:149} INFO - [2026-09-19T21:04:34.065+0000] {dag.py:2726} INFO - Sync 1 DAGs
[2026-09-19T21:04:34.108+0000] {logging_mixin.py:149} INFO - [2026-09-19T21:04:34.108+0000] {dag.py:3490} INFO - Setting next_dagrun for tutorial_taskflow_api to None, run_after=None
[2026-09-19T21:04:34.138+0000] {processor.py:178} INFO - Processing /home/airflow/.local/lib/python3.7/site-packages/airflow/example_dags/tutorial_taskflow_api.py took 0.139 seconds
[2026-09-19T21:05:05.208+0000] {processor.py:156} INFO - Started process (PID=595) to work on /home/airflow/.local/lib/python3.7/site-packages/airflow/example_dags/tutorial_taskflow_api.py
[2026-09-19T21:05:05.215+0000] {processor.py:799} INFO - Processing file /home/airflow/.local/lib/python3.7/site-packages/airflow/example_dags/tutorial_taskflow_api.py for tasks to queue
[2026-09-19T21:05:05.216+0000] {logging_mixin.py:149} INFO - [2026-09-19T21:05:05.216+0000] {dagbag.py:541} INFO - Filling up the DagBag from /home/airflow/.local/lib/python3.7/site-packages/airflow/example_dags/tutorial_taskflow_api.py
[2026-09-19T21:05:05.230+0000] {processor.py:809} INFO - DAG(s) dict_keys(['tutorial_taskflow_api']) retrieved from /home/airflow/.local/lib/python3.7/site-packages/airflow/example_dags/tutorial_taskflow_api.py
[2026-09-19T21:05:05.278+0000] {logging_mixin.py:149} INFO - [2026-09-19T21:05:05.278+0000] {dag.py:2726} INFO - Sync 1 DAGs
[2026-09-19T21:05:05.323+0000] {logging_mixin.py:149} INFO - [2026-09-19T21:05:05.323+0000] {dag.py:3490} INFO - Setting next_dagrun for tutorial_taskflow_api to None, run_after=None
[2026-09-19T21:05:05.364+0000] {processor.py:178} INFO - Processing /home/airflow/.local/lib/python3.7/site-packages/airflow/example_dags/tutorial_taskflow_api.py took 0.163 seconds
[2026-09-19T21:05:36.615+0000] {processor.py:156} INFO - Started process (PID=651) to work on /home/airflow/.local/lib/python3.7/site-packages/airflow/example_dags/tutorial_taskflow_api.py
[2026-09-19T21:05:36.620+0000] {processor.py:799} INFO - Processing file /home/airflow/.local/lib/python3.7/site-packages/airflow/example_dags/tutorial_taskflow_api.py for tasks to queue
[2026-09-19T21:05:36.621+0000] {logging_mixin.py:149} INFO - [2026-09-19T21:05:36.621+0000] {dagbag.py:541} INFO - Filling up the DagBag from /home/airflow/.local/lib/python3.7/site-packages/airflow/example_dags/tutorial_taskflow_api.py
[2026-09-19T21:05:36.632+0000] {processor.py:809} INFO - DAG(s) dict_keys(['tutorial_taskflow_api']) retrieved from /home/airflow/.local/lib/python3.7/site-packages/airflow/example_dags/tutorial_taskflow_api.py
[2026-09-19T21:05:36.677+0000] {logging_mixin.py:149} INFO - [2026-09-19T21:05:36.676+0000] {dag.py:2726} INFO - Sync 1 DAGs
[2026-09-19T21:05:36.719+0000] {logging_mixin.py:149} INFO - [2026-09-19T21:05:36.719+0000] {dag.py:3490} INFO - Setting next_dagrun for tutorial_taskflow_api to None, run_after=None
[2026-09-19T21:05:36.756+0000] {processor.py:178} INFO - Processing /home/airflow/.local/lib/python3.7/site-packages/airflow/example_dags/tutorial_taskflow_api.py took 0.148 seconds
[2026-09-19T21:06:07.959+0000] {processor.py:156} INFO - Started process (PID=707) to work on /home/airflow/.local/lib/python3.7/site-packages/airflow/example_dags/tutorial_taskflow_api.py
[2026-09-19T21:06:07.961+0000] {processor.py:799} INFO - Processing file /home/airflow/.local/lib/python3.7/site-packages/airflow/example_dags/tutorial_taskflow_api.py for tasks to queue
[2026-09-19T21:06:07.962+0000] {logging_mixin.py:149} INFO - [2026-09-19T21:06:07.962+0000] {dagbag.py:541} INFO - Filling up the DagBag from /home/airflow/.local/lib/python3.7/site-packages/airflow/example_dags/tutorial_taskflow_api.py
[2026-09-19T21:06:07.972+0000] {processor.py:809} INFO - DAG(s) dict_keys(['tutorial_taskflow_api']) retrieved from /home/airflow/.local/lib/python3.7/site-packages/airflow/example_dags/tutorial_taskflow_api.py
[2026-09-19T21:06:08.023+0000] {logging_mixin.py:149} INFO - [2026-09-19T21:06:08.023+0000] {dag.py:2726} INFO - Sync 1 DAGs
[2026-09-19T21:06:08.073+0000] {logging_mixin.py:149} INFO - [2026-09-19T21:06:08.073+0000] {dag.py:3490} INFO - Setting next_dagrun for tutorial_taskflow_api to None, run_after=None
[2026-09-19T21:06:08.104+0000] {processor.py:178} INFO - Processing /home/airflow/.local/lib/python3.7/site-packages/airflow/example_dags/tutorial_taskflow_api.py took 0.152 seconds
[2026-09-19T21:06:39.207+0000] {processor.py:156} INFO - Started process (PID=762) to work on /home/airflow/.local/lib/python3.7/site-packages/airflow/example_dags/tutorial_taskflow_api.py
[2026-09-19T21:06:39.209+0000] {processor.py:799} INFO - Processing file /home/airflow/.local/lib/python3.7/site-packages/airflow/example_dags/tutorial_taskflow_api.py for tasks to queue
[2026-09-19T21:06:39.210+0000] {logging_mixin.py:149} INFO - [2026-09-19T21:06:39.210+0000] {dagbag.py:541} INFO - Filling up the DagBag from /home/airflow/.local/lib/python3.7/site-packages/airflow/example_dags/tutorial_taskflow_api.py
[2026-09-19T21:06:39.220+0000] {processor.py:809} INFO - DAG(s) dict_keys(['tutorial_taskflow_api']) retrieved from /home/airflow/.local/lib/python3.7/site-packages/airflow/example_dags/tutorial_taskflow_api.py
[2026-09-19T21:06:39.277+0000] {logging_mixin.py:149} INFO - [2026-09-19T21:06:39.277+0000] {dag.py:2726} INFO - Sync 1 DAGs
[2026-09-19T21:06:39.325+0000] {logging_mixin.py:149} INFO - [2026-09-19T21:06:39.325+0000] {dag.py:3490} INFO - Setting next_dagrun for tutorial_taskflow_api to None, run_after=None
[2026-09-19T21:06:39.357+0000] {processor.py:178} INFO - Processing /home/airflow/.local/lib/python3.7/site-packages/airflow/example_dags/tutorial_taskflow_api.py took 0.156 seconds
[2026-09-19T21:07:10.604+0000] {processor.py:156} INFO - Started process (PID=818) to work on /home/airflow/.local/lib/python3.7/site-packages/airflow/example_dags/tutorial_taskflow_api.py
[2026-09-19T21:07:10.606+0000] {processor.py:799} INFO - Processing file /home/airflow/.local/lib/python3.7/site-packages/airflow/example_dags/tutorial_taskflow_api.py for tasks to queue
[2026-09-19T21:07:10.607+0000] {logging_mixin.py:149} INFO - [2026-09-19T21:07:10.607+0000] {dagbag.py:541} INFO - Filling up the DagBag from /home/airflow/.local/lib/python3.7/site-packages/airflow/example_dags/tutorial_taskflow_api.py
[2026-09-19T21:07:10.619+0000] {processor.py:809} INFO - DAG(s) dict_keys(['tutorial_taskflow_api']) retrieved from /home/airflow/.local/lib/python3.7/site-packages/airflow/example_dags/tutorial_taskflow_api.py
[2026-09-19T21:07:10.664+0000] {logging_mixin.py:149} INFO - [2026-09-19T21:07:10.664+0000] {dag.py:2726} INFO - Sync 1 DAGs
[2026-09-19T21:07:10.704+0000] {logging_mixin.py:149} INFO - [2026-09-19T21:07:10.703+0000] {dag.py:3490} INFO - Setting next_dagrun for tutorial_taskflow_api to None, run_after=None
[2026-09-19T21:07:10.743+0000] {processor.py:178} INFO - Processing /home/airflow/.local/lib/python3.7/site-packages/airflow/example_dags/tutorial_taskflow_api.py took 0.145 seconds
[2026-09-19T21:07:42.071+0000] {processor.py:156} INFO - Started process (PID=874) to work on /home/airflow/.local/lib/python3.7/site-packages/airflow/example_dags/tutorial_taskflow_api.py
[2026-09-19T21:07:42.073+0000] {processor.py:799} INFO - Processing file /home/airflow/.local/lib/python3.7/site-packages/airflow/example_dags/tutorial_taskflow_api.py for tasks to queue
[2026-09-19T21:07:42.075+0000] {logging_mixin.py:149} INFO - [2026-09-19T21:07:42.074+0000] {dagbag.py:541} INFO - Filling up the DagBag from /home/airflow/.local/lib/python3.7/site-packages/airflow/example_dags/tutorial_taskflow_api.py
[2026-09-19T21:07:42.086+0000] {processor.py:809} INFO - DAG(s) dict_keys(['tutorial_taskflow_api']) retrieved from /home/airflow/.local/lib/python3.7/site-packages/airflow/example_dags/tutorial_taskflow_api.py
[2026-09-19T21:07:42.127+0000] {logging_mixin.py:149} INFO - [2026-09-19T21:07:42.127+0000] {dag.py:2726} INFO - Sync 1 DAGs
[2026-09-19T21:07:42.172+0000] {logging_mixin.py:149} INFO - [2026-09-19T21:07:42.171+0000] {dag.py:3490} INFO - Setting next_dagrun for tutorial_taskflow_api to None, run_after=None
[2026-09-19T21:07:42.208+0000] {processor.py:178} INFO - Processing /home/airflow/.local/lib/python3.7/site-packages/airflow/example_dags/tutorial_taskflow_api.py took 0.149 seconds
[2026-09-19T21:08:13.254+0000] {processor.py:156} INFO - Started process (PID=930) to work on /home/airflow/.local/lib/python3.7/site-packages/airflow/example_dags/tutorial_taskflow_api.py
[2026-09-19T21:08:13.256+0000] {processor.py:799} INFO - Processing file /home/airflow/.local/lib/python3.7/site-packages/airflow/example_dags/tutorial_taskflow_api.py for tasks to queue
[2026-09-19T21:08:13.257+0000] {logging_mixin.py:149} INFO - [2026-09-19T21:08:13.257+0000] {dagbag.py:541} INFO - Filling up the DagBag from /home/airflow/.local/lib/python3.7/site-packages/airflow/example_dags/tutorial_taskflow_api.py
[2026-09-19T21:08:13.268+0000] {processor.py:809} INFO - DAG(s) dict_keys(['tutorial_taskflow_api']) retrieved from /home/airflow/.local/lib/python3.7/site-packages/airflow/example_dags/tutorial_taskflow_api.py
[2026-09-19T21:08:13.311+0000] {logging_mixin.py:149} INFO - [2026-09-19T21:08:13.311+0000] {dag.py:2726} INFO - Sync 1 DAGs
[2026-09-19T21:08:13.367+0000] {logging_mixin.py:149} INFO - [2026-09-19T21:08:13.367+0000] {dag.py:3490} INFO - Setting next_dagrun for tutorial_taskflow_api to None, run_after=None
[2026-09-19T21:08:13.402+0000] {processor.py:178} INFO - Processing /home/airflow/.local/lib/python3.7/site-packages/airflow/example_dags/tutorial_taskflow_api.py took 0.154 seconds
[2026-09-19T21:08:44.483+0000] {processor.py:156} INFO - Started process (PID=986) to work on /home/airflow/.local/lib/python3.7/site-packages/airflow/example_dags/tutorial_taskflow_api.py
[2026-09-19T21:08:44.484+0000] {processor.py:799} INFO - Processing file /home/airflow/.local/lib/python3.7/site-packages/airflow/example_dags/tutorial_taskflow_api.py for tasks to queue
[2026-09-19T21:08:44.485+0000] {logging_mixin.py:149} INFO - [2026-09-19T21:08:44.485+0000] {dagbag.py:541} INFO - Filling up the DagBag from /home/airflow/.local/lib/python3.7/site-packages/airflow/example_dags/tutorial_taskflow_api.py
[2026-09-19T21:08:44.496+0000] {processor.py:809} INFO - DAG(s) dict_keys(['tutorial_taskflow_api']) retrieved from /home/airflow/.local/lib/python3.7/site-packages/airflow/example_dags/tutorial_taskflow_api.py
[2026-09-19T21:08:44.539+0000] {logging_mixin.py:149} INFO - [2026-09-19T21:08:44.538+0000] {dag.py:2726} INFO - Sync 1 DAGs
[2026-09-19T21:08:44.581+0000] {logging_mixin.py:149} INFO - [2026-09-19T21:08:44.580+0000] {dag.py:3490} INFO - Setting next_dagrun for tutorial_taskflow_api to None, run_after=None
[2026-09-19T21:08:44.616+0000] {processor.py:178} INFO - Processing /home/airflow/.local/lib/python3.7/site-packages/airflow/example_dags/tutorial_taskflow_api.py took 0.140 seconds
[2026-09-19T21:09:15.726+0000] {processor.py:156} INFO - Started process (PID=1042) to work on /home/airflow/.local/lib/python3.7/site-packages/airflow/example_dags/tutorial_taskflow_api.py
[2026-09-19T21:09:15.728+0000] {processor.py:799} INFO - Processing file /home/airflow/.local/lib/python3.7/site-packages/airflow/example_dags/tutorial_taskflow_api.py for tasks to queue
[2026-09-19T21:09:15.729+0000] {logging_mixin.py:149} INFO - [2026-09-19T21:09:15.729+0000] {dagbag.py:541} INFO - Filling up the DagBag from /home/airflow/.local/lib/python3.7/site-packages/airflow/example_dags/tutorial_taskflow_api.py
[2026-09-19T21:09:15.739+0000] {processor.py:809} INFO - DAG(s) dict_keys(['tutorial_taskflow_api']) retrieved from /home/airflow/.local/lib/python3.7/site-packages/airflow/example_dags/tutorial_taskflow_api.py
[2026-09-19T21:09:15.785+0000] {logging_mixin.py:149} INFO - [2026-09-19T21:09:15.785+0000] {dag.py:2726} INFO - Sync 1 DAGs
[2026-09-19T21:09:15.830+0000] {logging_mixin.py:149} INFO - [2026-09-19T21:09:15.829+0000] {dag.py:3490} INFO - Setting next_dagrun for tutorial_taskflow_api to None, run_after=None
[2026-09-19T21:09:15.858+0000] {processor.py:178} INFO - Processing /home/airflow/.local/lib/python3.7/site-packages/airflow/example_dags/tutorial_taskflow_api.py took 0.138 seconds
[2026-09-19T21:09:47.108+0000] {processor.py:156} INFO - Started process (PID=1099) to work on /home/airflow/.local/lib/python3.7/site-packages/airflow/example_dags/tutorial_taskflow_api.py
[2026-09-19T21:09:47.110+0000] {processor.py:799} INFO - Processing file /home/airflow/.local/lib/python3.7/site-packages/airflow/example_dags/tutorial_taskflow_api.py for tasks to queue
[2026-09-19T21:09:47.111+0000] {logging_mixin.py:149} INFO - [2026-09-19T21:09:47.111+0000] {dagbag.py:541} INFO - Filling up the DagBag from /home/airflow/.local/lib/python3.7/site-packages/airflow/example_dags/tutorial_taskflow_api.py
[2026-09-19T21:09:47.122+0000] {processor.py:809} INFO - DAG(s) dict_keys(['tutorial_taskflow_api']) retrieved from /home/airflow/.local/lib/python3.7/site-packages/airflow/example_dags/tutorial_taskflow_api.py
[2026-09-19T21:09:47.173+0000] {logging_mixin.py:149} INFO - [2026-09-19T21:09:47.173+0000] {dag.py:2726} INFO - Sync 1 DAGs
[2026-09-19T21:09:47.222+0000] {logging_mixin.py:149} INFO - [2026-09-19T21:09:47.222+0000] {dag.py:3490} INFO - Setting next_dagrun for tutorial_taskflow_api to None, run_after=None
[2026-09-19T21:09:47.257+0000] {processor.py:178} INFO - Processing /home/airflow/.local/lib/python3.7/site-packages/airflow/example_dags/tutorial_taskflow_api.py took 0.155 seconds
[2026-09-19T21:10:18.682+0000] {processor.py:156} INFO - Started process (PID=1163) to work on /home/airflow/.local/lib/python3.7/site-packages/airflow/example_dags/tutorial_taskflow_api.py
[2026-09-19T21:10:18.683+0000] {processor.py:799} INFO - Processing file /home/airflow/.local/lib/python3.7/site-packages/airflow/example_dags/tutorial_taskflow_api.py for tasks to queue
[2026-09-19T21:10:18.685+0000] {logging_mixin.py:149} INFO - [2026-09-19T21:10:18.684+0000] {dagbag.py:541} INFO - Filling up the DagBag from /home/airflow/.local/lib/python3.7/site-packages/airflow/example_dags/tutorial_taskflow_api.py
[2026-09-19T21:10:18.695+0000] {processor.py:809} INFO - DAG(s) dict_keys(['tutorial_taskflow_api']) retrieved from /home/airflow/.local/lib/python3.7/site-packages/airflow/example_dags/tutorial_taskflow_api.py
[2026-09-19T21:10:18.744+0000] {logging_mixin.py:149} INFO - [2026-09-19T21:10:18.744+0000] {dag.py:2726} INFO - Sync 1 DAGs
[2026-09-19T21:10:18.788+0000] {logging_mixin.py:149} INFO - [2026-09-19T21:10:18.788+0000] {dag.py:3490} INFO - Setting next_dagrun for tutorial_taskflow_api to None, run_after=None
[2026-09-19T21:10:18.830+0000] {processor.py:178} INFO - Processing /home/airflow/.local/lib/python3.7/site-packages/airflow/example_dags/tutorial_taskflow_api.py took 0.156 seconds
[2026-09-19T21:10:50.328+0000] {processor.py:156} INFO - Started process (PID=1218) to work on /home/airflow/.local/lib/python3.7/site-packages/airflow/example_dags/tutorial_taskflow_api.py
[2026-09-19T21:10:50.331+0000] {processor.py:799} INFO - Processing file /home/airflow/.local/lib/python3.7/site-packages/airflow/example_dags/tutorial_taskflow_api.py for tasks to queue
[2026-09-19T21:10:50.332+0000] {logging_mixin.py:149} INFO - [2026-09-19T21:10:50.332+0000] {dagbag.py:541} INFO - Filling up the DagBag from /home/airflow/.local/lib/python3.7/site-packages/airflow/example_dags/tutorial_taskflow_api.py
[2026-09-19T21:10:50.343+0000] {processor.py:809} INFO - DAG(s) dict_keys(['tutorial_taskflow_api']) retrieved from /home/airflow/.local/lib/python3.7/site-packages/airflow/example_dags/tutorial_taskflow_api.py
[2026-09-19T21:10:50.386+0000] {logging_mixin.py:149} INFO - [2026-09-19T21:10:50.386+0000] {dag.py:2726} INFO - Sync 1 DAGs
[2026-09-19T21:10:50.432+0000] {logging_mixin.py:149} INFO - [2026-09-19T21:10:50.432+0000] {dag.py:3490} INFO - Setting next_dagrun for tutorial_taskflow_api to None, run_after=None
[2026-09-19T21:10:50.480+0000] {processor.py:178} INFO - Processing /home/airflow/.local/lib/python3.7/site-packages/airflow/example_dags/tutorial_taskflow_api.py took 0.158 seconds
[2026-09-19T21:11:20.765+0000] {processor.py:156} INFO - Started process (PID=1274) to work on /home/airflow/.local/lib/python3.7/site-packages/airflow/example_dags/tutorial_taskflow_api.py
[2026-09-19T21:11:20.769+0000] {processor.py:799} INFO - Processing file /home/airflow/.local/lib/python3.7/site-packages/airflow/example_dags/tutorial_taskflow_api.py for tasks to queue
[2026-09-19T21:11:20.771+0000] {logging_mixin.py:149} INFO - [2026-09-19T21:11:20.770+0000] {dagbag.py:541} INFO - Filling up the DagBag from /home/airflow/.local/lib/python3.7/site-packages/airflow/example_dags/tutorial_taskflow_api.py
[2026-09-19T21:11:20.782+0000] {processor.py:809} INFO - DAG(s) dict_keys(['tutorial_taskflow_api']) retrieved from /home/airflow/.local/lib/python3.7/site-packages/airflow/example_dags/tutorial_taskflow_api.py
[2026-09-19T21:11:20.826+0000] {logging_mixin.py:149} INFO - [2026-09-19T21:11:20.826+0000] {dag.py:2726} INFO - Sync 1 DAGs
[2026-09-19T21:11:20.869+0000] {logging_mixin.py:149} INFO - [2026-09-19T21:11:20.869+0000] {dag.py:3490} INFO - Setting next_dagrun for tutorial_taskflow_api to None, run_after=None
[2026-09-19T21:11:20.901+0000] {processor.py:178} INFO - Processing /home/airflow/.local/lib/python3.7/site-packages/airflow/example_dags/tutorial_taskflow_api.py took 0.146 seconds
[2026-09-19T21:11:51.476+0000] {processor.py:156} INFO - Started process (PID=1330) to work on /home/airflow/.local/lib/python3.7/site-packages/airflow/example_dags/tutorial_taskflow_api.py
[2026-09-19T21:11:51.478+0000] {processor.py:799} INFO - Processing file /home/airflow/.local/lib/python3.7/site-packages/airflow/example_dags/tutorial_taskflow_api.py for tasks to queue
[2026-09-19T21:11:51.479+0000] {logging_mixin.py:149} INFO - [2026-09-19T21:11:51.479+0000] {dagbag.py:541} INFO - Filling up the DagBag from /home/airflow/.local/lib/python3.7/site-packages/airflow/example_dags/tutorial_taskflow_api.py
[2026-09-19T21:11:51.491+0000] {processor.py:809} INFO - DAG(s) dict_keys(['tutorial_taskflow_api']) retrieved from /home/airflow/.local/lib/python3.7/site-packages/airflow/example_dags/tutorial_taskflow_api.py
[2026-09-19T21:11:51.551+0000] {logging_mixin.py:149} INFO - [2026-09-19T21:11:51.551+0000] {dag.py:2726} INFO - Sync 1 DAGs
[2026-09-19T21:11:51.596+0000] {logging_mixin.py:149} INFO - [2026-09-19T21:11:51.596+0000] {dag.py:3490} INFO - Setting next_dagrun for tutorial_taskflow_api to None, run_after=None
[2026-09-19T21:11:51.634+0000] {processor.py:178} INFO - Processing /home/airflow/.local/lib/python3.7/site-packages/airflow/example_dags/tutorial_taskflow_api.py took 0.166 seconds
[2026-09-19T21:12:22.419+0000] {processor.py:156} INFO - Started process (PID=1386) to work on /home/airflow/.local/lib/python3.7/site-packages/airflow/example_dags/tutorial_taskflow_api.py
[2026-09-19T21:12:22.421+0000] {processor.py:799} INFO - Processing file /home/airflow/.local/lib/python3.7/site-packages/airflow/example_dags/tutorial_taskflow_api.py for tasks to queue
[2026-09-19T21:12:22.422+0000] {logging_mixin.py:149} INFO - [2026-09-19T21:12:22.422+0000] {dagbag.py:541} INFO - Filling up the DagBag from /home/airflow/.local/lib/python3.7/site-packages/airflow/example_dags/tutorial_taskflow_api.py
[2026-09-19T21:12:22.433+0000] {processor.py:809} INFO - DAG(s) dict_keys(['tutorial_taskflow_api']) retrieved from /home/airflow/.local/lib/python3.7/site-packages/airflow/example_dags/tutorial_taskflow_api.py
[2026-09-19T21:12:22.489+0000] {logging_mixin.py:149} INFO - [2026-09-19T21:12:22.488+0000] {dag.py:2726} INFO - Sync 1 DAGs
[2026-09-19T21:12:22.542+0000] {logging_mixin.py:149} INFO - [2026-09-19T21:12:22.542+0000] {dag.py:3490} INFO - Setting next_dagrun for tutorial_taskflow_api to None, run_after=None
[2026-09-19T21:12:22.579+0000] {processor.py:178} INFO - Processing /home/airflow/.local/lib/python3.7/site-packages/airflow/example_dags/tutorial_taskflow_api.py took 0.166 seconds
[2026-09-19T21:12:53.754+0000] {processor.py:156} INFO - Started process (PID=1442) to work on /home/airflow/.local/lib/python3.7/site-packages/airflow/example_dags/tutorial_taskflow_api.py
[2026-09-19T21:12:53.760+0000] {processor.py:799} INFO - Processing file /home/airflow/.local/lib/python3.7/site-packages/airflow/example_dags/tutorial_taskflow_api.py for tasks to queue
[2026-09-19T21:12:53.762+0000] {logging_mixin.py:149} INFO - [2026-09-19T21:12:53.761+0000] {dagbag.py:541} INFO - Filling up the DagBag from /home/airflow/.local/lib/python3.7/site-packages/airflow/example_dags/tutorial_taskflow_api.py
[2026-09-19T21:12:53.779+0000] {processor.py:809} INFO - DAG(s) dict_keys(['tutorial_taskflow_api']) retrieved from /home/airflow/.local/lib/python3.7/site-packages/airflow/example_dags/tutorial_taskflow_api.py
[2026-09-19T21:12:53.837+0000] {logging_mixin.py:149} INFO - [2026-09-19T21:12:53.837+0000] {dag.py:2726} INFO - Sync 1 DAGs
[2026-09-19T21:12:53.886+0000] {logging_mixin.py:149} INFO - [2026-09-19T21:12:53.885+0000] {dag.py:3490} INFO - Setting next_dagrun for tutorial_taskflow_api to None, run_after=None
[2026-09-19T21:12:53.923+0000] {processor.py:178} INFO - Processing /home/airflow/.local/lib/python3.7/site-packages/airflow/example_dags/tutorial_taskflow_api.py took 0.176 seconds
[2026-09-19T21:13:24.786+0000] {processor.py:156} INFO - Started process (PID=1498) to work on /home/airflow/.local/lib/python3.7/site-packages/airflow/example_dags/tutorial_taskflow_api.py
[2026-09-19T21:13:24.788+0000] {processor.py:799} INFO - Processing file /home/airflow/.local/lib/python3.7/site-packages/airflow/example_dags/tutorial_taskflow_api.py for tasks to queue
[2026-09-19T21:13:24.789+0000] {logging_mixin.py:149} INFO - [2026-09-19T21:13:24.789+0000] {dagbag.py:541} INFO - Filling up the DagBag from /home/airflow/.local/lib/python3.7/site-packages/airflow/example_dags/tutorial_taskflow_api.py
[2026-09-19T21:13:24.801+0000] {processor.py:809} INFO - DAG(s) dict_keys(['tutorial_taskflow_api']) retrieved from /home/airflow/.local/lib/python3.7/site-packages/airflow/example_dags/tutorial_taskflow_api.py
[2026-09-19T21:13:24.845+0000] {logging_mixin.py:149} INFO - [2026-09-19T21:13:24.845+0000] {dag.py:2726} INFO - Sync 1 DAGs
[2026-09-19T21:13:24.896+0000] {logging_mixin.py:149} INFO - [2026-09-19T21:13:24.895+0000] {dag.py:3490} INFO - Setting next_dagrun for tutorial_taskflow_api to None, run_after=None
[2026-09-19T21:13:24.934+0000] {processor.py:178} INFO - Processing /home/airflow/.local/lib/python3.7/site-packages/airflow/example_dags/tutorial_taskflow_api.py took 0.155 seconds
[2026-09-19T21:13:56.379+0000] {processor.py:156} INFO - Started process (PID=1554) to work on /home/airflow/.local/lib/python3.7/site-packages/airflow/example_dags/tutorial_taskflow_api.py
[2026-09-19T21:13:56.382+0000] {processor.py:799} INFO - Processing file /home/airflow/.local/lib/python3.7/site-packages/airflow/example_dags/tutorial_taskflow_api.py for tasks to queue
[2026-09-19T21:13:56.383+0000] {logging_mixin.py:149} INFO - [2026-09-19T21:13:56.383+0000] {dagbag.py:541} INFO - Filling up the DagBag from /home/airflow/.local/lib/python3.7/site-packages/airflow/example_dags/tutorial_taskflow_api.py
[2026-09-19T21:13:56.396+0000] {processor.py:809} INFO - DAG(s) dict_keys(['tutorial_taskflow_api']) retrieved from /home/airflow/.local/lib/python3.7/site-packages/airflow/example_dags/tutorial_taskflow_api.py
[2026-09-19T21:13:56.443+0000] {logging_mixin.py:149} INFO - [2026-09-19T21:13:56.442+0000] {dag.py:2726} INFO - Sync 1 DAGs
[2026-09-19T21:13:56.486+0000] {logging_mixin.py:149} INFO - [2026-09-19T21:13:56.485+0000] {dag.py:3490} INFO - Setting next_dagrun for tutorial_taskflow_api to None, run_after=None
[2026-09-19T21:13:56.527+0000] {processor.py:178} INFO - Processing /home/airflow/.local/lib/python3.7/site-packages/airflow/example_dags/tutorial_taskflow_api.py took 0.157 seconds
[2026-09-19T21:14:27.900+0000] {processor.py:156} INFO - Started process (PID=1610) to work on /home/airflow/.local/lib/python3.7/site-packages/airflow/example_dags/tutorial_taskflow_api.py
[2026-09-19T21:14:27.903+0000] {processor.py:799} INFO - Processing file /home/airflow/.local/lib/python3.7/site-packages/airflow/example_dags/tutorial_taskflow_api.py for tasks to queue
[2026-09-19T21:14:27.904+0000] {logging_mixin.py:149} INFO - [2026-09-19T21:14:27.904+0000] {dagbag.py:541} INFO - Filling up the DagBag from /home/airflow/.local/lib/python3.7/site-packages/airflow/example_dags/tutorial_taskflow_api.py
[2026-09-19T21:14:27.916+0000] {processor.py:809} INFO - DAG(s) dict_keys(['tutorial_taskflow_api']) retrieved from /home/airflow/.local/lib/python3.7/site-packages/airflow/example_dags/tutorial_taskflow_api.py
[2026-09-19T21:14:27.962+0000] {logging_mixin.py:149} INFO - [2026-09-19T21:14:27.962+0000] {dag.py:2726} INFO - Sync 1 DAGs
[2026-09-19T21:14:28.013+0000] {logging_mixin.py:149} INFO - [2026-09-19T21:14:28.013+0000] {dag.py:3490} INFO - Setting next_dagrun for tutorial_taskflow_api to None, run_after=None
[2026-09-19T21:14:28.045+0000] {processor.py:178} INFO - Processing /home/airflow/.local/lib/python3.7/site-packages/airflow/example_dags/tutorial_taskflow_api.py took 0.151 seconds
[2026-09-19T21:14:58.552+0000] {processor.py:156} INFO - Started process (PID=1666) to work on /home/airflow/.local/lib/python3.7/site-packages/airflow/example_dags/tutorial_taskflow_api.py
[2026-09-19T21:14:58.554+0000] {processor.py:799} INFO - Processing file /home/airflow/.local/lib/python3.7/site-packages/airflow/example_dags/tutorial_taskflow_api.py for tasks to queue
[2026-09-19T21:14:58.555+0000] {logging_mixin.py:149} INFO - [2026-09-19T21:14:58.555+0000] {dagbag.py:541} INFO - Filling up the DagBag from /home/airflow/.local/lib/python3.7/site-packages/airflow/example_dags/tutorial_taskflow_api.py
[2026-09-19T21:14:58.564+0000] {processor.py:809} INFO - DAG(s) dict_keys(['tutorial_taskflow_api']) retrieved from /home/airflow/.local/lib/python3.7/site-packages/airflow/example_dags/tutorial_taskflow_api.py
[2026-09-19T21:14:58.606+0000] {logging_mixin.py:149} INFO - [2026-09-19T21:14:58.606+0000] {dag.py:2726} INFO - Sync 1 DAGs
[2026-09-19T21:14:58.649+0000] {logging_mixin.py:149} INFO - [2026-09-19T21:14:58.648+0000] {dag.py:3490} INFO - Setting next_dagrun for tutorial_taskflow_api to None, run_after=None
[2026-09-19T21:14:58.678+0000] {processor.py:178} INFO - Processing /home/airflow/.local/lib/python3.7/site-packages/airflow/example_dags/tutorial_taskflow_api.py took 0.131 seconds
[2026-09-19T21:15:29.371+0000] {processor.py:156} INFO - Started process (PID=1722) to work on /home/airflow/.local/lib/python3.7/site-packages/airflow/example_dags/tutorial_taskflow_api.py
[2026-09-19T21:15:29.383+0000] {processor.py:799} INFO - Processing file /home/airflow/.local/lib/python3.7/site-packages/airflow/example_dags/tutorial_taskflow_api.py for tasks to queue
[2026-09-19T21:15:29.384+0000] {logging_mixin.py:149} INFO - [2026-09-19T21:15:29.384+0000] {dagbag.py:541} INFO - Filling up the DagBag from /home/airflow/.local/lib/python3.7/site-packages/airflow/example_dags/tutorial_taskflow_api.py
[2026-09-19T21:15:29.397+0000] {processor.py:809} INFO - DAG(s) dict_keys(['tutorial_taskflow_api']) retrieved from /home/airflow/.local/lib/python3.7/site-packages/airflow/example_dags/tutorial_taskflow_api.py
[2026-09-19T21:15:29.447+0000] {logging_mixin.py:149} INFO - [2026-09-19T21:15:29.447+0000] {dag.py:2726} INFO - Sync 1 DAGs
[2026-09-19T21:15:29.494+0000] {logging_mixin.py:149} INFO - [2026-09-19T21:15:29.493+0000] {dag.py:3490} INFO - Setting next_dagrun for tutorial_taskflow_api to None, run_after=None
[2026-09-19T21:15:29.523+0000] {processor.py:178} INFO - Processing /home/airflow/.local/lib/python3.7/site-packages/airflow/example_dags/tutorial_taskflow_api.py took 0.160 seconds
[2026-09-19T21:15:59.823+0000] {processor.py:156} INFO - Started process (PID=1778) to work on /home/airflow/.local/lib/python3.7/site-packages/airflow/example_dags/tutorial_taskflow_api.py
[2026-09-19T21:15:59.839+0000] {processor.py:799} INFO - Processing file /home/airflow/.local/lib/python3.7/site-packages/airflow/example_dags/tutorial_taskflow_api.py for tasks to queue
[2026-09-19T21:15:59.840+0000] {logging_mixin.py:149} INFO - [2026-09-19T21:15:59.840+0000] {dagbag.py:541} INFO - Filling up the DagBag from /home/airflow/.local/lib/python3.7/site-packages/airflow/example_dags/tutorial_taskflow_api.py
[2026-09-19T21:15:59.849+0000] {processor.py:809} INFO - DAG(s) dict_keys(['tutorial_taskflow_api']) retrieved from /home/airflow/.local/lib/python3.7/site-packages/airflow/example_dags/tutorial_taskflow_api.py
[2026-09-19T21:15:59.895+0000] {logging_mixin.py:149} INFO - [2026-09-19T21:15:59.895+0000] {dag.py:2726} INFO - Sync 1 DAGs
[2026-09-19T21:15:59.935+0000] {logging_mixin.py:149} INFO - [2026-09-19T21:15:59.934+0000] {dag.py:3490} INFO - Setting next_dagrun for tutorial_taskflow_api to None, run_after=None
[2026-09-19T21:15:59.963+0000] {processor.py:178} INFO - Processing /home/airflow/.local/lib/python3.7/site-packages/airflow/example_dags/tutorial_taskflow_api.py took 0.152 seconds
[2026-09-19T21:16:30.324+0000] {processor.py:156} INFO - Started process (PID=1834) to work on /home/airflow/.local/lib/python3.7/site-packages/airflow/example_dags/tutorial_taskflow_api.py
[2026-09-19T21:16:30.325+0000] {processor.py:799} INFO - Processing file /home/airflow/.local/lib/python3.7/site-packages/airflow/example_dags/tutorial_taskflow_api.py for tasks to queue
[2026-09-19T21:16:30.326+0000] {logging_mixin.py:149} INFO - [2026-09-19T21:16:30.326+0000] {dagbag.py:541} INFO - Filling up the DagBag from /home/airflow/.local/lib/python3.7/site-packages/airflow/example_dags/tutorial_taskflow_api.py
[2026-09-19T21:16:30.336+0000] {processor.py:809} INFO - DAG(s) dict_keys(['tutorial_taskflow_api']) retrieved from /home/airflow/.local/lib/python3.7/site-packages/airflow/example_dags/tutorial_taskflow_api.py
[2026-09-19T21:16:30.384+0000] {logging_mixin.py:149} INFO - [2026-09-19T21:16:30.384+0000] {dag.py:2726} INFO - Sync 1 DAGs
[2026-09-19T21:16:30.435+0000] {logging_mixin.py:149} INFO - [2026-09-19T21:16:30.435+0000] {dag.py:3490} INFO - Setting next_dagrun for tutorial_taskflow_api to None, run_after=None
[2026-09-19T21:16:30.472+0000] {processor.py:178} INFO - Processing /home/airflow/.local/lib/python3.7/site-packages/airflow/example_dags/tutorial_taskflow_api.py took 0.157 seconds
[2026-09-19T21:17:01.070+0000] {processor.py:156} INFO - Started process (PID=1890) to work on /home/airflow/.local/lib/python3.7/site-packages/airflow/example_dags/tutorial_taskflow_api.py
[2026-09-19T21:17:01.071+0000] {processor.py:799} INFO - Processing file /home/airflow/.local/lib/python3.7/site-packages/airflow/example_dags/tutorial_taskflow_api.py for tasks to queue
[2026-09-19T21:17:01.072+0000] {logging_mixin.py:149} INFO - [2026-09-19T21:17:01.072+0000] {dagbag.py:541} INFO - Filling up the DagBag from /home/airflow/.local/lib/python3.7/site-packages/airflow/example_dags/tutorial_taskflow_api.py
[2026-09-19T21:17:01.083+0000] {processor.py:809} INFO - DAG(s) dict_keys(['tutorial_taskflow_api']) retrieved from /home/airflow/.local/lib/python3.7/site-packages/airflow/example_dags/tutorial_taskflow_api.py
[2026-09-19T21:17:01.128+0000] {logging_mixin.py:149} INFO - [2026-09-19T21:17:01.127+0000] {dag.py:2726} INFO - Sync 1 DAGs
[2026-09-19T21:17:01.173+0000] {logging_mixin.py:149} INFO - [2026-09-19T21:17:01.173+0000] {dag.py:3490} INFO - Setting next_dagrun for tutorial_taskflow_api to None, run_after=None
[2026-09-19T21:17:01.203+0000] {processor.py:178} INFO - Processing /home/airflow/.local/lib/python3.7/site-packages/airflow/example_dags/tutorial_taskflow_api.py took 0.139 seconds
[2026-09-19T21:17:31.926+0000] {processor.py:156} INFO - Started process (PID=1946) to work on /home/airflow/.local/lib/python3.7/site-packages/airflow/example_dags/tutorial_taskflow_api.py
[2026-09-19T21:17:31.931+0000] {processor.py:799} INFO - Processing file /home/airflow/.local/lib/python3.7/site-packages/airflow/example_dags/tutorial_taskflow_api.py for tasks to queue
[2026-09-19T21:17:31.932+0000] {logging_mixin.py:149} INFO - [2026-09-19T21:17:31.932+0000] {dagbag.py:541} INFO - Filling up the DagBag from /home/airflow/.local/lib/python3.7/site-packages/airflow/example_dags/tutorial_taskflow_api.py
[2026-09-19T21:17:31.943+0000] {processor.py:809} INFO - DAG(s) dict_keys(['tutorial_taskflow_api']) retrieved from /home/airflow/.local/lib/python3.7/site-packages/airflow/example_dags/tutorial_taskflow_api.py
[2026-09-19T21:17:31.988+0000] {logging_mixin.py:149} INFO - [2026-09-19T21:17:31.988+0000] {dag.py:2726} INFO - Sync 1 DAGs
[2026-09-19T21:17:32.031+0000] {logging_mixin.py:149} INFO - [2026-09-19T21:17:32.031+0000] {dag.py:3490} INFO - Setting next_dagrun for tutorial_taskflow_api to None, run_after=None
[2026-09-19T21:17:32.062+0000] {processor.py:178} INFO - Processing /home/airflow/.local/lib/python3.7/site-packages/airflow/example_dags/tutorial_taskflow_api.py took 0.143 seconds
[2026-09-19T21:18:02.350+0000] {processor.py:156} INFO - Started process (PID=2002) to work on /home/airflow/.local/lib/python3.7/site-packages/airflow/example_dags/tutorial_taskflow_api.py
[2026-09-19T21:18:02.355+0000] {processor.py:799} INFO - Processing file /home/airflow/.local/lib/python3.7/site-packages/airflow/example_dags/tutorial_taskflow_api.py for tasks to queue
[2026-09-19T21:18:02.356+0000] {logging_mixin.py:149} INFO - [2026-09-19T21:18:02.356+0000] {dagbag.py:541} INFO - Filling up the DagBag from /home/airflow/.local/lib/python3.7/site-packages/airflow/example_dags/tutorial_taskflow_api.py
[2026-09-19T21:18:02.367+0000] {processor.py:809} INFO - DAG(s) dict_keys(['tutorial_taskflow_api']) retrieved from /home/airflow/.local/lib/python3.7/site-packages/airflow/example_dags/tutorial_taskflow_api.py
[2026-09-19T21:18:02.429+0000] {logging_mixin.py:149} INFO - [2026-09-19T21:18:02.428+0000] {dag.py:2726} INFO - Sync 1 DAGs
[2026-09-19T21:18:02.503+0000] {logging_mixin.py:149} INFO - [2026-09-19T21:18:02.503+0000] {dag.py:3490} INFO - Setting next_dagrun for tutorial_taskflow_api to None, run_after=None
[2026-09-19T21:18:02.533+0000] {processor.py:178} INFO - Processing /home/airflow/.local/lib/python3.7/site-packages/airflow/example_dags/tutorial_taskflow_api.py took 0.190 seconds
[2026-09-19T21:18:33.210+0000] {processor.py:156} INFO - Started process (PID=2058) to work on /home/airflow/.local/lib/python3.7/site-packages/airflow/example_dags/tutorial_taskflow_api.py
[2026-09-19T21:18:33.212+0000] {processor.py:799} INFO - Processing file /home/airflow/.local/lib/python3.7/site-packages/airflow/example_dags/tutorial_taskflow_api.py for tasks to queue
[2026-09-19T21:18:33.213+0000] {logging_mixin.py:149} INFO - [2026-09-19T21:18:33.212+0000] {dagbag.py:541} INFO - Filling up the DagBag from /home/airflow/.local/lib/python3.7/site-packages/airflow/example_dags/tutorial_taskflow_api.py
[2026-09-19T21:18:33.225+0000] {processor.py:809} INFO - DAG(s) dict_keys(['tutorial_taskflow_api']) retrieved from /home/airflow/.local/lib/python3.7/site-packages/airflow/example_dags/tutorial_taskflow_api.py
[2026-09-19T21:18:33.274+0000] {logging_mixin.py:149} INFO - [2026-09-19T21:18:33.273+0000] {dag.py:2726} INFO - Sync 1 DAGs
[2026-09-19T21:18:33.323+0000] {logging_mixin.py:149} INFO - [2026-09-19T21:18:33.323+0000] {dag.py:3490} INFO - Setting next_dagrun for tutorial_taskflow_api to None, run_after=None
[2026-09-19T21:18:33.358+0000] {processor.py:178} INFO - Processing /home/airflow/.local/lib/python3.7/site-packages/airflow/example_dags/tutorial_taskflow_api.py took 0.155 seconds
[2026-09-19T21:19:03.701+0000] {processor.py:156} INFO - Started process (PID=2114) to work on /home/airflow/.local/lib/python3.7/site-packages/airflow/example_dags/tutorial_taskflow_api.py
[2026-09-19T21:19:03.709+0000] {processor.py:799} INFO - Processing file /home/airflow/.local/lib/python3.7/site-packages/airflow/example_dags/tutorial_taskflow_api.py for tasks to queue
[2026-09-19T21:19:03.711+0000] {logging_mixin.py:149} INFO - [2026-09-19T21:19:03.710+0000] {dagbag.py:541} INFO - Filling up the DagBag from /home/airflow/.local/lib/python3.7/site-packages/airflow/example_dags/tutorial_taskflow_api.py
[2026-09-19T21:19:03.723+0000] {processor.py:809} INFO - DAG(s) dict_keys(['tutorial_taskflow_api']) retrieved from /home/airflow/.local/lib/python3.7/site-packages/airflow/example_dags/tutorial_taskflow_api.py
[2026-09-19T21:19:03.772+0000] {logging_mixin.py:149} INFO - [2026-09-19T21:19:03.772+0000] {dag.py:2726} INFO - Sync 1 DAGs
[2026-09-19T21:19:03.818+0000] {logging_mixin.py:149} INFO - [2026-09-19T21:19:03.817+0000] {dag.py:3490} INFO - Setting next_dagrun for tutorial_taskflow_api to None, run_after=None
[2026-09-19T21:19:03.852+0000] {processor.py:178} INFO - Processing /home/airflow/.local/lib/python3.7/site-packages/airflow/example_dags/tutorial_taskflow_api.py took 0.158 seconds
[2026-09-19T21:19:34.543+0000] {processor.py:156} INFO - Started process (PID=2170) to work on /home/airflow/.local/lib/python3.7/site-packages/airflow/example_dags/tutorial_taskflow_api.py
[2026-09-19T21:19:34.546+0000] {processor.py:799} INFO - Processing file /home/airflow/.local/lib/python3.7/site-packages/airflow/example_dags/tutorial_taskflow_api.py for tasks to queue
[2026-09-19T21:19:34.547+0000] {logging_mixin.py:149} INFO - [2026-09-19T21:19:34.547+0000] {dagbag.py:541} INFO - Filling up the DagBag from /home/airflow/.local/lib/python3.7/site-packages/airflow/example_dags/tutorial_taskflow_api.py
[2026-09-19T21:19:34.559+0000] {processor.py:809} INFO - DAG(s) dict_keys(['tutorial_taskflow_api']) retrieved from /home/airflow/.local/lib/python3.7/site-packages/airflow/example_dags/tutorial_taskflow_api.py
[2026-09-19T21:19:34.610+0000] {logging_mixin.py:149} INFO - [2026-09-19T21:19:34.609+0000] {dag.py:2726} INFO - Sync 1 DAGs
[2026-09-19T21:19:34.654+0000] {logging_mixin.py:149} INFO - [2026-09-19T21:19:34.653+0000] {dag.py:3490} INFO - Setting next_dagrun for tutorial_taskflow_api to None, run_after=None
[2026-09-19T21:19:34.686+0000] {processor.py:178} INFO - Processing /home/airflow/.local/lib/python3.7/site-packages/airflow/example_dags/tutorial_taskflow_api.py took 0.149 seconds
[2026-09-19T21:20:04.776+0000] {processor.py:156} INFO - Started process (PID=2226) to work on /home/airflow/.local/lib/python3.7/site-packages/airflow/example_dags/tutorial_taskflow_api.py
[2026-09-19T21:20:04.778+0000] {processor.py:799} INFO - Processing file /home/airflow/.local/lib/python3.7/site-packages/airflow/example_dags/tutorial_taskflow_api.py for tasks to queue
[2026-09-19T21:20:04.779+0000] {logging_mixin.py:149} INFO - [2026-09-19T21:20:04.778+0000] {dagbag.py:541} INFO - Filling up the DagBag from /home/airflow/.local/lib/python3.7/site-packages/airflow/example_dags/tutorial_taskflow_api.py
[2026-09-19T21:20:04.788+0000] {processor.py:809} INFO - DAG(s) dict_keys(['tutorial_taskflow_api']) retrieved from /home/airflow/.local/lib/python3.7/site-packages/airflow/example_dags/tutorial_taskflow_api.py
[2026-09-19T21:20:04.835+0000] {logging_mixin.py:149} INFO - [2026-09-19T21:20:04.834+0000] {dag.py:2726} INFO - Sync 1 DAGs
[2026-09-19T21:20:04.885+0000] {logging_mixin.py:149} INFO - [2026-09-19T21:20:04.884+0000] {dag.py:3490} INFO - Setting next_dagrun for tutorial_taskflow_api to None, run_after=None
[2026-09-19T21:20:04.915+0000] {processor.py:178} INFO - Processing /home/airflow/.local/lib/python3.7/site-packages/airflow/example_dags/tutorial_taskflow_api.py took 0.145 seconds
[2026-09-19T21:20:35.482+0000] {processor.py:156} INFO - Started process (PID=2282) to work on /home/airflow/.local/lib/python3.7/site-packages/airflow/example_dags/tutorial_taskflow_api.py
[2026-09-19T21:20:35.485+0000] {processor.py:799} INFO - Processing file /home/airflow/.local/lib/python3.7/site-packages/airflow/example_dags/tutorial_taskflow_api.py for tasks to queue
[2026-09-19T21:20:35.486+0000] {logging_mixin.py:149} INFO - [2026-09-19T21:20:35.486+0000] {dagbag.py:541} INFO - Filling up the DagBag from /home/airflow/.local/lib/python3.7/site-packages/airflow/example_dags/tutorial_taskflow_api.py
[2026-09-19T21:20:35.517+0000] {processor.py:809} INFO - DAG(s) dict_keys(['tutorial_taskflow_api']) retrieved from /home/airflow/.local/lib/python3.7/site-packages/airflow/example_dags/tutorial_taskflow_api.py
[2026-09-19T21:20:35.579+0000] {logging_mixin.py:149} INFO - [2026-09-19T21:20:35.579+0000] {dag.py:2726} INFO - Sync 1 DAGs
[2026-09-19T21:20:35.652+0000] {logging_mixin.py:149} INFO - [2026-09-19T21:20:35.651+0000] {dag.py:3490} INFO - Setting next_dagrun for tutorial_taskflow_api to None, run_after=None
[2026-09-19T21:20:35.683+0000] {processor.py:178} INFO - Processing /home/airflow/.local/lib/python3.7/site-packages/airflow/example_dags/tutorial_taskflow_api.py took 0.210 seconds
[2026-09-19T21:21:06.789+0000] {processor.py:156} INFO - Started process (PID=2338) to work on /home/airflow/.local/lib/python3.7/site-packages/airflow/example_dags/tutorial_taskflow_api.py
[2026-09-19T21:21:06.791+0000] {processor.py:799} INFO - Processing file /home/airflow/.local/lib/python3.7/site-packages/airflow/example_dags/tutorial_taskflow_api.py for tasks to queue
[2026-09-19T21:21:06.792+0000] {logging_mixin.py:149} INFO - [2026-09-19T21:21:06.791+0000] {dagbag.py:541} INFO - Filling up the DagBag from /home/airflow/.local/lib/python3.7/site-packages/airflow/example_dags/tutorial_taskflow_api.py
[2026-09-19T21:21:06.803+0000] {processor.py:809} INFO - DAG(s) dict_keys(['tutorial_taskflow_api']) retrieved from /home/airflow/.local/lib/python3.7/site-packages/airflow/example_dags/tutorial_taskflow_api.py
[2026-09-19T21:21:06.858+0000] {logging_mixin.py:149} INFO - [2026-09-19T21:21:06.858+0000] {dag.py:2726} INFO - Sync 1 DAGs
[2026-09-19T21:21:06.917+0000] {logging_mixin.py:149} INFO - [2026-09-19T21:21:06.917+0000] {dag.py:3490} INFO - Setting next_dagrun for tutorial_taskflow_api to None, run_after=None
[2026-09-19T21:21:06.954+0000] {processor.py:178} INFO - Processing /home/airflow/.local/lib/python3.7/site-packages/airflow/example_dags/tutorial_taskflow_api.py took 0.171 seconds
[2026-09-19T21:21:37.515+0000] {processor.py:156} INFO - Started process (PID=2394) to work on /home/airflow/.local/lib/python3.7/site-packages/airflow/example_dags/tutorial_taskflow_api.py
[2026-09-19T21:21:37.518+0000] {processor.py:799} INFO - Processing file /home/airflow/.local/lib/python3.7/site-packages/airflow/example_dags/tutorial_taskflow_api.py for tasks to queue
[2026-09-19T21:21:37.519+0000] {logging_mixin.py:149} INFO - [2026-09-19T21:21:37.519+0000] {dagbag.py:541} INFO - Filling up the DagBag from /home/airflow/.local/lib/python3.7/site-packages/airflow/example_dags/tutorial_taskflow_api.py
[2026-09-19T21:21:37.531+0000] {processor.py:809} INFO - DAG(s) dict_keys(['tutorial_taskflow_api']) retrieved from /home/airflow/.local/lib/python3.7/site-packages/airflow/example_dags/tutorial_taskflow_api.py
[2026-09-19T21:21:37.574+0000] {logging_mixin.py:149} INFO - [2026-09-19T21:21:37.574+0000] {dag.py:2726} INFO - Sync 1 DAGs
[2026-09-19T21:21:37.619+0000] {logging_mixin.py:149} INFO - [2026-09-19T21:21:37.619+0000] {dag.py:3490} INFO - Setting next_dagrun for tutorial_taskflow_api to None, run_after=None
[2026-09-19T21:21:37.649+0000] {processor.py:178} INFO - Processing /home/airflow/.local/lib/python3.7/site-packages/airflow/example_dags/tutorial_taskflow_api.py took 0.141 seconds
[2026-09-19T21:22:08.130+0000] {processor.py:156} INFO - Started process (PID=2450) to work on /home/airflow/.local/lib/python3.7/site-packages/airflow/example_dags/tutorial_taskflow_api.py
[2026-09-19T21:22:08.132+0000] {processor.py:799} INFO - Processing file /home/airflow/.local/lib/python3.7/site-packages/airflow/example_dags/tutorial_taskflow_api.py for tasks to queue
[2026-09-19T21:22:08.133+0000] {logging_mixin.py:149} INFO - [2026-09-19T21:22:08.132+0000] {dagbag.py:541} INFO - Filling up the DagBag from /home/airflow/.local/lib/python3.7/site-packages/airflow/example_dags/tutorial_taskflow_api.py
[2026-09-19T21:22:08.144+0000] {processor.py:809} INFO - DAG(s) dict_keys(['tutorial_taskflow_api']) retrieved from /home/airflow/.local/lib/python3.7/site-packages/airflow/example_dags/tutorial_taskflow_api.py
[2026-09-19T21:22:08.201+0000] {logging_mixin.py:149} INFO - [2026-09-19T21:22:08.201+0000] {dag.py:2726} INFO - Sync 1 DAGs
[2026-09-19T21:22:08.249+0000] {logging_mixin.py:149} INFO - [2026-09-19T21:22:08.248+0000] {dag.py:3490} INFO - Setting next_dagrun for tutorial_taskflow_api to None, run_after=None
[2026-09-19T21:22:08.282+0000] {processor.py:178} INFO - Processing /home/airflow/.local/lib/python3.7/site-packages/airflow/example_dags/tutorial_taskflow_api.py took 0.158 seconds
[2026-09-19T21:22:38.337+0000] {processor.py:156} INFO - Started process (PID=2506) to work on /home/airflow/.local/lib/python3.7/site-packages/airflow/example_dags/tutorial_taskflow_api.py
[2026-09-19T21:22:38.341+0000] {processor.py:799} INFO - Processing file /home/airflow/.local/lib/python3.7/site-packages/airflow/example_dags/tutorial_taskflow_api.py for tasks to queue
[2026-09-19T21:22:38.342+0000] {logging_mixin.py:149} INFO - [2026-09-19T21:22:38.342+0000] {dagbag.py:541} INFO - Filling up the DagBag from /home/airflow/.local/lib/python3.7/site-packages/airflow/example_dags/tutorial_taskflow_api.py
[2026-09-19T21:22:38.353+0000] {processor.py:809} INFO - DAG(s) dict_keys(['tutorial_taskflow_api']) retrieved from /home/airflow/.local/lib/python3.7/site-packages/airflow/example_dags/tutorial_taskflow_api.py
[2026-09-19T21:22:38.400+0000] {logging_mixin.py:149} INFO - [2026-09-19T21:22:38.400+0000] {dag.py:2726} INFO - Sync 1 DAGs
[2026-09-19T21:22:38.454+0000] {logging_mixin.py:149} INFO - [2026-09-19T21:22:38.454+0000] {dag.py:3490} INFO - Setting next_dagrun for tutorial_taskflow_api to None, run_after=None
[2026-09-19T21:22:38.488+0000] {processor.py:178} INFO - Processing /home/airflow/.local/lib/python3.7/site-packages/airflow/example_dags/tutorial_taskflow_api.py took 0.158 seconds
[2026-09-19T21:23:09.086+0000] {processor.py:156} INFO - Started process (PID=2562) to work on /home/airflow/.local/lib/python3.7/site-packages/airflow/example_dags/tutorial_taskflow_api.py
[2026-09-19T21:23:09.087+0000] {processor.py:799} INFO - Processing file /home/airflow/.local/lib/python3.7/site-packages/airflow/example_dags/tutorial_taskflow_api.py for tasks to queue
[2026-09-19T21:23:09.088+0000] {logging_mixin.py:149} INFO - [2026-09-19T21:23:09.088+0000] {dagbag.py:541} INFO - Filling up the DagBag from /home/airflow/.local/lib/python3.7/site-packages/airflow/example_dags/tutorial_taskflow_api.py
[2026-09-19T21:23:09.098+0000] {processor.py:809} INFO - DAG(s) dict_keys(['tutorial_taskflow_api']) retrieved from /home/airflow/.local/lib/python3.7/site-packages/airflow/example_dags/tutorial_taskflow_api.py
[2026-09-19T21:23:09.142+0000] {logging_mixin.py:149} INFO - [2026-09-19T21:23:09.142+0000] {dag.py:2726} INFO - Sync 1 DAGs
[2026-09-19T21:23:09.195+0000] {logging_mixin.py:149} INFO - [2026-09-19T21:23:09.195+0000] {dag.py:3490} INFO - Setting next_dagrun for tutorial_taskflow_api to None, run_after=None
[2026-09-19T21:23:09.229+0000] {processor.py:178} INFO - Processing /home/airflow/.local/lib/python3.7/site-packages/airflow/example_dags/tutorial_taskflow_api.py took 0.150 seconds
[2026-09-19T21:23:39.770+0000] {processor.py:156} INFO - Started process (PID=2618) to work on /home/airflow/.local/lib/python3.7/site-packages/airflow/example_dags/tutorial_taskflow_api.py
[2026-09-19T21:23:39.772+0000] {processor.py:799} INFO - Processing file /home/airflow/.local/lib/python3.7/site-packages/airflow/example_dags/tutorial_taskflow_api.py for tasks to queue
[2026-09-19T21:23:39.773+0000] {logging_mixin.py:149} INFO - [2026-09-19T21:23:39.773+0000] {dagbag.py:541} INFO - Filling up the DagBag from /home/airflow/.local/lib/python3.7/site-packages/airflow/example_dags/tutorial_taskflow_api.py
[2026-09-19T21:23:39.786+0000] {processor.py:809} INFO - DAG(s) dict_keys(['tutorial_taskflow_api']) retrieved from /home/airflow/.local/lib/python3.7/site-packages/airflow/example_dags/tutorial_taskflow_api.py
[2026-09-19T21:23:39.830+0000] {logging_mixin.py:149} INFO - [2026-09-19T21:23:39.830+0000] {dag.py:2726} INFO - Sync 1 DAGs
[2026-09-19T21:23:39.881+0000] {logging_mixin.py:149} INFO - [2026-09-19T21:23:39.881+0000] {dag.py:3490} INFO - Setting next_dagrun for tutorial_taskflow_api to None, run_after=None
[2026-09-19T21:23:39.910+0000] {processor.py:178} INFO - Processing /home/airflow/.local/lib/python3.7/site-packages/airflow/example_dags/tutorial_taskflow_api.py took 0.148 seconds
[2026-09-19T21:24:10.877+0000] {processor.py:156} INFO - Started process (PID=2675) to work on /home/airflow/.local/lib/python3.7/site-packages/airflow/example_dags/tutorial_taskflow_api.py
[2026-09-19T21:24:10.879+0000] {processor.py:799} INFO - Processing file /home/airflow/.local/lib/python3.7/site-packages/airflow/example_dags/tutorial_taskflow_api.py for tasks to queue
[2026-09-19T21:24:10.880+0000] {logging_mixin.py:149} INFO - [2026-09-19T21:24:10.880+0000] {dagbag.py:541} INFO - Filling up the DagBag from /home/airflow/.local/lib/python3.7/site-packages/airflow/example_dags/tutorial_taskflow_api.py
[2026-09-19T21:24:10.892+0000] {processor.py:809} INFO - DAG(s) dict_keys(['tutorial_taskflow_api']) retrieved from /home/airflow/.local/lib/python3.7/site-packages/airflow/example_dags/tutorial_taskflow_api.py
[2026-09-19T21:24:10.941+0000] {logging_mixin.py:149} INFO - [2026-09-19T21:24:10.940+0000] {dag.py:2726} INFO - Sync 1 DAGs
[2026-09-19T21:24:10.981+0000] {logging_mixin.py:149} INFO - [2026-09-19T21:24:10.981+0000] {dag.py:3490} INFO - Setting next_dagrun for tutorial_taskflow_api to None, run_after=None
[2026-09-19T21:24:11.009+0000] {processor.py:178} INFO - Processing /home/airflow/.local/lib/python3.7/site-packages/airflow/example_dags/tutorial_taskflow_api.py took 0.138 seconds
[2026-09-19T21:24:42.198+0000] {processor.py:156} INFO - Started process (PID=2730) to work on /home/airflow/.local/lib/python3.7/site-packages/airflow/example_dags/tutorial_taskflow_api.py
[2026-09-19T21:24:42.200+0000] {processor.py:799} INFO - Processing file /home/airflow/.local/lib/python3.7/site-packages/airflow/example_dags/tutorial_taskflow_api.py for tasks to queue
[2026-09-19T21:24:42.201+0000] {logging_mixin.py:149} INFO - [2026-09-19T21:24:42.200+0000] {dagbag.py:541} INFO - Filling up the DagBag from /home/airflow/.local/lib/python3.7/site-packages/airflow/example_dags/tutorial_taskflow_api.py
[2026-09-19T21:24:42.211+0000] {processor.py:809} INFO - DAG(s) dict_keys(['tutorial_taskflow_api']) retrieved from /home/airflow/.local/lib/python3.7/site-packages/airflow/example_dags/tutorial_taskflow_api.py
[2026-09-19T21:24:42.262+0000] {logging_mixin.py:149} INFO - [2026-09-19T21:24:42.262+0000] {dag.py:2726} INFO - Sync 1 DAGs
[2026-09-19T21:24:42.309+0000] {logging_mixin.py:149} INFO - [2026-09-19T21:24:42.309+0000] {dag.py:3490} INFO - Setting next_dagrun for tutorial_taskflow_api to None, run_after=None
[2026-09-19T21:24:42.344+0000] {processor.py:178} INFO - Processing /home/airflow/.local/lib/python3.7/site-packages/airflow/example_dags/tutorial_taskflow_api.py took 0.152 seconds
[2026-09-19T21:25:12.787+0000] {processor.py:156} INFO - Started process (PID=2786) to work on /home/airflow/.local/lib/python3.7/site-packages/airflow/example_dags/tutorial_taskflow_api.py
[2026-09-19T21:25:12.789+0000] {processor.py:799} INFO - Processing file /home/airflow/.local/lib/python3.7/site-packages/airflow/example_dags/tutorial_taskflow_api.py for tasks to queue
[2026-09-19T21:25:12.793+0000] {logging_mixin.py:149} INFO - [2026-09-19T21:25:12.793+0000] {dagbag.py:541} INFO - Filling up the DagBag from /home/airflow/.local/lib/python3.7/site-packages/airflow/example_dags/tutorial_taskflow_api.py
[2026-09-19T21:25:12.806+0000] {processor.py:809} INFO - DAG(s) dict_keys(['tutorial_taskflow_api']) retrieved from /home/airflow/.local/lib/python3.7/site-packages/airflow/example_dags/tutorial_taskflow_api.py
[2026-09-19T21:25:12.848+0000] {logging_mixin.py:149} INFO - [2026-09-19T21:25:12.847+0000] {dag.py:2726} INFO - Sync 1 DAGs
[2026-09-19T21:25:12.896+0000] {logging_mixin.py:149} INFO - [2026-09-19T21:25:12.896+0000] {dag.py:3490} INFO - Setting next_dagrun for tutorial_taskflow_api to None, run_after=None
[2026-09-19T21:25:12.927+0000] {processor.py:178} INFO - Processing /home/airflow/.local/lib/python3.7/site-packages/airflow/example_dags/tutorial_taskflow_api.py took 0.149 seconds
[2026-09-19T21:25:43.605+0000] {processor.py:156} INFO - Started process (PID=2844) to work on /home/airflow/.local/lib/python3.7/site-packages/airflow/example_dags/tutorial_taskflow_api.py
[2026-09-19T21:25:43.607+0000] {processor.py:799} INFO - Processing file /home/airflow/.local/lib/python3.7/site-packages/airflow/example_dags/tutorial_taskflow_api.py for tasks to queue
[2026-09-19T21:25:43.608+0000] {logging_mixin.py:149} INFO - [2026-09-19T21:25:43.607+0000] {dagbag.py:541} INFO - Filling up the DagBag from /home/airflow/.local/lib/python3.7/site-packages/airflow/example_dags/tutorial_taskflow_api.py
[2026-09-19T21:25:43.619+0000] {processor.py:809} INFO - DAG(s) dict_keys(['tutorial_taskflow_api']) retrieved from /home/airflow/.local/lib/python3.7/site-packages/airflow/example_dags/tutorial_taskflow_api.py
[2026-09-19T21:25:43.662+0000] {logging_mixin.py:149} INFO - [2026-09-19T21:25:43.662+0000] {dag.py:2726} INFO - Sync 1 DAGs
[2026-09-19T21:25:43.721+0000] {logging_mixin.py:149} INFO - [2026-09-19T21:25:43.721+0000] {dag.py:3490} INFO - Setting next_dagrun for tutorial_taskflow_api to None, run_after=None
[2026-09-19T21:25:43.755+0000] {processor.py:178} INFO - Processing /home/airflow/.local/lib/python3.7/site-packages/airflow/example_dags/tutorial_taskflow_api.py took 0.159 seconds
[2026-09-19T21:26:15.966+0000] {processor.py:156} INFO - Started process (PID=2908) to work on /home/airflow/.local/lib/python3.7/site-packages/airflow/example_dags/tutorial_taskflow_api.py
[2026-09-19T21:26:15.967+0000] {processor.py:799} INFO - Processing file /home/airflow/.local/lib/python3.7/site-packages/airflow/example_dags/tutorial_taskflow_api.py for tasks to queue
[2026-09-19T21:26:15.969+0000] {logging_mixin.py:149} INFO - [2026-09-19T21:26:15.969+0000] {dagbag.py:541} INFO - Filling up the DagBag from /home/airflow/.local/lib/python3.7/site-packages/airflow/example_dags/tutorial_taskflow_api.py
[2026-09-19T21:26:15.980+0000] {processor.py:809} INFO - DAG(s) dict_keys(['tutorial_taskflow_api']) retrieved from /home/airflow/.local/lib/python3.7/site-packages/airflow/example_dags/tutorial_taskflow_api.py
[2026-09-19T21:26:16.028+0000] {logging_mixin.py:149} INFO - [2026-09-19T21:26:16.028+0000] {dag.py:2726} INFO - Sync 1 DAGs
[2026-09-19T21:26:16.071+0000] {logging_mixin.py:149} INFO - [2026-09-19T21:26:16.071+0000] {dag.py:3490} INFO - Setting next_dagrun for tutorial_taskflow_api to None, run_after=None
[2026-09-19T21:26:16.111+0000] {processor.py:178} INFO - Processing /home/airflow/.local/lib/python3.7/site-packages/airflow/example_dags/tutorial_taskflow_api.py took 0.152 seconds
[2026-09-19T21:26:46.956+0000] {processor.py:156} INFO - Started process (PID=2966) to work on /home/airflow/.local/lib/python3.7/site-packages/airflow/example_dags/tutorial_taskflow_api.py
[2026-09-19T21:26:46.958+0000] {processor.py:799} INFO - Processing file /home/airflow/.local/lib/python3.7/site-packages/airflow/example_dags/tutorial_taskflow_api.py for tasks to queue
[2026-09-19T21:26:46.959+0000] {logging_mixin.py:149} INFO - [2026-09-19T21:26:46.959+0000] {dagbag.py:541} INFO - Filling up the DagBag from /home/airflow/.local/lib/python3.7/site-packages/airflow/example_dags/tutorial_taskflow_api.py
[2026-09-19T21:26:46.973+0000] {processor.py:809} INFO - DAG(s) dict_keys(['tutorial_taskflow_api']) retrieved from /home/airflow/.local/lib/python3.7/site-packages/airflow/example_dags/tutorial_taskflow_api.py
[2026-09-19T21:26:47.025+0000] {logging_mixin.py:149} INFO - [2026-09-19T21:26:47.025+0000] {dag.py:2726} INFO - Sync 1 DAGs
[2026-09-19T21:26:47.070+0000] {logging_mixin.py:149} INFO - [2026-09-19T21:26:47.070+0000] {dag.py:3490} INFO - Setting next_dagrun for tutorial_taskflow_api to None, run_after=None
[2026-09-19T21:26:47.115+0000] {processor.py:178} INFO - Processing /home/airflow/.local/lib/python3.7/site-packages/airflow/example_dags/tutorial_taskflow_api.py took 0.165 seconds
[2026-09-19T21:27:17.667+0000] {processor.py:156} INFO - Started process (PID=3023) to work on /home/airflow/.local/lib/python3.7/site-packages/airflow/example_dags/tutorial_taskflow_api.py
[2026-09-19T21:27:17.669+0000] {processor.py:799} INFO - Processing file /home/airflow/.local/lib/python3.7/site-packages/airflow/example_dags/tutorial_taskflow_api.py for tasks to queue
[2026-09-19T21:27:17.669+0000] {logging_mixin.py:149} INFO - [2026-09-19T21:27:17.669+0000] {dagbag.py:541} INFO - Filling up the DagBag from /home/airflow/.local/lib/python3.7/site-packages/airflow/example_dags/tutorial_taskflow_api.py
[2026-09-19T21:27:17.680+0000] {processor.py:809} INFO - DAG(s) dict_keys(['tutorial_taskflow_api']) retrieved from /home/airflow/.local/lib/python3.7/site-packages/airflow/example_dags/tutorial_taskflow_api.py
[2026-09-19T21:27:17.725+0000] {logging_mixin.py:149} INFO - [2026-09-19T21:27:17.725+0000] {dag.py:2726} INFO - Sync 1 DAGs
[2026-09-19T21:27:17.772+0000] {logging_mixin.py:149} INFO - [2026-09-19T21:27:17.772+0000] {dag.py:3490} INFO - Setting next_dagrun for tutorial_taskflow_api to None, run_after=None
[2026-09-19T21:27:17.806+0000] {processor.py:178} INFO - Processing /home/airflow/.local/lib/python3.7/site-packages/airflow/example_dags/tutorial_taskflow_api.py took 0.145 seconds
[2026-09-19T21:27:48.658+0000] {processor.py:156} INFO - Started process (PID=3079) to work on /home/airflow/.local/lib/python3.7/site-packages/airflow/example_dags/tutorial_taskflow_api.py
[2026-09-19T21:27:48.660+0000] {processor.py:799} INFO - Processing file /home/airflow/.local/lib/python3.7/site-packages/airflow/example_dags/tutorial_taskflow_api.py for tasks to queue
[2026-09-19T21:27:48.661+0000] {logging_mixin.py:149} INFO - [2026-09-19T21:27:48.661+0000] {dagbag.py:541} INFO - Filling up the DagBag from /home/airflow/.local/lib/python3.7/site-packages/airflow/example_dags/tutorial_taskflow_api.py
[2026-09-19T21:27:48.673+0000] {processor.py:809} INFO - DAG(s) dict_keys(['tutorial_taskflow_api']) retrieved from /home/airflow/.local/lib/python3.7/site-packages/airflow/example_dags/tutorial_taskflow_api.py
[2026-09-19T21:27:48.721+0000] {logging_mixin.py:149} INFO - [2026-09-19T21:27:48.721+0000] {dag.py:2726} INFO - Sync 1 DAGs
[2026-09-19T21:27:48.764+0000] {logging_mixin.py:149} INFO - [2026-09-19T21:27:48.763+0000] {dag.py:3490} INFO - Setting next_dagrun for tutorial_taskflow_api to None, run_after=None
[2026-09-19T21:27:48.793+0000] {processor.py:178} INFO - Processing /home/airflow/.local/lib/python3.7/site-packages/airflow/example_dags/tutorial_taskflow_api.py took 0.141 seconds
[2026-09-19T21:28:19.414+0000] {processor.py:156} INFO - Started process (PID=3136) to work on /home/airflow/.local/lib/python3.7/site-packages/airflow/example_dags/tutorial_taskflow_api.py
[2026-09-19T21:28:19.416+0000] {processor.py:799} INFO - Processing file /home/airflow/.local/lib/python3.7/site-packages/airflow/example_dags/tutorial_taskflow_api.py for tasks to queue
[2026-09-19T21:28:19.417+0000] {logging_mixin.py:149} INFO - [2026-09-19T21:28:19.417+0000] {dagbag.py:541} INFO - Filling up the DagBag from /home/airflow/.local/lib/python3.7/site-packages/airflow/example_dags/tutorial_taskflow_api.py
[2026-09-19T21:28:19.429+0000] {processor.py:809} INFO - DAG(s) dict_keys(['tutorial_taskflow_api']) retrieved from /home/airflow/.local/lib/python3.7/site-packages/airflow/example_dags/tutorial_taskflow_api.py
[2026-09-19T21:28:19.476+0000] {logging_mixin.py:149} INFO - [2026-09-19T21:28:19.476+0000] {dag.py:2726} INFO - Sync 1 DAGs
[2026-09-19T21:28:19.524+0000] {logging_mixin.py:149} INFO - [2026-09-19T21:28:19.524+0000] {dag.py:3490} INFO - Setting next_dagrun for tutorial_taskflow_api to None, run_after=None
[2026-09-19T21:28:19.558+0000] {processor.py:178} INFO - Processing /home/airflow/.local/lib/python3.7/site-packages/airflow/example_dags/tutorial_taskflow_api.py took 0.151 seconds
[2026-09-19T21:28:50.141+0000] {processor.py:156} INFO - Started process (PID=3192) to work on /home/airflow/.local/lib/python3.7/site-packages/airflow/example_dags/tutorial_taskflow_api.py
[2026-09-19T21:28:50.143+0000] {processor.py:799} INFO - Processing file /home/airflow/.local/lib/python3.7/site-packages/airflow/example_dags/tutorial_taskflow_api.py for tasks to queue
[2026-09-19T21:28:50.144+0000] {logging_mixin.py:149} INFO - [2026-09-19T21:28:50.144+0000] {dagbag.py:541} INFO - Filling up the DagBag from /home/airflow/.local/lib/python3.7/site-packages/airflow/example_dags/tutorial_taskflow_api.py
[2026-09-19T21:28:50.161+0000] {processor.py:809} INFO - DAG(s) dict_keys(['tutorial_taskflow_api']) retrieved from /home/airflow/.local/lib/python3.7/site-packages/airflow/example_dags/tutorial_taskflow_api.py
[2026-09-19T21:28:50.205+0000] {logging_mixin.py:149} INFO - [2026-09-19T21:28:50.205+0000] {dag.py:2726} INFO - Sync 1 DAGs
[2026-09-19T21:28:50.247+0000] {logging_mixin.py:149} INFO - [2026-09-19T21:28:50.246+0000] {dag.py:3490} INFO - Setting next_dagrun for tutorial_taskflow_api to None, run_after=None
[2026-09-19T21:28:50.280+0000] {processor.py:178} INFO - Processing /home/airflow/.local/lib/python3.7/site-packages/airflow/example_dags/tutorial_taskflow_api.py took 0.147 seconds
[2026-09-19T21:29:20.877+0000] {processor.py:156} INFO - Started process (PID=3256) to work on /home/airflow/.local/lib/python3.7/site-packages/airflow/example_dags/tutorial_taskflow_api.py
[2026-09-19T21:29:20.878+0000] {processor.py:799} INFO - Processing file /home/airflow/.local/lib/python3.7/site-packages/airflow/example_dags/tutorial_taskflow_api.py for tasks to queue
[2026-09-19T21:29:20.880+0000] {logging_mixin.py:149} INFO - [2026-09-19T21:29:20.879+0000] {dagbag.py:541} INFO - Filling up the DagBag from /home/airflow/.local/lib/python3.7/site-packages/airflow/example_dags/tutorial_taskflow_api.py
[2026-09-19T21:29:20.891+0000] {processor.py:809} INFO - DAG(s) dict_keys(['tutorial_taskflow_api']) retrieved from /home/airflow/.local/lib/python3.7/site-packages/airflow/example_dags/tutorial_taskflow_api.py
[2026-09-19T21:29:20.937+0000] {logging_mixin.py:149} INFO - [2026-09-19T21:29:20.937+0000] {dag.py:2726} INFO - Sync 1 DAGs
[2026-09-19T21:29:20.979+0000] {logging_mixin.py:149} INFO - [2026-09-19T21:29:20.979+0000] {dag.py:3490} INFO - Setting next_dagrun for tutorial_taskflow_api to None, run_after=None
[2026-09-19T21:29:21.009+0000] {processor.py:178} INFO - Processing /home/airflow/.local/lib/python3.7/site-packages/airflow/example_dags/tutorial_taskflow_api.py took 0.139 seconds
[2026-09-19T21:29:51.842+0000] {processor.py:156} INFO - Started process (PID=3312) to work on /home/airflow/.local/lib/python3.7/site-packages/airflow/example_dags/tutorial_taskflow_api.py
[2026-09-19T21:29:51.844+0000] {processor.py:799} INFO - Processing file /home/airflow/.local/lib/python3.7/site-packages/airflow/example_dags/tutorial_taskflow_api.py for tasks to queue
[2026-09-19T21:29:51.845+0000] {logging_mixin.py:149} INFO - [2026-09-19T21:29:51.845+0000] {dagbag.py:541} INFO - Filling up the DagBag from /home/airflow/.local/lib/python3.7/site-packages/airflow/example_dags/tutorial_taskflow_api.py
[2026-09-19T21:29:51.856+0000] {processor.py:809} INFO - DAG(s) dict_keys(['tutorial_taskflow_api']) retrieved from /home/airflow/.local/lib/python3.7/site-packages/airflow/example_dags/tutorial_taskflow_api.py
[2026-09-19T21:29:51.902+0000] {logging_mixin.py:149} INFO - [2026-09-19T21:29:51.902+0000] {dag.py:2726} INFO - Sync 1 DAGs
[2026-09-19T21:29:51.953+0000] {logging_mixin.py:149} INFO - [2026-09-19T21:29:51.953+0000] {dag.py:3490} INFO - Setting next_dagrun for tutorial_taskflow_api to None, run_after=None
[2026-09-19T21:29:51.986+0000] {processor.py:178} INFO - Processing /home/airflow/.local/lib/python3.7/site-packages/airflow/example_dags/tutorial_taskflow_api.py took 0.151 seconds
[2026-09-19T21:30:22.269+0000] {processor.py:156} INFO - Started process (PID=3368) to work on /home/airflow/.local/lib/python3.7/site-packages/airflow/example_dags/tutorial_taskflow_api.py
[2026-09-19T21:30:22.270+0000] {processor.py:799} INFO - Processing file /home/airflow/.local/lib/python3.7/site-packages/airflow/example_dags/tutorial_taskflow_api.py for tasks to queue
[2026-09-19T21:30:22.271+0000] {logging_mixin.py:149} INFO - [2026-09-19T21:30:22.271+0000] {dagbag.py:541} INFO - Filling up the DagBag from /home/airflow/.local/lib/python3.7/site-packages/airflow/example_dags/tutorial_taskflow_api.py
[2026-09-19T21:30:22.285+0000] {processor.py:809} INFO - DAG(s) dict_keys(['tutorial_taskflow_api']) retrieved from /home/airflow/.local/lib/python3.7/site-packages/airflow/example_dags/tutorial_taskflow_api.py
[2026-09-19T21:30:22.332+0000] {logging_mixin.py:149} INFO - [2026-09-19T21:30:22.332+0000] {dag.py:2726} INFO - Sync 1 DAGs
[2026-09-19T21:30:22.387+0000] {logging_mixin.py:149} INFO - [2026-09-19T21:30:22.387+0000] {dag.py:3490} INFO - Setting next_dagrun for tutorial_taskflow_api to None, run_after=None
[2026-09-19T21:30:22.423+0000] {processor.py:178} INFO - Processing /home/airflow/.local/lib/python3.7/site-packages/airflow/example_dags/tutorial_taskflow_api.py took 0.162 seconds
[2026-09-19T21:30:53.564+0000] {processor.py:156} INFO - Started process (PID=3424) to work on /home/airflow/.local/lib/python3.7/site-packages/airflow/example_dags/tutorial_taskflow_api.py
[2026-09-19T21:30:53.570+0000] {processor.py:799} INFO - Processing file /home/airflow/.local/lib/python3.7/site-packages/airflow/example_dags/tutorial_taskflow_api.py for tasks to queue
[2026-09-19T21:30:53.571+0000] {logging_mixin.py:149} INFO - [2026-09-19T21:30:53.571+0000] {dagbag.py:541} INFO - Filling up the DagBag from /home/airflow/.local/lib/python3.7/site-packages/airflow/example_dags/tutorial_taskflow_api.py
[2026-09-19T21:30:53.585+0000] {processor.py:809} INFO - DAG(s) dict_keys(['tutorial_taskflow_api']) retrieved from /home/airflow/.local/lib/python3.7/site-packages/airflow/example_dags/tutorial_taskflow_api.py
[2026-09-19T21:30:53.629+0000] {logging_mixin.py:149} INFO - [2026-09-19T21:30:53.629+0000] {dag.py:2726} INFO - Sync 1 DAGs
[2026-09-19T21:30:53.671+0000] {logging_mixin.py:149} INFO - [2026-09-19T21:30:53.671+0000] {dag.py:3490} INFO - Setting next_dagrun for tutorial_taskflow_api to None, run_after=None
[2026-09-19T21:30:53.722+0000] {processor.py:178} INFO - Processing /home/airflow/.local/lib/python3.7/site-packages/airflow/example_dags/tutorial_taskflow_api.py took 0.164 seconds
[2026-09-19T21:31:24.081+0000] {processor.py:156} INFO - Started process (PID=3480) to work on /home/airflow/.local/lib/python3.7/site-packages/airflow/example_dags/tutorial_taskflow_api.py
[2026-09-19T21:31:24.082+0000] {processor.py:799} INFO - Processing file /home/airflow/.local/lib/python3.7/site-packages/airflow/example_dags/tutorial_taskflow_api.py for tasks to queue
[2026-09-19T21:31:24.083+0000] {logging_mixin.py:149} INFO - [2026-09-19T21:31:24.083+0000] {dagbag.py:541} INFO - Filling up the DagBag from /home/airflow/.local/lib/python3.7/site-packages/airflow/example_dags/tutorial_taskflow_api.py
[2026-09-19T21:31:24.094+0000] {processor.py:809} INFO - DAG(s) dict_keys(['tutorial_taskflow_api']) retrieved from /home/airflow/.local/lib/python3.7/site-packages/airflow/example_dags/tutorial_taskflow_api.py
[2026-09-19T21:31:24.135+0000] {logging_mixin.py:149} INFO - [2026-09-19T21:31:24.135+0000] {dag.py:2726} INFO - Sync 1 DAGs
[2026-09-19T21:31:24.177+0000] {logging_mixin.py:149} INFO - [2026-09-19T21:31:24.177+0000] {dag.py:3490} INFO - Setting next_dagrun for tutorial_taskflow_api to None, run_after=None
[2026-09-19T21:31:24.217+0000] {processor.py:178} INFO - Processing /home/airflow/.local/lib/python3.7/site-packages/airflow/example_dags/tutorial_taskflow_api.py took 0.142 seconds
[2026-09-19T21:31:54.409+0000] {processor.py:156} INFO - Started process (PID=3536) to work on /home/airflow/.local/lib/python3.7/site-packages/airflow/example_dags/tutorial_taskflow_api.py
[2026-09-19T21:31:54.412+0000] {processor.py:799} INFO - Processing file /home/airflow/.local/lib/python3.7/site-packages/airflow/example_dags/tutorial_taskflow_api.py for tasks to queue
[2026-09-19T21:31:54.413+0000] {logging_mixin.py:149} INFO - [2026-09-19T21:31:54.413+0000] {dagbag.py:541} INFO - Filling up the DagBag from /home/airflow/.local/lib/python3.7/site-packages/airflow/example_dags/tutorial_taskflow_api.py
[2026-09-19T21:31:54.424+0000] {processor.py:809} INFO - DAG(s) dict_keys(['tutorial_taskflow_api']) retrieved from /home/airflow/.local/lib/python3.7/site-packages/airflow/example_dags/tutorial_taskflow_api.py
[2026-09-19T21:31:54.470+0000] {logging_mixin.py:149} INFO - [2026-09-19T21:31:54.470+0000] {dag.py:2726} INFO - Sync 1 DAGs
[2026-09-19T21:31:54.517+0000] {logging_mixin.py:149} INFO - [2026-09-19T21:31:54.517+0000] {dag.py:3490} INFO - Setting next_dagrun for tutorial_taskflow_api to None, run_after=None
[2026-09-19T21:31:54.553+0000] {processor.py:178} INFO - Processing /home/airflow/.local/lib/python3.7/site-packages/airflow/example_dags/tutorial_taskflow_api.py took 0.149 seconds
[2026-09-19T21:32:25.001+0000] {processor.py:156} INFO - Started process (PID=3592) to work on /home/airflow/.local/lib/python3.7/site-packages/airflow/example_dags/tutorial_taskflow_api.py
[2026-09-19T21:32:25.004+0000] {processor.py:799} INFO - Processing file /home/airflow/.local/lib/python3.7/site-packages/airflow/example_dags/tutorial_taskflow_api.py for tasks to queue
[2026-09-19T21:32:25.005+0000] {logging_mixin.py:149} INFO - [2026-09-19T21:32:25.005+0000] {dagbag.py:541} INFO - Filling up the DagBag from /home/airflow/.local/lib/python3.7/site-packages/airflow/example_dags/tutorial_taskflow_api.py
[2026-09-19T21:32:25.015+0000] {processor.py:809} INFO - DAG(s) dict_keys(['tutorial_taskflow_api']) retrieved from /home/airflow/.local/lib/python3.7/site-packages/airflow/example_dags/tutorial_taskflow_api.py
[2026-09-19T21:32:25.060+0000] {logging_mixin.py:149} INFO - [2026-09-19T21:32:25.060+0000] {dag.py:2726} INFO - Sync 1 DAGs
[2026-09-19T21:32:25.107+0000] {logging_mixin.py:149} INFO - [2026-09-19T21:32:25.106+0000] {dag.py:3490} INFO - Setting next_dagrun for tutorial_taskflow_api to None, run_after=None
[2026-09-19T21:32:25.143+0000] {processor.py:178} INFO - Processing /home/airflow/.local/lib/python3.7/site-packages/airflow/example_dags/tutorial_taskflow_api.py took 0.149 seconds
[2026-09-19T21:32:55.726+0000] {processor.py:156} INFO - Started process (PID=3647) to work on /home/airflow/.local/lib/python3.7/site-packages/airflow/example_dags/tutorial_taskflow_api.py
[2026-09-19T21:32:55.728+0000] {processor.py:799} INFO - Processing file /home/airflow/.local/lib/python3.7/site-packages/airflow/example_dags/tutorial_taskflow_api.py for tasks to queue
[2026-09-19T21:32:55.729+0000] {logging_mixin.py:149} INFO - [2026-09-19T21:32:55.729+0000] {dagbag.py:541} INFO - Filling up the DagBag from /home/airflow/.local/lib/python3.7/site-packages/airflow/example_dags/tutorial_taskflow_api.py
[2026-09-19T21:32:55.739+0000] {processor.py:809} INFO - DAG(s) dict_keys(['tutorial_taskflow_api']) retrieved from /home/airflow/.local/lib/python3.7/site-packages/airflow/example_dags/tutorial_taskflow_api.py
[2026-09-19T21:32:55.787+0000] {logging_mixin.py:149} INFO - [2026-09-19T21:32:55.787+0000] {dag.py:2726} INFO - Sync 1 DAGs
[2026-09-19T21:32:55.833+0000] {logging_mixin.py:149} INFO - [2026-09-19T21:32:55.833+0000] {dag.py:3490} INFO - Setting next_dagrun for tutorial_taskflow_api to None, run_after=None
[2026-09-19T21:32:55.866+0000] {processor.py:178} INFO - Processing /home/airflow/.local/lib/python3.7/site-packages/airflow/example_dags/tutorial_taskflow_api.py took 0.148 seconds
[2026-09-19T21:33:26.351+0000] {processor.py:156} INFO - Started process (PID=3703) to work on /home/airflow/.local/lib/python3.7/site-packages/airflow/example_dags/tutorial_taskflow_api.py
[2026-09-19T21:33:26.353+0000] {processor.py:799} INFO - Processing file /home/airflow/.local/lib/python3.7/site-packages/airflow/example_dags/tutorial_taskflow_api.py for tasks to queue
[2026-09-19T21:33:26.354+0000] {logging_mixin.py:149} INFO - [2026-09-19T21:33:26.353+0000] {dagbag.py:541} INFO - Filling up the DagBag from /home/airflow/.local/lib/python3.7/site-packages/airflow/example_dags/tutorial_taskflow_api.py
[2026-09-19T21:33:26.365+0000] {processor.py:809} INFO - DAG(s) dict_keys(['tutorial_taskflow_api']) retrieved from /home/airflow/.local/lib/python3.7/site-packages/airflow/example_dags/tutorial_taskflow_api.py
[2026-09-19T21:33:26.411+0000] {logging_mixin.py:149} INFO - [2026-09-19T21:33:26.411+0000] {dag.py:2726} INFO - Sync 1 DAGs
[2026-09-19T21:33:26.454+0000] {logging_mixin.py:149} INFO - [2026-09-19T21:33:26.454+0000] {dag.py:3490} INFO - Setting next_dagrun for tutorial_taskflow_api to None, run_after=None
[2026-09-19T21:33:26.499+0000] {processor.py:178} INFO - Processing /home/airflow/.local/lib/python3.7/site-packages/airflow/example_dags/tutorial_taskflow_api.py took 0.155 seconds
[2026-09-19T21:33:57.202+0000] {processor.py:156} INFO - Started process (PID=3759) to work on /home/airflow/.local/lib/python3.7/site-packages/airflow/example_dags/tutorial_taskflow_api.py
[2026-09-19T21:33:57.204+0000] {processor.py:799} INFO - Processing file /home/airflow/.local/lib/python3.7/site-packages/airflow/example_dags/tutorial_taskflow_api.py for tasks to queue
[2026-09-19T21:33:57.205+0000] {logging_mixin.py:149} INFO - [2026-09-19T21:33:57.205+0000] {dagbag.py:541} INFO - Filling up the DagBag from /home/airflow/.local/lib/python3.7/site-packages/airflow/example_dags/tutorial_taskflow_api.py
[2026-09-19T21:33:57.216+0000] {processor.py:809} INFO - DAG(s) dict_keys(['tutorial_taskflow_api']) retrieved from /home/airflow/.local/lib/python3.7/site-packages/airflow/example_dags/tutorial_taskflow_api.py
[2026-09-19T21:33:57.258+0000] {logging_mixin.py:149} INFO - [2026-09-19T21:33:57.257+0000] {dag.py:2726} INFO - Sync 1 DAGs
[2026-09-19T21:33:57.302+0000] {logging_mixin.py:149} INFO - [2026-09-19T21:33:57.301+0000] {dag.py:3490} INFO - Setting next_dagrun for tutorial_taskflow_api to None, run_after=None
[2026-09-19T21:33:57.331+0000] {processor.py:178} INFO - Processing /home/airflow/.local/lib/python3.7/site-packages/airflow/example_dags/tutorial_taskflow_api.py took 0.135 seconds
[2026-09-19T21:34:28.106+0000] {processor.py:156} INFO - Started process (PID=3815) to work on /home/airflow/.local/lib/python3.7/site-packages/airflow/example_dags/tutorial_taskflow_api.py
[2026-09-19T21:34:28.108+0000] {processor.py:799} INFO - Processing file /home/airflow/.local/lib/python3.7/site-packages/airflow/example_dags/tutorial_taskflow_api.py for tasks to queue
[2026-09-19T21:34:28.109+0000] {logging_mixin.py:149} INFO - [2026-09-19T21:34:28.109+0000] {dagbag.py:541} INFO - Filling up the DagBag from /home/airflow/.local/lib/python3.7/site-packages/airflow/example_dags/tutorial_taskflow_api.py
[2026-09-19T21:34:28.121+0000] {processor.py:809} INFO - DAG(s) dict_keys(['tutorial_taskflow_api']) retrieved from /home/airflow/.local/lib/python3.7/site-packages/airflow/example_dags/tutorial_taskflow_api.py
[2026-09-19T21:34:28.168+0000] {logging_mixin.py:149} INFO - [2026-09-19T21:34:28.168+0000] {dag.py:2726} INFO - Sync 1 DAGs
[2026-09-19T21:34:28.212+0000] {logging_mixin.py:149} INFO - [2026-09-19T21:34:28.212+0000] {dag.py:3490} INFO - Setting next_dagrun for tutorial_taskflow_api to None, run_after=None
[2026-09-19T21:34:28.253+0000] {processor.py:178} INFO - Processing /home/airflow/.local/lib/python3.7/site-packages/airflow/example_dags/tutorial_taskflow_api.py took 0.154 seconds
[2026-09-19T21:34:58.351+0000] {processor.py:156} INFO - Started process (PID=3870) to work on /home/airflow/.local/lib/python3.7/site-packages/airflow/example_dags/tutorial_taskflow_api.py
[2026-09-19T21:34:58.353+0000] {processor.py:799} INFO - Processing file /home/airflow/.local/lib/python3.7/site-packages/airflow/example_dags/tutorial_taskflow_api.py for tasks to queue
[2026-09-19T21:34:58.354+0000] {logging_mixin.py:149} INFO - [2026-09-19T21:34:58.354+0000] {dagbag.py:541} INFO - Filling up the DagBag from /home/airflow/.local/lib/python3.7/site-packages/airflow/example_dags/tutorial_taskflow_api.py
[2026-09-19T21:34:58.365+0000] {processor.py:809} INFO - DAG(s) dict_keys(['tutorial_taskflow_api']) retrieved from /home/airflow/.local/lib/python3.7/site-packages/airflow/example_dags/tutorial_taskflow_api.py
[2026-09-19T21:34:58.421+0000] {logging_mixin.py:149} INFO - [2026-09-19T21:34:58.421+0000] {dag.py:2726} INFO - Sync 1 DAGs
[2026-09-19T21:34:58.465+0000] {logging_mixin.py:149} INFO - [2026-09-19T21:34:58.464+0000] {dag.py:3490} INFO - Setting next_dagrun for tutorial_taskflow_api to None, run_after=None
[2026-09-19T21:34:58.497+0000] {processor.py:178} INFO - Processing /home/airflow/.local/lib/python3.7/site-packages/airflow/example_dags/tutorial_taskflow_api.py took 0.153 seconds
[2026-09-19T21:35:28.580+0000] {processor.py:156} INFO - Started process (PID=3925) to work on /home/airflow/.local/lib/python3.7/site-packages/airflow/example_dags/tutorial_taskflow_api.py
[2026-09-19T21:35:28.581+0000] {processor.py:799} INFO - Processing file /home/airflow/.local/lib/python3.7/site-packages/airflow/example_dags/tutorial_taskflow_api.py for tasks to queue
[2026-09-19T21:35:28.584+0000] {logging_mixin.py:149} INFO - [2026-09-19T21:35:28.583+0000] {dagbag.py:541} INFO - Filling up the DagBag from /home/airflow/.local/lib/python3.7/site-packages/airflow/example_dags/tutorial_taskflow_api.py
[2026-09-19T21:35:28.594+0000] {processor.py:809} INFO - DAG(s) dict_keys(['tutorial_taskflow_api']) retrieved from /home/airflow/.local/lib/python3.7/site-packages/airflow/example_dags/tutorial_taskflow_api.py
[2026-09-19T21:35:28.638+0000] {logging_mixin.py:149} INFO - [2026-09-19T21:35:28.637+0000] {dag.py:2726} INFO - Sync 1 DAGs
[2026-09-19T21:35:28.681+0000] {logging_mixin.py:149} INFO - [2026-09-19T21:35:28.681+0000] {dag.py:3490} INFO - Setting next_dagrun for tutorial_taskflow_api to None, run_after=None
[2026-09-19T21:35:28.714+0000] {processor.py:178} INFO - Processing /home/airflow/.local/lib/python3.7/site-packages/airflow/example_dags/tutorial_taskflow_api.py took 0.140 seconds
[2026-09-19T21:35:59.106+0000] {processor.py:156} INFO - Started process (PID=3981) to work on /home/airflow/.local/lib/python3.7/site-packages/airflow/example_dags/tutorial_taskflow_api.py
[2026-09-19T21:35:59.107+0000] {processor.py:799} INFO - Processing file /home/airflow/.local/lib/python3.7/site-packages/airflow/example_dags/tutorial_taskflow_api.py for tasks to queue
[2026-09-19T21:35:59.109+0000] {logging_mixin.py:149} INFO - [2026-09-19T21:35:59.108+0000] {dagbag.py:541} INFO - Filling up the DagBag from /home/airflow/.local/lib/python3.7/site-packages/airflow/example_dags/tutorial_taskflow_api.py
[2026-09-19T21:35:59.120+0000] {processor.py:809} INFO - DAG(s) dict_keys(['tutorial_taskflow_api']) retrieved from /home/airflow/.local/lib/python3.7/site-packages/airflow/example_dags/tutorial_taskflow_api.py
[2026-09-19T21:35:59.165+0000] {logging_mixin.py:149} INFO - [2026-09-19T21:35:59.165+0000] {dag.py:2726} INFO - Sync 1 DAGs
[2026-09-19T21:35:59.210+0000] {logging_mixin.py:149} INFO - [2026-09-19T21:35:59.210+0000] {dag.py:3490} INFO - Setting next_dagrun for tutorial_taskflow_api to None, run_after=None
[2026-09-19T21:35:59.240+0000] {processor.py:178} INFO - Processing /home/airflow/.local/lib/python3.7/site-packages/airflow/example_dags/tutorial_taskflow_api.py took 0.142 seconds
[2026-09-19T21:36:29.518+0000] {processor.py:156} INFO - Started process (PID=4037) to work on /home/airflow/.local/lib/python3.7/site-packages/airflow/example_dags/tutorial_taskflow_api.py
[2026-09-19T21:36:29.526+0000] {processor.py:799} INFO - Processing file /home/airflow/.local/lib/python3.7/site-packages/airflow/example_dags/tutorial_taskflow_api.py for tasks to queue
[2026-09-19T21:36:29.528+0000] {logging_mixin.py:149} INFO - [2026-09-19T21:36:29.527+0000] {dagbag.py:541} INFO - Filling up the DagBag from /home/airflow/.local/lib/python3.7/site-packages/airflow/example_dags/tutorial_taskflow_api.py
[2026-09-19T21:36:29.541+0000] {processor.py:809} INFO - DAG(s) dict_keys(['tutorial_taskflow_api']) retrieved from /home/airflow/.local/lib/python3.7/site-packages/airflow/example_dags/tutorial_taskflow_api.py
[2026-09-19T21:36:29.588+0000] {logging_mixin.py:149} INFO - [2026-09-19T21:36:29.588+0000] {dag.py:2726} INFO - Sync 1 DAGs
[2026-09-19T21:36:29.634+0000] {logging_mixin.py:149} INFO - [2026-09-19T21:36:29.634+0000] {dag.py:3490} INFO - Setting next_dagrun for tutorial_taskflow_api to None, run_after=None
[2026-09-19T21:36:29.670+0000] {processor.py:178} INFO - Processing /home/airflow/.local/lib/python3.7/site-packages/airflow/example_dags/tutorial_taskflow_api.py took 0.160 seconds
[2026-09-19T21:36:59.832+0000] {processor.py:156} INFO - Started process (PID=4092) to work on /home/airflow/.local/lib/python3.7/site-packages/airflow/example_dags/tutorial_taskflow_api.py
[2026-09-19T21:36:59.834+0000] {processor.py:799} INFO - Processing file /home/airflow/.local/lib/python3.7/site-packages/airflow/example_dags/tutorial_taskflow_api.py for tasks to queue
[2026-09-19T21:36:59.835+0000] {logging_mixin.py:149} INFO - [2026-09-19T21:36:59.834+0000] {dagbag.py:541} INFO - Filling up the DagBag from /home/airflow/.local/lib/python3.7/site-packages/airflow/example_dags/tutorial_taskflow_api.py
[2026-09-19T21:36:59.845+0000] {processor.py:809} INFO - DAG(s) dict_keys(['tutorial_taskflow_api']) retrieved from /home/airflow/.local/lib/python3.7/site-packages/airflow/example_dags/tutorial_taskflow_api.py
[2026-09-19T21:36:59.894+0000] {logging_mixin.py:149} INFO - [2026-09-19T21:36:59.894+0000] {dag.py:2726} INFO - Sync 1 DAGs
[2026-09-19T21:36:59.937+0000] {logging_mixin.py:149} INFO - [2026-09-19T21:36:59.937+0000] {dag.py:3490} INFO - Setting next_dagrun for tutorial_taskflow_api to None, run_after=None
[2026-09-19T21:36:59.970+0000] {processor.py:178} INFO - Processing /home/airflow/.local/lib/python3.7/site-packages/airflow/example_dags/tutorial_taskflow_api.py took 0.143 seconds
[2026-09-19T21:37:30.381+0000] {processor.py:156} INFO - Started process (PID=4149) to work on /home/airflow/.local/lib/python3.7/site-packages/airflow/example_dags/tutorial_taskflow_api.py
[2026-09-19T21:37:30.383+0000] {processor.py:799} INFO - Processing file /home/airflow/.local/lib/python3.7/site-packages/airflow/example_dags/tutorial_taskflow_api.py for tasks to queue
[2026-09-19T21:37:30.385+0000] {logging_mixin.py:149} INFO - [2026-09-19T21:37:30.385+0000] {dagbag.py:541} INFO - Filling up the DagBag from /home/airflow/.local/lib/python3.7/site-packages/airflow/example_dags/tutorial_taskflow_api.py
[2026-09-19T21:37:30.402+0000] {processor.py:809} INFO - DAG(s) dict_keys(['tutorial_taskflow_api']) retrieved from /home/airflow/.local/lib/python3.7/site-packages/airflow/example_dags/tutorial_taskflow_api.py
[2026-09-19T21:37:30.452+0000] {logging_mixin.py:149} INFO - [2026-09-19T21:37:30.452+0000] {dag.py:2726} INFO - Sync 1 DAGs
[2026-09-19T21:37:30.498+0000] {logging_mixin.py:149} INFO - [2026-09-19T21:37:30.498+0000] {dag.py:3490} INFO - Setting next_dagrun for tutorial_taskflow_api to None, run_after=None
[2026-09-19T21:37:30.535+0000] {processor.py:178} INFO - Processing /home/airflow/.local/lib/python3.7/site-packages/airflow/example_dags/tutorial_taskflow_api.py took 0.161 seconds
[2026-09-19T21:38:00.744+0000] {processor.py:156} INFO - Started process (PID=4205) to work on /home/airflow/.local/lib/python3.7/site-packages/airflow/example_dags/tutorial_taskflow_api.py
[2026-09-19T21:38:00.745+0000] {processor.py:799} INFO - Processing file /home/airflow/.local/lib/python3.7/site-packages/airflow/example_dags/tutorial_taskflow_api.py for tasks to queue
[2026-09-19T21:38:00.747+0000] {logging_mixin.py:149} INFO - [2026-09-19T21:38:00.747+0000] {dagbag.py:541} INFO - Filling up the DagBag from /home/airflow/.local/lib/python3.7/site-packages/airflow/example_dags/tutorial_taskflow_api.py
[2026-09-19T21:38:00.757+0000] {processor.py:809} INFO - DAG(s) dict_keys(['tutorial_taskflow_api']) retrieved from /home/airflow/.local/lib/python3.7/site-packages/airflow/example_dags/tutorial_taskflow_api.py
[2026-09-19T21:38:00.804+0000] {logging_mixin.py:149} INFO - [2026-09-19T21:38:00.804+0000] {dag.py:2726} INFO - Sync 1 DAGs
[2026-09-19T21:38:00.849+0000] {logging_mixin.py:149} INFO - [2026-09-19T21:38:00.849+0000] {dag.py:3490} INFO - Setting next_dagrun for tutorial_taskflow_api to None, run_after=None
[2026-09-19T21:38:00.879+0000] {processor.py:178} INFO - Processing /home/airflow/.local/lib/python3.7/site-packages/airflow/example_dags/tutorial_taskflow_api.py took 0.141 seconds
[2026-09-19T21:38:31.377+0000] {processor.py:156} INFO - Started process (PID=4261) to work on /home/airflow/.local/lib/python3.7/site-packages/airflow/example_dags/tutorial_taskflow_api.py
[2026-09-19T21:38:31.379+0000] {processor.py:799} INFO - Processing file /home/airflow/.local/lib/python3.7/site-packages/airflow/example_dags/tutorial_taskflow_api.py for tasks to queue
[2026-09-19T21:38:31.380+0000] {logging_mixin.py:149} INFO - [2026-09-19T21:38:31.380+0000] {dagbag.py:541} INFO - Filling up the DagBag from /home/airflow/.local/lib/python3.7/site-packages/airflow/example_dags/tutorial_taskflow_api.py
[2026-09-19T21:38:31.391+0000] {processor.py:809} INFO - DAG(s) dict_keys(['tutorial_taskflow_api']) retrieved from /home/airflow/.local/lib/python3.7/site-packages/airflow/example_dags/tutorial_taskflow_api.py
[2026-09-19T21:38:31.437+0000] {logging_mixin.py:149} INFO - [2026-09-19T21:38:31.436+0000] {dag.py:2726} INFO - Sync 1 DAGs
[2026-09-19T21:38:31.481+0000] {logging_mixin.py:149} INFO - [2026-09-19T21:38:31.481+0000] {dag.py:3490} INFO - Setting next_dagrun for tutorial_taskflow_api to None, run_after=None
[2026-09-19T21:38:31.512+0000] {processor.py:178} INFO - Processing /home/airflow/.local/lib/python3.7/site-packages/airflow/example_dags/tutorial_taskflow_api.py took 0.142 seconds
[2026-09-19T21:39:02.027+0000] {processor.py:156} INFO - Started process (PID=4317) to work on /home/airflow/.local/lib/python3.7/site-packages/airflow/example_dags/tutorial_taskflow_api.py
[2026-09-19T21:39:02.028+0000] {processor.py:799} INFO - Processing file /home/airflow/.local/lib/python3.7/site-packages/airflow/example_dags/tutorial_taskflow_api.py for tasks to queue
[2026-09-19T21:39:02.029+0000] {logging_mixin.py:149} INFO - [2026-09-19T21:39:02.029+0000] {dagbag.py:541} INFO - Filling up the DagBag from /home/airflow/.local/lib/python3.7/site-packages/airflow/example_dags/tutorial_taskflow_api.py
[2026-09-19T21:39:02.043+0000] {processor.py:809} INFO - DAG(s) dict_keys(['tutorial_taskflow_api']) retrieved from /home/airflow/.local/lib/python3.7/site-packages/airflow/example_dags/tutorial_taskflow_api.py
[2026-09-19T21:39:02.099+0000] {logging_mixin.py:149} INFO - [2026-09-19T21:39:02.099+0000] {dag.py:2726} INFO - Sync 1 DAGs
[2026-09-19T21:39:02.145+0000] {logging_mixin.py:149} INFO - [2026-09-19T21:39:02.145+0000] {dag.py:3490} INFO - Setting next_dagrun for tutorial_taskflow_api to None, run_after=None
[2026-09-19T21:39:02.180+0000] {processor.py:178} INFO - Processing /home/airflow/.local/lib/python3.7/site-packages/airflow/example_dags/tutorial_taskflow_api.py took 0.160 seconds
[2026-09-19T21:39:32.353+0000] {processor.py:156} INFO - Started process (PID=4373) to work on /home/airflow/.local/lib/python3.7/site-packages/airflow/example_dags/tutorial_taskflow_api.py
[2026-09-19T21:39:32.356+0000] {processor.py:799} INFO - Processing file /home/airflow/.local/lib/python3.7/site-packages/airflow/example_dags/tutorial_taskflow_api.py for tasks to queue
[2026-09-19T21:39:32.358+0000] {logging_mixin.py:149} INFO - [2026-09-19T21:39:32.357+0000] {dagbag.py:541} INFO - Filling up the DagBag from /home/airflow/.local/lib/python3.7/site-packages/airflow/example_dags/tutorial_taskflow_api.py
[2026-09-19T21:39:32.370+0000] {processor.py:809} INFO - DAG(s) dict_keys(['tutorial_taskflow_api']) retrieved from /home/airflow/.local/lib/python3.7/site-packages/airflow/example_dags/tutorial_taskflow_api.py
[2026-09-19T21:39:32.415+0000] {logging_mixin.py:149} INFO - [2026-09-19T21:39:32.415+0000] {dag.py:2726} INFO - Sync 1 DAGs
[2026-09-19T21:39:32.461+0000] {logging_mixin.py:149} INFO - [2026-09-19T21:39:32.461+0000] {dag.py:3490} INFO - Setting next_dagrun for tutorial_taskflow_api to None, run_after=None
[2026-09-19T21:39:32.505+0000] {processor.py:178} INFO - Processing /home/airflow/.local/lib/python3.7/site-packages/airflow/example_dags/tutorial_taskflow_api.py took 0.157 seconds
[2026-09-19T21:40:03.701+0000] {processor.py:156} INFO - Started process (PID=4429) to work on /home/airflow/.local/lib/python3.7/site-packages/airflow/example_dags/tutorial_taskflow_api.py
[2026-09-19T21:40:03.703+0000] {processor.py:799} INFO - Processing file /home/airflow/.local/lib/python3.7/site-packages/airflow/example_dags/tutorial_taskflow_api.py for tasks to queue
[2026-09-19T21:40:03.704+0000] {logging_mixin.py:149} INFO - [2026-09-19T21:40:03.704+0000] {dagbag.py:541} INFO - Filling up the DagBag from /home/airflow/.local/lib/python3.7/site-packages/airflow/example_dags/tutorial_taskflow_api.py
[2026-09-19T21:40:03.716+0000] {processor.py:809} INFO - DAG(s) dict_keys(['tutorial_taskflow_api']) retrieved from /home/airflow/.local/lib/python3.7/site-packages/airflow/example_dags/tutorial_taskflow_api.py
[2026-09-19T21:40:03.745+0000] {logging_mixin.py:149} INFO - [2026-09-19T21:40:03.745+0000] {dag.py:2726} INFO - Sync 1 DAGs
[2026-09-19T21:40:03.796+0000] {logging_mixin.py:149} INFO - [2026-09-19T21:40:03.796+0000] {dag.py:3490} INFO - Setting next_dagrun for tutorial_taskflow_api to None, run_after=None
[2026-09-19T21:40:03.828+0000] {processor.py:178} INFO - Processing /home/airflow/.local/lib/python3.7/site-packages/airflow/example_dags/tutorial_taskflow_api.py took 0.134 seconds
[2026-09-19T21:40:34.636+0000] {processor.py:156} INFO - Started process (PID=4484) to work on /home/airflow/.local/lib/python3.7/site-packages/airflow/example_dags/tutorial_taskflow_api.py
[2026-09-19T21:40:34.638+0000] {processor.py:799} INFO - Processing file /home/airflow/.local/lib/python3.7/site-packages/airflow/example_dags/tutorial_taskflow_api.py for tasks to queue
[2026-09-19T21:40:34.639+0000] {logging_mixin.py:149} INFO - [2026-09-19T21:40:34.639+0000] {dagbag.py:541} INFO - Filling up the DagBag from /home/airflow/.local/lib/python3.7/site-packages/airflow/example_dags/tutorial_taskflow_api.py
[2026-09-19T21:40:34.648+0000] {processor.py:809} INFO - DAG(s) dict_keys(['tutorial_taskflow_api']) retrieved from /home/airflow/.local/lib/python3.7/site-packages/airflow/example_dags/tutorial_taskflow_api.py
[2026-09-19T21:40:34.713+0000] {logging_mixin.py:149} INFO - [2026-09-19T21:40:34.712+0000] {dag.py:2726} INFO - Sync 1 DAGs
[2026-09-19T21:40:34.778+0000] {logging_mixin.py:149} INFO - [2026-09-19T21:40:34.778+0000] {dag.py:3490} INFO - Setting next_dagrun for tutorial_taskflow_api to None, run_after=None
[2026-09-19T21:40:34.808+0000] {processor.py:178} INFO - Processing /home/airflow/.local/lib/python3.7/site-packages/airflow/example_dags/tutorial_taskflow_api.py took 0.177 seconds
[2026-09-19T21:41:05.042+0000] {processor.py:156} INFO - Started process (PID=4535) to work on /home/airflow/.local/lib/python3.7/site-packages/airflow/example_dags/tutorial_taskflow_api.py
[2026-09-19T21:41:05.043+0000] {processor.py:799} INFO - Processing file /home/airflow/.local/lib/python3.7/site-packages/airflow/example_dags/tutorial_taskflow_api.py for tasks to queue
[2026-09-19T21:41:05.044+0000] {logging_mixin.py:149} INFO - [2026-09-19T21:41:05.044+0000] {dagbag.py:541} INFO - Filling up the DagBag from /home/airflow/.local/lib/python3.7/site-packages/airflow/example_dags/tutorial_taskflow_api.py
[2026-09-19T21:41:05.054+0000] {processor.py:809} INFO - DAG(s) dict_keys(['tutorial_taskflow_api']) retrieved from /home/airflow/.local/lib/python3.7/site-packages/airflow/example_dags/tutorial_taskflow_api.py
[2026-09-19T21:41:05.077+0000] {logging_mixin.py:149} INFO - [2026-09-19T21:41:05.076+0000] {dag.py:2726} INFO - Sync 1 DAGs
[2026-09-19T21:41:05.122+0000] {logging_mixin.py:149} INFO - [2026-09-19T21:41:05.121+0000] {dag.py:3490} INFO - Setting next_dagrun for tutorial_taskflow_api to None, run_after=None
[2026-09-19T21:41:05.151+0000] {processor.py:178} INFO - Processing /home/airflow/.local/lib/python3.7/site-packages/airflow/example_dags/tutorial_taskflow_api.py took 0.117 seconds
[2026-09-19T21:41:35.478+0000] {processor.py:156} INFO - Started process (PID=4591) to work on /home/airflow/.local/lib/python3.7/site-packages/airflow/example_dags/tutorial_taskflow_api.py
[2026-09-19T21:41:35.479+0000] {processor.py:799} INFO - Processing file /home/airflow/.local/lib/python3.7/site-packages/airflow/example_dags/tutorial_taskflow_api.py for tasks to queue
[2026-09-19T21:41:35.481+0000] {logging_mixin.py:149} INFO - [2026-09-19T21:41:35.480+0000] {dagbag.py:541} INFO - Filling up the DagBag from /home/airflow/.local/lib/python3.7/site-packages/airflow/example_dags/tutorial_taskflow_api.py
[2026-09-19T21:41:35.492+0000] {processor.py:809} INFO - DAG(s) dict_keys(['tutorial_taskflow_api']) retrieved from /home/airflow/.local/lib/python3.7/site-packages/airflow/example_dags/tutorial_taskflow_api.py
[2026-09-19T21:41:35.537+0000] {logging_mixin.py:149} INFO - [2026-09-19T21:41:35.537+0000] {dag.py:2726} INFO - Sync 1 DAGs
[2026-09-19T21:41:35.588+0000] {logging_mixin.py:149} INFO - [2026-09-19T21:41:35.587+0000] {dag.py:3490} INFO - Setting next_dagrun for tutorial_taskflow_api to None, run_after=None
[2026-09-19T21:41:35.625+0000] {processor.py:178} INFO - Processing /home/airflow/.local/lib/python3.7/site-packages/airflow/example_dags/tutorial_taskflow_api.py took 0.153 seconds
[2026-09-19T21:42:06.604+0000] {processor.py:156} INFO - Started process (PID=4647) to work on /home/airflow/.local/lib/python3.7/site-packages/airflow/example_dags/tutorial_taskflow_api.py
[2026-09-19T21:42:06.605+0000] {processor.py:799} INFO - Processing file /home/airflow/.local/lib/python3.7/site-packages/airflow/example_dags/tutorial_taskflow_api.py for tasks to queue
[2026-09-19T21:42:06.606+0000] {logging_mixin.py:149} INFO - [2026-09-19T21:42:06.606+0000] {dagbag.py:541} INFO - Filling up the DagBag from /home/airflow/.local/lib/python3.7/site-packages/airflow/example_dags/tutorial_taskflow_api.py
[2026-09-19T21:42:06.616+0000] {processor.py:809} INFO - DAG(s) dict_keys(['tutorial_taskflow_api']) retrieved from /home/airflow/.local/lib/python3.7/site-packages/airflow/example_dags/tutorial_taskflow_api.py
[2026-09-19T21:42:06.659+0000] {logging_mixin.py:149} INFO - [2026-09-19T21:42:06.659+0000] {dag.py:2726} INFO - Sync 1 DAGs
[2026-09-19T21:42:06.703+0000] {logging_mixin.py:149} INFO - [2026-09-19T21:42:06.703+0000] {dag.py:3490} INFO - Setting next_dagrun for tutorial_taskflow_api to None, run_after=None
[2026-09-19T21:42:06.738+0000] {processor.py:178} INFO - Processing /home/airflow/.local/lib/python3.7/site-packages/airflow/example_dags/tutorial_taskflow_api.py took 0.140 seconds
[2026-09-19T21:42:36.965+0000] {processor.py:156} INFO - Started process (PID=4703) to work on /home/airflow/.local/lib/python3.7/site-packages/airflow/example_dags/tutorial_taskflow_api.py
[2026-09-19T21:42:36.967+0000] {processor.py:799} INFO - Processing file /home/airflow/.local/lib/python3.7/site-packages/airflow/example_dags/tutorial_taskflow_api.py for tasks to queue
[2026-09-19T21:42:36.968+0000] {logging_mixin.py:149} INFO - [2026-09-19T21:42:36.968+0000] {dagbag.py:541} INFO - Filling up the DagBag from /home/airflow/.local/lib/python3.7/site-packages/airflow/example_dags/tutorial_taskflow_api.py
[2026-09-19T21:42:36.979+0000] {processor.py:809} INFO - DAG(s) dict_keys(['tutorial_taskflow_api']) retrieved from /home/airflow/.local/lib/python3.7/site-packages/airflow/example_dags/tutorial_taskflow_api.py
[2026-09-19T21:42:37.028+0000] {logging_mixin.py:149} INFO - [2026-09-19T21:42:37.027+0000] {dag.py:2726} INFO - Sync 1 DAGs
[2026-09-19T21:42:37.078+0000] {logging_mixin.py:149} INFO - [2026-09-19T21:42:37.078+0000] {dag.py:3490} INFO - Setting next_dagrun for tutorial_taskflow_api to None, run_after=None
[2026-09-19T21:42:37.113+0000] {processor.py:178} INFO - Processing /home/airflow/.local/lib/python3.7/site-packages/airflow/example_dags/tutorial_taskflow_api.py took 0.155 seconds
[2026-09-19T21:43:07.229+0000] {processor.py:156} INFO - Started process (PID=4759) to work on /home/airflow/.local/lib/python3.7/site-packages/airflow/example_dags/tutorial_taskflow_api.py
[2026-09-19T21:43:07.230+0000] {processor.py:799} INFO - Processing file /home/airflow/.local/lib/python3.7/site-packages/airflow/example_dags/tutorial_taskflow_api.py for tasks to queue
[2026-09-19T21:43:07.231+0000] {logging_mixin.py:149} INFO - [2026-09-19T21:43:07.231+0000] {dagbag.py:541} INFO - Filling up the DagBag from /home/airflow/.local/lib/python3.7/site-packages/airflow/example_dags/tutorial_taskflow_api.py
[2026-09-19T21:43:07.242+0000] {processor.py:809} INFO - DAG(s) dict_keys(['tutorial_taskflow_api']) retrieved from /home/airflow/.local/lib/python3.7/site-packages/airflow/example_dags/tutorial_taskflow_api.py
[2026-09-19T21:43:07.285+0000] {logging_mixin.py:149} INFO - [2026-09-19T21:43:07.285+0000] {dag.py:2726} INFO - Sync 1 DAGs
[2026-09-19T21:43:07.330+0000] {logging_mixin.py:149} INFO - [2026-09-19T21:43:07.330+0000] {dag.py:3490} INFO - Setting next_dagrun for tutorial_taskflow_api to None, run_after=None
[2026-09-19T21:43:07.361+0000] {processor.py:178} INFO - Processing /home/airflow/.local/lib/python3.7/site-packages/airflow/example_dags/tutorial_taskflow_api.py took 0.138 seconds
[2026-09-19T21:43:37.414+0000] {processor.py:156} INFO - Started process (PID=4815) to work on /home/airflow/.local/lib/python3.7/site-packages/airflow/example_dags/tutorial_taskflow_api.py
[2026-09-19T21:43:37.416+0000] {processor.py:799} INFO - Processing file /home/airflow/.local/lib/python3.7/site-packages/airflow/example_dags/tutorial_taskflow_api.py for tasks to queue
[2026-09-19T21:43:37.418+0000] {logging_mixin.py:149} INFO - [2026-09-19T21:43:37.418+0000] {dagbag.py:541} INFO - Filling up the DagBag from /home/airflow/.local/lib/python3.7/site-packages/airflow/example_dags/tutorial_taskflow_api.py
[2026-09-19T21:43:37.429+0000] {processor.py:809} INFO - DAG(s) dict_keys(['tutorial_taskflow_api']) retrieved from /home/airflow/.local/lib/python3.7/site-packages/airflow/example_dags/tutorial_taskflow_api.py
[2026-09-19T21:43:37.477+0000] {logging_mixin.py:149} INFO - [2026-09-19T21:43:37.477+0000] {dag.py:2726} INFO - Sync 1 DAGs
[2026-09-19T21:43:37.527+0000] {logging_mixin.py:149} INFO - [2026-09-19T21:43:37.527+0000] {dag.py:3490} INFO - Setting next_dagrun for tutorial_taskflow_api to None, run_after=None
[2026-09-19T21:43:37.565+0000] {processor.py:178} INFO - Processing /home/airflow/.local/lib/python3.7/site-packages/airflow/example_dags/tutorial_taskflow_api.py took 0.157 seconds
[2026-09-19T21:44:07.721+0000] {processor.py:156} INFO - Started process (PID=4871) to work on /home/airflow/.local/lib/python3.7/site-packages/airflow/example_dags/tutorial_taskflow_api.py
[2026-09-19T21:44:07.722+0000] {processor.py:799} INFO - Processing file /home/airflow/.local/lib/python3.7/site-packages/airflow/example_dags/tutorial_taskflow_api.py for tasks to queue
[2026-09-19T21:44:07.724+0000] {logging_mixin.py:149} INFO - [2026-09-19T21:44:07.723+0000] {dagbag.py:541} INFO - Filling up the DagBag from /home/airflow/.local/lib/python3.7/site-packages/airflow/example_dags/tutorial_taskflow_api.py
[2026-09-19T21:44:07.734+0000] {processor.py:809} INFO - DAG(s) dict_keys(['tutorial_taskflow_api']) retrieved from /home/airflow/.local/lib/python3.7/site-packages/airflow/example_dags/tutorial_taskflow_api.py
[2026-09-19T21:44:07.784+0000] {logging_mixin.py:149} INFO - [2026-09-19T21:44:07.784+0000] {dag.py:2726} INFO - Sync 1 DAGs
[2026-09-19T21:44:07.834+0000] {logging_mixin.py:149} INFO - [2026-09-19T21:44:07.833+0000] {dag.py:3490} INFO - Setting next_dagrun for tutorial_taskflow_api to None, run_after=None
[2026-09-19T21:44:07.862+0000] {processor.py:178} INFO - Processing /home/airflow/.local/lib/python3.7/site-packages/airflow/example_dags/tutorial_taskflow_api.py took 0.147 seconds
[2026-09-19T21:44:37.910+0000] {processor.py:156} INFO - Started process (PID=4927) to work on /home/airflow/.local/lib/python3.7/site-packages/airflow/example_dags/tutorial_taskflow_api.py
[2026-09-19T21:44:37.912+0000] {processor.py:799} INFO - Processing file /home/airflow/.local/lib/python3.7/site-packages/airflow/example_dags/tutorial_taskflow_api.py for tasks to queue
[2026-09-19T21:44:37.914+0000] {logging_mixin.py:149} INFO - [2026-09-19T21:44:37.913+0000] {dagbag.py:541} INFO - Filling up the DagBag from /home/airflow/.local/lib/python3.7/site-packages/airflow/example_dags/tutorial_taskflow_api.py
[2026-09-19T21:44:37.925+0000] {processor.py:809} INFO - DAG(s) dict_keys(['tutorial_taskflow_api']) retrieved from /home/airflow/.local/lib/python3.7/site-packages/airflow/example_dags/tutorial_taskflow_api.py
[2026-09-19T21:44:37.973+0000] {logging_mixin.py:149} INFO - [2026-09-19T21:44:37.972+0000] {dag.py:2726} INFO - Sync 1 DAGs
[2026-09-19T21:44:38.019+0000] {logging_mixin.py:149} INFO - [2026-09-19T21:44:38.018+0000] {dag.py:3490} INFO - Setting next_dagrun for tutorial_taskflow_api to None, run_after=None
[2026-09-19T21:44:38.054+0000] {processor.py:178} INFO - Processing /home/airflow/.local/lib/python3.7/site-packages/airflow/example_dags/tutorial_taskflow_api.py took 0.150 seconds
[2026-09-19T21:45:08.660+0000] {processor.py:156} INFO - Started process (PID=4983) to work on /home/airflow/.local/lib/python3.7/site-packages/airflow/example_dags/tutorial_taskflow_api.py
[2026-09-19T21:45:08.661+0000] {processor.py:799} INFO - Processing file /home/airflow/.local/lib/python3.7/site-packages/airflow/example_dags/tutorial_taskflow_api.py for tasks to queue
[2026-09-19T21:45:08.662+0000] {logging_mixin.py:149} INFO - [2026-09-19T21:45:08.662+0000] {dagbag.py:541} INFO - Filling up the DagBag from /home/airflow/.local/lib/python3.7/site-packages/airflow/example_dags/tutorial_taskflow_api.py
[2026-09-19T21:45:08.674+0000] {processor.py:809} INFO - DAG(s) dict_keys(['tutorial_taskflow_api']) retrieved from /home/airflow/.local/lib/python3.7/site-packages/airflow/example_dags/tutorial_taskflow_api.py
[2026-09-19T21:45:08.724+0000] {logging_mixin.py:149} INFO - [2026-09-19T21:45:08.724+0000] {dag.py:2726} INFO - Sync 1 DAGs
[2026-09-19T21:45:08.765+0000] {logging_mixin.py:149} INFO - [2026-09-19T21:45:08.765+0000] {dag.py:3490} INFO - Setting next_dagrun for tutorial_taskflow_api to None, run_after=None
[2026-09-19T21:45:08.795+0000] {processor.py:178} INFO - Processing /home/airflow/.local/lib/python3.7/site-packages/airflow/example_dags/tutorial_taskflow_api.py took 0.142 seconds
[2026-09-19T21:45:38.828+0000] {processor.py:156} INFO - Started process (PID=5039) to work on /home/airflow/.local/lib/python3.7/site-packages/airflow/example_dags/tutorial_taskflow_api.py
[2026-09-19T21:45:38.830+0000] {processor.py:799} INFO - Processing file /home/airflow/.local/lib/python3.7/site-packages/airflow/example_dags/tutorial_taskflow_api.py for tasks to queue
[2026-09-19T21:45:38.831+0000] {logging_mixin.py:149} INFO - [2026-09-19T21:45:38.831+0000] {dagbag.py:541} INFO - Filling up the DagBag from /home/airflow/.local/lib/python3.7/site-packages/airflow/example_dags/tutorial_taskflow_api.py
[2026-09-19T21:45:38.842+0000] {processor.py:809} INFO - DAG(s) dict_keys(['tutorial_taskflow_api']) retrieved from /home/airflow/.local/lib/python3.7/site-packages/airflow/example_dags/tutorial_taskflow_api.py
[2026-09-19T21:45:38.897+0000] {logging_mixin.py:149} INFO - [2026-09-19T21:45:38.897+0000] {dag.py:2726} INFO - Sync 1 DAGs
[2026-09-19T21:45:38.973+0000] {logging_mixin.py:149} INFO - [2026-09-19T21:45:38.972+0000] {dag.py:3490} INFO - Setting next_dagrun for tutorial_taskflow_api to None, run_after=None
[2026-09-19T21:45:39.012+0000] {processor.py:178} INFO - Processing /home/airflow/.local/lib/python3.7/site-packages/airflow/example_dags/tutorial_taskflow_api.py took 0.190 seconds
[2026-09-19T21:46:09.509+0000] {processor.py:156} INFO - Started process (PID=5095) to work on /home/airflow/.local/lib/python3.7/site-packages/airflow/example_dags/tutorial_taskflow_api.py
[2026-09-19T21:46:09.510+0000] {processor.py:799} INFO - Processing file /home/airflow/.local/lib/python3.7/site-packages/airflow/example_dags/tutorial_taskflow_api.py for tasks to queue
[2026-09-19T21:46:09.511+0000] {logging_mixin.py:149} INFO - [2026-09-19T21:46:09.511+0000] {dagbag.py:541} INFO - Filling up the DagBag from /home/airflow/.local/lib/python3.7/site-packages/airflow/example_dags/tutorial_taskflow_api.py
[2026-09-19T21:46:09.521+0000] {processor.py:809} INFO - DAG(s) dict_keys(['tutorial_taskflow_api']) retrieved from /home/airflow/.local/lib/python3.7/site-packages/airflow/example_dags/tutorial_taskflow_api.py
[2026-09-19T21:46:09.567+0000] {logging_mixin.py:149} INFO - [2026-09-19T21:46:09.567+0000] {dag.py:2726} INFO - Sync 1 DAGs
[2026-09-19T21:46:09.608+0000] {logging_mixin.py:149} INFO - [2026-09-19T21:46:09.608+0000] {dag.py:3490} INFO - Setting next_dagrun for tutorial_taskflow_api to None, run_after=None
[2026-09-19T21:46:09.639+0000] {processor.py:178} INFO - Processing /home/airflow/.local/lib/python3.7/site-packages/airflow/example_dags/tutorial_taskflow_api.py took 0.136 seconds
[2026-09-19T21:46:40.062+0000] {processor.py:156} INFO - Started process (PID=5150) to work on /home/airflow/.local/lib/python3.7/site-packages/airflow/example_dags/tutorial_taskflow_api.py
[2026-09-19T21:46:40.064+0000] {processor.py:799} INFO - Processing file /home/airflow/.local/lib/python3.7/site-packages/airflow/example_dags/tutorial_taskflow_api.py for tasks to queue
[2026-09-19T21:46:40.065+0000] {logging_mixin.py:149} INFO - [2026-09-19T21:46:40.065+0000] {dagbag.py:541} INFO - Filling up the DagBag from /home/airflow/.local/lib/python3.7/site-packages/airflow/example_dags/tutorial_taskflow_api.py
[2026-09-19T21:46:40.077+0000] {processor.py:809} INFO - DAG(s) dict_keys(['tutorial_taskflow_api']) retrieved from /home/airflow/.local/lib/python3.7/site-packages/airflow/example_dags/tutorial_taskflow_api.py
[2026-09-19T21:46:40.124+0000] {logging_mixin.py:149} INFO - [2026-09-19T21:46:40.124+0000] {dag.py:2726} INFO - Sync 1 DAGs
[2026-09-19T21:46:40.166+0000] {logging_mixin.py:149} INFO - [2026-09-19T21:46:40.165+0000] {dag.py:3490} INFO - Setting next_dagrun for tutorial_taskflow_api to None, run_after=None
[2026-09-19T21:46:40.198+0000] {processor.py:178} INFO - Processing /home/airflow/.local/lib/python3.7/site-packages/airflow/example_dags/tutorial_taskflow_api.py took 0.143 seconds
[2026-09-19T21:47:10.629+0000] {processor.py:156} INFO - Started process (PID=5207) to work on /home/airflow/.local/lib/python3.7/site-packages/airflow/example_dags/tutorial_taskflow_api.py
[2026-09-19T21:47:10.631+0000] {processor.py:799} INFO - Processing file /home/airflow/.local/lib/python3.7/site-packages/airflow/example_dags/tutorial_taskflow_api.py for tasks to queue
[2026-09-19T21:47:10.632+0000] {logging_mixin.py:149} INFO - [2026-09-19T21:47:10.632+0000] {dagbag.py:541} INFO - Filling up the DagBag from /home/airflow/.local/lib/python3.7/site-packages/airflow/example_dags/tutorial_taskflow_api.py
[2026-09-19T21:47:10.643+0000] {processor.py:809} INFO - DAG(s) dict_keys(['tutorial_taskflow_api']) retrieved from /home/airflow/.local/lib/python3.7/site-packages/airflow/example_dags/tutorial_taskflow_api.py
[2026-09-19T21:47:10.698+0000] {logging_mixin.py:149} INFO - [2026-09-19T21:47:10.698+0000] {dag.py:2726} INFO - Sync 1 DAGs
[2026-09-19T21:47:10.744+0000] {logging_mixin.py:149} INFO - [2026-09-19T21:47:10.743+0000] {dag.py:3490} INFO - Setting next_dagrun for tutorial_taskflow_api to None, run_after=None
[2026-09-19T21:47:10.780+0000] {processor.py:178} INFO - Processing /home/airflow/.local/lib/python3.7/site-packages/airflow/example_dags/tutorial_taskflow_api.py took 0.157 seconds
[2026-09-19T21:47:40.982+0000] {processor.py:156} INFO - Started process (PID=5263) to work on /home/airflow/.local/lib/python3.7/site-packages/airflow/example_dags/tutorial_taskflow_api.py
[2026-09-19T21:47:40.984+0000] {processor.py:799} INFO - Processing file /home/airflow/.local/lib/python3.7/site-packages/airflow/example_dags/tutorial_taskflow_api.py for tasks to queue
[2026-09-19T21:47:40.985+0000] {logging_mixin.py:149} INFO - [2026-09-19T21:47:40.985+0000] {dagbag.py:541} INFO - Filling up the DagBag from /home/airflow/.local/lib/python3.7/site-packages/airflow/example_dags/tutorial_taskflow_api.py
[2026-09-19T21:47:40.995+0000] {processor.py:809} INFO - DAG(s) dict_keys(['tutorial_taskflow_api']) retrieved from /home/airflow/.local/lib/python3.7/site-packages/airflow/example_dags/tutorial_taskflow_api.py
[2026-09-19T21:47:41.047+0000] {logging_mixin.py:149} INFO - [2026-09-19T21:47:41.047+0000] {dag.py:2726} INFO - Sync 1 DAGs
[2026-09-19T21:47:41.094+0000] {logging_mixin.py:149} INFO - [2026-09-19T21:47:41.094+0000] {dag.py:3490} INFO - Setting next_dagrun for tutorial_taskflow_api to None, run_after=None
[2026-09-19T21:47:41.124+0000] {processor.py:178} INFO - Processing /home/airflow/.local/lib/python3.7/site-packages/airflow/example_dags/tutorial_taskflow_api.py took 0.148 seconds
[2026-09-19T21:48:11.500+0000] {processor.py:156} INFO - Started process (PID=5319) to work on /home/airflow/.local/lib/python3.7/site-packages/airflow/example_dags/tutorial_taskflow_api.py
[2026-09-19T21:48:11.502+0000] {processor.py:799} INFO - Processing file /home/airflow/.local/lib/python3.7/site-packages/airflow/example_dags/tutorial_taskflow_api.py for tasks to queue
[2026-09-19T21:48:11.503+0000] {logging_mixin.py:149} INFO - [2026-09-19T21:48:11.503+0000] {dagbag.py:541} INFO - Filling up the DagBag from /home/airflow/.local/lib/python3.7/site-packages/airflow/example_dags/tutorial_taskflow_api.py
[2026-09-19T21:48:11.513+0000] {processor.py:809} INFO - DAG(s) dict_keys(['tutorial_taskflow_api']) retrieved from /home/airflow/.local/lib/python3.7/site-packages/airflow/example_dags/tutorial_taskflow_api.py
[2026-09-19T21:48:11.560+0000] {logging_mixin.py:149} INFO - [2026-09-19T21:48:11.559+0000] {dag.py:2726} INFO - Sync 1 DAGs
[2026-09-19T21:48:11.606+0000] {logging_mixin.py:149} INFO - [2026-09-19T21:48:11.606+0000] {dag.py:3490} INFO - Setting next_dagrun for tutorial_taskflow_api to None, run_after=None
[2026-09-19T21:48:11.642+0000] {processor.py:178} INFO - Processing /home/airflow/.local/lib/python3.7/site-packages/airflow/example_dags/tutorial_taskflow_api.py took 0.147 seconds
[2026-09-19T21:48:42.005+0000] {processor.py:156} INFO - Started process (PID=5375) to work on /home/airflow/.local/lib/python3.7/site-packages/airflow/example_dags/tutorial_taskflow_api.py
[2026-09-19T21:48:42.008+0000] {processor.py:799} INFO - Processing file /home/airflow/.local/lib/python3.7/site-packages/airflow/example_dags/tutorial_taskflow_api.py for tasks to queue
[2026-09-19T21:48:42.009+0000] {logging_mixin.py:149} INFO - [2026-09-19T21:48:42.009+0000] {dagbag.py:541} INFO - Filling up the DagBag from /home/airflow/.local/lib/python3.7/site-packages/airflow/example_dags/tutorial_taskflow_api.py
[2026-09-19T21:48:42.020+0000] {processor.py:809} INFO - DAG(s) dict_keys(['tutorial_taskflow_api']) retrieved from /home/airflow/.local/lib/python3.7/site-packages/airflow/example_dags/tutorial_taskflow_api.py
[2026-09-19T21:48:42.072+0000] {logging_mixin.py:149} INFO - [2026-09-19T21:48:42.072+0000] {dag.py:2726} INFO - Sync 1 DAGs
[2026-09-19T21:48:42.115+0000] {logging_mixin.py:149} INFO - [2026-09-19T21:48:42.115+0000] {dag.py:3490} INFO - Setting next_dagrun for tutorial_taskflow_api to None, run_after=None
[2026-09-19T21:48:42.148+0000] {processor.py:178} INFO - Processing /home/airflow/.local/lib/python3.7/site-packages/airflow/example_dags/tutorial_taskflow_api.py took 0.149 seconds
[2026-09-19T21:49:12.228+0000] {processor.py:156} INFO - Started process (PID=5430) to work on /home/airflow/.local/lib/python3.7/site-packages/airflow/example_dags/tutorial_taskflow_api.py
[2026-09-19T21:49:12.230+0000] {processor.py:799} INFO - Processing file /home/airflow/.local/lib/python3.7/site-packages/airflow/example_dags/tutorial_taskflow_api.py for tasks to queue
[2026-09-19T21:49:12.231+0000] {logging_mixin.py:149} INFO - [2026-09-19T21:49:12.231+0000] {dagbag.py:541} INFO - Filling up the DagBag from /home/airflow/.local/lib/python3.7/site-packages/airflow/example_dags/tutorial_taskflow_api.py
[2026-09-19T21:49:12.245+0000] {processor.py:809} INFO - DAG(s) dict_keys(['tutorial_taskflow_api']) retrieved from /home/airflow/.local/lib/python3.7/site-packages/airflow/example_dags/tutorial_taskflow_api.py
[2026-09-19T21:49:12.296+0000] {logging_mixin.py:149} INFO - [2026-09-19T21:49:12.296+0000] {dag.py:2726} INFO - Sync 1 DAGs
[2026-09-19T21:49:12.346+0000] {logging_mixin.py:149} INFO - [2026-09-19T21:49:12.345+0000] {dag.py:3490} INFO - Setting next_dagrun for tutorial_taskflow_api to None, run_after=None
[2026-09-19T21:49:12.379+0000] {processor.py:178} INFO - Processing /home/airflow/.local/lib/python3.7/site-packages/airflow/example_dags/tutorial_taskflow_api.py took 0.158 seconds
[2026-09-19T21:49:43.068+0000] {processor.py:156} INFO - Started process (PID=5486) to work on /home/airflow/.local/lib/python3.7/site-packages/airflow/example_dags/tutorial_taskflow_api.py
[2026-09-19T21:49:43.097+0000] {processor.py:799} INFO - Processing file /home/airflow/.local/lib/python3.7/site-packages/airflow/example_dags/tutorial_taskflow_api.py for tasks to queue
[2026-09-19T21:49:43.099+0000] {logging_mixin.py:149} INFO - [2026-09-19T21:49:43.099+0000] {dagbag.py:541} INFO - Filling up the DagBag from /home/airflow/.local/lib/python3.7/site-packages/airflow/example_dags/tutorial_taskflow_api.py
[2026-09-19T21:49:43.111+0000] {processor.py:809} INFO - DAG(s) dict_keys(['tutorial_taskflow_api']) retrieved from /home/airflow/.local/lib/python3.7/site-packages/airflow/example_dags/tutorial_taskflow_api.py
[2026-09-19T21:49:43.158+0000] {logging_mixin.py:149} INFO - [2026-09-19T21:49:43.158+0000] {dag.py:2726} INFO - Sync 1 DAGs
[2026-09-19T21:49:43.209+0000] {logging_mixin.py:149} INFO - [2026-09-19T21:49:43.208+0000] {dag.py:3490} INFO - Setting next_dagrun for tutorial_taskflow_api to None, run_after=None
[2026-09-19T21:49:43.244+0000] {processor.py:178} INFO - Processing /home/airflow/.local/lib/python3.7/site-packages/airflow/example_dags/tutorial_taskflow_api.py took 0.183 seconds
[2026-09-19T21:50:13.921+0000] {processor.py:156} INFO - Started process (PID=5542) to work on /home/airflow/.local/lib/python3.7/site-packages/airflow/example_dags/tutorial_taskflow_api.py
[2026-09-19T21:50:13.923+0000] {processor.py:799} INFO - Processing file /home/airflow/.local/lib/python3.7/site-packages/airflow/example_dags/tutorial_taskflow_api.py for tasks to queue
[2026-09-19T21:50:13.925+0000] {logging_mixin.py:149} INFO - [2026-09-19T21:50:13.924+0000] {dagbag.py:541} INFO - Filling up the DagBag from /home/airflow/.local/lib/python3.7/site-packages/airflow/example_dags/tutorial_taskflow_api.py
[2026-09-19T21:50:13.937+0000] {processor.py:809} INFO - DAG(s) dict_keys(['tutorial_taskflow_api']) retrieved from /home/airflow/.local/lib/python3.7/site-packages/airflow/example_dags/tutorial_taskflow_api.py
[2026-09-19T21:50:13.982+0000] {logging_mixin.py:149} INFO - [2026-09-19T21:50:13.982+0000] {dag.py:2726} INFO - Sync 1 DAGs
[2026-09-19T21:50:14.031+0000] {logging_mixin.py:149} INFO - [2026-09-19T21:50:14.031+0000] {dag.py:3490} INFO - Setting next_dagrun for tutorial_taskflow_api to None, run_after=None
[2026-09-19T21:50:14.068+0000] {processor.py:178} INFO - Processing /home/airflow/.local/lib/python3.7/site-packages/airflow/example_dags/tutorial_taskflow_api.py took 0.154 seconds
[2026-09-19T21:50:44.961+0000] {processor.py:156} INFO - Started process (PID=5598) to work on /home/airflow/.local/lib/python3.7/site-packages/airflow/example_dags/tutorial_taskflow_api.py
[2026-09-19T21:50:44.963+0000] {processor.py:799} INFO - Processing file /home/airflow/.local/lib/python3.7/site-packages/airflow/example_dags/tutorial_taskflow_api.py for tasks to queue
[2026-09-19T21:50:44.964+0000] {logging_mixin.py:149} INFO - [2026-09-19T21:50:44.964+0000] {dagbag.py:541} INFO - Filling up the DagBag from /home/airflow/.local/lib/python3.7/site-packages/airflow/example_dags/tutorial_taskflow_api.py
[2026-09-19T21:50:44.976+0000] {processor.py:809} INFO - DAG(s) dict_keys(['tutorial_taskflow_api']) retrieved from /home/airflow/.local/lib/python3.7/site-packages/airflow/example_dags/tutorial_taskflow_api.py
[2026-09-19T21:50:45.029+0000] {logging_mixin.py:149} INFO - [2026-09-19T21:50:45.028+0000] {dag.py:2726} INFO - Sync 1 DAGs
[2026-09-19T21:50:45.085+0000] {logging_mixin.py:149} INFO - [2026-09-19T21:50:45.085+0000] {dag.py:3490} INFO - Setting next_dagrun for tutorial_taskflow_api to None, run_after=None
[2026-09-19T21:50:45.118+0000] {processor.py:178} INFO - Processing /home/airflow/.local/lib/python3.7/site-packages/airflow/example_dags/tutorial_taskflow_api.py took 0.163 seconds
[2026-09-19T21:51:15.880+0000] {processor.py:156} INFO - Started process (PID=5654) to work on /home/airflow/.local/lib/python3.7/site-packages/airflow/example_dags/tutorial_taskflow_api.py
[2026-09-19T21:51:15.882+0000] {processor.py:799} INFO - Processing file /home/airflow/.local/lib/python3.7/site-packages/airflow/example_dags/tutorial_taskflow_api.py for tasks to queue
[2026-09-19T21:51:15.883+0000] {logging_mixin.py:149} INFO - [2026-09-19T21:51:15.883+0000] {dagbag.py:541} INFO - Filling up the DagBag from /home/airflow/.local/lib/python3.7/site-packages/airflow/example_dags/tutorial_taskflow_api.py
[2026-09-19T21:51:15.893+0000] {processor.py:809} INFO - DAG(s) dict_keys(['tutorial_taskflow_api']) retrieved from /home/airflow/.local/lib/python3.7/site-packages/airflow/example_dags/tutorial_taskflow_api.py
[2026-09-19T21:51:15.938+0000] {logging_mixin.py:149} INFO - [2026-09-19T21:51:15.937+0000] {dag.py:2726} INFO - Sync 1 DAGs
[2026-09-19T21:51:15.981+0000] {logging_mixin.py:149} INFO - [2026-09-19T21:51:15.980+0000] {dag.py:3490} INFO - Setting next_dagrun for tutorial_taskflow_api to None, run_after=None
[2026-09-19T21:51:16.013+0000] {processor.py:178} INFO - Processing /home/airflow/.local/lib/python3.7/site-packages/airflow/example_dags/tutorial_taskflow_api.py took 0.140 seconds
[2026-09-19T21:51:46.666+0000] {processor.py:156} INFO - Started process (PID=5710) to work on /home/airflow/.local/lib/python3.7/site-packages/airflow/example_dags/tutorial_taskflow_api.py
[2026-09-19T21:51:46.667+0000] {processor.py:799} INFO - Processing file /home/airflow/.local/lib/python3.7/site-packages/airflow/example_dags/tutorial_taskflow_api.py for tasks to queue
[2026-09-19T21:51:46.668+0000] {logging_mixin.py:149} INFO - [2026-09-19T21:51:46.668+0000] {dagbag.py:541} INFO - Filling up the DagBag from /home/airflow/.local/lib/python3.7/site-packages/airflow/example_dags/tutorial_taskflow_api.py
[2026-09-19T21:51:46.680+0000] {processor.py:809} INFO - DAG(s) dict_keys(['tutorial_taskflow_api']) retrieved from /home/airflow/.local/lib/python3.7/site-packages/airflow/example_dags/tutorial_taskflow_api.py
[2026-09-19T21:51:46.723+0000] {logging_mixin.py:149} INFO - [2026-09-19T21:51:46.723+0000] {dag.py:2726} INFO - Sync 1 DAGs
[2026-09-19T21:51:46.765+0000] {logging_mixin.py:149} INFO - [2026-09-19T21:51:46.765+0000] {dag.py:3490} INFO - Setting next_dagrun for tutorial_taskflow_api to None, run_after=None
[2026-09-19T21:51:46.807+0000] {processor.py:178} INFO - Processing /home/airflow/.local/lib/python3.7/site-packages/airflow/example_dags/tutorial_taskflow_api.py took 0.149 seconds
[2026-09-19T21:52:17.083+0000] {processor.py:156} INFO - Started process (PID=5766) to work on /home/airflow/.local/lib/python3.7/site-packages/airflow/example_dags/tutorial_taskflow_api.py
[2026-09-19T21:52:17.085+0000] {processor.py:799} INFO - Processing file /home/airflow/.local/lib/python3.7/site-packages/airflow/example_dags/tutorial_taskflow_api.py for tasks to queue
[2026-09-19T21:52:17.086+0000] {logging_mixin.py:149} INFO - [2026-09-19T21:52:17.086+0000] {dagbag.py:541} INFO - Filling up the DagBag from /home/airflow/.local/lib/python3.7/site-packages/airflow/example_dags/tutorial_taskflow_api.py
[2026-09-19T21:52:17.096+0000] {processor.py:809} INFO - DAG(s) dict_keys(['tutorial_taskflow_api']) retrieved from /home/airflow/.local/lib/python3.7/site-packages/airflow/example_dags/tutorial_taskflow_api.py
[2026-09-19T21:52:17.138+0000] {logging_mixin.py:149} INFO - [2026-09-19T21:52:17.138+0000] {dag.py:2726} INFO - Sync 1 DAGs
[2026-09-19T21:52:17.186+0000] {logging_mixin.py:149} INFO - [2026-09-19T21:52:17.186+0000] {dag.py:3490} INFO - Setting next_dagrun for tutorial_taskflow_api to None, run_after=None
[2026-09-19T21:52:17.217+0000] {processor.py:178} INFO - Processing /home/airflow/.local/lib/python3.7/site-packages/airflow/example_dags/tutorial_taskflow_api.py took 0.140 seconds
[2026-09-19T21:52:47.288+0000] {processor.py:156} INFO - Started process (PID=5822) to work on /home/airflow/.local/lib/python3.7/site-packages/airflow/example_dags/tutorial_taskflow_api.py
[2026-09-19T21:52:47.290+0000] {processor.py:799} INFO - Processing file /home/airflow/.local/lib/python3.7/site-packages/airflow/example_dags/tutorial_taskflow_api.py for tasks to queue
[2026-09-19T21:52:47.291+0000] {logging_mixin.py:149} INFO - [2026-09-19T21:52:47.291+0000] {dagbag.py:541} INFO - Filling up the DagBag from /home/airflow/.local/lib/python3.7/site-packages/airflow/example_dags/tutorial_taskflow_api.py
[2026-09-19T21:52:47.302+0000] {processor.py:809} INFO - DAG(s) dict_keys(['tutorial_taskflow_api']) retrieved from /home/airflow/.local/lib/python3.7/site-packages/airflow/example_dags/tutorial_taskflow_api.py
[2026-09-19T21:52:47.347+0000] {logging_mixin.py:149} INFO - [2026-09-19T21:52:47.346+0000] {dag.py:2726} INFO - Sync 1 DAGs
[2026-09-19T21:52:47.388+0000] {logging_mixin.py:149} INFO - [2026-09-19T21:52:47.388+0000] {dag.py:3490} INFO - Setting next_dagrun for tutorial_taskflow_api to None, run_after=None
[2026-09-19T21:52:47.419+0000] {processor.py:178} INFO - Processing /home/airflow/.local/lib/python3.7/site-packages/airflow/example_dags/tutorial_taskflow_api.py took 0.137 seconds
[2026-09-19T21:53:18.299+0000] {processor.py:156} INFO - Started process (PID=5878) to work on /home/airflow/.local/lib/python3.7/site-packages/airflow/example_dags/tutorial_taskflow_api.py
[2026-09-19T21:53:18.303+0000] {processor.py:799} INFO - Processing file /home/airflow/.local/lib/python3.7/site-packages/airflow/example_dags/tutorial_taskflow_api.py for tasks to queue
[2026-09-19T21:53:18.304+0000] {logging_mixin.py:149} INFO - [2026-09-19T21:53:18.304+0000] {dagbag.py:541} INFO - Filling up the DagBag from /home/airflow/.local/lib/python3.7/site-packages/airflow/example_dags/tutorial_taskflow_api.py
[2026-09-19T21:53:18.315+0000] {processor.py:809} INFO - DAG(s) dict_keys(['tutorial_taskflow_api']) retrieved from /home/airflow/.local/lib/python3.7/site-packages/airflow/example_dags/tutorial_taskflow_api.py
[2026-09-19T21:53:18.358+0000] {logging_mixin.py:149} INFO - [2026-09-19T21:53:18.357+0000] {dag.py:2726} INFO - Sync 1 DAGs
[2026-09-19T21:53:18.400+0000] {logging_mixin.py:149} INFO - [2026-09-19T21:53:18.399+0000] {dag.py:3490} INFO - Setting next_dagrun for tutorial_taskflow_api to None, run_after=None
[2026-09-19T21:53:18.437+0000] {processor.py:178} INFO - Processing /home/airflow/.local/lib/python3.7/site-packages/airflow/example_dags/tutorial_taskflow_api.py took 0.144 seconds
[2026-09-19T21:53:49.153+0000] {processor.py:156} INFO - Started process (PID=5934) to work on /home/airflow/.local/lib/python3.7/site-packages/airflow/example_dags/tutorial_taskflow_api.py
[2026-09-19T21:53:49.155+0000] {processor.py:799} INFO - Processing file /home/airflow/.local/lib/python3.7/site-packages/airflow/example_dags/tutorial_taskflow_api.py for tasks to queue
[2026-09-19T21:53:49.156+0000] {logging_mixin.py:149} INFO - [2026-09-19T21:53:49.156+0000] {dagbag.py:541} INFO - Filling up the DagBag from /home/airflow/.local/lib/python3.7/site-packages/airflow/example_dags/tutorial_taskflow_api.py
[2026-09-19T21:53:49.166+0000] {processor.py:809} INFO - DAG(s) dict_keys(['tutorial_taskflow_api']) retrieved from /home/airflow/.local/lib/python3.7/site-packages/airflow/example_dags/tutorial_taskflow_api.py
[2026-09-19T21:53:49.212+0000] {logging_mixin.py:149} INFO - [2026-09-19T21:53:49.212+0000] {dag.py:2726} INFO - Sync 1 DAGs
[2026-09-19T21:53:49.256+0000] {logging_mixin.py:149} INFO - [2026-09-19T21:53:49.256+0000] {dag.py:3490} INFO - Setting next_dagrun for tutorial_taskflow_api to None, run_after=None
[2026-09-19T21:53:49.288+0000] {processor.py:178} INFO - Processing /home/airflow/.local/lib/python3.7/site-packages/airflow/example_dags/tutorial_taskflow_api.py took 0.142 seconds
[2026-09-19T21:54:20.103+0000] {processor.py:156} INFO - Started process (PID=5990) to work on /home/airflow/.local/lib/python3.7/site-packages/airflow/example_dags/tutorial_taskflow_api.py
[2026-09-19T21:54:20.105+0000] {processor.py:799} INFO - Processing file /home/airflow/.local/lib/python3.7/site-packages/airflow/example_dags/tutorial_taskflow_api.py for tasks to queue
[2026-09-19T21:54:20.106+0000] {logging_mixin.py:149} INFO - [2026-09-19T21:54:20.106+0000] {dagbag.py:541} INFO - Filling up the DagBag from /home/airflow/.local/lib/python3.7/site-packages/airflow/example_dags/tutorial_taskflow_api.py
[2026-09-19T21:54:20.117+0000] {processor.py:809} INFO - DAG(s) dict_keys(['tutorial_taskflow_api']) retrieved from /home/airflow/.local/lib/python3.7/site-packages/airflow/example_dags/tutorial_taskflow_api.py
[2026-09-19T21:54:20.159+0000] {logging_mixin.py:149} INFO - [2026-09-19T21:54:20.159+0000] {dag.py:2726} INFO - Sync 1 DAGs
[2026-09-19T21:54:20.200+0000] {logging_mixin.py:149} INFO - [2026-09-19T21:54:20.200+0000] {dag.py:3490} INFO - Setting next_dagrun for tutorial_taskflow_api to None, run_after=None
[2026-09-19T21:54:20.233+0000] {processor.py:178} INFO - Processing /home/airflow/.local/lib/python3.7/site-packages/airflow/example_dags/tutorial_taskflow_api.py took 0.134 seconds
[2026-09-19T21:54:50.445+0000] {processor.py:156} INFO - Started process (PID=6046) to work on /home/airflow/.local/lib/python3.7/site-packages/airflow/example_dags/tutorial_taskflow_api.py
[2026-09-19T21:54:50.448+0000] {processor.py:799} INFO - Processing file /home/airflow/.local/lib/python3.7/site-packages/airflow/example_dags/tutorial_taskflow_api.py for tasks to queue
[2026-09-19T21:54:50.449+0000] {logging_mixin.py:149} INFO - [2026-09-19T21:54:50.449+0000] {dagbag.py:541} INFO - Filling up the DagBag from /home/airflow/.local/lib/python3.7/site-packages/airflow/example_dags/tutorial_taskflow_api.py
[2026-09-19T21:54:50.460+0000] {processor.py:809} INFO - DAG(s) dict_keys(['tutorial_taskflow_api']) retrieved from /home/airflow/.local/lib/python3.7/site-packages/airflow/example_dags/tutorial_taskflow_api.py
[2026-09-19T21:54:50.516+0000] {logging_mixin.py:149} INFO - [2026-09-19T21:54:50.515+0000] {dag.py:2726} INFO - Sync 1 DAGs
[2026-09-19T21:54:50.564+0000] {logging_mixin.py:149} INFO - [2026-09-19T21:54:50.563+0000] {dag.py:3490} INFO - Setting next_dagrun for tutorial_taskflow_api to None, run_after=None
[2026-09-19T21:54:50.594+0000] {processor.py:178} INFO - Processing /home/airflow/.local/lib/python3.7/site-packages/airflow/example_dags/tutorial_taskflow_api.py took 0.157 seconds
[2026-09-19T21:55:20.835+0000] {processor.py:156} INFO - Started process (PID=6101) to work on /home/airflow/.local/lib/python3.7/site-packages/airflow/example_dags/tutorial_taskflow_api.py
[2026-09-19T21:55:20.837+0000] {processor.py:799} INFO - Processing file /home/airflow/.local/lib/python3.7/site-packages/airflow/example_dags/tutorial_taskflow_api.py for tasks to queue
[2026-09-19T21:55:20.838+0000] {logging_mixin.py:149} INFO - [2026-09-19T21:55:20.837+0000] {dagbag.py:541} INFO - Filling up the DagBag from /home/airflow/.local/lib/python3.7/site-packages/airflow/example_dags/tutorial_taskflow_api.py
[2026-09-19T21:55:20.850+0000] {processor.py:809} INFO - DAG(s) dict_keys(['tutorial_taskflow_api']) retrieved from /home/airflow/.local/lib/python3.7/site-packages/airflow/example_dags/tutorial_taskflow_api.py
[2026-09-19T21:55:20.899+0000] {logging_mixin.py:149} INFO - [2026-09-19T21:55:20.899+0000] {dag.py:2726} INFO - Sync 1 DAGs
[2026-09-19T21:55:20.944+0000] {logging_mixin.py:149} INFO - [2026-09-19T21:55:20.944+0000] {dag.py:3490} INFO - Setting next_dagrun for tutorial_taskflow_api to None, run_after=None
[2026-09-19T21:55:20.973+0000] {processor.py:178} INFO - Processing /home/airflow/.local/lib/python3.7/site-packages/airflow/example_dags/tutorial_taskflow_api.py took 0.144 seconds
[2026-09-19T21:55:51.207+0000] {processor.py:156} INFO - Started process (PID=6157) to work on /home/airflow/.local/lib/python3.7/site-packages/airflow/example_dags/tutorial_taskflow_api.py
[2026-09-19T21:55:51.208+0000] {processor.py:799} INFO - Processing file /home/airflow/.local/lib/python3.7/site-packages/airflow/example_dags/tutorial_taskflow_api.py for tasks to queue
[2026-09-19T21:55:51.209+0000] {logging_mixin.py:149} INFO - [2026-09-19T21:55:51.209+0000] {dagbag.py:541} INFO - Filling up the DagBag from /home/airflow/.local/lib/python3.7/site-packages/airflow/example_dags/tutorial_taskflow_api.py
[2026-09-19T21:55:51.219+0000] {processor.py:809} INFO - DAG(s) dict_keys(['tutorial_taskflow_api']) retrieved from /home/airflow/.local/lib/python3.7/site-packages/airflow/example_dags/tutorial_taskflow_api.py
[2026-09-19T21:55:51.273+0000] {logging_mixin.py:149} INFO - [2026-09-19T21:55:51.273+0000] {dag.py:2726} INFO - Sync 1 DAGs
[2026-09-19T21:55:51.335+0000] {logging_mixin.py:149} INFO - [2026-09-19T21:55:51.335+0000] {dag.py:3490} INFO - Setting next_dagrun for tutorial_taskflow_api to None, run_after=None
[2026-09-19T21:55:51.372+0000] {processor.py:178} INFO - Processing /home/airflow/.local/lib/python3.7/site-packages/airflow/example_dags/tutorial_taskflow_api.py took 0.173 seconds
[2026-09-19T21:56:21.870+0000] {processor.py:156} INFO - Started process (PID=6213) to work on /home/airflow/.local/lib/python3.7/site-packages/airflow/example_dags/tutorial_taskflow_api.py
[2026-09-19T21:56:21.876+0000] {processor.py:799} INFO - Processing file /home/airflow/.local/lib/python3.7/site-packages/airflow/example_dags/tutorial_taskflow_api.py for tasks to queue
[2026-09-19T21:56:21.877+0000] {logging_mixin.py:149} INFO - [2026-09-19T21:56:21.877+0000] {dagbag.py:541} INFO - Filling up the DagBag from /home/airflow/.local/lib/python3.7/site-packages/airflow/example_dags/tutorial_taskflow_api.py
[2026-09-19T21:56:21.888+0000] {processor.py:809} INFO - DAG(s) dict_keys(['tutorial_taskflow_api']) retrieved from /home/airflow/.local/lib/python3.7/site-packages/airflow/example_dags/tutorial_taskflow_api.py
[2026-09-19T21:56:21.941+0000] {logging_mixin.py:149} INFO - [2026-09-19T21:56:21.940+0000] {dag.py:2726} INFO - Sync 1 DAGs
[2026-09-19T21:56:21.984+0000] {logging_mixin.py:149} INFO - [2026-09-19T21:56:21.984+0000] {dag.py:3490} INFO - Setting next_dagrun for tutorial_taskflow_api to None, run_after=None
[2026-09-19T21:56:22.014+0000] {processor.py:178} INFO - Processing /home/airflow/.local/lib/python3.7/site-packages/airflow/example_dags/tutorial_taskflow_api.py took 0.150 seconds
[2026-09-19T21:56:53.313+0000] {processor.py:156} INFO - Started process (PID=6269) to work on /home/airflow/.local/lib/python3.7/site-packages/airflow/example_dags/tutorial_taskflow_api.py
[2026-09-19T21:56:53.315+0000] {processor.py:799} INFO - Processing file /home/airflow/.local/lib/python3.7/site-packages/airflow/example_dags/tutorial_taskflow_api.py for tasks to queue
[2026-09-19T21:56:53.316+0000] {logging_mixin.py:149} INFO - [2026-09-19T21:56:53.316+0000] {dagbag.py:541} INFO - Filling up the DagBag from /home/airflow/.local/lib/python3.7/site-packages/airflow/example_dags/tutorial_taskflow_api.py
[2026-09-19T21:56:53.326+0000] {processor.py:809} INFO - DAG(s) dict_keys(['tutorial_taskflow_api']) retrieved from /home/airflow/.local/lib/python3.7/site-packages/airflow/example_dags/tutorial_taskflow_api.py
[2026-09-19T21:56:53.368+0000] {logging_mixin.py:149} INFO - [2026-09-19T21:56:53.368+0000] {dag.py:2726} INFO - Sync 1 DAGs
[2026-09-19T21:56:53.419+0000] {logging_mixin.py:149} INFO - [2026-09-19T21:56:53.419+0000] {dag.py:3490} INFO - Setting next_dagrun for tutorial_taskflow_api to None, run_after=None
[2026-09-19T21:56:53.453+0000] {processor.py:178} INFO - Processing /home/airflow/.local/lib/python3.7/site-packages/airflow/example_dags/tutorial_taskflow_api.py took 0.148 seconds
[2026-09-19T21:57:24.321+0000] {processor.py:156} INFO - Started process (PID=6324) to work on /home/airflow/.local/lib/python3.7/site-packages/airflow/example_dags/tutorial_taskflow_api.py
[2026-09-19T21:57:24.323+0000] {processor.py:799} INFO - Processing file /home/airflow/.local/lib/python3.7/site-packages/airflow/example_dags/tutorial_taskflow_api.py for tasks to queue
[2026-09-19T21:57:24.324+0000] {logging_mixin.py:149} INFO - [2026-09-19T21:57:24.324+0000] {dagbag.py:541} INFO - Filling up the DagBag from /home/airflow/.local/lib/python3.7/site-packages/airflow/example_dags/tutorial_taskflow_api.py
[2026-09-19T21:57:24.334+0000] {processor.py:809} INFO - DAG(s) dict_keys(['tutorial_taskflow_api']) retrieved from /home/airflow/.local/lib/python3.7/site-packages/airflow/example_dags/tutorial_taskflow_api.py
[2026-09-19T21:57:24.380+0000] {logging_mixin.py:149} INFO - [2026-09-19T21:57:24.380+0000] {dag.py:2726} INFO - Sync 1 DAGs
[2026-09-19T21:57:24.421+0000] {logging_mixin.py:149} INFO - [2026-09-19T21:57:24.421+0000] {dag.py:3490} INFO - Setting next_dagrun for tutorial_taskflow_api to None, run_after=None
[2026-09-19T21:57:24.453+0000] {processor.py:178} INFO - Processing /home/airflow/.local/lib/python3.7/site-packages/airflow/example_dags/tutorial_taskflow_api.py took 0.138 seconds
[2026-09-19T21:57:55.864+0000] {processor.py:156} INFO - Started process (PID=6387) to work on /home/airflow/.local/lib/python3.7/site-packages/airflow/example_dags/tutorial_taskflow_api.py
[2026-09-19T21:57:55.866+0000] {processor.py:799} INFO - Processing file /home/airflow/.local/lib/python3.7/site-packages/airflow/example_dags/tutorial_taskflow_api.py for tasks to queue
[2026-09-19T21:57:55.867+0000] {logging_mixin.py:149} INFO - [2026-09-19T21:57:55.867+0000] {dagbag.py:541} INFO - Filling up the DagBag from /home/airflow/.local/lib/python3.7/site-packages/airflow/example_dags/tutorial_taskflow_api.py
[2026-09-19T21:57:55.877+0000] {processor.py:809} INFO - DAG(s) dict_keys(['tutorial_taskflow_api']) retrieved from /home/airflow/.local/lib/python3.7/site-packages/airflow/example_dags/tutorial_taskflow_api.py
[2026-09-19T21:57:55.937+0000] {logging_mixin.py:149} INFO - [2026-09-19T21:57:55.937+0000] {dag.py:2726} INFO - Sync 1 DAGs
[2026-09-19T21:57:55.981+0000] {logging_mixin.py:149} INFO - [2026-09-19T21:57:55.981+0000] {dag.py:3490} INFO - Setting next_dagrun for tutorial_taskflow_api to None, run_after=None
[2026-09-19T21:57:56.015+0000] {processor.py:178} INFO - Processing /home/airflow/.local/lib/python3.7/site-packages/airflow/example_dags/tutorial_taskflow_api.py took 0.157 seconds
[2026-09-19T21:58:27.065+0000] {processor.py:156} INFO - Started process (PID=6445) to work on /home/airflow/.local/lib/python3.7/site-packages/airflow/example_dags/tutorial_taskflow_api.py
[2026-09-19T21:58:27.066+0000] {processor.py:799} INFO - Processing file /home/airflow/.local/lib/python3.7/site-packages/airflow/example_dags/tutorial_taskflow_api.py for tasks to queue
[2026-09-19T21:58:27.067+0000] {logging_mixin.py:149} INFO - [2026-09-19T21:58:27.067+0000] {dagbag.py:541} INFO - Filling up the DagBag from /home/airflow/.local/lib/python3.7/site-packages/airflow/example_dags/tutorial_taskflow_api.py
[2026-09-19T21:58:27.078+0000] {processor.py:809} INFO - DAG(s) dict_keys(['tutorial_taskflow_api']) retrieved from /home/airflow/.local/lib/python3.7/site-packages/airflow/example_dags/tutorial_taskflow_api.py
[2026-09-19T21:58:27.120+0000] {logging_mixin.py:149} INFO - [2026-09-19T21:58:27.120+0000] {dag.py:2726} INFO - Sync 1 DAGs
[2026-09-19T21:58:27.167+0000] {logging_mixin.py:149} INFO - [2026-09-19T21:58:27.167+0000] {dag.py:3490} INFO - Setting next_dagrun for tutorial_taskflow_api to None, run_after=None
[2026-09-19T21:58:27.201+0000] {processor.py:178} INFO - Processing /home/airflow/.local/lib/python3.7/site-packages/airflow/example_dags/tutorial_taskflow_api.py took 0.143 seconds
[2026-09-19T21:58:58.549+0000] {processor.py:156} INFO - Started process (PID=6500) to work on /home/airflow/.local/lib/python3.7/site-packages/airflow/example_dags/tutorial_taskflow_api.py
[2026-09-19T21:58:58.552+0000] {processor.py:799} INFO - Processing file /home/airflow/.local/lib/python3.7/site-packages/airflow/example_dags/tutorial_taskflow_api.py for tasks to queue
[2026-09-19T21:58:58.554+0000] {logging_mixin.py:149} INFO - [2026-09-19T21:58:58.553+0000] {dagbag.py:541} INFO - Filling up the DagBag from /home/airflow/.local/lib/python3.7/site-packages/airflow/example_dags/tutorial_taskflow_api.py
[2026-09-19T21:58:58.570+0000] {processor.py:809} INFO - DAG(s) dict_keys(['tutorial_taskflow_api']) retrieved from /home/airflow/.local/lib/python3.7/site-packages/airflow/example_dags/tutorial_taskflow_api.py
[2026-09-19T21:58:58.611+0000] {logging_mixin.py:149} INFO - [2026-09-19T21:58:58.611+0000] {dag.py:2726} INFO - Sync 1 DAGs
[2026-09-19T21:58:58.656+0000] {logging_mixin.py:149} INFO - [2026-09-19T21:58:58.655+0000] {dag.py:3490} INFO - Setting next_dagrun for tutorial_taskflow_api to None, run_after=None
[2026-09-19T21:58:58.689+0000] {processor.py:178} INFO - Processing /home/airflow/.local/lib/python3.7/site-packages/airflow/example_dags/tutorial_taskflow_api.py took 0.148 seconds
[2026-09-19T21:59:29.244+0000] {processor.py:156} INFO - Started process (PID=6556) to work on /home/airflow/.local/lib/python3.7/site-packages/airflow/example_dags/tutorial_taskflow_api.py
[2026-09-19T21:59:29.248+0000] {processor.py:799} INFO - Processing file /home/airflow/.local/lib/python3.7/site-packages/airflow/example_dags/tutorial_taskflow_api.py for tasks to queue
[2026-09-19T21:59:29.249+0000] {logging_mixin.py:149} INFO - [2026-09-19T21:59:29.249+0000] {dagbag.py:541} INFO - Filling up the DagBag from /home/airflow/.local/lib/python3.7/site-packages/airflow/example_dags/tutorial_taskflow_api.py
[2026-09-19T21:59:29.261+0000] {processor.py:809} INFO - DAG(s) dict_keys(['tutorial_taskflow_api']) retrieved from /home/airflow/.local/lib/python3.7/site-packages/airflow/example_dags/tutorial_taskflow_api.py
[2026-09-19T21:59:29.314+0000] {logging_mixin.py:149} INFO - [2026-09-19T21:59:29.314+0000] {dag.py:2726} INFO - Sync 1 DAGs
[2026-09-19T21:59:29.377+0000] {logging_mixin.py:149} INFO - [2026-09-19T21:59:29.376+0000] {dag.py:3490} INFO - Setting next_dagrun for tutorial_taskflow_api to None, run_after=None
[2026-09-19T21:59:29.408+0000] {processor.py:178} INFO - Processing /home/airflow/.local/lib/python3.7/site-packages/airflow/example_dags/tutorial_taskflow_api.py took 0.177 seconds
[2026-09-19T22:00:00.819+0000] {processor.py:156} INFO - Started process (PID=6611) to work on /home/airflow/.local/lib/python3.7/site-packages/airflow/example_dags/tutorial_taskflow_api.py
[2026-09-19T22:00:00.821+0000] {processor.py:799} INFO - Processing file /home/airflow/.local/lib/python3.7/site-packages/airflow/example_dags/tutorial_taskflow_api.py for tasks to queue
[2026-09-19T22:00:00.822+0000] {logging_mixin.py:149} INFO - [2026-09-19T22:00:00.822+0000] {dagbag.py:541} INFO - Filling up the DagBag from /home/airflow/.local/lib/python3.7/site-packages/airflow/example_dags/tutorial_taskflow_api.py
[2026-09-19T22:00:00.833+0000] {processor.py:809} INFO - DAG(s) dict_keys(['tutorial_taskflow_api']) retrieved from /home/airflow/.local/lib/python3.7/site-packages/airflow/example_dags/tutorial_taskflow_api.py
[2026-09-19T22:00:00.880+0000] {logging_mixin.py:149} INFO - [2026-09-19T22:00:00.880+0000] {dag.py:2726} INFO - Sync 1 DAGs
[2026-09-19T22:00:00.934+0000] {logging_mixin.py:149} INFO - [2026-09-19T22:00:00.933+0000] {dag.py:3490} INFO - Setting next_dagrun for tutorial_taskflow_api to None, run_after=None
[2026-09-19T22:00:00.964+0000] {processor.py:178} INFO - Processing /home/airflow/.local/lib/python3.7/site-packages/airflow/example_dags/tutorial_taskflow_api.py took 0.151 seconds
[2026-09-19T22:00:32.413+0000] {processor.py:156} INFO - Started process (PID=6667) to work on /home/airflow/.local/lib/python3.7/site-packages/airflow/example_dags/tutorial_taskflow_api.py
[2026-09-19T22:00:32.415+0000] {processor.py:799} INFO - Processing file /home/airflow/.local/lib/python3.7/site-packages/airflow/example_dags/tutorial_taskflow_api.py for tasks to queue
[2026-09-19T22:00:32.416+0000] {logging_mixin.py:149} INFO - [2026-09-19T22:00:32.416+0000] {dagbag.py:541} INFO - Filling up the DagBag from /home/airflow/.local/lib/python3.7/site-packages/airflow/example_dags/tutorial_taskflow_api.py
[2026-09-19T22:00:32.427+0000] {processor.py:809} INFO - DAG(s) dict_keys(['tutorial_taskflow_api']) retrieved from /home/airflow/.local/lib/python3.7/site-packages/airflow/example_dags/tutorial_taskflow_api.py
[2026-09-19T22:00:32.480+0000] {logging_mixin.py:149} INFO - [2026-09-19T22:00:32.480+0000] {dag.py:2726} INFO - Sync 1 DAGs
[2026-09-19T22:00:32.532+0000] {logging_mixin.py:149} INFO - [2026-09-19T22:00:32.531+0000] {dag.py:3490} INFO - Setting next_dagrun for tutorial_taskflow_api to None, run_after=None
[2026-09-19T22:00:32.573+0000] {processor.py:178} INFO - Processing /home/airflow/.local/lib/python3.7/site-packages/airflow/example_dags/tutorial_taskflow_api.py took 0.165 seconds
[2026-09-19T22:01:03.425+0000] {processor.py:156} INFO - Started process (PID=6723) to work on /home/airflow/.local/lib/python3.7/site-packages/airflow/example_dags/tutorial_taskflow_api.py
[2026-09-19T22:01:03.426+0000] {processor.py:799} INFO - Processing file /home/airflow/.local/lib/python3.7/site-packages/airflow/example_dags/tutorial_taskflow_api.py for tasks to queue
[2026-09-19T22:01:03.427+0000] {logging_mixin.py:149} INFO - [2026-09-19T22:01:03.427+0000] {dagbag.py:541} INFO - Filling up the DagBag from /home/airflow/.local/lib/python3.7/site-packages/airflow/example_dags/tutorial_taskflow_api.py
[2026-09-19T22:01:03.439+0000] {processor.py:809} INFO - DAG(s) dict_keys(['tutorial_taskflow_api']) retrieved from /home/airflow/.local/lib/python3.7/site-packages/airflow/example_dags/tutorial_taskflow_api.py
[2026-09-19T22:01:03.489+0000] {logging_mixin.py:149} INFO - [2026-09-19T22:01:03.489+0000] {dag.py:2726} INFO - Sync 1 DAGs
[2026-09-19T22:01:03.537+0000] {logging_mixin.py:149} INFO - [2026-09-19T22:01:03.537+0000] {dag.py:3490} INFO - Setting next_dagrun for tutorial_taskflow_api to None, run_after=None
[2026-09-19T22:01:03.571+0000] {processor.py:178} INFO - Processing /home/airflow/.local/lib/python3.7/site-packages/airflow/example_dags/tutorial_taskflow_api.py took 0.162 seconds
[2026-09-19T22:01:34.430+0000] {processor.py:156} INFO - Started process (PID=6779) to work on /home/airflow/.local/lib/python3.7/site-packages/airflow/example_dags/tutorial_taskflow_api.py
[2026-09-19T22:01:34.432+0000] {processor.py:799} INFO - Processing file /home/airflow/.local/lib/python3.7/site-packages/airflow/example_dags/tutorial_taskflow_api.py for tasks to queue
[2026-09-19T22:01:34.433+0000] {logging_mixin.py:149} INFO - [2026-09-19T22:01:34.433+0000] {dagbag.py:541} INFO - Filling up the DagBag from /home/airflow/.local/lib/python3.7/site-packages/airflow/example_dags/tutorial_taskflow_api.py
[2026-09-19T22:01:34.443+0000] {processor.py:809} INFO - DAG(s) dict_keys(['tutorial_taskflow_api']) retrieved from /home/airflow/.local/lib/python3.7/site-packages/airflow/example_dags/tutorial_taskflow_api.py
[2026-09-19T22:01:34.497+0000] {logging_mixin.py:149} INFO - [2026-09-19T22:01:34.497+0000] {dag.py:2726} INFO - Sync 1 DAGs
[2026-09-19T22:01:34.547+0000] {logging_mixin.py:149} INFO - [2026-09-19T22:01:34.547+0000] {dag.py:3490} INFO - Setting next_dagrun for tutorial_taskflow_api to None, run_after=None
[2026-09-19T22:01:34.581+0000] {processor.py:178} INFO - Processing /home/airflow/.local/lib/python3.7/site-packages/airflow/example_dags/tutorial_taskflow_api.py took 0.160 seconds
[2026-09-19T22:02:05.634+0000] {processor.py:156} INFO - Started process (PID=6835) to work on /home/airflow/.local/lib/python3.7/site-packages/airflow/example_dags/tutorial_taskflow_api.py
[2026-09-19T22:02:05.637+0000] {processor.py:799} INFO - Processing file /home/airflow/.local/lib/python3.7/site-packages/airflow/example_dags/tutorial_taskflow_api.py for tasks to queue
[2026-09-19T22:02:05.638+0000] {logging_mixin.py:149} INFO - [2026-09-19T22:02:05.638+0000] {dagbag.py:541} INFO - Filling up the DagBag from /home/airflow/.local/lib/python3.7/site-packages/airflow/example_dags/tutorial_taskflow_api.py
[2026-09-19T22:02:05.648+0000] {processor.py:809} INFO - DAG(s) dict_keys(['tutorial_taskflow_api']) retrieved from /home/airflow/.local/lib/python3.7/site-packages/airflow/example_dags/tutorial_taskflow_api.py
[2026-09-19T22:02:05.698+0000] {logging_mixin.py:149} INFO - [2026-09-19T22:02:05.698+0000] {dag.py:2726} INFO - Sync 1 DAGs
[2026-09-19T22:02:05.742+0000] {logging_mixin.py:149} INFO - [2026-09-19T22:02:05.742+0000] {dag.py:3490} INFO - Setting next_dagrun for tutorial_taskflow_api to None, run_after=None
[2026-09-19T22:02:05.783+0000] {processor.py:178} INFO - Processing /home/airflow/.local/lib/python3.7/site-packages/airflow/example_dags/tutorial_taskflow_api.py took 0.154 seconds
[2026-09-19T22:02:36.970+0000] {processor.py:156} INFO - Started process (PID=6892) to work on /home/airflow/.local/lib/python3.7/site-packages/airflow/example_dags/tutorial_taskflow_api.py
[2026-09-19T22:02:36.972+0000] {processor.py:799} INFO - Processing file /home/airflow/.local/lib/python3.7/site-packages/airflow/example_dags/tutorial_taskflow_api.py for tasks to queue
[2026-09-19T22:02:36.974+0000] {logging_mixin.py:149} INFO - [2026-09-19T22:02:36.973+0000] {dagbag.py:541} INFO - Filling up the DagBag from /home/airflow/.local/lib/python3.7/site-packages/airflow/example_dags/tutorial_taskflow_api.py
[2026-09-19T22:02:36.994+0000] {processor.py:809} INFO - DAG(s) dict_keys(['tutorial_taskflow_api']) retrieved from /home/airflow/.local/lib/python3.7/site-packages/airflow/example_dags/tutorial_taskflow_api.py
[2026-09-19T22:02:37.042+0000] {logging_mixin.py:149} INFO - [2026-09-19T22:02:37.042+0000] {dag.py:2726} INFO - Sync 1 DAGs
[2026-09-19T22:02:37.085+0000] {logging_mixin.py:149} INFO - [2026-09-19T22:02:37.085+0000] {dag.py:3490} INFO - Setting next_dagrun for tutorial_taskflow_api to None, run_after=None
[2026-09-19T22:02:37.116+0000] {processor.py:178} INFO - Processing /home/airflow/.local/lib/python3.7/site-packages/airflow/example_dags/tutorial_taskflow_api.py took 0.153 seconds
[2026-09-19T22:03:08.196+0000] {processor.py:156} INFO - Started process (PID=6949) to work on /home/airflow/.local/lib/python3.7/site-packages/airflow/example_dags/tutorial_taskflow_api.py
[2026-09-19T22:03:08.198+0000] {processor.py:799} INFO - Processing file /home/airflow/.local/lib/python3.7/site-packages/airflow/example_dags/tutorial_taskflow_api.py for tasks to queue
[2026-09-19T22:03:08.199+0000] {logging_mixin.py:149} INFO - [2026-09-19T22:03:08.199+0000] {dagbag.py:541} INFO - Filling up the DagBag from /home/airflow/.local/lib/python3.7/site-packages/airflow/example_dags/tutorial_taskflow_api.py
[2026-09-19T22:03:08.209+0000] {processor.py:809} INFO - DAG(s) dict_keys(['tutorial_taskflow_api']) retrieved from /home/airflow/.local/lib/python3.7/site-packages/airflow/example_dags/tutorial_taskflow_api.py
[2026-09-19T22:03:08.250+0000] {logging_mixin.py:149} INFO - [2026-09-19T22:03:08.249+0000] {dag.py:2726} INFO - Sync 1 DAGs
[2026-09-19T22:03:08.292+0000] {logging_mixin.py:149} INFO - [2026-09-19T22:03:08.292+0000] {dag.py:3490} INFO - Setting next_dagrun for tutorial_taskflow_api to None, run_after=None
[2026-09-19T22:03:08.319+0000] {processor.py:178} INFO - Processing /home/airflow/.local/lib/python3.7/site-packages/airflow/example_dags/tutorial_taskflow_api.py took 0.133 seconds
[2026-09-19T22:03:39.937+0000] {processor.py:156} INFO - Started process (PID=7004) to work on /home/airflow/.local/lib/python3.7/site-packages/airflow/example_dags/tutorial_taskflow_api.py
[2026-09-19T22:03:39.941+0000] {processor.py:799} INFO - Processing file /home/airflow/.local/lib/python3.7/site-packages/airflow/example_dags/tutorial_taskflow_api.py for tasks to queue
[2026-09-19T22:03:39.942+0000] {logging_mixin.py:149} INFO - [2026-09-19T22:03:39.942+0000] {dagbag.py:541} INFO - Filling up the DagBag from /home/airflow/.local/lib/python3.7/site-packages/airflow/example_dags/tutorial_taskflow_api.py
[2026-09-19T22:03:39.952+0000] {processor.py:809} INFO - DAG(s) dict_keys(['tutorial_taskflow_api']) retrieved from /home/airflow/.local/lib/python3.7/site-packages/airflow/example_dags/tutorial_taskflow_api.py
[2026-09-19T22:03:39.997+0000] {logging_mixin.py:149} INFO - [2026-09-19T22:03:39.997+0000] {dag.py:2726} INFO - Sync 1 DAGs
[2026-09-19T22:03:40.044+0000] {logging_mixin.py:149} INFO - [2026-09-19T22:03:40.044+0000] {dag.py:3490} INFO - Setting next_dagrun for tutorial_taskflow_api to None, run_after=None
[2026-09-19T22:03:40.075+0000] {processor.py:178} INFO - Processing /home/airflow/.local/lib/python3.7/site-packages/airflow/example_dags/tutorial_taskflow_api.py took 0.143 seconds
[2026-09-19T22:04:10.228+0000] {processor.py:156} INFO - Started process (PID=7060) to work on /home/airflow/.local/lib/python3.7/site-packages/airflow/example_dags/tutorial_taskflow_api.py
[2026-09-19T22:04:10.229+0000] {processor.py:799} INFO - Processing file /home/airflow/.local/lib/python3.7/site-packages/airflow/example_dags/tutorial_taskflow_api.py for tasks to queue
[2026-09-19T22:04:10.230+0000] {logging_mixin.py:149} INFO - [2026-09-19T22:04:10.230+0000] {dagbag.py:541} INFO - Filling up the DagBag from /home/airflow/.local/lib/python3.7/site-packages/airflow/example_dags/tutorial_taskflow_api.py
[2026-09-19T22:04:10.241+0000] {processor.py:809} INFO - DAG(s) dict_keys(['tutorial_taskflow_api']) retrieved from /home/airflow/.local/lib/python3.7/site-packages/airflow/example_dags/tutorial_taskflow_api.py
[2026-09-19T22:04:10.290+0000] {logging_mixin.py:149} INFO - [2026-09-19T22:04:10.290+0000] {dag.py:2726} INFO - Sync 1 DAGs
[2026-09-19T22:04:10.332+0000] {logging_mixin.py:149} INFO - [2026-09-19T22:04:10.332+0000] {dag.py:3490} INFO - Setting next_dagrun for tutorial_taskflow_api to None, run_after=None
[2026-09-19T22:04:10.367+0000] {processor.py:178} INFO - Processing /home/airflow/.local/lib/python3.7/site-packages/airflow/example_dags/tutorial_taskflow_api.py took 0.145 seconds
[2026-09-19T22:04:41.287+0000] {processor.py:156} INFO - Started process (PID=7116) to work on /home/airflow/.local/lib/python3.7/site-packages/airflow/example_dags/tutorial_taskflow_api.py
[2026-09-19T22:04:41.289+0000] {processor.py:799} INFO - Processing file /home/airflow/.local/lib/python3.7/site-packages/airflow/example_dags/tutorial_taskflow_api.py for tasks to queue
[2026-09-19T22:04:41.290+0000] {logging_mixin.py:149} INFO - [2026-09-19T22:04:41.289+0000] {dagbag.py:541} INFO - Filling up the DagBag from /home/airflow/.local/lib/python3.7/site-packages/airflow/example_dags/tutorial_taskflow_api.py
[2026-09-19T22:04:41.299+0000] {processor.py:809} INFO - DAG(s) dict_keys(['tutorial_taskflow_api']) retrieved from /home/airflow/.local/lib/python3.7/site-packages/airflow/example_dags/tutorial_taskflow_api.py
[2026-09-19T22:04:41.346+0000] {logging_mixin.py:149} INFO - [2026-09-19T22:04:41.346+0000] {dag.py:2726} INFO - Sync 1 DAGs
[2026-09-19T22:04:41.389+0000] {logging_mixin.py:149} INFO - [2026-09-19T22:04:41.388+0000] {dag.py:3490} INFO - Setting next_dagrun for tutorial_taskflow_api to None, run_after=None
[2026-09-19T22:04:41.419+0000] {processor.py:178} INFO - Processing /home/airflow/.local/lib/python3.7/site-packages/airflow/example_dags/tutorial_taskflow_api.py took 0.138 seconds
[2026-09-19T22:05:12.274+0000] {processor.py:156} INFO - Started process (PID=7173) to work on /home/airflow/.local/lib/python3.7/site-packages/airflow/example_dags/tutorial_taskflow_api.py
[2026-09-19T22:05:12.275+0000] {processor.py:799} INFO - Processing file /home/airflow/.local/lib/python3.7/site-packages/airflow/example_dags/tutorial_taskflow_api.py for tasks to queue
[2026-09-19T22:05:12.276+0000] {logging_mixin.py:149} INFO - [2026-09-19T22:05:12.276+0000] {dagbag.py:541} INFO - Filling up the DagBag from /home/airflow/.local/lib/python3.7/site-packages/airflow/example_dags/tutorial_taskflow_api.py
[2026-09-19T22:05:12.287+0000] {processor.py:809} INFO - DAG(s) dict_keys(['tutorial_taskflow_api']) retrieved from /home/airflow/.local/lib/python3.7/site-packages/airflow/example_dags/tutorial_taskflow_api.py
[2026-09-19T22:05:12.330+0000] {logging_mixin.py:149} INFO - [2026-09-19T22:05:12.330+0000] {dag.py:2726} INFO - Sync 1 DAGs
[2026-09-19T22:05:12.383+0000] {logging_mixin.py:149} INFO - [2026-09-19T22:05:12.383+0000] {dag.py:3490} INFO - Setting next_dagrun for tutorial_taskflow_api to None, run_after=None
[2026-09-19T22:05:12.416+0000] {processor.py:178} INFO - Processing /home/airflow/.local/lib/python3.7/site-packages/airflow/example_dags/tutorial_taskflow_api.py took 0.148 seconds
[2026-09-19T22:05:43.309+0000] {processor.py:156} INFO - Started process (PID=7229) to work on /home/airflow/.local/lib/python3.7/site-packages/airflow/example_dags/tutorial_taskflow_api.py
[2026-09-19T22:05:43.312+0000] {processor.py:799} INFO - Processing file /home/airflow/.local/lib/python3.7/site-packages/airflow/example_dags/tutorial_taskflow_api.py for tasks to queue
[2026-09-19T22:05:43.313+0000] {logging_mixin.py:149} INFO - [2026-09-19T22:05:43.313+0000] {dagbag.py:541} INFO - Filling up the DagBag from /home/airflow/.local/lib/python3.7/site-packages/airflow/example_dags/tutorial_taskflow_api.py
[2026-09-19T22:05:43.327+0000] {processor.py:809} INFO - DAG(s) dict_keys(['tutorial_taskflow_api']) retrieved from /home/airflow/.local/lib/python3.7/site-packages/airflow/example_dags/tutorial_taskflow_api.py
[2026-09-19T22:05:43.384+0000] {logging_mixin.py:149} INFO - [2026-09-19T22:05:43.383+0000] {dag.py:2726} INFO - Sync 1 DAGs
[2026-09-19T22:05:43.430+0000] {logging_mixin.py:149} INFO - [2026-09-19T22:05:43.429+0000] {dag.py:3490} INFO - Setting next_dagrun for tutorial_taskflow_api to None, run_after=None
[2026-09-19T22:05:43.466+0000] {processor.py:178} INFO - Processing /home/airflow/.local/lib/python3.7/site-packages/airflow/example_dags/tutorial_taskflow_api.py took 0.163 seconds
[2026-09-19T22:06:14.485+0000] {processor.py:156} INFO - Started process (PID=7285) to work on /home/airflow/.local/lib/python3.7/site-packages/airflow/example_dags/tutorial_taskflow_api.py
[2026-09-19T22:06:14.486+0000] {processor.py:799} INFO - Processing file /home/airflow/.local/lib/python3.7/site-packages/airflow/example_dags/tutorial_taskflow_api.py for tasks to queue
[2026-09-19T22:06:14.488+0000] {logging_mixin.py:149} INFO - [2026-09-19T22:06:14.487+0000] {dagbag.py:541} INFO - Filling up the DagBag from /home/airflow/.local/lib/python3.7/site-packages/airflow/example_dags/tutorial_taskflow_api.py
[2026-09-19T22:06:14.505+0000] {processor.py:809} INFO - DAG(s) dict_keys(['tutorial_taskflow_api']) retrieved from /home/airflow/.local/lib/python3.7/site-packages/airflow/example_dags/tutorial_taskflow_api.py
[2026-09-19T22:06:14.561+0000] {logging_mixin.py:149} INFO - [2026-09-19T22:06:14.561+0000] {dag.py:2726} INFO - Sync 1 DAGs
[2026-09-19T22:06:14.617+0000] {logging_mixin.py:149} INFO - [2026-09-19T22:06:14.617+0000] {dag.py:3490} INFO - Setting next_dagrun for tutorial_taskflow_api to None, run_after=None
[2026-09-19T22:06:14.655+0000] {processor.py:178} INFO - Processing /home/airflow/.local/lib/python3.7/site-packages/airflow/example_dags/tutorial_taskflow_api.py took 0.178 seconds
[2026-09-19T22:06:45.405+0000] {processor.py:156} INFO - Started process (PID=7341) to work on /home/airflow/.local/lib/python3.7/site-packages/airflow/example_dags/tutorial_taskflow_api.py
[2026-09-19T22:06:45.408+0000] {processor.py:799} INFO - Processing file /home/airflow/.local/lib/python3.7/site-packages/airflow/example_dags/tutorial_taskflow_api.py for tasks to queue
[2026-09-19T22:06:45.409+0000] {logging_mixin.py:149} INFO - [2026-09-19T22:06:45.408+0000] {dagbag.py:541} INFO - Filling up the DagBag from /home/airflow/.local/lib/python3.7/site-packages/airflow/example_dags/tutorial_taskflow_api.py
[2026-09-19T22:06:45.421+0000] {processor.py:809} INFO - DAG(s) dict_keys(['tutorial_taskflow_api']) retrieved from /home/airflow/.local/lib/python3.7/site-packages/airflow/example_dags/tutorial_taskflow_api.py
[2026-09-19T22:06:45.468+0000] {logging_mixin.py:149} INFO - [2026-09-19T22:06:45.468+0000] {dag.py:2726} INFO - Sync 1 DAGs
[2026-09-19T22:06:45.512+0000] {logging_mixin.py:149} INFO - [2026-09-19T22:06:45.512+0000] {dag.py:3490} INFO - Setting next_dagrun for tutorial_taskflow_api to None, run_after=None
[2026-09-19T22:06:45.543+0000] {processor.py:178} INFO - Processing /home/airflow/.local/lib/python3.7/site-packages/airflow/example_dags/tutorial_taskflow_api.py took 0.144 seconds
[2026-09-19T22:07:16.310+0000] {processor.py:156} INFO - Started process (PID=7397) to work on /home/airflow/.local/lib/python3.7/site-packages/airflow/example_dags/tutorial_taskflow_api.py
[2026-09-19T22:07:16.312+0000] {processor.py:799} INFO - Processing file /home/airflow/.local/lib/python3.7/site-packages/airflow/example_dags/tutorial_taskflow_api.py for tasks to queue
[2026-09-19T22:07:16.313+0000] {logging_mixin.py:149} INFO - [2026-09-19T22:07:16.313+0000] {dagbag.py:541} INFO - Filling up the DagBag from /home/airflow/.local/lib/python3.7/site-packages/airflow/example_dags/tutorial_taskflow_api.py
[2026-09-19T22:07:16.324+0000] {processor.py:809} INFO - DAG(s) dict_keys(['tutorial_taskflow_api']) retrieved from /home/airflow/.local/lib/python3.7/site-packages/airflow/example_dags/tutorial_taskflow_api.py
[2026-09-19T22:07:16.364+0000] {logging_mixin.py:149} INFO - [2026-09-19T22:07:16.364+0000] {dag.py:2726} INFO - Sync 1 DAGs
[2026-09-19T22:07:16.406+0000] {logging_mixin.py:149} INFO - [2026-09-19T22:07:16.406+0000] {dag.py:3490} INFO - Setting next_dagrun for tutorial_taskflow_api to None, run_after=None
[2026-09-19T22:07:16.440+0000] {processor.py:178} INFO - Processing /home/airflow/.local/lib/python3.7/site-packages/airflow/example_dags/tutorial_taskflow_api.py took 0.139 seconds
[2026-09-19T22:07:47.272+0000] {processor.py:156} INFO - Started process (PID=7453) to work on /home/airflow/.local/lib/python3.7/site-packages/airflow/example_dags/tutorial_taskflow_api.py
[2026-09-19T22:07:47.274+0000] {processor.py:799} INFO - Processing file /home/airflow/.local/lib/python3.7/site-packages/airflow/example_dags/tutorial_taskflow_api.py for tasks to queue
[2026-09-19T22:07:47.275+0000] {logging_mixin.py:149} INFO - [2026-09-19T22:07:47.275+0000] {dagbag.py:541} INFO - Filling up the DagBag from /home/airflow/.local/lib/python3.7/site-packages/airflow/example_dags/tutorial_taskflow_api.py
[2026-09-19T22:07:47.290+0000] {processor.py:809} INFO - DAG(s) dict_keys(['tutorial_taskflow_api']) retrieved from /home/airflow/.local/lib/python3.7/site-packages/airflow/example_dags/tutorial_taskflow_api.py
[2026-09-19T22:07:47.348+0000] {logging_mixin.py:149} INFO - [2026-09-19T22:07:47.347+0000] {dag.py:2726} INFO - Sync 1 DAGs
[2026-09-19T22:07:47.401+0000] {logging_mixin.py:149} INFO - [2026-09-19T22:07:47.400+0000] {dag.py:3490} INFO - Setting next_dagrun for tutorial_taskflow_api to None, run_after=None
[2026-09-19T22:07:47.436+0000] {processor.py:178} INFO - Processing /home/airflow/.local/lib/python3.7/site-packages/airflow/example_dags/tutorial_taskflow_api.py took 0.171 seconds
[2026-09-19T22:08:18.184+0000] {processor.py:156} INFO - Started process (PID=7510) to work on /home/airflow/.local/lib/python3.7/site-packages/airflow/example_dags/tutorial_taskflow_api.py
[2026-09-19T22:08:18.185+0000] {processor.py:799} INFO - Processing file /home/airflow/.local/lib/python3.7/site-packages/airflow/example_dags/tutorial_taskflow_api.py for tasks to queue
[2026-09-19T22:08:18.186+0000] {logging_mixin.py:149} INFO - [2026-09-19T22:08:18.186+0000] {dagbag.py:541} INFO - Filling up the DagBag from /home/airflow/.local/lib/python3.7/site-packages/airflow/example_dags/tutorial_taskflow_api.py
[2026-09-19T22:08:18.198+0000] {processor.py:809} INFO - DAG(s) dict_keys(['tutorial_taskflow_api']) retrieved from /home/airflow/.local/lib/python3.7/site-packages/airflow/example_dags/tutorial_taskflow_api.py
[2026-09-19T22:08:18.251+0000] {logging_mixin.py:149} INFO - [2026-09-19T22:08:18.251+0000] {dag.py:2726} INFO - Sync 1 DAGs
[2026-09-19T22:08:18.294+0000] {logging_mixin.py:149} INFO - [2026-09-19T22:08:18.294+0000] {dag.py:3490} INFO - Setting next_dagrun for tutorial_taskflow_api to None, run_after=None
[2026-09-19T22:08:18.324+0000] {processor.py:178} INFO - Processing /home/airflow/.local/lib/python3.7/site-packages/airflow/example_dags/tutorial_taskflow_api.py took 0.149 seconds
[2026-09-19T22:08:51.663+0000] {processor.py:156} INFO - Started process (PID=7566) to work on /home/airflow/.local/lib/python3.7/site-packages/airflow/example_dags/tutorial_taskflow_api.py
[2026-09-19T22:08:51.665+0000] {processor.py:799} INFO - Processing file /home/airflow/.local/lib/python3.7/site-packages/airflow/example_dags/tutorial_taskflow_api.py for tasks to queue
[2026-09-19T22:08:51.666+0000] {logging_mixin.py:149} INFO - [2026-09-19T22:08:51.666+0000] {dagbag.py:541} INFO - Filling up the DagBag from /home/airflow/.local/lib/python3.7/site-packages/airflow/example_dags/tutorial_taskflow_api.py
[2026-09-19T22:08:51.678+0000] {processor.py:809} INFO - DAG(s) dict_keys(['tutorial_taskflow_api']) retrieved from /home/airflow/.local/lib/python3.7/site-packages/airflow/example_dags/tutorial_taskflow_api.py
[2026-09-19T22:08:51.732+0000] {logging_mixin.py:149} INFO - [2026-09-19T22:08:51.732+0000] {dag.py:2726} INFO - Sync 1 DAGs
[2026-09-19T22:08:51.989+0000] {logging_mixin.py:149} INFO - [2026-09-19T22:08:51.988+0000] {dag.py:3490} INFO - Setting next_dagrun for tutorial_taskflow_api to None, run_after=None
[2026-09-19T22:08:52.033+0000] {processor.py:178} INFO - Processing /home/airflow/.local/lib/python3.7/site-packages/airflow/example_dags/tutorial_taskflow_api.py took 0.378 seconds
[2026-09-19T22:09:22.969+0000] {processor.py:156} INFO - Started process (PID=7622) to work on /home/airflow/.local/lib/python3.7/site-packages/airflow/example_dags/tutorial_taskflow_api.py
[2026-09-19T22:09:22.971+0000] {processor.py:799} INFO - Processing file /home/airflow/.local/lib/python3.7/site-packages/airflow/example_dags/tutorial_taskflow_api.py for tasks to queue
[2026-09-19T22:09:22.972+0000] {logging_mixin.py:149} INFO - [2026-09-19T22:09:22.971+0000] {dagbag.py:541} INFO - Filling up the DagBag from /home/airflow/.local/lib/python3.7/site-packages/airflow/example_dags/tutorial_taskflow_api.py
[2026-09-19T22:09:22.982+0000] {processor.py:809} INFO - DAG(s) dict_keys(['tutorial_taskflow_api']) retrieved from /home/airflow/.local/lib/python3.7/site-packages/airflow/example_dags/tutorial_taskflow_api.py
[2026-09-19T22:09:23.026+0000] {logging_mixin.py:149} INFO - [2026-09-19T22:09:23.026+0000] {dag.py:2726} INFO - Sync 1 DAGs
[2026-09-19T22:09:23.068+0000] {logging_mixin.py:149} INFO - [2026-09-19T22:09:23.068+0000] {dag.py:3490} INFO - Setting next_dagrun for tutorial_taskflow_api to None, run_after=None
[2026-09-19T22:09:23.098+0000] {processor.py:178} INFO - Processing /home/airflow/.local/lib/python3.7/site-packages/airflow/example_dags/tutorial_taskflow_api.py took 0.134 seconds
[2026-09-19T22:09:53.618+0000] {processor.py:156} INFO - Started process (PID=7678) to work on /home/airflow/.local/lib/python3.7/site-packages/airflow/example_dags/tutorial_taskflow_api.py
[2026-09-19T22:09:53.620+0000] {processor.py:799} INFO - Processing file /home/airflow/.local/lib/python3.7/site-packages/airflow/example_dags/tutorial_taskflow_api.py for tasks to queue
[2026-09-19T22:09:53.621+0000] {logging_mixin.py:149} INFO - [2026-09-19T22:09:53.621+0000] {dagbag.py:541} INFO - Filling up the DagBag from /home/airflow/.local/lib/python3.7/site-packages/airflow/example_dags/tutorial_taskflow_api.py
[2026-09-19T22:09:53.633+0000] {processor.py:809} INFO - DAG(s) dict_keys(['tutorial_taskflow_api']) retrieved from /home/airflow/.local/lib/python3.7/site-packages/airflow/example_dags/tutorial_taskflow_api.py
[2026-09-19T22:09:53.656+0000] {logging_mixin.py:149} INFO - [2026-09-19T22:09:53.655+0000] {dag.py:2726} INFO - Sync 1 DAGs
[2026-09-19T22:09:53.700+0000] {logging_mixin.py:149} INFO - [2026-09-19T22:09:53.700+0000] {dag.py:3490} INFO - Setting next_dagrun for tutorial_taskflow_api to None, run_after=None
[2026-09-19T22:09:53.730+0000] {processor.py:178} INFO - Processing /home/airflow/.local/lib/python3.7/site-packages/airflow/example_dags/tutorial_taskflow_api.py took 0.119 seconds
[2026-09-19T22:10:24.463+0000] {processor.py:156} INFO - Started process (PID=7734) to work on /home/airflow/.local/lib/python3.7/site-packages/airflow/example_dags/tutorial_taskflow_api.py
[2026-09-19T22:10:24.464+0000] {processor.py:799} INFO - Processing file /home/airflow/.local/lib/python3.7/site-packages/airflow/example_dags/tutorial_taskflow_api.py for tasks to queue
[2026-09-19T22:10:24.465+0000] {logging_mixin.py:149} INFO - [2026-09-19T22:10:24.465+0000] {dagbag.py:541} INFO - Filling up the DagBag from /home/airflow/.local/lib/python3.7/site-packages/airflow/example_dags/tutorial_taskflow_api.py
[2026-09-19T22:10:24.478+0000] {processor.py:809} INFO - DAG(s) dict_keys(['tutorial_taskflow_api']) retrieved from /home/airflow/.local/lib/python3.7/site-packages/airflow/example_dags/tutorial_taskflow_api.py
[2026-09-19T22:10:24.529+0000] {logging_mixin.py:149} INFO - [2026-09-19T22:10:24.528+0000] {dag.py:2726} INFO - Sync 1 DAGs
[2026-09-19T22:10:24.775+0000] {logging_mixin.py:149} INFO - [2026-09-19T22:10:24.774+0000] {dag.py:3490} INFO - Setting next_dagrun for tutorial_taskflow_api to None, run_after=None
[2026-09-19T22:10:24.804+0000] {processor.py:178} INFO - Processing /home/airflow/.local/lib/python3.7/site-packages/airflow/example_dags/tutorial_taskflow_api.py took 0.348 seconds
[2026-09-19T22:10:54.912+0000] {processor.py:156} INFO - Started process (PID=7791) to work on /home/airflow/.local/lib/python3.7/site-packages/airflow/example_dags/tutorial_taskflow_api.py
[2026-09-19T22:10:54.914+0000] {processor.py:799} INFO - Processing file /home/airflow/.local/lib/python3.7/site-packages/airflow/example_dags/tutorial_taskflow_api.py for tasks to queue
[2026-09-19T22:10:54.915+0000] {logging_mixin.py:149} INFO - [2026-09-19T22:10:54.915+0000] {dagbag.py:541} INFO - Filling up the DagBag from /home/airflow/.local/lib/python3.7/site-packages/airflow/example_dags/tutorial_taskflow_api.py
[2026-09-19T22:10:54.925+0000] {processor.py:809} INFO - DAG(s) dict_keys(['tutorial_taskflow_api']) retrieved from /home/airflow/.local/lib/python3.7/site-packages/airflow/example_dags/tutorial_taskflow_api.py
[2026-09-19T22:10:54.975+0000] {logging_mixin.py:149} INFO - [2026-09-19T22:10:54.974+0000] {dag.py:2726} INFO - Sync 1 DAGs
[2026-09-19T22:10:55.018+0000] {logging_mixin.py:149} INFO - [2026-09-19T22:10:55.018+0000] {dag.py:3490} INFO - Setting next_dagrun for tutorial_taskflow_api to None, run_after=None
[2026-09-19T22:10:55.056+0000] {processor.py:178} INFO - Processing /home/airflow/.local/lib/python3.7/site-packages/airflow/example_dags/tutorial_taskflow_api.py took 0.152 seconds
[2026-09-19T22:11:25.528+0000] {processor.py:156} INFO - Started process (PID=7849) to work on /home/airflow/.local/lib/python3.7/site-packages/airflow/example_dags/tutorial_taskflow_api.py
[2026-09-19T22:11:25.530+0000] {processor.py:799} INFO - Processing file /home/airflow/.local/lib/python3.7/site-packages/airflow/example_dags/tutorial_taskflow_api.py for tasks to queue
[2026-09-19T22:11:25.531+0000] {logging_mixin.py:149} INFO - [2026-09-19T22:11:25.531+0000] {dagbag.py:541} INFO - Filling up the DagBag from /home/airflow/.local/lib/python3.7/site-packages/airflow/example_dags/tutorial_taskflow_api.py
[2026-09-19T22:11:25.545+0000] {processor.py:809} INFO - DAG(s) dict_keys(['tutorial_taskflow_api']) retrieved from /home/airflow/.local/lib/python3.7/site-packages/airflow/example_dags/tutorial_taskflow_api.py
[2026-09-19T22:11:25.594+0000] {logging_mixin.py:149} INFO - [2026-09-19T22:11:25.593+0000] {dag.py:2726} INFO - Sync 1 DAGs
[2026-09-19T22:11:25.640+0000] {logging_mixin.py:149} INFO - [2026-09-19T22:11:25.640+0000] {dag.py:3490} INFO - Setting next_dagrun for tutorial_taskflow_api to None, run_after=None
[2026-09-19T22:11:25.672+0000] {processor.py:178} INFO - Processing /home/airflow/.local/lib/python3.7/site-packages/airflow/example_dags/tutorial_taskflow_api.py took 0.152 seconds
[2026-09-19T22:11:57.783+0000] {processor.py:156} INFO - Started process (PID=7903) to work on /home/airflow/.local/lib/python3.7/site-packages/airflow/example_dags/tutorial_taskflow_api.py
[2026-09-19T22:11:57.785+0000] {processor.py:799} INFO - Processing file /home/airflow/.local/lib/python3.7/site-packages/airflow/example_dags/tutorial_taskflow_api.py for tasks to queue
[2026-09-19T22:11:57.787+0000] {logging_mixin.py:149} INFO - [2026-09-19T22:11:57.786+0000] {dagbag.py:541} INFO - Filling up the DagBag from /home/airflow/.local/lib/python3.7/site-packages/airflow/example_dags/tutorial_taskflow_api.py
[2026-09-19T22:11:57.802+0000] {processor.py:809} INFO - DAG(s) dict_keys(['tutorial_taskflow_api']) retrieved from /home/airflow/.local/lib/python3.7/site-packages/airflow/example_dags/tutorial_taskflow_api.py
[2026-09-19T22:11:57.851+0000] {logging_mixin.py:149} INFO - [2026-09-19T22:11:57.850+0000] {dag.py:2726} INFO - Sync 1 DAGs
[2026-09-19T22:11:58.133+0000] {logging_mixin.py:149} INFO - [2026-09-19T22:11:58.133+0000] {dag.py:3490} INFO - Setting next_dagrun for tutorial_taskflow_api to None, run_after=None
[2026-09-19T22:11:58.169+0000] {processor.py:178} INFO - Processing /home/airflow/.local/lib/python3.7/site-packages/airflow/example_dags/tutorial_taskflow_api.py took 0.393 seconds
[2026-09-19T22:12:28.814+0000] {processor.py:156} INFO - Started process (PID=7966) to work on /home/airflow/.local/lib/python3.7/site-packages/airflow/example_dags/tutorial_taskflow_api.py
[2026-09-19T22:12:28.815+0000] {processor.py:799} INFO - Processing file /home/airflow/.local/lib/python3.7/site-packages/airflow/example_dags/tutorial_taskflow_api.py for tasks to queue
[2026-09-19T22:12:28.816+0000] {logging_mixin.py:149} INFO - [2026-09-19T22:12:28.816+0000] {dagbag.py:541} INFO - Filling up the DagBag from /home/airflow/.local/lib/python3.7/site-packages/airflow/example_dags/tutorial_taskflow_api.py
[2026-09-19T22:12:28.828+0000] {processor.py:809} INFO - DAG(s) dict_keys(['tutorial_taskflow_api']) retrieved from /home/airflow/.local/lib/python3.7/site-packages/airflow/example_dags/tutorial_taskflow_api.py
[2026-09-19T22:12:28.882+0000] {logging_mixin.py:149} INFO - [2026-09-19T22:12:28.882+0000] {dag.py:2726} INFO - Sync 1 DAGs
[2026-09-19T22:12:28.952+0000] {logging_mixin.py:149} INFO - [2026-09-19T22:12:28.952+0000] {dag.py:3490} INFO - Setting next_dagrun for tutorial_taskflow_api to None, run_after=None
[2026-09-19T22:12:28.993+0000] {processor.py:178} INFO - Processing /home/airflow/.local/lib/python3.7/site-packages/airflow/example_dags/tutorial_taskflow_api.py took 0.186 seconds
[2026-09-19T22:12:59.604+0000] {processor.py:156} INFO - Started process (PID=8022) to work on /home/airflow/.local/lib/python3.7/site-packages/airflow/example_dags/tutorial_taskflow_api.py
[2026-09-19T22:12:59.611+0000] {processor.py:799} INFO - Processing file /home/airflow/.local/lib/python3.7/site-packages/airflow/example_dags/tutorial_taskflow_api.py for tasks to queue
[2026-09-19T22:12:59.612+0000] {logging_mixin.py:149} INFO - [2026-09-19T22:12:59.612+0000] {dagbag.py:541} INFO - Filling up the DagBag from /home/airflow/.local/lib/python3.7/site-packages/airflow/example_dags/tutorial_taskflow_api.py
[2026-09-19T22:12:59.624+0000] {processor.py:809} INFO - DAG(s) dict_keys(['tutorial_taskflow_api']) retrieved from /home/airflow/.local/lib/python3.7/site-packages/airflow/example_dags/tutorial_taskflow_api.py
[2026-09-19T22:12:59.891+0000] {logging_mixin.py:149} INFO - [2026-09-19T22:12:59.891+0000] {dag.py:2726} INFO - Sync 1 DAGs
[2026-09-19T22:12:59.930+0000] {logging_mixin.py:149} INFO - [2026-09-19T22:12:59.929+0000] {dag.py:3490} INFO - Setting next_dagrun for tutorial_taskflow_api to None, run_after=None
[2026-09-19T22:12:59.961+0000] {processor.py:178} INFO - Processing /home/airflow/.local/lib/python3.7/site-packages/airflow/example_dags/tutorial_taskflow_api.py took 0.364 seconds
[2026-09-19T22:13:30.876+0000] {processor.py:156} INFO - Started process (PID=8079) to work on /home/airflow/.local/lib/python3.7/site-packages/airflow/example_dags/tutorial_taskflow_api.py
[2026-09-19T22:13:30.877+0000] {processor.py:799} INFO - Processing file /home/airflow/.local/lib/python3.7/site-packages/airflow/example_dags/tutorial_taskflow_api.py for tasks to queue
[2026-09-19T22:13:30.878+0000] {logging_mixin.py:149} INFO - [2026-09-19T22:13:30.878+0000] {dagbag.py:541} INFO - Filling up the DagBag from /home/airflow/.local/lib/python3.7/site-packages/airflow/example_dags/tutorial_taskflow_api.py
[2026-09-19T22:13:30.890+0000] {processor.py:809} INFO - DAG(s) dict_keys(['tutorial_taskflow_api']) retrieved from /home/airflow/.local/lib/python3.7/site-packages/airflow/example_dags/tutorial_taskflow_api.py
[2026-09-19T22:13:30.933+0000] {logging_mixin.py:149} INFO - [2026-09-19T22:13:30.932+0000] {dag.py:2726} INFO - Sync 1 DAGs
[2026-09-19T22:13:31.189+0000] {logging_mixin.py:149} INFO - [2026-09-19T22:13:31.188+0000] {dag.py:3490} INFO - Setting next_dagrun for tutorial_taskflow_api to None, run_after=None
[2026-09-19T22:13:31.227+0000] {processor.py:178} INFO - Processing /home/airflow/.local/lib/python3.7/site-packages/airflow/example_dags/tutorial_taskflow_api.py took 0.359 seconds
[2026-09-19T22:14:01.390+0000] {processor.py:156} INFO - Started process (PID=8134) to work on /home/airflow/.local/lib/python3.7/site-packages/airflow/example_dags/tutorial_taskflow_api.py
[2026-09-19T22:14:01.392+0000] {processor.py:799} INFO - Processing file /home/airflow/.local/lib/python3.7/site-packages/airflow/example_dags/tutorial_taskflow_api.py for tasks to queue
[2026-09-19T22:14:01.393+0000] {logging_mixin.py:149} INFO - [2026-09-19T22:14:01.393+0000] {dagbag.py:541} INFO - Filling up the DagBag from /home/airflow/.local/lib/python3.7/site-packages/airflow/example_dags/tutorial_taskflow_api.py
[2026-09-19T22:14:01.404+0000] {processor.py:809} INFO - DAG(s) dict_keys(['tutorial_taskflow_api']) retrieved from /home/airflow/.local/lib/python3.7/site-packages/airflow/example_dags/tutorial_taskflow_api.py
[2026-09-19T22:14:01.456+0000] {logging_mixin.py:149} INFO - [2026-09-19T22:14:01.456+0000] {dag.py:2726} INFO - Sync 1 DAGs
[2026-09-19T22:14:01.498+0000] {logging_mixin.py:149} INFO - [2026-09-19T22:14:01.498+0000] {dag.py:3490} INFO - Setting next_dagrun for tutorial_taskflow_api to None, run_after=None
[2026-09-19T22:14:01.535+0000] {processor.py:178} INFO - Processing /home/airflow/.local/lib/python3.7/site-packages/airflow/example_dags/tutorial_taskflow_api.py took 0.154 seconds
[2026-09-19T22:14:32.596+0000] {processor.py:156} INFO - Started process (PID=8190) to work on /home/airflow/.local/lib/python3.7/site-packages/airflow/example_dags/tutorial_taskflow_api.py
[2026-09-19T22:14:32.598+0000] {processor.py:799} INFO - Processing file /home/airflow/.local/lib/python3.7/site-packages/airflow/example_dags/tutorial_taskflow_api.py for tasks to queue
[2026-09-19T22:14:32.600+0000] {logging_mixin.py:149} INFO - [2026-09-19T22:14:32.599+0000] {dagbag.py:541} INFO - Filling up the DagBag from /home/airflow/.local/lib/python3.7/site-packages/airflow/example_dags/tutorial_taskflow_api.py
[2026-09-19T22:14:32.611+0000] {processor.py:809} INFO - DAG(s) dict_keys(['tutorial_taskflow_api']) retrieved from /home/airflow/.local/lib/python3.7/site-packages/airflow/example_dags/tutorial_taskflow_api.py
[2026-09-19T22:14:32.669+0000] {logging_mixin.py:149} INFO - [2026-09-19T22:14:32.669+0000] {dag.py:2726} INFO - Sync 1 DAGs
[2026-09-19T22:14:32.919+0000] {logging_mixin.py:149} INFO - [2026-09-19T22:14:32.919+0000] {dag.py:3490} INFO - Setting next_dagrun for tutorial_taskflow_api to None, run_after=None
[2026-09-19T22:14:32.971+0000] {processor.py:178} INFO - Processing /home/airflow/.local/lib/python3.7/site-packages/airflow/example_dags/tutorial_taskflow_api.py took 0.384 seconds
[2026-09-19T22:15:03.727+0000] {processor.py:156} INFO - Started process (PID=8246) to work on /home/airflow/.local/lib/python3.7/site-packages/airflow/example_dags/tutorial_taskflow_api.py
[2026-09-19T22:15:03.729+0000] {processor.py:799} INFO - Processing file /home/airflow/.local/lib/python3.7/site-packages/airflow/example_dags/tutorial_taskflow_api.py for tasks to queue
[2026-09-19T22:15:03.730+0000] {logging_mixin.py:149} INFO - [2026-09-19T22:15:03.730+0000] {dagbag.py:541} INFO - Filling up the DagBag from /home/airflow/.local/lib/python3.7/site-packages/airflow/example_dags/tutorial_taskflow_api.py
[2026-09-19T22:15:03.741+0000] {processor.py:809} INFO - DAG(s) dict_keys(['tutorial_taskflow_api']) retrieved from /home/airflow/.local/lib/python3.7/site-packages/airflow/example_dags/tutorial_taskflow_api.py
[2026-09-19T22:15:03.790+0000] {logging_mixin.py:149} INFO - [2026-09-19T22:15:03.789+0000] {dag.py:2726} INFO - Sync 1 DAGs
[2026-09-19T22:15:03.834+0000] {logging_mixin.py:149} INFO - [2026-09-19T22:15:03.834+0000] {dag.py:3490} INFO - Setting next_dagrun for tutorial_taskflow_api to None, run_after=None
[2026-09-19T22:15:03.864+0000] {processor.py:178} INFO - Processing /home/airflow/.local/lib/python3.7/site-packages/airflow/example_dags/tutorial_taskflow_api.py took 0.144 seconds
[2026-09-19T22:15:34.070+0000] {processor.py:156} INFO - Started process (PID=8302) to work on /home/airflow/.local/lib/python3.7/site-packages/airflow/example_dags/tutorial_taskflow_api.py
[2026-09-19T22:15:34.071+0000] {processor.py:799} INFO - Processing file /home/airflow/.local/lib/python3.7/site-packages/airflow/example_dags/tutorial_taskflow_api.py for tasks to queue
[2026-09-19T22:15:34.072+0000] {logging_mixin.py:149} INFO - [2026-09-19T22:15:34.072+0000] {dagbag.py:541} INFO - Filling up the DagBag from /home/airflow/.local/lib/python3.7/site-packages/airflow/example_dags/tutorial_taskflow_api.py
[2026-09-19T22:15:34.085+0000] {processor.py:809} INFO - DAG(s) dict_keys(['tutorial_taskflow_api']) retrieved from /home/airflow/.local/lib/python3.7/site-packages/airflow/example_dags/tutorial_taskflow_api.py
[2026-09-19T22:15:34.134+0000] {logging_mixin.py:149} INFO - [2026-09-19T22:15:34.133+0000] {dag.py:2726} INFO - Sync 1 DAGs
[2026-09-19T22:15:34.179+0000] {logging_mixin.py:149} INFO - [2026-09-19T22:15:34.179+0000] {dag.py:3490} INFO - Setting next_dagrun for tutorial_taskflow_api to None, run_after=None
[2026-09-19T22:15:34.211+0000] {processor.py:178} INFO - Processing /home/airflow/.local/lib/python3.7/site-packages/airflow/example_dags/tutorial_taskflow_api.py took 0.147 seconds
[2026-09-19T22:16:04.488+0000] {processor.py:156} INFO - Started process (PID=8358) to work on /home/airflow/.local/lib/python3.7/site-packages/airflow/example_dags/tutorial_taskflow_api.py
[2026-09-19T22:16:04.491+0000] {processor.py:799} INFO - Processing file /home/airflow/.local/lib/python3.7/site-packages/airflow/example_dags/tutorial_taskflow_api.py for tasks to queue
[2026-09-19T22:16:04.492+0000] {logging_mixin.py:149} INFO - [2026-09-19T22:16:04.491+0000] {dagbag.py:541} INFO - Filling up the DagBag from /home/airflow/.local/lib/python3.7/site-packages/airflow/example_dags/tutorial_taskflow_api.py
[2026-09-19T22:16:04.503+0000] {processor.py:809} INFO - DAG(s) dict_keys(['tutorial_taskflow_api']) retrieved from /home/airflow/.local/lib/python3.7/site-packages/airflow/example_dags/tutorial_taskflow_api.py
[2026-09-19T22:16:04.555+0000] {logging_mixin.py:149} INFO - [2026-09-19T22:16:04.555+0000] {dag.py:2726} INFO - Sync 1 DAGs
[2026-09-19T22:16:04.600+0000] {logging_mixin.py:149} INFO - [2026-09-19T22:16:04.600+0000] {dag.py:3490} INFO - Setting next_dagrun for tutorial_taskflow_api to None, run_after=None
[2026-09-19T22:16:04.633+0000] {processor.py:178} INFO - Processing /home/airflow/.local/lib/python3.7/site-packages/airflow/example_dags/tutorial_taskflow_api.py took 0.151 seconds
[2026-09-19T22:16:35.187+0000] {processor.py:156} INFO - Started process (PID=8414) to work on /home/airflow/.local/lib/python3.7/site-packages/airflow/example_dags/tutorial_taskflow_api.py
[2026-09-19T22:16:35.188+0000] {processor.py:799} INFO - Processing file /home/airflow/.local/lib/python3.7/site-packages/airflow/example_dags/tutorial_taskflow_api.py for tasks to queue
[2026-09-19T22:16:35.189+0000] {logging_mixin.py:149} INFO - [2026-09-19T22:16:35.189+0000] {dagbag.py:541} INFO - Filling up the DagBag from /home/airflow/.local/lib/python3.7/site-packages/airflow/example_dags/tutorial_taskflow_api.py
[2026-09-19T22:16:35.199+0000] {processor.py:809} INFO - DAG(s) dict_keys(['tutorial_taskflow_api']) retrieved from /home/airflow/.local/lib/python3.7/site-packages/airflow/example_dags/tutorial_taskflow_api.py
[2026-09-19T22:16:35.249+0000] {logging_mixin.py:149} INFO - [2026-09-19T22:16:35.248+0000] {dag.py:2726} INFO - Sync 1 DAGs
[2026-09-19T22:16:35.295+0000] {logging_mixin.py:149} INFO - [2026-09-19T22:16:35.295+0000] {dag.py:3490} INFO - Setting next_dagrun for tutorial_taskflow_api to None, run_after=None
[2026-09-19T22:16:35.328+0000] {processor.py:178} INFO - Processing /home/airflow/.local/lib/python3.7/site-packages/airflow/example_dags/tutorial_taskflow_api.py took 0.147 seconds
[2026-09-19T22:17:05.535+0000] {processor.py:156} INFO - Started process (PID=8469) to work on /home/airflow/.local/lib/python3.7/site-packages/airflow/example_dags/tutorial_taskflow_api.py
[2026-09-19T22:17:05.537+0000] {processor.py:799} INFO - Processing file /home/airflow/.local/lib/python3.7/site-packages/airflow/example_dags/tutorial_taskflow_api.py for tasks to queue
[2026-09-19T22:17:05.539+0000] {logging_mixin.py:149} INFO - [2026-09-19T22:17:05.539+0000] {dagbag.py:541} INFO - Filling up the DagBag from /home/airflow/.local/lib/python3.7/site-packages/airflow/example_dags/tutorial_taskflow_api.py
[2026-09-19T22:17:05.550+0000] {processor.py:809} INFO - DAG(s) dict_keys(['tutorial_taskflow_api']) retrieved from /home/airflow/.local/lib/python3.7/site-packages/airflow/example_dags/tutorial_taskflow_api.py
[2026-09-19T22:17:05.593+0000] {logging_mixin.py:149} INFO - [2026-09-19T22:17:05.593+0000] {dag.py:2726} INFO - Sync 1 DAGs
[2026-09-19T22:17:05.638+0000] {logging_mixin.py:149} INFO - [2026-09-19T22:17:05.637+0000] {dag.py:3490} INFO - Setting next_dagrun for tutorial_taskflow_api to None, run_after=None
[2026-09-19T22:17:05.672+0000] {processor.py:178} INFO - Processing /home/airflow/.local/lib/python3.7/site-packages/airflow/example_dags/tutorial_taskflow_api.py took 0.147 seconds
[2026-09-19T22:17:36.513+0000] {processor.py:156} INFO - Started process (PID=8524) to work on /home/airflow/.local/lib/python3.7/site-packages/airflow/example_dags/tutorial_taskflow_api.py
[2026-09-19T22:17:36.514+0000] {processor.py:799} INFO - Processing file /home/airflow/.local/lib/python3.7/site-packages/airflow/example_dags/tutorial_taskflow_api.py for tasks to queue
[2026-09-19T22:17:36.515+0000] {logging_mixin.py:149} INFO - [2026-09-19T22:17:36.515+0000] {dagbag.py:541} INFO - Filling up the DagBag from /home/airflow/.local/lib/python3.7/site-packages/airflow/example_dags/tutorial_taskflow_api.py
[2026-09-19T22:17:36.529+0000] {processor.py:809} INFO - DAG(s) dict_keys(['tutorial_taskflow_api']) retrieved from /home/airflow/.local/lib/python3.7/site-packages/airflow/example_dags/tutorial_taskflow_api.py
[2026-09-19T22:17:36.579+0000] {logging_mixin.py:149} INFO - [2026-09-19T22:17:36.579+0000] {dag.py:2726} INFO - Sync 1 DAGs
[2026-09-19T22:17:36.625+0000] {logging_mixin.py:149} INFO - [2026-09-19T22:17:36.625+0000] {dag.py:3490} INFO - Setting next_dagrun for tutorial_taskflow_api to None, run_after=None
[2026-09-19T22:17:36.654+0000] {processor.py:178} INFO - Processing /home/airflow/.local/lib/python3.7/site-packages/airflow/example_dags/tutorial_taskflow_api.py took 0.147 seconds
[2026-09-19T22:18:07.105+0000] {processor.py:156} INFO - Started process (PID=8581) to work on /home/airflow/.local/lib/python3.7/site-packages/airflow/example_dags/tutorial_taskflow_api.py
[2026-09-19T22:18:07.108+0000] {processor.py:799} INFO - Processing file /home/airflow/.local/lib/python3.7/site-packages/airflow/example_dags/tutorial_taskflow_api.py for tasks to queue
[2026-09-19T22:18:07.109+0000] {logging_mixin.py:149} INFO - [2026-09-19T22:18:07.109+0000] {dagbag.py:541} INFO - Filling up the DagBag from /home/airflow/.local/lib/python3.7/site-packages/airflow/example_dags/tutorial_taskflow_api.py
[2026-09-19T22:18:07.120+0000] {processor.py:809} INFO - DAG(s) dict_keys(['tutorial_taskflow_api']) retrieved from /home/airflow/.local/lib/python3.7/site-packages/airflow/example_dags/tutorial_taskflow_api.py
[2026-09-19T22:18:07.166+0000] {logging_mixin.py:149} INFO - [2026-09-19T22:18:07.165+0000] {dag.py:2726} INFO - Sync 1 DAGs
[2026-09-19T22:18:07.208+0000] {logging_mixin.py:149} INFO - [2026-09-19T22:18:07.208+0000] {dag.py:3490} INFO - Setting next_dagrun for tutorial_taskflow_api to None, run_after=None
[2026-09-19T22:18:07.244+0000] {processor.py:178} INFO - Processing /home/airflow/.local/lib/python3.7/site-packages/airflow/example_dags/tutorial_taskflow_api.py took 0.145 seconds
[2026-09-19T22:18:37.669+0000] {processor.py:156} INFO - Started process (PID=8637) to work on /home/airflow/.local/lib/python3.7/site-packages/airflow/example_dags/tutorial_taskflow_api.py
[2026-09-19T22:18:37.670+0000] {processor.py:799} INFO - Processing file /home/airflow/.local/lib/python3.7/site-packages/airflow/example_dags/tutorial_taskflow_api.py for tasks to queue
[2026-09-19T22:18:37.671+0000] {logging_mixin.py:149} INFO - [2026-09-19T22:18:37.671+0000] {dagbag.py:541} INFO - Filling up the DagBag from /home/airflow/.local/lib/python3.7/site-packages/airflow/example_dags/tutorial_taskflow_api.py
[2026-09-19T22:18:37.684+0000] {processor.py:809} INFO - DAG(s) dict_keys(['tutorial_taskflow_api']) retrieved from /home/airflow/.local/lib/python3.7/site-packages/airflow/example_dags/tutorial_taskflow_api.py
[2026-09-19T22:18:37.734+0000] {logging_mixin.py:149} INFO - [2026-09-19T22:18:37.733+0000] {dag.py:2726} INFO - Sync 1 DAGs
[2026-09-19T22:18:37.781+0000] {logging_mixin.py:149} INFO - [2026-09-19T22:18:37.780+0000] {dag.py:3490} INFO - Setting next_dagrun for tutorial_taskflow_api to None, run_after=None
[2026-09-19T22:18:37.817+0000] {processor.py:178} INFO - Processing /home/airflow/.local/lib/python3.7/site-packages/airflow/example_dags/tutorial_taskflow_api.py took 0.154 seconds
[2026-09-19T22:19:08.276+0000] {processor.py:156} INFO - Started process (PID=8693) to work on /home/airflow/.local/lib/python3.7/site-packages/airflow/example_dags/tutorial_taskflow_api.py
[2026-09-19T22:19:08.278+0000] {processor.py:799} INFO - Processing file /home/airflow/.local/lib/python3.7/site-packages/airflow/example_dags/tutorial_taskflow_api.py for tasks to queue
[2026-09-19T22:19:08.280+0000] {logging_mixin.py:149} INFO - [2026-09-19T22:19:08.279+0000] {dagbag.py:541} INFO - Filling up the DagBag from /home/airflow/.local/lib/python3.7/site-packages/airflow/example_dags/tutorial_taskflow_api.py
[2026-09-19T22:19:08.291+0000] {processor.py:809} INFO - DAG(s) dict_keys(['tutorial_taskflow_api']) retrieved from /home/airflow/.local/lib/python3.7/site-packages/airflow/example_dags/tutorial_taskflow_api.py
[2026-09-19T22:19:08.334+0000] {logging_mixin.py:149} INFO - [2026-09-19T22:19:08.334+0000] {dag.py:2726} INFO - Sync 1 DAGs
[2026-09-19T22:19:08.385+0000] {logging_mixin.py:149} INFO - [2026-09-19T22:19:08.384+0000] {dag.py:3490} INFO - Setting next_dagrun for tutorial_taskflow_api to None, run_after=None
[2026-09-19T22:19:08.421+0000] {processor.py:178} INFO - Processing /home/airflow/.local/lib/python3.7/site-packages/airflow/example_dags/tutorial_taskflow_api.py took 0.152 seconds
[2026-09-19T22:19:38.844+0000] {processor.py:156} INFO - Started process (PID=8750) to work on /home/airflow/.local/lib/python3.7/site-packages/airflow/example_dags/tutorial_taskflow_api.py
[2026-09-19T22:19:38.845+0000] {processor.py:799} INFO - Processing file /home/airflow/.local/lib/python3.7/site-packages/airflow/example_dags/tutorial_taskflow_api.py for tasks to queue
[2026-09-19T22:19:38.846+0000] {logging_mixin.py:149} INFO - [2026-09-19T22:19:38.846+0000] {dagbag.py:541} INFO - Filling up the DagBag from /home/airflow/.local/lib/python3.7/site-packages/airflow/example_dags/tutorial_taskflow_api.py
[2026-09-19T22:19:38.858+0000] {processor.py:809} INFO - DAG(s) dict_keys(['tutorial_taskflow_api']) retrieved from /home/airflow/.local/lib/python3.7/site-packages/airflow/example_dags/tutorial_taskflow_api.py
[2026-09-19T22:19:38.905+0000] {logging_mixin.py:149} INFO - [2026-09-19T22:19:38.905+0000] {dag.py:2726} INFO - Sync 1 DAGs
[2026-09-19T22:19:38.964+0000] {logging_mixin.py:149} INFO - [2026-09-19T22:19:38.964+0000] {dag.py:3490} INFO - Setting next_dagrun for tutorial_taskflow_api to None, run_after=None
[2026-09-19T22:19:39.006+0000] {processor.py:178} INFO - Processing /home/airflow/.local/lib/python3.7/site-packages/airflow/example_dags/tutorial_taskflow_api.py took 0.168 seconds
[2026-09-19T22:20:09.550+0000] {processor.py:156} INFO - Started process (PID=8806) to work on /home/airflow/.local/lib/python3.7/site-packages/airflow/example_dags/tutorial_taskflow_api.py
[2026-09-19T22:20:09.556+0000] {processor.py:799} INFO - Processing file /home/airflow/.local/lib/python3.7/site-packages/airflow/example_dags/tutorial_taskflow_api.py for tasks to queue
[2026-09-19T22:20:09.557+0000] {logging_mixin.py:149} INFO - [2026-09-19T22:20:09.557+0000] {dagbag.py:541} INFO - Filling up the DagBag from /home/airflow/.local/lib/python3.7/site-packages/airflow/example_dags/tutorial_taskflow_api.py
[2026-09-19T22:20:09.569+0000] {processor.py:809} INFO - DAG(s) dict_keys(['tutorial_taskflow_api']) retrieved from /home/airflow/.local/lib/python3.7/site-packages/airflow/example_dags/tutorial_taskflow_api.py
[2026-09-19T22:20:09.615+0000] {logging_mixin.py:149} INFO - [2026-09-19T22:20:09.615+0000] {dag.py:2726} INFO - Sync 1 DAGs
[2026-09-19T22:20:09.666+0000] {logging_mixin.py:149} INFO - [2026-09-19T22:20:09.666+0000] {dag.py:3490} INFO - Setting next_dagrun for tutorial_taskflow_api to None, run_after=None
[2026-09-19T22:20:09.703+0000] {processor.py:178} INFO - Processing /home/airflow/.local/lib/python3.7/site-packages/airflow/example_dags/tutorial_taskflow_api.py took 0.160 seconds
[2026-09-19T22:20:39.842+0000] {processor.py:156} INFO - Started process (PID=8861) to work on /home/airflow/.local/lib/python3.7/site-packages/airflow/example_dags/tutorial_taskflow_api.py
[2026-09-19T22:20:39.844+0000] {processor.py:799} INFO - Processing file /home/airflow/.local/lib/python3.7/site-packages/airflow/example_dags/tutorial_taskflow_api.py for tasks to queue
[2026-09-19T22:20:39.845+0000] {logging_mixin.py:149} INFO - [2026-09-19T22:20:39.845+0000] {dagbag.py:541} INFO - Filling up the DagBag from /home/airflow/.local/lib/python3.7/site-packages/airflow/example_dags/tutorial_taskflow_api.py
[2026-09-19T22:20:39.857+0000] {processor.py:809} INFO - DAG(s) dict_keys(['tutorial_taskflow_api']) retrieved from /home/airflow/.local/lib/python3.7/site-packages/airflow/example_dags/tutorial_taskflow_api.py
[2026-09-19T22:20:39.902+0000] {logging_mixin.py:149} INFO - [2026-09-19T22:20:39.902+0000] {dag.py:2726} INFO - Sync 1 DAGs
[2026-09-19T22:20:39.953+0000] {logging_mixin.py:149} INFO - [2026-09-19T22:20:39.953+0000] {dag.py:3490} INFO - Setting next_dagrun for tutorial_taskflow_api to None, run_after=None
[2026-09-19T22:20:39.990+0000] {processor.py:178} INFO - Processing /home/airflow/.local/lib/python3.7/site-packages/airflow/example_dags/tutorial_taskflow_api.py took 0.157 seconds
[2026-09-19T22:21:10.253+0000] {processor.py:156} INFO - Started process (PID=8917) to work on /home/airflow/.local/lib/python3.7/site-packages/airflow/example_dags/tutorial_taskflow_api.py
[2026-09-19T22:21:10.290+0000] {processor.py:799} INFO - Processing file /home/airflow/.local/lib/python3.7/site-packages/airflow/example_dags/tutorial_taskflow_api.py for tasks to queue
[2026-09-19T22:21:10.291+0000] {logging_mixin.py:149} INFO - [2026-09-19T22:21:10.291+0000] {dagbag.py:541} INFO - Filling up the DagBag from /home/airflow/.local/lib/python3.7/site-packages/airflow/example_dags/tutorial_taskflow_api.py
[2026-09-19T22:21:10.303+0000] {processor.py:809} INFO - DAG(s) dict_keys(['tutorial_taskflow_api']) retrieved from /home/airflow/.local/lib/python3.7/site-packages/airflow/example_dags/tutorial_taskflow_api.py
[2026-09-19T22:21:10.350+0000] {logging_mixin.py:149} INFO - [2026-09-19T22:21:10.350+0000] {dag.py:2726} INFO - Sync 1 DAGs
[2026-09-19T22:21:10.391+0000] {logging_mixin.py:149} INFO - [2026-09-19T22:21:10.390+0000] {dag.py:3490} INFO - Setting next_dagrun for tutorial_taskflow_api to None, run_after=None
[2026-09-19T22:21:10.422+0000] {processor.py:178} INFO - Processing /home/airflow/.local/lib/python3.7/site-packages/airflow/example_dags/tutorial_taskflow_api.py took 0.175 seconds
[2026-09-19T22:21:40.993+0000] {processor.py:156} INFO - Started process (PID=8968) to work on /home/airflow/.local/lib/python3.7/site-packages/airflow/example_dags/tutorial_taskflow_api.py
[2026-09-19T22:21:40.995+0000] {processor.py:799} INFO - Processing file /home/airflow/.local/lib/python3.7/site-packages/airflow/example_dags/tutorial_taskflow_api.py for tasks to queue
[2026-09-19T22:21:40.995+0000] {logging_mixin.py:149} INFO - [2026-09-19T22:21:40.995+0000] {dagbag.py:541} INFO - Filling up the DagBag from /home/airflow/.local/lib/python3.7/site-packages/airflow/example_dags/tutorial_taskflow_api.py
[2026-09-19T22:21:41.007+0000] {processor.py:809} INFO - DAG(s) dict_keys(['tutorial_taskflow_api']) retrieved from /home/airflow/.local/lib/python3.7/site-packages/airflow/example_dags/tutorial_taskflow_api.py
[2026-09-19T22:21:41.055+0000] {logging_mixin.py:149} INFO - [2026-09-19T22:21:41.055+0000] {dag.py:2726} INFO - Sync 1 DAGs
[2026-09-19T22:21:41.100+0000] {logging_mixin.py:149} INFO - [2026-09-19T22:21:41.099+0000] {dag.py:3490} INFO - Setting next_dagrun for tutorial_taskflow_api to None, run_after=None
[2026-09-19T22:21:41.135+0000] {processor.py:178} INFO - Processing /home/airflow/.local/lib/python3.7/site-packages/airflow/example_dags/tutorial_taskflow_api.py took 0.149 seconds
[2026-09-19T22:22:11.420+0000] {processor.py:156} INFO - Started process (PID=9024) to work on /home/airflow/.local/lib/python3.7/site-packages/airflow/example_dags/tutorial_taskflow_api.py
[2026-09-19T22:22:11.422+0000] {processor.py:799} INFO - Processing file /home/airflow/.local/lib/python3.7/site-packages/airflow/example_dags/tutorial_taskflow_api.py for tasks to queue
[2026-09-19T22:22:11.423+0000] {logging_mixin.py:149} INFO - [2026-09-19T22:22:11.423+0000] {dagbag.py:541} INFO - Filling up the DagBag from /home/airflow/.local/lib/python3.7/site-packages/airflow/example_dags/tutorial_taskflow_api.py
[2026-09-19T22:22:11.437+0000] {processor.py:809} INFO - DAG(s) dict_keys(['tutorial_taskflow_api']) retrieved from /home/airflow/.local/lib/python3.7/site-packages/airflow/example_dags/tutorial_taskflow_api.py
[2026-09-19T22:22:11.481+0000] {logging_mixin.py:149} INFO - [2026-09-19T22:22:11.481+0000] {dag.py:2726} INFO - Sync 1 DAGs
[2026-09-19T22:22:11.532+0000] {logging_mixin.py:149} INFO - [2026-09-19T22:22:11.532+0000] {dag.py:3490} INFO - Setting next_dagrun for tutorial_taskflow_api to None, run_after=None
[2026-09-19T22:22:11.571+0000] {processor.py:178} INFO - Processing /home/airflow/.local/lib/python3.7/site-packages/airflow/example_dags/tutorial_taskflow_api.py took 0.159 seconds
[2026-09-19T22:22:42.476+0000] {processor.py:156} INFO - Started process (PID=9080) to work on /home/airflow/.local/lib/python3.7/site-packages/airflow/example_dags/tutorial_taskflow_api.py
[2026-09-19T22:22:42.478+0000] {processor.py:799} INFO - Processing file /home/airflow/.local/lib/python3.7/site-packages/airflow/example_dags/tutorial_taskflow_api.py for tasks to queue
[2026-09-19T22:22:42.480+0000] {logging_mixin.py:149} INFO - [2026-09-19T22:22:42.479+0000] {dagbag.py:541} INFO - Filling up the DagBag from /home/airflow/.local/lib/python3.7/site-packages/airflow/example_dags/tutorial_taskflow_api.py
[2026-09-19T22:22:42.490+0000] {processor.py:809} INFO - DAG(s) dict_keys(['tutorial_taskflow_api']) retrieved from /home/airflow/.local/lib/python3.7/site-packages/airflow/example_dags/tutorial_taskflow_api.py
[2026-09-19T22:22:42.541+0000] {logging_mixin.py:149} INFO - [2026-09-19T22:22:42.541+0000] {dag.py:2726} INFO - Sync 1 DAGs
[2026-09-19T22:22:42.585+0000] {logging_mixin.py:149} INFO - [2026-09-19T22:22:42.585+0000] {dag.py:3490} INFO - Setting next_dagrun for tutorial_taskflow_api to None, run_after=None
[2026-09-19T22:22:42.616+0000] {processor.py:178} INFO - Processing /home/airflow/.local/lib/python3.7/site-packages/airflow/example_dags/tutorial_taskflow_api.py took 0.147 seconds
[2026-09-19T22:23:13.098+0000] {processor.py:156} INFO - Started process (PID=9135) to work on /home/airflow/.local/lib/python3.7/site-packages/airflow/example_dags/tutorial_taskflow_api.py
[2026-09-19T22:23:13.100+0000] {processor.py:799} INFO - Processing file /home/airflow/.local/lib/python3.7/site-packages/airflow/example_dags/tutorial_taskflow_api.py for tasks to queue
[2026-09-19T22:23:13.101+0000] {logging_mixin.py:149} INFO - [2026-09-19T22:23:13.101+0000] {dagbag.py:541} INFO - Filling up the DagBag from /home/airflow/.local/lib/python3.7/site-packages/airflow/example_dags/tutorial_taskflow_api.py
[2026-09-19T22:23:13.113+0000] {processor.py:809} INFO - DAG(s) dict_keys(['tutorial_taskflow_api']) retrieved from /home/airflow/.local/lib/python3.7/site-packages/airflow/example_dags/tutorial_taskflow_api.py
[2026-09-19T22:23:13.159+0000] {logging_mixin.py:149} INFO - [2026-09-19T22:23:13.159+0000] {dag.py:2726} INFO - Sync 1 DAGs
[2026-09-19T22:23:13.202+0000] {logging_mixin.py:149} INFO - [2026-09-19T22:23:13.202+0000] {dag.py:3490} INFO - Setting next_dagrun for tutorial_taskflow_api to None, run_after=None
[2026-09-19T22:23:13.229+0000] {processor.py:178} INFO - Processing /home/airflow/.local/lib/python3.7/site-packages/airflow/example_dags/tutorial_taskflow_api.py took 0.138 seconds
[2026-09-19T22:23:43.482+0000] {processor.py:156} INFO - Started process (PID=9191) to work on /home/airflow/.local/lib/python3.7/site-packages/airflow/example_dags/tutorial_taskflow_api.py
[2026-09-19T22:23:43.483+0000] {processor.py:799} INFO - Processing file /home/airflow/.local/lib/python3.7/site-packages/airflow/example_dags/tutorial_taskflow_api.py for tasks to queue
[2026-09-19T22:23:43.484+0000] {logging_mixin.py:149} INFO - [2026-09-19T22:23:43.484+0000] {dagbag.py:541} INFO - Filling up the DagBag from /home/airflow/.local/lib/python3.7/site-packages/airflow/example_dags/tutorial_taskflow_api.py
[2026-09-19T22:23:43.507+0000] {processor.py:809} INFO - DAG(s) dict_keys(['tutorial_taskflow_api']) retrieved from /home/airflow/.local/lib/python3.7/site-packages/airflow/example_dags/tutorial_taskflow_api.py
[2026-09-19T22:23:43.586+0000] {logging_mixin.py:149} INFO - [2026-09-19T22:23:43.585+0000] {dag.py:2726} INFO - Sync 1 DAGs
[2026-09-19T22:23:43.632+0000] {logging_mixin.py:149} INFO - [2026-09-19T22:23:43.632+0000] {dag.py:3490} INFO - Setting next_dagrun for tutorial_taskflow_api to None, run_after=None
[2026-09-19T22:23:43.660+0000] {processor.py:178} INFO - Processing /home/airflow/.local/lib/python3.7/site-packages/airflow/example_dags/tutorial_taskflow_api.py took 0.184 seconds
[2026-09-19T22:24:13.885+0000] {processor.py:156} INFO - Started process (PID=9247) to work on /home/airflow/.local/lib/python3.7/site-packages/airflow/example_dags/tutorial_taskflow_api.py
[2026-09-19T22:24:13.888+0000] {processor.py:799} INFO - Processing file /home/airflow/.local/lib/python3.7/site-packages/airflow/example_dags/tutorial_taskflow_api.py for tasks to queue
[2026-09-19T22:24:13.889+0000] {logging_mixin.py:149} INFO - [2026-09-19T22:24:13.889+0000] {dagbag.py:541} INFO - Filling up the DagBag from /home/airflow/.local/lib/python3.7/site-packages/airflow/example_dags/tutorial_taskflow_api.py
[2026-09-19T22:24:13.902+0000] {processor.py:809} INFO - DAG(s) dict_keys(['tutorial_taskflow_api']) retrieved from /home/airflow/.local/lib/python3.7/site-packages/airflow/example_dags/tutorial_taskflow_api.py
[2026-09-19T22:24:13.945+0000] {logging_mixin.py:149} INFO - [2026-09-19T22:24:13.944+0000] {dag.py:2726} INFO - Sync 1 DAGs
[2026-09-19T22:24:13.984+0000] {logging_mixin.py:149} INFO - [2026-09-19T22:24:13.984+0000] {dag.py:3490} INFO - Setting next_dagrun for tutorial_taskflow_api to None, run_after=None
[2026-09-19T22:24:14.014+0000] {processor.py:178} INFO - Processing /home/airflow/.local/lib/python3.7/site-packages/airflow/example_dags/tutorial_taskflow_api.py took 0.137 seconds
[2026-09-19T22:24:44.740+0000] {processor.py:156} INFO - Started process (PID=9303) to work on /home/airflow/.local/lib/python3.7/site-packages/airflow/example_dags/tutorial_taskflow_api.py
[2026-09-19T22:24:44.743+0000] {processor.py:799} INFO - Processing file /home/airflow/.local/lib/python3.7/site-packages/airflow/example_dags/tutorial_taskflow_api.py for tasks to queue
[2026-09-19T22:24:44.744+0000] {logging_mixin.py:149} INFO - [2026-09-19T22:24:44.744+0000] {dagbag.py:541} INFO - Filling up the DagBag from /home/airflow/.local/lib/python3.7/site-packages/airflow/example_dags/tutorial_taskflow_api.py
[2026-09-19T22:24:44.755+0000] {processor.py:809} INFO - DAG(s) dict_keys(['tutorial_taskflow_api']) retrieved from /home/airflow/.local/lib/python3.7/site-packages/airflow/example_dags/tutorial_taskflow_api.py
[2026-09-19T22:24:44.801+0000] {logging_mixin.py:149} INFO - [2026-09-19T22:24:44.801+0000] {dag.py:2726} INFO - Sync 1 DAGs
[2026-09-19T22:24:44.843+0000] {logging_mixin.py:149} INFO - [2026-09-19T22:24:44.843+0000] {dag.py:3490} INFO - Setting next_dagrun for tutorial_taskflow_api to None, run_after=None
[2026-09-19T22:24:44.877+0000] {processor.py:178} INFO - Processing /home/airflow/.local/lib/python3.7/site-packages/airflow/example_dags/tutorial_taskflow_api.py took 0.148 seconds
[2026-09-19T22:25:15.299+0000] {processor.py:156} INFO - Started process (PID=9359) to work on /home/airflow/.local/lib/python3.7/site-packages/airflow/example_dags/tutorial_taskflow_api.py
[2026-09-19T22:25:15.304+0000] {processor.py:799} INFO - Processing file /home/airflow/.local/lib/python3.7/site-packages/airflow/example_dags/tutorial_taskflow_api.py for tasks to queue
[2026-09-19T22:25:15.305+0000] {logging_mixin.py:149} INFO - [2026-09-19T22:25:15.305+0000] {dagbag.py:541} INFO - Filling up the DagBag from /home/airflow/.local/lib/python3.7/site-packages/airflow/example_dags/tutorial_taskflow_api.py
[2026-09-19T22:25:15.316+0000] {processor.py:809} INFO - DAG(s) dict_keys(['tutorial_taskflow_api']) retrieved from /home/airflow/.local/lib/python3.7/site-packages/airflow/example_dags/tutorial_taskflow_api.py
[2026-09-19T22:25:15.360+0000] {logging_mixin.py:149} INFO - [2026-09-19T22:25:15.360+0000] {dag.py:2726} INFO - Sync 1 DAGs
[2026-09-19T22:25:15.405+0000] {logging_mixin.py:149} INFO - [2026-09-19T22:25:15.404+0000] {dag.py:3490} INFO - Setting next_dagrun for tutorial_taskflow_api to None, run_after=None
[2026-09-19T22:25:15.444+0000] {processor.py:178} INFO - Processing /home/airflow/.local/lib/python3.7/site-packages/airflow/example_dags/tutorial_taskflow_api.py took 0.150 seconds
[2026-09-19T22:25:46.145+0000] {processor.py:156} INFO - Started process (PID=9415) to work on /home/airflow/.local/lib/python3.7/site-packages/airflow/example_dags/tutorial_taskflow_api.py
[2026-09-19T22:25:46.146+0000] {processor.py:799} INFO - Processing file /home/airflow/.local/lib/python3.7/site-packages/airflow/example_dags/tutorial_taskflow_api.py for tasks to queue
[2026-09-19T22:25:46.147+0000] {logging_mixin.py:149} INFO - [2026-09-19T22:25:46.147+0000] {dagbag.py:541} INFO - Filling up the DagBag from /home/airflow/.local/lib/python3.7/site-packages/airflow/example_dags/tutorial_taskflow_api.py
[2026-09-19T22:25:46.158+0000] {processor.py:809} INFO - DAG(s) dict_keys(['tutorial_taskflow_api']) retrieved from /home/airflow/.local/lib/python3.7/site-packages/airflow/example_dags/tutorial_taskflow_api.py
[2026-09-19T22:25:46.202+0000] {logging_mixin.py:149} INFO - [2026-09-19T22:25:46.202+0000] {dag.py:2726} INFO - Sync 1 DAGs
[2026-09-19T22:25:46.249+0000] {logging_mixin.py:149} INFO - [2026-09-19T22:25:46.249+0000] {dag.py:3490} INFO - Setting next_dagrun for tutorial_taskflow_api to None, run_after=None
[2026-09-19T22:25:46.284+0000] {processor.py:178} INFO - Processing /home/airflow/.local/lib/python3.7/site-packages/airflow/example_dags/tutorial_taskflow_api.py took 0.145 seconds
[2026-09-19T22:26:16.718+0000] {processor.py:156} INFO - Started process (PID=9469) to work on /home/airflow/.local/lib/python3.7/site-packages/airflow/example_dags/tutorial_taskflow_api.py
[2026-09-19T22:26:16.720+0000] {processor.py:799} INFO - Processing file /home/airflow/.local/lib/python3.7/site-packages/airflow/example_dags/tutorial_taskflow_api.py for tasks to queue
[2026-09-19T22:26:16.721+0000] {logging_mixin.py:149} INFO - [2026-09-19T22:26:16.721+0000] {dagbag.py:541} INFO - Filling up the DagBag from /home/airflow/.local/lib/python3.7/site-packages/airflow/example_dags/tutorial_taskflow_api.py
[2026-09-19T22:26:16.733+0000] {processor.py:809} INFO - DAG(s) dict_keys(['tutorial_taskflow_api']) retrieved from /home/airflow/.local/lib/python3.7/site-packages/airflow/example_dags/tutorial_taskflow_api.py
[2026-09-19T22:26:16.778+0000] {logging_mixin.py:149} INFO - [2026-09-19T22:26:16.778+0000] {dag.py:2726} INFO - Sync 1 DAGs
[2026-09-19T22:26:16.825+0000] {logging_mixin.py:149} INFO - [2026-09-19T22:26:16.825+0000] {dag.py:3490} INFO - Setting next_dagrun for tutorial_taskflow_api to None, run_after=None
[2026-09-19T22:26:16.860+0000] {processor.py:178} INFO - Processing /home/airflow/.local/lib/python3.7/site-packages/airflow/example_dags/tutorial_taskflow_api.py took 0.150 seconds
[2026-09-19T22:26:47.001+0000] {processor.py:156} INFO - Started process (PID=9525) to work on /home/airflow/.local/lib/python3.7/site-packages/airflow/example_dags/tutorial_taskflow_api.py
[2026-09-19T22:26:47.003+0000] {processor.py:799} INFO - Processing file /home/airflow/.local/lib/python3.7/site-packages/airflow/example_dags/tutorial_taskflow_api.py for tasks to queue
[2026-09-19T22:26:47.004+0000] {logging_mixin.py:149} INFO - [2026-09-19T22:26:47.004+0000] {dagbag.py:541} INFO - Filling up the DagBag from /home/airflow/.local/lib/python3.7/site-packages/airflow/example_dags/tutorial_taskflow_api.py
[2026-09-19T22:26:47.016+0000] {processor.py:809} INFO - DAG(s) dict_keys(['tutorial_taskflow_api']) retrieved from /home/airflow/.local/lib/python3.7/site-packages/airflow/example_dags/tutorial_taskflow_api.py
[2026-09-19T22:26:47.062+0000] {logging_mixin.py:149} INFO - [2026-09-19T22:26:47.062+0000] {dag.py:2726} INFO - Sync 1 DAGs
[2026-09-19T22:26:47.106+0000] {logging_mixin.py:149} INFO - [2026-09-19T22:26:47.105+0000] {dag.py:3490} INFO - Setting next_dagrun for tutorial_taskflow_api to None, run_after=None
[2026-09-19T22:26:47.148+0000] {processor.py:178} INFO - Processing /home/airflow/.local/lib/python3.7/site-packages/airflow/example_dags/tutorial_taskflow_api.py took 0.154 seconds
[2026-09-19T22:27:17.208+0000] {processor.py:156} INFO - Started process (PID=9581) to work on /home/airflow/.local/lib/python3.7/site-packages/airflow/example_dags/tutorial_taskflow_api.py
[2026-09-19T22:27:17.210+0000] {processor.py:799} INFO - Processing file /home/airflow/.local/lib/python3.7/site-packages/airflow/example_dags/tutorial_taskflow_api.py for tasks to queue
[2026-09-19T22:27:17.211+0000] {logging_mixin.py:149} INFO - [2026-09-19T22:27:17.211+0000] {dagbag.py:541} INFO - Filling up the DagBag from /home/airflow/.local/lib/python3.7/site-packages/airflow/example_dags/tutorial_taskflow_api.py
[2026-09-19T22:27:17.221+0000] {processor.py:809} INFO - DAG(s) dict_keys(['tutorial_taskflow_api']) retrieved from /home/airflow/.local/lib/python3.7/site-packages/airflow/example_dags/tutorial_taskflow_api.py
[2026-09-19T22:27:17.274+0000] {logging_mixin.py:149} INFO - [2026-09-19T22:27:17.273+0000] {dag.py:2726} INFO - Sync 1 DAGs
[2026-09-19T22:27:17.320+0000] {logging_mixin.py:149} INFO - [2026-09-19T22:27:17.320+0000] {dag.py:3490} INFO - Setting next_dagrun for tutorial_taskflow_api to None, run_after=None
[2026-09-19T22:27:17.352+0000] {processor.py:178} INFO - Processing /home/airflow/.local/lib/python3.7/site-packages/airflow/example_dags/tutorial_taskflow_api.py took 0.150 seconds
[2026-09-19T22:27:47.827+0000] {processor.py:156} INFO - Started process (PID=9637) to work on /home/airflow/.local/lib/python3.7/site-packages/airflow/example_dags/tutorial_taskflow_api.py
[2026-09-19T22:27:47.829+0000] {processor.py:799} INFO - Processing file /home/airflow/.local/lib/python3.7/site-packages/airflow/example_dags/tutorial_taskflow_api.py for tasks to queue
[2026-09-19T22:27:47.830+0000] {logging_mixin.py:149} INFO - [2026-09-19T22:27:47.830+0000] {dagbag.py:541} INFO - Filling up the DagBag from /home/airflow/.local/lib/python3.7/site-packages/airflow/example_dags/tutorial_taskflow_api.py
[2026-09-19T22:27:47.842+0000] {processor.py:809} INFO - DAG(s) dict_keys(['tutorial_taskflow_api']) retrieved from /home/airflow/.local/lib/python3.7/site-packages/airflow/example_dags/tutorial_taskflow_api.py
[2026-09-19T22:27:47.900+0000] {logging_mixin.py:149} INFO - [2026-09-19T22:27:47.899+0000] {dag.py:2726} INFO - Sync 1 DAGs
[2026-09-19T22:27:47.942+0000] {logging_mixin.py:149} INFO - [2026-09-19T22:27:47.941+0000] {dag.py:3490} INFO - Setting next_dagrun for tutorial_taskflow_api to None, run_after=None
[2026-09-19T22:27:47.973+0000] {processor.py:178} INFO - Processing /home/airflow/.local/lib/python3.7/site-packages/airflow/example_dags/tutorial_taskflow_api.py took 0.152 seconds
[2026-09-19T22:28:18.182+0000] {processor.py:156} INFO - Started process (PID=9694) to work on /home/airflow/.local/lib/python3.7/site-packages/airflow/example_dags/tutorial_taskflow_api.py
[2026-09-19T22:28:18.184+0000] {processor.py:799} INFO - Processing file /home/airflow/.local/lib/python3.7/site-packages/airflow/example_dags/tutorial_taskflow_api.py for tasks to queue
[2026-09-19T22:28:18.185+0000] {logging_mixin.py:149} INFO - [2026-09-19T22:28:18.185+0000] {dagbag.py:541} INFO - Filling up the DagBag from /home/airflow/.local/lib/python3.7/site-packages/airflow/example_dags/tutorial_taskflow_api.py
[2026-09-19T22:28:18.200+0000] {processor.py:809} INFO - DAG(s) dict_keys(['tutorial_taskflow_api']) retrieved from /home/airflow/.local/lib/python3.7/site-packages/airflow/example_dags/tutorial_taskflow_api.py
[2026-09-19T22:28:18.245+0000] {logging_mixin.py:149} INFO - [2026-09-19T22:28:18.245+0000] {dag.py:2726} INFO - Sync 1 DAGs
[2026-09-19T22:28:18.290+0000] {logging_mixin.py:149} INFO - [2026-09-19T22:28:18.290+0000] {dag.py:3490} INFO - Setting next_dagrun for tutorial_taskflow_api to None, run_after=None
[2026-09-19T22:28:18.320+0000] {processor.py:178} INFO - Processing /home/airflow/.local/lib/python3.7/site-packages/airflow/example_dags/tutorial_taskflow_api.py took 0.145 seconds
[2026-09-19T22:28:49.010+0000] {processor.py:156} INFO - Started process (PID=9751) to work on /home/airflow/.local/lib/python3.7/site-packages/airflow/example_dags/tutorial_taskflow_api.py
[2026-09-19T22:28:49.012+0000] {processor.py:799} INFO - Processing file /home/airflow/.local/lib/python3.7/site-packages/airflow/example_dags/tutorial_taskflow_api.py for tasks to queue
[2026-09-19T22:28:49.013+0000] {logging_mixin.py:149} INFO - [2026-09-19T22:28:49.012+0000] {dagbag.py:541} INFO - Filling up the DagBag from /home/airflow/.local/lib/python3.7/site-packages/airflow/example_dags/tutorial_taskflow_api.py
[2026-09-19T22:28:49.025+0000] {processor.py:809} INFO - DAG(s) dict_keys(['tutorial_taskflow_api']) retrieved from /home/airflow/.local/lib/python3.7/site-packages/airflow/example_dags/tutorial_taskflow_api.py
[2026-09-19T22:28:49.075+0000] {logging_mixin.py:149} INFO - [2026-09-19T22:28:49.075+0000] {dag.py:2726} INFO - Sync 1 DAGs
[2026-09-19T22:28:49.125+0000] {logging_mixin.py:149} INFO - [2026-09-19T22:28:49.124+0000] {dag.py:3490} INFO - Setting next_dagrun for tutorial_taskflow_api to None, run_after=None
[2026-09-19T22:28:49.159+0000] {processor.py:178} INFO - Processing /home/airflow/.local/lib/python3.7/site-packages/airflow/example_dags/tutorial_taskflow_api.py took 0.155 seconds
[2026-09-19T22:29:19.293+0000] {processor.py:156} INFO - Started process (PID=9807) to work on /home/airflow/.local/lib/python3.7/site-packages/airflow/example_dags/tutorial_taskflow_api.py
[2026-09-19T22:29:19.295+0000] {processor.py:799} INFO - Processing file /home/airflow/.local/lib/python3.7/site-packages/airflow/example_dags/tutorial_taskflow_api.py for tasks to queue
[2026-09-19T22:29:19.296+0000] {logging_mixin.py:149} INFO - [2026-09-19T22:29:19.296+0000] {dagbag.py:541} INFO - Filling up the DagBag from /home/airflow/.local/lib/python3.7/site-packages/airflow/example_dags/tutorial_taskflow_api.py
[2026-09-19T22:29:19.307+0000] {processor.py:809} INFO - DAG(s) dict_keys(['tutorial_taskflow_api']) retrieved from /home/airflow/.local/lib/python3.7/site-packages/airflow/example_dags/tutorial_taskflow_api.py
[2026-09-19T22:29:19.357+0000] {logging_mixin.py:149} INFO - [2026-09-19T22:29:19.357+0000] {dag.py:2726} INFO - Sync 1 DAGs
[2026-09-19T22:29:19.406+0000] {logging_mixin.py:149} INFO - [2026-09-19T22:29:19.406+0000] {dag.py:3490} INFO - Setting next_dagrun for tutorial_taskflow_api to None, run_after=None
[2026-09-19T22:29:19.436+0000] {processor.py:178} INFO - Processing /home/airflow/.local/lib/python3.7/site-packages/airflow/example_dags/tutorial_taskflow_api.py took 0.149 seconds
[2026-09-19T22:29:49.552+0000] {processor.py:156} INFO - Started process (PID=9863) to work on /home/airflow/.local/lib/python3.7/site-packages/airflow/example_dags/tutorial_taskflow_api.py
[2026-09-19T22:29:49.554+0000] {processor.py:799} INFO - Processing file /home/airflow/.local/lib/python3.7/site-packages/airflow/example_dags/tutorial_taskflow_api.py for tasks to queue
[2026-09-19T22:29:49.555+0000] {logging_mixin.py:149} INFO - [2026-09-19T22:29:49.555+0000] {dagbag.py:541} INFO - Filling up the DagBag from /home/airflow/.local/lib/python3.7/site-packages/airflow/example_dags/tutorial_taskflow_api.py
[2026-09-19T22:29:49.565+0000] {processor.py:809} INFO - DAG(s) dict_keys(['tutorial_taskflow_api']) retrieved from /home/airflow/.local/lib/python3.7/site-packages/airflow/example_dags/tutorial_taskflow_api.py
[2026-09-19T22:29:49.619+0000] {logging_mixin.py:149} INFO - [2026-09-19T22:29:49.619+0000] {dag.py:2726} INFO - Sync 1 DAGs
[2026-09-19T22:29:49.665+0000] {logging_mixin.py:149} INFO - [2026-09-19T22:29:49.665+0000] {dag.py:3490} INFO - Setting next_dagrun for tutorial_taskflow_api to None, run_after=None
[2026-09-19T22:29:49.701+0000] {processor.py:178} INFO - Processing /home/airflow/.local/lib/python3.7/site-packages/airflow/example_dags/tutorial_taskflow_api.py took 0.154 seconds
[2026-09-19T22:30:20.302+0000] {processor.py:156} INFO - Started process (PID=9919) to work on /home/airflow/.local/lib/python3.7/site-packages/airflow/example_dags/tutorial_taskflow_api.py
[2026-09-19T22:30:20.304+0000] {processor.py:799} INFO - Processing file /home/airflow/.local/lib/python3.7/site-packages/airflow/example_dags/tutorial_taskflow_api.py for tasks to queue
[2026-09-19T22:30:20.305+0000] {logging_mixin.py:149} INFO - [2026-09-19T22:30:20.305+0000] {dagbag.py:541} INFO - Filling up the DagBag from /home/airflow/.local/lib/python3.7/site-packages/airflow/example_dags/tutorial_taskflow_api.py
[2026-09-19T22:30:20.315+0000] {processor.py:809} INFO - DAG(s) dict_keys(['tutorial_taskflow_api']) retrieved from /home/airflow/.local/lib/python3.7/site-packages/airflow/example_dags/tutorial_taskflow_api.py
[2026-09-19T22:30:20.359+0000] {logging_mixin.py:149} INFO - [2026-09-19T22:30:20.358+0000] {dag.py:2726} INFO - Sync 1 DAGs
[2026-09-19T22:30:20.402+0000] {logging_mixin.py:149} INFO - [2026-09-19T22:30:20.402+0000] {dag.py:3490} INFO - Setting next_dagrun for tutorial_taskflow_api to None, run_after=None
[2026-09-19T22:30:20.439+0000] {processor.py:178} INFO - Processing /home/airflow/.local/lib/python3.7/site-packages/airflow/example_dags/tutorial_taskflow_api.py took 0.142 seconds
[2026-09-19T22:30:51.184+0000] {processor.py:156} INFO - Started process (PID=9975) to work on /home/airflow/.local/lib/python3.7/site-packages/airflow/example_dags/tutorial_taskflow_api.py
[2026-09-19T22:30:51.186+0000] {processor.py:799} INFO - Processing file /home/airflow/.local/lib/python3.7/site-packages/airflow/example_dags/tutorial_taskflow_api.py for tasks to queue
[2026-09-19T22:30:51.187+0000] {logging_mixin.py:149} INFO - [2026-09-19T22:30:51.187+0000] {dagbag.py:541} INFO - Filling up the DagBag from /home/airflow/.local/lib/python3.7/site-packages/airflow/example_dags/tutorial_taskflow_api.py
[2026-09-19T22:30:51.198+0000] {processor.py:809} INFO - DAG(s) dict_keys(['tutorial_taskflow_api']) retrieved from /home/airflow/.local/lib/python3.7/site-packages/airflow/example_dags/tutorial_taskflow_api.py
[2026-09-19T22:30:51.246+0000] {logging_mixin.py:149} INFO - [2026-09-19T22:30:51.246+0000] {dag.py:2726} INFO - Sync 1 DAGs
[2026-09-19T22:30:51.288+0000] {logging_mixin.py:149} INFO - [2026-09-19T22:30:51.288+0000] {dag.py:3490} INFO - Setting next_dagrun for tutorial_taskflow_api to None, run_after=None
[2026-09-19T22:30:51.322+0000] {processor.py:178} INFO - Processing /home/airflow/.local/lib/python3.7/site-packages/airflow/example_dags/tutorial_taskflow_api.py took 0.143 seconds
[2026-09-19T22:31:21.796+0000] {processor.py:156} INFO - Started process (PID=10031) to work on /home/airflow/.local/lib/python3.7/site-packages/airflow/example_dags/tutorial_taskflow_api.py
[2026-09-19T22:31:21.798+0000] {processor.py:799} INFO - Processing file /home/airflow/.local/lib/python3.7/site-packages/airflow/example_dags/tutorial_taskflow_api.py for tasks to queue
[2026-09-19T22:31:21.799+0000] {logging_mixin.py:149} INFO - [2026-09-19T22:31:21.799+0000] {dagbag.py:541} INFO - Filling up the DagBag from /home/airflow/.local/lib/python3.7/site-packages/airflow/example_dags/tutorial_taskflow_api.py
[2026-09-19T22:31:21.810+0000] {processor.py:809} INFO - DAG(s) dict_keys(['tutorial_taskflow_api']) retrieved from /home/airflow/.local/lib/python3.7/site-packages/airflow/example_dags/tutorial_taskflow_api.py
[2026-09-19T22:31:21.859+0000] {logging_mixin.py:149} INFO - [2026-09-19T22:31:21.859+0000] {dag.py:2726} INFO - Sync 1 DAGs
[2026-09-19T22:31:21.912+0000] {logging_mixin.py:149} INFO - [2026-09-19T22:31:21.911+0000] {dag.py:3490} INFO - Setting next_dagrun for tutorial_taskflow_api to None, run_after=None
[2026-09-19T22:31:21.941+0000] {processor.py:178} INFO - Processing /home/airflow/.local/lib/python3.7/site-packages/airflow/example_dags/tutorial_taskflow_api.py took 0.153 seconds
[2026-09-19T22:31:52.043+0000] {processor.py:156} INFO - Started process (PID=10087) to work on /home/airflow/.local/lib/python3.7/site-packages/airflow/example_dags/tutorial_taskflow_api.py
[2026-09-19T22:31:52.045+0000] {processor.py:799} INFO - Processing file /home/airflow/.local/lib/python3.7/site-packages/airflow/example_dags/tutorial_taskflow_api.py for tasks to queue
[2026-09-19T22:31:52.046+0000] {logging_mixin.py:149} INFO - [2026-09-19T22:31:52.046+0000] {dagbag.py:541} INFO - Filling up the DagBag from /home/airflow/.local/lib/python3.7/site-packages/airflow/example_dags/tutorial_taskflow_api.py
[2026-09-19T22:31:52.058+0000] {processor.py:809} INFO - DAG(s) dict_keys(['tutorial_taskflow_api']) retrieved from /home/airflow/.local/lib/python3.7/site-packages/airflow/example_dags/tutorial_taskflow_api.py
[2026-09-19T22:31:52.105+0000] {logging_mixin.py:149} INFO - [2026-09-19T22:31:52.105+0000] {dag.py:2726} INFO - Sync 1 DAGs
[2026-09-19T22:31:52.155+0000] {logging_mixin.py:149} INFO - [2026-09-19T22:31:52.154+0000] {dag.py:3490} INFO - Setting next_dagrun for tutorial_taskflow_api to None, run_after=None
[2026-09-19T22:31:52.191+0000] {processor.py:178} INFO - Processing /home/airflow/.local/lib/python3.7/site-packages/airflow/example_dags/tutorial_taskflow_api.py took 0.155 seconds
[2026-09-19T22:32:22.657+0000] {processor.py:156} INFO - Started process (PID=10143) to work on /home/airflow/.local/lib/python3.7/site-packages/airflow/example_dags/tutorial_taskflow_api.py
[2026-09-19T22:32:22.659+0000] {processor.py:799} INFO - Processing file /home/airflow/.local/lib/python3.7/site-packages/airflow/example_dags/tutorial_taskflow_api.py for tasks to queue
[2026-09-19T22:32:22.660+0000] {logging_mixin.py:149} INFO - [2026-09-19T22:32:22.660+0000] {dagbag.py:541} INFO - Filling up the DagBag from /home/airflow/.local/lib/python3.7/site-packages/airflow/example_dags/tutorial_taskflow_api.py
[2026-09-19T22:32:22.672+0000] {processor.py:809} INFO - DAG(s) dict_keys(['tutorial_taskflow_api']) retrieved from /home/airflow/.local/lib/python3.7/site-packages/airflow/example_dags/tutorial_taskflow_api.py
[2026-09-19T22:32:22.715+0000] {logging_mixin.py:149} INFO - [2026-09-19T22:32:22.715+0000] {dag.py:2726} INFO - Sync 1 DAGs
[2026-09-19T22:32:22.759+0000] {logging_mixin.py:149} INFO - [2026-09-19T22:32:22.759+0000] {dag.py:3490} INFO - Setting next_dagrun for tutorial_taskflow_api to None, run_after=None
[2026-09-19T22:32:22.789+0000] {processor.py:178} INFO - Processing /home/airflow/.local/lib/python3.7/site-packages/airflow/example_dags/tutorial_taskflow_api.py took 0.138 seconds
[2026-09-19T22:32:52.915+0000] {processor.py:156} INFO - Started process (PID=10199) to work on /home/airflow/.local/lib/python3.7/site-packages/airflow/example_dags/tutorial_taskflow_api.py
[2026-09-19T22:32:52.917+0000] {processor.py:799} INFO - Processing file /home/airflow/.local/lib/python3.7/site-packages/airflow/example_dags/tutorial_taskflow_api.py for tasks to queue
[2026-09-19T22:32:52.918+0000] {logging_mixin.py:149} INFO - [2026-09-19T22:32:52.918+0000] {dagbag.py:541} INFO - Filling up the DagBag from /home/airflow/.local/lib/python3.7/site-packages/airflow/example_dags/tutorial_taskflow_api.py
[2026-09-19T22:32:52.930+0000] {processor.py:809} INFO - DAG(s) dict_keys(['tutorial_taskflow_api']) retrieved from /home/airflow/.local/lib/python3.7/site-packages/airflow/example_dags/tutorial_taskflow_api.py
[2026-09-19T22:32:52.977+0000] {logging_mixin.py:149} INFO - [2026-09-19T22:32:52.976+0000] {dag.py:2726} INFO - Sync 1 DAGs
[2026-09-19T22:32:53.026+0000] {logging_mixin.py:149} INFO - [2026-09-19T22:32:53.026+0000] {dag.py:3490} INFO - Setting next_dagrun for tutorial_taskflow_api to None, run_after=None
[2026-09-19T22:32:53.061+0000] {processor.py:178} INFO - Processing /home/airflow/.local/lib/python3.7/site-packages/airflow/example_dags/tutorial_taskflow_api.py took 0.152 seconds
[2026-09-19T22:33:23.112+0000] {processor.py:156} INFO - Started process (PID=10255) to work on /home/airflow/.local/lib/python3.7/site-packages/airflow/example_dags/tutorial_taskflow_api.py
[2026-09-19T22:33:23.114+0000] {processor.py:799} INFO - Processing file /home/airflow/.local/lib/python3.7/site-packages/airflow/example_dags/tutorial_taskflow_api.py for tasks to queue
[2026-09-19T22:33:23.115+0000] {logging_mixin.py:149} INFO - [2026-09-19T22:33:23.115+0000] {dagbag.py:541} INFO - Filling up the DagBag from /home/airflow/.local/lib/python3.7/site-packages/airflow/example_dags/tutorial_taskflow_api.py
[2026-09-19T22:33:23.127+0000] {processor.py:809} INFO - DAG(s) dict_keys(['tutorial_taskflow_api']) retrieved from /home/airflow/.local/lib/python3.7/site-packages/airflow/example_dags/tutorial_taskflow_api.py
[2026-09-19T22:33:23.172+0000] {logging_mixin.py:149} INFO - [2026-09-19T22:33:23.172+0000] {dag.py:2726} INFO - Sync 1 DAGs
[2026-09-19T22:33:23.218+0000] {logging_mixin.py:149} INFO - [2026-09-19T22:33:23.217+0000] {dag.py:3490} INFO - Setting next_dagrun for tutorial_taskflow_api to None, run_after=None
[2026-09-19T22:33:23.251+0000] {processor.py:178} INFO - Processing /home/airflow/.local/lib/python3.7/site-packages/airflow/example_dags/tutorial_taskflow_api.py took 0.146 seconds
[2026-09-19T22:33:53.359+0000] {processor.py:156} INFO - Started process (PID=10311) to work on /home/airflow/.local/lib/python3.7/site-packages/airflow/example_dags/tutorial_taskflow_api.py
[2026-09-19T22:33:53.360+0000] {processor.py:799} INFO - Processing file /home/airflow/.local/lib/python3.7/site-packages/airflow/example_dags/tutorial_taskflow_api.py for tasks to queue
[2026-09-19T22:33:53.361+0000] {logging_mixin.py:149} INFO - [2026-09-19T22:33:53.361+0000] {dagbag.py:541} INFO - Filling up the DagBag from /home/airflow/.local/lib/python3.7/site-packages/airflow/example_dags/tutorial_taskflow_api.py
[2026-09-19T22:33:53.372+0000] {processor.py:809} INFO - DAG(s) dict_keys(['tutorial_taskflow_api']) retrieved from /home/airflow/.local/lib/python3.7/site-packages/airflow/example_dags/tutorial_taskflow_api.py
[2026-09-19T22:33:53.421+0000] {logging_mixin.py:149} INFO - [2026-09-19T22:33:53.421+0000] {dag.py:2726} INFO - Sync 1 DAGs
[2026-09-19T22:33:53.468+0000] {logging_mixin.py:149} INFO - [2026-09-19T22:33:53.467+0000] {dag.py:3490} INFO - Setting next_dagrun for tutorial_taskflow_api to None, run_after=None
[2026-09-19T22:33:53.500+0000] {processor.py:178} INFO - Processing /home/airflow/.local/lib/python3.7/site-packages/airflow/example_dags/tutorial_taskflow_api.py took 0.148 seconds
[2026-09-19T22:34:23.663+0000] {processor.py:156} INFO - Started process (PID=10367) to work on /home/airflow/.local/lib/python3.7/site-packages/airflow/example_dags/tutorial_taskflow_api.py
[2026-09-19T22:34:23.671+0000] {processor.py:799} INFO - Processing file /home/airflow/.local/lib/python3.7/site-packages/airflow/example_dags/tutorial_taskflow_api.py for tasks to queue
[2026-09-19T22:34:23.672+0000] {logging_mixin.py:149} INFO - [2026-09-19T22:34:23.672+0000] {dagbag.py:541} INFO - Filling up the DagBag from /home/airflow/.local/lib/python3.7/site-packages/airflow/example_dags/tutorial_taskflow_api.py
[2026-09-19T22:34:23.685+0000] {processor.py:809} INFO - DAG(s) dict_keys(['tutorial_taskflow_api']) retrieved from /home/airflow/.local/lib/python3.7/site-packages/airflow/example_dags/tutorial_taskflow_api.py
[2026-09-19T22:34:23.740+0000] {logging_mixin.py:149} INFO - [2026-09-19T22:34:23.739+0000] {dag.py:2726} INFO - Sync 1 DAGs
[2026-09-19T22:34:23.792+0000] {logging_mixin.py:149} INFO - [2026-09-19T22:34:23.792+0000] {dag.py:3490} INFO - Setting next_dagrun for tutorial_taskflow_api to None, run_after=None
[2026-09-19T22:34:23.820+0000] {processor.py:178} INFO - Processing /home/airflow/.local/lib/python3.7/site-packages/airflow/example_dags/tutorial_taskflow_api.py took 0.166 seconds
[2026-09-19T22:34:54.609+0000] {processor.py:156} INFO - Started process (PID=10423) to work on /home/airflow/.local/lib/python3.7/site-packages/airflow/example_dags/tutorial_taskflow_api.py
[2026-09-19T22:34:54.610+0000] {processor.py:799} INFO - Processing file /home/airflow/.local/lib/python3.7/site-packages/airflow/example_dags/tutorial_taskflow_api.py for tasks to queue
[2026-09-19T22:34:54.611+0000] {logging_mixin.py:149} INFO - [2026-09-19T22:34:54.611+0000] {dagbag.py:541} INFO - Filling up the DagBag from /home/airflow/.local/lib/python3.7/site-packages/airflow/example_dags/tutorial_taskflow_api.py
[2026-09-19T22:34:54.622+0000] {processor.py:809} INFO - DAG(s) dict_keys(['tutorial_taskflow_api']) retrieved from /home/airflow/.local/lib/python3.7/site-packages/airflow/example_dags/tutorial_taskflow_api.py
[2026-09-19T22:34:54.669+0000] {logging_mixin.py:149} INFO - [2026-09-19T22:34:54.669+0000] {dag.py:2726} INFO - Sync 1 DAGs
[2026-09-19T22:34:54.713+0000] {logging_mixin.py:149} INFO - [2026-09-19T22:34:54.713+0000] {dag.py:3490} INFO - Setting next_dagrun for tutorial_taskflow_api to None, run_after=None
[2026-09-19T22:34:54.748+0000] {processor.py:178} INFO - Processing /home/airflow/.local/lib/python3.7/site-packages/airflow/example_dags/tutorial_taskflow_api.py took 0.145 seconds
[2026-09-19T22:35:24.897+0000] {processor.py:156} INFO - Started process (PID=10479) to work on /home/airflow/.local/lib/python3.7/site-packages/airflow/example_dags/tutorial_taskflow_api.py
[2026-09-19T22:35:24.900+0000] {processor.py:799} INFO - Processing file /home/airflow/.local/lib/python3.7/site-packages/airflow/example_dags/tutorial_taskflow_api.py for tasks to queue
[2026-09-19T22:35:24.901+0000] {logging_mixin.py:149} INFO - [2026-09-19T22:35:24.901+0000] {dagbag.py:541} INFO - Filling up the DagBag from /home/airflow/.local/lib/python3.7/site-packages/airflow/example_dags/tutorial_taskflow_api.py
[2026-09-19T22:35:24.913+0000] {processor.py:809} INFO - DAG(s) dict_keys(['tutorial_taskflow_api']) retrieved from /home/airflow/.local/lib/python3.7/site-packages/airflow/example_dags/tutorial_taskflow_api.py
[2026-09-19T22:35:24.959+0000] {logging_mixin.py:149} INFO - [2026-09-19T22:35:24.959+0000] {dag.py:2726} INFO - Sync 1 DAGs
[2026-09-19T22:35:25.003+0000] {logging_mixin.py:149} INFO - [2026-09-19T22:35:25.003+0000] {dag.py:3490} INFO - Setting next_dagrun for tutorial_taskflow_api to None, run_after=None
[2026-09-19T22:35:25.041+0000] {processor.py:178} INFO - Processing /home/airflow/.local/lib/python3.7/site-packages/airflow/example_dags/tutorial_taskflow_api.py took 0.150 seconds
[2026-09-19T22:35:55.649+0000] {processor.py:156} INFO - Started process (PID=10535) to work on /home/airflow/.local/lib/python3.7/site-packages/airflow/example_dags/tutorial_taskflow_api.py
[2026-09-19T22:35:55.650+0000] {processor.py:799} INFO - Processing file /home/airflow/.local/lib/python3.7/site-packages/airflow/example_dags/tutorial_taskflow_api.py for tasks to queue
[2026-09-19T22:35:55.651+0000] {logging_mixin.py:149} INFO - [2026-09-19T22:35:55.651+0000] {dagbag.py:541} INFO - Filling up the DagBag from /home/airflow/.local/lib/python3.7/site-packages/airflow/example_dags/tutorial_taskflow_api.py
[2026-09-19T22:35:55.663+0000] {processor.py:809} INFO - DAG(s) dict_keys(['tutorial_taskflow_api']) retrieved from /home/airflow/.local/lib/python3.7/site-packages/airflow/example_dags/tutorial_taskflow_api.py
[2026-09-19T22:35:55.710+0000] {logging_mixin.py:149} INFO - [2026-09-19T22:35:55.709+0000] {dag.py:2726} INFO - Sync 1 DAGs
[2026-09-19T22:35:55.762+0000] {logging_mixin.py:149} INFO - [2026-09-19T22:35:55.761+0000] {dag.py:3490} INFO - Setting next_dagrun for tutorial_taskflow_api to None, run_after=None
[2026-09-19T22:35:55.799+0000] {processor.py:178} INFO - Processing /home/airflow/.local/lib/python3.7/site-packages/airflow/example_dags/tutorial_taskflow_api.py took 0.156 seconds
[2026-09-19T22:36:26.142+0000] {processor.py:156} INFO - Started process (PID=10591) to work on /home/airflow/.local/lib/python3.7/site-packages/airflow/example_dags/tutorial_taskflow_api.py
[2026-09-19T22:36:26.146+0000] {processor.py:799} INFO - Processing file /home/airflow/.local/lib/python3.7/site-packages/airflow/example_dags/tutorial_taskflow_api.py for tasks to queue
[2026-09-19T22:36:26.147+0000] {logging_mixin.py:149} INFO - [2026-09-19T22:36:26.147+0000] {dagbag.py:541} INFO - Filling up the DagBag from /home/airflow/.local/lib/python3.7/site-packages/airflow/example_dags/tutorial_taskflow_api.py
[2026-09-19T22:36:26.157+0000] {processor.py:809} INFO - DAG(s) dict_keys(['tutorial_taskflow_api']) retrieved from /home/airflow/.local/lib/python3.7/site-packages/airflow/example_dags/tutorial_taskflow_api.py
[2026-09-19T22:36:26.206+0000] {logging_mixin.py:149} INFO - [2026-09-19T22:36:26.205+0000] {dag.py:2726} INFO - Sync 1 DAGs
[2026-09-19T22:36:26.257+0000] {logging_mixin.py:149} INFO - [2026-09-19T22:36:26.257+0000] {dag.py:3490} INFO - Setting next_dagrun for tutorial_taskflow_api to None, run_after=None
[2026-09-19T22:36:26.289+0000] {processor.py:178} INFO - Processing /home/airflow/.local/lib/python3.7/site-packages/airflow/example_dags/tutorial_taskflow_api.py took 0.152 seconds
[2026-09-19T22:36:56.565+0000] {processor.py:156} INFO - Started process (PID=10647) to work on /home/airflow/.local/lib/python3.7/site-packages/airflow/example_dags/tutorial_taskflow_api.py
[2026-09-19T22:36:56.567+0000] {processor.py:799} INFO - Processing file /home/airflow/.local/lib/python3.7/site-packages/airflow/example_dags/tutorial_taskflow_api.py for tasks to queue
[2026-09-19T22:36:56.568+0000] {logging_mixin.py:149} INFO - [2026-09-19T22:36:56.568+0000] {dagbag.py:541} INFO - Filling up the DagBag from /home/airflow/.local/lib/python3.7/site-packages/airflow/example_dags/tutorial_taskflow_api.py
[2026-09-19T22:36:56.578+0000] {processor.py:809} INFO - DAG(s) dict_keys(['tutorial_taskflow_api']) retrieved from /home/airflow/.local/lib/python3.7/site-packages/airflow/example_dags/tutorial_taskflow_api.py
[2026-09-19T22:36:56.626+0000] {logging_mixin.py:149} INFO - [2026-09-19T22:36:56.626+0000] {dag.py:2726} INFO - Sync 1 DAGs
[2026-09-19T22:36:56.672+0000] {logging_mixin.py:149} INFO - [2026-09-19T22:36:56.672+0000] {dag.py:3490} INFO - Setting next_dagrun for tutorial_taskflow_api to None, run_after=None
[2026-09-19T22:36:56.708+0000] {processor.py:178} INFO - Processing /home/airflow/.local/lib/python3.7/site-packages/airflow/example_dags/tutorial_taskflow_api.py took 0.148 seconds
[2026-09-19T22:37:26.951+0000] {processor.py:156} INFO - Started process (PID=10703) to work on /home/airflow/.local/lib/python3.7/site-packages/airflow/example_dags/tutorial_taskflow_api.py
[2026-09-19T22:37:26.954+0000] {processor.py:799} INFO - Processing file /home/airflow/.local/lib/python3.7/site-packages/airflow/example_dags/tutorial_taskflow_api.py for tasks to queue
[2026-09-19T22:37:26.955+0000] {logging_mixin.py:149} INFO - [2026-09-19T22:37:26.955+0000] {dagbag.py:541} INFO - Filling up the DagBag from /home/airflow/.local/lib/python3.7/site-packages/airflow/example_dags/tutorial_taskflow_api.py
[2026-09-19T22:37:26.966+0000] {processor.py:809} INFO - DAG(s) dict_keys(['tutorial_taskflow_api']) retrieved from /home/airflow/.local/lib/python3.7/site-packages/airflow/example_dags/tutorial_taskflow_api.py
[2026-09-19T22:37:27.012+0000] {logging_mixin.py:149} INFO - [2026-09-19T22:37:27.012+0000] {dag.py:2726} INFO - Sync 1 DAGs
[2026-09-19T22:37:27.057+0000] {logging_mixin.py:149} INFO - [2026-09-19T22:37:27.057+0000] {dag.py:3490} INFO - Setting next_dagrun for tutorial_taskflow_api to None, run_after=None
[2026-09-19T22:37:27.093+0000] {processor.py:178} INFO - Processing /home/airflow/.local/lib/python3.7/site-packages/airflow/example_dags/tutorial_taskflow_api.py took 0.148 seconds
[2026-09-19T22:37:57.225+0000] {processor.py:156} INFO - Started process (PID=10759) to work on /home/airflow/.local/lib/python3.7/site-packages/airflow/example_dags/tutorial_taskflow_api.py
[2026-09-19T22:37:57.227+0000] {processor.py:799} INFO - Processing file /home/airflow/.local/lib/python3.7/site-packages/airflow/example_dags/tutorial_taskflow_api.py for tasks to queue
[2026-09-19T22:37:57.228+0000] {logging_mixin.py:149} INFO - [2026-09-19T22:37:57.228+0000] {dagbag.py:541} INFO - Filling up the DagBag from /home/airflow/.local/lib/python3.7/site-packages/airflow/example_dags/tutorial_taskflow_api.py
[2026-09-19T22:37:57.238+0000] {processor.py:809} INFO - DAG(s) dict_keys(['tutorial_taskflow_api']) retrieved from /home/airflow/.local/lib/python3.7/site-packages/airflow/example_dags/tutorial_taskflow_api.py
[2026-09-19T22:37:57.282+0000] {logging_mixin.py:149} INFO - [2026-09-19T22:37:57.282+0000] {dag.py:2726} INFO - Sync 1 DAGs
[2026-09-19T22:37:57.326+0000] {logging_mixin.py:149} INFO - [2026-09-19T22:37:57.326+0000] {dag.py:3490} INFO - Setting next_dagrun for tutorial_taskflow_api to None, run_after=None
[2026-09-19T22:37:57.356+0000] {processor.py:178} INFO - Processing /home/airflow/.local/lib/python3.7/site-packages/airflow/example_dags/tutorial_taskflow_api.py took 0.139 seconds
[2026-09-19T22:38:27.697+0000] {processor.py:156} INFO - Started process (PID=10815) to work on /home/airflow/.local/lib/python3.7/site-packages/airflow/example_dags/tutorial_taskflow_api.py
[2026-09-19T22:38:27.699+0000] {processor.py:799} INFO - Processing file /home/airflow/.local/lib/python3.7/site-packages/airflow/example_dags/tutorial_taskflow_api.py for tasks to queue
[2026-09-19T22:38:27.700+0000] {logging_mixin.py:149} INFO - [2026-09-19T22:38:27.700+0000] {dagbag.py:541} INFO - Filling up the DagBag from /home/airflow/.local/lib/python3.7/site-packages/airflow/example_dags/tutorial_taskflow_api.py
[2026-09-19T22:38:27.711+0000] {processor.py:809} INFO - DAG(s) dict_keys(['tutorial_taskflow_api']) retrieved from /home/airflow/.local/lib/python3.7/site-packages/airflow/example_dags/tutorial_taskflow_api.py
[2026-09-19T22:38:27.759+0000] {logging_mixin.py:149} INFO - [2026-09-19T22:38:27.759+0000] {dag.py:2726} INFO - Sync 1 DAGs
[2026-09-19T22:38:27.806+0000] {logging_mixin.py:149} INFO - [2026-09-19T22:38:27.806+0000] {dag.py:3490} INFO - Setting next_dagrun for tutorial_taskflow_api to None, run_after=None
[2026-09-19T22:38:27.844+0000] {processor.py:178} INFO - Processing /home/airflow/.local/lib/python3.7/site-packages/airflow/example_dags/tutorial_taskflow_api.py took 0.155 seconds
[2026-09-19T22:38:57.962+0000] {processor.py:156} INFO - Started process (PID=10871) to work on /home/airflow/.local/lib/python3.7/site-packages/airflow/example_dags/tutorial_taskflow_api.py
[2026-09-19T22:38:57.963+0000] {processor.py:799} INFO - Processing file /home/airflow/.local/lib/python3.7/site-packages/airflow/example_dags/tutorial_taskflow_api.py for tasks to queue
[2026-09-19T22:38:57.964+0000] {logging_mixin.py:149} INFO - [2026-09-19T22:38:57.964+0000] {dagbag.py:541} INFO - Filling up the DagBag from /home/airflow/.local/lib/python3.7/site-packages/airflow/example_dags/tutorial_taskflow_api.py
[2026-09-19T22:38:57.977+0000] {processor.py:809} INFO - DAG(s) dict_keys(['tutorial_taskflow_api']) retrieved from /home/airflow/.local/lib/python3.7/site-packages/airflow/example_dags/tutorial_taskflow_api.py
[2026-09-19T22:38:58.023+0000] {logging_mixin.py:149} INFO - [2026-09-19T22:38:58.023+0000] {dag.py:2726} INFO - Sync 1 DAGs
[2026-09-19T22:38:58.069+0000] {logging_mixin.py:149} INFO - [2026-09-19T22:38:58.068+0000] {dag.py:3490} INFO - Setting next_dagrun for tutorial_taskflow_api to None, run_after=None
[2026-09-19T22:38:58.101+0000] {processor.py:178} INFO - Processing /home/airflow/.local/lib/python3.7/site-packages/airflow/example_dags/tutorial_taskflow_api.py took 0.145 seconds
[2026-09-19T22:39:28.382+0000] {processor.py:156} INFO - Started process (PID=10927) to work on /home/airflow/.local/lib/python3.7/site-packages/airflow/example_dags/tutorial_taskflow_api.py
[2026-09-19T22:39:28.388+0000] {processor.py:799} INFO - Processing file /home/airflow/.local/lib/python3.7/site-packages/airflow/example_dags/tutorial_taskflow_api.py for tasks to queue
[2026-09-19T22:39:28.389+0000] {logging_mixin.py:149} INFO - [2026-09-19T22:39:28.389+0000] {dagbag.py:541} INFO - Filling up the DagBag from /home/airflow/.local/lib/python3.7/site-packages/airflow/example_dags/tutorial_taskflow_api.py
[2026-09-19T22:39:28.404+0000] {processor.py:809} INFO - DAG(s) dict_keys(['tutorial_taskflow_api']) retrieved from /home/airflow/.local/lib/python3.7/site-packages/airflow/example_dags/tutorial_taskflow_api.py
[2026-09-19T22:39:28.461+0000] {logging_mixin.py:149} INFO - [2026-09-19T22:39:28.461+0000] {dag.py:2726} INFO - Sync 1 DAGs
[2026-09-19T22:39:28.510+0000] {logging_mixin.py:149} INFO - [2026-09-19T22:39:28.510+0000] {dag.py:3490} INFO - Setting next_dagrun for tutorial_taskflow_api to None, run_after=None
[2026-09-19T22:39:28.548+0000] {processor.py:178} INFO - Processing /home/airflow/.local/lib/python3.7/site-packages/airflow/example_dags/tutorial_taskflow_api.py took 0.178 seconds
[2026-09-19T22:39:59.101+0000] {processor.py:156} INFO - Started process (PID=10983) to work on /home/airflow/.local/lib/python3.7/site-packages/airflow/example_dags/tutorial_taskflow_api.py
[2026-09-19T22:39:59.102+0000] {processor.py:799} INFO - Processing file /home/airflow/.local/lib/python3.7/site-packages/airflow/example_dags/tutorial_taskflow_api.py for tasks to queue
[2026-09-19T22:39:59.104+0000] {logging_mixin.py:149} INFO - [2026-09-19T22:39:59.103+0000] {dagbag.py:541} INFO - Filling up the DagBag from /home/airflow/.local/lib/python3.7/site-packages/airflow/example_dags/tutorial_taskflow_api.py
[2026-09-19T22:39:59.118+0000] {processor.py:809} INFO - DAG(s) dict_keys(['tutorial_taskflow_api']) retrieved from /home/airflow/.local/lib/python3.7/site-packages/airflow/example_dags/tutorial_taskflow_api.py
[2026-09-19T22:39:59.169+0000] {logging_mixin.py:149} INFO - [2026-09-19T22:39:59.168+0000] {dag.py:2726} INFO - Sync 1 DAGs
[2026-09-19T22:39:59.217+0000] {logging_mixin.py:149} INFO - [2026-09-19T22:39:59.217+0000] {dag.py:3490} INFO - Setting next_dagrun for tutorial_taskflow_api to None, run_after=None
[2026-09-19T22:39:59.254+0000] {processor.py:178} INFO - Processing /home/airflow/.local/lib/python3.7/site-packages/airflow/example_dags/tutorial_taskflow_api.py took 0.160 seconds
[2026-09-19T22:40:29.821+0000] {processor.py:156} INFO - Started process (PID=11039) to work on /home/airflow/.local/lib/python3.7/site-packages/airflow/example_dags/tutorial_taskflow_api.py
[2026-09-19T22:40:29.823+0000] {processor.py:799} INFO - Processing file /home/airflow/.local/lib/python3.7/site-packages/airflow/example_dags/tutorial_taskflow_api.py for tasks to queue
[2026-09-19T22:40:29.824+0000] {logging_mixin.py:149} INFO - [2026-09-19T22:40:29.824+0000] {dagbag.py:541} INFO - Filling up the DagBag from /home/airflow/.local/lib/python3.7/site-packages/airflow/example_dags/tutorial_taskflow_api.py
[2026-09-19T22:40:29.835+0000] {processor.py:809} INFO - DAG(s) dict_keys(['tutorial_taskflow_api']) retrieved from /home/airflow/.local/lib/python3.7/site-packages/airflow/example_dags/tutorial_taskflow_api.py
[2026-09-19T22:40:29.882+0000] {logging_mixin.py:149} INFO - [2026-09-19T22:40:29.882+0000] {dag.py:2726} INFO - Sync 1 DAGs
[2026-09-19T22:40:29.925+0000] {logging_mixin.py:149} INFO - [2026-09-19T22:40:29.924+0000] {dag.py:3490} INFO - Setting next_dagrun for tutorial_taskflow_api to None, run_after=None
[2026-09-19T22:40:29.953+0000] {processor.py:178} INFO - Processing /home/airflow/.local/lib/python3.7/site-packages/airflow/example_dags/tutorial_taskflow_api.py took 0.139 seconds
[2026-09-19T22:41:00.256+0000] {processor.py:156} INFO - Started process (PID=11095) to work on /home/airflow/.local/lib/python3.7/site-packages/airflow/example_dags/tutorial_taskflow_api.py
[2026-09-19T22:41:00.259+0000] {processor.py:799} INFO - Processing file /home/airflow/.local/lib/python3.7/site-packages/airflow/example_dags/tutorial_taskflow_api.py for tasks to queue
[2026-09-19T22:41:00.260+0000] {logging_mixin.py:149} INFO - [2026-09-19T22:41:00.260+0000] {dagbag.py:541} INFO - Filling up the DagBag from /home/airflow/.local/lib/python3.7/site-packages/airflow/example_dags/tutorial_taskflow_api.py
[2026-09-19T22:41:00.274+0000] {processor.py:809} INFO - DAG(s) dict_keys(['tutorial_taskflow_api']) retrieved from /home/airflow/.local/lib/python3.7/site-packages/airflow/example_dags/tutorial_taskflow_api.py
[2026-09-19T22:41:00.324+0000] {logging_mixin.py:149} INFO - [2026-09-19T22:41:00.324+0000] {dag.py:2726} INFO - Sync 1 DAGs
[2026-09-19T22:41:00.368+0000] {logging_mixin.py:149} INFO - [2026-09-19T22:41:00.368+0000] {dag.py:3490} INFO - Setting next_dagrun for tutorial_taskflow_api to None, run_after=None
[2026-09-19T22:41:00.405+0000] {processor.py:178} INFO - Processing /home/airflow/.local/lib/python3.7/site-packages/airflow/example_dags/tutorial_taskflow_api.py took 0.159 seconds
[2026-09-19T22:41:30.725+0000] {processor.py:156} INFO - Started process (PID=11151) to work on /home/airflow/.local/lib/python3.7/site-packages/airflow/example_dags/tutorial_taskflow_api.py
[2026-09-19T22:41:30.728+0000] {processor.py:799} INFO - Processing file /home/airflow/.local/lib/python3.7/site-packages/airflow/example_dags/tutorial_taskflow_api.py for tasks to queue
[2026-09-19T22:41:30.729+0000] {logging_mixin.py:149} INFO - [2026-09-19T22:41:30.728+0000] {dagbag.py:541} INFO - Filling up the DagBag from /home/airflow/.local/lib/python3.7/site-packages/airflow/example_dags/tutorial_taskflow_api.py
[2026-09-19T22:41:30.746+0000] {processor.py:809} INFO - DAG(s) dict_keys(['tutorial_taskflow_api']) retrieved from /home/airflow/.local/lib/python3.7/site-packages/airflow/example_dags/tutorial_taskflow_api.py
[2026-09-19T22:41:30.793+0000] {logging_mixin.py:149} INFO - [2026-09-19T22:41:30.793+0000] {dag.py:2726} INFO - Sync 1 DAGs
[2026-09-19T22:41:30.845+0000] {logging_mixin.py:149} INFO - [2026-09-19T22:41:30.845+0000] {dag.py:3490} INFO - Setting next_dagrun for tutorial_taskflow_api to None, run_after=None
[2026-09-19T22:41:30.883+0000] {processor.py:178} INFO - Processing /home/airflow/.local/lib/python3.7/site-packages/airflow/example_dags/tutorial_taskflow_api.py took 0.165 seconds
[2026-09-19T22:42:00.954+0000] {processor.py:156} INFO - Started process (PID=11207) to work on /home/airflow/.local/lib/python3.7/site-packages/airflow/example_dags/tutorial_taskflow_api.py
[2026-09-19T22:42:00.955+0000] {processor.py:799} INFO - Processing file /home/airflow/.local/lib/python3.7/site-packages/airflow/example_dags/tutorial_taskflow_api.py for tasks to queue
[2026-09-19T22:42:00.956+0000] {logging_mixin.py:149} INFO - [2026-09-19T22:42:00.956+0000] {dagbag.py:541} INFO - Filling up the DagBag from /home/airflow/.local/lib/python3.7/site-packages/airflow/example_dags/tutorial_taskflow_api.py
[2026-09-19T22:42:00.970+0000] {processor.py:809} INFO - DAG(s) dict_keys(['tutorial_taskflow_api']) retrieved from /home/airflow/.local/lib/python3.7/site-packages/airflow/example_dags/tutorial_taskflow_api.py
[2026-09-19T22:42:01.023+0000] {logging_mixin.py:149} INFO - [2026-09-19T22:42:01.022+0000] {dag.py:2726} INFO - Sync 1 DAGs
[2026-09-19T22:42:01.076+0000] {logging_mixin.py:149} INFO - [2026-09-19T22:42:01.076+0000] {dag.py:3490} INFO - Setting next_dagrun for tutorial_taskflow_api to None, run_after=None
[2026-09-19T22:42:01.105+0000] {processor.py:178} INFO - Processing /home/airflow/.local/lib/python3.7/site-packages/airflow/example_dags/tutorial_taskflow_api.py took 0.159 seconds
[2026-09-19T22:42:31.326+0000] {processor.py:156} INFO - Started process (PID=11263) to work on /home/airflow/.local/lib/python3.7/site-packages/airflow/example_dags/tutorial_taskflow_api.py
[2026-09-19T22:42:31.333+0000] {processor.py:799} INFO - Processing file /home/airflow/.local/lib/python3.7/site-packages/airflow/example_dags/tutorial_taskflow_api.py for tasks to queue
[2026-09-19T22:42:31.334+0000] {logging_mixin.py:149} INFO - [2026-09-19T22:42:31.334+0000] {dagbag.py:541} INFO - Filling up the DagBag from /home/airflow/.local/lib/python3.7/site-packages/airflow/example_dags/tutorial_taskflow_api.py
[2026-09-19T22:42:31.349+0000] {processor.py:809} INFO - DAG(s) dict_keys(['tutorial_taskflow_api']) retrieved from /home/airflow/.local/lib/python3.7/site-packages/airflow/example_dags/tutorial_taskflow_api.py
[2026-09-19T22:42:31.395+0000] {logging_mixin.py:149} INFO - [2026-09-19T22:42:31.395+0000] {dag.py:2726} INFO - Sync 1 DAGs
[2026-09-19T22:42:31.443+0000] {logging_mixin.py:149} INFO - [2026-09-19T22:42:31.443+0000] {dag.py:3490} INFO - Setting next_dagrun for tutorial_taskflow_api to None, run_after=None
[2026-09-19T22:42:31.474+0000] {processor.py:178} INFO - Processing /home/airflow/.local/lib/python3.7/site-packages/airflow/example_dags/tutorial_taskflow_api.py took 0.157 seconds
[2026-09-19T22:43:01.807+0000] {processor.py:156} INFO - Started process (PID=11319) to work on /home/airflow/.local/lib/python3.7/site-packages/airflow/example_dags/tutorial_taskflow_api.py
[2026-09-19T22:43:01.809+0000] {processor.py:799} INFO - Processing file /home/airflow/.local/lib/python3.7/site-packages/airflow/example_dags/tutorial_taskflow_api.py for tasks to queue
[2026-09-19T22:43:01.810+0000] {logging_mixin.py:149} INFO - [2026-09-19T22:43:01.810+0000] {dagbag.py:541} INFO - Filling up the DagBag from /home/airflow/.local/lib/python3.7/site-packages/airflow/example_dags/tutorial_taskflow_api.py
[2026-09-19T22:43:01.822+0000] {processor.py:809} INFO - DAG(s) dict_keys(['tutorial_taskflow_api']) retrieved from /home/airflow/.local/lib/python3.7/site-packages/airflow/example_dags/tutorial_taskflow_api.py
[2026-09-19T22:43:01.874+0000] {logging_mixin.py:149} INFO - [2026-09-19T22:43:01.873+0000] {dag.py:2726} INFO - Sync 1 DAGs
[2026-09-19T22:43:01.922+0000] {logging_mixin.py:149} INFO - [2026-09-19T22:43:01.922+0000] {dag.py:3490} INFO - Setting next_dagrun for tutorial_taskflow_api to None, run_after=None
[2026-09-19T22:43:01.959+0000] {processor.py:178} INFO - Processing /home/airflow/.local/lib/python3.7/site-packages/airflow/example_dags/tutorial_taskflow_api.py took 0.157 seconds
[2026-09-19T22:43:32.202+0000] {processor.py:156} INFO - Started process (PID=11375) to work on /home/airflow/.local/lib/python3.7/site-packages/airflow/example_dags/tutorial_taskflow_api.py
[2026-09-19T22:43:32.204+0000] {processor.py:799} INFO - Processing file /home/airflow/.local/lib/python3.7/site-packages/airflow/example_dags/tutorial_taskflow_api.py for tasks to queue
[2026-09-19T22:43:32.205+0000] {logging_mixin.py:149} INFO - [2026-09-19T22:43:32.204+0000] {dagbag.py:541} INFO - Filling up the DagBag from /home/airflow/.local/lib/python3.7/site-packages/airflow/example_dags/tutorial_taskflow_api.py
[2026-09-19T22:43:32.215+0000] {processor.py:809} INFO - DAG(s) dict_keys(['tutorial_taskflow_api']) retrieved from /home/airflow/.local/lib/python3.7/site-packages/airflow/example_dags/tutorial_taskflow_api.py
[2026-09-19T22:43:32.268+0000] {logging_mixin.py:149} INFO - [2026-09-19T22:43:32.267+0000] {dag.py:2726} INFO - Sync 1 DAGs
[2026-09-19T22:43:32.310+0000] {logging_mixin.py:149} INFO - [2026-09-19T22:43:32.309+0000] {dag.py:3490} INFO - Setting next_dagrun for tutorial_taskflow_api to None, run_after=None
[2026-09-19T22:43:32.338+0000] {processor.py:178} INFO - Processing /home/airflow/.local/lib/python3.7/site-packages/airflow/example_dags/tutorial_taskflow_api.py took 0.142 seconds
[2026-09-19T22:44:02.629+0000] {processor.py:156} INFO - Started process (PID=11431) to work on /home/airflow/.local/lib/python3.7/site-packages/airflow/example_dags/tutorial_taskflow_api.py
[2026-09-19T22:44:02.631+0000] {processor.py:799} INFO - Processing file /home/airflow/.local/lib/python3.7/site-packages/airflow/example_dags/tutorial_taskflow_api.py for tasks to queue
[2026-09-19T22:44:02.632+0000] {logging_mixin.py:149} INFO - [2026-09-19T22:44:02.632+0000] {dagbag.py:541} INFO - Filling up the DagBag from /home/airflow/.local/lib/python3.7/site-packages/airflow/example_dags/tutorial_taskflow_api.py
[2026-09-19T22:44:02.643+0000] {processor.py:809} INFO - DAG(s) dict_keys(['tutorial_taskflow_api']) retrieved from /home/airflow/.local/lib/python3.7/site-packages/airflow/example_dags/tutorial_taskflow_api.py
[2026-09-19T22:44:02.695+0000] {logging_mixin.py:149} INFO - [2026-09-19T22:44:02.694+0000] {dag.py:2726} INFO - Sync 1 DAGs
[2026-09-19T22:44:02.760+0000] {logging_mixin.py:149} INFO - [2026-09-19T22:44:02.759+0000] {dag.py:3490} INFO - Setting next_dagrun for tutorial_taskflow_api to None, run_after=None
[2026-09-19T22:44:02.810+0000] {processor.py:178} INFO - Processing /home/airflow/.local/lib/python3.7/site-packages/airflow/example_dags/tutorial_taskflow_api.py took 0.187 seconds
[2026-09-19T22:44:33.025+0000] {processor.py:156} INFO - Started process (PID=11487) to work on /home/airflow/.local/lib/python3.7/site-packages/airflow/example_dags/tutorial_taskflow_api.py
[2026-09-19T22:44:33.027+0000] {processor.py:799} INFO - Processing file /home/airflow/.local/lib/python3.7/site-packages/airflow/example_dags/tutorial_taskflow_api.py for tasks to queue
[2026-09-19T22:44:33.028+0000] {logging_mixin.py:149} INFO - [2026-09-19T22:44:33.028+0000] {dagbag.py:541} INFO - Filling up the DagBag from /home/airflow/.local/lib/python3.7/site-packages/airflow/example_dags/tutorial_taskflow_api.py
[2026-09-19T22:44:33.041+0000] {processor.py:809} INFO - DAG(s) dict_keys(['tutorial_taskflow_api']) retrieved from /home/airflow/.local/lib/python3.7/site-packages/airflow/example_dags/tutorial_taskflow_api.py
[2026-09-19T22:44:33.096+0000] {logging_mixin.py:149} INFO - [2026-09-19T22:44:33.095+0000] {dag.py:2726} INFO - Sync 1 DAGs
[2026-09-19T22:44:33.148+0000] {logging_mixin.py:149} INFO - [2026-09-19T22:44:33.147+0000] {dag.py:3490} INFO - Setting next_dagrun for tutorial_taskflow_api to None, run_after=None
[2026-09-19T22:44:33.186+0000] {processor.py:178} INFO - Processing /home/airflow/.local/lib/python3.7/site-packages/airflow/example_dags/tutorial_taskflow_api.py took 0.169 seconds
[2026-09-19T22:45:03.895+0000] {processor.py:156} INFO - Started process (PID=11543) to work on /home/airflow/.local/lib/python3.7/site-packages/airflow/example_dags/tutorial_taskflow_api.py
[2026-09-19T22:45:03.898+0000] {processor.py:799} INFO - Processing file /home/airflow/.local/lib/python3.7/site-packages/airflow/example_dags/tutorial_taskflow_api.py for tasks to queue
[2026-09-19T22:45:03.900+0000] {logging_mixin.py:149} INFO - [2026-09-19T22:45:03.899+0000] {dagbag.py:541} INFO - Filling up the DagBag from /home/airflow/.local/lib/python3.7/site-packages/airflow/example_dags/tutorial_taskflow_api.py
[2026-09-19T22:45:03.913+0000] {processor.py:809} INFO - DAG(s) dict_keys(['tutorial_taskflow_api']) retrieved from /home/airflow/.local/lib/python3.7/site-packages/airflow/example_dags/tutorial_taskflow_api.py
[2026-09-19T22:45:03.980+0000] {logging_mixin.py:149} INFO - [2026-09-19T22:45:03.980+0000] {dag.py:2726} INFO - Sync 1 DAGs
[2026-09-19T22:45:04.042+0000] {logging_mixin.py:149} INFO - [2026-09-19T22:45:04.042+0000] {dag.py:3490} INFO - Setting next_dagrun for tutorial_taskflow_api to None, run_after=None
[2026-09-19T22:45:04.084+0000] {processor.py:178} INFO - Processing /home/airflow/.local/lib/python3.7/site-packages/airflow/example_dags/tutorial_taskflow_api.py took 0.197 seconds
[2026-09-19T22:45:34.709+0000] {processor.py:156} INFO - Started process (PID=11607) to work on /home/airflow/.local/lib/python3.7/site-packages/airflow/example_dags/tutorial_taskflow_api.py
[2026-09-19T22:45:34.711+0000] {processor.py:799} INFO - Processing file /home/airflow/.local/lib/python3.7/site-packages/airflow/example_dags/tutorial_taskflow_api.py for tasks to queue
[2026-09-19T22:45:34.712+0000] {logging_mixin.py:149} INFO - [2026-09-19T22:45:34.711+0000] {dagbag.py:541} INFO - Filling up the DagBag from /home/airflow/.local/lib/python3.7/site-packages/airflow/example_dags/tutorial_taskflow_api.py
[2026-09-19T22:45:34.723+0000] {processor.py:809} INFO - DAG(s) dict_keys(['tutorial_taskflow_api']) retrieved from /home/airflow/.local/lib/python3.7/site-packages/airflow/example_dags/tutorial_taskflow_api.py
[2026-09-19T22:45:34.773+0000] {logging_mixin.py:149} INFO - [2026-09-19T22:45:34.773+0000] {dag.py:2726} INFO - Sync 1 DAGs
[2026-09-19T22:45:34.821+0000] {logging_mixin.py:149} INFO - [2026-09-19T22:45:34.821+0000] {dag.py:3490} INFO - Setting next_dagrun for tutorial_taskflow_api to None, run_after=None
[2026-09-19T22:45:34.855+0000] {processor.py:178} INFO - Processing /home/airflow/.local/lib/python3.7/site-packages/airflow/example_dags/tutorial_taskflow_api.py took 0.152 seconds
[2026-09-19T22:46:05.094+0000] {processor.py:156} INFO - Started process (PID=11664) to work on /home/airflow/.local/lib/python3.7/site-packages/airflow/example_dags/tutorial_taskflow_api.py
[2026-09-19T22:46:05.096+0000] {processor.py:799} INFO - Processing file /home/airflow/.local/lib/python3.7/site-packages/airflow/example_dags/tutorial_taskflow_api.py for tasks to queue
[2026-09-19T22:46:05.097+0000] {logging_mixin.py:149} INFO - [2026-09-19T22:46:05.096+0000] {dagbag.py:541} INFO - Filling up the DagBag from /home/airflow/.local/lib/python3.7/site-packages/airflow/example_dags/tutorial_taskflow_api.py
[2026-09-19T22:46:05.106+0000] {processor.py:809} INFO - DAG(s) dict_keys(['tutorial_taskflow_api']) retrieved from /home/airflow/.local/lib/python3.7/site-packages/airflow/example_dags/tutorial_taskflow_api.py
[2026-09-19T22:46:05.148+0000] {logging_mixin.py:149} INFO - [2026-09-19T22:46:05.148+0000] {dag.py:2726} INFO - Sync 1 DAGs
[2026-09-19T22:46:05.188+0000] {logging_mixin.py:149} INFO - [2026-09-19T22:46:05.188+0000] {dag.py:3490} INFO - Setting next_dagrun for tutorial_taskflow_api to None, run_after=None
[2026-09-19T22:46:05.218+0000] {processor.py:178} INFO - Processing /home/airflow/.local/lib/python3.7/site-packages/airflow/example_dags/tutorial_taskflow_api.py took 0.129 seconds
[2026-09-19T22:46:35.803+0000] {processor.py:156} INFO - Started process (PID=11721) to work on /home/airflow/.local/lib/python3.7/site-packages/airflow/example_dags/tutorial_taskflow_api.py
[2026-09-19T22:46:35.805+0000] {processor.py:799} INFO - Processing file /home/airflow/.local/lib/python3.7/site-packages/airflow/example_dags/tutorial_taskflow_api.py for tasks to queue
[2026-09-19T22:46:35.806+0000] {logging_mixin.py:149} INFO - [2026-09-19T22:46:35.806+0000] {dagbag.py:541} INFO - Filling up the DagBag from /home/airflow/.local/lib/python3.7/site-packages/airflow/example_dags/tutorial_taskflow_api.py
[2026-09-19T22:46:35.816+0000] {processor.py:809} INFO - DAG(s) dict_keys(['tutorial_taskflow_api']) retrieved from /home/airflow/.local/lib/python3.7/site-packages/airflow/example_dags/tutorial_taskflow_api.py
[2026-09-19T22:46:35.871+0000] {logging_mixin.py:149} INFO - [2026-09-19T22:46:35.871+0000] {dag.py:2726} INFO - Sync 1 DAGs
[2026-09-19T22:46:35.920+0000] {logging_mixin.py:149} INFO - [2026-09-19T22:46:35.919+0000] {dag.py:3490} INFO - Setting next_dagrun for tutorial_taskflow_api to None, run_after=None
[2026-09-19T22:46:35.960+0000] {processor.py:178} INFO - Processing /home/airflow/.local/lib/python3.7/site-packages/airflow/example_dags/tutorial_taskflow_api.py took 0.162 seconds
[2026-09-19T22:47:06.349+0000] {processor.py:156} INFO - Started process (PID=11776) to work on /home/airflow/.local/lib/python3.7/site-packages/airflow/example_dags/tutorial_taskflow_api.py
[2026-09-19T22:47:06.353+0000] {processor.py:799} INFO - Processing file /home/airflow/.local/lib/python3.7/site-packages/airflow/example_dags/tutorial_taskflow_api.py for tasks to queue
[2026-09-19T22:47:06.354+0000] {logging_mixin.py:149} INFO - [2026-09-19T22:47:06.354+0000] {dagbag.py:541} INFO - Filling up the DagBag from /home/airflow/.local/lib/python3.7/site-packages/airflow/example_dags/tutorial_taskflow_api.py
[2026-09-19T22:47:06.366+0000] {processor.py:809} INFO - DAG(s) dict_keys(['tutorial_taskflow_api']) retrieved from /home/airflow/.local/lib/python3.7/site-packages/airflow/example_dags/tutorial_taskflow_api.py
[2026-09-19T22:47:06.413+0000] {logging_mixin.py:149} INFO - [2026-09-19T22:47:06.413+0000] {dag.py:2726} INFO - Sync 1 DAGs
[2026-09-19T22:47:06.460+0000] {logging_mixin.py:149} INFO - [2026-09-19T22:47:06.460+0000] {dag.py:3490} INFO - Setting next_dagrun for tutorial_taskflow_api to None, run_after=None
[2026-09-19T22:47:06.497+0000] {processor.py:178} INFO - Processing /home/airflow/.local/lib/python3.7/site-packages/airflow/example_dags/tutorial_taskflow_api.py took 0.156 seconds
[2026-09-19T22:47:37.925+0000] {processor.py:156} INFO - Started process (PID=11832) to work on /home/airflow/.local/lib/python3.7/site-packages/airflow/example_dags/tutorial_taskflow_api.py
[2026-09-19T22:47:37.927+0000] {processor.py:799} INFO - Processing file /home/airflow/.local/lib/python3.7/site-packages/airflow/example_dags/tutorial_taskflow_api.py for tasks to queue
[2026-09-19T22:47:37.927+0000] {logging_mixin.py:149} INFO - [2026-09-19T22:47:37.927+0000] {dagbag.py:541} INFO - Filling up the DagBag from /home/airflow/.local/lib/python3.7/site-packages/airflow/example_dags/tutorial_taskflow_api.py
[2026-09-19T22:47:37.938+0000] {processor.py:809} INFO - DAG(s) dict_keys(['tutorial_taskflow_api']) retrieved from /home/airflow/.local/lib/python3.7/site-packages/airflow/example_dags/tutorial_taskflow_api.py
[2026-09-19T22:47:37.982+0000] {logging_mixin.py:149} INFO - [2026-09-19T22:47:37.982+0000] {dag.py:2726} INFO - Sync 1 DAGs
[2026-09-19T22:47:38.029+0000] {logging_mixin.py:149} INFO - [2026-09-19T22:47:38.028+0000] {dag.py:3490} INFO - Setting next_dagrun for tutorial_taskflow_api to None, run_after=None
[2026-09-19T22:47:38.061+0000] {processor.py:178} INFO - Processing /home/airflow/.local/lib/python3.7/site-packages/airflow/example_dags/tutorial_taskflow_api.py took 0.143 seconds
[2026-09-19T22:48:09.312+0000] {processor.py:156} INFO - Started process (PID=11887) to work on /home/airflow/.local/lib/python3.7/site-packages/airflow/example_dags/tutorial_taskflow_api.py
[2026-09-19T22:48:09.317+0000] {processor.py:799} INFO - Processing file /home/airflow/.local/lib/python3.7/site-packages/airflow/example_dags/tutorial_taskflow_api.py for tasks to queue
[2026-09-19T22:48:09.318+0000] {logging_mixin.py:149} INFO - [2026-09-19T22:48:09.318+0000] {dagbag.py:541} INFO - Filling up the DagBag from /home/airflow/.local/lib/python3.7/site-packages/airflow/example_dags/tutorial_taskflow_api.py
[2026-09-19T22:48:09.328+0000] {processor.py:809} INFO - DAG(s) dict_keys(['tutorial_taskflow_api']) retrieved from /home/airflow/.local/lib/python3.7/site-packages/airflow/example_dags/tutorial_taskflow_api.py
[2026-09-19T22:48:09.379+0000] {logging_mixin.py:149} INFO - [2026-09-19T22:48:09.378+0000] {dag.py:2726} INFO - Sync 1 DAGs
[2026-09-19T22:48:09.421+0000] {logging_mixin.py:149} INFO - [2026-09-19T22:48:09.421+0000] {dag.py:3490} INFO - Setting next_dagrun for tutorial_taskflow_api to None, run_after=None
[2026-09-19T22:48:09.448+0000] {processor.py:178} INFO - Processing /home/airflow/.local/lib/python3.7/site-packages/airflow/example_dags/tutorial_taskflow_api.py took 0.143 seconds
[2026-09-19T22:48:39.994+0000] {processor.py:156} INFO - Started process (PID=11943) to work on /home/airflow/.local/lib/python3.7/site-packages/airflow/example_dags/tutorial_taskflow_api.py
[2026-09-19T22:48:39.995+0000] {processor.py:799} INFO - Processing file /home/airflow/.local/lib/python3.7/site-packages/airflow/example_dags/tutorial_taskflow_api.py for tasks to queue
[2026-09-19T22:48:39.996+0000] {logging_mixin.py:149} INFO - [2026-09-19T22:48:39.996+0000] {dagbag.py:541} INFO - Filling up the DagBag from /home/airflow/.local/lib/python3.7/site-packages/airflow/example_dags/tutorial_taskflow_api.py
[2026-09-19T22:48:40.010+0000] {processor.py:809} INFO - DAG(s) dict_keys(['tutorial_taskflow_api']) retrieved from /home/airflow/.local/lib/python3.7/site-packages/airflow/example_dags/tutorial_taskflow_api.py
[2026-09-19T22:48:40.052+0000] {logging_mixin.py:149} INFO - [2026-09-19T22:48:40.052+0000] {dag.py:2726} INFO - Sync 1 DAGs
[2026-09-19T22:48:40.103+0000] {logging_mixin.py:149} INFO - [2026-09-19T22:48:40.103+0000] {dag.py:3490} INFO - Setting next_dagrun for tutorial_taskflow_api to None, run_after=None
[2026-09-19T22:48:40.137+0000] {processor.py:178} INFO - Processing /home/airflow/.local/lib/python3.7/site-packages/airflow/example_dags/tutorial_taskflow_api.py took 0.152 seconds
[2026-09-19T22:49:10.973+0000] {processor.py:156} INFO - Started process (PID=11994) to work on /home/airflow/.local/lib/python3.7/site-packages/airflow/example_dags/tutorial_taskflow_api.py
[2026-09-19T22:49:10.974+0000] {processor.py:799} INFO - Processing file /home/airflow/.local/lib/python3.7/site-packages/airflow/example_dags/tutorial_taskflow_api.py for tasks to queue
[2026-09-19T22:49:10.976+0000] {logging_mixin.py:149} INFO - [2026-09-19T22:49:10.975+0000] {dagbag.py:541} INFO - Filling up the DagBag from /home/airflow/.local/lib/python3.7/site-packages/airflow/example_dags/tutorial_taskflow_api.py
[2026-09-19T22:49:10.987+0000] {processor.py:809} INFO - DAG(s) dict_keys(['tutorial_taskflow_api']) retrieved from /home/airflow/.local/lib/python3.7/site-packages/airflow/example_dags/tutorial_taskflow_api.py
[2026-09-19T22:49:11.035+0000] {logging_mixin.py:149} INFO - [2026-09-19T22:49:11.034+0000] {dag.py:2726} INFO - Sync 1 DAGs
[2026-09-19T22:49:11.089+0000] {logging_mixin.py:149} INFO - [2026-09-19T22:49:11.089+0000] {dag.py:3490} INFO - Setting next_dagrun for tutorial_taskflow_api to None, run_after=None
[2026-09-19T22:49:11.123+0000] {processor.py:178} INFO - Processing /home/airflow/.local/lib/python3.7/site-packages/airflow/example_dags/tutorial_taskflow_api.py took 0.157 seconds
[2026-09-19T22:49:41.185+0000] {processor.py:156} INFO - Started process (PID=12050) to work on /home/airflow/.local/lib/python3.7/site-packages/airflow/example_dags/tutorial_taskflow_api.py
[2026-09-19T22:49:41.187+0000] {processor.py:799} INFO - Processing file /home/airflow/.local/lib/python3.7/site-packages/airflow/example_dags/tutorial_taskflow_api.py for tasks to queue
[2026-09-19T22:49:41.188+0000] {logging_mixin.py:149} INFO - [2026-09-19T22:49:41.188+0000] {dagbag.py:541} INFO - Filling up the DagBag from /home/airflow/.local/lib/python3.7/site-packages/airflow/example_dags/tutorial_taskflow_api.py
[2026-09-19T22:49:41.200+0000] {processor.py:809} INFO - DAG(s) dict_keys(['tutorial_taskflow_api']) retrieved from /home/airflow/.local/lib/python3.7/site-packages/airflow/example_dags/tutorial_taskflow_api.py
[2026-09-19T22:49:41.249+0000] {logging_mixin.py:149} INFO - [2026-09-19T22:49:41.248+0000] {dag.py:2726} INFO - Sync 1 DAGs
[2026-09-19T22:49:41.295+0000] {logging_mixin.py:149} INFO - [2026-09-19T22:49:41.295+0000] {dag.py:3490} INFO - Setting next_dagrun for tutorial_taskflow_api to None, run_after=None
[2026-09-19T22:49:41.326+0000] {processor.py:178} INFO - Processing /home/airflow/.local/lib/python3.7/site-packages/airflow/example_dags/tutorial_taskflow_api.py took 0.146 seconds
[2026-09-19T22:50:11.998+0000] {processor.py:156} INFO - Started process (PID=12105) to work on /home/airflow/.local/lib/python3.7/site-packages/airflow/example_dags/tutorial_taskflow_api.py
[2026-09-19T22:50:12.000+0000] {processor.py:799} INFO - Processing file /home/airflow/.local/lib/python3.7/site-packages/airflow/example_dags/tutorial_taskflow_api.py for tasks to queue
[2026-09-19T22:50:12.001+0000] {logging_mixin.py:149} INFO - [2026-09-19T22:50:12.001+0000] {dagbag.py:541} INFO - Filling up the DagBag from /home/airflow/.local/lib/python3.7/site-packages/airflow/example_dags/tutorial_taskflow_api.py
[2026-09-19T22:50:12.013+0000] {processor.py:809} INFO - DAG(s) dict_keys(['tutorial_taskflow_api']) retrieved from /home/airflow/.local/lib/python3.7/site-packages/airflow/example_dags/tutorial_taskflow_api.py
[2026-09-19T22:50:12.057+0000] {logging_mixin.py:149} INFO - [2026-09-19T22:50:12.057+0000] {dag.py:2726} INFO - Sync 1 DAGs
[2026-09-19T22:50:12.099+0000] {logging_mixin.py:149} INFO - [2026-09-19T22:50:12.099+0000] {dag.py:3490} INFO - Setting next_dagrun for tutorial_taskflow_api to None, run_after=None
[2026-09-19T22:50:12.130+0000] {processor.py:178} INFO - Processing /home/airflow/.local/lib/python3.7/site-packages/airflow/example_dags/tutorial_taskflow_api.py took 0.137 seconds
[2026-09-19T22:50:42.599+0000] {processor.py:156} INFO - Started process (PID=12161) to work on /home/airflow/.local/lib/python3.7/site-packages/airflow/example_dags/tutorial_taskflow_api.py
[2026-09-19T22:50:42.600+0000] {processor.py:799} INFO - Processing file /home/airflow/.local/lib/python3.7/site-packages/airflow/example_dags/tutorial_taskflow_api.py for tasks to queue
[2026-09-19T22:50:42.601+0000] {logging_mixin.py:149} INFO - [2026-09-19T22:50:42.601+0000] {dagbag.py:541} INFO - Filling up the DagBag from /home/airflow/.local/lib/python3.7/site-packages/airflow/example_dags/tutorial_taskflow_api.py
[2026-09-19T22:50:42.613+0000] {processor.py:809} INFO - DAG(s) dict_keys(['tutorial_taskflow_api']) retrieved from /home/airflow/.local/lib/python3.7/site-packages/airflow/example_dags/tutorial_taskflow_api.py
[2026-09-19T22:50:42.656+0000] {logging_mixin.py:149} INFO - [2026-09-19T22:50:42.656+0000] {dag.py:2726} INFO - Sync 1 DAGs
[2026-09-19T22:50:42.700+0000] {logging_mixin.py:149} INFO - [2026-09-19T22:50:42.699+0000] {dag.py:3490} INFO - Setting next_dagrun for tutorial_taskflow_api to None, run_after=None
[2026-09-19T22:50:42.729+0000] {processor.py:178} INFO - Processing /home/airflow/.local/lib/python3.7/site-packages/airflow/example_dags/tutorial_taskflow_api.py took 0.137 seconds
[2026-09-19T22:51:12.927+0000] {processor.py:156} INFO - Started process (PID=12217) to work on /home/airflow/.local/lib/python3.7/site-packages/airflow/example_dags/tutorial_taskflow_api.py
[2026-09-19T22:51:12.929+0000] {processor.py:799} INFO - Processing file /home/airflow/.local/lib/python3.7/site-packages/airflow/example_dags/tutorial_taskflow_api.py for tasks to queue
[2026-09-19T22:51:12.930+0000] {logging_mixin.py:149} INFO - [2026-09-19T22:51:12.930+0000] {dagbag.py:541} INFO - Filling up the DagBag from /home/airflow/.local/lib/python3.7/site-packages/airflow/example_dags/tutorial_taskflow_api.py
[2026-09-19T22:51:12.941+0000] {processor.py:809} INFO - DAG(s) dict_keys(['tutorial_taskflow_api']) retrieved from /home/airflow/.local/lib/python3.7/site-packages/airflow/example_dags/tutorial_taskflow_api.py
[2026-09-19T22:51:12.984+0000] {logging_mixin.py:149} INFO - [2026-09-19T22:51:12.984+0000] {dag.py:2726} INFO - Sync 1 DAGs
[2026-09-19T22:51:13.024+0000] {logging_mixin.py:149} INFO - [2026-09-19T22:51:13.024+0000] {dag.py:3490} INFO - Setting next_dagrun for tutorial_taskflow_api to None, run_after=None
[2026-09-19T22:51:13.059+0000] {processor.py:178} INFO - Processing /home/airflow/.local/lib/python3.7/site-packages/airflow/example_dags/tutorial_taskflow_api.py took 0.139 seconds
[2026-09-19T22:51:43.560+0000] {processor.py:156} INFO - Started process (PID=12273) to work on /home/airflow/.local/lib/python3.7/site-packages/airflow/example_dags/tutorial_taskflow_api.py
[2026-09-19T22:51:43.562+0000] {processor.py:799} INFO - Processing file /home/airflow/.local/lib/python3.7/site-packages/airflow/example_dags/tutorial_taskflow_api.py for tasks to queue
[2026-09-19T22:51:43.563+0000] {logging_mixin.py:149} INFO - [2026-09-19T22:51:43.562+0000] {dagbag.py:541} INFO - Filling up the DagBag from /home/airflow/.local/lib/python3.7/site-packages/airflow/example_dags/tutorial_taskflow_api.py
[2026-09-19T22:51:43.573+0000] {processor.py:809} INFO - DAG(s) dict_keys(['tutorial_taskflow_api']) retrieved from /home/airflow/.local/lib/python3.7/site-packages/airflow/example_dags/tutorial_taskflow_api.py
[2026-09-19T22:51:43.618+0000] {logging_mixin.py:149} INFO - [2026-09-19T22:51:43.617+0000] {dag.py:2726} INFO - Sync 1 DAGs
[2026-09-19T22:51:43.663+0000] {logging_mixin.py:149} INFO - [2026-09-19T22:51:43.663+0000] {dag.py:3490} INFO - Setting next_dagrun for tutorial_taskflow_api to None, run_after=None
[2026-09-19T22:51:43.691+0000] {processor.py:178} INFO - Processing /home/airflow/.local/lib/python3.7/site-packages/airflow/example_dags/tutorial_taskflow_api.py took 0.138 seconds
[2026-09-19T22:52:14.328+0000] {processor.py:156} INFO - Started process (PID=12329) to work on /home/airflow/.local/lib/python3.7/site-packages/airflow/example_dags/tutorial_taskflow_api.py
[2026-09-19T22:52:14.332+0000] {processor.py:799} INFO - Processing file /home/airflow/.local/lib/python3.7/site-packages/airflow/example_dags/tutorial_taskflow_api.py for tasks to queue
[2026-09-19T22:52:14.333+0000] {logging_mixin.py:149} INFO - [2026-09-19T22:52:14.333+0000] {dagbag.py:541} INFO - Filling up the DagBag from /home/airflow/.local/lib/python3.7/site-packages/airflow/example_dags/tutorial_taskflow_api.py
[2026-09-19T22:52:14.345+0000] {processor.py:809} INFO - DAG(s) dict_keys(['tutorial_taskflow_api']) retrieved from /home/airflow/.local/lib/python3.7/site-packages/airflow/example_dags/tutorial_taskflow_api.py
[2026-09-19T22:52:14.400+0000] {logging_mixin.py:149} INFO - [2026-09-19T22:52:14.400+0000] {dag.py:2726} INFO - Sync 1 DAGs
[2026-09-19T22:52:14.444+0000] {logging_mixin.py:149} INFO - [2026-09-19T22:52:14.443+0000] {dag.py:3490} INFO - Setting next_dagrun for tutorial_taskflow_api to None, run_after=None
[2026-09-19T22:52:14.481+0000] {processor.py:178} INFO - Processing /home/airflow/.local/lib/python3.7/site-packages/airflow/example_dags/tutorial_taskflow_api.py took 0.158 seconds
[2026-09-19T22:52:45.014+0000] {processor.py:156} INFO - Started process (PID=12385) to work on /home/airflow/.local/lib/python3.7/site-packages/airflow/example_dags/tutorial_taskflow_api.py
[2026-09-19T22:52:45.015+0000] {processor.py:799} INFO - Processing file /home/airflow/.local/lib/python3.7/site-packages/airflow/example_dags/tutorial_taskflow_api.py for tasks to queue
[2026-09-19T22:52:45.016+0000] {logging_mixin.py:149} INFO - [2026-09-19T22:52:45.016+0000] {dagbag.py:541} INFO - Filling up the DagBag from /home/airflow/.local/lib/python3.7/site-packages/airflow/example_dags/tutorial_taskflow_api.py
[2026-09-19T22:52:45.028+0000] {processor.py:809} INFO - DAG(s) dict_keys(['tutorial_taskflow_api']) retrieved from /home/airflow/.local/lib/python3.7/site-packages/airflow/example_dags/tutorial_taskflow_api.py
[2026-09-19T22:52:45.077+0000] {logging_mixin.py:149} INFO - [2026-09-19T22:52:45.077+0000] {dag.py:2726} INFO - Sync 1 DAGs
[2026-09-19T22:52:45.128+0000] {logging_mixin.py:149} INFO - [2026-09-19T22:52:45.127+0000] {dag.py:3490} INFO - Setting next_dagrun for tutorial_taskflow_api to None, run_after=None
[2026-09-19T22:52:45.158+0000] {processor.py:178} INFO - Processing /home/airflow/.local/lib/python3.7/site-packages/airflow/example_dags/tutorial_taskflow_api.py took 0.150 seconds
[2026-09-19T22:53:16.403+0000] {processor.py:156} INFO - Started process (PID=12441) to work on /home/airflow/.local/lib/python3.7/site-packages/airflow/example_dags/tutorial_taskflow_api.py
[2026-09-19T22:53:16.406+0000] {processor.py:799} INFO - Processing file /home/airflow/.local/lib/python3.7/site-packages/airflow/example_dags/tutorial_taskflow_api.py for tasks to queue
[2026-09-19T22:53:16.407+0000] {logging_mixin.py:149} INFO - [2026-09-19T22:53:16.407+0000] {dagbag.py:541} INFO - Filling up the DagBag from /home/airflow/.local/lib/python3.7/site-packages/airflow/example_dags/tutorial_taskflow_api.py
[2026-09-19T22:53:16.418+0000] {processor.py:809} INFO - DAG(s) dict_keys(['tutorial_taskflow_api']) retrieved from /home/airflow/.local/lib/python3.7/site-packages/airflow/example_dags/tutorial_taskflow_api.py
[2026-09-19T22:53:16.462+0000] {logging_mixin.py:149} INFO - [2026-09-19T22:53:16.461+0000] {dag.py:2726} INFO - Sync 1 DAGs
[2026-09-19T22:53:16.506+0000] {logging_mixin.py:149} INFO - [2026-09-19T22:53:16.506+0000] {dag.py:3490} INFO - Setting next_dagrun for tutorial_taskflow_api to None, run_after=None
[2026-09-19T22:53:16.555+0000] {processor.py:178} INFO - Processing /home/airflow/.local/lib/python3.7/site-packages/airflow/example_dags/tutorial_taskflow_api.py took 0.158 seconds
[2026-09-19T22:53:47.176+0000] {processor.py:156} INFO - Started process (PID=12497) to work on /home/airflow/.local/lib/python3.7/site-packages/airflow/example_dags/tutorial_taskflow_api.py
[2026-09-19T22:53:47.178+0000] {processor.py:799} INFO - Processing file /home/airflow/.local/lib/python3.7/site-packages/airflow/example_dags/tutorial_taskflow_api.py for tasks to queue
[2026-09-19T22:53:47.179+0000] {logging_mixin.py:149} INFO - [2026-09-19T22:53:47.178+0000] {dagbag.py:541} INFO - Filling up the DagBag from /home/airflow/.local/lib/python3.7/site-packages/airflow/example_dags/tutorial_taskflow_api.py
[2026-09-19T22:53:47.188+0000] {processor.py:809} INFO - DAG(s) dict_keys(['tutorial_taskflow_api']) retrieved from /home/airflow/.local/lib/python3.7/site-packages/airflow/example_dags/tutorial_taskflow_api.py
[2026-09-19T22:53:47.240+0000] {logging_mixin.py:149} INFO - [2026-09-19T22:53:47.239+0000] {dag.py:2726} INFO - Sync 1 DAGs
[2026-09-19T22:53:47.286+0000] {logging_mixin.py:149} INFO - [2026-09-19T22:53:47.286+0000] {dag.py:3490} INFO - Setting next_dagrun for tutorial_taskflow_api to None, run_after=None
[2026-09-19T22:53:47.321+0000] {processor.py:178} INFO - Processing /home/airflow/.local/lib/python3.7/site-packages/airflow/example_dags/tutorial_taskflow_api.py took 0.150 seconds
[2026-09-19T22:54:18.124+0000] {processor.py:156} INFO - Started process (PID=12553) to work on /home/airflow/.local/lib/python3.7/site-packages/airflow/example_dags/tutorial_taskflow_api.py
[2026-09-19T22:54:18.126+0000] {processor.py:799} INFO - Processing file /home/airflow/.local/lib/python3.7/site-packages/airflow/example_dags/tutorial_taskflow_api.py for tasks to queue
[2026-09-19T22:54:18.127+0000] {logging_mixin.py:149} INFO - [2026-09-19T22:54:18.127+0000] {dagbag.py:541} INFO - Filling up the DagBag from /home/airflow/.local/lib/python3.7/site-packages/airflow/example_dags/tutorial_taskflow_api.py
[2026-09-19T22:54:18.138+0000] {processor.py:809} INFO - DAG(s) dict_keys(['tutorial_taskflow_api']) retrieved from /home/airflow/.local/lib/python3.7/site-packages/airflow/example_dags/tutorial_taskflow_api.py
[2026-09-19T22:54:18.180+0000] {logging_mixin.py:149} INFO - [2026-09-19T22:54:18.180+0000] {dag.py:2726} INFO - Sync 1 DAGs
[2026-09-19T22:54:18.225+0000] {logging_mixin.py:149} INFO - [2026-09-19T22:54:18.225+0000] {dag.py:3490} INFO - Setting next_dagrun for tutorial_taskflow_api to None, run_after=None
[2026-09-19T22:54:18.259+0000] {processor.py:178} INFO - Processing /home/airflow/.local/lib/python3.7/site-packages/airflow/example_dags/tutorial_taskflow_api.py took 0.141 seconds
[2026-09-19T22:54:49.038+0000] {processor.py:156} INFO - Started process (PID=12609) to work on /home/airflow/.local/lib/python3.7/site-packages/airflow/example_dags/tutorial_taskflow_api.py
[2026-09-19T22:54:49.041+0000] {processor.py:799} INFO - Processing file /home/airflow/.local/lib/python3.7/site-packages/airflow/example_dags/tutorial_taskflow_api.py for tasks to queue
[2026-09-19T22:54:49.042+0000] {logging_mixin.py:149} INFO - [2026-09-19T22:54:49.041+0000] {dagbag.py:541} INFO - Filling up the DagBag from /home/airflow/.local/lib/python3.7/site-packages/airflow/example_dags/tutorial_taskflow_api.py
[2026-09-19T22:54:49.051+0000] {processor.py:809} INFO - DAG(s) dict_keys(['tutorial_taskflow_api']) retrieved from /home/airflow/.local/lib/python3.7/site-packages/airflow/example_dags/tutorial_taskflow_api.py
[2026-09-19T22:54:49.097+0000] {logging_mixin.py:149} INFO - [2026-09-19T22:54:49.097+0000] {dag.py:2726} INFO - Sync 1 DAGs
[2026-09-19T22:54:49.137+0000] {logging_mixin.py:149} INFO - [2026-09-19T22:54:49.137+0000] {dag.py:3490} INFO - Setting next_dagrun for tutorial_taskflow_api to None, run_after=None
[2026-09-19T22:54:49.165+0000] {processor.py:178} INFO - Processing /home/airflow/.local/lib/python3.7/site-packages/airflow/example_dags/tutorial_taskflow_api.py took 0.134 seconds
[2026-09-19T22:55:20.015+0000] {processor.py:156} INFO - Started process (PID=12665) to work on /home/airflow/.local/lib/python3.7/site-packages/airflow/example_dags/tutorial_taskflow_api.py
[2026-09-19T22:55:20.017+0000] {processor.py:799} INFO - Processing file /home/airflow/.local/lib/python3.7/site-packages/airflow/example_dags/tutorial_taskflow_api.py for tasks to queue
[2026-09-19T22:55:20.018+0000] {logging_mixin.py:149} INFO - [2026-09-19T22:55:20.018+0000] {dagbag.py:541} INFO - Filling up the DagBag from /home/airflow/.local/lib/python3.7/site-packages/airflow/example_dags/tutorial_taskflow_api.py
[2026-09-19T22:55:20.029+0000] {processor.py:809} INFO - DAG(s) dict_keys(['tutorial_taskflow_api']) retrieved from /home/airflow/.local/lib/python3.7/site-packages/airflow/example_dags/tutorial_taskflow_api.py
[2026-09-19T22:55:20.077+0000] {logging_mixin.py:149} INFO - [2026-09-19T22:55:20.076+0000] {dag.py:2726} INFO - Sync 1 DAGs
[2026-09-19T22:55:20.129+0000] {logging_mixin.py:149} INFO - [2026-09-19T22:55:20.129+0000] {dag.py:3490} INFO - Setting next_dagrun for tutorial_taskflow_api to None, run_after=None
[2026-09-19T22:55:20.172+0000] {processor.py:178} INFO - Processing /home/airflow/.local/lib/python3.7/site-packages/airflow/example_dags/tutorial_taskflow_api.py took 0.165 seconds
[2026-09-19T22:55:50.908+0000] {processor.py:156} INFO - Started process (PID=12721) to work on /home/airflow/.local/lib/python3.7/site-packages/airflow/example_dags/tutorial_taskflow_api.py
[2026-09-19T22:55:50.910+0000] {processor.py:799} INFO - Processing file /home/airflow/.local/lib/python3.7/site-packages/airflow/example_dags/tutorial_taskflow_api.py for tasks to queue
[2026-09-19T22:55:50.911+0000] {logging_mixin.py:149} INFO - [2026-09-19T22:55:50.911+0000] {dagbag.py:541} INFO - Filling up the DagBag from /home/airflow/.local/lib/python3.7/site-packages/airflow/example_dags/tutorial_taskflow_api.py
[2026-09-19T22:55:50.922+0000] {processor.py:809} INFO - DAG(s) dict_keys(['tutorial_taskflow_api']) retrieved from /home/airflow/.local/lib/python3.7/site-packages/airflow/example_dags/tutorial_taskflow_api.py
[2026-09-19T22:55:50.972+0000] {logging_mixin.py:149} INFO - [2026-09-19T22:55:50.972+0000] {dag.py:2726} INFO - Sync 1 DAGs
[2026-09-19T22:55:51.016+0000] {logging_mixin.py:149} INFO - [2026-09-19T22:55:51.016+0000] {dag.py:3490} INFO - Setting next_dagrun for tutorial_taskflow_api to None, run_after=None
[2026-09-19T22:55:51.052+0000] {processor.py:178} INFO - Processing /home/airflow/.local/lib/python3.7/site-packages/airflow/example_dags/tutorial_taskflow_api.py took 0.150 seconds
[2026-09-19T22:56:21.690+0000] {processor.py:156} INFO - Started process (PID=12777) to work on /home/airflow/.local/lib/python3.7/site-packages/airflow/example_dags/tutorial_taskflow_api.py
[2026-09-19T22:56:21.695+0000] {processor.py:799} INFO - Processing file /home/airflow/.local/lib/python3.7/site-packages/airflow/example_dags/tutorial_taskflow_api.py for tasks to queue
[2026-09-19T22:56:21.696+0000] {logging_mixin.py:149} INFO - [2026-09-19T22:56:21.696+0000] {dagbag.py:541} INFO - Filling up the DagBag from /home/airflow/.local/lib/python3.7/site-packages/airflow/example_dags/tutorial_taskflow_api.py
[2026-09-19T22:56:21.706+0000] {processor.py:809} INFO - DAG(s) dict_keys(['tutorial_taskflow_api']) retrieved from /home/airflow/.local/lib/python3.7/site-packages/airflow/example_dags/tutorial_taskflow_api.py
[2026-09-19T22:56:21.749+0000] {logging_mixin.py:149} INFO - [2026-09-19T22:56:21.749+0000] {dag.py:2726} INFO - Sync 1 DAGs
[2026-09-19T22:56:21.789+0000] {logging_mixin.py:149} INFO - [2026-09-19T22:56:21.789+0000] {dag.py:3490} INFO - Setting next_dagrun for tutorial_taskflow_api to None, run_after=None
[2026-09-19T22:56:21.818+0000] {processor.py:178} INFO - Processing /home/airflow/.local/lib/python3.7/site-packages/airflow/example_dags/tutorial_taskflow_api.py took 0.137 seconds
[2026-09-19T22:56:52.422+0000] {processor.py:156} INFO - Started process (PID=12833) to work on /home/airflow/.local/lib/python3.7/site-packages/airflow/example_dags/tutorial_taskflow_api.py
[2026-09-19T22:56:52.425+0000] {processor.py:799} INFO - Processing file /home/airflow/.local/lib/python3.7/site-packages/airflow/example_dags/tutorial_taskflow_api.py for tasks to queue
[2026-09-19T22:56:52.426+0000] {logging_mixin.py:149} INFO - [2026-09-19T22:56:52.425+0000] {dagbag.py:541} INFO - Filling up the DagBag from /home/airflow/.local/lib/python3.7/site-packages/airflow/example_dags/tutorial_taskflow_api.py
[2026-09-19T22:56:52.436+0000] {processor.py:809} INFO - DAG(s) dict_keys(['tutorial_taskflow_api']) retrieved from /home/airflow/.local/lib/python3.7/site-packages/airflow/example_dags/tutorial_taskflow_api.py
[2026-09-19T22:56:52.480+0000] {logging_mixin.py:149} INFO - [2026-09-19T22:56:52.480+0000] {dag.py:2726} INFO - Sync 1 DAGs
[2026-09-19T22:56:52.532+0000] {logging_mixin.py:149} INFO - [2026-09-19T22:56:52.531+0000] {dag.py:3490} INFO - Setting next_dagrun for tutorial_taskflow_api to None, run_after=None
[2026-09-19T22:56:52.568+0000] {processor.py:178} INFO - Processing /home/airflow/.local/lib/python3.7/site-packages/airflow/example_dags/tutorial_taskflow_api.py took 0.152 seconds
[2026-09-19T22:57:23.459+0000] {processor.py:156} INFO - Started process (PID=12888) to work on /home/airflow/.local/lib/python3.7/site-packages/airflow/example_dags/tutorial_taskflow_api.py
[2026-09-19T22:57:23.462+0000] {processor.py:799} INFO - Processing file /home/airflow/.local/lib/python3.7/site-packages/airflow/example_dags/tutorial_taskflow_api.py for tasks to queue
[2026-09-19T22:57:23.463+0000] {logging_mixin.py:149} INFO - [2026-09-19T22:57:23.463+0000] {dagbag.py:541} INFO - Filling up the DagBag from /home/airflow/.local/lib/python3.7/site-packages/airflow/example_dags/tutorial_taskflow_api.py
[2026-09-19T22:57:23.475+0000] {processor.py:809} INFO - DAG(s) dict_keys(['tutorial_taskflow_api']) retrieved from /home/airflow/.local/lib/python3.7/site-packages/airflow/example_dags/tutorial_taskflow_api.py
[2026-09-19T22:57:23.525+0000] {logging_mixin.py:149} INFO - [2026-09-19T22:57:23.525+0000] {dag.py:2726} INFO - Sync 1 DAGs
[2026-09-19T22:57:23.576+0000] {logging_mixin.py:149} INFO - [2026-09-19T22:57:23.576+0000] {dag.py:3490} INFO - Setting next_dagrun for tutorial_taskflow_api to None, run_after=None
[2026-09-19T22:57:23.614+0000] {processor.py:178} INFO - Processing /home/airflow/.local/lib/python3.7/site-packages/airflow/example_dags/tutorial_taskflow_api.py took 0.161 seconds
[2026-09-19T22:57:54.435+0000] {processor.py:156} INFO - Started process (PID=12944) to work on /home/airflow/.local/lib/python3.7/site-packages/airflow/example_dags/tutorial_taskflow_api.py
[2026-09-19T22:57:54.437+0000] {processor.py:799} INFO - Processing file /home/airflow/.local/lib/python3.7/site-packages/airflow/example_dags/tutorial_taskflow_api.py for tasks to queue
[2026-09-19T22:57:54.438+0000] {logging_mixin.py:149} INFO - [2026-09-19T22:57:54.438+0000] {dagbag.py:541} INFO - Filling up the DagBag from /home/airflow/.local/lib/python3.7/site-packages/airflow/example_dags/tutorial_taskflow_api.py
[2026-09-19T22:57:54.448+0000] {processor.py:809} INFO - DAG(s) dict_keys(['tutorial_taskflow_api']) retrieved from /home/airflow/.local/lib/python3.7/site-packages/airflow/example_dags/tutorial_taskflow_api.py
[2026-09-19T22:57:54.487+0000] {logging_mixin.py:149} INFO - [2026-09-19T22:57:54.487+0000] {dag.py:2726} INFO - Sync 1 DAGs
[2026-09-19T22:57:54.528+0000] {logging_mixin.py:149} INFO - [2026-09-19T22:57:54.528+0000] {dag.py:3490} INFO - Setting next_dagrun for tutorial_taskflow_api to None, run_after=None
[2026-09-19T22:57:54.569+0000] {processor.py:178} INFO - Processing /home/airflow/.local/lib/python3.7/site-packages/airflow/example_dags/tutorial_taskflow_api.py took 0.140 seconds
[2026-09-19T22:58:25.291+0000] {processor.py:156} INFO - Started process (PID=13000) to work on /home/airflow/.local/lib/python3.7/site-packages/airflow/example_dags/tutorial_taskflow_api.py
[2026-09-19T22:58:25.294+0000] {processor.py:799} INFO - Processing file /home/airflow/.local/lib/python3.7/site-packages/airflow/example_dags/tutorial_taskflow_api.py for tasks to queue
[2026-09-19T22:58:25.295+0000] {logging_mixin.py:149} INFO - [2026-09-19T22:58:25.295+0000] {dagbag.py:541} INFO - Filling up the DagBag from /home/airflow/.local/lib/python3.7/site-packages/airflow/example_dags/tutorial_taskflow_api.py
[2026-09-19T22:58:25.306+0000] {processor.py:809} INFO - DAG(s) dict_keys(['tutorial_taskflow_api']) retrieved from /home/airflow/.local/lib/python3.7/site-packages/airflow/example_dags/tutorial_taskflow_api.py
[2026-09-19T22:58:25.360+0000] {logging_mixin.py:149} INFO - [2026-09-19T22:58:25.360+0000] {dag.py:2726} INFO - Sync 1 DAGs
[2026-09-19T22:58:25.407+0000] {logging_mixin.py:149} INFO - [2026-09-19T22:58:25.407+0000] {dag.py:3490} INFO - Setting next_dagrun for tutorial_taskflow_api to None, run_after=None
[2026-09-19T22:58:25.435+0000] {processor.py:178} INFO - Processing /home/airflow/.local/lib/python3.7/site-packages/airflow/example_dags/tutorial_taskflow_api.py took 0.151 seconds
[2026-09-19T22:58:56.331+0000] {processor.py:156} INFO - Started process (PID=13056) to work on /home/airflow/.local/lib/python3.7/site-packages/airflow/example_dags/tutorial_taskflow_api.py
[2026-09-19T22:58:56.333+0000] {processor.py:799} INFO - Processing file /home/airflow/.local/lib/python3.7/site-packages/airflow/example_dags/tutorial_taskflow_api.py for tasks to queue
[2026-09-19T22:58:56.334+0000] {logging_mixin.py:149} INFO - [2026-09-19T22:58:56.334+0000] {dagbag.py:541} INFO - Filling up the DagBag from /home/airflow/.local/lib/python3.7/site-packages/airflow/example_dags/tutorial_taskflow_api.py
[2026-09-19T22:58:56.346+0000] {processor.py:809} INFO - DAG(s) dict_keys(['tutorial_taskflow_api']) retrieved from /home/airflow/.local/lib/python3.7/site-packages/airflow/example_dags/tutorial_taskflow_api.py
[2026-09-19T22:58:56.403+0000] {logging_mixin.py:149} INFO - [2026-09-19T22:58:56.403+0000] {dag.py:2726} INFO - Sync 1 DAGs
[2026-09-19T22:58:56.450+0000] {logging_mixin.py:149} INFO - [2026-09-19T22:58:56.450+0000] {dag.py:3490} INFO - Setting next_dagrun for tutorial_taskflow_api to None, run_after=None
[2026-09-19T22:58:56.486+0000] {processor.py:178} INFO - Processing /home/airflow/.local/lib/python3.7/site-packages/airflow/example_dags/tutorial_taskflow_api.py took 0.163 seconds
[2026-09-19T22:59:27.310+0000] {processor.py:156} INFO - Started process (PID=13112) to work on /home/airflow/.local/lib/python3.7/site-packages/airflow/example_dags/tutorial_taskflow_api.py
[2026-09-19T22:59:27.312+0000] {processor.py:799} INFO - Processing file /home/airflow/.local/lib/python3.7/site-packages/airflow/example_dags/tutorial_taskflow_api.py for tasks to queue
[2026-09-19T22:59:27.313+0000] {logging_mixin.py:149} INFO - [2026-09-19T22:59:27.313+0000] {dagbag.py:541} INFO - Filling up the DagBag from /home/airflow/.local/lib/python3.7/site-packages/airflow/example_dags/tutorial_taskflow_api.py
[2026-09-19T22:59:27.324+0000] {processor.py:809} INFO - DAG(s) dict_keys(['tutorial_taskflow_api']) retrieved from /home/airflow/.local/lib/python3.7/site-packages/airflow/example_dags/tutorial_taskflow_api.py
[2026-09-19T22:59:27.364+0000] {logging_mixin.py:149} INFO - [2026-09-19T22:59:27.364+0000] {dag.py:2726} INFO - Sync 1 DAGs
[2026-09-19T22:59:27.409+0000] {logging_mixin.py:149} INFO - [2026-09-19T22:59:27.408+0000] {dag.py:3490} INFO - Setting next_dagrun for tutorial_taskflow_api to None, run_after=None
[2026-09-19T22:59:27.439+0000] {processor.py:178} INFO - Processing /home/airflow/.local/lib/python3.7/site-packages/airflow/example_dags/tutorial_taskflow_api.py took 0.135 seconds
[2026-09-19T22:59:58.151+0000] {processor.py:156} INFO - Started process (PID=13168) to work on /home/airflow/.local/lib/python3.7/site-packages/airflow/example_dags/tutorial_taskflow_api.py
[2026-09-19T22:59:58.152+0000] {processor.py:799} INFO - Processing file /home/airflow/.local/lib/python3.7/site-packages/airflow/example_dags/tutorial_taskflow_api.py for tasks to queue
[2026-09-19T22:59:58.153+0000] {logging_mixin.py:149} INFO - [2026-09-19T22:59:58.153+0000] {dagbag.py:541} INFO - Filling up the DagBag from /home/airflow/.local/lib/python3.7/site-packages/airflow/example_dags/tutorial_taskflow_api.py
[2026-09-19T22:59:58.165+0000] {processor.py:809} INFO - DAG(s) dict_keys(['tutorial_taskflow_api']) retrieved from /home/airflow/.local/lib/python3.7/site-packages/airflow/example_dags/tutorial_taskflow_api.py
[2026-09-19T22:59:58.209+0000] {logging_mixin.py:149} INFO - [2026-09-19T22:59:58.209+0000] {dag.py:2726} INFO - Sync 1 DAGs
[2026-09-19T22:59:58.257+0000] {logging_mixin.py:149} INFO - [2026-09-19T22:59:58.257+0000] {dag.py:3490} INFO - Setting next_dagrun for tutorial_taskflow_api to None, run_after=None
[2026-09-19T22:59:58.288+0000] {processor.py:178} INFO - Processing /home/airflow/.local/lib/python3.7/site-packages/airflow/example_dags/tutorial_taskflow_api.py took 0.142 seconds
[2026-09-19T23:00:28.638+0000] {processor.py:156} INFO - Started process (PID=13224) to work on /home/airflow/.local/lib/python3.7/site-packages/airflow/example_dags/tutorial_taskflow_api.py
[2026-09-19T23:00:28.640+0000] {processor.py:799} INFO - Processing file /home/airflow/.local/lib/python3.7/site-packages/airflow/example_dags/tutorial_taskflow_api.py for tasks to queue
[2026-09-19T23:00:28.641+0000] {logging_mixin.py:149} INFO - [2026-09-19T23:00:28.641+0000] {dagbag.py:541} INFO - Filling up the DagBag from /home/airflow/.local/lib/python3.7/site-packages/airflow/example_dags/tutorial_taskflow_api.py
[2026-09-19T23:00:28.651+0000] {processor.py:809} INFO - DAG(s) dict_keys(['tutorial_taskflow_api']) retrieved from /home/airflow/.local/lib/python3.7/site-packages/airflow/example_dags/tutorial_taskflow_api.py
[2026-09-19T23:00:28.693+0000] {logging_mixin.py:149} INFO - [2026-09-19T23:00:28.692+0000] {dag.py:2726} INFO - Sync 1 DAGs
[2026-09-19T23:00:28.743+0000] {logging_mixin.py:149} INFO - [2026-09-19T23:00:28.743+0000] {dag.py:3490} INFO - Setting next_dagrun for tutorial_taskflow_api to None, run_after=None
[2026-09-19T23:00:28.778+0000] {processor.py:178} INFO - Processing /home/airflow/.local/lib/python3.7/site-packages/airflow/example_dags/tutorial_taskflow_api.py took 0.148 seconds
[2026-09-19T23:00:59.422+0000] {processor.py:156} INFO - Started process (PID=13280) to work on /home/airflow/.local/lib/python3.7/site-packages/airflow/example_dags/tutorial_taskflow_api.py
[2026-09-19T23:00:59.424+0000] {processor.py:799} INFO - Processing file /home/airflow/.local/lib/python3.7/site-packages/airflow/example_dags/tutorial_taskflow_api.py for tasks to queue
[2026-09-19T23:00:59.425+0000] {logging_mixin.py:149} INFO - [2026-09-19T23:00:59.425+0000] {dagbag.py:541} INFO - Filling up the DagBag from /home/airflow/.local/lib/python3.7/site-packages/airflow/example_dags/tutorial_taskflow_api.py
[2026-09-19T23:00:59.437+0000] {processor.py:809} INFO - DAG(s) dict_keys(['tutorial_taskflow_api']) retrieved from /home/airflow/.local/lib/python3.7/site-packages/airflow/example_dags/tutorial_taskflow_api.py
[2026-09-19T23:00:59.485+0000] {logging_mixin.py:149} INFO - [2026-09-19T23:00:59.484+0000] {dag.py:2726} INFO - Sync 1 DAGs
[2026-09-19T23:00:59.529+0000] {logging_mixin.py:149} INFO - [2026-09-19T23:00:59.529+0000] {dag.py:3490} INFO - Setting next_dagrun for tutorial_taskflow_api to None, run_after=None
[2026-09-19T23:00:59.561+0000] {processor.py:178} INFO - Processing /home/airflow/.local/lib/python3.7/site-packages/airflow/example_dags/tutorial_taskflow_api.py took 0.144 seconds
[2026-09-19T23:01:30.315+0000] {processor.py:156} INFO - Started process (PID=13336) to work on /home/airflow/.local/lib/python3.7/site-packages/airflow/example_dags/tutorial_taskflow_api.py
[2026-09-19T23:01:30.317+0000] {processor.py:799} INFO - Processing file /home/airflow/.local/lib/python3.7/site-packages/airflow/example_dags/tutorial_taskflow_api.py for tasks to queue
[2026-09-19T23:01:30.318+0000] {logging_mixin.py:149} INFO - [2026-09-19T23:01:30.318+0000] {dagbag.py:541} INFO - Filling up the DagBag from /home/airflow/.local/lib/python3.7/site-packages/airflow/example_dags/tutorial_taskflow_api.py
[2026-09-19T23:01:30.328+0000] {processor.py:809} INFO - DAG(s) dict_keys(['tutorial_taskflow_api']) retrieved from /home/airflow/.local/lib/python3.7/site-packages/airflow/example_dags/tutorial_taskflow_api.py
[2026-09-19T23:01:30.375+0000] {logging_mixin.py:149} INFO - [2026-09-19T23:01:30.374+0000] {dag.py:2726} INFO - Sync 1 DAGs
[2026-09-19T23:01:30.425+0000] {logging_mixin.py:149} INFO - [2026-09-19T23:01:30.425+0000] {dag.py:3490} INFO - Setting next_dagrun for tutorial_taskflow_api to None, run_after=None
[2026-09-19T23:01:30.455+0000] {processor.py:178} INFO - Processing /home/airflow/.local/lib/python3.7/site-packages/airflow/example_dags/tutorial_taskflow_api.py took 0.147 seconds
[2026-09-19T23:02:01.931+0000] {processor.py:156} INFO - Started process (PID=13392) to work on /home/airflow/.local/lib/python3.7/site-packages/airflow/example_dags/tutorial_taskflow_api.py
[2026-09-19T23:02:01.933+0000] {processor.py:799} INFO - Processing file /home/airflow/.local/lib/python3.7/site-packages/airflow/example_dags/tutorial_taskflow_api.py for tasks to queue
[2026-09-19T23:02:01.934+0000] {logging_mixin.py:149} INFO - [2026-09-19T23:02:01.934+0000] {dagbag.py:541} INFO - Filling up the DagBag from /home/airflow/.local/lib/python3.7/site-packages/airflow/example_dags/tutorial_taskflow_api.py
[2026-09-19T23:02:01.945+0000] {processor.py:809} INFO - DAG(s) dict_keys(['tutorial_taskflow_api']) retrieved from /home/airflow/.local/lib/python3.7/site-packages/airflow/example_dags/tutorial_taskflow_api.py
[2026-09-19T23:02:01.996+0000] {logging_mixin.py:149} INFO - [2026-09-19T23:02:01.995+0000] {dag.py:2726} INFO - Sync 1 DAGs
[2026-09-19T23:02:02.044+0000] {logging_mixin.py:149} INFO - [2026-09-19T23:02:02.043+0000] {dag.py:3490} INFO - Setting next_dagrun for tutorial_taskflow_api to None, run_after=None
[2026-09-19T23:02:02.076+0000] {processor.py:178} INFO - Processing /home/airflow/.local/lib/python3.7/site-packages/airflow/example_dags/tutorial_taskflow_api.py took 0.151 seconds
[2026-09-19T23:02:32.507+0000] {processor.py:156} INFO - Started process (PID=13448) to work on /home/airflow/.local/lib/python3.7/site-packages/airflow/example_dags/tutorial_taskflow_api.py
[2026-09-19T23:02:32.509+0000] {processor.py:799} INFO - Processing file /home/airflow/.local/lib/python3.7/site-packages/airflow/example_dags/tutorial_taskflow_api.py for tasks to queue
[2026-09-19T23:02:32.510+0000] {logging_mixin.py:149} INFO - [2026-09-19T23:02:32.510+0000] {dagbag.py:541} INFO - Filling up the DagBag from /home/airflow/.local/lib/python3.7/site-packages/airflow/example_dags/tutorial_taskflow_api.py
[2026-09-19T23:02:32.520+0000] {processor.py:809} INFO - DAG(s) dict_keys(['tutorial_taskflow_api']) retrieved from /home/airflow/.local/lib/python3.7/site-packages/airflow/example_dags/tutorial_taskflow_api.py
[2026-09-19T23:02:32.571+0000] {logging_mixin.py:149} INFO - [2026-09-19T23:02:32.570+0000] {dag.py:2726} INFO - Sync 1 DAGs
[2026-09-19T23:02:32.617+0000] {logging_mixin.py:149} INFO - [2026-09-19T23:02:32.617+0000] {dag.py:3490} INFO - Setting next_dagrun for tutorial_taskflow_api to None, run_after=None
[2026-09-19T23:02:32.645+0000] {processor.py:178} INFO - Processing /home/airflow/.local/lib/python3.7/site-packages/airflow/example_dags/tutorial_taskflow_api.py took 0.144 seconds
[2026-09-19T23:03:04.029+0000] {processor.py:156} INFO - Started process (PID=13504) to work on /home/airflow/.local/lib/python3.7/site-packages/airflow/example_dags/tutorial_taskflow_api.py
[2026-09-19T23:03:04.031+0000] {processor.py:799} INFO - Processing file /home/airflow/.local/lib/python3.7/site-packages/airflow/example_dags/tutorial_taskflow_api.py for tasks to queue
[2026-09-19T23:03:04.032+0000] {logging_mixin.py:149} INFO - [2026-09-19T23:03:04.031+0000] {dagbag.py:541} INFO - Filling up the DagBag from /home/airflow/.local/lib/python3.7/site-packages/airflow/example_dags/tutorial_taskflow_api.py
[2026-09-19T23:03:04.042+0000] {processor.py:809} INFO - DAG(s) dict_keys(['tutorial_taskflow_api']) retrieved from /home/airflow/.local/lib/python3.7/site-packages/airflow/example_dags/tutorial_taskflow_api.py
[2026-09-19T23:03:04.099+0000] {logging_mixin.py:149} INFO - [2026-09-19T23:03:04.099+0000] {dag.py:2726} INFO - Sync 1 DAGs
[2026-09-19T23:03:04.150+0000] {logging_mixin.py:149} INFO - [2026-09-19T23:03:04.150+0000] {dag.py:3490} INFO - Setting next_dagrun for tutorial_taskflow_api to None, run_after=None
[2026-09-19T23:03:04.191+0000] {processor.py:178} INFO - Processing /home/airflow/.local/lib/python3.7/site-packages/airflow/example_dags/tutorial_taskflow_api.py took 0.168 seconds
[2026-09-19T23:03:35.686+0000] {processor.py:156} INFO - Started process (PID=13560) to work on /home/airflow/.local/lib/python3.7/site-packages/airflow/example_dags/tutorial_taskflow_api.py
[2026-09-19T23:03:35.688+0000] {processor.py:799} INFO - Processing file /home/airflow/.local/lib/python3.7/site-packages/airflow/example_dags/tutorial_taskflow_api.py for tasks to queue
[2026-09-19T23:03:35.689+0000] {logging_mixin.py:149} INFO - [2026-09-19T23:03:35.689+0000] {dagbag.py:541} INFO - Filling up the DagBag from /home/airflow/.local/lib/python3.7/site-packages/airflow/example_dags/tutorial_taskflow_api.py
[2026-09-19T23:03:35.701+0000] {processor.py:809} INFO - DAG(s) dict_keys(['tutorial_taskflow_api']) retrieved from /home/airflow/.local/lib/python3.7/site-packages/airflow/example_dags/tutorial_taskflow_api.py
[2026-09-19T23:03:35.751+0000] {logging_mixin.py:149} INFO - [2026-09-19T23:03:35.751+0000] {dag.py:2726} INFO - Sync 1 DAGs
[2026-09-19T23:03:35.802+0000] {logging_mixin.py:149} INFO - [2026-09-19T23:03:35.802+0000] {dag.py:3490} INFO - Setting next_dagrun for tutorial_taskflow_api to None, run_after=None
[2026-09-19T23:03:35.835+0000] {processor.py:178} INFO - Processing /home/airflow/.local/lib/python3.7/site-packages/airflow/example_dags/tutorial_taskflow_api.py took 0.155 seconds
[2026-09-19T23:04:06.239+0000] {processor.py:156} INFO - Started process (PID=13616) to work on /home/airflow/.local/lib/python3.7/site-packages/airflow/example_dags/tutorial_taskflow_api.py
[2026-09-19T23:04:06.241+0000] {processor.py:799} INFO - Processing file /home/airflow/.local/lib/python3.7/site-packages/airflow/example_dags/tutorial_taskflow_api.py for tasks to queue
[2026-09-19T23:04:06.242+0000] {logging_mixin.py:149} INFO - [2026-09-19T23:04:06.242+0000] {dagbag.py:541} INFO - Filling up the DagBag from /home/airflow/.local/lib/python3.7/site-packages/airflow/example_dags/tutorial_taskflow_api.py
[2026-09-19T23:04:06.254+0000] {processor.py:809} INFO - DAG(s) dict_keys(['tutorial_taskflow_api']) retrieved from /home/airflow/.local/lib/python3.7/site-packages/airflow/example_dags/tutorial_taskflow_api.py
[2026-09-19T23:04:06.299+0000] {logging_mixin.py:149} INFO - [2026-09-19T23:04:06.299+0000] {dag.py:2726} INFO - Sync 1 DAGs
[2026-09-19T23:04:06.348+0000] {logging_mixin.py:149} INFO - [2026-09-19T23:04:06.348+0000] {dag.py:3490} INFO - Setting next_dagrun for tutorial_taskflow_api to None, run_after=None
[2026-09-19T23:04:06.395+0000] {processor.py:178} INFO - Processing /home/airflow/.local/lib/python3.7/site-packages/airflow/example_dags/tutorial_taskflow_api.py took 0.162 seconds
[2026-09-19T23:04:37.032+0000] {processor.py:156} INFO - Started process (PID=13672) to work on /home/airflow/.local/lib/python3.7/site-packages/airflow/example_dags/tutorial_taskflow_api.py
[2026-09-19T23:04:37.034+0000] {processor.py:799} INFO - Processing file /home/airflow/.local/lib/python3.7/site-packages/airflow/example_dags/tutorial_taskflow_api.py for tasks to queue
[2026-09-19T23:04:37.035+0000] {logging_mixin.py:149} INFO - [2026-09-19T23:04:37.035+0000] {dagbag.py:541} INFO - Filling up the DagBag from /home/airflow/.local/lib/python3.7/site-packages/airflow/example_dags/tutorial_taskflow_api.py
[2026-09-19T23:04:37.046+0000] {processor.py:809} INFO - DAG(s) dict_keys(['tutorial_taskflow_api']) retrieved from /home/airflow/.local/lib/python3.7/site-packages/airflow/example_dags/tutorial_taskflow_api.py
[2026-09-19T23:04:37.095+0000] {logging_mixin.py:149} INFO - [2026-09-19T23:04:37.095+0000] {dag.py:2726} INFO - Sync 1 DAGs
[2026-09-19T23:04:37.140+0000] {logging_mixin.py:149} INFO - [2026-09-19T23:04:37.140+0000] {dag.py:3490} INFO - Setting next_dagrun for tutorial_taskflow_api to None, run_after=None
[2026-09-19T23:04:37.172+0000] {processor.py:178} INFO - Processing /home/airflow/.local/lib/python3.7/site-packages/airflow/example_dags/tutorial_taskflow_api.py took 0.152 seconds
[2026-09-19T23:05:08.402+0000] {processor.py:156} INFO - Started process (PID=13735) to work on /home/airflow/.local/lib/python3.7/site-packages/airflow/example_dags/tutorial_taskflow_api.py
[2026-09-19T23:05:08.403+0000] {processor.py:799} INFO - Processing file /home/airflow/.local/lib/python3.7/site-packages/airflow/example_dags/tutorial_taskflow_api.py for tasks to queue
[2026-09-19T23:05:08.405+0000] {logging_mixin.py:149} INFO - [2026-09-19T23:05:08.404+0000] {dagbag.py:541} INFO - Filling up the DagBag from /home/airflow/.local/lib/python3.7/site-packages/airflow/example_dags/tutorial_taskflow_api.py
[2026-09-19T23:05:08.417+0000] {processor.py:809} INFO - DAG(s) dict_keys(['tutorial_taskflow_api']) retrieved from /home/airflow/.local/lib/python3.7/site-packages/airflow/example_dags/tutorial_taskflow_api.py
[2026-09-19T23:05:08.466+0000] {logging_mixin.py:149} INFO - [2026-09-19T23:05:08.465+0000] {dag.py:2726} INFO - Sync 1 DAGs
[2026-09-19T23:05:08.513+0000] {logging_mixin.py:149} INFO - [2026-09-19T23:05:08.513+0000] {dag.py:3490} INFO - Setting next_dagrun for tutorial_taskflow_api to None, run_after=None
[2026-09-19T23:05:08.543+0000] {processor.py:178} INFO - Processing /home/airflow/.local/lib/python3.7/site-packages/airflow/example_dags/tutorial_taskflow_api.py took 0.148 seconds
[2026-09-19T23:05:39.765+0000] {processor.py:156} INFO - Started process (PID=13791) to work on /home/airflow/.local/lib/python3.7/site-packages/airflow/example_dags/tutorial_taskflow_api.py
[2026-09-19T23:05:39.766+0000] {processor.py:799} INFO - Processing file /home/airflow/.local/lib/python3.7/site-packages/airflow/example_dags/tutorial_taskflow_api.py for tasks to queue
[2026-09-19T23:05:39.767+0000] {logging_mixin.py:149} INFO - [2026-09-19T23:05:39.767+0000] {dagbag.py:541} INFO - Filling up the DagBag from /home/airflow/.local/lib/python3.7/site-packages/airflow/example_dags/tutorial_taskflow_api.py
[2026-09-19T23:05:39.779+0000] {processor.py:809} INFO - DAG(s) dict_keys(['tutorial_taskflow_api']) retrieved from /home/airflow/.local/lib/python3.7/site-packages/airflow/example_dags/tutorial_taskflow_api.py
[2026-09-19T23:05:39.829+0000] {logging_mixin.py:149} INFO - [2026-09-19T23:05:39.829+0000] {dag.py:2726} INFO - Sync 1 DAGs
[2026-09-19T23:05:39.876+0000] {logging_mixin.py:149} INFO - [2026-09-19T23:05:39.876+0000] {dag.py:3490} INFO - Setting next_dagrun for tutorial_taskflow_api to None, run_after=None
[2026-09-19T23:05:39.913+0000] {processor.py:178} INFO - Processing /home/airflow/.local/lib/python3.7/site-packages/airflow/example_dags/tutorial_taskflow_api.py took 0.155 seconds
[2026-09-19T23:06:11.270+0000] {processor.py:156} INFO - Started process (PID=13847) to work on /home/airflow/.local/lib/python3.7/site-packages/airflow/example_dags/tutorial_taskflow_api.py
[2026-09-19T23:06:11.274+0000] {processor.py:799} INFO - Processing file /home/airflow/.local/lib/python3.7/site-packages/airflow/example_dags/tutorial_taskflow_api.py for tasks to queue
[2026-09-19T23:06:11.275+0000] {logging_mixin.py:149} INFO - [2026-09-19T23:06:11.274+0000] {dagbag.py:541} INFO - Filling up the DagBag from /home/airflow/.local/lib/python3.7/site-packages/airflow/example_dags/tutorial_taskflow_api.py
[2026-09-19T23:06:11.287+0000] {processor.py:809} INFO - DAG(s) dict_keys(['tutorial_taskflow_api']) retrieved from /home/airflow/.local/lib/python3.7/site-packages/airflow/example_dags/tutorial_taskflow_api.py
[2026-09-19T23:06:11.331+0000] {logging_mixin.py:149} INFO - [2026-09-19T23:06:11.331+0000] {dag.py:2726} INFO - Sync 1 DAGs
[2026-09-19T23:06:11.377+0000] {logging_mixin.py:149} INFO - [2026-09-19T23:06:11.377+0000] {dag.py:3490} INFO - Setting next_dagrun for tutorial_taskflow_api to None, run_after=None
[2026-09-19T23:06:11.413+0000] {processor.py:178} INFO - Processing /home/airflow/.local/lib/python3.7/site-packages/airflow/example_dags/tutorial_taskflow_api.py took 0.149 seconds
[2026-09-19T23:06:42.882+0000] {processor.py:156} INFO - Started process (PID=13903) to work on /home/airflow/.local/lib/python3.7/site-packages/airflow/example_dags/tutorial_taskflow_api.py
[2026-09-19T23:06:42.883+0000] {processor.py:799} INFO - Processing file /home/airflow/.local/lib/python3.7/site-packages/airflow/example_dags/tutorial_taskflow_api.py for tasks to queue
[2026-09-19T23:06:42.884+0000] {logging_mixin.py:149} INFO - [2026-09-19T23:06:42.884+0000] {dagbag.py:541} INFO - Filling up the DagBag from /home/airflow/.local/lib/python3.7/site-packages/airflow/example_dags/tutorial_taskflow_api.py
[2026-09-19T23:06:42.894+0000] {processor.py:809} INFO - DAG(s) dict_keys(['tutorial_taskflow_api']) retrieved from /home/airflow/.local/lib/python3.7/site-packages/airflow/example_dags/tutorial_taskflow_api.py
[2026-09-19T23:06:42.945+0000] {logging_mixin.py:149} INFO - [2026-09-19T23:06:42.945+0000] {dag.py:2726} INFO - Sync 1 DAGs
[2026-09-19T23:06:42.993+0000] {logging_mixin.py:149} INFO - [2026-09-19T23:06:42.992+0000] {dag.py:3490} INFO - Setting next_dagrun for tutorial_taskflow_api to None, run_after=None
[2026-09-19T23:06:43.024+0000] {processor.py:178} INFO - Processing /home/airflow/.local/lib/python3.7/site-packages/airflow/example_dags/tutorial_taskflow_api.py took 0.150 seconds
[2026-09-19T23:07:14.203+0000] {processor.py:156} INFO - Started process (PID=13959) to work on /home/airflow/.local/lib/python3.7/site-packages/airflow/example_dags/tutorial_taskflow_api.py
[2026-09-19T23:07:14.205+0000] {processor.py:799} INFO - Processing file /home/airflow/.local/lib/python3.7/site-packages/airflow/example_dags/tutorial_taskflow_api.py for tasks to queue
[2026-09-19T23:07:14.206+0000] {logging_mixin.py:149} INFO - [2026-09-19T23:07:14.206+0000] {dagbag.py:541} INFO - Filling up the DagBag from /home/airflow/.local/lib/python3.7/site-packages/airflow/example_dags/tutorial_taskflow_api.py
[2026-09-19T23:07:14.221+0000] {processor.py:809} INFO - DAG(s) dict_keys(['tutorial_taskflow_api']) retrieved from /home/airflow/.local/lib/python3.7/site-packages/airflow/example_dags/tutorial_taskflow_api.py
[2026-09-19T23:07:14.268+0000] {logging_mixin.py:149} INFO - [2026-09-19T23:07:14.268+0000] {dag.py:2726} INFO - Sync 1 DAGs
[2026-09-19T23:07:14.319+0000] {logging_mixin.py:149} INFO - [2026-09-19T23:07:14.319+0000] {dag.py:3490} INFO - Setting next_dagrun for tutorial_taskflow_api to None, run_after=None
[2026-09-19T23:07:14.356+0000] {processor.py:178} INFO - Processing /home/airflow/.local/lib/python3.7/site-packages/airflow/example_dags/tutorial_taskflow_api.py took 0.160 seconds
[2026-09-19T23:07:45.238+0000] {processor.py:156} INFO - Started process (PID=14015) to work on /home/airflow/.local/lib/python3.7/site-packages/airflow/example_dags/tutorial_taskflow_api.py
[2026-09-19T23:07:45.240+0000] {processor.py:799} INFO - Processing file /home/airflow/.local/lib/python3.7/site-packages/airflow/example_dags/tutorial_taskflow_api.py for tasks to queue
[2026-09-19T23:07:45.241+0000] {logging_mixin.py:149} INFO - [2026-09-19T23:07:45.241+0000] {dagbag.py:541} INFO - Filling up the DagBag from /home/airflow/.local/lib/python3.7/site-packages/airflow/example_dags/tutorial_taskflow_api.py
[2026-09-19T23:07:45.253+0000] {processor.py:809} INFO - DAG(s) dict_keys(['tutorial_taskflow_api']) retrieved from /home/airflow/.local/lib/python3.7/site-packages/airflow/example_dags/tutorial_taskflow_api.py
[2026-09-19T23:07:45.298+0000] {logging_mixin.py:149} INFO - [2026-09-19T23:07:45.298+0000] {dag.py:2726} INFO - Sync 1 DAGs
[2026-09-19T23:07:45.348+0000] {logging_mixin.py:149} INFO - [2026-09-19T23:07:45.348+0000] {dag.py:3490} INFO - Setting next_dagrun for tutorial_taskflow_api to None, run_after=None
[2026-09-19T23:07:45.379+0000] {processor.py:178} INFO - Processing /home/airflow/.local/lib/python3.7/site-packages/airflow/example_dags/tutorial_taskflow_api.py took 0.147 seconds
[2026-09-19T23:08:16.846+0000] {processor.py:156} INFO - Started process (PID=14071) to work on /home/airflow/.local/lib/python3.7/site-packages/airflow/example_dags/tutorial_taskflow_api.py
[2026-09-19T23:08:16.848+0000] {processor.py:799} INFO - Processing file /home/airflow/.local/lib/python3.7/site-packages/airflow/example_dags/tutorial_taskflow_api.py for tasks to queue
[2026-09-19T23:08:16.849+0000] {logging_mixin.py:149} INFO - [2026-09-19T23:08:16.849+0000] {dagbag.py:541} INFO - Filling up the DagBag from /home/airflow/.local/lib/python3.7/site-packages/airflow/example_dags/tutorial_taskflow_api.py
[2026-09-19T23:08:16.861+0000] {processor.py:809} INFO - DAG(s) dict_keys(['tutorial_taskflow_api']) retrieved from /home/airflow/.local/lib/python3.7/site-packages/airflow/example_dags/tutorial_taskflow_api.py
[2026-09-19T23:08:16.909+0000] {logging_mixin.py:149} INFO - [2026-09-19T23:08:16.908+0000] {dag.py:2726} INFO - Sync 1 DAGs
[2026-09-19T23:08:16.958+0000] {logging_mixin.py:149} INFO - [2026-09-19T23:08:16.957+0000] {dag.py:3490} INFO - Setting next_dagrun for tutorial_taskflow_api to None, run_after=None
[2026-09-19T23:08:16.996+0000] {processor.py:178} INFO - Processing /home/airflow/.local/lib/python3.7/site-packages/airflow/example_dags/tutorial_taskflow_api.py took 0.156 seconds
[2026-09-19T23:08:48.788+0000] {processor.py:156} INFO - Started process (PID=14127) to work on /home/airflow/.local/lib/python3.7/site-packages/airflow/example_dags/tutorial_taskflow_api.py
[2026-09-19T23:08:48.790+0000] {processor.py:799} INFO - Processing file /home/airflow/.local/lib/python3.7/site-packages/airflow/example_dags/tutorial_taskflow_api.py for tasks to queue
[2026-09-19T23:08:48.791+0000] {logging_mixin.py:149} INFO - [2026-09-19T23:08:48.791+0000] {dagbag.py:541} INFO - Filling up the DagBag from /home/airflow/.local/lib/python3.7/site-packages/airflow/example_dags/tutorial_taskflow_api.py
[2026-09-19T23:08:48.802+0000] {processor.py:809} INFO - DAG(s) dict_keys(['tutorial_taskflow_api']) retrieved from /home/airflow/.local/lib/python3.7/site-packages/airflow/example_dags/tutorial_taskflow_api.py
[2026-09-19T23:08:48.851+0000] {logging_mixin.py:149} INFO - [2026-09-19T23:08:48.850+0000] {dag.py:2726} INFO - Sync 1 DAGs
[2026-09-19T23:08:48.904+0000] {logging_mixin.py:149} INFO - [2026-09-19T23:08:48.903+0000] {dag.py:3490} INFO - Setting next_dagrun for tutorial_taskflow_api to None, run_after=None
[2026-09-19T23:08:48.937+0000] {processor.py:178} INFO - Processing /home/airflow/.local/lib/python3.7/site-packages/airflow/example_dags/tutorial_taskflow_api.py took 0.156 seconds
[2026-09-19T23:09:19.606+0000] {processor.py:156} INFO - Started process (PID=14183) to work on /home/airflow/.local/lib/python3.7/site-packages/airflow/example_dags/tutorial_taskflow_api.py
[2026-09-19T23:09:19.607+0000] {processor.py:799} INFO - Processing file /home/airflow/.local/lib/python3.7/site-packages/airflow/example_dags/tutorial_taskflow_api.py for tasks to queue
[2026-09-19T23:09:19.609+0000] {logging_mixin.py:149} INFO - [2026-09-19T23:09:19.608+0000] {dagbag.py:541} INFO - Filling up the DagBag from /home/airflow/.local/lib/python3.7/site-packages/airflow/example_dags/tutorial_taskflow_api.py
[2026-09-19T23:09:19.621+0000] {processor.py:809} INFO - DAG(s) dict_keys(['tutorial_taskflow_api']) retrieved from /home/airflow/.local/lib/python3.7/site-packages/airflow/example_dags/tutorial_taskflow_api.py
[2026-09-19T23:09:19.665+0000] {logging_mixin.py:149} INFO - [2026-09-19T23:09:19.665+0000] {dag.py:2726} INFO - Sync 1 DAGs
[2026-09-19T23:09:19.710+0000] {logging_mixin.py:149} INFO - [2026-09-19T23:09:19.710+0000] {dag.py:3490} INFO - Setting next_dagrun for tutorial_taskflow_api to None, run_after=None
[2026-09-19T23:09:19.742+0000] {processor.py:178} INFO - Processing /home/airflow/.local/lib/python3.7/site-packages/airflow/example_dags/tutorial_taskflow_api.py took 0.143 seconds
[2026-09-19T23:09:51.747+0000] {processor.py:156} INFO - Started process (PID=14243) to work on /home/airflow/.local/lib/python3.7/site-packages/airflow/example_dags/tutorial_taskflow_api.py
[2026-09-19T23:09:51.749+0000] {processor.py:799} INFO - Processing file /home/airflow/.local/lib/python3.7/site-packages/airflow/example_dags/tutorial_taskflow_api.py for tasks to queue
[2026-09-19T23:09:51.751+0000] {logging_mixin.py:149} INFO - [2026-09-19T23:09:51.751+0000] {dagbag.py:541} INFO - Filling up the DagBag from /home/airflow/.local/lib/python3.7/site-packages/airflow/example_dags/tutorial_taskflow_api.py
[2026-09-19T23:09:51.761+0000] {processor.py:809} INFO - DAG(s) dict_keys(['tutorial_taskflow_api']) retrieved from /home/airflow/.local/lib/python3.7/site-packages/airflow/example_dags/tutorial_taskflow_api.py
[2026-09-19T23:09:51.807+0000] {logging_mixin.py:149} INFO - [2026-09-19T23:09:51.807+0000] {dag.py:2726} INFO - Sync 1 DAGs
[2026-09-19T23:09:51.853+0000] {logging_mixin.py:149} INFO - [2026-09-19T23:09:51.852+0000] {dag.py:3490} INFO - Setting next_dagrun for tutorial_taskflow_api to None, run_after=None
[2026-09-19T23:09:51.883+0000] {processor.py:178} INFO - Processing /home/airflow/.local/lib/python3.7/site-packages/airflow/example_dags/tutorial_taskflow_api.py took 0.144 seconds
[2026-09-19T23:10:22.410+0000] {processor.py:156} INFO - Started process (PID=14299) to work on /home/airflow/.local/lib/python3.7/site-packages/airflow/example_dags/tutorial_taskflow_api.py
[2026-09-19T23:10:22.411+0000] {processor.py:799} INFO - Processing file /home/airflow/.local/lib/python3.7/site-packages/airflow/example_dags/tutorial_taskflow_api.py for tasks to queue
[2026-09-19T23:10:22.412+0000] {logging_mixin.py:149} INFO - [2026-09-19T23:10:22.412+0000] {dagbag.py:541} INFO - Filling up the DagBag from /home/airflow/.local/lib/python3.7/site-packages/airflow/example_dags/tutorial_taskflow_api.py
[2026-09-19T23:10:22.422+0000] {processor.py:809} INFO - DAG(s) dict_keys(['tutorial_taskflow_api']) retrieved from /home/airflow/.local/lib/python3.7/site-packages/airflow/example_dags/tutorial_taskflow_api.py
[2026-09-19T23:10:22.467+0000] {logging_mixin.py:149} INFO - [2026-09-19T23:10:22.466+0000] {dag.py:2726} INFO - Sync 1 DAGs
[2026-09-19T23:10:22.511+0000] {logging_mixin.py:149} INFO - [2026-09-19T23:10:22.511+0000] {dag.py:3490} INFO - Setting next_dagrun for tutorial_taskflow_api to None, run_after=None
[2026-09-19T23:10:22.552+0000] {processor.py:178} INFO - Processing /home/airflow/.local/lib/python3.7/site-packages/airflow/example_dags/tutorial_taskflow_api.py took 0.147 seconds
[2026-09-19T23:10:54.516+0000] {processor.py:156} INFO - Started process (PID=14355) to work on /home/airflow/.local/lib/python3.7/site-packages/airflow/example_dags/tutorial_taskflow_api.py
[2026-09-19T23:10:54.518+0000] {processor.py:799} INFO - Processing file /home/airflow/.local/lib/python3.7/site-packages/airflow/example_dags/tutorial_taskflow_api.py for tasks to queue
[2026-09-19T23:10:54.519+0000] {logging_mixin.py:149} INFO - [2026-09-19T23:10:54.519+0000] {dagbag.py:541} INFO - Filling up the DagBag from /home/airflow/.local/lib/python3.7/site-packages/airflow/example_dags/tutorial_taskflow_api.py
[2026-09-19T23:10:54.530+0000] {processor.py:809} INFO - DAG(s) dict_keys(['tutorial_taskflow_api']) retrieved from /home/airflow/.local/lib/python3.7/site-packages/airflow/example_dags/tutorial_taskflow_api.py
[2026-09-19T23:10:54.575+0000] {logging_mixin.py:149} INFO - [2026-09-19T23:10:54.575+0000] {dag.py:2726} INFO - Sync 1 DAGs
[2026-09-19T23:10:54.627+0000] {logging_mixin.py:149} INFO - [2026-09-19T23:10:54.626+0000] {dag.py:3490} INFO - Setting next_dagrun for tutorial_taskflow_api to None, run_after=None
[2026-09-19T23:10:54.661+0000] {processor.py:178} INFO - Processing /home/airflow/.local/lib/python3.7/site-packages/airflow/example_dags/tutorial_taskflow_api.py took 0.150 seconds
[2026-09-19T23:11:25.805+0000] {processor.py:156} INFO - Started process (PID=14413) to work on /home/airflow/.local/lib/python3.7/site-packages/airflow/example_dags/tutorial_taskflow_api.py
[2026-09-19T23:11:25.808+0000] {processor.py:799} INFO - Processing file /home/airflow/.local/lib/python3.7/site-packages/airflow/example_dags/tutorial_taskflow_api.py for tasks to queue
[2026-09-19T23:11:25.811+0000] {logging_mixin.py:149} INFO - [2026-09-19T23:11:25.810+0000] {dagbag.py:541} INFO - Filling up the DagBag from /home/airflow/.local/lib/python3.7/site-packages/airflow/example_dags/tutorial_taskflow_api.py
[2026-09-19T23:11:25.822+0000] {processor.py:809} INFO - DAG(s) dict_keys(['tutorial_taskflow_api']) retrieved from /home/airflow/.local/lib/python3.7/site-packages/airflow/example_dags/tutorial_taskflow_api.py
[2026-09-19T23:11:25.881+0000] {logging_mixin.py:149} INFO - [2026-09-19T23:11:25.881+0000] {dag.py:2726} INFO - Sync 1 DAGs
[2026-09-19T23:11:25.926+0000] {logging_mixin.py:149} INFO - [2026-09-19T23:11:25.926+0000] {dag.py:3490} INFO - Setting next_dagrun for tutorial_taskflow_api to None, run_after=None
[2026-09-19T23:11:25.955+0000] {processor.py:178} INFO - Processing /home/airflow/.local/lib/python3.7/site-packages/airflow/example_dags/tutorial_taskflow_api.py took 0.159 seconds
[2026-09-19T23:11:57.038+0000] {processor.py:156} INFO - Started process (PID=14469) to work on /home/airflow/.local/lib/python3.7/site-packages/airflow/example_dags/tutorial_taskflow_api.py
[2026-09-19T23:11:57.040+0000] {processor.py:799} INFO - Processing file /home/airflow/.local/lib/python3.7/site-packages/airflow/example_dags/tutorial_taskflow_api.py for tasks to queue
[2026-09-19T23:11:57.042+0000] {logging_mixin.py:149} INFO - [2026-09-19T23:11:57.042+0000] {dagbag.py:541} INFO - Filling up the DagBag from /home/airflow/.local/lib/python3.7/site-packages/airflow/example_dags/tutorial_taskflow_api.py
[2026-09-19T23:11:57.062+0000] {processor.py:809} INFO - DAG(s) dict_keys(['tutorial_taskflow_api']) retrieved from /home/airflow/.local/lib/python3.7/site-packages/airflow/example_dags/tutorial_taskflow_api.py
[2026-09-19T23:11:57.110+0000] {logging_mixin.py:149} INFO - [2026-09-19T23:11:57.110+0000] {dag.py:2726} INFO - Sync 1 DAGs
[2026-09-19T23:11:57.157+0000] {logging_mixin.py:149} INFO - [2026-09-19T23:11:57.157+0000] {dag.py:3490} INFO - Setting next_dagrun for tutorial_taskflow_api to None, run_after=None
[2026-09-19T23:11:57.191+0000] {processor.py:178} INFO - Processing /home/airflow/.local/lib/python3.7/site-packages/airflow/example_dags/tutorial_taskflow_api.py took 0.162 seconds
[2026-09-19T23:12:28.716+0000] {processor.py:156} INFO - Started process (PID=14531) to work on /home/airflow/.local/lib/python3.7/site-packages/airflow/example_dags/tutorial_taskflow_api.py
[2026-09-19T23:12:28.717+0000] {processor.py:799} INFO - Processing file /home/airflow/.local/lib/python3.7/site-packages/airflow/example_dags/tutorial_taskflow_api.py for tasks to queue
[2026-09-19T23:12:28.719+0000] {logging_mixin.py:149} INFO - [2026-09-19T23:12:28.719+0000] {dagbag.py:541} INFO - Filling up the DagBag from /home/airflow/.local/lib/python3.7/site-packages/airflow/example_dags/tutorial_taskflow_api.py
[2026-09-19T23:12:28.731+0000] {processor.py:809} INFO - DAG(s) dict_keys(['tutorial_taskflow_api']) retrieved from /home/airflow/.local/lib/python3.7/site-packages/airflow/example_dags/tutorial_taskflow_api.py
[2026-09-19T23:12:28.781+0000] {logging_mixin.py:149} INFO - [2026-09-19T23:12:28.780+0000] {dag.py:2726} INFO - Sync 1 DAGs
[2026-09-19T23:12:28.832+0000] {logging_mixin.py:149} INFO - [2026-09-19T23:12:28.831+0000] {dag.py:3490} INFO - Setting next_dagrun for tutorial_taskflow_api to None, run_after=None
[2026-09-19T23:12:28.864+0000] {processor.py:178} INFO - Processing /home/airflow/.local/lib/python3.7/site-packages/airflow/example_dags/tutorial_taskflow_api.py took 0.155 seconds
[2026-09-19T23:12:59.896+0000] {processor.py:156} INFO - Started process (PID=14588) to work on /home/airflow/.local/lib/python3.7/site-packages/airflow/example_dags/tutorial_taskflow_api.py
[2026-09-19T23:12:59.898+0000] {processor.py:799} INFO - Processing file /home/airflow/.local/lib/python3.7/site-packages/airflow/example_dags/tutorial_taskflow_api.py for tasks to queue
[2026-09-19T23:12:59.899+0000] {logging_mixin.py:149} INFO - [2026-09-19T23:12:59.899+0000] {dagbag.py:541} INFO - Filling up the DagBag from /home/airflow/.local/lib/python3.7/site-packages/airflow/example_dags/tutorial_taskflow_api.py
[2026-09-19T23:12:59.910+0000] {processor.py:809} INFO - DAG(s) dict_keys(['tutorial_taskflow_api']) retrieved from /home/airflow/.local/lib/python3.7/site-packages/airflow/example_dags/tutorial_taskflow_api.py
[2026-09-19T23:12:59.951+0000] {logging_mixin.py:149} INFO - [2026-09-19T23:12:59.950+0000] {dag.py:2726} INFO - Sync 1 DAGs
[2026-09-19T23:12:59.990+0000] {logging_mixin.py:149} INFO - [2026-09-19T23:12:59.990+0000] {dag.py:3490} INFO - Setting next_dagrun for tutorial_taskflow_api to None, run_after=None
[2026-09-19T23:13:00.018+0000] {processor.py:178} INFO - Processing /home/airflow/.local/lib/python3.7/site-packages/airflow/example_dags/tutorial_taskflow_api.py took 0.128 seconds
[2026-09-19T23:13:30.364+0000] {processor.py:156} INFO - Started process (PID=14644) to work on /home/airflow/.local/lib/python3.7/site-packages/airflow/example_dags/tutorial_taskflow_api.py
[2026-09-19T23:13:30.366+0000] {processor.py:799} INFO - Processing file /home/airflow/.local/lib/python3.7/site-packages/airflow/example_dags/tutorial_taskflow_api.py for tasks to queue
[2026-09-19T23:13:30.367+0000] {logging_mixin.py:149} INFO - [2026-09-19T23:13:30.367+0000] {dagbag.py:541} INFO - Filling up the DagBag from /home/airflow/.local/lib/python3.7/site-packages/airflow/example_dags/tutorial_taskflow_api.py
[2026-09-19T23:13:30.377+0000] {processor.py:809} INFO - DAG(s) dict_keys(['tutorial_taskflow_api']) retrieved from /home/airflow/.local/lib/python3.7/site-packages/airflow/example_dags/tutorial_taskflow_api.py
[2026-09-19T23:13:30.426+0000] {logging_mixin.py:149} INFO - [2026-09-19T23:13:30.425+0000] {dag.py:2726} INFO - Sync 1 DAGs
[2026-09-19T23:13:30.477+0000] {logging_mixin.py:149} INFO - [2026-09-19T23:13:30.476+0000] {dag.py:3490} INFO - Setting next_dagrun for tutorial_taskflow_api to None, run_after=None
[2026-09-19T23:13:30.512+0000] {processor.py:178} INFO - Processing /home/airflow/.local/lib/python3.7/site-packages/airflow/example_dags/tutorial_taskflow_api.py took 0.156 seconds
[2026-09-19T23:14:01.441+0000] {processor.py:156} INFO - Started process (PID=14700) to work on /home/airflow/.local/lib/python3.7/site-packages/airflow/example_dags/tutorial_taskflow_api.py
[2026-09-19T23:14:01.444+0000] {processor.py:799} INFO - Processing file /home/airflow/.local/lib/python3.7/site-packages/airflow/example_dags/tutorial_taskflow_api.py for tasks to queue
[2026-09-19T23:14:01.445+0000] {logging_mixin.py:149} INFO - [2026-09-19T23:14:01.445+0000] {dagbag.py:541} INFO - Filling up the DagBag from /home/airflow/.local/lib/python3.7/site-packages/airflow/example_dags/tutorial_taskflow_api.py
[2026-09-19T23:14:01.456+0000] {processor.py:809} INFO - DAG(s) dict_keys(['tutorial_taskflow_api']) retrieved from /home/airflow/.local/lib/python3.7/site-packages/airflow/example_dags/tutorial_taskflow_api.py
[2026-09-19T23:14:01.500+0000] {logging_mixin.py:149} INFO - [2026-09-19T23:14:01.499+0000] {dag.py:2726} INFO - Sync 1 DAGs
[2026-09-19T23:14:01.546+0000] {logging_mixin.py:149} INFO - [2026-09-19T23:14:01.545+0000] {dag.py:3490} INFO - Setting next_dagrun for tutorial_taskflow_api to None, run_after=None
[2026-09-19T23:14:01.577+0000] {processor.py:178} INFO - Processing /home/airflow/.local/lib/python3.7/site-packages/airflow/example_dags/tutorial_taskflow_api.py took 0.143 seconds
[2026-09-19T23:14:32.180+0000] {processor.py:156} INFO - Started process (PID=14756) to work on /home/airflow/.local/lib/python3.7/site-packages/airflow/example_dags/tutorial_taskflow_api.py
[2026-09-19T23:14:32.183+0000] {processor.py:799} INFO - Processing file /home/airflow/.local/lib/python3.7/site-packages/airflow/example_dags/tutorial_taskflow_api.py for tasks to queue
[2026-09-19T23:14:32.184+0000] {logging_mixin.py:149} INFO - [2026-09-19T23:14:32.183+0000] {dagbag.py:541} INFO - Filling up the DagBag from /home/airflow/.local/lib/python3.7/site-packages/airflow/example_dags/tutorial_taskflow_api.py
[2026-09-19T23:14:32.199+0000] {processor.py:809} INFO - DAG(s) dict_keys(['tutorial_taskflow_api']) retrieved from /home/airflow/.local/lib/python3.7/site-packages/airflow/example_dags/tutorial_taskflow_api.py
[2026-09-19T23:14:32.247+0000] {logging_mixin.py:149} INFO - [2026-09-19T23:14:32.247+0000] {dag.py:2726} INFO - Sync 1 DAGs
[2026-09-19T23:14:32.299+0000] {logging_mixin.py:149} INFO - [2026-09-19T23:14:32.299+0000] {dag.py:3490} INFO - Setting next_dagrun for tutorial_taskflow_api to None, run_after=None
[2026-09-19T23:14:32.330+0000] {processor.py:178} INFO - Processing /home/airflow/.local/lib/python3.7/site-packages/airflow/example_dags/tutorial_taskflow_api.py took 0.158 seconds
[2026-09-19T23:15:02.849+0000] {processor.py:156} INFO - Started process (PID=14812) to work on /home/airflow/.local/lib/python3.7/site-packages/airflow/example_dags/tutorial_taskflow_api.py
[2026-09-19T23:15:02.851+0000] {processor.py:799} INFO - Processing file /home/airflow/.local/lib/python3.7/site-packages/airflow/example_dags/tutorial_taskflow_api.py for tasks to queue
[2026-09-19T23:15:02.852+0000] {logging_mixin.py:149} INFO - [2026-09-19T23:15:02.852+0000] {dagbag.py:541} INFO - Filling up the DagBag from /home/airflow/.local/lib/python3.7/site-packages/airflow/example_dags/tutorial_taskflow_api.py
[2026-09-19T23:15:02.862+0000] {processor.py:809} INFO - DAG(s) dict_keys(['tutorial_taskflow_api']) retrieved from /home/airflow/.local/lib/python3.7/site-packages/airflow/example_dags/tutorial_taskflow_api.py
[2026-09-19T23:15:02.915+0000] {logging_mixin.py:149} INFO - [2026-09-19T23:15:02.915+0000] {dag.py:2726} INFO - Sync 1 DAGs
[2026-09-19T23:15:02.956+0000] {logging_mixin.py:149} INFO - [2026-09-19T23:15:02.956+0000] {dag.py:3490} INFO - Setting next_dagrun for tutorial_taskflow_api to None, run_after=None
[2026-09-19T23:15:02.989+0000] {processor.py:178} INFO - Processing /home/airflow/.local/lib/python3.7/site-packages/airflow/example_dags/tutorial_taskflow_api.py took 0.146 seconds
[2026-09-19T23:15:33.179+0000] {processor.py:156} INFO - Started process (PID=14867) to work on /home/airflow/.local/lib/python3.7/site-packages/airflow/example_dags/tutorial_taskflow_api.py
[2026-09-19T23:15:33.181+0000] {processor.py:799} INFO - Processing file /home/airflow/.local/lib/python3.7/site-packages/airflow/example_dags/tutorial_taskflow_api.py for tasks to queue
[2026-09-19T23:15:33.182+0000] {logging_mixin.py:149} INFO - [2026-09-19T23:15:33.182+0000] {dagbag.py:541} INFO - Filling up the DagBag from /home/airflow/.local/lib/python3.7/site-packages/airflow/example_dags/tutorial_taskflow_api.py
[2026-09-19T23:15:33.192+0000] {processor.py:809} INFO - DAG(s) dict_keys(['tutorial_taskflow_api']) retrieved from /home/airflow/.local/lib/python3.7/site-packages/airflow/example_dags/tutorial_taskflow_api.py
[2026-09-19T23:15:33.234+0000] {logging_mixin.py:149} INFO - [2026-09-19T23:15:33.233+0000] {dag.py:2726} INFO - Sync 1 DAGs
[2026-09-19T23:15:33.274+0000] {logging_mixin.py:149} INFO - [2026-09-19T23:15:33.274+0000] {dag.py:3490} INFO - Setting next_dagrun for tutorial_taskflow_api to None, run_after=None
[2026-09-19T23:15:33.303+0000] {processor.py:178} INFO - Processing /home/airflow/.local/lib/python3.7/site-packages/airflow/example_dags/tutorial_taskflow_api.py took 0.132 seconds
[2026-09-19T23:16:03.913+0000] {processor.py:156} INFO - Started process (PID=14923) to work on /home/airflow/.local/lib/python3.7/site-packages/airflow/example_dags/tutorial_taskflow_api.py
[2026-09-19T23:16:03.915+0000] {processor.py:799} INFO - Processing file /home/airflow/.local/lib/python3.7/site-packages/airflow/example_dags/tutorial_taskflow_api.py for tasks to queue
[2026-09-19T23:16:03.916+0000] {logging_mixin.py:149} INFO - [2026-09-19T23:16:03.915+0000] {dagbag.py:541} INFO - Filling up the DagBag from /home/airflow/.local/lib/python3.7/site-packages/airflow/example_dags/tutorial_taskflow_api.py
[2026-09-19T23:16:03.926+0000] {processor.py:809} INFO - DAG(s) dict_keys(['tutorial_taskflow_api']) retrieved from /home/airflow/.local/lib/python3.7/site-packages/airflow/example_dags/tutorial_taskflow_api.py
[2026-09-19T23:16:03.972+0000] {logging_mixin.py:149} INFO - [2026-09-19T23:16:03.972+0000] {dag.py:2726} INFO - Sync 1 DAGs
[2026-09-19T23:16:04.022+0000] {logging_mixin.py:149} INFO - [2026-09-19T23:16:04.022+0000] {dag.py:3490} INFO - Setting next_dagrun for tutorial_taskflow_api to None, run_after=None
[2026-09-19T23:16:04.053+0000] {processor.py:178} INFO - Processing /home/airflow/.local/lib/python3.7/site-packages/airflow/example_dags/tutorial_taskflow_api.py took 0.146 seconds
[2026-09-19T23:16:35.137+0000] {processor.py:156} INFO - Started process (PID=14979) to work on /home/airflow/.local/lib/python3.7/site-packages/airflow/example_dags/tutorial_taskflow_api.py
[2026-09-19T23:16:35.139+0000] {processor.py:799} INFO - Processing file /home/airflow/.local/lib/python3.7/site-packages/airflow/example_dags/tutorial_taskflow_api.py for tasks to queue
[2026-09-19T23:16:35.140+0000] {logging_mixin.py:149} INFO - [2026-09-19T23:16:35.140+0000] {dagbag.py:541} INFO - Filling up the DagBag from /home/airflow/.local/lib/python3.7/site-packages/airflow/example_dags/tutorial_taskflow_api.py
[2026-09-19T23:16:35.154+0000] {processor.py:809} INFO - DAG(s) dict_keys(['tutorial_taskflow_api']) retrieved from /home/airflow/.local/lib/python3.7/site-packages/airflow/example_dags/tutorial_taskflow_api.py
[2026-09-19T23:16:35.205+0000] {logging_mixin.py:149} INFO - [2026-09-19T23:16:35.204+0000] {dag.py:2726} INFO - Sync 1 DAGs
[2026-09-19T23:16:35.251+0000] {logging_mixin.py:149} INFO - [2026-09-19T23:16:35.251+0000] {dag.py:3490} INFO - Setting next_dagrun for tutorial_taskflow_api to None, run_after=None
[2026-09-19T23:16:35.290+0000] {processor.py:178} INFO - Processing /home/airflow/.local/lib/python3.7/site-packages/airflow/example_dags/tutorial_taskflow_api.py took 0.161 seconds
[2026-09-19T23:17:06.273+0000] {processor.py:156} INFO - Started process (PID=15035) to work on /home/airflow/.local/lib/python3.7/site-packages/airflow/example_dags/tutorial_taskflow_api.py
[2026-09-19T23:17:06.275+0000] {processor.py:799} INFO - Processing file /home/airflow/.local/lib/python3.7/site-packages/airflow/example_dags/tutorial_taskflow_api.py for tasks to queue
[2026-09-19T23:17:06.276+0000] {logging_mixin.py:149} INFO - [2026-09-19T23:17:06.275+0000] {dagbag.py:541} INFO - Filling up the DagBag from /home/airflow/.local/lib/python3.7/site-packages/airflow/example_dags/tutorial_taskflow_api.py
[2026-09-19T23:17:06.286+0000] {processor.py:809} INFO - DAG(s) dict_keys(['tutorial_taskflow_api']) retrieved from /home/airflow/.local/lib/python3.7/site-packages/airflow/example_dags/tutorial_taskflow_api.py
[2026-09-19T23:17:06.349+0000] {logging_mixin.py:149} INFO - [2026-09-19T23:17:06.349+0000] {dag.py:2726} INFO - Sync 1 DAGs
[2026-09-19T23:17:06.401+0000] {logging_mixin.py:149} INFO - [2026-09-19T23:17:06.401+0000] {dag.py:3490} INFO - Setting next_dagrun for tutorial_taskflow_api to None, run_after=None
[2026-09-19T23:17:06.440+0000] {processor.py:178} INFO - Processing /home/airflow/.local/lib/python3.7/site-packages/airflow/example_dags/tutorial_taskflow_api.py took 0.174 seconds
[2026-09-19T23:17:36.511+0000] {processor.py:156} INFO - Started process (PID=15091) to work on /home/airflow/.local/lib/python3.7/site-packages/airflow/example_dags/tutorial_taskflow_api.py
[2026-09-19T23:17:36.512+0000] {processor.py:799} INFO - Processing file /home/airflow/.local/lib/python3.7/site-packages/airflow/example_dags/tutorial_taskflow_api.py for tasks to queue
[2026-09-19T23:17:36.514+0000] {logging_mixin.py:149} INFO - [2026-09-19T23:17:36.513+0000] {dagbag.py:541} INFO - Filling up the DagBag from /home/airflow/.local/lib/python3.7/site-packages/airflow/example_dags/tutorial_taskflow_api.py
[2026-09-19T23:17:36.524+0000] {processor.py:809} INFO - DAG(s) dict_keys(['tutorial_taskflow_api']) retrieved from /home/airflow/.local/lib/python3.7/site-packages/airflow/example_dags/tutorial_taskflow_api.py
[2026-09-19T23:17:36.572+0000] {logging_mixin.py:149} INFO - [2026-09-19T23:17:36.571+0000] {dag.py:2726} INFO - Sync 1 DAGs
[2026-09-19T23:17:36.616+0000] {logging_mixin.py:149} INFO - [2026-09-19T23:17:36.616+0000] {dag.py:3490} INFO - Setting next_dagrun for tutorial_taskflow_api to None, run_after=None
[2026-09-19T23:17:36.655+0000] {processor.py:178} INFO - Processing /home/airflow/.local/lib/python3.7/site-packages/airflow/example_dags/tutorial_taskflow_api.py took 0.150 seconds
[2026-09-19T23:18:07.198+0000] {processor.py:156} INFO - Started process (PID=15146) to work on /home/airflow/.local/lib/python3.7/site-packages/airflow/example_dags/tutorial_taskflow_api.py
[2026-09-19T23:18:07.202+0000] {processor.py:799} INFO - Processing file /home/airflow/.local/lib/python3.7/site-packages/airflow/example_dags/tutorial_taskflow_api.py for tasks to queue
[2026-09-19T23:18:07.203+0000] {logging_mixin.py:149} INFO - [2026-09-19T23:18:07.203+0000] {dagbag.py:541} INFO - Filling up the DagBag from /home/airflow/.local/lib/python3.7/site-packages/airflow/example_dags/tutorial_taskflow_api.py
[2026-09-19T23:18:07.215+0000] {processor.py:809} INFO - DAG(s) dict_keys(['tutorial_taskflow_api']) retrieved from /home/airflow/.local/lib/python3.7/site-packages/airflow/example_dags/tutorial_taskflow_api.py
[2026-09-19T23:18:07.260+0000] {logging_mixin.py:149} INFO - [2026-09-19T23:18:07.259+0000] {dag.py:2726} INFO - Sync 1 DAGs
[2026-09-19T23:18:07.307+0000] {logging_mixin.py:149} INFO - [2026-09-19T23:18:07.307+0000] {dag.py:3490} INFO - Setting next_dagrun for tutorial_taskflow_api to None, run_after=None
[2026-09-19T23:18:07.346+0000] {processor.py:178} INFO - Processing /home/airflow/.local/lib/python3.7/site-packages/airflow/example_dags/tutorial_taskflow_api.py took 0.153 seconds
[2026-09-19T23:18:37.413+0000] {processor.py:156} INFO - Started process (PID=15201) to work on /home/airflow/.local/lib/python3.7/site-packages/airflow/example_dags/tutorial_taskflow_api.py
[2026-09-19T23:18:37.415+0000] {processor.py:799} INFO - Processing file /home/airflow/.local/lib/python3.7/site-packages/airflow/example_dags/tutorial_taskflow_api.py for tasks to queue
[2026-09-19T23:18:37.416+0000] {logging_mixin.py:149} INFO - [2026-09-19T23:18:37.416+0000] {dagbag.py:541} INFO - Filling up the DagBag from /home/airflow/.local/lib/python3.7/site-packages/airflow/example_dags/tutorial_taskflow_api.py
[2026-09-19T23:18:37.426+0000] {processor.py:809} INFO - DAG(s) dict_keys(['tutorial_taskflow_api']) retrieved from /home/airflow/.local/lib/python3.7/site-packages/airflow/example_dags/tutorial_taskflow_api.py
[2026-09-19T23:18:37.470+0000] {logging_mixin.py:149} INFO - [2026-09-19T23:18:37.470+0000] {dag.py:2726} INFO - Sync 1 DAGs
[2026-09-19T23:18:37.518+0000] {logging_mixin.py:149} INFO - [2026-09-19T23:18:37.517+0000] {dag.py:3490} INFO - Setting next_dagrun for tutorial_taskflow_api to None, run_after=None
[2026-09-19T23:18:37.547+0000] {processor.py:178} INFO - Processing /home/airflow/.local/lib/python3.7/site-packages/airflow/example_dags/tutorial_taskflow_api.py took 0.142 seconds
[2026-09-19T23:19:07.670+0000] {processor.py:156} INFO - Started process (PID=15257) to work on /home/airflow/.local/lib/python3.7/site-packages/airflow/example_dags/tutorial_taskflow_api.py
[2026-09-19T23:19:07.671+0000] {processor.py:799} INFO - Processing file /home/airflow/.local/lib/python3.7/site-packages/airflow/example_dags/tutorial_taskflow_api.py for tasks to queue
[2026-09-19T23:19:07.673+0000] {logging_mixin.py:149} INFO - [2026-09-19T23:19:07.672+0000] {dagbag.py:541} INFO - Filling up the DagBag from /home/airflow/.local/lib/python3.7/site-packages/airflow/example_dags/tutorial_taskflow_api.py
[2026-09-19T23:19:07.685+0000] {processor.py:809} INFO - DAG(s) dict_keys(['tutorial_taskflow_api']) retrieved from /home/airflow/.local/lib/python3.7/site-packages/airflow/example_dags/tutorial_taskflow_api.py
[2026-09-19T23:19:07.732+0000] {logging_mixin.py:149} INFO - [2026-09-19T23:19:07.732+0000] {dag.py:2726} INFO - Sync 1 DAGs
[2026-09-19T23:19:07.777+0000] {logging_mixin.py:149} INFO - [2026-09-19T23:19:07.777+0000] {dag.py:3490} INFO - Setting next_dagrun for tutorial_taskflow_api to None, run_after=None
[2026-09-19T23:19:07.818+0000] {processor.py:178} INFO - Processing /home/airflow/.local/lib/python3.7/site-packages/airflow/example_dags/tutorial_taskflow_api.py took 0.156 seconds
[2026-09-19T23:19:38.380+0000] {processor.py:156} INFO - Started process (PID=15313) to work on /home/airflow/.local/lib/python3.7/site-packages/airflow/example_dags/tutorial_taskflow_api.py
[2026-09-19T23:19:38.382+0000] {processor.py:799} INFO - Processing file /home/airflow/.local/lib/python3.7/site-packages/airflow/example_dags/tutorial_taskflow_api.py for tasks to queue
[2026-09-19T23:19:38.383+0000] {logging_mixin.py:149} INFO - [2026-09-19T23:19:38.383+0000] {dagbag.py:541} INFO - Filling up the DagBag from /home/airflow/.local/lib/python3.7/site-packages/airflow/example_dags/tutorial_taskflow_api.py
[2026-09-19T23:19:38.395+0000] {processor.py:809} INFO - DAG(s) dict_keys(['tutorial_taskflow_api']) retrieved from /home/airflow/.local/lib/python3.7/site-packages/airflow/example_dags/tutorial_taskflow_api.py
[2026-09-19T23:19:38.453+0000] {logging_mixin.py:149} INFO - [2026-09-19T23:19:38.453+0000] {dag.py:2726} INFO - Sync 1 DAGs
[2026-09-19T23:19:38.504+0000] {logging_mixin.py:149} INFO - [2026-09-19T23:19:38.503+0000] {dag.py:3490} INFO - Setting next_dagrun for tutorial_taskflow_api to None, run_after=None
[2026-09-19T23:19:38.544+0000] {processor.py:178} INFO - Processing /home/airflow/.local/lib/python3.7/site-packages/airflow/example_dags/tutorial_taskflow_api.py took 0.171 seconds
[2026-09-19T23:20:09.030+0000] {processor.py:156} INFO - Started process (PID=15369) to work on /home/airflow/.local/lib/python3.7/site-packages/airflow/example_dags/tutorial_taskflow_api.py
[2026-09-19T23:20:09.031+0000] {processor.py:799} INFO - Processing file /home/airflow/.local/lib/python3.7/site-packages/airflow/example_dags/tutorial_taskflow_api.py for tasks to queue
[2026-09-19T23:20:09.032+0000] {logging_mixin.py:149} INFO - [2026-09-19T23:20:09.032+0000] {dagbag.py:541} INFO - Filling up the DagBag from /home/airflow/.local/lib/python3.7/site-packages/airflow/example_dags/tutorial_taskflow_api.py
[2026-09-19T23:20:09.046+0000] {processor.py:809} INFO - DAG(s) dict_keys(['tutorial_taskflow_api']) retrieved from /home/airflow/.local/lib/python3.7/site-packages/airflow/example_dags/tutorial_taskflow_api.py
[2026-09-19T23:20:09.108+0000] {logging_mixin.py:149} INFO - [2026-09-19T23:20:09.108+0000] {dag.py:2726} INFO - Sync 1 DAGs
[2026-09-19T23:20:09.169+0000] {logging_mixin.py:149} INFO - [2026-09-19T23:20:09.169+0000] {dag.py:3490} INFO - Setting next_dagrun for tutorial_taskflow_api to None, run_after=None
[2026-09-19T23:20:09.208+0000] {processor.py:178} INFO - Processing /home/airflow/.local/lib/python3.7/site-packages/airflow/example_dags/tutorial_taskflow_api.py took 0.185 seconds
[2026-09-19T23:20:39.636+0000] {processor.py:156} INFO - Started process (PID=15425) to work on /home/airflow/.local/lib/python3.7/site-packages/airflow/example_dags/tutorial_taskflow_api.py
[2026-09-19T23:20:39.639+0000] {processor.py:799} INFO - Processing file /home/airflow/.local/lib/python3.7/site-packages/airflow/example_dags/tutorial_taskflow_api.py for tasks to queue
[2026-09-19T23:20:39.640+0000] {logging_mixin.py:149} INFO - [2026-09-19T23:20:39.640+0000] {dagbag.py:541} INFO - Filling up the DagBag from /home/airflow/.local/lib/python3.7/site-packages/airflow/example_dags/tutorial_taskflow_api.py
[2026-09-19T23:20:39.651+0000] {processor.py:809} INFO - DAG(s) dict_keys(['tutorial_taskflow_api']) retrieved from /home/airflow/.local/lib/python3.7/site-packages/airflow/example_dags/tutorial_taskflow_api.py
[2026-09-19T23:20:39.697+0000] {logging_mixin.py:149} INFO - [2026-09-19T23:20:39.697+0000] {dag.py:2726} INFO - Sync 1 DAGs
[2026-09-19T23:20:39.748+0000] {logging_mixin.py:149} INFO - [2026-09-19T23:20:39.748+0000] {dag.py:3490} INFO - Setting next_dagrun for tutorial_taskflow_api to None, run_after=None
[2026-09-19T23:20:39.776+0000] {processor.py:178} INFO - Processing /home/airflow/.local/lib/python3.7/site-packages/airflow/example_dags/tutorial_taskflow_api.py took 0.146 seconds
[2026-09-19T23:21:10.250+0000] {processor.py:156} INFO - Started process (PID=15481) to work on /home/airflow/.local/lib/python3.7/site-packages/airflow/example_dags/tutorial_taskflow_api.py
[2026-09-19T23:21:10.251+0000] {processor.py:799} INFO - Processing file /home/airflow/.local/lib/python3.7/site-packages/airflow/example_dags/tutorial_taskflow_api.py for tasks to queue
[2026-09-19T23:21:10.252+0000] {logging_mixin.py:149} INFO - [2026-09-19T23:21:10.252+0000] {dagbag.py:541} INFO - Filling up the DagBag from /home/airflow/.local/lib/python3.7/site-packages/airflow/example_dags/tutorial_taskflow_api.py
[2026-09-19T23:21:10.264+0000] {processor.py:809} INFO - DAG(s) dict_keys(['tutorial_taskflow_api']) retrieved from /home/airflow/.local/lib/python3.7/site-packages/airflow/example_dags/tutorial_taskflow_api.py
[2026-09-19T23:21:10.313+0000] {logging_mixin.py:149} INFO - [2026-09-19T23:21:10.312+0000] {dag.py:2726} INFO - Sync 1 DAGs
[2026-09-19T23:21:10.354+0000] {logging_mixin.py:149} INFO - [2026-09-19T23:21:10.354+0000] {dag.py:3490} INFO - Setting next_dagrun for tutorial_taskflow_api to None, run_after=None
[2026-09-19T23:21:10.387+0000] {processor.py:178} INFO - Processing /home/airflow/.local/lib/python3.7/site-packages/airflow/example_dags/tutorial_taskflow_api.py took 0.143 seconds
[2026-09-19T23:21:40.839+0000] {processor.py:156} INFO - Started process (PID=15537) to work on /home/airflow/.local/lib/python3.7/site-packages/airflow/example_dags/tutorial_taskflow_api.py
[2026-09-19T23:21:40.842+0000] {processor.py:799} INFO - Processing file /home/airflow/.local/lib/python3.7/site-packages/airflow/example_dags/tutorial_taskflow_api.py for tasks to queue
[2026-09-19T23:21:40.843+0000] {logging_mixin.py:149} INFO - [2026-09-19T23:21:40.843+0000] {dagbag.py:541} INFO - Filling up the DagBag from /home/airflow/.local/lib/python3.7/site-packages/airflow/example_dags/tutorial_taskflow_api.py
[2026-09-19T23:21:40.855+0000] {processor.py:809} INFO - DAG(s) dict_keys(['tutorial_taskflow_api']) retrieved from /home/airflow/.local/lib/python3.7/site-packages/airflow/example_dags/tutorial_taskflow_api.py
[2026-09-19T23:21:40.902+0000] {logging_mixin.py:149} INFO - [2026-09-19T23:21:40.901+0000] {dag.py:2726} INFO - Sync 1 DAGs
[2026-09-19T23:21:40.946+0000] {logging_mixin.py:149} INFO - [2026-09-19T23:21:40.946+0000] {dag.py:3490} INFO - Setting next_dagrun for tutorial_taskflow_api to None, run_after=None
[2026-09-19T23:21:40.978+0000] {processor.py:178} INFO - Processing /home/airflow/.local/lib/python3.7/site-packages/airflow/example_dags/tutorial_taskflow_api.py took 0.147 seconds
[2026-09-19T23:22:11.552+0000] {processor.py:156} INFO - Started process (PID=15601) to work on /home/airflow/.local/lib/python3.7/site-packages/airflow/example_dags/tutorial_taskflow_api.py
[2026-09-19T23:22:11.554+0000] {processor.py:799} INFO - Processing file /home/airflow/.local/lib/python3.7/site-packages/airflow/example_dags/tutorial_taskflow_api.py for tasks to queue
[2026-09-19T23:22:11.555+0000] {logging_mixin.py:149} INFO - [2026-09-19T23:22:11.555+0000] {dagbag.py:541} INFO - Filling up the DagBag from /home/airflow/.local/lib/python3.7/site-packages/airflow/example_dags/tutorial_taskflow_api.py
[2026-09-19T23:22:11.565+0000] {processor.py:809} INFO - DAG(s) dict_keys(['tutorial_taskflow_api']) retrieved from /home/airflow/.local/lib/python3.7/site-packages/airflow/example_dags/tutorial_taskflow_api.py
[2026-09-19T23:22:11.608+0000] {logging_mixin.py:149} INFO - [2026-09-19T23:22:11.608+0000] {dag.py:2726} INFO - Sync 1 DAGs
[2026-09-19T23:22:11.651+0000] {logging_mixin.py:149} INFO - [2026-09-19T23:22:11.651+0000] {dag.py:3490} INFO - Setting next_dagrun for tutorial_taskflow_api to None, run_after=None
[2026-09-19T23:22:11.681+0000] {processor.py:178} INFO - Processing /home/airflow/.local/lib/python3.7/site-packages/airflow/example_dags/tutorial_taskflow_api.py took 0.135 seconds
[2026-09-19T23:22:41.913+0000] {processor.py:156} INFO - Started process (PID=15657) to work on /home/airflow/.local/lib/python3.7/site-packages/airflow/example_dags/tutorial_taskflow_api.py
[2026-09-19T23:22:41.916+0000] {processor.py:799} INFO - Processing file /home/airflow/.local/lib/python3.7/site-packages/airflow/example_dags/tutorial_taskflow_api.py for tasks to queue
[2026-09-19T23:22:41.918+0000] {logging_mixin.py:149} INFO - [2026-09-19T23:22:41.918+0000] {dagbag.py:541} INFO - Filling up the DagBag from /home/airflow/.local/lib/python3.7/site-packages/airflow/example_dags/tutorial_taskflow_api.py
[2026-09-19T23:22:41.932+0000] {processor.py:809} INFO - DAG(s) dict_keys(['tutorial_taskflow_api']) retrieved from /home/airflow/.local/lib/python3.7/site-packages/airflow/example_dags/tutorial_taskflow_api.py
[2026-09-19T23:22:41.977+0000] {logging_mixin.py:149} INFO - [2026-09-19T23:22:41.976+0000] {dag.py:2726} INFO - Sync 1 DAGs
[2026-09-19T23:22:42.022+0000] {logging_mixin.py:149} INFO - [2026-09-19T23:22:42.022+0000] {dag.py:3490} INFO - Setting next_dagrun for tutorial_taskflow_api to None, run_after=None
[2026-09-19T23:22:42.051+0000] {processor.py:178} INFO - Processing /home/airflow/.local/lib/python3.7/site-packages/airflow/example_dags/tutorial_taskflow_api.py took 0.145 seconds
[2026-09-19T23:23:12.801+0000] {processor.py:156} INFO - Started process (PID=15713) to work on /home/airflow/.local/lib/python3.7/site-packages/airflow/example_dags/tutorial_taskflow_api.py
[2026-09-19T23:23:12.803+0000] {processor.py:799} INFO - Processing file /home/airflow/.local/lib/python3.7/site-packages/airflow/example_dags/tutorial_taskflow_api.py for tasks to queue
[2026-09-19T23:23:12.804+0000] {logging_mixin.py:149} INFO - [2026-09-19T23:23:12.804+0000] {dagbag.py:541} INFO - Filling up the DagBag from /home/airflow/.local/lib/python3.7/site-packages/airflow/example_dags/tutorial_taskflow_api.py
[2026-09-19T23:23:12.814+0000] {processor.py:809} INFO - DAG(s) dict_keys(['tutorial_taskflow_api']) retrieved from /home/airflow/.local/lib/python3.7/site-packages/airflow/example_dags/tutorial_taskflow_api.py
[2026-09-19T23:23:12.863+0000] {logging_mixin.py:149} INFO - [2026-09-19T23:23:12.863+0000] {dag.py:2726} INFO - Sync 1 DAGs
[2026-09-19T23:23:12.908+0000] {logging_mixin.py:149} INFO - [2026-09-19T23:23:12.908+0000] {dag.py:3490} INFO - Setting next_dagrun for tutorial_taskflow_api to None, run_after=None
[2026-09-19T23:23:12.958+0000] {processor.py:178} INFO - Processing /home/airflow/.local/lib/python3.7/site-packages/airflow/example_dags/tutorial_taskflow_api.py took 0.165 seconds
[2026-09-19T23:23:43.771+0000] {processor.py:156} INFO - Started process (PID=15769) to work on /home/airflow/.local/lib/python3.7/site-packages/airflow/example_dags/tutorial_taskflow_api.py
[2026-09-19T23:23:43.777+0000] {processor.py:799} INFO - Processing file /home/airflow/.local/lib/python3.7/site-packages/airflow/example_dags/tutorial_taskflow_api.py for tasks to queue
[2026-09-19T23:23:43.778+0000] {logging_mixin.py:149} INFO - [2026-09-19T23:23:43.778+0000] {dagbag.py:541} INFO - Filling up the DagBag from /home/airflow/.local/lib/python3.7/site-packages/airflow/example_dags/tutorial_taskflow_api.py
[2026-09-19T23:23:43.790+0000] {processor.py:809} INFO - DAG(s) dict_keys(['tutorial_taskflow_api']) retrieved from /home/airflow/.local/lib/python3.7/site-packages/airflow/example_dags/tutorial_taskflow_api.py
[2026-09-19T23:23:43.838+0000] {logging_mixin.py:149} INFO - [2026-09-19T23:23:43.838+0000] {dag.py:2726} INFO - Sync 1 DAGs
[2026-09-19T23:23:43.885+0000] {logging_mixin.py:149} INFO - [2026-09-19T23:23:43.884+0000] {dag.py:3490} INFO - Setting next_dagrun for tutorial_taskflow_api to None, run_after=None
[2026-09-19T23:23:43.915+0000] {processor.py:178} INFO - Processing /home/airflow/.local/lib/python3.7/site-packages/airflow/example_dags/tutorial_taskflow_api.py took 0.152 seconds
[2026-09-19T23:24:14.116+0000] {processor.py:156} INFO - Started process (PID=15825) to work on /home/airflow/.local/lib/python3.7/site-packages/airflow/example_dags/tutorial_taskflow_api.py
[2026-09-19T23:24:14.118+0000] {processor.py:799} INFO - Processing file /home/airflow/.local/lib/python3.7/site-packages/airflow/example_dags/tutorial_taskflow_api.py for tasks to queue
[2026-09-19T23:24:14.119+0000] {logging_mixin.py:149} INFO - [2026-09-19T23:24:14.118+0000] {dagbag.py:541} INFO - Filling up the DagBag from /home/airflow/.local/lib/python3.7/site-packages/airflow/example_dags/tutorial_taskflow_api.py
[2026-09-19T23:24:14.129+0000] {processor.py:809} INFO - DAG(s) dict_keys(['tutorial_taskflow_api']) retrieved from /home/airflow/.local/lib/python3.7/site-packages/airflow/example_dags/tutorial_taskflow_api.py
[2026-09-19T23:24:14.175+0000] {logging_mixin.py:149} INFO - [2026-09-19T23:24:14.174+0000] {dag.py:2726} INFO - Sync 1 DAGs
[2026-09-19T23:24:14.215+0000] {logging_mixin.py:149} INFO - [2026-09-19T23:24:14.215+0000] {dag.py:3490} INFO - Setting next_dagrun for tutorial_taskflow_api to None, run_after=None
[2026-09-19T23:24:14.253+0000] {processor.py:178} INFO - Processing /home/airflow/.local/lib/python3.7/site-packages/airflow/example_dags/tutorial_taskflow_api.py took 0.143 seconds
[2026-09-19T23:24:45.168+0000] {processor.py:156} INFO - Started process (PID=15881) to work on /home/airflow/.local/lib/python3.7/site-packages/airflow/example_dags/tutorial_taskflow_api.py
[2026-09-19T23:24:45.170+0000] {processor.py:799} INFO - Processing file /home/airflow/.local/lib/python3.7/site-packages/airflow/example_dags/tutorial_taskflow_api.py for tasks to queue
[2026-09-19T23:24:45.171+0000] {logging_mixin.py:149} INFO - [2026-09-19T23:24:45.171+0000] {dagbag.py:541} INFO - Filling up the DagBag from /home/airflow/.local/lib/python3.7/site-packages/airflow/example_dags/tutorial_taskflow_api.py
[2026-09-19T23:24:45.181+0000] {processor.py:809} INFO - DAG(s) dict_keys(['tutorial_taskflow_api']) retrieved from /home/airflow/.local/lib/python3.7/site-packages/airflow/example_dags/tutorial_taskflow_api.py
[2026-09-19T23:24:45.234+0000] {logging_mixin.py:149} INFO - [2026-09-19T23:24:45.233+0000] {dag.py:2726} INFO - Sync 1 DAGs
[2026-09-19T23:24:45.277+0000] {logging_mixin.py:149} INFO - [2026-09-19T23:24:45.277+0000] {dag.py:3490} INFO - Setting next_dagrun for tutorial_taskflow_api to None, run_after=None
[2026-09-19T23:24:45.309+0000] {processor.py:178} INFO - Processing /home/airflow/.local/lib/python3.7/site-packages/airflow/example_dags/tutorial_taskflow_api.py took 0.147 seconds
[2026-09-19T23:25:15.410+0000] {processor.py:156} INFO - Started process (PID=15938) to work on /home/airflow/.local/lib/python3.7/site-packages/airflow/example_dags/tutorial_taskflow_api.py
[2026-09-19T23:25:15.412+0000] {processor.py:799} INFO - Processing file /home/airflow/.local/lib/python3.7/site-packages/airflow/example_dags/tutorial_taskflow_api.py for tasks to queue
[2026-09-19T23:25:15.413+0000] {logging_mixin.py:149} INFO - [2026-09-19T23:25:15.413+0000] {dagbag.py:541} INFO - Filling up the DagBag from /home/airflow/.local/lib/python3.7/site-packages/airflow/example_dags/tutorial_taskflow_api.py
[2026-09-19T23:25:15.424+0000] {processor.py:809} INFO - DAG(s) dict_keys(['tutorial_taskflow_api']) retrieved from /home/airflow/.local/lib/python3.7/site-packages/airflow/example_dags/tutorial_taskflow_api.py
[2026-09-19T23:25:15.467+0000] {logging_mixin.py:149} INFO - [2026-09-19T23:25:15.467+0000] {dag.py:2726} INFO - Sync 1 DAGs
[2026-09-19T23:25:15.507+0000] {logging_mixin.py:149} INFO - [2026-09-19T23:25:15.506+0000] {dag.py:3490} INFO - Setting next_dagrun for tutorial_taskflow_api to None, run_after=None
[2026-09-19T23:25:15.540+0000] {processor.py:178} INFO - Processing /home/airflow/.local/lib/python3.7/site-packages/airflow/example_dags/tutorial_taskflow_api.py took 0.136 seconds
[2026-09-19T23:25:45.935+0000] {processor.py:156} INFO - Started process (PID=15995) to work on /home/airflow/.local/lib/python3.7/site-packages/airflow/example_dags/tutorial_taskflow_api.py
[2026-09-19T23:25:45.937+0000] {processor.py:799} INFO - Processing file /home/airflow/.local/lib/python3.7/site-packages/airflow/example_dags/tutorial_taskflow_api.py for tasks to queue
[2026-09-19T23:25:45.938+0000] {logging_mixin.py:149} INFO - [2026-09-19T23:25:45.938+0000] {dagbag.py:541} INFO - Filling up the DagBag from /home/airflow/.local/lib/python3.7/site-packages/airflow/example_dags/tutorial_taskflow_api.py
[2026-09-19T23:25:45.950+0000] {processor.py:809} INFO - DAG(s) dict_keys(['tutorial_taskflow_api']) retrieved from /home/airflow/.local/lib/python3.7/site-packages/airflow/example_dags/tutorial_taskflow_api.py
[2026-09-19T23:25:45.995+0000] {logging_mixin.py:149} INFO - [2026-09-19T23:25:45.994+0000] {dag.py:2726} INFO - Sync 1 DAGs
[2026-09-19T23:25:46.040+0000] {logging_mixin.py:149} INFO - [2026-09-19T23:25:46.039+0000] {dag.py:3490} INFO - Setting next_dagrun for tutorial_taskflow_api to None, run_after=None
[2026-09-19T23:25:46.078+0000] {processor.py:178} INFO - Processing /home/airflow/.local/lib/python3.7/site-packages/airflow/example_dags/tutorial_taskflow_api.py took 0.150 seconds
[2026-09-19T23:26:17.843+0000] {processor.py:156} INFO - Started process (PID=16051) to work on /home/airflow/.local/lib/python3.7/site-packages/airflow/example_dags/tutorial_taskflow_api.py
[2026-09-19T23:26:17.845+0000] {processor.py:799} INFO - Processing file /home/airflow/.local/lib/python3.7/site-packages/airflow/example_dags/tutorial_taskflow_api.py for tasks to queue
[2026-09-19T23:26:17.846+0000] {logging_mixin.py:149} INFO - [2026-09-19T23:26:17.845+0000] {dagbag.py:541} INFO - Filling up the DagBag from /home/airflow/.local/lib/python3.7/site-packages/airflow/example_dags/tutorial_taskflow_api.py
[2026-09-19T23:26:17.858+0000] {processor.py:809} INFO - DAG(s) dict_keys(['tutorial_taskflow_api']) retrieved from /home/airflow/.local/lib/python3.7/site-packages/airflow/example_dags/tutorial_taskflow_api.py
[2026-09-19T23:26:17.908+0000] {logging_mixin.py:149} INFO - [2026-09-19T23:26:17.908+0000] {dag.py:2726} INFO - Sync 1 DAGs
[2026-09-19T23:26:18.143+0000] {logging_mixin.py:149} INFO - [2026-09-19T23:26:18.143+0000] {dag.py:3490} INFO - Setting next_dagrun for tutorial_taskflow_api to None, run_after=None
[2026-09-19T23:26:18.181+0000] {processor.py:178} INFO - Processing /home/airflow/.local/lib/python3.7/site-packages/airflow/example_dags/tutorial_taskflow_api.py took 0.344 seconds
[2026-09-19T23:26:48.968+0000] {processor.py:156} INFO - Started process (PID=16108) to work on /home/airflow/.local/lib/python3.7/site-packages/airflow/example_dags/tutorial_taskflow_api.py
[2026-09-19T23:26:48.970+0000] {processor.py:799} INFO - Processing file /home/airflow/.local/lib/python3.7/site-packages/airflow/example_dags/tutorial_taskflow_api.py for tasks to queue
[2026-09-19T23:26:48.971+0000] {logging_mixin.py:149} INFO - [2026-09-19T23:26:48.971+0000] {dagbag.py:541} INFO - Filling up the DagBag from /home/airflow/.local/lib/python3.7/site-packages/airflow/example_dags/tutorial_taskflow_api.py
[2026-09-19T23:26:48.982+0000] {processor.py:809} INFO - DAG(s) dict_keys(['tutorial_taskflow_api']) retrieved from /home/airflow/.local/lib/python3.7/site-packages/airflow/example_dags/tutorial_taskflow_api.py
[2026-09-19T23:26:49.030+0000] {logging_mixin.py:149} INFO - [2026-09-19T23:26:49.030+0000] {dag.py:2726} INFO - Sync 1 DAGs
[2026-09-19T23:26:49.079+0000] {logging_mixin.py:149} INFO - [2026-09-19T23:26:49.079+0000] {dag.py:3490} INFO - Setting next_dagrun for tutorial_taskflow_api to None, run_after=None
[2026-09-19T23:26:49.120+0000] {processor.py:178} INFO - Processing /home/airflow/.local/lib/python3.7/site-packages/airflow/example_dags/tutorial_taskflow_api.py took 0.159 seconds
[2026-09-19T23:27:19.304+0000] {processor.py:156} INFO - Started process (PID=16164) to work on /home/airflow/.local/lib/python3.7/site-packages/airflow/example_dags/tutorial_taskflow_api.py
[2026-09-19T23:27:19.306+0000] {processor.py:799} INFO - Processing file /home/airflow/.local/lib/python3.7/site-packages/airflow/example_dags/tutorial_taskflow_api.py for tasks to queue
[2026-09-19T23:27:19.307+0000] {logging_mixin.py:149} INFO - [2026-09-19T23:27:19.307+0000] {dagbag.py:541} INFO - Filling up the DagBag from /home/airflow/.local/lib/python3.7/site-packages/airflow/example_dags/tutorial_taskflow_api.py
[2026-09-19T23:27:19.321+0000] {processor.py:809} INFO - DAG(s) dict_keys(['tutorial_taskflow_api']) retrieved from /home/airflow/.local/lib/python3.7/site-packages/airflow/example_dags/tutorial_taskflow_api.py
[2026-09-19T23:27:19.363+0000] {logging_mixin.py:149} INFO - [2026-09-19T23:27:19.362+0000] {dag.py:2726} INFO - Sync 1 DAGs
[2026-09-19T23:27:19.410+0000] {logging_mixin.py:149} INFO - [2026-09-19T23:27:19.410+0000] {dag.py:3490} INFO - Setting next_dagrun for tutorial_taskflow_api to None, run_after=None
[2026-09-19T23:27:19.441+0000] {processor.py:178} INFO - Processing /home/airflow/.local/lib/python3.7/site-packages/airflow/example_dags/tutorial_taskflow_api.py took 0.144 seconds
[2026-09-19T23:27:50.349+0000] {processor.py:156} INFO - Started process (PID=16220) to work on /home/airflow/.local/lib/python3.7/site-packages/airflow/example_dags/tutorial_taskflow_api.py
[2026-09-19T23:27:50.355+0000] {processor.py:799} INFO - Processing file /home/airflow/.local/lib/python3.7/site-packages/airflow/example_dags/tutorial_taskflow_api.py for tasks to queue
[2026-09-19T23:27:50.357+0000] {logging_mixin.py:149} INFO - [2026-09-19T23:27:50.357+0000] {dagbag.py:541} INFO - Filling up the DagBag from /home/airflow/.local/lib/python3.7/site-packages/airflow/example_dags/tutorial_taskflow_api.py
[2026-09-19T23:27:50.374+0000] {processor.py:809} INFO - DAG(s) dict_keys(['tutorial_taskflow_api']) retrieved from /home/airflow/.local/lib/python3.7/site-packages/airflow/example_dags/tutorial_taskflow_api.py
[2026-09-19T23:27:50.417+0000] {logging_mixin.py:149} INFO - [2026-09-19T23:27:50.417+0000] {dag.py:2726} INFO - Sync 1 DAGs
[2026-09-19T23:27:50.663+0000] {logging_mixin.py:149} INFO - [2026-09-19T23:27:50.663+0000] {dag.py:3490} INFO - Setting next_dagrun for tutorial_taskflow_api to None, run_after=None
[2026-09-19T23:27:50.691+0000] {processor.py:178} INFO - Processing /home/airflow/.local/lib/python3.7/site-packages/airflow/example_dags/tutorial_taskflow_api.py took 0.352 seconds
[2026-09-19T23:28:21.105+0000] {processor.py:156} INFO - Started process (PID=16271) to work on /home/airflow/.local/lib/python3.7/site-packages/airflow/example_dags/tutorial_taskflow_api.py
[2026-09-19T23:28:21.107+0000] {processor.py:799} INFO - Processing file /home/airflow/.local/lib/python3.7/site-packages/airflow/example_dags/tutorial_taskflow_api.py for tasks to queue
[2026-09-19T23:28:21.108+0000] {logging_mixin.py:149} INFO - [2026-09-19T23:28:21.108+0000] {dagbag.py:541} INFO - Filling up the DagBag from /home/airflow/.local/lib/python3.7/site-packages/airflow/example_dags/tutorial_taskflow_api.py
[2026-09-19T23:28:21.118+0000] {processor.py:809} INFO - DAG(s) dict_keys(['tutorial_taskflow_api']) retrieved from /home/airflow/.local/lib/python3.7/site-packages/airflow/example_dags/tutorial_taskflow_api.py
[2026-09-19T23:28:21.162+0000] {logging_mixin.py:149} INFO - [2026-09-19T23:28:21.162+0000] {dag.py:2726} INFO - Sync 1 DAGs
[2026-09-19T23:28:21.207+0000] {logging_mixin.py:149} INFO - [2026-09-19T23:28:21.207+0000] {dag.py:3490} INFO - Setting next_dagrun for tutorial_taskflow_api to None, run_after=None
[2026-09-19T23:28:21.242+0000] {processor.py:178} INFO - Processing /home/airflow/.local/lib/python3.7/site-packages/airflow/example_dags/tutorial_taskflow_api.py took 0.144 seconds
[2026-09-19T23:28:51.388+0000] {processor.py:156} INFO - Started process (PID=16327) to work on /home/airflow/.local/lib/python3.7/site-packages/airflow/example_dags/tutorial_taskflow_api.py
[2026-09-19T23:28:51.390+0000] {processor.py:799} INFO - Processing file /home/airflow/.local/lib/python3.7/site-packages/airflow/example_dags/tutorial_taskflow_api.py for tasks to queue
[2026-09-19T23:28:51.392+0000] {logging_mixin.py:149} INFO - [2026-09-19T23:28:51.391+0000] {dagbag.py:541} INFO - Filling up the DagBag from /home/airflow/.local/lib/python3.7/site-packages/airflow/example_dags/tutorial_taskflow_api.py
[2026-09-19T23:28:51.402+0000] {processor.py:809} INFO - DAG(s) dict_keys(['tutorial_taskflow_api']) retrieved from /home/airflow/.local/lib/python3.7/site-packages/airflow/example_dags/tutorial_taskflow_api.py
[2026-09-19T23:28:51.450+0000] {logging_mixin.py:149} INFO - [2026-09-19T23:28:51.449+0000] {dag.py:2726} INFO - Sync 1 DAGs
[2026-09-19T23:28:51.504+0000] {logging_mixin.py:149} INFO - [2026-09-19T23:28:51.504+0000] {dag.py:3490} INFO - Setting next_dagrun for tutorial_taskflow_api to None, run_after=None
[2026-09-19T23:28:51.547+0000] {processor.py:178} INFO - Processing /home/airflow/.local/lib/python3.7/site-packages/airflow/example_dags/tutorial_taskflow_api.py took 0.164 seconds
[2026-09-19T23:29:22.355+0000] {processor.py:156} INFO - Started process (PID=16384) to work on /home/airflow/.local/lib/python3.7/site-packages/airflow/example_dags/tutorial_taskflow_api.py
[2026-09-19T23:29:22.358+0000] {processor.py:799} INFO - Processing file /home/airflow/.local/lib/python3.7/site-packages/airflow/example_dags/tutorial_taskflow_api.py for tasks to queue
[2026-09-19T23:29:22.359+0000] {logging_mixin.py:149} INFO - [2026-09-19T23:29:22.359+0000] {dagbag.py:541} INFO - Filling up the DagBag from /home/airflow/.local/lib/python3.7/site-packages/airflow/example_dags/tutorial_taskflow_api.py
[2026-09-19T23:29:22.371+0000] {processor.py:809} INFO - DAG(s) dict_keys(['tutorial_taskflow_api']) retrieved from /home/airflow/.local/lib/python3.7/site-packages/airflow/example_dags/tutorial_taskflow_api.py
[2026-09-19T23:29:22.422+0000] {logging_mixin.py:149} INFO - [2026-09-19T23:29:22.422+0000] {dag.py:2726} INFO - Sync 1 DAGs
[2026-09-19T23:29:22.683+0000] {logging_mixin.py:149} INFO - [2026-09-19T23:29:22.682+0000] {dag.py:3490} INFO - Setting next_dagrun for tutorial_taskflow_api to None, run_after=None
[2026-09-19T23:29:22.712+0000] {processor.py:178} INFO - Processing /home/airflow/.local/lib/python3.7/site-packages/airflow/example_dags/tutorial_taskflow_api.py took 0.364 seconds
[2026-09-19T23:29:52.966+0000] {processor.py:156} INFO - Started process (PID=16440) to work on /home/airflow/.local/lib/python3.7/site-packages/airflow/example_dags/tutorial_taskflow_api.py
[2026-09-19T23:29:52.968+0000] {processor.py:799} INFO - Processing file /home/airflow/.local/lib/python3.7/site-packages/airflow/example_dags/tutorial_taskflow_api.py for tasks to queue
[2026-09-19T23:29:52.969+0000] {logging_mixin.py:149} INFO - [2026-09-19T23:29:52.969+0000] {dagbag.py:541} INFO - Filling up the DagBag from /home/airflow/.local/lib/python3.7/site-packages/airflow/example_dags/tutorial_taskflow_api.py
[2026-09-19T23:29:52.981+0000] {processor.py:809} INFO - DAG(s) dict_keys(['tutorial_taskflow_api']) retrieved from /home/airflow/.local/lib/python3.7/site-packages/airflow/example_dags/tutorial_taskflow_api.py
[2026-09-19T23:29:53.031+0000] {logging_mixin.py:149} INFO - [2026-09-19T23:29:53.031+0000] {dag.py:2726} INFO - Sync 1 DAGs
[2026-09-19T23:29:53.080+0000] {logging_mixin.py:149} INFO - [2026-09-19T23:29:53.079+0000] {dag.py:3490} INFO - Setting next_dagrun for tutorial_taskflow_api to None, run_after=None
[2026-09-19T23:29:53.110+0000] {processor.py:178} INFO - Processing /home/airflow/.local/lib/python3.7/site-packages/airflow/example_dags/tutorial_taskflow_api.py took 0.150 seconds
[2026-09-19T23:30:24.046+0000] {processor.py:156} INFO - Started process (PID=16496) to work on /home/airflow/.local/lib/python3.7/site-packages/airflow/example_dags/tutorial_taskflow_api.py
[2026-09-19T23:30:24.050+0000] {processor.py:799} INFO - Processing file /home/airflow/.local/lib/python3.7/site-packages/airflow/example_dags/tutorial_taskflow_api.py for tasks to queue
[2026-09-19T23:30:24.058+0000] {logging_mixin.py:149} INFO - [2026-09-19T23:30:24.055+0000] {dagbag.py:541} INFO - Filling up the DagBag from /home/airflow/.local/lib/python3.7/site-packages/airflow/example_dags/tutorial_taskflow_api.py
[2026-09-19T23:30:24.076+0000] {processor.py:809} INFO - DAG(s) dict_keys(['tutorial_taskflow_api']) retrieved from /home/airflow/.local/lib/python3.7/site-packages/airflow/example_dags/tutorial_taskflow_api.py
[2026-09-19T23:30:24.125+0000] {logging_mixin.py:149} INFO - [2026-09-19T23:30:24.125+0000] {dag.py:2726} INFO - Sync 1 DAGs
[2026-09-19T23:30:24.167+0000] {logging_mixin.py:149} INFO - [2026-09-19T23:30:24.167+0000] {dag.py:3490} INFO - Setting next_dagrun for tutorial_taskflow_api to None, run_after=None
[2026-09-19T23:30:24.199+0000] {processor.py:178} INFO - Processing /home/airflow/.local/lib/python3.7/site-packages/airflow/example_dags/tutorial_taskflow_api.py took 0.159 seconds
[2026-09-19T23:30:54.969+0000] {processor.py:156} INFO - Started process (PID=16552) to work on /home/airflow/.local/lib/python3.7/site-packages/airflow/example_dags/tutorial_taskflow_api.py
[2026-09-19T23:30:54.973+0000] {processor.py:799} INFO - Processing file /home/airflow/.local/lib/python3.7/site-packages/airflow/example_dags/tutorial_taskflow_api.py for tasks to queue
[2026-09-19T23:30:54.974+0000] {logging_mixin.py:149} INFO - [2026-09-19T23:30:54.974+0000] {dagbag.py:541} INFO - Filling up the DagBag from /home/airflow/.local/lib/python3.7/site-packages/airflow/example_dags/tutorial_taskflow_api.py
[2026-09-19T23:30:54.985+0000] {processor.py:809} INFO - DAG(s) dict_keys(['tutorial_taskflow_api']) retrieved from /home/airflow/.local/lib/python3.7/site-packages/airflow/example_dags/tutorial_taskflow_api.py
[2026-09-19T23:30:55.037+0000] {logging_mixin.py:149} INFO - [2026-09-19T23:30:55.036+0000] {dag.py:2726} INFO - Sync 1 DAGs
[2026-09-19T23:30:55.276+0000] {logging_mixin.py:149} INFO - [2026-09-19T23:30:55.276+0000] {dag.py:3490} INFO - Setting next_dagrun for tutorial_taskflow_api to None, run_after=None
[2026-09-19T23:30:55.305+0000] {processor.py:178} INFO - Processing /home/airflow/.local/lib/python3.7/site-packages/airflow/example_dags/tutorial_taskflow_api.py took 0.344 seconds
[2026-09-19T23:31:26.170+0000] {processor.py:156} INFO - Started process (PID=16608) to work on /home/airflow/.local/lib/python3.7/site-packages/airflow/example_dags/tutorial_taskflow_api.py
[2026-09-19T23:31:26.171+0000] {processor.py:799} INFO - Processing file /home/airflow/.local/lib/python3.7/site-packages/airflow/example_dags/tutorial_taskflow_api.py for tasks to queue
[2026-09-19T23:31:26.172+0000] {logging_mixin.py:149} INFO - [2026-09-19T23:31:26.172+0000] {dagbag.py:541} INFO - Filling up the DagBag from /home/airflow/.local/lib/python3.7/site-packages/airflow/example_dags/tutorial_taskflow_api.py
[2026-09-19T23:31:26.182+0000] {processor.py:809} INFO - DAG(s) dict_keys(['tutorial_taskflow_api']) retrieved from /home/airflow/.local/lib/python3.7/site-packages/airflow/example_dags/tutorial_taskflow_api.py
[2026-09-19T23:31:26.227+0000] {logging_mixin.py:149} INFO - [2026-09-19T23:31:26.226+0000] {dag.py:2726} INFO - Sync 1 DAGs
[2026-09-19T23:31:26.275+0000] {logging_mixin.py:149} INFO - [2026-09-19T23:31:26.274+0000] {dag.py:3490} INFO - Setting next_dagrun for tutorial_taskflow_api to None, run_after=None
[2026-09-19T23:31:26.313+0000] {processor.py:178} INFO - Processing /home/airflow/.local/lib/python3.7/site-packages/airflow/example_dags/tutorial_taskflow_api.py took 0.150 seconds
[2026-09-19T23:31:56.619+0000] {processor.py:156} INFO - Started process (PID=16664) to work on /home/airflow/.local/lib/python3.7/site-packages/airflow/example_dags/tutorial_taskflow_api.py
[2026-09-19T23:31:56.628+0000] {processor.py:799} INFO - Processing file /home/airflow/.local/lib/python3.7/site-packages/airflow/example_dags/tutorial_taskflow_api.py for tasks to queue
[2026-09-19T23:31:56.630+0000] {logging_mixin.py:149} INFO - [2026-09-19T23:31:56.630+0000] {dagbag.py:541} INFO - Filling up the DagBag from /home/airflow/.local/lib/python3.7/site-packages/airflow/example_dags/tutorial_taskflow_api.py
[2026-09-19T23:31:56.641+0000] {processor.py:809} INFO - DAG(s) dict_keys(['tutorial_taskflow_api']) retrieved from /home/airflow/.local/lib/python3.7/site-packages/airflow/example_dags/tutorial_taskflow_api.py
[2026-09-19T23:31:56.895+0000] {logging_mixin.py:149} INFO - [2026-09-19T23:31:56.895+0000] {dag.py:2726} INFO - Sync 1 DAGs
[2026-09-19T23:31:56.932+0000] {logging_mixin.py:149} INFO - [2026-09-19T23:31:56.931+0000] {dag.py:3490} INFO - Setting next_dagrun for tutorial_taskflow_api to None, run_after=None
[2026-09-19T23:31:56.959+0000] {processor.py:178} INFO - Processing /home/airflow/.local/lib/python3.7/site-packages/airflow/example_dags/tutorial_taskflow_api.py took 0.346 seconds
[2026-09-19T23:32:27.666+0000] {processor.py:156} INFO - Started process (PID=16720) to work on /home/airflow/.local/lib/python3.7/site-packages/airflow/example_dags/tutorial_taskflow_api.py
[2026-09-19T23:32:27.674+0000] {processor.py:799} INFO - Processing file /home/airflow/.local/lib/python3.7/site-packages/airflow/example_dags/tutorial_taskflow_api.py for tasks to queue
[2026-09-19T23:32:27.675+0000] {logging_mixin.py:149} INFO - [2026-09-19T23:32:27.675+0000] {dagbag.py:541} INFO - Filling up the DagBag from /home/airflow/.local/lib/python3.7/site-packages/airflow/example_dags/tutorial_taskflow_api.py
[2026-09-19T23:32:27.685+0000] {processor.py:809} INFO - DAG(s) dict_keys(['tutorial_taskflow_api']) retrieved from /home/airflow/.local/lib/python3.7/site-packages/airflow/example_dags/tutorial_taskflow_api.py
[2026-09-19T23:32:27.730+0000] {logging_mixin.py:149} INFO - [2026-09-19T23:32:27.729+0000] {dag.py:2726} INFO - Sync 1 DAGs
[2026-09-19T23:32:27.775+0000] {logging_mixin.py:149} INFO - [2026-09-19T23:32:27.775+0000] {dag.py:3490} INFO - Setting next_dagrun for tutorial_taskflow_api to None, run_after=None
[2026-09-19T23:32:27.814+0000] {processor.py:178} INFO - Processing /home/airflow/.local/lib/python3.7/site-packages/airflow/example_dags/tutorial_taskflow_api.py took 0.153 seconds
[2026-09-19T23:32:58.174+0000] {processor.py:156} INFO - Started process (PID=16776) to work on /home/airflow/.local/lib/python3.7/site-packages/airflow/example_dags/tutorial_taskflow_api.py
[2026-09-19T23:32:58.176+0000] {processor.py:799} INFO - Processing file /home/airflow/.local/lib/python3.7/site-packages/airflow/example_dags/tutorial_taskflow_api.py for tasks to queue
[2026-09-19T23:32:58.177+0000] {logging_mixin.py:149} INFO - [2026-09-19T23:32:58.177+0000] {dagbag.py:541} INFO - Filling up the DagBag from /home/airflow/.local/lib/python3.7/site-packages/airflow/example_dags/tutorial_taskflow_api.py
[2026-09-19T23:32:58.188+0000] {processor.py:809} INFO - DAG(s) dict_keys(['tutorial_taskflow_api']) retrieved from /home/airflow/.local/lib/python3.7/site-packages/airflow/example_dags/tutorial_taskflow_api.py
[2026-09-19T23:32:58.240+0000] {logging_mixin.py:149} INFO - [2026-09-19T23:32:58.240+0000] {dag.py:2726} INFO - Sync 1 DAGs
[2026-09-19T23:32:58.290+0000] {logging_mixin.py:149} INFO - [2026-09-19T23:32:58.290+0000] {dag.py:3490} INFO - Setting next_dagrun for tutorial_taskflow_api to None, run_after=None
[2026-09-19T23:32:58.334+0000] {processor.py:178} INFO - Processing /home/airflow/.local/lib/python3.7/site-packages/airflow/example_dags/tutorial_taskflow_api.py took 0.166 seconds
[2026-09-19T23:33:28.676+0000] {processor.py:156} INFO - Started process (PID=16832) to work on /home/airflow/.local/lib/python3.7/site-packages/airflow/example_dags/tutorial_taskflow_api.py
[2026-09-19T23:33:28.678+0000] {processor.py:799} INFO - Processing file /home/airflow/.local/lib/python3.7/site-packages/airflow/example_dags/tutorial_taskflow_api.py for tasks to queue
[2026-09-19T23:33:28.679+0000] {logging_mixin.py:149} INFO - [2026-09-19T23:33:28.679+0000] {dagbag.py:541} INFO - Filling up the DagBag from /home/airflow/.local/lib/python3.7/site-packages/airflow/example_dags/tutorial_taskflow_api.py
[2026-09-19T23:33:28.693+0000] {processor.py:809} INFO - DAG(s) dict_keys(['tutorial_taskflow_api']) retrieved from /home/airflow/.local/lib/python3.7/site-packages/airflow/example_dags/tutorial_taskflow_api.py
[2026-09-19T23:33:28.741+0000] {logging_mixin.py:149} INFO - [2026-09-19T23:33:28.741+0000] {dag.py:2726} INFO - Sync 1 DAGs
[2026-09-19T23:33:28.790+0000] {logging_mixin.py:149} INFO - [2026-09-19T23:33:28.789+0000] {dag.py:3490} INFO - Setting next_dagrun for tutorial_taskflow_api to None, run_after=None
[2026-09-19T23:33:28.838+0000] {processor.py:178} INFO - Processing /home/airflow/.local/lib/python3.7/site-packages/airflow/example_dags/tutorial_taskflow_api.py took 0.170 seconds
[2026-09-19T23:33:59.403+0000] {processor.py:156} INFO - Started process (PID=16888) to work on /home/airflow/.local/lib/python3.7/site-packages/airflow/example_dags/tutorial_taskflow_api.py
[2026-09-19T23:33:59.408+0000] {processor.py:799} INFO - Processing file /home/airflow/.local/lib/python3.7/site-packages/airflow/example_dags/tutorial_taskflow_api.py for tasks to queue
[2026-09-19T23:33:59.410+0000] {logging_mixin.py:149} INFO - [2026-09-19T23:33:59.410+0000] {dagbag.py:541} INFO - Filling up the DagBag from /home/airflow/.local/lib/python3.7/site-packages/airflow/example_dags/tutorial_taskflow_api.py
[2026-09-19T23:33:59.423+0000] {processor.py:809} INFO - DAG(s) dict_keys(['tutorial_taskflow_api']) retrieved from /home/airflow/.local/lib/python3.7/site-packages/airflow/example_dags/tutorial_taskflow_api.py
[2026-09-19T23:33:59.469+0000] {logging_mixin.py:149} INFO - [2026-09-19T23:33:59.469+0000] {dag.py:2726} INFO - Sync 1 DAGs
[2026-09-19T23:33:59.512+0000] {logging_mixin.py:149} INFO - [2026-09-19T23:33:59.512+0000] {dag.py:3490} INFO - Setting next_dagrun for tutorial_taskflow_api to None, run_after=None
[2026-09-19T23:33:59.542+0000] {processor.py:178} INFO - Processing /home/airflow/.local/lib/python3.7/site-packages/airflow/example_dags/tutorial_taskflow_api.py took 0.146 seconds
[2026-09-19T23:34:29.790+0000] {processor.py:156} INFO - Started process (PID=16944) to work on /home/airflow/.local/lib/python3.7/site-packages/airflow/example_dags/tutorial_taskflow_api.py
[2026-09-19T23:34:29.793+0000] {processor.py:799} INFO - Processing file /home/airflow/.local/lib/python3.7/site-packages/airflow/example_dags/tutorial_taskflow_api.py for tasks to queue
[2026-09-19T23:34:29.794+0000] {logging_mixin.py:149} INFO - [2026-09-19T23:34:29.794+0000] {dagbag.py:541} INFO - Filling up the DagBag from /home/airflow/.local/lib/python3.7/site-packages/airflow/example_dags/tutorial_taskflow_api.py
[2026-09-19T23:34:29.807+0000] {processor.py:809} INFO - DAG(s) dict_keys(['tutorial_taskflow_api']) retrieved from /home/airflow/.local/lib/python3.7/site-packages/airflow/example_dags/tutorial_taskflow_api.py
[2026-09-19T23:34:29.850+0000] {logging_mixin.py:149} INFO - [2026-09-19T23:34:29.850+0000] {dag.py:2726} INFO - Sync 1 DAGs
[2026-09-19T23:34:29.896+0000] {logging_mixin.py:149} INFO - [2026-09-19T23:34:29.896+0000] {dag.py:3490} INFO - Setting next_dagrun for tutorial_taskflow_api to None, run_after=None
[2026-09-19T23:34:29.933+0000] {processor.py:178} INFO - Processing /home/airflow/.local/lib/python3.7/site-packages/airflow/example_dags/tutorial_taskflow_api.py took 0.151 seconds
[2026-09-19T23:35:00.708+0000] {processor.py:156} INFO - Started process (PID=17001) to work on /home/airflow/.local/lib/python3.7/site-packages/airflow/example_dags/tutorial_taskflow_api.py
[2026-09-19T23:35:00.709+0000] {processor.py:799} INFO - Processing file /home/airflow/.local/lib/python3.7/site-packages/airflow/example_dags/tutorial_taskflow_api.py for tasks to queue
[2026-09-19T23:35:00.710+0000] {logging_mixin.py:149} INFO - [2026-09-19T23:35:00.710+0000] {dagbag.py:541} INFO - Filling up the DagBag from /home/airflow/.local/lib/python3.7/site-packages/airflow/example_dags/tutorial_taskflow_api.py
[2026-09-19T23:35:00.722+0000] {processor.py:809} INFO - DAG(s) dict_keys(['tutorial_taskflow_api']) retrieved from /home/airflow/.local/lib/python3.7/site-packages/airflow/example_dags/tutorial_taskflow_api.py
[2026-09-19T23:35:00.766+0000] {logging_mixin.py:149} INFO - [2026-09-19T23:35:00.766+0000] {dag.py:2726} INFO - Sync 1 DAGs
[2026-09-19T23:35:00.815+0000] {logging_mixin.py:149} INFO - [2026-09-19T23:35:00.815+0000] {dag.py:3490} INFO - Setting next_dagrun for tutorial_taskflow_api to None, run_after=None
[2026-09-19T23:35:00.866+0000] {processor.py:178} INFO - Processing /home/airflow/.local/lib/python3.7/site-packages/airflow/example_dags/tutorial_taskflow_api.py took 0.164 seconds
[2026-09-19T23:35:31.480+0000] {processor.py:156} INFO - Started process (PID=17057) to work on /home/airflow/.local/lib/python3.7/site-packages/airflow/example_dags/tutorial_taskflow_api.py
[2026-09-19T23:35:31.482+0000] {processor.py:799} INFO - Processing file /home/airflow/.local/lib/python3.7/site-packages/airflow/example_dags/tutorial_taskflow_api.py for tasks to queue
[2026-09-19T23:35:31.483+0000] {logging_mixin.py:149} INFO - [2026-09-19T23:35:31.483+0000] {dagbag.py:541} INFO - Filling up the DagBag from /home/airflow/.local/lib/python3.7/site-packages/airflow/example_dags/tutorial_taskflow_api.py
[2026-09-19T23:35:31.495+0000] {processor.py:809} INFO - DAG(s) dict_keys(['tutorial_taskflow_api']) retrieved from /home/airflow/.local/lib/python3.7/site-packages/airflow/example_dags/tutorial_taskflow_api.py
[2026-09-19T23:35:31.552+0000] {logging_mixin.py:149} INFO - [2026-09-19T23:35:31.552+0000] {dag.py:2726} INFO - Sync 1 DAGs
[2026-09-19T23:35:31.599+0000] {logging_mixin.py:149} INFO - [2026-09-19T23:35:31.599+0000] {dag.py:3490} INFO - Setting next_dagrun for tutorial_taskflow_api to None, run_after=None
[2026-09-19T23:35:31.639+0000] {processor.py:178} INFO - Processing /home/airflow/.local/lib/python3.7/site-packages/airflow/example_dags/tutorial_taskflow_api.py took 0.166 seconds
[2026-09-19T23:36:02.319+0000] {processor.py:156} INFO - Started process (PID=17112) to work on /home/airflow/.local/lib/python3.7/site-packages/airflow/example_dags/tutorial_taskflow_api.py
[2026-09-19T23:36:02.321+0000] {processor.py:799} INFO - Processing file /home/airflow/.local/lib/python3.7/site-packages/airflow/example_dags/tutorial_taskflow_api.py for tasks to queue
[2026-09-19T23:36:02.322+0000] {logging_mixin.py:149} INFO - [2026-09-19T23:36:02.321+0000] {dagbag.py:541} INFO - Filling up the DagBag from /home/airflow/.local/lib/python3.7/site-packages/airflow/example_dags/tutorial_taskflow_api.py
[2026-09-19T23:36:02.331+0000] {processor.py:809} INFO - DAG(s) dict_keys(['tutorial_taskflow_api']) retrieved from /home/airflow/.local/lib/python3.7/site-packages/airflow/example_dags/tutorial_taskflow_api.py
[2026-09-19T23:36:02.375+0000] {logging_mixin.py:149} INFO - [2026-09-19T23:36:02.375+0000] {dag.py:2726} INFO - Sync 1 DAGs
[2026-09-19T23:36:02.417+0000] {logging_mixin.py:149} INFO - [2026-09-19T23:36:02.417+0000] {dag.py:3490} INFO - Setting next_dagrun for tutorial_taskflow_api to None, run_after=None
[2026-09-19T23:36:02.477+0000] {processor.py:178} INFO - Processing /home/airflow/.local/lib/python3.7/site-packages/airflow/example_dags/tutorial_taskflow_api.py took 0.162 seconds
[2026-09-19T23:36:33.287+0000] {processor.py:156} INFO - Started process (PID=17168) to work on /home/airflow/.local/lib/python3.7/site-packages/airflow/example_dags/tutorial_taskflow_api.py
[2026-09-19T23:36:33.289+0000] {processor.py:799} INFO - Processing file /home/airflow/.local/lib/python3.7/site-packages/airflow/example_dags/tutorial_taskflow_api.py for tasks to queue
[2026-09-19T23:36:33.290+0000] {logging_mixin.py:149} INFO - [2026-09-19T23:36:33.290+0000] {dagbag.py:541} INFO - Filling up the DagBag from /home/airflow/.local/lib/python3.7/site-packages/airflow/example_dags/tutorial_taskflow_api.py
[2026-09-19T23:36:33.308+0000] {processor.py:809} INFO - DAG(s) dict_keys(['tutorial_taskflow_api']) retrieved from /home/airflow/.local/lib/python3.7/site-packages/airflow/example_dags/tutorial_taskflow_api.py
[2026-09-19T23:36:33.356+0000] {logging_mixin.py:149} INFO - [2026-09-19T23:36:33.356+0000] {dag.py:2726} INFO - Sync 1 DAGs
[2026-09-19T23:36:33.404+0000] {logging_mixin.py:149} INFO - [2026-09-19T23:36:33.404+0000] {dag.py:3490} INFO - Setting next_dagrun for tutorial_taskflow_api to None, run_after=None
[2026-09-19T23:36:33.439+0000] {processor.py:178} INFO - Processing /home/airflow/.local/lib/python3.7/site-packages/airflow/example_dags/tutorial_taskflow_api.py took 0.166 seconds
[2026-09-19T23:37:03.692+0000] {processor.py:156} INFO - Started process (PID=17224) to work on /home/airflow/.local/lib/python3.7/site-packages/airflow/example_dags/tutorial_taskflow_api.py
[2026-09-19T23:37:03.693+0000] {processor.py:799} INFO - Processing file /home/airflow/.local/lib/python3.7/site-packages/airflow/example_dags/tutorial_taskflow_api.py for tasks to queue
[2026-09-19T23:37:03.694+0000] {logging_mixin.py:149} INFO - [2026-09-19T23:37:03.694+0000] {dagbag.py:541} INFO - Filling up the DagBag from /home/airflow/.local/lib/python3.7/site-packages/airflow/example_dags/tutorial_taskflow_api.py
[2026-09-19T23:37:03.706+0000] {processor.py:809} INFO - DAG(s) dict_keys(['tutorial_taskflow_api']) retrieved from /home/airflow/.local/lib/python3.7/site-packages/airflow/example_dags/tutorial_taskflow_api.py
[2026-09-19T23:37:03.757+0000] {logging_mixin.py:149} INFO - [2026-09-19T23:37:03.757+0000] {dag.py:2726} INFO - Sync 1 DAGs
[2026-09-19T23:37:03.803+0000] {logging_mixin.py:149} INFO - [2026-09-19T23:37:03.803+0000] {dag.py:3490} INFO - Setting next_dagrun for tutorial_taskflow_api to None, run_after=None
[2026-09-19T23:37:03.837+0000] {processor.py:178} INFO - Processing /home/airflow/.local/lib/python3.7/site-packages/airflow/example_dags/tutorial_taskflow_api.py took 0.150 seconds
[2026-09-19T23:37:34.015+0000] {processor.py:156} INFO - Started process (PID=17280) to work on /home/airflow/.local/lib/python3.7/site-packages/airflow/example_dags/tutorial_taskflow_api.py
[2026-09-19T23:37:34.017+0000] {processor.py:799} INFO - Processing file /home/airflow/.local/lib/python3.7/site-packages/airflow/example_dags/tutorial_taskflow_api.py for tasks to queue
[2026-09-19T23:37:34.019+0000] {logging_mixin.py:149} INFO - [2026-09-19T23:37:34.019+0000] {dagbag.py:541} INFO - Filling up the DagBag from /home/airflow/.local/lib/python3.7/site-packages/airflow/example_dags/tutorial_taskflow_api.py
[2026-09-19T23:37:34.030+0000] {processor.py:809} INFO - DAG(s) dict_keys(['tutorial_taskflow_api']) retrieved from /home/airflow/.local/lib/python3.7/site-packages/airflow/example_dags/tutorial_taskflow_api.py
[2026-09-19T23:37:34.084+0000] {logging_mixin.py:149} INFO - [2026-09-19T23:37:34.084+0000] {dag.py:2726} INFO - Sync 1 DAGs
[2026-09-19T23:37:34.128+0000] {logging_mixin.py:149} INFO - [2026-09-19T23:37:34.127+0000] {dag.py:3490} INFO - Setting next_dagrun for tutorial_taskflow_api to None, run_after=None
[2026-09-19T23:37:34.164+0000] {processor.py:178} INFO - Processing /home/airflow/.local/lib/python3.7/site-packages/airflow/example_dags/tutorial_taskflow_api.py took 0.156 seconds
[2026-09-19T23:38:04.667+0000] {processor.py:156} INFO - Started process (PID=17336) to work on /home/airflow/.local/lib/python3.7/site-packages/airflow/example_dags/tutorial_taskflow_api.py
[2026-09-19T23:38:04.669+0000] {processor.py:799} INFO - Processing file /home/airflow/.local/lib/python3.7/site-packages/airflow/example_dags/tutorial_taskflow_api.py for tasks to queue
[2026-09-19T23:38:04.671+0000] {logging_mixin.py:149} INFO - [2026-09-19T23:38:04.670+0000] {dagbag.py:541} INFO - Filling up the DagBag from /home/airflow/.local/lib/python3.7/site-packages/airflow/example_dags/tutorial_taskflow_api.py
[2026-09-19T23:38:04.683+0000] {processor.py:809} INFO - DAG(s) dict_keys(['tutorial_taskflow_api']) retrieved from /home/airflow/.local/lib/python3.7/site-packages/airflow/example_dags/tutorial_taskflow_api.py
[2026-09-19T23:38:04.729+0000] {logging_mixin.py:149} INFO - [2026-09-19T23:38:04.729+0000] {dag.py:2726} INFO - Sync 1 DAGs
[2026-09-19T23:38:04.781+0000] {logging_mixin.py:149} INFO - [2026-09-19T23:38:04.781+0000] {dag.py:3490} INFO - Setting next_dagrun for tutorial_taskflow_api to None, run_after=None
[2026-09-19T23:38:04.812+0000] {processor.py:178} INFO - Processing /home/airflow/.local/lib/python3.7/site-packages/airflow/example_dags/tutorial_taskflow_api.py took 0.151 seconds
[2026-09-19T23:38:35.473+0000] {processor.py:156} INFO - Started process (PID=17392) to work on /home/airflow/.local/lib/python3.7/site-packages/airflow/example_dags/tutorial_taskflow_api.py
[2026-09-19T23:38:35.475+0000] {processor.py:799} INFO - Processing file /home/airflow/.local/lib/python3.7/site-packages/airflow/example_dags/tutorial_taskflow_api.py for tasks to queue
[2026-09-19T23:38:35.476+0000] {logging_mixin.py:149} INFO - [2026-09-19T23:38:35.476+0000] {dagbag.py:541} INFO - Filling up the DagBag from /home/airflow/.local/lib/python3.7/site-packages/airflow/example_dags/tutorial_taskflow_api.py
[2026-09-19T23:38:35.492+0000] {processor.py:809} INFO - DAG(s) dict_keys(['tutorial_taskflow_api']) retrieved from /home/airflow/.local/lib/python3.7/site-packages/airflow/example_dags/tutorial_taskflow_api.py
[2026-09-19T23:38:35.540+0000] {logging_mixin.py:149} INFO - [2026-09-19T23:38:35.540+0000] {dag.py:2726} INFO - Sync 1 DAGs
[2026-09-19T23:38:35.593+0000] {logging_mixin.py:149} INFO - [2026-09-19T23:38:35.593+0000] {dag.py:3490} INFO - Setting next_dagrun for tutorial_taskflow_api to None, run_after=None
[2026-09-19T23:38:35.635+0000] {processor.py:178} INFO - Processing /home/airflow/.local/lib/python3.7/site-packages/airflow/example_dags/tutorial_taskflow_api.py took 0.168 seconds
[2026-09-19T23:39:05.929+0000] {processor.py:156} INFO - Started process (PID=17448) to work on /home/airflow/.local/lib/python3.7/site-packages/airflow/example_dags/tutorial_taskflow_api.py
[2026-09-19T23:39:05.933+0000] {processor.py:799} INFO - Processing file /home/airflow/.local/lib/python3.7/site-packages/airflow/example_dags/tutorial_taskflow_api.py for tasks to queue
[2026-09-19T23:39:05.934+0000] {logging_mixin.py:149} INFO - [2026-09-19T23:39:05.934+0000] {dagbag.py:541} INFO - Filling up the DagBag from /home/airflow/.local/lib/python3.7/site-packages/airflow/example_dags/tutorial_taskflow_api.py
[2026-09-19T23:39:05.947+0000] {processor.py:809} INFO - DAG(s) dict_keys(['tutorial_taskflow_api']) retrieved from /home/airflow/.local/lib/python3.7/site-packages/airflow/example_dags/tutorial_taskflow_api.py
[2026-09-19T23:39:05.999+0000] {logging_mixin.py:149} INFO - [2026-09-19T23:39:05.999+0000] {dag.py:2726} INFO - Sync 1 DAGs
[2026-09-19T23:39:06.059+0000] {logging_mixin.py:149} INFO - [2026-09-19T23:39:06.059+0000] {dag.py:3490} INFO - Setting next_dagrun for tutorial_taskflow_api to None, run_after=None
[2026-09-19T23:39:06.093+0000] {processor.py:178} INFO - Processing /home/airflow/.local/lib/python3.7/site-packages/airflow/example_dags/tutorial_taskflow_api.py took 0.169 seconds
[2026-09-19T23:39:36.356+0000] {processor.py:156} INFO - Started process (PID=17503) to work on /home/airflow/.local/lib/python3.7/site-packages/airflow/example_dags/tutorial_taskflow_api.py
[2026-09-19T23:39:36.358+0000] {processor.py:799} INFO - Processing file /home/airflow/.local/lib/python3.7/site-packages/airflow/example_dags/tutorial_taskflow_api.py for tasks to queue
[2026-09-19T23:39:36.359+0000] {logging_mixin.py:149} INFO - [2026-09-19T23:39:36.359+0000] {dagbag.py:541} INFO - Filling up the DagBag from /home/airflow/.local/lib/python3.7/site-packages/airflow/example_dags/tutorial_taskflow_api.py
[2026-09-19T23:39:36.369+0000] {processor.py:809} INFO - DAG(s) dict_keys(['tutorial_taskflow_api']) retrieved from /home/airflow/.local/lib/python3.7/site-packages/airflow/example_dags/tutorial_taskflow_api.py
[2026-09-19T23:39:36.408+0000] {logging_mixin.py:149} INFO - [2026-09-19T23:39:36.408+0000] {dag.py:2726} INFO - Sync 1 DAGs
[2026-09-19T23:39:36.454+0000] {logging_mixin.py:149} INFO - [2026-09-19T23:39:36.453+0000] {dag.py:3490} INFO - Setting next_dagrun for tutorial_taskflow_api to None, run_after=None
[2026-09-19T23:39:36.487+0000] {processor.py:178} INFO - Processing /home/airflow/.local/lib/python3.7/site-packages/airflow/example_dags/tutorial_taskflow_api.py took 0.136 seconds
[2026-09-19T23:40:07.358+0000] {processor.py:156} INFO - Started process (PID=17559) to work on /home/airflow/.local/lib/python3.7/site-packages/airflow/example_dags/tutorial_taskflow_api.py
[2026-09-19T23:40:07.362+0000] {processor.py:799} INFO - Processing file /home/airflow/.local/lib/python3.7/site-packages/airflow/example_dags/tutorial_taskflow_api.py for tasks to queue
[2026-09-19T23:40:07.365+0000] {logging_mixin.py:149} INFO - [2026-09-19T23:40:07.364+0000] {dagbag.py:541} INFO - Filling up the DagBag from /home/airflow/.local/lib/python3.7/site-packages/airflow/example_dags/tutorial_taskflow_api.py
[2026-09-19T23:40:07.386+0000] {processor.py:809} INFO - DAG(s) dict_keys(['tutorial_taskflow_api']) retrieved from /home/airflow/.local/lib/python3.7/site-packages/airflow/example_dags/tutorial_taskflow_api.py
[2026-09-19T23:40:07.429+0000] {logging_mixin.py:149} INFO - [2026-09-19T23:40:07.428+0000] {dag.py:2726} INFO - Sync 1 DAGs
[2026-09-19T23:40:07.468+0000] {logging_mixin.py:149} INFO - [2026-09-19T23:40:07.468+0000] {dag.py:3490} INFO - Setting next_dagrun for tutorial_taskflow_api to None, run_after=None
[2026-09-19T23:40:07.498+0000] {processor.py:178} INFO - Processing /home/airflow/.local/lib/python3.7/site-packages/airflow/example_dags/tutorial_taskflow_api.py took 0.150 seconds
[2026-09-19T23:40:37.787+0000] {processor.py:156} INFO - Started process (PID=17615) to work on /home/airflow/.local/lib/python3.7/site-packages/airflow/example_dags/tutorial_taskflow_api.py
[2026-09-19T23:40:37.788+0000] {processor.py:799} INFO - Processing file /home/airflow/.local/lib/python3.7/site-packages/airflow/example_dags/tutorial_taskflow_api.py for tasks to queue
[2026-09-19T23:40:37.789+0000] {logging_mixin.py:149} INFO - [2026-09-19T23:40:37.789+0000] {dagbag.py:541} INFO - Filling up the DagBag from /home/airflow/.local/lib/python3.7/site-packages/airflow/example_dags/tutorial_taskflow_api.py
[2026-09-19T23:40:37.799+0000] {processor.py:809} INFO - DAG(s) dict_keys(['tutorial_taskflow_api']) retrieved from /home/airflow/.local/lib/python3.7/site-packages/airflow/example_dags/tutorial_taskflow_api.py
[2026-09-19T23:40:37.842+0000] {logging_mixin.py:149} INFO - [2026-09-19T23:40:37.842+0000] {dag.py:2726} INFO - Sync 1 DAGs
[2026-09-19T23:40:37.883+0000] {logging_mixin.py:149} INFO - [2026-09-19T23:40:37.883+0000] {dag.py:3490} INFO - Setting next_dagrun for tutorial_taskflow_api to None, run_after=None
[2026-09-19T23:40:37.913+0000] {processor.py:178} INFO - Processing /home/airflow/.local/lib/python3.7/site-packages/airflow/example_dags/tutorial_taskflow_api.py took 0.133 seconds
[2026-09-19T23:41:08.058+0000] {processor.py:156} INFO - Started process (PID=17671) to work on /home/airflow/.local/lib/python3.7/site-packages/airflow/example_dags/tutorial_taskflow_api.py
[2026-09-19T23:41:08.059+0000] {processor.py:799} INFO - Processing file /home/airflow/.local/lib/python3.7/site-packages/airflow/example_dags/tutorial_taskflow_api.py for tasks to queue
[2026-09-19T23:41:08.060+0000] {logging_mixin.py:149} INFO - [2026-09-19T23:41:08.060+0000] {dagbag.py:541} INFO - Filling up the DagBag from /home/airflow/.local/lib/python3.7/site-packages/airflow/example_dags/tutorial_taskflow_api.py
[2026-09-19T23:41:08.070+0000] {processor.py:809} INFO - DAG(s) dict_keys(['tutorial_taskflow_api']) retrieved from /home/airflow/.local/lib/python3.7/site-packages/airflow/example_dags/tutorial_taskflow_api.py
[2026-09-19T23:41:08.118+0000] {logging_mixin.py:149} INFO - [2026-09-19T23:41:08.117+0000] {dag.py:2726} INFO - Sync 1 DAGs
[2026-09-19T23:41:08.165+0000] {logging_mixin.py:149} INFO - [2026-09-19T23:41:08.165+0000] {dag.py:3490} INFO - Setting next_dagrun for tutorial_taskflow_api to None, run_after=None
[2026-09-19T23:41:08.208+0000] {processor.py:178} INFO - Processing /home/airflow/.local/lib/python3.7/site-packages/airflow/example_dags/tutorial_taskflow_api.py took 0.157 seconds
[2026-09-19T23:41:38.769+0000] {processor.py:156} INFO - Started process (PID=17727) to work on /home/airflow/.local/lib/python3.7/site-packages/airflow/example_dags/tutorial_taskflow_api.py
[2026-09-19T23:41:38.771+0000] {processor.py:799} INFO - Processing file /home/airflow/.local/lib/python3.7/site-packages/airflow/example_dags/tutorial_taskflow_api.py for tasks to queue
[2026-09-19T23:41:38.773+0000] {logging_mixin.py:149} INFO - [2026-09-19T23:41:38.772+0000] {dagbag.py:541} INFO - Filling up the DagBag from /home/airflow/.local/lib/python3.7/site-packages/airflow/example_dags/tutorial_taskflow_api.py
[2026-09-19T23:41:38.784+0000] {processor.py:809} INFO - DAG(s) dict_keys(['tutorial_taskflow_api']) retrieved from /home/airflow/.local/lib/python3.7/site-packages/airflow/example_dags/tutorial_taskflow_api.py
[2026-09-19T23:41:38.829+0000] {logging_mixin.py:149} INFO - [2026-09-19T23:41:38.828+0000] {dag.py:2726} INFO - Sync 1 DAGs
[2026-09-19T23:41:38.872+0000] {logging_mixin.py:149} INFO - [2026-09-19T23:41:38.872+0000] {dag.py:3490} INFO - Setting next_dagrun for tutorial_taskflow_api to None, run_after=None
[2026-09-19T23:41:38.902+0000] {processor.py:178} INFO - Processing /home/airflow/.local/lib/python3.7/site-packages/airflow/example_dags/tutorial_taskflow_api.py took 0.138 seconds
[2026-09-19T23:42:09.604+0000] {processor.py:156} INFO - Started process (PID=17782) to work on /home/airflow/.local/lib/python3.7/site-packages/airflow/example_dags/tutorial_taskflow_api.py
[2026-09-19T23:42:09.608+0000] {processor.py:799} INFO - Processing file /home/airflow/.local/lib/python3.7/site-packages/airflow/example_dags/tutorial_taskflow_api.py for tasks to queue
[2026-09-19T23:42:09.609+0000] {logging_mixin.py:149} INFO - [2026-09-19T23:42:09.609+0000] {dagbag.py:541} INFO - Filling up the DagBag from /home/airflow/.local/lib/python3.7/site-packages/airflow/example_dags/tutorial_taskflow_api.py
[2026-09-19T23:42:09.620+0000] {processor.py:809} INFO - DAG(s) dict_keys(['tutorial_taskflow_api']) retrieved from /home/airflow/.local/lib/python3.7/site-packages/airflow/example_dags/tutorial_taskflow_api.py
[2026-09-19T23:42:09.668+0000] {logging_mixin.py:149} INFO - [2026-09-19T23:42:09.668+0000] {dag.py:2726} INFO - Sync 1 DAGs
[2026-09-19T23:42:09.712+0000] {logging_mixin.py:149} INFO - [2026-09-19T23:42:09.711+0000] {dag.py:3490} INFO - Setting next_dagrun for tutorial_taskflow_api to None, run_after=None
[2026-09-19T23:42:09.755+0000] {processor.py:178} INFO - Processing /home/airflow/.local/lib/python3.7/site-packages/airflow/example_dags/tutorial_taskflow_api.py took 0.159 seconds
[2026-09-19T23:42:40.390+0000] {processor.py:156} INFO - Started process (PID=17838) to work on /home/airflow/.local/lib/python3.7/site-packages/airflow/example_dags/tutorial_taskflow_api.py
[2026-09-19T23:42:40.391+0000] {processor.py:799} INFO - Processing file /home/airflow/.local/lib/python3.7/site-packages/airflow/example_dags/tutorial_taskflow_api.py for tasks to queue
[2026-09-19T23:42:40.392+0000] {logging_mixin.py:149} INFO - [2026-09-19T23:42:40.392+0000] {dagbag.py:541} INFO - Filling up the DagBag from /home/airflow/.local/lib/python3.7/site-packages/airflow/example_dags/tutorial_taskflow_api.py
[2026-09-19T23:42:40.404+0000] {processor.py:809} INFO - DAG(s) dict_keys(['tutorial_taskflow_api']) retrieved from /home/airflow/.local/lib/python3.7/site-packages/airflow/example_dags/tutorial_taskflow_api.py
[2026-09-19T23:42:40.453+0000] {logging_mixin.py:149} INFO - [2026-09-19T23:42:40.453+0000] {dag.py:2726} INFO - Sync 1 DAGs
[2026-09-19T23:42:40.505+0000] {logging_mixin.py:149} INFO - [2026-09-19T23:42:40.505+0000] {dag.py:3490} INFO - Setting next_dagrun for tutorial_taskflow_api to None, run_after=None
[2026-09-19T23:42:40.547+0000] {processor.py:178} INFO - Processing /home/airflow/.local/lib/python3.7/site-packages/airflow/example_dags/tutorial_taskflow_api.py took 0.164 seconds
[2026-09-19T23:43:11.215+0000] {processor.py:156} INFO - Started process (PID=17894) to work on /home/airflow/.local/lib/python3.7/site-packages/airflow/example_dags/tutorial_taskflow_api.py
[2026-09-19T23:43:11.217+0000] {processor.py:799} INFO - Processing file /home/airflow/.local/lib/python3.7/site-packages/airflow/example_dags/tutorial_taskflow_api.py for tasks to queue
[2026-09-19T23:43:11.218+0000] {logging_mixin.py:149} INFO - [2026-09-19T23:43:11.218+0000] {dagbag.py:541} INFO - Filling up the DagBag from /home/airflow/.local/lib/python3.7/site-packages/airflow/example_dags/tutorial_taskflow_api.py
[2026-09-19T23:43:11.229+0000] {processor.py:809} INFO - DAG(s) dict_keys(['tutorial_taskflow_api']) retrieved from /home/airflow/.local/lib/python3.7/site-packages/airflow/example_dags/tutorial_taskflow_api.py
[2026-09-19T23:43:11.276+0000] {logging_mixin.py:149} INFO - [2026-09-19T23:43:11.275+0000] {dag.py:2726} INFO - Sync 1 DAGs
[2026-09-19T23:43:11.321+0000] {logging_mixin.py:149} INFO - [2026-09-19T23:43:11.321+0000] {dag.py:3490} INFO - Setting next_dagrun for tutorial_taskflow_api to None, run_after=None
[2026-09-19T23:43:11.359+0000] {processor.py:178} INFO - Processing /home/airflow/.local/lib/python3.7/site-packages/airflow/example_dags/tutorial_taskflow_api.py took 0.150 seconds
[2026-09-19T23:43:41.808+0000] {processor.py:156} INFO - Started process (PID=17950) to work on /home/airflow/.local/lib/python3.7/site-packages/airflow/example_dags/tutorial_taskflow_api.py
[2026-09-19T23:43:41.810+0000] {processor.py:799} INFO - Processing file /home/airflow/.local/lib/python3.7/site-packages/airflow/example_dags/tutorial_taskflow_api.py for tasks to queue
[2026-09-19T23:43:41.812+0000] {logging_mixin.py:149} INFO - [2026-09-19T23:43:41.811+0000] {dagbag.py:541} INFO - Filling up the DagBag from /home/airflow/.local/lib/python3.7/site-packages/airflow/example_dags/tutorial_taskflow_api.py
[2026-09-19T23:43:41.825+0000] {processor.py:809} INFO - DAG(s) dict_keys(['tutorial_taskflow_api']) retrieved from /home/airflow/.local/lib/python3.7/site-packages/airflow/example_dags/tutorial_taskflow_api.py
[2026-09-19T23:43:41.874+0000] {logging_mixin.py:149} INFO - [2026-09-19T23:43:41.874+0000] {dag.py:2726} INFO - Sync 1 DAGs
[2026-09-19T23:43:41.915+0000] {logging_mixin.py:149} INFO - [2026-09-19T23:43:41.915+0000] {dag.py:3490} INFO - Setting next_dagrun for tutorial_taskflow_api to None, run_after=None
[2026-09-19T23:43:41.951+0000] {processor.py:178} INFO - Processing /home/airflow/.local/lib/python3.7/site-packages/airflow/example_dags/tutorial_taskflow_api.py took 0.149 seconds
[2026-09-19T23:44:12.509+0000] {processor.py:156} INFO - Started process (PID=18006) to work on /home/airflow/.local/lib/python3.7/site-packages/airflow/example_dags/tutorial_taskflow_api.py
[2026-09-19T23:44:12.510+0000] {processor.py:799} INFO - Processing file /home/airflow/.local/lib/python3.7/site-packages/airflow/example_dags/tutorial_taskflow_api.py for tasks to queue
[2026-09-19T23:44:12.512+0000] {logging_mixin.py:149} INFO - [2026-09-19T23:44:12.512+0000] {dagbag.py:541} INFO - Filling up the DagBag from /home/airflow/.local/lib/python3.7/site-packages/airflow/example_dags/tutorial_taskflow_api.py
[2026-09-19T23:44:12.524+0000] {processor.py:809} INFO - DAG(s) dict_keys(['tutorial_taskflow_api']) retrieved from /home/airflow/.local/lib/python3.7/site-packages/airflow/example_dags/tutorial_taskflow_api.py
[2026-09-19T23:44:12.583+0000] {logging_mixin.py:149} INFO - [2026-09-19T23:44:12.583+0000] {dag.py:2726} INFO - Sync 1 DAGs
[2026-09-19T23:44:12.637+0000] {logging_mixin.py:149} INFO - [2026-09-19T23:44:12.637+0000] {dag.py:3490} INFO - Setting next_dagrun for tutorial_taskflow_api to None, run_after=None
[2026-09-19T23:44:12.684+0000] {processor.py:178} INFO - Processing /home/airflow/.local/lib/python3.7/site-packages/airflow/example_dags/tutorial_taskflow_api.py took 0.183 seconds
[2026-09-19T23:44:43.139+0000] {processor.py:156} INFO - Started process (PID=18062) to work on /home/airflow/.local/lib/python3.7/site-packages/airflow/example_dags/tutorial_taskflow_api.py
[2026-09-19T23:44:43.141+0000] {processor.py:799} INFO - Processing file /home/airflow/.local/lib/python3.7/site-packages/airflow/example_dags/tutorial_taskflow_api.py for tasks to queue
[2026-09-19T23:44:43.142+0000] {logging_mixin.py:149} INFO - [2026-09-19T23:44:43.142+0000] {dagbag.py:541} INFO - Filling up the DagBag from /home/airflow/.local/lib/python3.7/site-packages/airflow/example_dags/tutorial_taskflow_api.py
[2026-09-19T23:44:43.153+0000] {processor.py:809} INFO - DAG(s) dict_keys(['tutorial_taskflow_api']) retrieved from /home/airflow/.local/lib/python3.7/site-packages/airflow/example_dags/tutorial_taskflow_api.py
[2026-09-19T23:44:43.202+0000] {logging_mixin.py:149} INFO - [2026-09-19T23:44:43.201+0000] {dag.py:2726} INFO - Sync 1 DAGs
[2026-09-19T23:44:43.255+0000] {logging_mixin.py:149} INFO - [2026-09-19T23:44:43.255+0000] {dag.py:3490} INFO - Setting next_dagrun for tutorial_taskflow_api to None, run_after=None
[2026-09-19T23:44:43.295+0000] {processor.py:178} INFO - Processing /home/airflow/.local/lib/python3.7/site-packages/airflow/example_dags/tutorial_taskflow_api.py took 0.162 seconds
[2026-09-19T23:45:13.619+0000] {processor.py:156} INFO - Started process (PID=18119) to work on /home/airflow/.local/lib/python3.7/site-packages/airflow/example_dags/tutorial_taskflow_api.py
[2026-09-19T23:45:13.621+0000] {processor.py:799} INFO - Processing file /home/airflow/.local/lib/python3.7/site-packages/airflow/example_dags/tutorial_taskflow_api.py for tasks to queue
[2026-09-19T23:45:13.622+0000] {logging_mixin.py:149} INFO - [2026-09-19T23:45:13.622+0000] {dagbag.py:541} INFO - Filling up the DagBag from /home/airflow/.local/lib/python3.7/site-packages/airflow/example_dags/tutorial_taskflow_api.py
[2026-09-19T23:45:13.632+0000] {processor.py:809} INFO - DAG(s) dict_keys(['tutorial_taskflow_api']) retrieved from /home/airflow/.local/lib/python3.7/site-packages/airflow/example_dags/tutorial_taskflow_api.py
[2026-09-19T23:45:13.674+0000] {logging_mixin.py:149} INFO - [2026-09-19T23:45:13.674+0000] {dag.py:2726} INFO - Sync 1 DAGs
[2026-09-19T23:45:13.715+0000] {logging_mixin.py:149} INFO - [2026-09-19T23:45:13.715+0000] {dag.py:3490} INFO - Setting next_dagrun for tutorial_taskflow_api to None, run_after=None
[2026-09-19T23:45:13.745+0000] {processor.py:178} INFO - Processing /home/airflow/.local/lib/python3.7/site-packages/airflow/example_dags/tutorial_taskflow_api.py took 0.132 seconds
[2026-09-19T23:45:44.427+0000] {processor.py:156} INFO - Started process (PID=18175) to work on /home/airflow/.local/lib/python3.7/site-packages/airflow/example_dags/tutorial_taskflow_api.py
[2026-09-19T23:45:44.431+0000] {processor.py:799} INFO - Processing file /home/airflow/.local/lib/python3.7/site-packages/airflow/example_dags/tutorial_taskflow_api.py for tasks to queue
[2026-09-19T23:45:44.433+0000] {logging_mixin.py:149} INFO - [2026-09-19T23:45:44.432+0000] {dagbag.py:541} INFO - Filling up the DagBag from /home/airflow/.local/lib/python3.7/site-packages/airflow/example_dags/tutorial_taskflow_api.py
[2026-09-19T23:45:44.444+0000] {processor.py:809} INFO - DAG(s) dict_keys(['tutorial_taskflow_api']) retrieved from /home/airflow/.local/lib/python3.7/site-packages/airflow/example_dags/tutorial_taskflow_api.py
[2026-09-19T23:45:44.492+0000] {logging_mixin.py:149} INFO - [2026-09-19T23:45:44.492+0000] {dag.py:2726} INFO - Sync 1 DAGs
[2026-09-19T23:45:44.539+0000] {logging_mixin.py:149} INFO - [2026-09-19T23:45:44.539+0000] {dag.py:3490} INFO - Setting next_dagrun for tutorial_taskflow_api to None, run_after=None
[2026-09-19T23:45:44.579+0000] {processor.py:178} INFO - Processing /home/airflow/.local/lib/python3.7/site-packages/airflow/example_dags/tutorial_taskflow_api.py took 0.158 seconds
[2026-09-19T23:46:14.791+0000] {processor.py:156} INFO - Started process (PID=18231) to work on /home/airflow/.local/lib/python3.7/site-packages/airflow/example_dags/tutorial_taskflow_api.py
[2026-09-19T23:46:14.794+0000] {processor.py:799} INFO - Processing file /home/airflow/.local/lib/python3.7/site-packages/airflow/example_dags/tutorial_taskflow_api.py for tasks to queue
[2026-09-19T23:46:14.796+0000] {logging_mixin.py:149} INFO - [2026-09-19T23:46:14.796+0000] {dagbag.py:541} INFO - Filling up the DagBag from /home/airflow/.local/lib/python3.7/site-packages/airflow/example_dags/tutorial_taskflow_api.py
[2026-09-19T23:46:14.808+0000] {processor.py:809} INFO - DAG(s) dict_keys(['tutorial_taskflow_api']) retrieved from /home/airflow/.local/lib/python3.7/site-packages/airflow/example_dags/tutorial_taskflow_api.py
[2026-09-19T23:46:14.851+0000] {logging_mixin.py:149} INFO - [2026-09-19T23:46:14.850+0000] {dag.py:2726} INFO - Sync 1 DAGs
[2026-09-19T23:46:14.890+0000] {logging_mixin.py:149} INFO - [2026-09-19T23:46:14.890+0000] {dag.py:3490} INFO - Setting next_dagrun for tutorial_taskflow_api to None, run_after=None
[2026-09-19T23:46:14.919+0000] {processor.py:178} INFO - Processing /home/airflow/.local/lib/python3.7/site-packages/airflow/example_dags/tutorial_taskflow_api.py took 0.137 seconds
[2026-09-19T23:46:45.052+0000] {processor.py:156} INFO - Started process (PID=18287) to work on /home/airflow/.local/lib/python3.7/site-packages/airflow/example_dags/tutorial_taskflow_api.py
[2026-09-19T23:46:45.054+0000] {processor.py:799} INFO - Processing file /home/airflow/.local/lib/python3.7/site-packages/airflow/example_dags/tutorial_taskflow_api.py for tasks to queue
[2026-09-19T23:46:45.055+0000] {logging_mixin.py:149} INFO - [2026-09-19T23:46:45.055+0000] {dagbag.py:541} INFO - Filling up the DagBag from /home/airflow/.local/lib/python3.7/site-packages/airflow/example_dags/tutorial_taskflow_api.py
[2026-09-19T23:46:45.065+0000] {processor.py:809} INFO - DAG(s) dict_keys(['tutorial_taskflow_api']) retrieved from /home/airflow/.local/lib/python3.7/site-packages/airflow/example_dags/tutorial_taskflow_api.py
[2026-09-19T23:46:45.116+0000] {logging_mixin.py:149} INFO - [2026-09-19T23:46:45.116+0000] {dag.py:2726} INFO - Sync 1 DAGs
[2026-09-19T23:46:45.164+0000] {logging_mixin.py:149} INFO - [2026-09-19T23:46:45.164+0000] {dag.py:3490} INFO - Setting next_dagrun for tutorial_taskflow_api to None, run_after=None
[2026-09-19T23:46:45.199+0000] {processor.py:178} INFO - Processing /home/airflow/.local/lib/python3.7/site-packages/airflow/example_dags/tutorial_taskflow_api.py took 0.153 seconds
[2026-09-19T23:47:15.830+0000] {processor.py:156} INFO - Started process (PID=18344) to work on /home/airflow/.local/lib/python3.7/site-packages/airflow/example_dags/tutorial_taskflow_api.py
[2026-09-19T23:47:15.832+0000] {processor.py:799} INFO - Processing file /home/airflow/.local/lib/python3.7/site-packages/airflow/example_dags/tutorial_taskflow_api.py for tasks to queue
[2026-09-19T23:47:15.834+0000] {logging_mixin.py:149} INFO - [2026-09-19T23:47:15.834+0000] {dagbag.py:541} INFO - Filling up the DagBag from /home/airflow/.local/lib/python3.7/site-packages/airflow/example_dags/tutorial_taskflow_api.py
[2026-09-19T23:47:15.847+0000] {processor.py:809} INFO - DAG(s) dict_keys(['tutorial_taskflow_api']) retrieved from /home/airflow/.local/lib/python3.7/site-packages/airflow/example_dags/tutorial_taskflow_api.py
[2026-09-19T23:47:15.905+0000] {logging_mixin.py:149} INFO - [2026-09-19T23:47:15.905+0000] {dag.py:2726} INFO - Sync 1 DAGs
[2026-09-19T23:47:15.961+0000] {logging_mixin.py:149} INFO - [2026-09-19T23:47:15.960+0000] {dag.py:3490} INFO - Setting next_dagrun for tutorial_taskflow_api to None, run_after=None
[2026-09-19T23:47:15.992+0000] {processor.py:178} INFO - Processing /home/airflow/.local/lib/python3.7/site-packages/airflow/example_dags/tutorial_taskflow_api.py took 0.168 seconds
[2026-09-19T23:47:46.198+0000] {processor.py:156} INFO - Started process (PID=18408) to work on /home/airflow/.local/lib/python3.7/site-packages/airflow/example_dags/tutorial_taskflow_api.py
[2026-09-19T23:47:46.200+0000] {processor.py:799} INFO - Processing file /home/airflow/.local/lib/python3.7/site-packages/airflow/example_dags/tutorial_taskflow_api.py for tasks to queue
[2026-09-19T23:47:46.201+0000] {logging_mixin.py:149} INFO - [2026-09-19T23:47:46.201+0000] {dagbag.py:541} INFO - Filling up the DagBag from /home/airflow/.local/lib/python3.7/site-packages/airflow/example_dags/tutorial_taskflow_api.py
[2026-09-19T23:47:46.212+0000] {processor.py:809} INFO - DAG(s) dict_keys(['tutorial_taskflow_api']) retrieved from /home/airflow/.local/lib/python3.7/site-packages/airflow/example_dags/tutorial_taskflow_api.py
[2026-09-19T23:47:46.262+0000] {logging_mixin.py:149} INFO - [2026-09-19T23:47:46.262+0000] {dag.py:2726} INFO - Sync 1 DAGs
[2026-09-19T23:47:46.309+0000] {logging_mixin.py:149} INFO - [2026-09-19T23:47:46.309+0000] {dag.py:3490} INFO - Setting next_dagrun for tutorial_taskflow_api to None, run_after=None
[2026-09-19T23:47:46.343+0000] {processor.py:178} INFO - Processing /home/airflow/.local/lib/python3.7/site-packages/airflow/example_dags/tutorial_taskflow_api.py took 0.150 seconds
