[2026-09-27T02:06:46.648+0000] {processor.py:156} INFO - Started process (PID=94) to work on /home/airflow/.local/lib/python3.7/site-packages/airflow/example_dags/plugins/listener_plugin.py
[2026-09-27T02:06:46.649+0000] {processor.py:799} INFO - Processing file /home/airflow/.local/lib/python3.7/site-packages/airflow/example_dags/plugins/listener_plugin.py for tasks to queue
[2026-09-27T02:06:46.650+0000] {logging_mixin.py:149} INFO - [2026-09-27T02:06:46.650+0000] {dagbag.py:541} INFO - Filling up the DagBag from /home/airflow/.local/lib/python3.7/site-packages/airflow/example_dags/plugins/listener_plugin.py
[2026-09-27T02:06:46.654+0000] {processor.py:811} WARNING - No viable dags retrieved from /home/airflow/.local/lib/python3.7/site-packages/airflow/example_dags/plugins/listener_plugin.py
[2026-09-27T02:06:46.689+0000] {processor.py:178} INFO - Processing /home/airflow/.local/lib/python3.7/site-packages/airflow/example_dags/plugins/listener_plugin.py took 0.047 seconds
[2026-09-27T02:07:16.913+0000] {processor.py:156} INFO - Started process (PID=150) to work on /home/airflow/.local/lib/python3.7/site-packages/airflow/example_dags/plugins/listener_plugin.py
[2026-09-27T02:07:16.915+0000] {processor.py:799} INFO - Processing file /home/airflow/.local/lib/python3.7/site-packages/airflow/example_dags/plugins/listener_plugin.py for tasks to queue
[2026-09-27T02:07:16.917+0000] {logging_mixin.py:149} INFO - [2026-09-27T02:07:16.917+0000] {dagbag.py:541} INFO - Filling up the DagBag from /home/airflow/.local/lib/python3.7/site-packages/airflow/example_dags/plugins/listener_plugin.py
[2026-09-27T02:07:16.929+0000] {processor.py:811} WARNING - No viable dags retrieved from /home/airflow/.local/lib/python3.7/site-packages/airflow/example_dags/plugins/listener_plugin.py
[2026-09-27T02:07:16.957+0000] {processor.py:178} INFO - Processing /home/airflow/.local/lib/python3.7/site-packages/airflow/example_dags/plugins/listener_plugin.py took 0.051 seconds
[2026-09-27T02:07:47.750+0000] {processor.py:156} INFO - Started process (PID=206) to work on /home/airflow/.local/lib/python3.7/site-packages/airflow/example_dags/plugins/listener_plugin.py
[2026-09-27T02:07:47.752+0000] {processor.py:799} INFO - Processing file /home/airflow/.local/lib/python3.7/site-packages/airflow/example_dags/plugins/listener_plugin.py for tasks to queue
[2026-09-27T02:07:47.753+0000] {logging_mixin.py:149} INFO - [2026-09-27T02:07:47.753+0000] {dagbag.py:541} INFO - Filling up the DagBag from /home/airflow/.local/lib/python3.7/site-packages/airflow/example_dags/plugins/listener_plugin.py
[2026-09-27T02:07:47.757+0000] {processor.py:811} WARNING - No viable dags retrieved from /home/airflow/.local/lib/python3.7/site-packages/airflow/example_dags/plugins/listener_plugin.py
[2026-09-27T02:07:47.780+0000] {processor.py:178} INFO - Processing /home/airflow/.local/lib/python3.7/site-packages/airflow/example_dags/plugins/listener_plugin.py took 0.037 seconds
[2026-09-27T02:08:18.633+0000] {processor.py:156} INFO - Started process (PID=262) to work on /home/airflow/.local/lib/python3.7/site-packages/airflow/example_dags/plugins/listener_plugin.py
[2026-09-27T02:08:18.635+0000] {processor.py:799} INFO - Processing file /home/airflow/.local/lib/python3.7/site-packages/airflow/example_dags/plugins/listener_plugin.py for tasks to queue
[2026-09-27T02:08:18.636+0000] {logging_mixin.py:149} INFO - [2026-09-27T02:08:18.636+0000] {dagbag.py:541} INFO - Filling up the DagBag from /home/airflow/.local/lib/python3.7/site-packages/airflow/example_dags/plugins/listener_plugin.py
[2026-09-27T02:08:18.639+0000] {processor.py:811} WARNING - No viable dags retrieved from /home/airflow/.local/lib/python3.7/site-packages/airflow/example_dags/plugins/listener_plugin.py
[2026-09-27T02:08:18.661+0000] {processor.py:178} INFO - Processing /home/airflow/.local/lib/python3.7/site-packages/airflow/example_dags/plugins/listener_plugin.py took 0.033 seconds
[2026-09-27T02:08:50.067+0000] {processor.py:156} INFO - Started process (PID=318) to work on /home/airflow/.local/lib/python3.7/site-packages/airflow/example_dags/plugins/listener_plugin.py
[2026-09-27T02:08:50.069+0000] {processor.py:799} INFO - Processing file /home/airflow/.local/lib/python3.7/site-packages/airflow/example_dags/plugins/listener_plugin.py for tasks to queue
[2026-09-27T02:08:50.070+0000] {logging_mixin.py:149} INFO - [2026-09-27T02:08:50.069+0000] {dagbag.py:541} INFO - Filling up the DagBag from /home/airflow/.local/lib/python3.7/site-packages/airflow/example_dags/plugins/listener_plugin.py
[2026-09-27T02:08:50.073+0000] {processor.py:811} WARNING - No viable dags retrieved from /home/airflow/.local/lib/python3.7/site-packages/airflow/example_dags/plugins/listener_plugin.py
[2026-09-27T02:08:50.096+0000] {processor.py:178} INFO - Processing /home/airflow/.local/lib/python3.7/site-packages/airflow/example_dags/plugins/listener_plugin.py took 0.036 seconds
[2026-09-27T02:09:20.705+0000] {processor.py:156} INFO - Started process (PID=374) to work on /home/airflow/.local/lib/python3.7/site-packages/airflow/example_dags/plugins/listener_plugin.py
[2026-09-27T02:09:20.711+0000] {processor.py:799} INFO - Processing file /home/airflow/.local/lib/python3.7/site-packages/airflow/example_dags/plugins/listener_plugin.py for tasks to queue
[2026-09-27T02:09:20.713+0000] {logging_mixin.py:149} INFO - [2026-09-27T02:09:20.713+0000] {dagbag.py:541} INFO - Filling up the DagBag from /home/airflow/.local/lib/python3.7/site-packages/airflow/example_dags/plugins/listener_plugin.py
[2026-09-27T02:09:20.718+0000] {processor.py:811} WARNING - No viable dags retrieved from /home/airflow/.local/lib/python3.7/site-packages/airflow/example_dags/plugins/listener_plugin.py
[2026-09-27T02:09:20.745+0000] {processor.py:178} INFO - Processing /home/airflow/.local/lib/python3.7/site-packages/airflow/example_dags/plugins/listener_plugin.py took 0.046 seconds
[2026-09-27T02:09:52.341+0000] {processor.py:156} INFO - Started process (PID=430) to work on /home/airflow/.local/lib/python3.7/site-packages/airflow/example_dags/plugins/listener_plugin.py
[2026-09-27T02:09:52.343+0000] {processor.py:799} INFO - Processing file /home/airflow/.local/lib/python3.7/site-packages/airflow/example_dags/plugins/listener_plugin.py for tasks to queue
[2026-09-27T02:09:52.344+0000] {logging_mixin.py:149} INFO - [2026-09-27T02:09:52.344+0000] {dagbag.py:541} INFO - Filling up the DagBag from /home/airflow/.local/lib/python3.7/site-packages/airflow/example_dags/plugins/listener_plugin.py
[2026-09-27T02:09:52.347+0000] {processor.py:811} WARNING - No viable dags retrieved from /home/airflow/.local/lib/python3.7/site-packages/airflow/example_dags/plugins/listener_plugin.py
[2026-09-27T02:09:52.369+0000] {processor.py:178} INFO - Processing /home/airflow/.local/lib/python3.7/site-packages/airflow/example_dags/plugins/listener_plugin.py took 0.034 seconds
[2026-09-27T02:10:23.105+0000] {processor.py:156} INFO - Started process (PID=486) to work on /home/airflow/.local/lib/python3.7/site-packages/airflow/example_dags/plugins/listener_plugin.py
[2026-09-27T02:10:23.107+0000] {processor.py:799} INFO - Processing file /home/airflow/.local/lib/python3.7/site-packages/airflow/example_dags/plugins/listener_plugin.py for tasks to queue
[2026-09-27T02:10:23.109+0000] {logging_mixin.py:149} INFO - [2026-09-27T02:10:23.108+0000] {dagbag.py:541} INFO - Filling up the DagBag from /home/airflow/.local/lib/python3.7/site-packages/airflow/example_dags/plugins/listener_plugin.py
[2026-09-27T02:10:23.113+0000] {processor.py:811} WARNING - No viable dags retrieved from /home/airflow/.local/lib/python3.7/site-packages/airflow/example_dags/plugins/listener_plugin.py
[2026-09-27T02:10:23.140+0000] {processor.py:178} INFO - Processing /home/airflow/.local/lib/python3.7/site-packages/airflow/example_dags/plugins/listener_plugin.py took 0.041 seconds
[2026-09-27T02:10:53.804+0000] {processor.py:156} INFO - Started process (PID=542) to work on /home/airflow/.local/lib/python3.7/site-packages/airflow/example_dags/plugins/listener_plugin.py
[2026-09-27T02:10:53.806+0000] {processor.py:799} INFO - Processing file /home/airflow/.local/lib/python3.7/site-packages/airflow/example_dags/plugins/listener_plugin.py for tasks to queue
[2026-09-27T02:10:53.806+0000] {logging_mixin.py:149} INFO - [2026-09-27T02:10:53.806+0000] {dagbag.py:541} INFO - Filling up the DagBag from /home/airflow/.local/lib/python3.7/site-packages/airflow/example_dags/plugins/listener_plugin.py
[2026-09-27T02:10:53.810+0000] {processor.py:811} WARNING - No viable dags retrieved from /home/airflow/.local/lib/python3.7/site-packages/airflow/example_dags/plugins/listener_plugin.py
[2026-09-27T02:10:53.834+0000] {processor.py:178} INFO - Processing /home/airflow/.local/lib/python3.7/site-packages/airflow/example_dags/plugins/listener_plugin.py took 0.036 seconds
[2026-09-27T02:11:24.760+0000] {processor.py:156} INFO - Started process (PID=598) to work on /home/airflow/.local/lib/python3.7/site-packages/airflow/example_dags/plugins/listener_plugin.py
[2026-09-27T02:11:24.761+0000] {processor.py:799} INFO - Processing file /home/airflow/.local/lib/python3.7/site-packages/airflow/example_dags/plugins/listener_plugin.py for tasks to queue
[2026-09-27T02:11:24.763+0000] {logging_mixin.py:149} INFO - [2026-09-27T02:11:24.762+0000] {dagbag.py:541} INFO - Filling up the DagBag from /home/airflow/.local/lib/python3.7/site-packages/airflow/example_dags/plugins/listener_plugin.py
[2026-09-27T02:11:24.767+0000] {processor.py:811} WARNING - No viable dags retrieved from /home/airflow/.local/lib/python3.7/site-packages/airflow/example_dags/plugins/listener_plugin.py
[2026-09-27T02:11:24.789+0000] {processor.py:178} INFO - Processing /home/airflow/.local/lib/python3.7/site-packages/airflow/example_dags/plugins/listener_plugin.py took 0.036 seconds
[2026-09-27T02:11:55.579+0000] {processor.py:156} INFO - Started process (PID=654) to work on /home/airflow/.local/lib/python3.7/site-packages/airflow/example_dags/plugins/listener_plugin.py
[2026-09-27T02:11:55.584+0000] {processor.py:799} INFO - Processing file /home/airflow/.local/lib/python3.7/site-packages/airflow/example_dags/plugins/listener_plugin.py for tasks to queue
[2026-09-27T02:11:55.585+0000] {logging_mixin.py:149} INFO - [2026-09-27T02:11:55.585+0000] {dagbag.py:541} INFO - Filling up the DagBag from /home/airflow/.local/lib/python3.7/site-packages/airflow/example_dags/plugins/listener_plugin.py
[2026-09-27T02:11:55.589+0000] {processor.py:811} WARNING - No viable dags retrieved from /home/airflow/.local/lib/python3.7/site-packages/airflow/example_dags/plugins/listener_plugin.py
[2026-09-27T02:11:55.614+0000] {processor.py:178} INFO - Processing /home/airflow/.local/lib/python3.7/site-packages/airflow/example_dags/plugins/listener_plugin.py took 0.041 seconds
[2026-09-27T02:12:26.508+0000] {processor.py:156} INFO - Started process (PID=710) to work on /home/airflow/.local/lib/python3.7/site-packages/airflow/example_dags/plugins/listener_plugin.py
[2026-09-27T02:12:26.510+0000] {processor.py:799} INFO - Processing file /home/airflow/.local/lib/python3.7/site-packages/airflow/example_dags/plugins/listener_plugin.py for tasks to queue
[2026-09-27T02:12:26.511+0000] {logging_mixin.py:149} INFO - [2026-09-27T02:12:26.511+0000] {dagbag.py:541} INFO - Filling up the DagBag from /home/airflow/.local/lib/python3.7/site-packages/airflow/example_dags/plugins/listener_plugin.py
[2026-09-27T02:12:26.514+0000] {processor.py:811} WARNING - No viable dags retrieved from /home/airflow/.local/lib/python3.7/site-packages/airflow/example_dags/plugins/listener_plugin.py
[2026-09-27T02:12:26.535+0000] {processor.py:178} INFO - Processing /home/airflow/.local/lib/python3.7/site-packages/airflow/example_dags/plugins/listener_plugin.py took 0.032 seconds
[2026-09-27T02:12:57.183+0000] {processor.py:156} INFO - Started process (PID=766) to work on /home/airflow/.local/lib/python3.7/site-packages/airflow/example_dags/plugins/listener_plugin.py
[2026-09-27T02:12:57.185+0000] {processor.py:799} INFO - Processing file /home/airflow/.local/lib/python3.7/site-packages/airflow/example_dags/plugins/listener_plugin.py for tasks to queue
[2026-09-27T02:12:57.186+0000] {logging_mixin.py:149} INFO - [2026-09-27T02:12:57.186+0000] {dagbag.py:541} INFO - Filling up the DagBag from /home/airflow/.local/lib/python3.7/site-packages/airflow/example_dags/plugins/listener_plugin.py
[2026-09-27T02:12:57.189+0000] {processor.py:811} WARNING - No viable dags retrieved from /home/airflow/.local/lib/python3.7/site-packages/airflow/example_dags/plugins/listener_plugin.py
[2026-09-27T02:12:57.211+0000] {processor.py:178} INFO - Processing /home/airflow/.local/lib/python3.7/site-packages/airflow/example_dags/plugins/listener_plugin.py took 0.035 seconds
[2026-09-27T02:13:28.417+0000] {processor.py:156} INFO - Started process (PID=822) to work on /home/airflow/.local/lib/python3.7/site-packages/airflow/example_dags/plugins/listener_plugin.py
[2026-09-27T02:13:28.418+0000] {processor.py:799} INFO - Processing file /home/airflow/.local/lib/python3.7/site-packages/airflow/example_dags/plugins/listener_plugin.py for tasks to queue
[2026-09-27T02:13:28.419+0000] {logging_mixin.py:149} INFO - [2026-09-27T02:13:28.419+0000] {dagbag.py:541} INFO - Filling up the DagBag from /home/airflow/.local/lib/python3.7/site-packages/airflow/example_dags/plugins/listener_plugin.py
[2026-09-27T02:13:28.422+0000] {processor.py:811} WARNING - No viable dags retrieved from /home/airflow/.local/lib/python3.7/site-packages/airflow/example_dags/plugins/listener_plugin.py
[2026-09-27T02:13:28.442+0000] {processor.py:178} INFO - Processing /home/airflow/.local/lib/python3.7/site-packages/airflow/example_dags/plugins/listener_plugin.py took 0.032 seconds
[2026-09-27T02:13:59.132+0000] {processor.py:156} INFO - Started process (PID=878) to work on /home/airflow/.local/lib/python3.7/site-packages/airflow/example_dags/plugins/listener_plugin.py
[2026-09-27T02:13:59.134+0000] {processor.py:799} INFO - Processing file /home/airflow/.local/lib/python3.7/site-packages/airflow/example_dags/plugins/listener_plugin.py for tasks to queue
[2026-09-27T02:13:59.135+0000] {logging_mixin.py:149} INFO - [2026-09-27T02:13:59.135+0000] {dagbag.py:541} INFO - Filling up the DagBag from /home/airflow/.local/lib/python3.7/site-packages/airflow/example_dags/plugins/listener_plugin.py
[2026-09-27T02:13:59.139+0000] {processor.py:811} WARNING - No viable dags retrieved from /home/airflow/.local/lib/python3.7/site-packages/airflow/example_dags/plugins/listener_plugin.py
[2026-09-27T02:13:59.170+0000] {processor.py:178} INFO - Processing /home/airflow/.local/lib/python3.7/site-packages/airflow/example_dags/plugins/listener_plugin.py took 0.046 seconds
[2026-09-27T02:14:30.287+0000] {processor.py:156} INFO - Started process (PID=934) to work on /home/airflow/.local/lib/python3.7/site-packages/airflow/example_dags/plugins/listener_plugin.py
[2026-09-27T02:14:30.289+0000] {processor.py:799} INFO - Processing file /home/airflow/.local/lib/python3.7/site-packages/airflow/example_dags/plugins/listener_plugin.py for tasks to queue
[2026-09-27T02:14:30.290+0000] {logging_mixin.py:149} INFO - [2026-09-27T02:14:30.289+0000] {dagbag.py:541} INFO - Filling up the DagBag from /home/airflow/.local/lib/python3.7/site-packages/airflow/example_dags/plugins/listener_plugin.py
[2026-09-27T02:14:30.293+0000] {processor.py:811} WARNING - No viable dags retrieved from /home/airflow/.local/lib/python3.7/site-packages/airflow/example_dags/plugins/listener_plugin.py
[2026-09-27T02:14:30.316+0000] {processor.py:178} INFO - Processing /home/airflow/.local/lib/python3.7/site-packages/airflow/example_dags/plugins/listener_plugin.py took 0.036 seconds
[2026-09-27T02:15:00.584+0000] {processor.py:156} INFO - Started process (PID=990) to work on /home/airflow/.local/lib/python3.7/site-packages/airflow/example_dags/plugins/listener_plugin.py
[2026-09-27T02:15:00.586+0000] {processor.py:799} INFO - Processing file /home/airflow/.local/lib/python3.7/site-packages/airflow/example_dags/plugins/listener_plugin.py for tasks to queue
[2026-09-27T02:15:00.587+0000] {logging_mixin.py:149} INFO - [2026-09-27T02:15:00.587+0000] {dagbag.py:541} INFO - Filling up the DagBag from /home/airflow/.local/lib/python3.7/site-packages/airflow/example_dags/plugins/listener_plugin.py
[2026-09-27T02:15:00.590+0000] {processor.py:811} WARNING - No viable dags retrieved from /home/airflow/.local/lib/python3.7/site-packages/airflow/example_dags/plugins/listener_plugin.py
[2026-09-27T02:15:00.614+0000] {processor.py:178} INFO - Processing /home/airflow/.local/lib/python3.7/site-packages/airflow/example_dags/plugins/listener_plugin.py took 0.035 seconds
[2026-09-27T02:15:31.969+0000] {processor.py:156} INFO - Started process (PID=1046) to work on /home/airflow/.local/lib/python3.7/site-packages/airflow/example_dags/plugins/listener_plugin.py
[2026-09-27T02:15:31.971+0000] {processor.py:799} INFO - Processing file /home/airflow/.local/lib/python3.7/site-packages/airflow/example_dags/plugins/listener_plugin.py for tasks to queue
[2026-09-27T02:15:31.972+0000] {logging_mixin.py:149} INFO - [2026-09-27T02:15:31.972+0000] {dagbag.py:541} INFO - Filling up the DagBag from /home/airflow/.local/lib/python3.7/site-packages/airflow/example_dags/plugins/listener_plugin.py
[2026-09-27T02:15:31.975+0000] {processor.py:811} WARNING - No viable dags retrieved from /home/airflow/.local/lib/python3.7/site-packages/airflow/example_dags/plugins/listener_plugin.py
[2026-09-27T02:15:31.997+0000] {processor.py:178} INFO - Processing /home/airflow/.local/lib/python3.7/site-packages/airflow/example_dags/plugins/listener_plugin.py took 0.033 seconds
[2026-09-27T02:16:03.085+0000] {processor.py:156} INFO - Started process (PID=1102) to work on /home/airflow/.local/lib/python3.7/site-packages/airflow/example_dags/plugins/listener_plugin.py
[2026-09-27T02:16:03.087+0000] {processor.py:799} INFO - Processing file /home/airflow/.local/lib/python3.7/site-packages/airflow/example_dags/plugins/listener_plugin.py for tasks to queue
[2026-09-27T02:16:03.088+0000] {logging_mixin.py:149} INFO - [2026-09-27T02:16:03.088+0000] {dagbag.py:541} INFO - Filling up the DagBag from /home/airflow/.local/lib/python3.7/site-packages/airflow/example_dags/plugins/listener_plugin.py
[2026-09-27T02:16:03.092+0000] {processor.py:811} WARNING - No viable dags retrieved from /home/airflow/.local/lib/python3.7/site-packages/airflow/example_dags/plugins/listener_plugin.py
[2026-09-27T02:16:03.113+0000] {processor.py:178} INFO - Processing /home/airflow/.local/lib/python3.7/site-packages/airflow/example_dags/plugins/listener_plugin.py took 0.033 seconds
[2026-09-27T02:16:34.873+0000] {processor.py:156} INFO - Started process (PID=1158) to work on /home/airflow/.local/lib/python3.7/site-packages/airflow/example_dags/plugins/listener_plugin.py
[2026-09-27T02:16:34.875+0000] {processor.py:799} INFO - Processing file /home/airflow/.local/lib/python3.7/site-packages/airflow/example_dags/plugins/listener_plugin.py for tasks to queue
[2026-09-27T02:16:34.876+0000] {logging_mixin.py:149} INFO - [2026-09-27T02:16:34.876+0000] {dagbag.py:541} INFO - Filling up the DagBag from /home/airflow/.local/lib/python3.7/site-packages/airflow/example_dags/plugins/listener_plugin.py
[2026-09-27T02:16:34.880+0000] {processor.py:811} WARNING - No viable dags retrieved from /home/airflow/.local/lib/python3.7/site-packages/airflow/example_dags/plugins/listener_plugin.py
[2026-09-27T02:16:34.905+0000] {processor.py:178} INFO - Processing /home/airflow/.local/lib/python3.7/site-packages/airflow/example_dags/plugins/listener_plugin.py took 0.041 seconds
[2026-09-27T02:17:05.668+0000] {processor.py:156} INFO - Started process (PID=1214) to work on /home/airflow/.local/lib/python3.7/site-packages/airflow/example_dags/plugins/listener_plugin.py
[2026-09-27T02:17:05.670+0000] {processor.py:799} INFO - Processing file /home/airflow/.local/lib/python3.7/site-packages/airflow/example_dags/plugins/listener_plugin.py for tasks to queue
[2026-09-27T02:17:05.671+0000] {logging_mixin.py:149} INFO - [2026-09-27T02:17:05.671+0000] {dagbag.py:541} INFO - Filling up the DagBag from /home/airflow/.local/lib/python3.7/site-packages/airflow/example_dags/plugins/listener_plugin.py
[2026-09-27T02:17:05.675+0000] {processor.py:811} WARNING - No viable dags retrieved from /home/airflow/.local/lib/python3.7/site-packages/airflow/example_dags/plugins/listener_plugin.py
[2026-09-27T02:17:05.699+0000] {processor.py:178} INFO - Processing /home/airflow/.local/lib/python3.7/site-packages/airflow/example_dags/plugins/listener_plugin.py took 0.038 seconds
[2026-09-27T02:17:36.559+0000] {processor.py:156} INFO - Started process (PID=1271) to work on /home/airflow/.local/lib/python3.7/site-packages/airflow/example_dags/plugins/listener_plugin.py
[2026-09-27T02:17:36.561+0000] {processor.py:799} INFO - Processing file /home/airflow/.local/lib/python3.7/site-packages/airflow/example_dags/plugins/listener_plugin.py for tasks to queue
[2026-09-27T02:17:36.562+0000] {logging_mixin.py:149} INFO - [2026-09-27T02:17:36.562+0000] {dagbag.py:541} INFO - Filling up the DagBag from /home/airflow/.local/lib/python3.7/site-packages/airflow/example_dags/plugins/listener_plugin.py
[2026-09-27T02:17:36.565+0000] {processor.py:811} WARNING - No viable dags retrieved from /home/airflow/.local/lib/python3.7/site-packages/airflow/example_dags/plugins/listener_plugin.py
[2026-09-27T02:17:36.588+0000] {processor.py:178} INFO - Processing /home/airflow/.local/lib/python3.7/site-packages/airflow/example_dags/plugins/listener_plugin.py took 0.035 seconds
[2026-09-27T02:18:07.924+0000] {processor.py:156} INFO - Started process (PID=1327) to work on /home/airflow/.local/lib/python3.7/site-packages/airflow/example_dags/plugins/listener_plugin.py
[2026-09-27T02:18:07.931+0000] {processor.py:799} INFO - Processing file /home/airflow/.local/lib/python3.7/site-packages/airflow/example_dags/plugins/listener_plugin.py for tasks to queue
[2026-09-27T02:18:07.933+0000] {logging_mixin.py:149} INFO - [2026-09-27T02:18:07.932+0000] {dagbag.py:541} INFO - Filling up the DagBag from /home/airflow/.local/lib/python3.7/site-packages/airflow/example_dags/plugins/listener_plugin.py
[2026-09-27T02:18:07.936+0000] {processor.py:811} WARNING - No viable dags retrieved from /home/airflow/.local/lib/python3.7/site-packages/airflow/example_dags/plugins/listener_plugin.py
[2026-09-27T02:18:07.960+0000] {processor.py:178} INFO - Processing /home/airflow/.local/lib/python3.7/site-packages/airflow/example_dags/plugins/listener_plugin.py took 0.042 seconds
[2026-09-27T02:18:38.839+0000] {processor.py:156} INFO - Started process (PID=1384) to work on /home/airflow/.local/lib/python3.7/site-packages/airflow/example_dags/plugins/listener_plugin.py
[2026-09-27T02:18:38.843+0000] {processor.py:799} INFO - Processing file /home/airflow/.local/lib/python3.7/site-packages/airflow/example_dags/plugins/listener_plugin.py for tasks to queue
[2026-09-27T02:18:38.844+0000] {logging_mixin.py:149} INFO - [2026-09-27T02:18:38.844+0000] {dagbag.py:541} INFO - Filling up the DagBag from /home/airflow/.local/lib/python3.7/site-packages/airflow/example_dags/plugins/listener_plugin.py
[2026-09-27T02:18:38.847+0000] {processor.py:811} WARNING - No viable dags retrieved from /home/airflow/.local/lib/python3.7/site-packages/airflow/example_dags/plugins/listener_plugin.py
[2026-09-27T02:18:38.874+0000] {processor.py:178} INFO - Processing /home/airflow/.local/lib/python3.7/site-packages/airflow/example_dags/plugins/listener_plugin.py took 0.041 seconds
[2026-09-27T02:19:10.352+0000] {processor.py:156} INFO - Started process (PID=1447) to work on /home/airflow/.local/lib/python3.7/site-packages/airflow/example_dags/plugins/listener_plugin.py
[2026-09-27T02:19:10.354+0000] {processor.py:799} INFO - Processing file /home/airflow/.local/lib/python3.7/site-packages/airflow/example_dags/plugins/listener_plugin.py for tasks to queue
[2026-09-27T02:19:10.356+0000] {logging_mixin.py:149} INFO - [2026-09-27T02:19:10.356+0000] {dagbag.py:541} INFO - Filling up the DagBag from /home/airflow/.local/lib/python3.7/site-packages/airflow/example_dags/plugins/listener_plugin.py
[2026-09-27T02:19:10.360+0000] {processor.py:811} WARNING - No viable dags retrieved from /home/airflow/.local/lib/python3.7/site-packages/airflow/example_dags/plugins/listener_plugin.py
[2026-09-27T02:19:10.387+0000] {processor.py:178} INFO - Processing /home/airflow/.local/lib/python3.7/site-packages/airflow/example_dags/plugins/listener_plugin.py took 0.042 seconds
[2026-09-27T02:19:41.616+0000] {processor.py:156} INFO - Started process (PID=1504) to work on /home/airflow/.local/lib/python3.7/site-packages/airflow/example_dags/plugins/listener_plugin.py
[2026-09-27T02:19:41.618+0000] {processor.py:799} INFO - Processing file /home/airflow/.local/lib/python3.7/site-packages/airflow/example_dags/plugins/listener_plugin.py for tasks to queue
[2026-09-27T02:19:41.619+0000] {logging_mixin.py:149} INFO - [2026-09-27T02:19:41.619+0000] {dagbag.py:541} INFO - Filling up the DagBag from /home/airflow/.local/lib/python3.7/site-packages/airflow/example_dags/plugins/listener_plugin.py
[2026-09-27T02:19:41.623+0000] {processor.py:811} WARNING - No viable dags retrieved from /home/airflow/.local/lib/python3.7/site-packages/airflow/example_dags/plugins/listener_plugin.py
[2026-09-27T02:19:41.647+0000] {processor.py:178} INFO - Processing /home/airflow/.local/lib/python3.7/site-packages/airflow/example_dags/plugins/listener_plugin.py took 0.038 seconds
[2026-09-27T02:20:13.439+0000] {processor.py:156} INFO - Started process (PID=1559) to work on /home/airflow/.local/lib/python3.7/site-packages/airflow/example_dags/plugins/listener_plugin.py
[2026-09-27T02:20:13.441+0000] {processor.py:799} INFO - Processing file /home/airflow/.local/lib/python3.7/site-packages/airflow/example_dags/plugins/listener_plugin.py for tasks to queue
[2026-09-27T02:20:13.441+0000] {logging_mixin.py:149} INFO - [2026-09-27T02:20:13.441+0000] {dagbag.py:541} INFO - Filling up the DagBag from /home/airflow/.local/lib/python3.7/site-packages/airflow/example_dags/plugins/listener_plugin.py
[2026-09-27T02:20:13.445+0000] {processor.py:811} WARNING - No viable dags retrieved from /home/airflow/.local/lib/python3.7/site-packages/airflow/example_dags/plugins/listener_plugin.py
[2026-09-27T02:20:13.467+0000] {processor.py:178} INFO - Processing /home/airflow/.local/lib/python3.7/site-packages/airflow/example_dags/plugins/listener_plugin.py took 0.034 seconds
[2026-09-27T02:20:44.262+0000] {processor.py:156} INFO - Started process (PID=1615) to work on /home/airflow/.local/lib/python3.7/site-packages/airflow/example_dags/plugins/listener_plugin.py
[2026-09-27T02:20:44.264+0000] {processor.py:799} INFO - Processing file /home/airflow/.local/lib/python3.7/site-packages/airflow/example_dags/plugins/listener_plugin.py for tasks to queue
[2026-09-27T02:20:44.266+0000] {logging_mixin.py:149} INFO - [2026-09-27T02:20:44.266+0000] {dagbag.py:541} INFO - Filling up the DagBag from /home/airflow/.local/lib/python3.7/site-packages/airflow/example_dags/plugins/listener_plugin.py
[2026-09-27T02:20:44.270+0000] {processor.py:811} WARNING - No viable dags retrieved from /home/airflow/.local/lib/python3.7/site-packages/airflow/example_dags/plugins/listener_plugin.py
[2026-09-27T02:20:44.297+0000] {processor.py:178} INFO - Processing /home/airflow/.local/lib/python3.7/site-packages/airflow/example_dags/plugins/listener_plugin.py took 0.044 seconds
[2026-09-27T02:21:15.809+0000] {processor.py:156} INFO - Started process (PID=1672) to work on /home/airflow/.local/lib/python3.7/site-packages/airflow/example_dags/plugins/listener_plugin.py
[2026-09-27T02:21:15.811+0000] {processor.py:799} INFO - Processing file /home/airflow/.local/lib/python3.7/site-packages/airflow/example_dags/plugins/listener_plugin.py for tasks to queue
[2026-09-27T02:21:15.813+0000] {logging_mixin.py:149} INFO - [2026-09-27T02:21:15.812+0000] {dagbag.py:541} INFO - Filling up the DagBag from /home/airflow/.local/lib/python3.7/site-packages/airflow/example_dags/plugins/listener_plugin.py
[2026-09-27T02:21:15.817+0000] {processor.py:811} WARNING - No viable dags retrieved from /home/airflow/.local/lib/python3.7/site-packages/airflow/example_dags/plugins/listener_plugin.py
[2026-09-27T02:21:15.843+0000] {processor.py:178} INFO - Processing /home/airflow/.local/lib/python3.7/site-packages/airflow/example_dags/plugins/listener_plugin.py took 0.041 seconds
[2026-09-27T02:21:47.119+0000] {processor.py:156} INFO - Started process (PID=1728) to work on /home/airflow/.local/lib/python3.7/site-packages/airflow/example_dags/plugins/listener_plugin.py
[2026-09-27T02:21:47.120+0000] {processor.py:799} INFO - Processing file /home/airflow/.local/lib/python3.7/site-packages/airflow/example_dags/plugins/listener_plugin.py for tasks to queue
[2026-09-27T02:21:47.121+0000] {logging_mixin.py:149} INFO - [2026-09-27T02:21:47.121+0000] {dagbag.py:541} INFO - Filling up the DagBag from /home/airflow/.local/lib/python3.7/site-packages/airflow/example_dags/plugins/listener_plugin.py
[2026-09-27T02:21:47.125+0000] {processor.py:811} WARNING - No viable dags retrieved from /home/airflow/.local/lib/python3.7/site-packages/airflow/example_dags/plugins/listener_plugin.py
[2026-09-27T02:21:47.147+0000] {processor.py:178} INFO - Processing /home/airflow/.local/lib/python3.7/site-packages/airflow/example_dags/plugins/listener_plugin.py took 0.034 seconds
[2026-09-27T02:22:18.362+0000] {processor.py:156} INFO - Started process (PID=1783) to work on /home/airflow/.local/lib/python3.7/site-packages/airflow/example_dags/plugins/listener_plugin.py
[2026-09-27T02:22:18.363+0000] {processor.py:799} INFO - Processing file /home/airflow/.local/lib/python3.7/site-packages/airflow/example_dags/plugins/listener_plugin.py for tasks to queue
[2026-09-27T02:22:18.364+0000] {logging_mixin.py:149} INFO - [2026-09-27T02:22:18.364+0000] {dagbag.py:541} INFO - Filling up the DagBag from /home/airflow/.local/lib/python3.7/site-packages/airflow/example_dags/plugins/listener_plugin.py
[2026-09-27T02:22:18.368+0000] {processor.py:811} WARNING - No viable dags retrieved from /home/airflow/.local/lib/python3.7/site-packages/airflow/example_dags/plugins/listener_plugin.py
[2026-09-27T02:22:18.389+0000] {processor.py:178} INFO - Processing /home/airflow/.local/lib/python3.7/site-packages/airflow/example_dags/plugins/listener_plugin.py took 0.033 seconds
[2026-09-27T02:22:49.786+0000] {processor.py:156} INFO - Started process (PID=1839) to work on /home/airflow/.local/lib/python3.7/site-packages/airflow/example_dags/plugins/listener_plugin.py
[2026-09-27T02:22:49.788+0000] {processor.py:799} INFO - Processing file /home/airflow/.local/lib/python3.7/site-packages/airflow/example_dags/plugins/listener_plugin.py for tasks to queue
[2026-09-27T02:22:49.789+0000] {logging_mixin.py:149} INFO - [2026-09-27T02:22:49.789+0000] {dagbag.py:541} INFO - Filling up the DagBag from /home/airflow/.local/lib/python3.7/site-packages/airflow/example_dags/plugins/listener_plugin.py
[2026-09-27T02:22:49.793+0000] {processor.py:811} WARNING - No viable dags retrieved from /home/airflow/.local/lib/python3.7/site-packages/airflow/example_dags/plugins/listener_plugin.py
[2026-09-27T02:22:49.816+0000] {processor.py:178} INFO - Processing /home/airflow/.local/lib/python3.7/site-packages/airflow/example_dags/plugins/listener_plugin.py took 0.037 seconds
[2026-09-27T02:23:21.015+0000] {processor.py:156} INFO - Started process (PID=1895) to work on /home/airflow/.local/lib/python3.7/site-packages/airflow/example_dags/plugins/listener_plugin.py
[2026-09-27T02:23:21.018+0000] {processor.py:799} INFO - Processing file /home/airflow/.local/lib/python3.7/site-packages/airflow/example_dags/plugins/listener_plugin.py for tasks to queue
[2026-09-27T02:23:21.019+0000] {logging_mixin.py:149} INFO - [2026-09-27T02:23:21.019+0000] {dagbag.py:541} INFO - Filling up the DagBag from /home/airflow/.local/lib/python3.7/site-packages/airflow/example_dags/plugins/listener_plugin.py
[2026-09-27T02:23:21.023+0000] {processor.py:811} WARNING - No viable dags retrieved from /home/airflow/.local/lib/python3.7/site-packages/airflow/example_dags/plugins/listener_plugin.py
[2026-09-27T02:23:21.046+0000] {processor.py:178} INFO - Processing /home/airflow/.local/lib/python3.7/site-packages/airflow/example_dags/plugins/listener_plugin.py took 0.037 seconds
[2026-09-27T02:23:53.013+0000] {processor.py:156} INFO - Started process (PID=1955) to work on /home/airflow/.local/lib/python3.7/site-packages/airflow/example_dags/plugins/listener_plugin.py
[2026-09-27T02:23:53.015+0000] {processor.py:799} INFO - Processing file /home/airflow/.local/lib/python3.7/site-packages/airflow/example_dags/plugins/listener_plugin.py for tasks to queue
[2026-09-27T02:23:53.016+0000] {logging_mixin.py:149} INFO - [2026-09-27T02:23:53.016+0000] {dagbag.py:541} INFO - Filling up the DagBag from /home/airflow/.local/lib/python3.7/site-packages/airflow/example_dags/plugins/listener_plugin.py
[2026-09-27T02:23:53.020+0000] {processor.py:811} WARNING - No viable dags retrieved from /home/airflow/.local/lib/python3.7/site-packages/airflow/example_dags/plugins/listener_plugin.py
[2026-09-27T02:23:53.044+0000] {processor.py:178} INFO - Processing /home/airflow/.local/lib/python3.7/site-packages/airflow/example_dags/plugins/listener_plugin.py took 0.036 seconds
[2026-09-27T02:24:24.361+0000] {processor.py:156} INFO - Started process (PID=2013) to work on /home/airflow/.local/lib/python3.7/site-packages/airflow/example_dags/plugins/listener_plugin.py
[2026-09-27T02:24:24.363+0000] {processor.py:799} INFO - Processing file /home/airflow/.local/lib/python3.7/site-packages/airflow/example_dags/plugins/listener_plugin.py for tasks to queue
[2026-09-27T02:24:24.364+0000] {logging_mixin.py:149} INFO - [2026-09-27T02:24:24.364+0000] {dagbag.py:541} INFO - Filling up the DagBag from /home/airflow/.local/lib/python3.7/site-packages/airflow/example_dags/plugins/listener_plugin.py
[2026-09-27T02:24:24.368+0000] {processor.py:811} WARNING - No viable dags retrieved from /home/airflow/.local/lib/python3.7/site-packages/airflow/example_dags/plugins/listener_plugin.py
[2026-09-27T02:24:24.392+0000] {processor.py:178} INFO - Processing /home/airflow/.local/lib/python3.7/site-packages/airflow/example_dags/plugins/listener_plugin.py took 0.038 seconds
[2026-09-27T02:24:55.778+0000] {processor.py:156} INFO - Started process (PID=2069) to work on /home/airflow/.local/lib/python3.7/site-packages/airflow/example_dags/plugins/listener_plugin.py
[2026-09-27T02:24:55.780+0000] {processor.py:799} INFO - Processing file /home/airflow/.local/lib/python3.7/site-packages/airflow/example_dags/plugins/listener_plugin.py for tasks to queue
[2026-09-27T02:24:55.781+0000] {logging_mixin.py:149} INFO - [2026-09-27T02:24:55.781+0000] {dagbag.py:541} INFO - Filling up the DagBag from /home/airflow/.local/lib/python3.7/site-packages/airflow/example_dags/plugins/listener_plugin.py
[2026-09-27T02:24:55.784+0000] {processor.py:811} WARNING - No viable dags retrieved from /home/airflow/.local/lib/python3.7/site-packages/airflow/example_dags/plugins/listener_plugin.py
[2026-09-27T02:24:55.806+0000] {processor.py:178} INFO - Processing /home/airflow/.local/lib/python3.7/site-packages/airflow/example_dags/plugins/listener_plugin.py took 0.035 seconds
[2026-09-27T02:25:26.766+0000] {processor.py:156} INFO - Started process (PID=2125) to work on /home/airflow/.local/lib/python3.7/site-packages/airflow/example_dags/plugins/listener_plugin.py
[2026-09-27T02:25:26.768+0000] {processor.py:799} INFO - Processing file /home/airflow/.local/lib/python3.7/site-packages/airflow/example_dags/plugins/listener_plugin.py for tasks to queue
[2026-09-27T02:25:26.769+0000] {logging_mixin.py:149} INFO - [2026-09-27T02:25:26.769+0000] {dagbag.py:541} INFO - Filling up the DagBag from /home/airflow/.local/lib/python3.7/site-packages/airflow/example_dags/plugins/listener_plugin.py
[2026-09-27T02:25:26.773+0000] {processor.py:811} WARNING - No viable dags retrieved from /home/airflow/.local/lib/python3.7/site-packages/airflow/example_dags/plugins/listener_plugin.py
[2026-09-27T02:25:26.797+0000] {processor.py:178} INFO - Processing /home/airflow/.local/lib/python3.7/site-packages/airflow/example_dags/plugins/listener_plugin.py took 0.039 seconds
[2026-09-27T02:25:57.902+0000] {processor.py:156} INFO - Started process (PID=2183) to work on /home/airflow/.local/lib/python3.7/site-packages/airflow/example_dags/plugins/listener_plugin.py
[2026-09-27T02:25:57.904+0000] {processor.py:799} INFO - Processing file /home/airflow/.local/lib/python3.7/site-packages/airflow/example_dags/plugins/listener_plugin.py for tasks to queue
[2026-09-27T02:25:57.905+0000] {logging_mixin.py:149} INFO - [2026-09-27T02:25:57.905+0000] {dagbag.py:541} INFO - Filling up the DagBag from /home/airflow/.local/lib/python3.7/site-packages/airflow/example_dags/plugins/listener_plugin.py
[2026-09-27T02:25:57.909+0000] {processor.py:811} WARNING - No viable dags retrieved from /home/airflow/.local/lib/python3.7/site-packages/airflow/example_dags/plugins/listener_plugin.py
[2026-09-27T02:25:57.933+0000] {processor.py:178} INFO - Processing /home/airflow/.local/lib/python3.7/site-packages/airflow/example_dags/plugins/listener_plugin.py took 0.037 seconds
[2026-09-27T02:26:28.375+0000] {processor.py:156} INFO - Started process (PID=2239) to work on /home/airflow/.local/lib/python3.7/site-packages/airflow/example_dags/plugins/listener_plugin.py
[2026-09-27T02:26:28.377+0000] {processor.py:799} INFO - Processing file /home/airflow/.local/lib/python3.7/site-packages/airflow/example_dags/plugins/listener_plugin.py for tasks to queue
[2026-09-27T02:26:28.378+0000] {logging_mixin.py:149} INFO - [2026-09-27T02:26:28.377+0000] {dagbag.py:541} INFO - Filling up the DagBag from /home/airflow/.local/lib/python3.7/site-packages/airflow/example_dags/plugins/listener_plugin.py
[2026-09-27T02:26:28.382+0000] {processor.py:811} WARNING - No viable dags retrieved from /home/airflow/.local/lib/python3.7/site-packages/airflow/example_dags/plugins/listener_plugin.py
[2026-09-27T02:26:28.407+0000] {processor.py:178} INFO - Processing /home/airflow/.local/lib/python3.7/site-packages/airflow/example_dags/plugins/listener_plugin.py took 0.037 seconds
[2026-09-27T02:37:20.746+0000] {processor.py:156} INFO - Started process (PID=92) to work on /home/airflow/.local/lib/python3.7/site-packages/airflow/example_dags/plugins/listener_plugin.py
[2026-09-27T02:37:20.749+0000] {processor.py:799} INFO - Processing file /home/airflow/.local/lib/python3.7/site-packages/airflow/example_dags/plugins/listener_plugin.py for tasks to queue
[2026-09-27T02:37:20.750+0000] {logging_mixin.py:149} INFO - [2026-09-27T02:37:20.750+0000] {dagbag.py:541} INFO - Filling up the DagBag from /home/airflow/.local/lib/python3.7/site-packages/airflow/example_dags/plugins/listener_plugin.py
[2026-09-27T02:37:20.755+0000] {processor.py:811} WARNING - No viable dags retrieved from /home/airflow/.local/lib/python3.7/site-packages/airflow/example_dags/plugins/listener_plugin.py
[2026-09-27T02:37:20.786+0000] {processor.py:178} INFO - Processing /home/airflow/.local/lib/python3.7/site-packages/airflow/example_dags/plugins/listener_plugin.py took 0.046 seconds
[2026-09-27T02:37:51.803+0000] {processor.py:156} INFO - Started process (PID=148) to work on /home/airflow/.local/lib/python3.7/site-packages/airflow/example_dags/plugins/listener_plugin.py
[2026-09-27T02:37:51.808+0000] {processor.py:799} INFO - Processing file /home/airflow/.local/lib/python3.7/site-packages/airflow/example_dags/plugins/listener_plugin.py for tasks to queue
[2026-09-27T02:37:51.809+0000] {logging_mixin.py:149} INFO - [2026-09-27T02:37:51.809+0000] {dagbag.py:541} INFO - Filling up the DagBag from /home/airflow/.local/lib/python3.7/site-packages/airflow/example_dags/plugins/listener_plugin.py
[2026-09-27T02:37:51.813+0000] {processor.py:811} WARNING - No viable dags retrieved from /home/airflow/.local/lib/python3.7/site-packages/airflow/example_dags/plugins/listener_plugin.py
[2026-09-27T02:37:51.834+0000] {processor.py:178} INFO - Processing /home/airflow/.local/lib/python3.7/site-packages/airflow/example_dags/plugins/listener_plugin.py took 0.037 seconds
[2026-09-27T02:38:22.199+0000] {processor.py:156} INFO - Started process (PID=204) to work on /home/airflow/.local/lib/python3.7/site-packages/airflow/example_dags/plugins/listener_plugin.py
[2026-09-27T02:38:22.201+0000] {processor.py:799} INFO - Processing file /home/airflow/.local/lib/python3.7/site-packages/airflow/example_dags/plugins/listener_plugin.py for tasks to queue
[2026-09-27T02:38:22.202+0000] {logging_mixin.py:149} INFO - [2026-09-27T02:38:22.202+0000] {dagbag.py:541} INFO - Filling up the DagBag from /home/airflow/.local/lib/python3.7/site-packages/airflow/example_dags/plugins/listener_plugin.py
[2026-09-27T02:38:22.207+0000] {processor.py:811} WARNING - No viable dags retrieved from /home/airflow/.local/lib/python3.7/site-packages/airflow/example_dags/plugins/listener_plugin.py
[2026-09-27T02:38:22.227+0000] {processor.py:178} INFO - Processing /home/airflow/.local/lib/python3.7/site-packages/airflow/example_dags/plugins/listener_plugin.py took 0.037 seconds
[2026-09-27T02:38:52.910+0000] {processor.py:156} INFO - Started process (PID=260) to work on /home/airflow/.local/lib/python3.7/site-packages/airflow/example_dags/plugins/listener_plugin.py
[2026-09-27T02:38:52.913+0000] {processor.py:799} INFO - Processing file /home/airflow/.local/lib/python3.7/site-packages/airflow/example_dags/plugins/listener_plugin.py for tasks to queue
[2026-09-27T02:38:52.914+0000] {logging_mixin.py:149} INFO - [2026-09-27T02:38:52.914+0000] {dagbag.py:541} INFO - Filling up the DagBag from /home/airflow/.local/lib/python3.7/site-packages/airflow/example_dags/plugins/listener_plugin.py
[2026-09-27T02:38:52.919+0000] {processor.py:811} WARNING - No viable dags retrieved from /home/airflow/.local/lib/python3.7/site-packages/airflow/example_dags/plugins/listener_plugin.py
[2026-09-27T02:38:52.945+0000] {processor.py:178} INFO - Processing /home/airflow/.local/lib/python3.7/site-packages/airflow/example_dags/plugins/listener_plugin.py took 0.041 seconds
[2026-09-27T02:39:23.066+0000] {processor.py:156} INFO - Started process (PID=316) to work on /home/airflow/.local/lib/python3.7/site-packages/airflow/example_dags/plugins/listener_plugin.py
[2026-09-27T02:39:23.068+0000] {processor.py:799} INFO - Processing file /home/airflow/.local/lib/python3.7/site-packages/airflow/example_dags/plugins/listener_plugin.py for tasks to queue
[2026-09-27T02:39:23.069+0000] {logging_mixin.py:149} INFO - [2026-09-27T02:39:23.069+0000] {dagbag.py:541} INFO - Filling up the DagBag from /home/airflow/.local/lib/python3.7/site-packages/airflow/example_dags/plugins/listener_plugin.py
[2026-09-27T02:39:23.073+0000] {processor.py:811} WARNING - No viable dags retrieved from /home/airflow/.local/lib/python3.7/site-packages/airflow/example_dags/plugins/listener_plugin.py
[2026-09-27T02:39:23.096+0000] {processor.py:178} INFO - Processing /home/airflow/.local/lib/python3.7/site-packages/airflow/example_dags/plugins/listener_plugin.py took 0.036 seconds
[2026-09-27T02:39:53.831+0000] {processor.py:156} INFO - Started process (PID=372) to work on /home/airflow/.local/lib/python3.7/site-packages/airflow/example_dags/plugins/listener_plugin.py
[2026-09-27T02:39:53.833+0000] {processor.py:799} INFO - Processing file /home/airflow/.local/lib/python3.7/site-packages/airflow/example_dags/plugins/listener_plugin.py for tasks to queue
[2026-09-27T02:39:53.834+0000] {logging_mixin.py:149} INFO - [2026-09-27T02:39:53.833+0000] {dagbag.py:541} INFO - Filling up the DagBag from /home/airflow/.local/lib/python3.7/site-packages/airflow/example_dags/plugins/listener_plugin.py
[2026-09-27T02:39:53.837+0000] {processor.py:811} WARNING - No viable dags retrieved from /home/airflow/.local/lib/python3.7/site-packages/airflow/example_dags/plugins/listener_plugin.py
[2026-09-27T02:39:53.860+0000] {processor.py:178} INFO - Processing /home/airflow/.local/lib/python3.7/site-packages/airflow/example_dags/plugins/listener_plugin.py took 0.034 seconds
[2026-09-27T02:45:05.877+0000] {processor.py:156} INFO - Started process (PID=93) to work on /home/airflow/.local/lib/python3.7/site-packages/airflow/example_dags/plugins/listener_plugin.py
[2026-09-27T02:45:05.879+0000] {processor.py:799} INFO - Processing file /home/airflow/.local/lib/python3.7/site-packages/airflow/example_dags/plugins/listener_plugin.py for tasks to queue
[2026-09-27T02:45:05.883+0000] {logging_mixin.py:149} INFO - [2026-09-27T02:45:05.881+0000] {dagbag.py:541} INFO - Filling up the DagBag from /home/airflow/.local/lib/python3.7/site-packages/airflow/example_dags/plugins/listener_plugin.py
[2026-09-27T02:45:05.893+0000] {processor.py:811} WARNING - No viable dags retrieved from /home/airflow/.local/lib/python3.7/site-packages/airflow/example_dags/plugins/listener_plugin.py
[2026-09-27T02:45:05.926+0000] {processor.py:178} INFO - Processing /home/airflow/.local/lib/python3.7/site-packages/airflow/example_dags/plugins/listener_plugin.py took 0.060 seconds
[2026-09-27T02:45:36.285+0000] {processor.py:156} INFO - Started process (PID=149) to work on /home/airflow/.local/lib/python3.7/site-packages/airflow/example_dags/plugins/listener_plugin.py
[2026-09-27T02:45:36.286+0000] {processor.py:799} INFO - Processing file /home/airflow/.local/lib/python3.7/site-packages/airflow/example_dags/plugins/listener_plugin.py for tasks to queue
[2026-09-27T02:45:36.287+0000] {logging_mixin.py:149} INFO - [2026-09-27T02:45:36.287+0000] {dagbag.py:541} INFO - Filling up the DagBag from /home/airflow/.local/lib/python3.7/site-packages/airflow/example_dags/plugins/listener_plugin.py
[2026-09-27T02:45:36.290+0000] {processor.py:811} WARNING - No viable dags retrieved from /home/airflow/.local/lib/python3.7/site-packages/airflow/example_dags/plugins/listener_plugin.py
[2026-09-27T02:45:36.314+0000] {processor.py:178} INFO - Processing /home/airflow/.local/lib/python3.7/site-packages/airflow/example_dags/plugins/listener_plugin.py took 0.036 seconds
[2026-09-27T02:46:07.391+0000] {processor.py:156} INFO - Started process (PID=205) to work on /home/airflow/.local/lib/python3.7/site-packages/airflow/example_dags/plugins/listener_plugin.py
[2026-09-27T02:46:07.393+0000] {processor.py:799} INFO - Processing file /home/airflow/.local/lib/python3.7/site-packages/airflow/example_dags/plugins/listener_plugin.py for tasks to queue
[2026-09-27T02:46:07.394+0000] {logging_mixin.py:149} INFO - [2026-09-27T02:46:07.394+0000] {dagbag.py:541} INFO - Filling up the DagBag from /home/airflow/.local/lib/python3.7/site-packages/airflow/example_dags/plugins/listener_plugin.py
[2026-09-27T02:46:07.398+0000] {processor.py:811} WARNING - No viable dags retrieved from /home/airflow/.local/lib/python3.7/site-packages/airflow/example_dags/plugins/listener_plugin.py
[2026-09-27T02:46:07.420+0000] {processor.py:178} INFO - Processing /home/airflow/.local/lib/python3.7/site-packages/airflow/example_dags/plugins/listener_plugin.py took 0.035 seconds
[2026-09-27T02:46:37.990+0000] {processor.py:156} INFO - Started process (PID=261) to work on /home/airflow/.local/lib/python3.7/site-packages/airflow/example_dags/plugins/listener_plugin.py
[2026-09-27T02:46:37.992+0000] {processor.py:799} INFO - Processing file /home/airflow/.local/lib/python3.7/site-packages/airflow/example_dags/plugins/listener_plugin.py for tasks to queue
[2026-09-27T02:46:37.993+0000] {logging_mixin.py:149} INFO - [2026-09-27T02:46:37.993+0000] {dagbag.py:541} INFO - Filling up the DagBag from /home/airflow/.local/lib/python3.7/site-packages/airflow/example_dags/plugins/listener_plugin.py
[2026-09-27T02:46:37.997+0000] {processor.py:811} WARNING - No viable dags retrieved from /home/airflow/.local/lib/python3.7/site-packages/airflow/example_dags/plugins/listener_plugin.py
[2026-09-27T02:46:38.019+0000] {processor.py:178} INFO - Processing /home/airflow/.local/lib/python3.7/site-packages/airflow/example_dags/plugins/listener_plugin.py took 0.035 seconds
[2026-09-27T02:47:08.839+0000] {processor.py:156} INFO - Started process (PID=318) to work on /home/airflow/.local/lib/python3.7/site-packages/airflow/example_dags/plugins/listener_plugin.py
[2026-09-27T02:47:08.840+0000] {processor.py:799} INFO - Processing file /home/airflow/.local/lib/python3.7/site-packages/airflow/example_dags/plugins/listener_plugin.py for tasks to queue
[2026-09-27T02:47:08.841+0000] {logging_mixin.py:149} INFO - [2026-09-27T02:47:08.841+0000] {dagbag.py:541} INFO - Filling up the DagBag from /home/airflow/.local/lib/python3.7/site-packages/airflow/example_dags/plugins/listener_plugin.py
[2026-09-27T02:47:08.844+0000] {processor.py:811} WARNING - No viable dags retrieved from /home/airflow/.local/lib/python3.7/site-packages/airflow/example_dags/plugins/listener_plugin.py
[2026-09-27T02:47:08.864+0000] {processor.py:178} INFO - Processing /home/airflow/.local/lib/python3.7/site-packages/airflow/example_dags/plugins/listener_plugin.py took 0.031 seconds
[2026-09-27T02:47:39.130+0000] {processor.py:156} INFO - Started process (PID=374) to work on /home/airflow/.local/lib/python3.7/site-packages/airflow/example_dags/plugins/listener_plugin.py
[2026-09-27T02:47:39.132+0000] {processor.py:799} INFO - Processing file /home/airflow/.local/lib/python3.7/site-packages/airflow/example_dags/plugins/listener_plugin.py for tasks to queue
[2026-09-27T02:47:39.133+0000] {logging_mixin.py:149} INFO - [2026-09-27T02:47:39.133+0000] {dagbag.py:541} INFO - Filling up the DagBag from /home/airflow/.local/lib/python3.7/site-packages/airflow/example_dags/plugins/listener_plugin.py
[2026-09-27T02:47:39.136+0000] {processor.py:811} WARNING - No viable dags retrieved from /home/airflow/.local/lib/python3.7/site-packages/airflow/example_dags/plugins/listener_plugin.py
[2026-09-27T02:47:39.158+0000] {processor.py:178} INFO - Processing /home/airflow/.local/lib/python3.7/site-packages/airflow/example_dags/plugins/listener_plugin.py took 0.035 seconds
[2026-09-27T02:48:10.212+0000] {processor.py:156} INFO - Started process (PID=430) to work on /home/airflow/.local/lib/python3.7/site-packages/airflow/example_dags/plugins/listener_plugin.py
[2026-09-27T02:48:10.214+0000] {processor.py:799} INFO - Processing file /home/airflow/.local/lib/python3.7/site-packages/airflow/example_dags/plugins/listener_plugin.py for tasks to queue
[2026-09-27T02:48:10.215+0000] {logging_mixin.py:149} INFO - [2026-09-27T02:48:10.215+0000] {dagbag.py:541} INFO - Filling up the DagBag from /home/airflow/.local/lib/python3.7/site-packages/airflow/example_dags/plugins/listener_plugin.py
[2026-09-27T02:48:10.218+0000] {processor.py:811} WARNING - No viable dags retrieved from /home/airflow/.local/lib/python3.7/site-packages/airflow/example_dags/plugins/listener_plugin.py
[2026-09-27T02:48:10.239+0000] {processor.py:178} INFO - Processing /home/airflow/.local/lib/python3.7/site-packages/airflow/example_dags/plugins/listener_plugin.py took 0.032 seconds
[2026-09-27T02:48:41.171+0000] {processor.py:156} INFO - Started process (PID=486) to work on /home/airflow/.local/lib/python3.7/site-packages/airflow/example_dags/plugins/listener_plugin.py
[2026-09-27T02:48:41.174+0000] {processor.py:799} INFO - Processing file /home/airflow/.local/lib/python3.7/site-packages/airflow/example_dags/plugins/listener_plugin.py for tasks to queue
[2026-09-27T02:48:41.175+0000] {logging_mixin.py:149} INFO - [2026-09-27T02:48:41.175+0000] {dagbag.py:541} INFO - Filling up the DagBag from /home/airflow/.local/lib/python3.7/site-packages/airflow/example_dags/plugins/listener_plugin.py
[2026-09-27T02:48:41.180+0000] {processor.py:811} WARNING - No viable dags retrieved from /home/airflow/.local/lib/python3.7/site-packages/airflow/example_dags/plugins/listener_plugin.py
[2026-09-27T02:48:41.203+0000] {processor.py:178} INFO - Processing /home/airflow/.local/lib/python3.7/site-packages/airflow/example_dags/plugins/listener_plugin.py took 0.040 seconds
[2026-09-27T02:49:12.441+0000] {processor.py:156} INFO - Started process (PID=541) to work on /home/airflow/.local/lib/python3.7/site-packages/airflow/example_dags/plugins/listener_plugin.py
[2026-09-27T02:49:12.444+0000] {processor.py:799} INFO - Processing file /home/airflow/.local/lib/python3.7/site-packages/airflow/example_dags/plugins/listener_plugin.py for tasks to queue
[2026-09-27T02:49:12.445+0000] {logging_mixin.py:149} INFO - [2026-09-27T02:49:12.445+0000] {dagbag.py:541} INFO - Filling up the DagBag from /home/airflow/.local/lib/python3.7/site-packages/airflow/example_dags/plugins/listener_plugin.py
[2026-09-27T02:49:12.449+0000] {processor.py:811} WARNING - No viable dags retrieved from /home/airflow/.local/lib/python3.7/site-packages/airflow/example_dags/plugins/listener_plugin.py
[2026-09-27T02:49:12.472+0000] {processor.py:178} INFO - Processing /home/airflow/.local/lib/python3.7/site-packages/airflow/example_dags/plugins/listener_plugin.py took 0.040 seconds
[2026-09-27T02:49:43.932+0000] {processor.py:156} INFO - Started process (PID=597) to work on /home/airflow/.local/lib/python3.7/site-packages/airflow/example_dags/plugins/listener_plugin.py
[2026-09-27T02:49:43.933+0000] {processor.py:799} INFO - Processing file /home/airflow/.local/lib/python3.7/site-packages/airflow/example_dags/plugins/listener_plugin.py for tasks to queue
[2026-09-27T02:49:43.935+0000] {logging_mixin.py:149} INFO - [2026-09-27T02:49:43.934+0000] {dagbag.py:541} INFO - Filling up the DagBag from /home/airflow/.local/lib/python3.7/site-packages/airflow/example_dags/plugins/listener_plugin.py
[2026-09-27T02:49:43.938+0000] {processor.py:811} WARNING - No viable dags retrieved from /home/airflow/.local/lib/python3.7/site-packages/airflow/example_dags/plugins/listener_plugin.py
[2026-09-27T02:49:43.960+0000] {processor.py:178} INFO - Processing /home/airflow/.local/lib/python3.7/site-packages/airflow/example_dags/plugins/listener_plugin.py took 0.035 seconds
[2026-09-27T02:50:14.280+0000] {processor.py:156} INFO - Started process (PID=653) to work on /home/airflow/.local/lib/python3.7/site-packages/airflow/example_dags/plugins/listener_plugin.py
[2026-09-27T02:50:14.281+0000] {processor.py:799} INFO - Processing file /home/airflow/.local/lib/python3.7/site-packages/airflow/example_dags/plugins/listener_plugin.py for tasks to queue
[2026-09-27T02:50:14.282+0000] {logging_mixin.py:149} INFO - [2026-09-27T02:50:14.282+0000] {dagbag.py:541} INFO - Filling up the DagBag from /home/airflow/.local/lib/python3.7/site-packages/airflow/example_dags/plugins/listener_plugin.py
[2026-09-27T02:50:14.285+0000] {processor.py:811} WARNING - No viable dags retrieved from /home/airflow/.local/lib/python3.7/site-packages/airflow/example_dags/plugins/listener_plugin.py
[2026-09-27T02:50:14.309+0000] {processor.py:178} INFO - Processing /home/airflow/.local/lib/python3.7/site-packages/airflow/example_dags/plugins/listener_plugin.py took 0.034 seconds
[2026-09-27T02:50:44.718+0000] {processor.py:156} INFO - Started process (PID=709) to work on /home/airflow/.local/lib/python3.7/site-packages/airflow/example_dags/plugins/listener_plugin.py
[2026-09-27T02:50:44.719+0000] {processor.py:799} INFO - Processing file /home/airflow/.local/lib/python3.7/site-packages/airflow/example_dags/plugins/listener_plugin.py for tasks to queue
[2026-09-27T02:50:44.720+0000] {logging_mixin.py:149} INFO - [2026-09-27T02:50:44.720+0000] {dagbag.py:541} INFO - Filling up the DagBag from /home/airflow/.local/lib/python3.7/site-packages/airflow/example_dags/plugins/listener_plugin.py
[2026-09-27T02:50:44.724+0000] {processor.py:811} WARNING - No viable dags retrieved from /home/airflow/.local/lib/python3.7/site-packages/airflow/example_dags/plugins/listener_plugin.py
[2026-09-27T02:50:44.750+0000] {processor.py:178} INFO - Processing /home/airflow/.local/lib/python3.7/site-packages/airflow/example_dags/plugins/listener_plugin.py took 0.040 seconds
[2026-09-27T02:51:15.710+0000] {processor.py:156} INFO - Started process (PID=765) to work on /home/airflow/.local/lib/python3.7/site-packages/airflow/example_dags/plugins/listener_plugin.py
[2026-09-27T02:51:15.712+0000] {processor.py:799} INFO - Processing file /home/airflow/.local/lib/python3.7/site-packages/airflow/example_dags/plugins/listener_plugin.py for tasks to queue
[2026-09-27T02:51:15.713+0000] {logging_mixin.py:149} INFO - [2026-09-27T02:51:15.713+0000] {dagbag.py:541} INFO - Filling up the DagBag from /home/airflow/.local/lib/python3.7/site-packages/airflow/example_dags/plugins/listener_plugin.py
[2026-09-27T02:51:15.717+0000] {processor.py:811} WARNING - No viable dags retrieved from /home/airflow/.local/lib/python3.7/site-packages/airflow/example_dags/plugins/listener_plugin.py
[2026-09-27T02:51:15.739+0000] {processor.py:178} INFO - Processing /home/airflow/.local/lib/python3.7/site-packages/airflow/example_dags/plugins/listener_plugin.py took 0.035 seconds
[2026-09-27T02:51:46.586+0000] {processor.py:156} INFO - Started process (PID=821) to work on /home/airflow/.local/lib/python3.7/site-packages/airflow/example_dags/plugins/listener_plugin.py
[2026-09-27T02:51:46.587+0000] {processor.py:799} INFO - Processing file /home/airflow/.local/lib/python3.7/site-packages/airflow/example_dags/plugins/listener_plugin.py for tasks to queue
[2026-09-27T02:51:46.588+0000] {logging_mixin.py:149} INFO - [2026-09-27T02:51:46.588+0000] {dagbag.py:541} INFO - Filling up the DagBag from /home/airflow/.local/lib/python3.7/site-packages/airflow/example_dags/plugins/listener_plugin.py
[2026-09-27T02:51:46.591+0000] {processor.py:811} WARNING - No viable dags retrieved from /home/airflow/.local/lib/python3.7/site-packages/airflow/example_dags/plugins/listener_plugin.py
[2026-09-27T02:51:46.617+0000] {processor.py:178} INFO - Processing /home/airflow/.local/lib/python3.7/site-packages/airflow/example_dags/plugins/listener_plugin.py took 0.037 seconds
[2026-09-27T02:52:17.853+0000] {processor.py:156} INFO - Started process (PID=877) to work on /home/airflow/.local/lib/python3.7/site-packages/airflow/example_dags/plugins/listener_plugin.py
[2026-09-27T02:52:17.855+0000] {processor.py:799} INFO - Processing file /home/airflow/.local/lib/python3.7/site-packages/airflow/example_dags/plugins/listener_plugin.py for tasks to queue
[2026-09-27T02:52:17.856+0000] {logging_mixin.py:149} INFO - [2026-09-27T02:52:17.856+0000] {dagbag.py:541} INFO - Filling up the DagBag from /home/airflow/.local/lib/python3.7/site-packages/airflow/example_dags/plugins/listener_plugin.py
[2026-09-27T02:52:17.860+0000] {processor.py:811} WARNING - No viable dags retrieved from /home/airflow/.local/lib/python3.7/site-packages/airflow/example_dags/plugins/listener_plugin.py
[2026-09-27T02:52:17.887+0000] {processor.py:178} INFO - Processing /home/airflow/.local/lib/python3.7/site-packages/airflow/example_dags/plugins/listener_plugin.py took 0.040 seconds
[2026-09-27T02:52:48.330+0000] {processor.py:156} INFO - Started process (PID=933) to work on /home/airflow/.local/lib/python3.7/site-packages/airflow/example_dags/plugins/listener_plugin.py
[2026-09-27T02:52:48.331+0000] {processor.py:799} INFO - Processing file /home/airflow/.local/lib/python3.7/site-packages/airflow/example_dags/plugins/listener_plugin.py for tasks to queue
[2026-09-27T02:52:48.332+0000] {logging_mixin.py:149} INFO - [2026-09-27T02:52:48.332+0000] {dagbag.py:541} INFO - Filling up the DagBag from /home/airflow/.local/lib/python3.7/site-packages/airflow/example_dags/plugins/listener_plugin.py
[2026-09-27T02:52:48.335+0000] {processor.py:811} WARNING - No viable dags retrieved from /home/airflow/.local/lib/python3.7/site-packages/airflow/example_dags/plugins/listener_plugin.py
[2026-09-27T02:52:48.363+0000] {processor.py:178} INFO - Processing /home/airflow/.local/lib/python3.7/site-packages/airflow/example_dags/plugins/listener_plugin.py took 0.041 seconds
[2026-09-27T02:53:19.092+0000] {processor.py:156} INFO - Started process (PID=989) to work on /home/airflow/.local/lib/python3.7/site-packages/airflow/example_dags/plugins/listener_plugin.py
[2026-09-27T02:53:19.098+0000] {processor.py:799} INFO - Processing file /home/airflow/.local/lib/python3.7/site-packages/airflow/example_dags/plugins/listener_plugin.py for tasks to queue
[2026-09-27T02:53:19.099+0000] {logging_mixin.py:149} INFO - [2026-09-27T02:53:19.099+0000] {dagbag.py:541} INFO - Filling up the DagBag from /home/airflow/.local/lib/python3.7/site-packages/airflow/example_dags/plugins/listener_plugin.py
[2026-09-27T02:53:19.106+0000] {processor.py:811} WARNING - No viable dags retrieved from /home/airflow/.local/lib/python3.7/site-packages/airflow/example_dags/plugins/listener_plugin.py
[2026-09-27T02:53:19.128+0000] {processor.py:178} INFO - Processing /home/airflow/.local/lib/python3.7/site-packages/airflow/example_dags/plugins/listener_plugin.py took 0.042 seconds
[2026-09-27T02:53:50.645+0000] {processor.py:156} INFO - Started process (PID=1045) to work on /home/airflow/.local/lib/python3.7/site-packages/airflow/example_dags/plugins/listener_plugin.py
[2026-09-27T02:53:50.646+0000] {processor.py:799} INFO - Processing file /home/airflow/.local/lib/python3.7/site-packages/airflow/example_dags/plugins/listener_plugin.py for tasks to queue
[2026-09-27T02:53:50.647+0000] {logging_mixin.py:149} INFO - [2026-09-27T02:53:50.647+0000] {dagbag.py:541} INFO - Filling up the DagBag from /home/airflow/.local/lib/python3.7/site-packages/airflow/example_dags/plugins/listener_plugin.py
[2026-09-27T02:53:50.651+0000] {processor.py:811} WARNING - No viable dags retrieved from /home/airflow/.local/lib/python3.7/site-packages/airflow/example_dags/plugins/listener_plugin.py
[2026-09-27T02:53:50.669+0000] {processor.py:178} INFO - Processing /home/airflow/.local/lib/python3.7/site-packages/airflow/example_dags/plugins/listener_plugin.py took 0.031 seconds
[2026-09-27T02:54:22.157+0000] {processor.py:156} INFO - Started process (PID=1101) to work on /home/airflow/.local/lib/python3.7/site-packages/airflow/example_dags/plugins/listener_plugin.py
[2026-09-27T02:54:22.162+0000] {processor.py:799} INFO - Processing file /home/airflow/.local/lib/python3.7/site-packages/airflow/example_dags/plugins/listener_plugin.py for tasks to queue
[2026-09-27T02:54:22.163+0000] {logging_mixin.py:149} INFO - [2026-09-27T02:54:22.163+0000] {dagbag.py:541} INFO - Filling up the DagBag from /home/airflow/.local/lib/python3.7/site-packages/airflow/example_dags/plugins/listener_plugin.py
[2026-09-27T02:54:22.168+0000] {processor.py:811} WARNING - No viable dags retrieved from /home/airflow/.local/lib/python3.7/site-packages/airflow/example_dags/plugins/listener_plugin.py
[2026-09-27T02:54:22.199+0000] {processor.py:178} INFO - Processing /home/airflow/.local/lib/python3.7/site-packages/airflow/example_dags/plugins/listener_plugin.py took 0.049 seconds
[2026-09-27T02:54:52.817+0000] {processor.py:156} INFO - Started process (PID=1157) to work on /home/airflow/.local/lib/python3.7/site-packages/airflow/example_dags/plugins/listener_plugin.py
[2026-09-27T02:54:52.818+0000] {processor.py:799} INFO - Processing file /home/airflow/.local/lib/python3.7/site-packages/airflow/example_dags/plugins/listener_plugin.py for tasks to queue
[2026-09-27T02:54:52.819+0000] {logging_mixin.py:149} INFO - [2026-09-27T02:54:52.819+0000] {dagbag.py:541} INFO - Filling up the DagBag from /home/airflow/.local/lib/python3.7/site-packages/airflow/example_dags/plugins/listener_plugin.py
[2026-09-27T02:54:52.822+0000] {processor.py:811} WARNING - No viable dags retrieved from /home/airflow/.local/lib/python3.7/site-packages/airflow/example_dags/plugins/listener_plugin.py
[2026-09-27T02:54:52.845+0000] {processor.py:178} INFO - Processing /home/airflow/.local/lib/python3.7/site-packages/airflow/example_dags/plugins/listener_plugin.py took 0.038 seconds
[2026-09-27T02:55:23.545+0000] {processor.py:156} INFO - Started process (PID=1214) to work on /home/airflow/.local/lib/python3.7/site-packages/airflow/example_dags/plugins/listener_plugin.py
[2026-09-27T02:55:23.546+0000] {processor.py:799} INFO - Processing file /home/airflow/.local/lib/python3.7/site-packages/airflow/example_dags/plugins/listener_plugin.py for tasks to queue
[2026-09-27T02:55:23.547+0000] {logging_mixin.py:149} INFO - [2026-09-27T02:55:23.547+0000] {dagbag.py:541} INFO - Filling up the DagBag from /home/airflow/.local/lib/python3.7/site-packages/airflow/example_dags/plugins/listener_plugin.py
[2026-09-27T02:55:23.552+0000] {processor.py:811} WARNING - No viable dags retrieved from /home/airflow/.local/lib/python3.7/site-packages/airflow/example_dags/plugins/listener_plugin.py
[2026-09-27T02:55:23.576+0000] {processor.py:178} INFO - Processing /home/airflow/.local/lib/python3.7/site-packages/airflow/example_dags/plugins/listener_plugin.py took 0.038 seconds
[2026-09-27T02:55:54.159+0000] {processor.py:156} INFO - Started process (PID=1271) to work on /home/airflow/.local/lib/python3.7/site-packages/airflow/example_dags/plugins/listener_plugin.py
[2026-09-27T02:55:54.160+0000] {processor.py:799} INFO - Processing file /home/airflow/.local/lib/python3.7/site-packages/airflow/example_dags/plugins/listener_plugin.py for tasks to queue
[2026-09-27T02:55:54.162+0000] {logging_mixin.py:149} INFO - [2026-09-27T02:55:54.161+0000] {dagbag.py:541} INFO - Filling up the DagBag from /home/airflow/.local/lib/python3.7/site-packages/airflow/example_dags/plugins/listener_plugin.py
[2026-09-27T02:55:54.165+0000] {processor.py:811} WARNING - No viable dags retrieved from /home/airflow/.local/lib/python3.7/site-packages/airflow/example_dags/plugins/listener_plugin.py
[2026-09-27T02:55:54.186+0000] {processor.py:178} INFO - Processing /home/airflow/.local/lib/python3.7/site-packages/airflow/example_dags/plugins/listener_plugin.py took 0.035 seconds
[2026-09-27T02:56:25.795+0000] {processor.py:156} INFO - Started process (PID=1327) to work on /home/airflow/.local/lib/python3.7/site-packages/airflow/example_dags/plugins/listener_plugin.py
[2026-09-27T02:56:25.797+0000] {processor.py:799} INFO - Processing file /home/airflow/.local/lib/python3.7/site-packages/airflow/example_dags/plugins/listener_plugin.py for tasks to queue
[2026-09-27T02:56:25.798+0000] {logging_mixin.py:149} INFO - [2026-09-27T02:56:25.798+0000] {dagbag.py:541} INFO - Filling up the DagBag from /home/airflow/.local/lib/python3.7/site-packages/airflow/example_dags/plugins/listener_plugin.py
[2026-09-27T02:56:25.803+0000] {processor.py:811} WARNING - No viable dags retrieved from /home/airflow/.local/lib/python3.7/site-packages/airflow/example_dags/plugins/listener_plugin.py
[2026-09-27T02:56:25.829+0000] {processor.py:178} INFO - Processing /home/airflow/.local/lib/python3.7/site-packages/airflow/example_dags/plugins/listener_plugin.py took 0.041 seconds
[2026-09-27T02:56:56.430+0000] {processor.py:156} INFO - Started process (PID=1384) to work on /home/airflow/.local/lib/python3.7/site-packages/airflow/example_dags/plugins/listener_plugin.py
[2026-09-27T02:56:56.431+0000] {processor.py:799} INFO - Processing file /home/airflow/.local/lib/python3.7/site-packages/airflow/example_dags/plugins/listener_plugin.py for tasks to queue
[2026-09-27T02:56:56.432+0000] {logging_mixin.py:149} INFO - [2026-09-27T02:56:56.432+0000] {dagbag.py:541} INFO - Filling up the DagBag from /home/airflow/.local/lib/python3.7/site-packages/airflow/example_dags/plugins/listener_plugin.py
[2026-09-27T02:56:56.435+0000] {processor.py:811} WARNING - No viable dags retrieved from /home/airflow/.local/lib/python3.7/site-packages/airflow/example_dags/plugins/listener_plugin.py
[2026-09-27T02:56:56.458+0000] {processor.py:178} INFO - Processing /home/airflow/.local/lib/python3.7/site-packages/airflow/example_dags/plugins/listener_plugin.py took 0.032 seconds
[2026-09-27T02:57:27.912+0000] {processor.py:156} INFO - Started process (PID=1440) to work on /home/airflow/.local/lib/python3.7/site-packages/airflow/example_dags/plugins/listener_plugin.py
[2026-09-27T02:57:27.913+0000] {processor.py:799} INFO - Processing file /home/airflow/.local/lib/python3.7/site-packages/airflow/example_dags/plugins/listener_plugin.py for tasks to queue
[2026-09-27T02:57:27.914+0000] {logging_mixin.py:149} INFO - [2026-09-27T02:57:27.914+0000] {dagbag.py:541} INFO - Filling up the DagBag from /home/airflow/.local/lib/python3.7/site-packages/airflow/example_dags/plugins/listener_plugin.py
[2026-09-27T02:57:27.918+0000] {processor.py:811} WARNING - No viable dags retrieved from /home/airflow/.local/lib/python3.7/site-packages/airflow/example_dags/plugins/listener_plugin.py
[2026-09-27T02:57:27.942+0000] {processor.py:178} INFO - Processing /home/airflow/.local/lib/python3.7/site-packages/airflow/example_dags/plugins/listener_plugin.py took 0.036 seconds
[2026-09-27T02:57:59.647+0000] {processor.py:156} INFO - Started process (PID=1496) to work on /home/airflow/.local/lib/python3.7/site-packages/airflow/example_dags/plugins/listener_plugin.py
[2026-09-27T02:57:59.650+0000] {processor.py:799} INFO - Processing file /home/airflow/.local/lib/python3.7/site-packages/airflow/example_dags/plugins/listener_plugin.py for tasks to queue
[2026-09-27T02:57:59.652+0000] {logging_mixin.py:149} INFO - [2026-09-27T02:57:59.652+0000] {dagbag.py:541} INFO - Filling up the DagBag from /home/airflow/.local/lib/python3.7/site-packages/airflow/example_dags/plugins/listener_plugin.py
[2026-09-27T02:57:59.656+0000] {processor.py:811} WARNING - No viable dags retrieved from /home/airflow/.local/lib/python3.7/site-packages/airflow/example_dags/plugins/listener_plugin.py
[2026-09-27T02:57:59.686+0000] {processor.py:178} INFO - Processing /home/airflow/.local/lib/python3.7/site-packages/airflow/example_dags/plugins/listener_plugin.py took 0.045 seconds
[2026-09-27T02:58:30.281+0000] {processor.py:156} INFO - Started process (PID=1560) to work on /home/airflow/.local/lib/python3.7/site-packages/airflow/example_dags/plugins/listener_plugin.py
[2026-09-27T02:58:30.284+0000] {processor.py:799} INFO - Processing file /home/airflow/.local/lib/python3.7/site-packages/airflow/example_dags/plugins/listener_plugin.py for tasks to queue
[2026-09-27T02:58:30.290+0000] {logging_mixin.py:149} INFO - [2026-09-27T02:58:30.290+0000] {dagbag.py:541} INFO - Filling up the DagBag from /home/airflow/.local/lib/python3.7/site-packages/airflow/example_dags/plugins/listener_plugin.py
[2026-09-27T02:58:30.298+0000] {processor.py:811} WARNING - No viable dags retrieved from /home/airflow/.local/lib/python3.7/site-packages/airflow/example_dags/plugins/listener_plugin.py
[2026-09-27T02:58:30.326+0000] {processor.py:178} INFO - Processing /home/airflow/.local/lib/python3.7/site-packages/airflow/example_dags/plugins/listener_plugin.py took 0.053 seconds
[2026-09-27T02:59:00.662+0000] {processor.py:156} INFO - Started process (PID=1616) to work on /home/airflow/.local/lib/python3.7/site-packages/airflow/example_dags/plugins/listener_plugin.py
[2026-09-27T02:59:00.664+0000] {processor.py:799} INFO - Processing file /home/airflow/.local/lib/python3.7/site-packages/airflow/example_dags/plugins/listener_plugin.py for tasks to queue
[2026-09-27T02:59:00.665+0000] {logging_mixin.py:149} INFO - [2026-09-27T02:59:00.665+0000] {dagbag.py:541} INFO - Filling up the DagBag from /home/airflow/.local/lib/python3.7/site-packages/airflow/example_dags/plugins/listener_plugin.py
[2026-09-27T02:59:00.669+0000] {processor.py:811} WARNING - No viable dags retrieved from /home/airflow/.local/lib/python3.7/site-packages/airflow/example_dags/plugins/listener_plugin.py
[2026-09-27T02:59:00.693+0000] {processor.py:178} INFO - Processing /home/airflow/.local/lib/python3.7/site-packages/airflow/example_dags/plugins/listener_plugin.py took 0.037 seconds
[2026-09-27T02:59:32.465+0000] {processor.py:156} INFO - Started process (PID=1672) to work on /home/airflow/.local/lib/python3.7/site-packages/airflow/example_dags/plugins/listener_plugin.py
[2026-09-27T02:59:32.467+0000] {processor.py:799} INFO - Processing file /home/airflow/.local/lib/python3.7/site-packages/airflow/example_dags/plugins/listener_plugin.py for tasks to queue
[2026-09-27T02:59:32.469+0000] {logging_mixin.py:149} INFO - [2026-09-27T02:59:32.469+0000] {dagbag.py:541} INFO - Filling up the DagBag from /home/airflow/.local/lib/python3.7/site-packages/airflow/example_dags/plugins/listener_plugin.py
[2026-09-27T02:59:32.473+0000] {processor.py:811} WARNING - No viable dags retrieved from /home/airflow/.local/lib/python3.7/site-packages/airflow/example_dags/plugins/listener_plugin.py
[2026-09-27T02:59:32.496+0000] {processor.py:178} INFO - Processing /home/airflow/.local/lib/python3.7/site-packages/airflow/example_dags/plugins/listener_plugin.py took 0.038 seconds
[2026-09-27T03:00:03.221+0000] {processor.py:156} INFO - Started process (PID=1728) to work on /home/airflow/.local/lib/python3.7/site-packages/airflow/example_dags/plugins/listener_plugin.py
[2026-09-27T03:00:03.223+0000] {processor.py:799} INFO - Processing file /home/airflow/.local/lib/python3.7/site-packages/airflow/example_dags/plugins/listener_plugin.py for tasks to queue
[2026-09-27T03:00:03.224+0000] {logging_mixin.py:149} INFO - [2026-09-27T03:00:03.224+0000] {dagbag.py:541} INFO - Filling up the DagBag from /home/airflow/.local/lib/python3.7/site-packages/airflow/example_dags/plugins/listener_plugin.py
[2026-09-27T03:00:03.227+0000] {processor.py:811} WARNING - No viable dags retrieved from /home/airflow/.local/lib/python3.7/site-packages/airflow/example_dags/plugins/listener_plugin.py
[2026-09-27T03:00:03.254+0000] {processor.py:178} INFO - Processing /home/airflow/.local/lib/python3.7/site-packages/airflow/example_dags/plugins/listener_plugin.py took 0.041 seconds
[2026-09-27T03:00:34.654+0000] {processor.py:156} INFO - Started process (PID=1785) to work on /home/airflow/.local/lib/python3.7/site-packages/airflow/example_dags/plugins/listener_plugin.py
[2026-09-27T03:00:34.661+0000] {processor.py:799} INFO - Processing file /home/airflow/.local/lib/python3.7/site-packages/airflow/example_dags/plugins/listener_plugin.py for tasks to queue
[2026-09-27T03:00:34.662+0000] {logging_mixin.py:149} INFO - [2026-09-27T03:00:34.662+0000] {dagbag.py:541} INFO - Filling up the DagBag from /home/airflow/.local/lib/python3.7/site-packages/airflow/example_dags/plugins/listener_plugin.py
[2026-09-27T03:00:34.667+0000] {processor.py:811} WARNING - No viable dags retrieved from /home/airflow/.local/lib/python3.7/site-packages/airflow/example_dags/plugins/listener_plugin.py
[2026-09-27T03:00:34.691+0000] {processor.py:178} INFO - Processing /home/airflow/.local/lib/python3.7/site-packages/airflow/example_dags/plugins/listener_plugin.py took 0.045 seconds
[2026-09-27T03:01:05.935+0000] {processor.py:156} INFO - Started process (PID=1842) to work on /home/airflow/.local/lib/python3.7/site-packages/airflow/example_dags/plugins/listener_plugin.py
[2026-09-27T03:01:05.937+0000] {processor.py:799} INFO - Processing file /home/airflow/.local/lib/python3.7/site-packages/airflow/example_dags/plugins/listener_plugin.py for tasks to queue
[2026-09-27T03:01:05.938+0000] {logging_mixin.py:149} INFO - [2026-09-27T03:01:05.938+0000] {dagbag.py:541} INFO - Filling up the DagBag from /home/airflow/.local/lib/python3.7/site-packages/airflow/example_dags/plugins/listener_plugin.py
[2026-09-27T03:01:05.942+0000] {processor.py:811} WARNING - No viable dags retrieved from /home/airflow/.local/lib/python3.7/site-packages/airflow/example_dags/plugins/listener_plugin.py
[2026-09-27T03:01:05.965+0000] {processor.py:178} INFO - Processing /home/airflow/.local/lib/python3.7/site-packages/airflow/example_dags/plugins/listener_plugin.py took 0.037 seconds
[2026-09-27T03:01:36.668+0000] {processor.py:156} INFO - Started process (PID=1898) to work on /home/airflow/.local/lib/python3.7/site-packages/airflow/example_dags/plugins/listener_plugin.py
[2026-09-27T03:01:36.670+0000] {processor.py:799} INFO - Processing file /home/airflow/.local/lib/python3.7/site-packages/airflow/example_dags/plugins/listener_plugin.py for tasks to queue
[2026-09-27T03:01:36.671+0000] {logging_mixin.py:149} INFO - [2026-09-27T03:01:36.671+0000] {dagbag.py:541} INFO - Filling up the DagBag from /home/airflow/.local/lib/python3.7/site-packages/airflow/example_dags/plugins/listener_plugin.py
[2026-09-27T03:01:36.675+0000] {processor.py:811} WARNING - No viable dags retrieved from /home/airflow/.local/lib/python3.7/site-packages/airflow/example_dags/plugins/listener_plugin.py
[2026-09-27T03:01:36.698+0000] {processor.py:178} INFO - Processing /home/airflow/.local/lib/python3.7/site-packages/airflow/example_dags/plugins/listener_plugin.py took 0.036 seconds
[2026-09-27T03:02:07.597+0000] {processor.py:156} INFO - Started process (PID=1954) to work on /home/airflow/.local/lib/python3.7/site-packages/airflow/example_dags/plugins/listener_plugin.py
[2026-09-27T03:02:07.599+0000] {processor.py:799} INFO - Processing file /home/airflow/.local/lib/python3.7/site-packages/airflow/example_dags/plugins/listener_plugin.py for tasks to queue
[2026-09-27T03:02:07.600+0000] {logging_mixin.py:149} INFO - [2026-09-27T03:02:07.600+0000] {dagbag.py:541} INFO - Filling up the DagBag from /home/airflow/.local/lib/python3.7/site-packages/airflow/example_dags/plugins/listener_plugin.py
[2026-09-27T03:02:07.604+0000] {processor.py:811} WARNING - No viable dags retrieved from /home/airflow/.local/lib/python3.7/site-packages/airflow/example_dags/plugins/listener_plugin.py
[2026-09-27T03:02:07.624+0000] {processor.py:178} INFO - Processing /home/airflow/.local/lib/python3.7/site-packages/airflow/example_dags/plugins/listener_plugin.py took 0.033 seconds
[2026-09-27T03:02:38.570+0000] {processor.py:156} INFO - Started process (PID=2010) to work on /home/airflow/.local/lib/python3.7/site-packages/airflow/example_dags/plugins/listener_plugin.py
[2026-09-27T03:02:38.571+0000] {processor.py:799} INFO - Processing file /home/airflow/.local/lib/python3.7/site-packages/airflow/example_dags/plugins/listener_plugin.py for tasks to queue
[2026-09-27T03:02:38.572+0000] {logging_mixin.py:149} INFO - [2026-09-27T03:02:38.572+0000] {dagbag.py:541} INFO - Filling up the DagBag from /home/airflow/.local/lib/python3.7/site-packages/airflow/example_dags/plugins/listener_plugin.py
[2026-09-27T03:02:38.575+0000] {processor.py:811} WARNING - No viable dags retrieved from /home/airflow/.local/lib/python3.7/site-packages/airflow/example_dags/plugins/listener_plugin.py
[2026-09-27T03:02:38.600+0000] {processor.py:178} INFO - Processing /home/airflow/.local/lib/python3.7/site-packages/airflow/example_dags/plugins/listener_plugin.py took 0.040 seconds
[2026-09-27T03:03:10.114+0000] {processor.py:156} INFO - Started process (PID=2066) to work on /home/airflow/.local/lib/python3.7/site-packages/airflow/example_dags/plugins/listener_plugin.py
[2026-09-27T03:03:10.116+0000] {processor.py:799} INFO - Processing file /home/airflow/.local/lib/python3.7/site-packages/airflow/example_dags/plugins/listener_plugin.py for tasks to queue
[2026-09-27T03:03:10.117+0000] {logging_mixin.py:149} INFO - [2026-09-27T03:03:10.117+0000] {dagbag.py:541} INFO - Filling up the DagBag from /home/airflow/.local/lib/python3.7/site-packages/airflow/example_dags/plugins/listener_plugin.py
[2026-09-27T03:03:10.122+0000] {processor.py:811} WARNING - No viable dags retrieved from /home/airflow/.local/lib/python3.7/site-packages/airflow/example_dags/plugins/listener_plugin.py
[2026-09-27T03:03:10.145+0000] {processor.py:178} INFO - Processing /home/airflow/.local/lib/python3.7/site-packages/airflow/example_dags/plugins/listener_plugin.py took 0.037 seconds
[2026-09-27T03:03:40.532+0000] {processor.py:156} INFO - Started process (PID=2123) to work on /home/airflow/.local/lib/python3.7/site-packages/airflow/example_dags/plugins/listener_plugin.py
[2026-09-27T03:03:40.534+0000] {processor.py:799} INFO - Processing file /home/airflow/.local/lib/python3.7/site-packages/airflow/example_dags/plugins/listener_plugin.py for tasks to queue
[2026-09-27T03:03:40.535+0000] {logging_mixin.py:149} INFO - [2026-09-27T03:03:40.535+0000] {dagbag.py:541} INFO - Filling up the DagBag from /home/airflow/.local/lib/python3.7/site-packages/airflow/example_dags/plugins/listener_plugin.py
[2026-09-27T03:03:40.538+0000] {processor.py:811} WARNING - No viable dags retrieved from /home/airflow/.local/lib/python3.7/site-packages/airflow/example_dags/plugins/listener_plugin.py
[2026-09-27T03:03:40.565+0000] {processor.py:178} INFO - Processing /home/airflow/.local/lib/python3.7/site-packages/airflow/example_dags/plugins/listener_plugin.py took 0.039 seconds
[2026-09-27T03:04:11.924+0000] {processor.py:156} INFO - Started process (PID=2179) to work on /home/airflow/.local/lib/python3.7/site-packages/airflow/example_dags/plugins/listener_plugin.py
[2026-09-27T03:04:11.926+0000] {processor.py:799} INFO - Processing file /home/airflow/.local/lib/python3.7/site-packages/airflow/example_dags/plugins/listener_plugin.py for tasks to queue
[2026-09-27T03:04:11.927+0000] {logging_mixin.py:149} INFO - [2026-09-27T03:04:11.927+0000] {dagbag.py:541} INFO - Filling up the DagBag from /home/airflow/.local/lib/python3.7/site-packages/airflow/example_dags/plugins/listener_plugin.py
[2026-09-27T03:04:11.931+0000] {processor.py:811} WARNING - No viable dags retrieved from /home/airflow/.local/lib/python3.7/site-packages/airflow/example_dags/plugins/listener_plugin.py
[2026-09-27T03:04:11.957+0000] {processor.py:178} INFO - Processing /home/airflow/.local/lib/python3.7/site-packages/airflow/example_dags/plugins/listener_plugin.py took 0.039 seconds
[2026-09-27T03:04:43.479+0000] {processor.py:156} INFO - Started process (PID=2235) to work on /home/airflow/.local/lib/python3.7/site-packages/airflow/example_dags/plugins/listener_plugin.py
[2026-09-27T03:04:43.481+0000] {processor.py:799} INFO - Processing file /home/airflow/.local/lib/python3.7/site-packages/airflow/example_dags/plugins/listener_plugin.py for tasks to queue
[2026-09-27T03:04:43.482+0000] {logging_mixin.py:149} INFO - [2026-09-27T03:04:43.482+0000] {dagbag.py:541} INFO - Filling up the DagBag from /home/airflow/.local/lib/python3.7/site-packages/airflow/example_dags/plugins/listener_plugin.py
[2026-09-27T03:04:43.487+0000] {processor.py:811} WARNING - No viable dags retrieved from /home/airflow/.local/lib/python3.7/site-packages/airflow/example_dags/plugins/listener_plugin.py
[2026-09-27T03:04:43.512+0000] {processor.py:178} INFO - Processing /home/airflow/.local/lib/python3.7/site-packages/airflow/example_dags/plugins/listener_plugin.py took 0.043 seconds
[2026-09-27T03:05:15.624+0000] {processor.py:156} INFO - Started process (PID=2291) to work on /home/airflow/.local/lib/python3.7/site-packages/airflow/example_dags/plugins/listener_plugin.py
[2026-09-27T03:05:15.626+0000] {processor.py:799} INFO - Processing file /home/airflow/.local/lib/python3.7/site-packages/airflow/example_dags/plugins/listener_plugin.py for tasks to queue
[2026-09-27T03:05:15.629+0000] {logging_mixin.py:149} INFO - [2026-09-27T03:05:15.628+0000] {dagbag.py:541} INFO - Filling up the DagBag from /home/airflow/.local/lib/python3.7/site-packages/airflow/example_dags/plugins/listener_plugin.py
[2026-09-27T03:05:15.632+0000] {processor.py:811} WARNING - No viable dags retrieved from /home/airflow/.local/lib/python3.7/site-packages/airflow/example_dags/plugins/listener_plugin.py
[2026-09-27T03:05:15.659+0000] {processor.py:178} INFO - Processing /home/airflow/.local/lib/python3.7/site-packages/airflow/example_dags/plugins/listener_plugin.py took 0.041 seconds
[2026-09-27T03:05:46.063+0000] {processor.py:156} INFO - Started process (PID=2347) to work on /home/airflow/.local/lib/python3.7/site-packages/airflow/example_dags/plugins/listener_plugin.py
[2026-09-27T03:05:46.065+0000] {processor.py:799} INFO - Processing file /home/airflow/.local/lib/python3.7/site-packages/airflow/example_dags/plugins/listener_plugin.py for tasks to queue
[2026-09-27T03:05:46.066+0000] {logging_mixin.py:149} INFO - [2026-09-27T03:05:46.066+0000] {dagbag.py:541} INFO - Filling up the DagBag from /home/airflow/.local/lib/python3.7/site-packages/airflow/example_dags/plugins/listener_plugin.py
[2026-09-27T03:05:46.069+0000] {processor.py:811} WARNING - No viable dags retrieved from /home/airflow/.local/lib/python3.7/site-packages/airflow/example_dags/plugins/listener_plugin.py
[2026-09-27T03:05:46.090+0000] {processor.py:178} INFO - Processing /home/airflow/.local/lib/python3.7/site-packages/airflow/example_dags/plugins/listener_plugin.py took 0.033 seconds
[2026-09-27T03:06:17.532+0000] {processor.py:156} INFO - Started process (PID=2403) to work on /home/airflow/.local/lib/python3.7/site-packages/airflow/example_dags/plugins/listener_plugin.py
[2026-09-27T03:06:17.534+0000] {processor.py:799} INFO - Processing file /home/airflow/.local/lib/python3.7/site-packages/airflow/example_dags/plugins/listener_plugin.py for tasks to queue
[2026-09-27T03:06:17.535+0000] {logging_mixin.py:149} INFO - [2026-09-27T03:06:17.535+0000] {dagbag.py:541} INFO - Filling up the DagBag from /home/airflow/.local/lib/python3.7/site-packages/airflow/example_dags/plugins/listener_plugin.py
[2026-09-27T03:06:17.539+0000] {processor.py:811} WARNING - No viable dags retrieved from /home/airflow/.local/lib/python3.7/site-packages/airflow/example_dags/plugins/listener_plugin.py
[2026-09-27T03:06:17.558+0000] {processor.py:178} INFO - Processing /home/airflow/.local/lib/python3.7/site-packages/airflow/example_dags/plugins/listener_plugin.py took 0.032 seconds
[2026-09-27T03:06:48.190+0000] {processor.py:156} INFO - Started process (PID=2459) to work on /home/airflow/.local/lib/python3.7/site-packages/airflow/example_dags/plugins/listener_plugin.py
[2026-09-27T03:06:48.192+0000] {processor.py:799} INFO - Processing file /home/airflow/.local/lib/python3.7/site-packages/airflow/example_dags/plugins/listener_plugin.py for tasks to queue
[2026-09-27T03:06:48.193+0000] {logging_mixin.py:149} INFO - [2026-09-27T03:06:48.193+0000] {dagbag.py:541} INFO - Filling up the DagBag from /home/airflow/.local/lib/python3.7/site-packages/airflow/example_dags/plugins/listener_plugin.py
[2026-09-27T03:06:48.197+0000] {processor.py:811} WARNING - No viable dags retrieved from /home/airflow/.local/lib/python3.7/site-packages/airflow/example_dags/plugins/listener_plugin.py
[2026-09-27T03:06:48.220+0000] {processor.py:178} INFO - Processing /home/airflow/.local/lib/python3.7/site-packages/airflow/example_dags/plugins/listener_plugin.py took 0.037 seconds
[2026-09-27T03:07:18.971+0000] {processor.py:156} INFO - Started process (PID=2515) to work on /home/airflow/.local/lib/python3.7/site-packages/airflow/example_dags/plugins/listener_plugin.py
[2026-09-27T03:07:18.974+0000] {processor.py:799} INFO - Processing file /home/airflow/.local/lib/python3.7/site-packages/airflow/example_dags/plugins/listener_plugin.py for tasks to queue
[2026-09-27T03:07:18.975+0000] {logging_mixin.py:149} INFO - [2026-09-27T03:07:18.975+0000] {dagbag.py:541} INFO - Filling up the DagBag from /home/airflow/.local/lib/python3.7/site-packages/airflow/example_dags/plugins/listener_plugin.py
[2026-09-27T03:07:18.979+0000] {processor.py:811} WARNING - No viable dags retrieved from /home/airflow/.local/lib/python3.7/site-packages/airflow/example_dags/plugins/listener_plugin.py
[2026-09-27T03:07:19.005+0000] {processor.py:178} INFO - Processing /home/airflow/.local/lib/python3.7/site-packages/airflow/example_dags/plugins/listener_plugin.py took 0.041 seconds
[2026-09-27T03:07:49.665+0000] {processor.py:156} INFO - Started process (PID=2571) to work on /home/airflow/.local/lib/python3.7/site-packages/airflow/example_dags/plugins/listener_plugin.py
[2026-09-27T03:07:49.669+0000] {processor.py:799} INFO - Processing file /home/airflow/.local/lib/python3.7/site-packages/airflow/example_dags/plugins/listener_plugin.py for tasks to queue
[2026-09-27T03:07:49.670+0000] {logging_mixin.py:149} INFO - [2026-09-27T03:07:49.670+0000] {dagbag.py:541} INFO - Filling up the DagBag from /home/airflow/.local/lib/python3.7/site-packages/airflow/example_dags/plugins/listener_plugin.py
[2026-09-27T03:07:49.674+0000] {processor.py:811} WARNING - No viable dags retrieved from /home/airflow/.local/lib/python3.7/site-packages/airflow/example_dags/plugins/listener_plugin.py
[2026-09-27T03:07:49.696+0000] {processor.py:178} INFO - Processing /home/airflow/.local/lib/python3.7/site-packages/airflow/example_dags/plugins/listener_plugin.py took 0.039 seconds
[2026-09-27T03:08:20.256+0000] {processor.py:156} INFO - Started process (PID=2627) to work on /home/airflow/.local/lib/python3.7/site-packages/airflow/example_dags/plugins/listener_plugin.py
[2026-09-27T03:08:20.259+0000] {processor.py:799} INFO - Processing file /home/airflow/.local/lib/python3.7/site-packages/airflow/example_dags/plugins/listener_plugin.py for tasks to queue
[2026-09-27T03:08:20.260+0000] {logging_mixin.py:149} INFO - [2026-09-27T03:08:20.260+0000] {dagbag.py:541} INFO - Filling up the DagBag from /home/airflow/.local/lib/python3.7/site-packages/airflow/example_dags/plugins/listener_plugin.py
[2026-09-27T03:08:20.264+0000] {processor.py:811} WARNING - No viable dags retrieved from /home/airflow/.local/lib/python3.7/site-packages/airflow/example_dags/plugins/listener_plugin.py
[2026-09-27T03:08:20.286+0000] {processor.py:178} INFO - Processing /home/airflow/.local/lib/python3.7/site-packages/airflow/example_dags/plugins/listener_plugin.py took 0.038 seconds
[2026-09-27T03:08:51.718+0000] {processor.py:156} INFO - Started process (PID=2683) to work on /home/airflow/.local/lib/python3.7/site-packages/airflow/example_dags/plugins/listener_plugin.py
[2026-09-27T03:08:51.720+0000] {processor.py:799} INFO - Processing file /home/airflow/.local/lib/python3.7/site-packages/airflow/example_dags/plugins/listener_plugin.py for tasks to queue
[2026-09-27T03:08:51.722+0000] {logging_mixin.py:149} INFO - [2026-09-27T03:08:51.721+0000] {dagbag.py:541} INFO - Filling up the DagBag from /home/airflow/.local/lib/python3.7/site-packages/airflow/example_dags/plugins/listener_plugin.py
[2026-09-27T03:08:51.725+0000] {processor.py:811} WARNING - No viable dags retrieved from /home/airflow/.local/lib/python3.7/site-packages/airflow/example_dags/plugins/listener_plugin.py
[2026-09-27T03:08:51.747+0000] {processor.py:178} INFO - Processing /home/airflow/.local/lib/python3.7/site-packages/airflow/example_dags/plugins/listener_plugin.py took 0.036 seconds
[2026-09-27T03:09:22.482+0000] {processor.py:156} INFO - Started process (PID=2739) to work on /home/airflow/.local/lib/python3.7/site-packages/airflow/example_dags/plugins/listener_plugin.py
[2026-09-27T03:09:22.483+0000] {processor.py:799} INFO - Processing file /home/airflow/.local/lib/python3.7/site-packages/airflow/example_dags/plugins/listener_plugin.py for tasks to queue
[2026-09-27T03:09:22.484+0000] {logging_mixin.py:149} INFO - [2026-09-27T03:09:22.484+0000] {dagbag.py:541} INFO - Filling up the DagBag from /home/airflow/.local/lib/python3.7/site-packages/airflow/example_dags/plugins/listener_plugin.py
[2026-09-27T03:09:22.488+0000] {processor.py:811} WARNING - No viable dags retrieved from /home/airflow/.local/lib/python3.7/site-packages/airflow/example_dags/plugins/listener_plugin.py
[2026-09-27T03:09:22.509+0000] {processor.py:178} INFO - Processing /home/airflow/.local/lib/python3.7/site-packages/airflow/example_dags/plugins/listener_plugin.py took 0.033 seconds
[2026-09-27T03:09:53.383+0000] {processor.py:156} INFO - Started process (PID=2795) to work on /home/airflow/.local/lib/python3.7/site-packages/airflow/example_dags/plugins/listener_plugin.py
[2026-09-27T03:09:53.385+0000] {processor.py:799} INFO - Processing file /home/airflow/.local/lib/python3.7/site-packages/airflow/example_dags/plugins/listener_plugin.py for tasks to queue
[2026-09-27T03:09:53.386+0000] {logging_mixin.py:149} INFO - [2026-09-27T03:09:53.386+0000] {dagbag.py:541} INFO - Filling up the DagBag from /home/airflow/.local/lib/python3.7/site-packages/airflow/example_dags/plugins/listener_plugin.py
[2026-09-27T03:09:53.389+0000] {processor.py:811} WARNING - No viable dags retrieved from /home/airflow/.local/lib/python3.7/site-packages/airflow/example_dags/plugins/listener_plugin.py
[2026-09-27T03:09:53.415+0000] {processor.py:178} INFO - Processing /home/airflow/.local/lib/python3.7/site-packages/airflow/example_dags/plugins/listener_plugin.py took 0.037 seconds
[2026-09-27T03:10:24.107+0000] {processor.py:156} INFO - Started process (PID=2851) to work on /home/airflow/.local/lib/python3.7/site-packages/airflow/example_dags/plugins/listener_plugin.py
[2026-09-27T03:10:24.108+0000] {processor.py:799} INFO - Processing file /home/airflow/.local/lib/python3.7/site-packages/airflow/example_dags/plugins/listener_plugin.py for tasks to queue
[2026-09-27T03:10:24.109+0000] {logging_mixin.py:149} INFO - [2026-09-27T03:10:24.109+0000] {dagbag.py:541} INFO - Filling up the DagBag from /home/airflow/.local/lib/python3.7/site-packages/airflow/example_dags/plugins/listener_plugin.py
[2026-09-27T03:10:24.113+0000] {processor.py:811} WARNING - No viable dags retrieved from /home/airflow/.local/lib/python3.7/site-packages/airflow/example_dags/plugins/listener_plugin.py
[2026-09-27T03:10:24.137+0000] {processor.py:178} INFO - Processing /home/airflow/.local/lib/python3.7/site-packages/airflow/example_dags/plugins/listener_plugin.py took 0.038 seconds
[2026-09-27T03:10:54.618+0000] {processor.py:156} INFO - Started process (PID=2907) to work on /home/airflow/.local/lib/python3.7/site-packages/airflow/example_dags/plugins/listener_plugin.py
[2026-09-27T03:10:54.620+0000] {processor.py:799} INFO - Processing file /home/airflow/.local/lib/python3.7/site-packages/airflow/example_dags/plugins/listener_plugin.py for tasks to queue
[2026-09-27T03:10:54.622+0000] {logging_mixin.py:149} INFO - [2026-09-27T03:10:54.621+0000] {dagbag.py:541} INFO - Filling up the DagBag from /home/airflow/.local/lib/python3.7/site-packages/airflow/example_dags/plugins/listener_plugin.py
[2026-09-27T03:10:54.626+0000] {processor.py:811} WARNING - No viable dags retrieved from /home/airflow/.local/lib/python3.7/site-packages/airflow/example_dags/plugins/listener_plugin.py
[2026-09-27T03:10:54.651+0000] {processor.py:178} INFO - Processing /home/airflow/.local/lib/python3.7/site-packages/airflow/example_dags/plugins/listener_plugin.py took 0.039 seconds
[2026-09-27T03:11:25.270+0000] {processor.py:156} INFO - Started process (PID=2963) to work on /home/airflow/.local/lib/python3.7/site-packages/airflow/example_dags/plugins/listener_plugin.py
[2026-09-27T03:11:25.271+0000] {processor.py:799} INFO - Processing file /home/airflow/.local/lib/python3.7/site-packages/airflow/example_dags/plugins/listener_plugin.py for tasks to queue
[2026-09-27T03:11:25.272+0000] {logging_mixin.py:149} INFO - [2026-09-27T03:11:25.272+0000] {dagbag.py:541} INFO - Filling up the DagBag from /home/airflow/.local/lib/python3.7/site-packages/airflow/example_dags/plugins/listener_plugin.py
[2026-09-27T03:11:25.275+0000] {processor.py:811} WARNING - No viable dags retrieved from /home/airflow/.local/lib/python3.7/site-packages/airflow/example_dags/plugins/listener_plugin.py
[2026-09-27T03:11:25.299+0000] {processor.py:178} INFO - Processing /home/airflow/.local/lib/python3.7/site-packages/airflow/example_dags/plugins/listener_plugin.py took 0.035 seconds
[2026-09-27T03:11:56.330+0000] {processor.py:156} INFO - Started process (PID=3019) to work on /home/airflow/.local/lib/python3.7/site-packages/airflow/example_dags/plugins/listener_plugin.py
[2026-09-27T03:11:56.339+0000] {processor.py:799} INFO - Processing file /home/airflow/.local/lib/python3.7/site-packages/airflow/example_dags/plugins/listener_plugin.py for tasks to queue
[2026-09-27T03:11:56.340+0000] {logging_mixin.py:149} INFO - [2026-09-27T03:11:56.340+0000] {dagbag.py:541} INFO - Filling up the DagBag from /home/airflow/.local/lib/python3.7/site-packages/airflow/example_dags/plugins/listener_plugin.py
[2026-09-27T03:11:56.344+0000] {processor.py:811} WARNING - No viable dags retrieved from /home/airflow/.local/lib/python3.7/site-packages/airflow/example_dags/plugins/listener_plugin.py
[2026-09-27T03:11:56.367+0000] {processor.py:178} INFO - Processing /home/airflow/.local/lib/python3.7/site-packages/airflow/example_dags/plugins/listener_plugin.py took 0.050 seconds
[2026-09-27T03:12:27.105+0000] {processor.py:156} INFO - Started process (PID=3075) to work on /home/airflow/.local/lib/python3.7/site-packages/airflow/example_dags/plugins/listener_plugin.py
[2026-09-27T03:12:27.107+0000] {processor.py:799} INFO - Processing file /home/airflow/.local/lib/python3.7/site-packages/airflow/example_dags/plugins/listener_plugin.py for tasks to queue
[2026-09-27T03:12:27.108+0000] {logging_mixin.py:149} INFO - [2026-09-27T03:12:27.108+0000] {dagbag.py:541} INFO - Filling up the DagBag from /home/airflow/.local/lib/python3.7/site-packages/airflow/example_dags/plugins/listener_plugin.py
[2026-09-27T03:12:27.112+0000] {processor.py:811} WARNING - No viable dags retrieved from /home/airflow/.local/lib/python3.7/site-packages/airflow/example_dags/plugins/listener_plugin.py
[2026-09-27T03:12:27.139+0000] {processor.py:178} INFO - Processing /home/airflow/.local/lib/python3.7/site-packages/airflow/example_dags/plugins/listener_plugin.py took 0.041 seconds
[2026-09-27T03:12:57.823+0000] {processor.py:156} INFO - Started process (PID=3131) to work on /home/airflow/.local/lib/python3.7/site-packages/airflow/example_dags/plugins/listener_plugin.py
[2026-09-27T03:12:57.824+0000] {processor.py:799} INFO - Processing file /home/airflow/.local/lib/python3.7/site-packages/airflow/example_dags/plugins/listener_plugin.py for tasks to queue
[2026-09-27T03:12:57.825+0000] {logging_mixin.py:149} INFO - [2026-09-27T03:12:57.825+0000] {dagbag.py:541} INFO - Filling up the DagBag from /home/airflow/.local/lib/python3.7/site-packages/airflow/example_dags/plugins/listener_plugin.py
[2026-09-27T03:12:57.829+0000] {processor.py:811} WARNING - No viable dags retrieved from /home/airflow/.local/lib/python3.7/site-packages/airflow/example_dags/plugins/listener_plugin.py
[2026-09-27T03:12:57.851+0000] {processor.py:178} INFO - Processing /home/airflow/.local/lib/python3.7/site-packages/airflow/example_dags/plugins/listener_plugin.py took 0.036 seconds
[2026-09-27T03:13:28.553+0000] {processor.py:156} INFO - Started process (PID=3187) to work on /home/airflow/.local/lib/python3.7/site-packages/airflow/example_dags/plugins/listener_plugin.py
[2026-09-27T03:13:28.554+0000] {processor.py:799} INFO - Processing file /home/airflow/.local/lib/python3.7/site-packages/airflow/example_dags/plugins/listener_plugin.py for tasks to queue
[2026-09-27T03:13:28.555+0000] {logging_mixin.py:149} INFO - [2026-09-27T03:13:28.555+0000] {dagbag.py:541} INFO - Filling up the DagBag from /home/airflow/.local/lib/python3.7/site-packages/airflow/example_dags/plugins/listener_plugin.py
[2026-09-27T03:13:28.561+0000] {processor.py:811} WARNING - No viable dags retrieved from /home/airflow/.local/lib/python3.7/site-packages/airflow/example_dags/plugins/listener_plugin.py
[2026-09-27T03:13:28.585+0000] {processor.py:178} INFO - Processing /home/airflow/.local/lib/python3.7/site-packages/airflow/example_dags/plugins/listener_plugin.py took 0.039 seconds
[2026-09-27T03:13:59.114+0000] {processor.py:156} INFO - Started process (PID=3243) to work on /home/airflow/.local/lib/python3.7/site-packages/airflow/example_dags/plugins/listener_plugin.py
[2026-09-27T03:13:59.115+0000] {processor.py:799} INFO - Processing file /home/airflow/.local/lib/python3.7/site-packages/airflow/example_dags/plugins/listener_plugin.py for tasks to queue
[2026-09-27T03:13:59.117+0000] {logging_mixin.py:149} INFO - [2026-09-27T03:13:59.116+0000] {dagbag.py:541} INFO - Filling up the DagBag from /home/airflow/.local/lib/python3.7/site-packages/airflow/example_dags/plugins/listener_plugin.py
[2026-09-27T03:13:59.121+0000] {processor.py:811} WARNING - No viable dags retrieved from /home/airflow/.local/lib/python3.7/site-packages/airflow/example_dags/plugins/listener_plugin.py
[2026-09-27T03:13:59.146+0000] {processor.py:178} INFO - Processing /home/airflow/.local/lib/python3.7/site-packages/airflow/example_dags/plugins/listener_plugin.py took 0.038 seconds
[2026-09-27T03:14:30.042+0000] {processor.py:156} INFO - Started process (PID=3299) to work on /home/airflow/.local/lib/python3.7/site-packages/airflow/example_dags/plugins/listener_plugin.py
[2026-09-27T03:14:30.045+0000] {processor.py:799} INFO - Processing file /home/airflow/.local/lib/python3.7/site-packages/airflow/example_dags/plugins/listener_plugin.py for tasks to queue
[2026-09-27T03:14:30.046+0000] {logging_mixin.py:149} INFO - [2026-09-27T03:14:30.045+0000] {dagbag.py:541} INFO - Filling up the DagBag from /home/airflow/.local/lib/python3.7/site-packages/airflow/example_dags/plugins/listener_plugin.py
[2026-09-27T03:14:30.049+0000] {processor.py:811} WARNING - No viable dags retrieved from /home/airflow/.local/lib/python3.7/site-packages/airflow/example_dags/plugins/listener_plugin.py
[2026-09-27T03:14:30.072+0000] {processor.py:178} INFO - Processing /home/airflow/.local/lib/python3.7/site-packages/airflow/example_dags/plugins/listener_plugin.py took 0.035 seconds
[2026-09-27T03:15:00.805+0000] {processor.py:156} INFO - Started process (PID=3355) to work on /home/airflow/.local/lib/python3.7/site-packages/airflow/example_dags/plugins/listener_plugin.py
[2026-09-27T03:15:00.807+0000] {processor.py:799} INFO - Processing file /home/airflow/.local/lib/python3.7/site-packages/airflow/example_dags/plugins/listener_plugin.py for tasks to queue
[2026-09-27T03:15:00.808+0000] {logging_mixin.py:149} INFO - [2026-09-27T03:15:00.808+0000] {dagbag.py:541} INFO - Filling up the DagBag from /home/airflow/.local/lib/python3.7/site-packages/airflow/example_dags/plugins/listener_plugin.py
[2026-09-27T03:15:00.812+0000] {processor.py:811} WARNING - No viable dags retrieved from /home/airflow/.local/lib/python3.7/site-packages/airflow/example_dags/plugins/listener_plugin.py
[2026-09-27T03:15:00.835+0000] {processor.py:178} INFO - Processing /home/airflow/.local/lib/python3.7/site-packages/airflow/example_dags/plugins/listener_plugin.py took 0.035 seconds
[2026-09-27T03:15:31.589+0000] {processor.py:156} INFO - Started process (PID=3411) to work on /home/airflow/.local/lib/python3.7/site-packages/airflow/example_dags/plugins/listener_plugin.py
[2026-09-27T03:15:31.591+0000] {processor.py:799} INFO - Processing file /home/airflow/.local/lib/python3.7/site-packages/airflow/example_dags/plugins/listener_plugin.py for tasks to queue
[2026-09-27T03:15:31.592+0000] {logging_mixin.py:149} INFO - [2026-09-27T03:15:31.592+0000] {dagbag.py:541} INFO - Filling up the DagBag from /home/airflow/.local/lib/python3.7/site-packages/airflow/example_dags/plugins/listener_plugin.py
[2026-09-27T03:15:31.595+0000] {processor.py:811} WARNING - No viable dags retrieved from /home/airflow/.local/lib/python3.7/site-packages/airflow/example_dags/plugins/listener_plugin.py
[2026-09-27T03:15:31.623+0000] {processor.py:178} INFO - Processing /home/airflow/.local/lib/python3.7/site-packages/airflow/example_dags/plugins/listener_plugin.py took 0.040 seconds
[2026-09-27T03:16:02.080+0000] {processor.py:156} INFO - Started process (PID=3467) to work on /home/airflow/.local/lib/python3.7/site-packages/airflow/example_dags/plugins/listener_plugin.py
[2026-09-27T03:16:02.082+0000] {processor.py:799} INFO - Processing file /home/airflow/.local/lib/python3.7/site-packages/airflow/example_dags/plugins/listener_plugin.py for tasks to queue
[2026-09-27T03:16:02.083+0000] {logging_mixin.py:149} INFO - [2026-09-27T03:16:02.083+0000] {dagbag.py:541} INFO - Filling up the DagBag from /home/airflow/.local/lib/python3.7/site-packages/airflow/example_dags/plugins/listener_plugin.py
[2026-09-27T03:16:02.087+0000] {processor.py:811} WARNING - No viable dags retrieved from /home/airflow/.local/lib/python3.7/site-packages/airflow/example_dags/plugins/listener_plugin.py
[2026-09-27T03:16:02.109+0000] {processor.py:178} INFO - Processing /home/airflow/.local/lib/python3.7/site-packages/airflow/example_dags/plugins/listener_plugin.py took 0.035 seconds
[2026-09-27T03:16:33.306+0000] {processor.py:156} INFO - Started process (PID=3523) to work on /home/airflow/.local/lib/python3.7/site-packages/airflow/example_dags/plugins/listener_plugin.py
[2026-09-27T03:16:33.309+0000] {processor.py:799} INFO - Processing file /home/airflow/.local/lib/python3.7/site-packages/airflow/example_dags/plugins/listener_plugin.py for tasks to queue
[2026-09-27T03:16:33.311+0000] {logging_mixin.py:149} INFO - [2026-09-27T03:16:33.311+0000] {dagbag.py:541} INFO - Filling up the DagBag from /home/airflow/.local/lib/python3.7/site-packages/airflow/example_dags/plugins/listener_plugin.py
[2026-09-27T03:16:33.318+0000] {processor.py:811} WARNING - No viable dags retrieved from /home/airflow/.local/lib/python3.7/site-packages/airflow/example_dags/plugins/listener_plugin.py
[2026-09-27T03:16:33.342+0000] {processor.py:178} INFO - Processing /home/airflow/.local/lib/python3.7/site-packages/airflow/example_dags/plugins/listener_plugin.py took 0.042 seconds
[2026-09-27T03:17:04.647+0000] {processor.py:156} INFO - Started process (PID=3590) to work on /home/airflow/.local/lib/python3.7/site-packages/airflow/example_dags/plugins/listener_plugin.py
[2026-09-27T03:17:04.649+0000] {processor.py:799} INFO - Processing file /home/airflow/.local/lib/python3.7/site-packages/airflow/example_dags/plugins/listener_plugin.py for tasks to queue
[2026-09-27T03:17:04.650+0000] {logging_mixin.py:149} INFO - [2026-09-27T03:17:04.650+0000] {dagbag.py:541} INFO - Filling up the DagBag from /home/airflow/.local/lib/python3.7/site-packages/airflow/example_dags/plugins/listener_plugin.py
[2026-09-27T03:17:04.654+0000] {processor.py:811} WARNING - No viable dags retrieved from /home/airflow/.local/lib/python3.7/site-packages/airflow/example_dags/plugins/listener_plugin.py
[2026-09-27T03:17:04.679+0000] {processor.py:178} INFO - Processing /home/airflow/.local/lib/python3.7/site-packages/airflow/example_dags/plugins/listener_plugin.py took 0.038 seconds
[2026-09-27T03:17:35.789+0000] {processor.py:156} INFO - Started process (PID=3649) to work on /home/airflow/.local/lib/python3.7/site-packages/airflow/example_dags/plugins/listener_plugin.py
[2026-09-27T03:17:35.793+0000] {processor.py:799} INFO - Processing file /home/airflow/.local/lib/python3.7/site-packages/airflow/example_dags/plugins/listener_plugin.py for tasks to queue
[2026-09-27T03:17:35.794+0000] {logging_mixin.py:149} INFO - [2026-09-27T03:17:35.794+0000] {dagbag.py:541} INFO - Filling up the DagBag from /home/airflow/.local/lib/python3.7/site-packages/airflow/example_dags/plugins/listener_plugin.py
[2026-09-27T03:17:35.800+0000] {processor.py:811} WARNING - No viable dags retrieved from /home/airflow/.local/lib/python3.7/site-packages/airflow/example_dags/plugins/listener_plugin.py
[2026-09-27T03:17:35.825+0000] {processor.py:178} INFO - Processing /home/airflow/.local/lib/python3.7/site-packages/airflow/example_dags/plugins/listener_plugin.py took 0.042 seconds
[2026-09-27T03:18:06.798+0000] {processor.py:156} INFO - Started process (PID=3704) to work on /home/airflow/.local/lib/python3.7/site-packages/airflow/example_dags/plugins/listener_plugin.py
[2026-09-27T03:18:06.803+0000] {processor.py:799} INFO - Processing file /home/airflow/.local/lib/python3.7/site-packages/airflow/example_dags/plugins/listener_plugin.py for tasks to queue
[2026-09-27T03:18:06.805+0000] {logging_mixin.py:149} INFO - [2026-09-27T03:18:06.805+0000] {dagbag.py:541} INFO - Filling up the DagBag from /home/airflow/.local/lib/python3.7/site-packages/airflow/example_dags/plugins/listener_plugin.py
[2026-09-27T03:18:06.810+0000] {processor.py:811} WARNING - No viable dags retrieved from /home/airflow/.local/lib/python3.7/site-packages/airflow/example_dags/plugins/listener_plugin.py
[2026-09-27T03:18:06.845+0000] {processor.py:178} INFO - Processing /home/airflow/.local/lib/python3.7/site-packages/airflow/example_dags/plugins/listener_plugin.py took 0.053 seconds
[2026-09-27T03:18:37.501+0000] {processor.py:156} INFO - Started process (PID=3761) to work on /home/airflow/.local/lib/python3.7/site-packages/airflow/example_dags/plugins/listener_plugin.py
[2026-09-27T03:18:37.504+0000] {processor.py:799} INFO - Processing file /home/airflow/.local/lib/python3.7/site-packages/airflow/example_dags/plugins/listener_plugin.py for tasks to queue
[2026-09-27T03:18:37.505+0000] {logging_mixin.py:149} INFO - [2026-09-27T03:18:37.505+0000] {dagbag.py:541} INFO - Filling up the DagBag from /home/airflow/.local/lib/python3.7/site-packages/airflow/example_dags/plugins/listener_plugin.py
[2026-09-27T03:18:37.509+0000] {processor.py:811} WARNING - No viable dags retrieved from /home/airflow/.local/lib/python3.7/site-packages/airflow/example_dags/plugins/listener_plugin.py
[2026-09-27T03:18:37.536+0000] {processor.py:178} INFO - Processing /home/airflow/.local/lib/python3.7/site-packages/airflow/example_dags/plugins/listener_plugin.py took 0.043 seconds
[2026-09-27T03:19:08.156+0000] {processor.py:156} INFO - Started process (PID=3818) to work on /home/airflow/.local/lib/python3.7/site-packages/airflow/example_dags/plugins/listener_plugin.py
[2026-09-27T03:19:08.158+0000] {processor.py:799} INFO - Processing file /home/airflow/.local/lib/python3.7/site-packages/airflow/example_dags/plugins/listener_plugin.py for tasks to queue
[2026-09-27T03:19:08.159+0000] {logging_mixin.py:149} INFO - [2026-09-27T03:19:08.159+0000] {dagbag.py:541} INFO - Filling up the DagBag from /home/airflow/.local/lib/python3.7/site-packages/airflow/example_dags/plugins/listener_plugin.py
[2026-09-27T03:19:08.162+0000] {processor.py:811} WARNING - No viable dags retrieved from /home/airflow/.local/lib/python3.7/site-packages/airflow/example_dags/plugins/listener_plugin.py
[2026-09-27T03:19:08.185+0000] {processor.py:178} INFO - Processing /home/airflow/.local/lib/python3.7/site-packages/airflow/example_dags/plugins/listener_plugin.py took 0.034 seconds
[2026-09-27T03:19:39.446+0000] {processor.py:156} INFO - Started process (PID=3874) to work on /home/airflow/.local/lib/python3.7/site-packages/airflow/example_dags/plugins/listener_plugin.py
[2026-09-27T03:19:39.448+0000] {processor.py:799} INFO - Processing file /home/airflow/.local/lib/python3.7/site-packages/airflow/example_dags/plugins/listener_plugin.py for tasks to queue
[2026-09-27T03:19:39.449+0000] {logging_mixin.py:149} INFO - [2026-09-27T03:19:39.449+0000] {dagbag.py:541} INFO - Filling up the DagBag from /home/airflow/.local/lib/python3.7/site-packages/airflow/example_dags/plugins/listener_plugin.py
[2026-09-27T03:19:39.453+0000] {processor.py:811} WARNING - No viable dags retrieved from /home/airflow/.local/lib/python3.7/site-packages/airflow/example_dags/plugins/listener_plugin.py
[2026-09-27T03:19:39.474+0000] {processor.py:178} INFO - Processing /home/airflow/.local/lib/python3.7/site-packages/airflow/example_dags/plugins/listener_plugin.py took 0.034 seconds
[2026-09-27T03:20:10.291+0000] {processor.py:156} INFO - Started process (PID=3930) to work on /home/airflow/.local/lib/python3.7/site-packages/airflow/example_dags/plugins/listener_plugin.py
[2026-09-27T03:20:10.293+0000] {processor.py:799} INFO - Processing file /home/airflow/.local/lib/python3.7/site-packages/airflow/example_dags/plugins/listener_plugin.py for tasks to queue
[2026-09-27T03:20:10.294+0000] {logging_mixin.py:149} INFO - [2026-09-27T03:20:10.294+0000] {dagbag.py:541} INFO - Filling up the DagBag from /home/airflow/.local/lib/python3.7/site-packages/airflow/example_dags/plugins/listener_plugin.py
[2026-09-27T03:20:10.298+0000] {processor.py:811} WARNING - No viable dags retrieved from /home/airflow/.local/lib/python3.7/site-packages/airflow/example_dags/plugins/listener_plugin.py
[2026-09-27T03:20:10.330+0000] {processor.py:178} INFO - Processing /home/airflow/.local/lib/python3.7/site-packages/airflow/example_dags/plugins/listener_plugin.py took 0.045 seconds
[2026-09-27T03:20:41.613+0000] {processor.py:156} INFO - Started process (PID=3986) to work on /home/airflow/.local/lib/python3.7/site-packages/airflow/example_dags/plugins/listener_plugin.py
[2026-09-27T03:20:41.621+0000] {processor.py:799} INFO - Processing file /home/airflow/.local/lib/python3.7/site-packages/airflow/example_dags/plugins/listener_plugin.py for tasks to queue
[2026-09-27T03:20:41.622+0000] {logging_mixin.py:149} INFO - [2026-09-27T03:20:41.621+0000] {dagbag.py:541} INFO - Filling up the DagBag from /home/airflow/.local/lib/python3.7/site-packages/airflow/example_dags/plugins/listener_plugin.py
[2026-09-27T03:20:41.626+0000] {processor.py:811} WARNING - No viable dags retrieved from /home/airflow/.local/lib/python3.7/site-packages/airflow/example_dags/plugins/listener_plugin.py
[2026-09-27T03:20:41.649+0000] {processor.py:178} INFO - Processing /home/airflow/.local/lib/python3.7/site-packages/airflow/example_dags/plugins/listener_plugin.py took 0.042 seconds
[2026-09-27T03:21:12.542+0000] {processor.py:156} INFO - Started process (PID=4042) to work on /home/airflow/.local/lib/python3.7/site-packages/airflow/example_dags/plugins/listener_plugin.py
[2026-09-27T03:21:12.543+0000] {processor.py:799} INFO - Processing file /home/airflow/.local/lib/python3.7/site-packages/airflow/example_dags/plugins/listener_plugin.py for tasks to queue
[2026-09-27T03:21:12.544+0000] {logging_mixin.py:149} INFO - [2026-09-27T03:21:12.544+0000] {dagbag.py:541} INFO - Filling up the DagBag from /home/airflow/.local/lib/python3.7/site-packages/airflow/example_dags/plugins/listener_plugin.py
[2026-09-27T03:21:12.548+0000] {processor.py:811} WARNING - No viable dags retrieved from /home/airflow/.local/lib/python3.7/site-packages/airflow/example_dags/plugins/listener_plugin.py
[2026-09-27T03:21:12.568+0000] {processor.py:178} INFO - Processing /home/airflow/.local/lib/python3.7/site-packages/airflow/example_dags/plugins/listener_plugin.py took 0.032 seconds
[2026-09-27T03:21:43.689+0000] {processor.py:156} INFO - Started process (PID=4098) to work on /home/airflow/.local/lib/python3.7/site-packages/airflow/example_dags/plugins/listener_plugin.py
[2026-09-27T03:21:43.695+0000] {processor.py:799} INFO - Processing file /home/airflow/.local/lib/python3.7/site-packages/airflow/example_dags/plugins/listener_plugin.py for tasks to queue
[2026-09-27T03:21:43.696+0000] {logging_mixin.py:149} INFO - [2026-09-27T03:21:43.696+0000] {dagbag.py:541} INFO - Filling up the DagBag from /home/airflow/.local/lib/python3.7/site-packages/airflow/example_dags/plugins/listener_plugin.py
[2026-09-27T03:21:43.701+0000] {processor.py:811} WARNING - No viable dags retrieved from /home/airflow/.local/lib/python3.7/site-packages/airflow/example_dags/plugins/listener_plugin.py
[2026-09-27T03:21:43.729+0000] {processor.py:178} INFO - Processing /home/airflow/.local/lib/python3.7/site-packages/airflow/example_dags/plugins/listener_plugin.py took 0.047 seconds
[2026-09-27T03:22:14.419+0000] {processor.py:156} INFO - Started process (PID=4154) to work on /home/airflow/.local/lib/python3.7/site-packages/airflow/example_dags/plugins/listener_plugin.py
[2026-09-27T03:22:14.422+0000] {processor.py:799} INFO - Processing file /home/airflow/.local/lib/python3.7/site-packages/airflow/example_dags/plugins/listener_plugin.py for tasks to queue
[2026-09-27T03:22:14.423+0000] {logging_mixin.py:149} INFO - [2026-09-27T03:22:14.423+0000] {dagbag.py:541} INFO - Filling up the DagBag from /home/airflow/.local/lib/python3.7/site-packages/airflow/example_dags/plugins/listener_plugin.py
[2026-09-27T03:22:14.427+0000] {processor.py:811} WARNING - No viable dags retrieved from /home/airflow/.local/lib/python3.7/site-packages/airflow/example_dags/plugins/listener_plugin.py
[2026-09-27T03:22:14.448+0000] {processor.py:178} INFO - Processing /home/airflow/.local/lib/python3.7/site-packages/airflow/example_dags/plugins/listener_plugin.py took 0.034 seconds
[2026-09-27T03:22:45.537+0000] {processor.py:156} INFO - Started process (PID=4211) to work on /home/airflow/.local/lib/python3.7/site-packages/airflow/example_dags/plugins/listener_plugin.py
[2026-09-27T03:22:45.542+0000] {processor.py:799} INFO - Processing file /home/airflow/.local/lib/python3.7/site-packages/airflow/example_dags/plugins/listener_plugin.py for tasks to queue
[2026-09-27T03:22:45.544+0000] {logging_mixin.py:149} INFO - [2026-09-27T03:22:45.543+0000] {dagbag.py:541} INFO - Filling up the DagBag from /home/airflow/.local/lib/python3.7/site-packages/airflow/example_dags/plugins/listener_plugin.py
[2026-09-27T03:22:45.548+0000] {processor.py:811} WARNING - No viable dags retrieved from /home/airflow/.local/lib/python3.7/site-packages/airflow/example_dags/plugins/listener_plugin.py
[2026-09-27T03:22:45.573+0000] {processor.py:178} INFO - Processing /home/airflow/.local/lib/python3.7/site-packages/airflow/example_dags/plugins/listener_plugin.py took 0.043 seconds
[2026-09-27T03:23:16.276+0000] {processor.py:156} INFO - Started process (PID=4267) to work on /home/airflow/.local/lib/python3.7/site-packages/airflow/example_dags/plugins/listener_plugin.py
[2026-09-27T03:23:16.278+0000] {processor.py:799} INFO - Processing file /home/airflow/.local/lib/python3.7/site-packages/airflow/example_dags/plugins/listener_plugin.py for tasks to queue
[2026-09-27T03:23:16.279+0000] {logging_mixin.py:149} INFO - [2026-09-27T03:23:16.278+0000] {dagbag.py:541} INFO - Filling up the DagBag from /home/airflow/.local/lib/python3.7/site-packages/airflow/example_dags/plugins/listener_plugin.py
[2026-09-27T03:23:16.283+0000] {processor.py:811} WARNING - No viable dags retrieved from /home/airflow/.local/lib/python3.7/site-packages/airflow/example_dags/plugins/listener_plugin.py
[2026-09-27T03:23:16.308+0000] {processor.py:178} INFO - Processing /home/airflow/.local/lib/python3.7/site-packages/airflow/example_dags/plugins/listener_plugin.py took 0.038 seconds
[2026-09-27T03:23:47.008+0000] {processor.py:156} INFO - Started process (PID=4324) to work on /home/airflow/.local/lib/python3.7/site-packages/airflow/example_dags/plugins/listener_plugin.py
[2026-09-27T03:23:47.010+0000] {processor.py:799} INFO - Processing file /home/airflow/.local/lib/python3.7/site-packages/airflow/example_dags/plugins/listener_plugin.py for tasks to queue
[2026-09-27T03:23:47.011+0000] {logging_mixin.py:149} INFO - [2026-09-27T03:23:47.011+0000] {dagbag.py:541} INFO - Filling up the DagBag from /home/airflow/.local/lib/python3.7/site-packages/airflow/example_dags/plugins/listener_plugin.py
[2026-09-27T03:23:47.015+0000] {processor.py:811} WARNING - No viable dags retrieved from /home/airflow/.local/lib/python3.7/site-packages/airflow/example_dags/plugins/listener_plugin.py
[2026-09-27T03:23:47.041+0000] {processor.py:178} INFO - Processing /home/airflow/.local/lib/python3.7/site-packages/airflow/example_dags/plugins/listener_plugin.py took 0.040 seconds
[2026-09-27T03:24:17.880+0000] {processor.py:156} INFO - Started process (PID=4380) to work on /home/airflow/.local/lib/python3.7/site-packages/airflow/example_dags/plugins/listener_plugin.py
[2026-09-27T03:24:17.884+0000] {processor.py:799} INFO - Processing file /home/airflow/.local/lib/python3.7/site-packages/airflow/example_dags/plugins/listener_plugin.py for tasks to queue
[2026-09-27T03:24:17.886+0000] {logging_mixin.py:149} INFO - [2026-09-27T03:24:17.885+0000] {dagbag.py:541} INFO - Filling up the DagBag from /home/airflow/.local/lib/python3.7/site-packages/airflow/example_dags/plugins/listener_plugin.py
[2026-09-27T03:24:17.890+0000] {processor.py:811} WARNING - No viable dags retrieved from /home/airflow/.local/lib/python3.7/site-packages/airflow/example_dags/plugins/listener_plugin.py
[2026-09-27T03:24:17.912+0000] {processor.py:178} INFO - Processing /home/airflow/.local/lib/python3.7/site-packages/airflow/example_dags/plugins/listener_plugin.py took 0.039 seconds
[2026-09-27T03:24:48.360+0000] {processor.py:156} INFO - Started process (PID=4436) to work on /home/airflow/.local/lib/python3.7/site-packages/airflow/example_dags/plugins/listener_plugin.py
[2026-09-27T03:24:48.362+0000] {processor.py:799} INFO - Processing file /home/airflow/.local/lib/python3.7/site-packages/airflow/example_dags/plugins/listener_plugin.py for tasks to queue
[2026-09-27T03:24:48.363+0000] {logging_mixin.py:149} INFO - [2026-09-27T03:24:48.363+0000] {dagbag.py:541} INFO - Filling up the DagBag from /home/airflow/.local/lib/python3.7/site-packages/airflow/example_dags/plugins/listener_plugin.py
[2026-09-27T03:24:48.367+0000] {processor.py:811} WARNING - No viable dags retrieved from /home/airflow/.local/lib/python3.7/site-packages/airflow/example_dags/plugins/listener_plugin.py
[2026-09-27T03:24:48.389+0000] {processor.py:178} INFO - Processing /home/airflow/.local/lib/python3.7/site-packages/airflow/example_dags/plugins/listener_plugin.py took 0.034 seconds
[2026-09-27T03:25:19.107+0000] {processor.py:156} INFO - Started process (PID=4492) to work on /home/airflow/.local/lib/python3.7/site-packages/airflow/example_dags/plugins/listener_plugin.py
[2026-09-27T03:25:19.109+0000] {processor.py:799} INFO - Processing file /home/airflow/.local/lib/python3.7/site-packages/airflow/example_dags/plugins/listener_plugin.py for tasks to queue
[2026-09-27T03:25:19.110+0000] {logging_mixin.py:149} INFO - [2026-09-27T03:25:19.110+0000] {dagbag.py:541} INFO - Filling up the DagBag from /home/airflow/.local/lib/python3.7/site-packages/airflow/example_dags/plugins/listener_plugin.py
[2026-09-27T03:25:19.115+0000] {processor.py:811} WARNING - No viable dags retrieved from /home/airflow/.local/lib/python3.7/site-packages/airflow/example_dags/plugins/listener_plugin.py
[2026-09-27T03:25:19.143+0000] {processor.py:178} INFO - Processing /home/airflow/.local/lib/python3.7/site-packages/airflow/example_dags/plugins/listener_plugin.py took 0.043 seconds
[2026-09-27T03:25:50.166+0000] {processor.py:156} INFO - Started process (PID=4549) to work on /home/airflow/.local/lib/python3.7/site-packages/airflow/example_dags/plugins/listener_plugin.py
[2026-09-27T03:25:50.169+0000] {processor.py:799} INFO - Processing file /home/airflow/.local/lib/python3.7/site-packages/airflow/example_dags/plugins/listener_plugin.py for tasks to queue
[2026-09-27T03:25:50.171+0000] {logging_mixin.py:149} INFO - [2026-09-27T03:25:50.171+0000] {dagbag.py:541} INFO - Filling up the DagBag from /home/airflow/.local/lib/python3.7/site-packages/airflow/example_dags/plugins/listener_plugin.py
[2026-09-27T03:25:50.178+0000] {processor.py:811} WARNING - No viable dags retrieved from /home/airflow/.local/lib/python3.7/site-packages/airflow/example_dags/plugins/listener_plugin.py
[2026-09-27T03:25:50.202+0000] {processor.py:178} INFO - Processing /home/airflow/.local/lib/python3.7/site-packages/airflow/example_dags/plugins/listener_plugin.py took 0.046 seconds
[2026-09-27T03:26:20.651+0000] {processor.py:156} INFO - Started process (PID=4605) to work on /home/airflow/.local/lib/python3.7/site-packages/airflow/example_dags/plugins/listener_plugin.py
[2026-09-27T03:26:20.653+0000] {processor.py:799} INFO - Processing file /home/airflow/.local/lib/python3.7/site-packages/airflow/example_dags/plugins/listener_plugin.py for tasks to queue
[2026-09-27T03:26:20.654+0000] {logging_mixin.py:149} INFO - [2026-09-27T03:26:20.654+0000] {dagbag.py:541} INFO - Filling up the DagBag from /home/airflow/.local/lib/python3.7/site-packages/airflow/example_dags/plugins/listener_plugin.py
[2026-09-27T03:26:20.658+0000] {processor.py:811} WARNING - No viable dags retrieved from /home/airflow/.local/lib/python3.7/site-packages/airflow/example_dags/plugins/listener_plugin.py
[2026-09-27T03:26:20.683+0000] {processor.py:178} INFO - Processing /home/airflow/.local/lib/python3.7/site-packages/airflow/example_dags/plugins/listener_plugin.py took 0.038 seconds
[2026-09-27T03:26:51.752+0000] {processor.py:156} INFO - Started process (PID=4661) to work on /home/airflow/.local/lib/python3.7/site-packages/airflow/example_dags/plugins/listener_plugin.py
[2026-09-27T03:26:51.753+0000] {processor.py:799} INFO - Processing file /home/airflow/.local/lib/python3.7/site-packages/airflow/example_dags/plugins/listener_plugin.py for tasks to queue
[2026-09-27T03:26:51.754+0000] {logging_mixin.py:149} INFO - [2026-09-27T03:26:51.754+0000] {dagbag.py:541} INFO - Filling up the DagBag from /home/airflow/.local/lib/python3.7/site-packages/airflow/example_dags/plugins/listener_plugin.py
[2026-09-27T03:26:51.758+0000] {processor.py:811} WARNING - No viable dags retrieved from /home/airflow/.local/lib/python3.7/site-packages/airflow/example_dags/plugins/listener_plugin.py
[2026-09-27T03:26:51.782+0000] {processor.py:178} INFO - Processing /home/airflow/.local/lib/python3.7/site-packages/airflow/example_dags/plugins/listener_plugin.py took 0.036 seconds
[2026-09-27T03:27:22.923+0000] {processor.py:156} INFO - Started process (PID=4717) to work on /home/airflow/.local/lib/python3.7/site-packages/airflow/example_dags/plugins/listener_plugin.py
[2026-09-27T03:27:22.925+0000] {processor.py:799} INFO - Processing file /home/airflow/.local/lib/python3.7/site-packages/airflow/example_dags/plugins/listener_plugin.py for tasks to queue
[2026-09-27T03:27:22.926+0000] {logging_mixin.py:149} INFO - [2026-09-27T03:27:22.925+0000] {dagbag.py:541} INFO - Filling up the DagBag from /home/airflow/.local/lib/python3.7/site-packages/airflow/example_dags/plugins/listener_plugin.py
[2026-09-27T03:27:22.930+0000] {processor.py:811} WARNING - No viable dags retrieved from /home/airflow/.local/lib/python3.7/site-packages/airflow/example_dags/plugins/listener_plugin.py
[2026-09-27T03:27:22.952+0000] {processor.py:178} INFO - Processing /home/airflow/.local/lib/python3.7/site-packages/airflow/example_dags/plugins/listener_plugin.py took 0.035 seconds
[2026-09-27T03:27:54.402+0000] {processor.py:156} INFO - Started process (PID=4773) to work on /home/airflow/.local/lib/python3.7/site-packages/airflow/example_dags/plugins/listener_plugin.py
[2026-09-27T03:27:54.403+0000] {processor.py:799} INFO - Processing file /home/airflow/.local/lib/python3.7/site-packages/airflow/example_dags/plugins/listener_plugin.py for tasks to queue
[2026-09-27T03:27:54.405+0000] {logging_mixin.py:149} INFO - [2026-09-27T03:27:54.404+0000] {dagbag.py:541} INFO - Filling up the DagBag from /home/airflow/.local/lib/python3.7/site-packages/airflow/example_dags/plugins/listener_plugin.py
[2026-09-27T03:27:54.408+0000] {processor.py:811} WARNING - No viable dags retrieved from /home/airflow/.local/lib/python3.7/site-packages/airflow/example_dags/plugins/listener_plugin.py
[2026-09-27T03:27:54.430+0000] {processor.py:178} INFO - Processing /home/airflow/.local/lib/python3.7/site-packages/airflow/example_dags/plugins/listener_plugin.py took 0.037 seconds
[2026-09-27T03:28:25.831+0000] {processor.py:156} INFO - Started process (PID=4834) to work on /home/airflow/.local/lib/python3.7/site-packages/airflow/example_dags/plugins/listener_plugin.py
[2026-09-27T03:28:25.833+0000] {processor.py:799} INFO - Processing file /home/airflow/.local/lib/python3.7/site-packages/airflow/example_dags/plugins/listener_plugin.py for tasks to queue
[2026-09-27T03:28:25.834+0000] {logging_mixin.py:149} INFO - [2026-09-27T03:28:25.834+0000] {dagbag.py:541} INFO - Filling up the DagBag from /home/airflow/.local/lib/python3.7/site-packages/airflow/example_dags/plugins/listener_plugin.py
[2026-09-27T03:28:25.838+0000] {processor.py:811} WARNING - No viable dags retrieved from /home/airflow/.local/lib/python3.7/site-packages/airflow/example_dags/plugins/listener_plugin.py
[2026-09-27T03:28:25.860+0000] {processor.py:178} INFO - Processing /home/airflow/.local/lib/python3.7/site-packages/airflow/example_dags/plugins/listener_plugin.py took 0.035 seconds
[2026-09-27T03:28:56.816+0000] {processor.py:156} INFO - Started process (PID=4891) to work on /home/airflow/.local/lib/python3.7/site-packages/airflow/example_dags/plugins/listener_plugin.py
[2026-09-27T03:28:56.818+0000] {processor.py:799} INFO - Processing file /home/airflow/.local/lib/python3.7/site-packages/airflow/example_dags/plugins/listener_plugin.py for tasks to queue
[2026-09-27T03:28:56.819+0000] {logging_mixin.py:149} INFO - [2026-09-27T03:28:56.819+0000] {dagbag.py:541} INFO - Filling up the DagBag from /home/airflow/.local/lib/python3.7/site-packages/airflow/example_dags/plugins/listener_plugin.py
[2026-09-27T03:28:56.823+0000] {processor.py:811} WARNING - No viable dags retrieved from /home/airflow/.local/lib/python3.7/site-packages/airflow/example_dags/plugins/listener_plugin.py
[2026-09-27T03:28:56.856+0000] {processor.py:178} INFO - Processing /home/airflow/.local/lib/python3.7/site-packages/airflow/example_dags/plugins/listener_plugin.py took 0.048 seconds
[2026-09-27T03:29:28.283+0000] {processor.py:156} INFO - Started process (PID=4947) to work on /home/airflow/.local/lib/python3.7/site-packages/airflow/example_dags/plugins/listener_plugin.py
[2026-09-27T03:29:28.285+0000] {processor.py:799} INFO - Processing file /home/airflow/.local/lib/python3.7/site-packages/airflow/example_dags/plugins/listener_plugin.py for tasks to queue
[2026-09-27T03:29:28.287+0000] {logging_mixin.py:149} INFO - [2026-09-27T03:29:28.286+0000] {dagbag.py:541} INFO - Filling up the DagBag from /home/airflow/.local/lib/python3.7/site-packages/airflow/example_dags/plugins/listener_plugin.py
[2026-09-27T03:29:28.291+0000] {processor.py:811} WARNING - No viable dags retrieved from /home/airflow/.local/lib/python3.7/site-packages/airflow/example_dags/plugins/listener_plugin.py
[2026-09-27T03:29:28.318+0000] {processor.py:178} INFO - Processing /home/airflow/.local/lib/python3.7/site-packages/airflow/example_dags/plugins/listener_plugin.py took 0.043 seconds
[2026-09-27T03:29:59.925+0000] {processor.py:156} INFO - Started process (PID=5003) to work on /home/airflow/.local/lib/python3.7/site-packages/airflow/example_dags/plugins/listener_plugin.py
[2026-09-27T03:29:59.927+0000] {processor.py:799} INFO - Processing file /home/airflow/.local/lib/python3.7/site-packages/airflow/example_dags/plugins/listener_plugin.py for tasks to queue
[2026-09-27T03:29:59.928+0000] {logging_mixin.py:149} INFO - [2026-09-27T03:29:59.928+0000] {dagbag.py:541} INFO - Filling up the DagBag from /home/airflow/.local/lib/python3.7/site-packages/airflow/example_dags/plugins/listener_plugin.py
[2026-09-27T03:29:59.932+0000] {processor.py:811} WARNING - No viable dags retrieved from /home/airflow/.local/lib/python3.7/site-packages/airflow/example_dags/plugins/listener_plugin.py
[2026-09-27T03:29:59.956+0000] {processor.py:178} INFO - Processing /home/airflow/.local/lib/python3.7/site-packages/airflow/example_dags/plugins/listener_plugin.py took 0.037 seconds
[2026-09-27T03:30:30.753+0000] {processor.py:156} INFO - Started process (PID=5059) to work on /home/airflow/.local/lib/python3.7/site-packages/airflow/example_dags/plugins/listener_plugin.py
[2026-09-27T03:30:30.758+0000] {processor.py:799} INFO - Processing file /home/airflow/.local/lib/python3.7/site-packages/airflow/example_dags/plugins/listener_plugin.py for tasks to queue
[2026-09-27T03:30:30.759+0000] {logging_mixin.py:149} INFO - [2026-09-27T03:30:30.759+0000] {dagbag.py:541} INFO - Filling up the DagBag from /home/airflow/.local/lib/python3.7/site-packages/airflow/example_dags/plugins/listener_plugin.py
[2026-09-27T03:30:30.763+0000] {processor.py:811} WARNING - No viable dags retrieved from /home/airflow/.local/lib/python3.7/site-packages/airflow/example_dags/plugins/listener_plugin.py
[2026-09-27T03:30:30.793+0000] {processor.py:178} INFO - Processing /home/airflow/.local/lib/python3.7/site-packages/airflow/example_dags/plugins/listener_plugin.py took 0.047 seconds
[2026-09-27T03:31:02.333+0000] {processor.py:156} INFO - Started process (PID=5115) to work on /home/airflow/.local/lib/python3.7/site-packages/airflow/example_dags/plugins/listener_plugin.py
[2026-09-27T03:31:02.336+0000] {processor.py:799} INFO - Processing file /home/airflow/.local/lib/python3.7/site-packages/airflow/example_dags/plugins/listener_plugin.py for tasks to queue
[2026-09-27T03:31:02.337+0000] {logging_mixin.py:149} INFO - [2026-09-27T03:31:02.337+0000] {dagbag.py:541} INFO - Filling up the DagBag from /home/airflow/.local/lib/python3.7/site-packages/airflow/example_dags/plugins/listener_plugin.py
[2026-09-27T03:31:02.341+0000] {processor.py:811} WARNING - No viable dags retrieved from /home/airflow/.local/lib/python3.7/site-packages/airflow/example_dags/plugins/listener_plugin.py
[2026-09-27T03:31:02.361+0000] {processor.py:178} INFO - Processing /home/airflow/.local/lib/python3.7/site-packages/airflow/example_dags/plugins/listener_plugin.py took 0.033 seconds
[2026-09-27T03:31:32.757+0000] {processor.py:156} INFO - Started process (PID=5171) to work on /home/airflow/.local/lib/python3.7/site-packages/airflow/example_dags/plugins/listener_plugin.py
[2026-09-27T03:31:32.759+0000] {processor.py:799} INFO - Processing file /home/airflow/.local/lib/python3.7/site-packages/airflow/example_dags/plugins/listener_plugin.py for tasks to queue
[2026-09-27T03:31:32.760+0000] {logging_mixin.py:149} INFO - [2026-09-27T03:31:32.760+0000] {dagbag.py:541} INFO - Filling up the DagBag from /home/airflow/.local/lib/python3.7/site-packages/airflow/example_dags/plugins/listener_plugin.py
[2026-09-27T03:31:32.763+0000] {processor.py:811} WARNING - No viable dags retrieved from /home/airflow/.local/lib/python3.7/site-packages/airflow/example_dags/plugins/listener_plugin.py
[2026-09-27T03:31:32.787+0000] {processor.py:178} INFO - Processing /home/airflow/.local/lib/python3.7/site-packages/airflow/example_dags/plugins/listener_plugin.py took 0.037 seconds
[2026-09-27T03:32:03.401+0000] {processor.py:156} INFO - Started process (PID=5229) to work on /home/airflow/.local/lib/python3.7/site-packages/airflow/example_dags/plugins/listener_plugin.py
[2026-09-27T03:32:03.403+0000] {processor.py:799} INFO - Processing file /home/airflow/.local/lib/python3.7/site-packages/airflow/example_dags/plugins/listener_plugin.py for tasks to queue
[2026-09-27T03:32:03.405+0000] {logging_mixin.py:149} INFO - [2026-09-27T03:32:03.404+0000] {dagbag.py:541} INFO - Filling up the DagBag from /home/airflow/.local/lib/python3.7/site-packages/airflow/example_dags/plugins/listener_plugin.py
[2026-09-27T03:32:03.408+0000] {processor.py:811} WARNING - No viable dags retrieved from /home/airflow/.local/lib/python3.7/site-packages/airflow/example_dags/plugins/listener_plugin.py
[2026-09-27T03:32:03.429+0000] {processor.py:178} INFO - Processing /home/airflow/.local/lib/python3.7/site-packages/airflow/example_dags/plugins/listener_plugin.py took 0.034 seconds
[2026-09-27T03:32:34.287+0000] {processor.py:156} INFO - Started process (PID=5285) to work on /home/airflow/.local/lib/python3.7/site-packages/airflow/example_dags/plugins/listener_plugin.py
[2026-09-27T03:32:34.289+0000] {processor.py:799} INFO - Processing file /home/airflow/.local/lib/python3.7/site-packages/airflow/example_dags/plugins/listener_plugin.py for tasks to queue
[2026-09-27T03:32:34.290+0000] {logging_mixin.py:149} INFO - [2026-09-27T03:32:34.290+0000] {dagbag.py:541} INFO - Filling up the DagBag from /home/airflow/.local/lib/python3.7/site-packages/airflow/example_dags/plugins/listener_plugin.py
[2026-09-27T03:32:34.294+0000] {processor.py:811} WARNING - No viable dags retrieved from /home/airflow/.local/lib/python3.7/site-packages/airflow/example_dags/plugins/listener_plugin.py
[2026-09-27T03:32:34.316+0000] {processor.py:178} INFO - Processing /home/airflow/.local/lib/python3.7/site-packages/airflow/example_dags/plugins/listener_plugin.py took 0.038 seconds
[2026-09-27T03:33:05.511+0000] {processor.py:156} INFO - Started process (PID=5341) to work on /home/airflow/.local/lib/python3.7/site-packages/airflow/example_dags/plugins/listener_plugin.py
[2026-09-27T03:33:05.513+0000] {processor.py:799} INFO - Processing file /home/airflow/.local/lib/python3.7/site-packages/airflow/example_dags/plugins/listener_plugin.py for tasks to queue
[2026-09-27T03:33:05.514+0000] {logging_mixin.py:149} INFO - [2026-09-27T03:33:05.514+0000] {dagbag.py:541} INFO - Filling up the DagBag from /home/airflow/.local/lib/python3.7/site-packages/airflow/example_dags/plugins/listener_plugin.py
[2026-09-27T03:33:05.519+0000] {processor.py:811} WARNING - No viable dags retrieved from /home/airflow/.local/lib/python3.7/site-packages/airflow/example_dags/plugins/listener_plugin.py
[2026-09-27T03:33:05.550+0000] {processor.py:178} INFO - Processing /home/airflow/.local/lib/python3.7/site-packages/airflow/example_dags/plugins/listener_plugin.py took 0.046 seconds
[2026-09-27T03:33:36.123+0000] {processor.py:156} INFO - Started process (PID=5396) to work on /home/airflow/.local/lib/python3.7/site-packages/airflow/example_dags/plugins/listener_plugin.py
[2026-09-27T03:33:36.141+0000] {processor.py:799} INFO - Processing file /home/airflow/.local/lib/python3.7/site-packages/airflow/example_dags/plugins/listener_plugin.py for tasks to queue
[2026-09-27T03:33:36.142+0000] {logging_mixin.py:149} INFO - [2026-09-27T03:33:36.142+0000] {dagbag.py:541} INFO - Filling up the DagBag from /home/airflow/.local/lib/python3.7/site-packages/airflow/example_dags/plugins/listener_plugin.py
[2026-09-27T03:33:36.146+0000] {processor.py:811} WARNING - No viable dags retrieved from /home/airflow/.local/lib/python3.7/site-packages/airflow/example_dags/plugins/listener_plugin.py
[2026-09-27T03:33:36.170+0000] {processor.py:178} INFO - Processing /home/airflow/.local/lib/python3.7/site-packages/airflow/example_dags/plugins/listener_plugin.py took 0.054 seconds
[2026-09-27T03:34:06.896+0000] {processor.py:156} INFO - Started process (PID=5460) to work on /home/airflow/.local/lib/python3.7/site-packages/airflow/example_dags/plugins/listener_plugin.py
[2026-09-27T03:34:06.898+0000] {processor.py:799} INFO - Processing file /home/airflow/.local/lib/python3.7/site-packages/airflow/example_dags/plugins/listener_plugin.py for tasks to queue
[2026-09-27T03:34:06.899+0000] {logging_mixin.py:149} INFO - [2026-09-27T03:34:06.899+0000] {dagbag.py:541} INFO - Filling up the DagBag from /home/airflow/.local/lib/python3.7/site-packages/airflow/example_dags/plugins/listener_plugin.py
[2026-09-27T03:34:06.903+0000] {processor.py:811} WARNING - No viable dags retrieved from /home/airflow/.local/lib/python3.7/site-packages/airflow/example_dags/plugins/listener_plugin.py
[2026-09-27T03:34:06.930+0000] {processor.py:178} INFO - Processing /home/airflow/.local/lib/python3.7/site-packages/airflow/example_dags/plugins/listener_plugin.py took 0.041 seconds
[2026-09-27T03:34:37.731+0000] {processor.py:156} INFO - Started process (PID=5516) to work on /home/airflow/.local/lib/python3.7/site-packages/airflow/example_dags/plugins/listener_plugin.py
[2026-09-27T03:34:37.733+0000] {processor.py:799} INFO - Processing file /home/airflow/.local/lib/python3.7/site-packages/airflow/example_dags/plugins/listener_plugin.py for tasks to queue
[2026-09-27T03:34:37.734+0000] {logging_mixin.py:149} INFO - [2026-09-27T03:34:37.733+0000] {dagbag.py:541} INFO - Filling up the DagBag from /home/airflow/.local/lib/python3.7/site-packages/airflow/example_dags/plugins/listener_plugin.py
[2026-09-27T03:34:37.738+0000] {processor.py:811} WARNING - No viable dags retrieved from /home/airflow/.local/lib/python3.7/site-packages/airflow/example_dags/plugins/listener_plugin.py
[2026-09-27T03:34:37.763+0000] {processor.py:178} INFO - Processing /home/airflow/.local/lib/python3.7/site-packages/airflow/example_dags/plugins/listener_plugin.py took 0.039 seconds
[2026-09-27T03:35:08.826+0000] {processor.py:156} INFO - Started process (PID=5572) to work on /home/airflow/.local/lib/python3.7/site-packages/airflow/example_dags/plugins/listener_plugin.py
[2026-09-27T03:35:08.828+0000] {processor.py:799} INFO - Processing file /home/airflow/.local/lib/python3.7/site-packages/airflow/example_dags/plugins/listener_plugin.py for tasks to queue
[2026-09-27T03:35:08.829+0000] {logging_mixin.py:149} INFO - [2026-09-27T03:35:08.829+0000] {dagbag.py:541} INFO - Filling up the DagBag from /home/airflow/.local/lib/python3.7/site-packages/airflow/example_dags/plugins/listener_plugin.py
[2026-09-27T03:35:08.834+0000] {processor.py:811} WARNING - No viable dags retrieved from /home/airflow/.local/lib/python3.7/site-packages/airflow/example_dags/plugins/listener_plugin.py
[2026-09-27T03:35:08.859+0000] {processor.py:178} INFO - Processing /home/airflow/.local/lib/python3.7/site-packages/airflow/example_dags/plugins/listener_plugin.py took 0.040 seconds
[2026-09-27T03:35:39.658+0000] {processor.py:156} INFO - Started process (PID=5628) to work on /home/airflow/.local/lib/python3.7/site-packages/airflow/example_dags/plugins/listener_plugin.py
[2026-09-27T03:35:39.660+0000] {processor.py:799} INFO - Processing file /home/airflow/.local/lib/python3.7/site-packages/airflow/example_dags/plugins/listener_plugin.py for tasks to queue
[2026-09-27T03:35:39.662+0000] {logging_mixin.py:149} INFO - [2026-09-27T03:35:39.662+0000] {dagbag.py:541} INFO - Filling up the DagBag from /home/airflow/.local/lib/python3.7/site-packages/airflow/example_dags/plugins/listener_plugin.py
[2026-09-27T03:35:39.667+0000] {processor.py:811} WARNING - No viable dags retrieved from /home/airflow/.local/lib/python3.7/site-packages/airflow/example_dags/plugins/listener_plugin.py
[2026-09-27T03:35:39.690+0000] {processor.py:178} INFO - Processing /home/airflow/.local/lib/python3.7/site-packages/airflow/example_dags/plugins/listener_plugin.py took 0.040 seconds
[2026-09-27T03:36:10.216+0000] {processor.py:156} INFO - Started process (PID=5684) to work on /home/airflow/.local/lib/python3.7/site-packages/airflow/example_dags/plugins/listener_plugin.py
[2026-09-27T03:36:10.219+0000] {processor.py:799} INFO - Processing file /home/airflow/.local/lib/python3.7/site-packages/airflow/example_dags/plugins/listener_plugin.py for tasks to queue
[2026-09-27T03:36:10.220+0000] {logging_mixin.py:149} INFO - [2026-09-27T03:36:10.220+0000] {dagbag.py:541} INFO - Filling up the DagBag from /home/airflow/.local/lib/python3.7/site-packages/airflow/example_dags/plugins/listener_plugin.py
[2026-09-27T03:36:10.224+0000] {processor.py:811} WARNING - No viable dags retrieved from /home/airflow/.local/lib/python3.7/site-packages/airflow/example_dags/plugins/listener_plugin.py
[2026-09-27T03:36:10.248+0000] {processor.py:178} INFO - Processing /home/airflow/.local/lib/python3.7/site-packages/airflow/example_dags/plugins/listener_plugin.py took 0.039 seconds
[2026-09-27T03:36:41.120+0000] {processor.py:156} INFO - Started process (PID=5739) to work on /home/airflow/.local/lib/python3.7/site-packages/airflow/example_dags/plugins/listener_plugin.py
[2026-09-27T03:36:41.122+0000] {processor.py:799} INFO - Processing file /home/airflow/.local/lib/python3.7/site-packages/airflow/example_dags/plugins/listener_plugin.py for tasks to queue
[2026-09-27T03:36:41.123+0000] {logging_mixin.py:149} INFO - [2026-09-27T03:36:41.123+0000] {dagbag.py:541} INFO - Filling up the DagBag from /home/airflow/.local/lib/python3.7/site-packages/airflow/example_dags/plugins/listener_plugin.py
[2026-09-27T03:36:41.128+0000] {processor.py:811} WARNING - No viable dags retrieved from /home/airflow/.local/lib/python3.7/site-packages/airflow/example_dags/plugins/listener_plugin.py
[2026-09-27T03:36:41.155+0000] {processor.py:178} INFO - Processing /home/airflow/.local/lib/python3.7/site-packages/airflow/example_dags/plugins/listener_plugin.py took 0.043 seconds
[2026-09-27T03:37:12.801+0000] {processor.py:156} INFO - Started process (PID=5794) to work on /home/airflow/.local/lib/python3.7/site-packages/airflow/example_dags/plugins/listener_plugin.py
[2026-09-27T03:37:12.803+0000] {processor.py:799} INFO - Processing file /home/airflow/.local/lib/python3.7/site-packages/airflow/example_dags/plugins/listener_plugin.py for tasks to queue
[2026-09-27T03:37:12.804+0000] {logging_mixin.py:149} INFO - [2026-09-27T03:37:12.804+0000] {dagbag.py:541} INFO - Filling up the DagBag from /home/airflow/.local/lib/python3.7/site-packages/airflow/example_dags/plugins/listener_plugin.py
[2026-09-27T03:37:12.808+0000] {processor.py:811} WARNING - No viable dags retrieved from /home/airflow/.local/lib/python3.7/site-packages/airflow/example_dags/plugins/listener_plugin.py
[2026-09-27T03:37:12.836+0000] {processor.py:178} INFO - Processing /home/airflow/.local/lib/python3.7/site-packages/airflow/example_dags/plugins/listener_plugin.py took 0.041 seconds
[2026-09-27T03:37:44.116+0000] {processor.py:156} INFO - Started process (PID=5850) to work on /home/airflow/.local/lib/python3.7/site-packages/airflow/example_dags/plugins/listener_plugin.py
[2026-09-27T03:37:44.118+0000] {processor.py:799} INFO - Processing file /home/airflow/.local/lib/python3.7/site-packages/airflow/example_dags/plugins/listener_plugin.py for tasks to queue
[2026-09-27T03:37:44.119+0000] {logging_mixin.py:149} INFO - [2026-09-27T03:37:44.119+0000] {dagbag.py:541} INFO - Filling up the DagBag from /home/airflow/.local/lib/python3.7/site-packages/airflow/example_dags/plugins/listener_plugin.py
[2026-09-27T03:37:44.123+0000] {processor.py:811} WARNING - No viable dags retrieved from /home/airflow/.local/lib/python3.7/site-packages/airflow/example_dags/plugins/listener_plugin.py
[2026-09-27T03:37:44.155+0000] {processor.py:178} INFO - Processing /home/airflow/.local/lib/python3.7/site-packages/airflow/example_dags/plugins/listener_plugin.py took 0.046 seconds
[2026-09-27T03:38:15.018+0000] {processor.py:156} INFO - Started process (PID=5906) to work on /home/airflow/.local/lib/python3.7/site-packages/airflow/example_dags/plugins/listener_plugin.py
[2026-09-27T03:38:15.021+0000] {processor.py:799} INFO - Processing file /home/airflow/.local/lib/python3.7/site-packages/airflow/example_dags/plugins/listener_plugin.py for tasks to queue
[2026-09-27T03:38:15.023+0000] {logging_mixin.py:149} INFO - [2026-09-27T03:38:15.022+0000] {dagbag.py:541} INFO - Filling up the DagBag from /home/airflow/.local/lib/python3.7/site-packages/airflow/example_dags/plugins/listener_plugin.py
[2026-09-27T03:38:15.026+0000] {processor.py:811} WARNING - No viable dags retrieved from /home/airflow/.local/lib/python3.7/site-packages/airflow/example_dags/plugins/listener_plugin.py
[2026-09-27T03:38:15.049+0000] {processor.py:178} INFO - Processing /home/airflow/.local/lib/python3.7/site-packages/airflow/example_dags/plugins/listener_plugin.py took 0.037 seconds
[2026-09-27T03:38:45.773+0000] {processor.py:156} INFO - Started process (PID=5962) to work on /home/airflow/.local/lib/python3.7/site-packages/airflow/example_dags/plugins/listener_plugin.py
[2026-09-27T03:38:45.774+0000] {processor.py:799} INFO - Processing file /home/airflow/.local/lib/python3.7/site-packages/airflow/example_dags/plugins/listener_plugin.py for tasks to queue
[2026-09-27T03:38:45.776+0000] {logging_mixin.py:149} INFO - [2026-09-27T03:38:45.776+0000] {dagbag.py:541} INFO - Filling up the DagBag from /home/airflow/.local/lib/python3.7/site-packages/airflow/example_dags/plugins/listener_plugin.py
[2026-09-27T03:38:45.780+0000] {processor.py:811} WARNING - No viable dags retrieved from /home/airflow/.local/lib/python3.7/site-packages/airflow/example_dags/plugins/listener_plugin.py
[2026-09-27T03:38:45.804+0000] {processor.py:178} INFO - Processing /home/airflow/.local/lib/python3.7/site-packages/airflow/example_dags/plugins/listener_plugin.py took 0.038 seconds
[2026-09-27T03:39:17.190+0000] {processor.py:156} INFO - Started process (PID=6018) to work on /home/airflow/.local/lib/python3.7/site-packages/airflow/example_dags/plugins/listener_plugin.py
[2026-09-27T03:39:17.192+0000] {processor.py:799} INFO - Processing file /home/airflow/.local/lib/python3.7/site-packages/airflow/example_dags/plugins/listener_plugin.py for tasks to queue
[2026-09-27T03:39:17.193+0000] {logging_mixin.py:149} INFO - [2026-09-27T03:39:17.193+0000] {dagbag.py:541} INFO - Filling up the DagBag from /home/airflow/.local/lib/python3.7/site-packages/airflow/example_dags/plugins/listener_plugin.py
[2026-09-27T03:39:17.197+0000] {processor.py:811} WARNING - No viable dags retrieved from /home/airflow/.local/lib/python3.7/site-packages/airflow/example_dags/plugins/listener_plugin.py
[2026-09-27T03:39:17.220+0000] {processor.py:178} INFO - Processing /home/airflow/.local/lib/python3.7/site-packages/airflow/example_dags/plugins/listener_plugin.py took 0.036 seconds
[2026-09-27T03:39:48.074+0000] {processor.py:156} INFO - Started process (PID=6074) to work on /home/airflow/.local/lib/python3.7/site-packages/airflow/example_dags/plugins/listener_plugin.py
[2026-09-27T03:39:48.076+0000] {processor.py:799} INFO - Processing file /home/airflow/.local/lib/python3.7/site-packages/airflow/example_dags/plugins/listener_plugin.py for tasks to queue
[2026-09-27T03:39:48.077+0000] {logging_mixin.py:149} INFO - [2026-09-27T03:39:48.076+0000] {dagbag.py:541} INFO - Filling up the DagBag from /home/airflow/.local/lib/python3.7/site-packages/airflow/example_dags/plugins/listener_plugin.py
[2026-09-27T03:39:48.080+0000] {processor.py:811} WARNING - No viable dags retrieved from /home/airflow/.local/lib/python3.7/site-packages/airflow/example_dags/plugins/listener_plugin.py
[2026-09-27T03:39:48.105+0000] {processor.py:178} INFO - Processing /home/airflow/.local/lib/python3.7/site-packages/airflow/example_dags/plugins/listener_plugin.py took 0.036 seconds
[2026-09-27T03:40:19.100+0000] {processor.py:156} INFO - Started process (PID=6130) to work on /home/airflow/.local/lib/python3.7/site-packages/airflow/example_dags/plugins/listener_plugin.py
[2026-09-27T03:40:19.102+0000] {processor.py:799} INFO - Processing file /home/airflow/.local/lib/python3.7/site-packages/airflow/example_dags/plugins/listener_plugin.py for tasks to queue
[2026-09-27T03:40:19.103+0000] {logging_mixin.py:149} INFO - [2026-09-27T03:40:19.103+0000] {dagbag.py:541} INFO - Filling up the DagBag from /home/airflow/.local/lib/python3.7/site-packages/airflow/example_dags/plugins/listener_plugin.py
[2026-09-27T03:40:19.107+0000] {processor.py:811} WARNING - No viable dags retrieved from /home/airflow/.local/lib/python3.7/site-packages/airflow/example_dags/plugins/listener_plugin.py
[2026-09-27T03:40:19.130+0000] {processor.py:178} INFO - Processing /home/airflow/.local/lib/python3.7/site-packages/airflow/example_dags/plugins/listener_plugin.py took 0.037 seconds
[2026-09-27T03:40:49.859+0000] {processor.py:156} INFO - Started process (PID=6186) to work on /home/airflow/.local/lib/python3.7/site-packages/airflow/example_dags/plugins/listener_plugin.py
[2026-09-27T03:40:49.861+0000] {processor.py:799} INFO - Processing file /home/airflow/.local/lib/python3.7/site-packages/airflow/example_dags/plugins/listener_plugin.py for tasks to queue
[2026-09-27T03:40:49.862+0000] {logging_mixin.py:149} INFO - [2026-09-27T03:40:49.862+0000] {dagbag.py:541} INFO - Filling up the DagBag from /home/airflow/.local/lib/python3.7/site-packages/airflow/example_dags/plugins/listener_plugin.py
[2026-09-27T03:40:49.866+0000] {processor.py:811} WARNING - No viable dags retrieved from /home/airflow/.local/lib/python3.7/site-packages/airflow/example_dags/plugins/listener_plugin.py
[2026-09-27T03:40:49.888+0000] {processor.py:178} INFO - Processing /home/airflow/.local/lib/python3.7/site-packages/airflow/example_dags/plugins/listener_plugin.py took 0.036 seconds
[2026-09-27T03:41:20.953+0000] {processor.py:156} INFO - Started process (PID=6242) to work on /home/airflow/.local/lib/python3.7/site-packages/airflow/example_dags/plugins/listener_plugin.py
[2026-09-27T03:41:20.955+0000] {processor.py:799} INFO - Processing file /home/airflow/.local/lib/python3.7/site-packages/airflow/example_dags/plugins/listener_plugin.py for tasks to queue
[2026-09-27T03:41:20.956+0000] {logging_mixin.py:149} INFO - [2026-09-27T03:41:20.956+0000] {dagbag.py:541} INFO - Filling up the DagBag from /home/airflow/.local/lib/python3.7/site-packages/airflow/example_dags/plugins/listener_plugin.py
[2026-09-27T03:41:20.960+0000] {processor.py:811} WARNING - No viable dags retrieved from /home/airflow/.local/lib/python3.7/site-packages/airflow/example_dags/plugins/listener_plugin.py
[2026-09-27T03:41:20.987+0000] {processor.py:178} INFO - Processing /home/airflow/.local/lib/python3.7/site-packages/airflow/example_dags/plugins/listener_plugin.py took 0.041 seconds
[2026-09-27T03:41:51.759+0000] {processor.py:156} INFO - Started process (PID=6298) to work on /home/airflow/.local/lib/python3.7/site-packages/airflow/example_dags/plugins/listener_plugin.py
[2026-09-27T03:41:51.761+0000] {processor.py:799} INFO - Processing file /home/airflow/.local/lib/python3.7/site-packages/airflow/example_dags/plugins/listener_plugin.py for tasks to queue
[2026-09-27T03:41:51.762+0000] {logging_mixin.py:149} INFO - [2026-09-27T03:41:51.762+0000] {dagbag.py:541} INFO - Filling up the DagBag from /home/airflow/.local/lib/python3.7/site-packages/airflow/example_dags/plugins/listener_plugin.py
[2026-09-27T03:41:51.766+0000] {processor.py:811} WARNING - No viable dags retrieved from /home/airflow/.local/lib/python3.7/site-packages/airflow/example_dags/plugins/listener_plugin.py
[2026-09-27T03:41:51.793+0000] {processor.py:178} INFO - Processing /home/airflow/.local/lib/python3.7/site-packages/airflow/example_dags/plugins/listener_plugin.py took 0.041 seconds
[2026-09-27T03:42:22.885+0000] {processor.py:156} INFO - Started process (PID=6354) to work on /home/airflow/.local/lib/python3.7/site-packages/airflow/example_dags/plugins/listener_plugin.py
[2026-09-27T03:42:22.887+0000] {processor.py:799} INFO - Processing file /home/airflow/.local/lib/python3.7/site-packages/airflow/example_dags/plugins/listener_plugin.py for tasks to queue
[2026-09-27T03:42:22.888+0000] {logging_mixin.py:149} INFO - [2026-09-27T03:42:22.888+0000] {dagbag.py:541} INFO - Filling up the DagBag from /home/airflow/.local/lib/python3.7/site-packages/airflow/example_dags/plugins/listener_plugin.py
[2026-09-27T03:42:22.892+0000] {processor.py:811} WARNING - No viable dags retrieved from /home/airflow/.local/lib/python3.7/site-packages/airflow/example_dags/plugins/listener_plugin.py
[2026-09-27T03:42:22.916+0000] {processor.py:178} INFO - Processing /home/airflow/.local/lib/python3.7/site-packages/airflow/example_dags/plugins/listener_plugin.py took 0.036 seconds
[2026-09-27T03:42:53.544+0000] {processor.py:156} INFO - Started process (PID=6410) to work on /home/airflow/.local/lib/python3.7/site-packages/airflow/example_dags/plugins/listener_plugin.py
[2026-09-27T03:42:53.545+0000] {processor.py:799} INFO - Processing file /home/airflow/.local/lib/python3.7/site-packages/airflow/example_dags/plugins/listener_plugin.py for tasks to queue
[2026-09-27T03:42:53.546+0000] {logging_mixin.py:149} INFO - [2026-09-27T03:42:53.546+0000] {dagbag.py:541} INFO - Filling up the DagBag from /home/airflow/.local/lib/python3.7/site-packages/airflow/example_dags/plugins/listener_plugin.py
[2026-09-27T03:42:53.550+0000] {processor.py:811} WARNING - No viable dags retrieved from /home/airflow/.local/lib/python3.7/site-packages/airflow/example_dags/plugins/listener_plugin.py
[2026-09-27T03:42:53.573+0000] {processor.py:178} INFO - Processing /home/airflow/.local/lib/python3.7/site-packages/airflow/example_dags/plugins/listener_plugin.py took 0.035 seconds
[2026-09-27T03:43:24.782+0000] {processor.py:156} INFO - Started process (PID=6466) to work on /home/airflow/.local/lib/python3.7/site-packages/airflow/example_dags/plugins/listener_plugin.py
[2026-09-27T03:43:24.784+0000] {processor.py:799} INFO - Processing file /home/airflow/.local/lib/python3.7/site-packages/airflow/example_dags/plugins/listener_plugin.py for tasks to queue
[2026-09-27T03:43:24.785+0000] {logging_mixin.py:149} INFO - [2026-09-27T03:43:24.785+0000] {dagbag.py:541} INFO - Filling up the DagBag from /home/airflow/.local/lib/python3.7/site-packages/airflow/example_dags/plugins/listener_plugin.py
[2026-09-27T03:43:24.790+0000] {processor.py:811} WARNING - No viable dags retrieved from /home/airflow/.local/lib/python3.7/site-packages/airflow/example_dags/plugins/listener_plugin.py
[2026-09-27T03:43:24.813+0000] {processor.py:178} INFO - Processing /home/airflow/.local/lib/python3.7/site-packages/airflow/example_dags/plugins/listener_plugin.py took 0.039 seconds
[2026-09-27T03:43:55.928+0000] {processor.py:156} INFO - Started process (PID=6522) to work on /home/airflow/.local/lib/python3.7/site-packages/airflow/example_dags/plugins/listener_plugin.py
[2026-09-27T03:43:55.930+0000] {processor.py:799} INFO - Processing file /home/airflow/.local/lib/python3.7/site-packages/airflow/example_dags/plugins/listener_plugin.py for tasks to queue
[2026-09-27T03:43:55.931+0000] {logging_mixin.py:149} INFO - [2026-09-27T03:43:55.931+0000] {dagbag.py:541} INFO - Filling up the DagBag from /home/airflow/.local/lib/python3.7/site-packages/airflow/example_dags/plugins/listener_plugin.py
[2026-09-27T03:43:55.935+0000] {processor.py:811} WARNING - No viable dags retrieved from /home/airflow/.local/lib/python3.7/site-packages/airflow/example_dags/plugins/listener_plugin.py
[2026-09-27T03:43:55.960+0000] {processor.py:178} INFO - Processing /home/airflow/.local/lib/python3.7/site-packages/airflow/example_dags/plugins/listener_plugin.py took 0.039 seconds
[2026-09-27T03:44:27.072+0000] {processor.py:156} INFO - Started process (PID=6578) to work on /home/airflow/.local/lib/python3.7/site-packages/airflow/example_dags/plugins/listener_plugin.py
[2026-09-27T03:44:27.074+0000] {processor.py:799} INFO - Processing file /home/airflow/.local/lib/python3.7/site-packages/airflow/example_dags/plugins/listener_plugin.py for tasks to queue
[2026-09-27T03:44:27.075+0000] {logging_mixin.py:149} INFO - [2026-09-27T03:44:27.075+0000] {dagbag.py:541} INFO - Filling up the DagBag from /home/airflow/.local/lib/python3.7/site-packages/airflow/example_dags/plugins/listener_plugin.py
[2026-09-27T03:44:27.079+0000] {processor.py:811} WARNING - No viable dags retrieved from /home/airflow/.local/lib/python3.7/site-packages/airflow/example_dags/plugins/listener_plugin.py
[2026-09-27T03:44:27.108+0000] {processor.py:178} INFO - Processing /home/airflow/.local/lib/python3.7/site-packages/airflow/example_dags/plugins/listener_plugin.py took 0.042 seconds
[2026-09-27T03:44:57.871+0000] {processor.py:156} INFO - Started process (PID=6634) to work on /home/airflow/.local/lib/python3.7/site-packages/airflow/example_dags/plugins/listener_plugin.py
[2026-09-27T03:44:57.873+0000] {processor.py:799} INFO - Processing file /home/airflow/.local/lib/python3.7/site-packages/airflow/example_dags/plugins/listener_plugin.py for tasks to queue
[2026-09-27T03:44:57.874+0000] {logging_mixin.py:149} INFO - [2026-09-27T03:44:57.874+0000] {dagbag.py:541} INFO - Filling up the DagBag from /home/airflow/.local/lib/python3.7/site-packages/airflow/example_dags/plugins/listener_plugin.py
[2026-09-27T03:44:57.877+0000] {processor.py:811} WARNING - No viable dags retrieved from /home/airflow/.local/lib/python3.7/site-packages/airflow/example_dags/plugins/listener_plugin.py
[2026-09-27T03:44:57.903+0000] {processor.py:178} INFO - Processing /home/airflow/.local/lib/python3.7/site-packages/airflow/example_dags/plugins/listener_plugin.py took 0.039 seconds
[2026-09-27T03:45:28.158+0000] {processor.py:156} INFO - Started process (PID=6685) to work on /home/airflow/.local/lib/python3.7/site-packages/airflow/example_dags/plugins/listener_plugin.py
[2026-09-27T03:45:28.161+0000] {processor.py:799} INFO - Processing file /home/airflow/.local/lib/python3.7/site-packages/airflow/example_dags/plugins/listener_plugin.py for tasks to queue
[2026-09-27T03:45:28.162+0000] {logging_mixin.py:149} INFO - [2026-09-27T03:45:28.161+0000] {dagbag.py:541} INFO - Filling up the DagBag from /home/airflow/.local/lib/python3.7/site-packages/airflow/example_dags/plugins/listener_plugin.py
[2026-09-27T03:45:28.166+0000] {processor.py:811} WARNING - No viable dags retrieved from /home/airflow/.local/lib/python3.7/site-packages/airflow/example_dags/plugins/listener_plugin.py
[2026-09-27T03:45:28.191+0000] {processor.py:178} INFO - Processing /home/airflow/.local/lib/python3.7/site-packages/airflow/example_dags/plugins/listener_plugin.py took 0.039 seconds
[2026-09-27T03:45:59.089+0000] {processor.py:156} INFO - Started process (PID=6741) to work on /home/airflow/.local/lib/python3.7/site-packages/airflow/example_dags/plugins/listener_plugin.py
[2026-09-27T03:45:59.091+0000] {processor.py:799} INFO - Processing file /home/airflow/.local/lib/python3.7/site-packages/airflow/example_dags/plugins/listener_plugin.py for tasks to queue
[2026-09-27T03:45:59.092+0000] {logging_mixin.py:149} INFO - [2026-09-27T03:45:59.091+0000] {dagbag.py:541} INFO - Filling up the DagBag from /home/airflow/.local/lib/python3.7/site-packages/airflow/example_dags/plugins/listener_plugin.py
[2026-09-27T03:45:59.095+0000] {processor.py:811} WARNING - No viable dags retrieved from /home/airflow/.local/lib/python3.7/site-packages/airflow/example_dags/plugins/listener_plugin.py
[2026-09-27T03:45:59.123+0000] {processor.py:178} INFO - Processing /home/airflow/.local/lib/python3.7/site-packages/airflow/example_dags/plugins/listener_plugin.py took 0.040 seconds
[2026-09-27T03:46:29.595+0000] {processor.py:156} INFO - Started process (PID=6796) to work on /home/airflow/.local/lib/python3.7/site-packages/airflow/example_dags/plugins/listener_plugin.py
[2026-09-27T03:46:29.598+0000] {processor.py:799} INFO - Processing file /home/airflow/.local/lib/python3.7/site-packages/airflow/example_dags/plugins/listener_plugin.py for tasks to queue
[2026-09-27T03:46:29.599+0000] {logging_mixin.py:149} INFO - [2026-09-27T03:46:29.599+0000] {dagbag.py:541} INFO - Filling up the DagBag from /home/airflow/.local/lib/python3.7/site-packages/airflow/example_dags/plugins/listener_plugin.py
[2026-09-27T03:46:29.603+0000] {processor.py:811} WARNING - No viable dags retrieved from /home/airflow/.local/lib/python3.7/site-packages/airflow/example_dags/plugins/listener_plugin.py
[2026-09-27T03:46:29.629+0000] {processor.py:178} INFO - Processing /home/airflow/.local/lib/python3.7/site-packages/airflow/example_dags/plugins/listener_plugin.py took 0.043 seconds
[2026-09-27T03:46:59.874+0000] {processor.py:156} INFO - Started process (PID=6851) to work on /home/airflow/.local/lib/python3.7/site-packages/airflow/example_dags/plugins/listener_plugin.py
[2026-09-27T03:46:59.877+0000] {processor.py:799} INFO - Processing file /home/airflow/.local/lib/python3.7/site-packages/airflow/example_dags/plugins/listener_plugin.py for tasks to queue
[2026-09-27T03:46:59.878+0000] {logging_mixin.py:149} INFO - [2026-09-27T03:46:59.878+0000] {dagbag.py:541} INFO - Filling up the DagBag from /home/airflow/.local/lib/python3.7/site-packages/airflow/example_dags/plugins/listener_plugin.py
[2026-09-27T03:46:59.882+0000] {processor.py:811} WARNING - No viable dags retrieved from /home/airflow/.local/lib/python3.7/site-packages/airflow/example_dags/plugins/listener_plugin.py
[2026-09-27T03:46:59.906+0000] {processor.py:178} INFO - Processing /home/airflow/.local/lib/python3.7/site-packages/airflow/example_dags/plugins/listener_plugin.py took 0.039 seconds
[2026-09-27T03:47:31.889+0000] {processor.py:156} INFO - Started process (PID=6908) to work on /home/airflow/.local/lib/python3.7/site-packages/airflow/example_dags/plugins/listener_plugin.py
[2026-09-27T03:47:31.890+0000] {processor.py:799} INFO - Processing file /home/airflow/.local/lib/python3.7/site-packages/airflow/example_dags/plugins/listener_plugin.py for tasks to queue
[2026-09-27T03:47:31.891+0000] {logging_mixin.py:149} INFO - [2026-09-27T03:47:31.891+0000] {dagbag.py:541} INFO - Filling up the DagBag from /home/airflow/.local/lib/python3.7/site-packages/airflow/example_dags/plugins/listener_plugin.py
[2026-09-27T03:47:31.895+0000] {processor.py:811} WARNING - No viable dags retrieved from /home/airflow/.local/lib/python3.7/site-packages/airflow/example_dags/plugins/listener_plugin.py
[2026-09-27T03:47:31.920+0000] {processor.py:178} INFO - Processing /home/airflow/.local/lib/python3.7/site-packages/airflow/example_dags/plugins/listener_plugin.py took 0.037 seconds
[2026-09-27T03:48:02.604+0000] {processor.py:156} INFO - Started process (PID=6964) to work on /home/airflow/.local/lib/python3.7/site-packages/airflow/example_dags/plugins/listener_plugin.py
[2026-09-27T03:48:02.606+0000] {processor.py:799} INFO - Processing file /home/airflow/.local/lib/python3.7/site-packages/airflow/example_dags/plugins/listener_plugin.py for tasks to queue
[2026-09-27T03:48:02.607+0000] {logging_mixin.py:149} INFO - [2026-09-27T03:48:02.607+0000] {dagbag.py:541} INFO - Filling up the DagBag from /home/airflow/.local/lib/python3.7/site-packages/airflow/example_dags/plugins/listener_plugin.py
[2026-09-27T03:48:02.610+0000] {processor.py:811} WARNING - No viable dags retrieved from /home/airflow/.local/lib/python3.7/site-packages/airflow/example_dags/plugins/listener_plugin.py
[2026-09-27T03:48:02.636+0000] {processor.py:178} INFO - Processing /home/airflow/.local/lib/python3.7/site-packages/airflow/example_dags/plugins/listener_plugin.py took 0.039 seconds
[2026-09-27T03:48:33.308+0000] {processor.py:156} INFO - Started process (PID=7020) to work on /home/airflow/.local/lib/python3.7/site-packages/airflow/example_dags/plugins/listener_plugin.py
[2026-09-27T03:48:33.310+0000] {processor.py:799} INFO - Processing file /home/airflow/.local/lib/python3.7/site-packages/airflow/example_dags/plugins/listener_plugin.py for tasks to queue
[2026-09-27T03:48:33.311+0000] {logging_mixin.py:149} INFO - [2026-09-27T03:48:33.311+0000] {dagbag.py:541} INFO - Filling up the DagBag from /home/airflow/.local/lib/python3.7/site-packages/airflow/example_dags/plugins/listener_plugin.py
[2026-09-27T03:48:33.315+0000] {processor.py:811} WARNING - No viable dags retrieved from /home/airflow/.local/lib/python3.7/site-packages/airflow/example_dags/plugins/listener_plugin.py
[2026-09-27T03:48:33.340+0000] {processor.py:178} INFO - Processing /home/airflow/.local/lib/python3.7/site-packages/airflow/example_dags/plugins/listener_plugin.py took 0.052 seconds
[2026-09-27T03:49:04.992+0000] {processor.py:156} INFO - Started process (PID=7076) to work on /home/airflow/.local/lib/python3.7/site-packages/airflow/example_dags/plugins/listener_plugin.py
[2026-09-27T03:49:05.006+0000] {processor.py:799} INFO - Processing file /home/airflow/.local/lib/python3.7/site-packages/airflow/example_dags/plugins/listener_plugin.py for tasks to queue
[2026-09-27T03:49:05.010+0000] {logging_mixin.py:149} INFO - [2026-09-27T03:49:05.007+0000] {dagbag.py:541} INFO - Filling up the DagBag from /home/airflow/.local/lib/python3.7/site-packages/airflow/example_dags/plugins/listener_plugin.py
[2026-09-27T03:49:05.020+0000] {processor.py:811} WARNING - No viable dags retrieved from /home/airflow/.local/lib/python3.7/site-packages/airflow/example_dags/plugins/listener_plugin.py
[2026-09-27T03:49:05.056+0000] {processor.py:178} INFO - Processing /home/airflow/.local/lib/python3.7/site-packages/airflow/example_dags/plugins/listener_plugin.py took 0.086 seconds
[2026-09-27T03:49:35.902+0000] {processor.py:156} INFO - Started process (PID=7132) to work on /home/airflow/.local/lib/python3.7/site-packages/airflow/example_dags/plugins/listener_plugin.py
[2026-09-27T03:49:35.904+0000] {processor.py:799} INFO - Processing file /home/airflow/.local/lib/python3.7/site-packages/airflow/example_dags/plugins/listener_plugin.py for tasks to queue
[2026-09-27T03:49:35.905+0000] {logging_mixin.py:149} INFO - [2026-09-27T03:49:35.905+0000] {dagbag.py:541} INFO - Filling up the DagBag from /home/airflow/.local/lib/python3.7/site-packages/airflow/example_dags/plugins/listener_plugin.py
[2026-09-27T03:49:35.909+0000] {processor.py:811} WARNING - No viable dags retrieved from /home/airflow/.local/lib/python3.7/site-packages/airflow/example_dags/plugins/listener_plugin.py
[2026-09-27T03:49:35.935+0000] {processor.py:178} INFO - Processing /home/airflow/.local/lib/python3.7/site-packages/airflow/example_dags/plugins/listener_plugin.py took 0.040 seconds
[2026-09-27T03:50:06.033+0000] {processor.py:156} INFO - Started process (PID=7187) to work on /home/airflow/.local/lib/python3.7/site-packages/airflow/example_dags/plugins/listener_plugin.py
[2026-09-27T03:50:06.041+0000] {processor.py:799} INFO - Processing file /home/airflow/.local/lib/python3.7/site-packages/airflow/example_dags/plugins/listener_plugin.py for tasks to queue
[2026-09-27T03:50:06.042+0000] {logging_mixin.py:149} INFO - [2026-09-27T03:50:06.042+0000] {dagbag.py:541} INFO - Filling up the DagBag from /home/airflow/.local/lib/python3.7/site-packages/airflow/example_dags/plugins/listener_plugin.py
[2026-09-27T03:50:06.051+0000] {processor.py:811} WARNING - No viable dags retrieved from /home/airflow/.local/lib/python3.7/site-packages/airflow/example_dags/plugins/listener_plugin.py
[2026-09-27T03:50:06.113+0000] {processor.py:178} INFO - Processing /home/airflow/.local/lib/python3.7/site-packages/airflow/example_dags/plugins/listener_plugin.py took 0.102 seconds
[2026-09-27T03:50:37.218+0000] {processor.py:156} INFO - Started process (PID=7243) to work on /home/airflow/.local/lib/python3.7/site-packages/airflow/example_dags/plugins/listener_plugin.py
[2026-09-27T03:50:37.220+0000] {processor.py:799} INFO - Processing file /home/airflow/.local/lib/python3.7/site-packages/airflow/example_dags/plugins/listener_plugin.py for tasks to queue
[2026-09-27T03:50:37.221+0000] {logging_mixin.py:149} INFO - [2026-09-27T03:50:37.221+0000] {dagbag.py:541} INFO - Filling up the DagBag from /home/airflow/.local/lib/python3.7/site-packages/airflow/example_dags/plugins/listener_plugin.py
[2026-09-27T03:50:37.224+0000] {processor.py:811} WARNING - No viable dags retrieved from /home/airflow/.local/lib/python3.7/site-packages/airflow/example_dags/plugins/listener_plugin.py
[2026-09-27T03:50:37.248+0000] {processor.py:178} INFO - Processing /home/airflow/.local/lib/python3.7/site-packages/airflow/example_dags/plugins/listener_plugin.py took 0.037 seconds
[2026-09-27T03:51:07.898+0000] {processor.py:156} INFO - Started process (PID=7299) to work on /home/airflow/.local/lib/python3.7/site-packages/airflow/example_dags/plugins/listener_plugin.py
[2026-09-27T03:51:07.901+0000] {processor.py:799} INFO - Processing file /home/airflow/.local/lib/python3.7/site-packages/airflow/example_dags/plugins/listener_plugin.py for tasks to queue
[2026-09-27T03:51:07.903+0000] {logging_mixin.py:149} INFO - [2026-09-27T03:51:07.902+0000] {dagbag.py:541} INFO - Filling up the DagBag from /home/airflow/.local/lib/python3.7/site-packages/airflow/example_dags/plugins/listener_plugin.py
[2026-09-27T03:51:07.909+0000] {processor.py:811} WARNING - No viable dags retrieved from /home/airflow/.local/lib/python3.7/site-packages/airflow/example_dags/plugins/listener_plugin.py
[2026-09-27T03:51:07.958+0000] {processor.py:178} INFO - Processing /home/airflow/.local/lib/python3.7/site-packages/airflow/example_dags/plugins/listener_plugin.py took 0.065 seconds
[2026-09-27T03:51:38.932+0000] {processor.py:156} INFO - Started process (PID=7356) to work on /home/airflow/.local/lib/python3.7/site-packages/airflow/example_dags/plugins/listener_plugin.py
[2026-09-27T03:51:38.934+0000] {processor.py:799} INFO - Processing file /home/airflow/.local/lib/python3.7/site-packages/airflow/example_dags/plugins/listener_plugin.py for tasks to queue
[2026-09-27T03:51:38.935+0000] {logging_mixin.py:149} INFO - [2026-09-27T03:51:38.934+0000] {dagbag.py:541} INFO - Filling up the DagBag from /home/airflow/.local/lib/python3.7/site-packages/airflow/example_dags/plugins/listener_plugin.py
[2026-09-27T03:51:38.938+0000] {processor.py:811} WARNING - No viable dags retrieved from /home/airflow/.local/lib/python3.7/site-packages/airflow/example_dags/plugins/listener_plugin.py
[2026-09-27T03:51:38.963+0000] {processor.py:178} INFO - Processing /home/airflow/.local/lib/python3.7/site-packages/airflow/example_dags/plugins/listener_plugin.py took 0.037 seconds
[2026-09-27T03:52:09.709+0000] {processor.py:156} INFO - Started process (PID=7412) to work on /home/airflow/.local/lib/python3.7/site-packages/airflow/example_dags/plugins/listener_plugin.py
[2026-09-27T03:52:09.710+0000] {processor.py:799} INFO - Processing file /home/airflow/.local/lib/python3.7/site-packages/airflow/example_dags/plugins/listener_plugin.py for tasks to queue
[2026-09-27T03:52:09.712+0000] {logging_mixin.py:149} INFO - [2026-09-27T03:52:09.712+0000] {dagbag.py:541} INFO - Filling up the DagBag from /home/airflow/.local/lib/python3.7/site-packages/airflow/example_dags/plugins/listener_plugin.py
[2026-09-27T03:52:09.716+0000] {processor.py:811} WARNING - No viable dags retrieved from /home/airflow/.local/lib/python3.7/site-packages/airflow/example_dags/plugins/listener_plugin.py
[2026-09-27T03:52:09.742+0000] {processor.py:178} INFO - Processing /home/airflow/.local/lib/python3.7/site-packages/airflow/example_dags/plugins/listener_plugin.py took 0.040 seconds
[2026-09-27T03:52:39.903+0000] {processor.py:156} INFO - Started process (PID=7469) to work on /home/airflow/.local/lib/python3.7/site-packages/airflow/example_dags/plugins/listener_plugin.py
[2026-09-27T03:52:39.904+0000] {processor.py:799} INFO - Processing file /home/airflow/.local/lib/python3.7/site-packages/airflow/example_dags/plugins/listener_plugin.py for tasks to queue
[2026-09-27T03:52:39.905+0000] {logging_mixin.py:149} INFO - [2026-09-27T03:52:39.905+0000] {dagbag.py:541} INFO - Filling up the DagBag from /home/airflow/.local/lib/python3.7/site-packages/airflow/example_dags/plugins/listener_plugin.py
[2026-09-27T03:52:39.909+0000] {processor.py:811} WARNING - No viable dags retrieved from /home/airflow/.local/lib/python3.7/site-packages/airflow/example_dags/plugins/listener_plugin.py
[2026-09-27T03:52:39.930+0000] {processor.py:178} INFO - Processing /home/airflow/.local/lib/python3.7/site-packages/airflow/example_dags/plugins/listener_plugin.py took 0.034 seconds
[2026-09-27T03:53:10.782+0000] {processor.py:156} INFO - Started process (PID=7532) to work on /home/airflow/.local/lib/python3.7/site-packages/airflow/example_dags/plugins/listener_plugin.py
[2026-09-27T03:53:10.784+0000] {processor.py:799} INFO - Processing file /home/airflow/.local/lib/python3.7/site-packages/airflow/example_dags/plugins/listener_plugin.py for tasks to queue
[2026-09-27T03:53:10.785+0000] {logging_mixin.py:149} INFO - [2026-09-27T03:53:10.784+0000] {dagbag.py:541} INFO - Filling up the DagBag from /home/airflow/.local/lib/python3.7/site-packages/airflow/example_dags/plugins/listener_plugin.py
[2026-09-27T03:53:10.789+0000] {processor.py:811} WARNING - No viable dags retrieved from /home/airflow/.local/lib/python3.7/site-packages/airflow/example_dags/plugins/listener_plugin.py
[2026-09-27T03:53:10.812+0000] {processor.py:178} INFO - Processing /home/airflow/.local/lib/python3.7/site-packages/airflow/example_dags/plugins/listener_plugin.py took 0.037 seconds
[2026-09-27T03:53:41.365+0000] {processor.py:156} INFO - Started process (PID=7588) to work on /home/airflow/.local/lib/python3.7/site-packages/airflow/example_dags/plugins/listener_plugin.py
[2026-09-27T03:53:41.366+0000] {processor.py:799} INFO - Processing file /home/airflow/.local/lib/python3.7/site-packages/airflow/example_dags/plugins/listener_plugin.py for tasks to queue
[2026-09-27T03:53:41.367+0000] {logging_mixin.py:149} INFO - [2026-09-27T03:53:41.367+0000] {dagbag.py:541} INFO - Filling up the DagBag from /home/airflow/.local/lib/python3.7/site-packages/airflow/example_dags/plugins/listener_plugin.py
[2026-09-27T03:53:41.371+0000] {processor.py:811} WARNING - No viable dags retrieved from /home/airflow/.local/lib/python3.7/site-packages/airflow/example_dags/plugins/listener_plugin.py
[2026-09-27T03:53:41.396+0000] {processor.py:178} INFO - Processing /home/airflow/.local/lib/python3.7/site-packages/airflow/example_dags/plugins/listener_plugin.py took 0.038 seconds
[2026-09-27T04:16:07.324+0000] {processor.py:156} INFO - Started process (PID=100) to work on /home/airflow/.local/lib/python3.7/site-packages/airflow/example_dags/plugins/listener_plugin.py
[2026-09-27T04:16:07.341+0000] {processor.py:799} INFO - Processing file /home/airflow/.local/lib/python3.7/site-packages/airflow/example_dags/plugins/listener_plugin.py for tasks to queue
[2026-09-27T04:16:07.342+0000] {logging_mixin.py:149} INFO - [2026-09-27T04:16:07.342+0000] {dagbag.py:541} INFO - Filling up the DagBag from /home/airflow/.local/lib/python3.7/site-packages/airflow/example_dags/plugins/listener_plugin.py
[2026-09-27T04:16:07.347+0000] {processor.py:811} WARNING - No viable dags retrieved from /home/airflow/.local/lib/python3.7/site-packages/airflow/example_dags/plugins/listener_plugin.py
[2026-09-27T04:16:07.369+0000] {processor.py:178} INFO - Processing /home/airflow/.local/lib/python3.7/site-packages/airflow/example_dags/plugins/listener_plugin.py took 0.050 seconds
[2026-09-27T04:16:38.038+0000] {processor.py:156} INFO - Started process (PID=159) to work on /home/airflow/.local/lib/python3.7/site-packages/airflow/example_dags/plugins/listener_plugin.py
[2026-09-27T04:16:38.040+0000] {processor.py:799} INFO - Processing file /home/airflow/.local/lib/python3.7/site-packages/airflow/example_dags/plugins/listener_plugin.py for tasks to queue
[2026-09-27T04:16:38.041+0000] {logging_mixin.py:149} INFO - [2026-09-27T04:16:38.041+0000] {dagbag.py:541} INFO - Filling up the DagBag from /home/airflow/.local/lib/python3.7/site-packages/airflow/example_dags/plugins/listener_plugin.py
[2026-09-27T04:16:38.045+0000] {processor.py:811} WARNING - No viable dags retrieved from /home/airflow/.local/lib/python3.7/site-packages/airflow/example_dags/plugins/listener_plugin.py
[2026-09-27T04:16:38.079+0000] {processor.py:178} INFO - Processing /home/airflow/.local/lib/python3.7/site-packages/airflow/example_dags/plugins/listener_plugin.py took 0.047 seconds
[2026-09-27T04:17:08.569+0000] {processor.py:156} INFO - Started process (PID=215) to work on /home/airflow/.local/lib/python3.7/site-packages/airflow/example_dags/plugins/listener_plugin.py
[2026-09-27T04:17:08.571+0000] {processor.py:799} INFO - Processing file /home/airflow/.local/lib/python3.7/site-packages/airflow/example_dags/plugins/listener_plugin.py for tasks to queue
[2026-09-27T04:17:08.572+0000] {logging_mixin.py:149} INFO - [2026-09-27T04:17:08.572+0000] {dagbag.py:541} INFO - Filling up the DagBag from /home/airflow/.local/lib/python3.7/site-packages/airflow/example_dags/plugins/listener_plugin.py
[2026-09-27T04:17:08.576+0000] {processor.py:811} WARNING - No viable dags retrieved from /home/airflow/.local/lib/python3.7/site-packages/airflow/example_dags/plugins/listener_plugin.py
[2026-09-27T04:17:08.597+0000] {processor.py:178} INFO - Processing /home/airflow/.local/lib/python3.7/site-packages/airflow/example_dags/plugins/listener_plugin.py took 0.036 seconds
[2026-09-27T04:17:38.994+0000] {processor.py:156} INFO - Started process (PID=271) to work on /home/airflow/.local/lib/python3.7/site-packages/airflow/example_dags/plugins/listener_plugin.py
[2026-09-27T04:17:38.996+0000] {processor.py:799} INFO - Processing file /home/airflow/.local/lib/python3.7/site-packages/airflow/example_dags/plugins/listener_plugin.py for tasks to queue
[2026-09-27T04:17:38.998+0000] {logging_mixin.py:149} INFO - [2026-09-27T04:17:38.997+0000] {dagbag.py:541} INFO - Filling up the DagBag from /home/airflow/.local/lib/python3.7/site-packages/airflow/example_dags/plugins/listener_plugin.py
[2026-09-27T04:17:39.001+0000] {processor.py:811} WARNING - No viable dags retrieved from /home/airflow/.local/lib/python3.7/site-packages/airflow/example_dags/plugins/listener_plugin.py
[2026-09-27T04:17:39.024+0000] {processor.py:178} INFO - Processing /home/airflow/.local/lib/python3.7/site-packages/airflow/example_dags/plugins/listener_plugin.py took 0.035 seconds
[2026-09-27T04:18:09.739+0000] {processor.py:156} INFO - Started process (PID=327) to work on /home/airflow/.local/lib/python3.7/site-packages/airflow/example_dags/plugins/listener_plugin.py
[2026-09-27T04:18:09.742+0000] {processor.py:799} INFO - Processing file /home/airflow/.local/lib/python3.7/site-packages/airflow/example_dags/plugins/listener_plugin.py for tasks to queue
[2026-09-27T04:18:09.743+0000] {logging_mixin.py:149} INFO - [2026-09-27T04:18:09.743+0000] {dagbag.py:541} INFO - Filling up the DagBag from /home/airflow/.local/lib/python3.7/site-packages/airflow/example_dags/plugins/listener_plugin.py
[2026-09-27T04:18:09.747+0000] {processor.py:811} WARNING - No viable dags retrieved from /home/airflow/.local/lib/python3.7/site-packages/airflow/example_dags/plugins/listener_plugin.py
[2026-09-27T04:18:09.775+0000] {processor.py:178} INFO - Processing /home/airflow/.local/lib/python3.7/site-packages/airflow/example_dags/plugins/listener_plugin.py took 0.043 seconds
[2026-09-27T04:18:41.077+0000] {processor.py:156} INFO - Started process (PID=384) to work on /home/airflow/.local/lib/python3.7/site-packages/airflow/example_dags/plugins/listener_plugin.py
[2026-09-27T04:18:41.081+0000] {processor.py:799} INFO - Processing file /home/airflow/.local/lib/python3.7/site-packages/airflow/example_dags/plugins/listener_plugin.py for tasks to queue
[2026-09-27T04:18:41.082+0000] {logging_mixin.py:149} INFO - [2026-09-27T04:18:41.082+0000] {dagbag.py:541} INFO - Filling up the DagBag from /home/airflow/.local/lib/python3.7/site-packages/airflow/example_dags/plugins/listener_plugin.py
[2026-09-27T04:18:41.085+0000] {processor.py:811} WARNING - No viable dags retrieved from /home/airflow/.local/lib/python3.7/site-packages/airflow/example_dags/plugins/listener_plugin.py
[2026-09-27T04:18:41.108+0000] {processor.py:178} INFO - Processing /home/airflow/.local/lib/python3.7/site-packages/airflow/example_dags/plugins/listener_plugin.py took 0.037 seconds
[2026-09-27T04:19:12.083+0000] {processor.py:156} INFO - Started process (PID=440) to work on /home/airflow/.local/lib/python3.7/site-packages/airflow/example_dags/plugins/listener_plugin.py
[2026-09-27T04:19:12.085+0000] {processor.py:799} INFO - Processing file /home/airflow/.local/lib/python3.7/site-packages/airflow/example_dags/plugins/listener_plugin.py for tasks to queue
[2026-09-27T04:19:12.086+0000] {logging_mixin.py:149} INFO - [2026-09-27T04:19:12.086+0000] {dagbag.py:541} INFO - Filling up the DagBag from /home/airflow/.local/lib/python3.7/site-packages/airflow/example_dags/plugins/listener_plugin.py
[2026-09-27T04:19:12.090+0000] {processor.py:811} WARNING - No viable dags retrieved from /home/airflow/.local/lib/python3.7/site-packages/airflow/example_dags/plugins/listener_plugin.py
[2026-09-27T04:19:12.111+0000] {processor.py:178} INFO - Processing /home/airflow/.local/lib/python3.7/site-packages/airflow/example_dags/plugins/listener_plugin.py took 0.036 seconds
[2026-09-27T04:19:43.039+0000] {processor.py:156} INFO - Started process (PID=496) to work on /home/airflow/.local/lib/python3.7/site-packages/airflow/example_dags/plugins/listener_plugin.py
[2026-09-27T04:19:43.042+0000] {processor.py:799} INFO - Processing file /home/airflow/.local/lib/python3.7/site-packages/airflow/example_dags/plugins/listener_plugin.py for tasks to queue
[2026-09-27T04:19:43.043+0000] {logging_mixin.py:149} INFO - [2026-09-27T04:19:43.043+0000] {dagbag.py:541} INFO - Filling up the DagBag from /home/airflow/.local/lib/python3.7/site-packages/airflow/example_dags/plugins/listener_plugin.py
[2026-09-27T04:19:43.047+0000] {processor.py:811} WARNING - No viable dags retrieved from /home/airflow/.local/lib/python3.7/site-packages/airflow/example_dags/plugins/listener_plugin.py
[2026-09-27T04:19:43.072+0000] {processor.py:178} INFO - Processing /home/airflow/.local/lib/python3.7/site-packages/airflow/example_dags/plugins/listener_plugin.py took 0.039 seconds
[2026-09-27T04:20:13.699+0000] {processor.py:156} INFO - Started process (PID=553) to work on /home/airflow/.local/lib/python3.7/site-packages/airflow/example_dags/plugins/listener_plugin.py
[2026-09-27T04:20:13.709+0000] {processor.py:799} INFO - Processing file /home/airflow/.local/lib/python3.7/site-packages/airflow/example_dags/plugins/listener_plugin.py for tasks to queue
[2026-09-27T04:20:13.710+0000] {logging_mixin.py:149} INFO - [2026-09-27T04:20:13.710+0000] {dagbag.py:541} INFO - Filling up the DagBag from /home/airflow/.local/lib/python3.7/site-packages/airflow/example_dags/plugins/listener_plugin.py
[2026-09-27T04:20:13.714+0000] {processor.py:811} WARNING - No viable dags retrieved from /home/airflow/.local/lib/python3.7/site-packages/airflow/example_dags/plugins/listener_plugin.py
[2026-09-27T04:20:13.736+0000] {processor.py:178} INFO - Processing /home/airflow/.local/lib/python3.7/site-packages/airflow/example_dags/plugins/listener_plugin.py took 0.045 seconds
[2026-09-27T04:20:45.121+0000] {processor.py:156} INFO - Started process (PID=609) to work on /home/airflow/.local/lib/python3.7/site-packages/airflow/example_dags/plugins/listener_plugin.py
[2026-09-27T04:20:45.125+0000] {processor.py:799} INFO - Processing file /home/airflow/.local/lib/python3.7/site-packages/airflow/example_dags/plugins/listener_plugin.py for tasks to queue
[2026-09-27T04:20:45.125+0000] {logging_mixin.py:149} INFO - [2026-09-27T04:20:45.125+0000] {dagbag.py:541} INFO - Filling up the DagBag from /home/airflow/.local/lib/python3.7/site-packages/airflow/example_dags/plugins/listener_plugin.py
[2026-09-27T04:20:45.129+0000] {processor.py:811} WARNING - No viable dags retrieved from /home/airflow/.local/lib/python3.7/site-packages/airflow/example_dags/plugins/listener_plugin.py
[2026-09-27T04:20:45.149+0000] {processor.py:178} INFO - Processing /home/airflow/.local/lib/python3.7/site-packages/airflow/example_dags/plugins/listener_plugin.py took 0.033 seconds
[2026-09-27T04:21:15.638+0000] {processor.py:156} INFO - Started process (PID=665) to work on /home/airflow/.local/lib/python3.7/site-packages/airflow/example_dags/plugins/listener_plugin.py
[2026-09-27T04:21:15.641+0000] {processor.py:799} INFO - Processing file /home/airflow/.local/lib/python3.7/site-packages/airflow/example_dags/plugins/listener_plugin.py for tasks to queue
[2026-09-27T04:21:15.642+0000] {logging_mixin.py:149} INFO - [2026-09-27T04:21:15.641+0000] {dagbag.py:541} INFO - Filling up the DagBag from /home/airflow/.local/lib/python3.7/site-packages/airflow/example_dags/plugins/listener_plugin.py
[2026-09-27T04:21:15.645+0000] {processor.py:811} WARNING - No viable dags retrieved from /home/airflow/.local/lib/python3.7/site-packages/airflow/example_dags/plugins/listener_plugin.py
[2026-09-27T04:21:15.669+0000] {processor.py:178} INFO - Processing /home/airflow/.local/lib/python3.7/site-packages/airflow/example_dags/plugins/listener_plugin.py took 0.036 seconds
[2026-09-27T04:21:47.217+0000] {processor.py:156} INFO - Started process (PID=721) to work on /home/airflow/.local/lib/python3.7/site-packages/airflow/example_dags/plugins/listener_plugin.py
[2026-09-27T04:21:47.222+0000] {processor.py:799} INFO - Processing file /home/airflow/.local/lib/python3.7/site-packages/airflow/example_dags/plugins/listener_plugin.py for tasks to queue
[2026-09-27T04:21:47.223+0000] {logging_mixin.py:149} INFO - [2026-09-27T04:21:47.223+0000] {dagbag.py:541} INFO - Filling up the DagBag from /home/airflow/.local/lib/python3.7/site-packages/airflow/example_dags/plugins/listener_plugin.py
[2026-09-27T04:21:47.227+0000] {processor.py:811} WARNING - No viable dags retrieved from /home/airflow/.local/lib/python3.7/site-packages/airflow/example_dags/plugins/listener_plugin.py
[2026-09-27T04:21:47.255+0000] {processor.py:178} INFO - Processing /home/airflow/.local/lib/python3.7/site-packages/airflow/example_dags/plugins/listener_plugin.py took 0.045 seconds
[2026-09-27T04:22:17.717+0000] {processor.py:156} INFO - Started process (PID=777) to work on /home/airflow/.local/lib/python3.7/site-packages/airflow/example_dags/plugins/listener_plugin.py
[2026-09-27T04:22:17.719+0000] {processor.py:799} INFO - Processing file /home/airflow/.local/lib/python3.7/site-packages/airflow/example_dags/plugins/listener_plugin.py for tasks to queue
[2026-09-27T04:22:17.721+0000] {logging_mixin.py:149} INFO - [2026-09-27T04:22:17.720+0000] {dagbag.py:541} INFO - Filling up the DagBag from /home/airflow/.local/lib/python3.7/site-packages/airflow/example_dags/plugins/listener_plugin.py
[2026-09-27T04:22:17.725+0000] {processor.py:811} WARNING - No viable dags retrieved from /home/airflow/.local/lib/python3.7/site-packages/airflow/example_dags/plugins/listener_plugin.py
[2026-09-27T04:22:17.747+0000] {processor.py:178} INFO - Processing /home/airflow/.local/lib/python3.7/site-packages/airflow/example_dags/plugins/listener_plugin.py took 0.039 seconds
[2026-09-27T04:22:49.212+0000] {processor.py:156} INFO - Started process (PID=833) to work on /home/airflow/.local/lib/python3.7/site-packages/airflow/example_dags/plugins/listener_plugin.py
[2026-09-27T04:22:49.220+0000] {processor.py:799} INFO - Processing file /home/airflow/.local/lib/python3.7/site-packages/airflow/example_dags/plugins/listener_plugin.py for tasks to queue
[2026-09-27T04:22:49.221+0000] {logging_mixin.py:149} INFO - [2026-09-27T04:22:49.221+0000] {dagbag.py:541} INFO - Filling up the DagBag from /home/airflow/.local/lib/python3.7/site-packages/airflow/example_dags/plugins/listener_plugin.py
[2026-09-27T04:22:49.226+0000] {processor.py:811} WARNING - No viable dags retrieved from /home/airflow/.local/lib/python3.7/site-packages/airflow/example_dags/plugins/listener_plugin.py
[2026-09-27T04:22:49.254+0000] {processor.py:178} INFO - Processing /home/airflow/.local/lib/python3.7/site-packages/airflow/example_dags/plugins/listener_plugin.py took 0.050 seconds
[2026-09-27T04:23:19.903+0000] {processor.py:156} INFO - Started process (PID=890) to work on /home/airflow/.local/lib/python3.7/site-packages/airflow/example_dags/plugins/listener_plugin.py
[2026-09-27T04:23:19.910+0000] {processor.py:799} INFO - Processing file /home/airflow/.local/lib/python3.7/site-packages/airflow/example_dags/plugins/listener_plugin.py for tasks to queue
[2026-09-27T04:23:19.911+0000] {logging_mixin.py:149} INFO - [2026-09-27T04:23:19.911+0000] {dagbag.py:541} INFO - Filling up the DagBag from /home/airflow/.local/lib/python3.7/site-packages/airflow/example_dags/plugins/listener_plugin.py
[2026-09-27T04:23:19.915+0000] {processor.py:811} WARNING - No viable dags retrieved from /home/airflow/.local/lib/python3.7/site-packages/airflow/example_dags/plugins/listener_plugin.py
[2026-09-27T04:23:19.942+0000] {processor.py:178} INFO - Processing /home/airflow/.local/lib/python3.7/site-packages/airflow/example_dags/plugins/listener_plugin.py took 0.045 seconds
[2026-09-27T04:23:50.434+0000] {processor.py:156} INFO - Started process (PID=946) to work on /home/airflow/.local/lib/python3.7/site-packages/airflow/example_dags/plugins/listener_plugin.py
[2026-09-27T04:23:50.436+0000] {processor.py:799} INFO - Processing file /home/airflow/.local/lib/python3.7/site-packages/airflow/example_dags/plugins/listener_plugin.py for tasks to queue
[2026-09-27T04:23:50.437+0000] {logging_mixin.py:149} INFO - [2026-09-27T04:23:50.437+0000] {dagbag.py:541} INFO - Filling up the DagBag from /home/airflow/.local/lib/python3.7/site-packages/airflow/example_dags/plugins/listener_plugin.py
[2026-09-27T04:23:50.441+0000] {processor.py:811} WARNING - No viable dags retrieved from /home/airflow/.local/lib/python3.7/site-packages/airflow/example_dags/plugins/listener_plugin.py
[2026-09-27T04:23:50.464+0000] {processor.py:178} INFO - Processing /home/airflow/.local/lib/python3.7/site-packages/airflow/example_dags/plugins/listener_plugin.py took 0.036 seconds
[2026-09-27T04:24:21.132+0000] {processor.py:156} INFO - Started process (PID=1002) to work on /home/airflow/.local/lib/python3.7/site-packages/airflow/example_dags/plugins/listener_plugin.py
[2026-09-27T04:24:21.138+0000] {processor.py:799} INFO - Processing file /home/airflow/.local/lib/python3.7/site-packages/airflow/example_dags/plugins/listener_plugin.py for tasks to queue
[2026-09-27T04:24:21.139+0000] {logging_mixin.py:149} INFO - [2026-09-27T04:24:21.139+0000] {dagbag.py:541} INFO - Filling up the DagBag from /home/airflow/.local/lib/python3.7/site-packages/airflow/example_dags/plugins/listener_plugin.py
[2026-09-27T04:24:21.142+0000] {processor.py:811} WARNING - No viable dags retrieved from /home/airflow/.local/lib/python3.7/site-packages/airflow/example_dags/plugins/listener_plugin.py
[2026-09-27T04:24:21.168+0000] {processor.py:178} INFO - Processing /home/airflow/.local/lib/python3.7/site-packages/airflow/example_dags/plugins/listener_plugin.py took 0.043 seconds
[2026-09-27T04:24:52.433+0000] {processor.py:156} INFO - Started process (PID=1058) to work on /home/airflow/.local/lib/python3.7/site-packages/airflow/example_dags/plugins/listener_plugin.py
[2026-09-27T04:24:52.436+0000] {processor.py:799} INFO - Processing file /home/airflow/.local/lib/python3.7/site-packages/airflow/example_dags/plugins/listener_plugin.py for tasks to queue
[2026-09-27T04:24:52.437+0000] {logging_mixin.py:149} INFO - [2026-09-27T04:24:52.437+0000] {dagbag.py:541} INFO - Filling up the DagBag from /home/airflow/.local/lib/python3.7/site-packages/airflow/example_dags/plugins/listener_plugin.py
[2026-09-27T04:24:52.441+0000] {processor.py:811} WARNING - No viable dags retrieved from /home/airflow/.local/lib/python3.7/site-packages/airflow/example_dags/plugins/listener_plugin.py
[2026-09-27T04:24:52.467+0000] {processor.py:178} INFO - Processing /home/airflow/.local/lib/python3.7/site-packages/airflow/example_dags/plugins/listener_plugin.py took 0.040 seconds
[2026-09-27T04:25:24.419+0000] {processor.py:156} INFO - Started process (PID=1114) to work on /home/airflow/.local/lib/python3.7/site-packages/airflow/example_dags/plugins/listener_plugin.py
[2026-09-27T04:25:24.423+0000] {processor.py:799} INFO - Processing file /home/airflow/.local/lib/python3.7/site-packages/airflow/example_dags/plugins/listener_plugin.py for tasks to queue
[2026-09-27T04:25:24.424+0000] {logging_mixin.py:149} INFO - [2026-09-27T04:25:24.424+0000] {dagbag.py:541} INFO - Filling up the DagBag from /home/airflow/.local/lib/python3.7/site-packages/airflow/example_dags/plugins/listener_plugin.py
[2026-09-27T04:25:24.429+0000] {processor.py:811} WARNING - No viable dags retrieved from /home/airflow/.local/lib/python3.7/site-packages/airflow/example_dags/plugins/listener_plugin.py
[2026-09-27T04:25:24.450+0000] {processor.py:178} INFO - Processing /home/airflow/.local/lib/python3.7/site-packages/airflow/example_dags/plugins/listener_plugin.py took 0.039 seconds
[2026-09-27T04:25:55.336+0000] {processor.py:156} INFO - Started process (PID=1170) to work on /home/airflow/.local/lib/python3.7/site-packages/airflow/example_dags/plugins/listener_plugin.py
[2026-09-27T04:25:55.339+0000] {processor.py:799} INFO - Processing file /home/airflow/.local/lib/python3.7/site-packages/airflow/example_dags/plugins/listener_plugin.py for tasks to queue
[2026-09-27T04:25:55.340+0000] {logging_mixin.py:149} INFO - [2026-09-27T04:25:55.340+0000] {dagbag.py:541} INFO - Filling up the DagBag from /home/airflow/.local/lib/python3.7/site-packages/airflow/example_dags/plugins/listener_plugin.py
[2026-09-27T04:25:55.347+0000] {processor.py:811} WARNING - No viable dags retrieved from /home/airflow/.local/lib/python3.7/site-packages/airflow/example_dags/plugins/listener_plugin.py
[2026-09-27T04:25:55.372+0000] {processor.py:178} INFO - Processing /home/airflow/.local/lib/python3.7/site-packages/airflow/example_dags/plugins/listener_plugin.py took 0.044 seconds
[2026-09-27T04:26:26.151+0000] {processor.py:156} INFO - Started process (PID=1226) to work on /home/airflow/.local/lib/python3.7/site-packages/airflow/example_dags/plugins/listener_plugin.py
[2026-09-27T04:26:26.154+0000] {processor.py:799} INFO - Processing file /home/airflow/.local/lib/python3.7/site-packages/airflow/example_dags/plugins/listener_plugin.py for tasks to queue
[2026-09-27T04:26:26.155+0000] {logging_mixin.py:149} INFO - [2026-09-27T04:26:26.155+0000] {dagbag.py:541} INFO - Filling up the DagBag from /home/airflow/.local/lib/python3.7/site-packages/airflow/example_dags/plugins/listener_plugin.py
[2026-09-27T04:26:26.159+0000] {processor.py:811} WARNING - No viable dags retrieved from /home/airflow/.local/lib/python3.7/site-packages/airflow/example_dags/plugins/listener_plugin.py
[2026-09-27T04:26:26.186+0000] {processor.py:178} INFO - Processing /home/airflow/.local/lib/python3.7/site-packages/airflow/example_dags/plugins/listener_plugin.py took 0.046 seconds
[2026-09-27T04:26:56.886+0000] {processor.py:156} INFO - Started process (PID=1282) to work on /home/airflow/.local/lib/python3.7/site-packages/airflow/example_dags/plugins/listener_plugin.py
[2026-09-27T04:26:56.888+0000] {processor.py:799} INFO - Processing file /home/airflow/.local/lib/python3.7/site-packages/airflow/example_dags/plugins/listener_plugin.py for tasks to queue
[2026-09-27T04:26:56.889+0000] {logging_mixin.py:149} INFO - [2026-09-27T04:26:56.889+0000] {dagbag.py:541} INFO - Filling up the DagBag from /home/airflow/.local/lib/python3.7/site-packages/airflow/example_dags/plugins/listener_plugin.py
[2026-09-27T04:26:56.893+0000] {processor.py:811} WARNING - No viable dags retrieved from /home/airflow/.local/lib/python3.7/site-packages/airflow/example_dags/plugins/listener_plugin.py
[2026-09-27T04:26:56.913+0000] {processor.py:178} INFO - Processing /home/airflow/.local/lib/python3.7/site-packages/airflow/example_dags/plugins/listener_plugin.py took 0.033 seconds
[2026-09-27T04:27:27.705+0000] {processor.py:156} INFO - Started process (PID=1338) to work on /home/airflow/.local/lib/python3.7/site-packages/airflow/example_dags/plugins/listener_plugin.py
[2026-09-27T04:27:27.707+0000] {processor.py:799} INFO - Processing file /home/airflow/.local/lib/python3.7/site-packages/airflow/example_dags/plugins/listener_plugin.py for tasks to queue
[2026-09-27T04:27:27.708+0000] {logging_mixin.py:149} INFO - [2026-09-27T04:27:27.708+0000] {dagbag.py:541} INFO - Filling up the DagBag from /home/airflow/.local/lib/python3.7/site-packages/airflow/example_dags/plugins/listener_plugin.py
[2026-09-27T04:27:27.713+0000] {processor.py:811} WARNING - No viable dags retrieved from /home/airflow/.local/lib/python3.7/site-packages/airflow/example_dags/plugins/listener_plugin.py
[2026-09-27T04:27:27.737+0000] {processor.py:178} INFO - Processing /home/airflow/.local/lib/python3.7/site-packages/airflow/example_dags/plugins/listener_plugin.py took 0.038 seconds
[2026-09-27T04:27:58.954+0000] {processor.py:156} INFO - Started process (PID=1395) to work on /home/airflow/.local/lib/python3.7/site-packages/airflow/example_dags/plugins/listener_plugin.py
[2026-09-27T04:27:58.974+0000] {processor.py:799} INFO - Processing file /home/airflow/.local/lib/python3.7/site-packages/airflow/example_dags/plugins/listener_plugin.py for tasks to queue
[2026-09-27T04:27:58.975+0000] {logging_mixin.py:149} INFO - [2026-09-27T04:27:58.975+0000] {dagbag.py:541} INFO - Filling up the DagBag from /home/airflow/.local/lib/python3.7/site-packages/airflow/example_dags/plugins/listener_plugin.py
[2026-09-27T04:27:58.979+0000] {processor.py:811} WARNING - No viable dags retrieved from /home/airflow/.local/lib/python3.7/site-packages/airflow/example_dags/plugins/listener_plugin.py
[2026-09-27T04:27:59.002+0000] {processor.py:178} INFO - Processing /home/airflow/.local/lib/python3.7/site-packages/airflow/example_dags/plugins/listener_plugin.py took 0.055 seconds
[2026-09-27T04:28:30.425+0000] {processor.py:156} INFO - Started process (PID=1451) to work on /home/airflow/.local/lib/python3.7/site-packages/airflow/example_dags/plugins/listener_plugin.py
[2026-09-27T04:28:30.427+0000] {processor.py:799} INFO - Processing file /home/airflow/.local/lib/python3.7/site-packages/airflow/example_dags/plugins/listener_plugin.py for tasks to queue
[2026-09-27T04:28:30.428+0000] {logging_mixin.py:149} INFO - [2026-09-27T04:28:30.427+0000] {dagbag.py:541} INFO - Filling up the DagBag from /home/airflow/.local/lib/python3.7/site-packages/airflow/example_dags/plugins/listener_plugin.py
[2026-09-27T04:28:30.432+0000] {processor.py:811} WARNING - No viable dags retrieved from /home/airflow/.local/lib/python3.7/site-packages/airflow/example_dags/plugins/listener_plugin.py
[2026-09-27T04:28:30.455+0000] {processor.py:178} INFO - Processing /home/airflow/.local/lib/python3.7/site-packages/airflow/example_dags/plugins/listener_plugin.py took 0.038 seconds
[2026-09-27T04:29:01.865+0000] {processor.py:156} INFO - Started process (PID=1514) to work on /home/airflow/.local/lib/python3.7/site-packages/airflow/example_dags/plugins/listener_plugin.py
[2026-09-27T04:29:01.873+0000] {processor.py:799} INFO - Processing file /home/airflow/.local/lib/python3.7/site-packages/airflow/example_dags/plugins/listener_plugin.py for tasks to queue
[2026-09-27T04:29:01.875+0000] {logging_mixin.py:149} INFO - [2026-09-27T04:29:01.874+0000] {dagbag.py:541} INFO - Filling up the DagBag from /home/airflow/.local/lib/python3.7/site-packages/airflow/example_dags/plugins/listener_plugin.py
[2026-09-27T04:29:01.878+0000] {processor.py:811} WARNING - No viable dags retrieved from /home/airflow/.local/lib/python3.7/site-packages/airflow/example_dags/plugins/listener_plugin.py
[2026-09-27T04:29:01.901+0000] {processor.py:178} INFO - Processing /home/airflow/.local/lib/python3.7/site-packages/airflow/example_dags/plugins/listener_plugin.py took 0.044 seconds
[2026-09-27T04:29:33.479+0000] {processor.py:156} INFO - Started process (PID=1570) to work on /home/airflow/.local/lib/python3.7/site-packages/airflow/example_dags/plugins/listener_plugin.py
[2026-09-27T04:29:33.482+0000] {processor.py:799} INFO - Processing file /home/airflow/.local/lib/python3.7/site-packages/airflow/example_dags/plugins/listener_plugin.py for tasks to queue
[2026-09-27T04:29:33.484+0000] {logging_mixin.py:149} INFO - [2026-09-27T04:29:33.483+0000] {dagbag.py:541} INFO - Filling up the DagBag from /home/airflow/.local/lib/python3.7/site-packages/airflow/example_dags/plugins/listener_plugin.py
[2026-09-27T04:29:33.489+0000] {processor.py:811} WARNING - No viable dags retrieved from /home/airflow/.local/lib/python3.7/site-packages/airflow/example_dags/plugins/listener_plugin.py
[2026-09-27T04:29:33.517+0000] {processor.py:178} INFO - Processing /home/airflow/.local/lib/python3.7/site-packages/airflow/example_dags/plugins/listener_plugin.py took 0.044 seconds
[2026-09-27T04:30:04.845+0000] {processor.py:156} INFO - Started process (PID=1626) to work on /home/airflow/.local/lib/python3.7/site-packages/airflow/example_dags/plugins/listener_plugin.py
[2026-09-27T04:30:04.846+0000] {processor.py:799} INFO - Processing file /home/airflow/.local/lib/python3.7/site-packages/airflow/example_dags/plugins/listener_plugin.py for tasks to queue
[2026-09-27T04:30:04.847+0000] {logging_mixin.py:149} INFO - [2026-09-27T04:30:04.847+0000] {dagbag.py:541} INFO - Filling up the DagBag from /home/airflow/.local/lib/python3.7/site-packages/airflow/example_dags/plugins/listener_plugin.py
[2026-09-27T04:30:04.851+0000] {processor.py:811} WARNING - No viable dags retrieved from /home/airflow/.local/lib/python3.7/site-packages/airflow/example_dags/plugins/listener_plugin.py
[2026-09-27T04:30:04.880+0000] {processor.py:178} INFO - Processing /home/airflow/.local/lib/python3.7/site-packages/airflow/example_dags/plugins/listener_plugin.py took 0.042 seconds
