[2026-09-28T00:00:24.798+0000] {processor.py:156} INFO - Started process (PID=26719) to work on /home/airflow/.local/lib/python3.7/site-packages/airflow/example_dags/example_time_delta_sensor_async.py
[2026-09-28T00:00:24.800+0000] {processor.py:799} INFO - Processing file /home/airflow/.local/lib/python3.7/site-packages/airflow/example_dags/example_time_delta_sensor_async.py for tasks to queue
[2026-09-28T00:00:24.801+0000] {logging_mixin.py:149} INFO - [2026-09-28T00:00:24.801+0000] {dagbag.py:541} INFO - Filling up the DagBag from /home/airflow/.local/lib/python3.7/site-packages/airflow/example_dags/example_time_delta_sensor_async.py
[2026-09-28T00:00:24.812+0000] {processor.py:809} INFO - DAG(s) dict_keys(['example_time_delta_sensor_async']) retrieved from /home/airflow/.local/lib/python3.7/site-packages/airflow/example_dags/example_time_delta_sensor_async.py
[2026-09-28T00:00:24.861+0000] {logging_mixin.py:149} INFO - [2026-09-28T00:00:24.861+0000] {dag.py:2726} INFO - Sync 1 DAGs
[2026-09-28T00:00:24.909+0000] {logging_mixin.py:149} INFO - [2026-09-28T00:00:24.909+0000] {dag.py:3490} INFO - Setting next_dagrun for example_time_delta_sensor_async to None, run_after=None
[2026-09-28T00:00:24.942+0000] {processor.py:178} INFO - Processing /home/airflow/.local/lib/python3.7/site-packages/airflow/example_dags/example_time_delta_sensor_async.py took 0.151 seconds
[2026-09-28T00:00:55.684+0000] {processor.py:156} INFO - Started process (PID=26777) to work on /home/airflow/.local/lib/python3.7/site-packages/airflow/example_dags/example_time_delta_sensor_async.py
[2026-09-28T00:00:55.685+0000] {processor.py:799} INFO - Processing file /home/airflow/.local/lib/python3.7/site-packages/airflow/example_dags/example_time_delta_sensor_async.py for tasks to queue
[2026-09-28T00:00:55.686+0000] {logging_mixin.py:149} INFO - [2026-09-28T00:00:55.686+0000] {dagbag.py:541} INFO - Filling up the DagBag from /home/airflow/.local/lib/python3.7/site-packages/airflow/example_dags/example_time_delta_sensor_async.py
[2026-09-28T00:00:55.696+0000] {processor.py:809} INFO - DAG(s) dict_keys(['example_time_delta_sensor_async']) retrieved from /home/airflow/.local/lib/python3.7/site-packages/airflow/example_dags/example_time_delta_sensor_async.py
[2026-09-28T00:00:55.740+0000] {logging_mixin.py:149} INFO - [2026-09-28T00:00:55.740+0000] {dag.py:2726} INFO - Sync 1 DAGs
[2026-09-28T00:00:55.792+0000] {logging_mixin.py:149} INFO - [2026-09-28T00:00:55.792+0000] {dag.py:3490} INFO - Setting next_dagrun for example_time_delta_sensor_async to None, run_after=None
[2026-09-28T00:00:55.828+0000] {processor.py:178} INFO - Processing /home/airflow/.local/lib/python3.7/site-packages/airflow/example_dags/example_time_delta_sensor_async.py took 0.149 seconds
[2026-09-28T00:01:27.529+0000] {processor.py:156} INFO - Started process (PID=26835) to work on /home/airflow/.local/lib/python3.7/site-packages/airflow/example_dags/example_time_delta_sensor_async.py
[2026-09-28T00:01:27.532+0000] {processor.py:799} INFO - Processing file /home/airflow/.local/lib/python3.7/site-packages/airflow/example_dags/example_time_delta_sensor_async.py for tasks to queue
[2026-09-28T00:01:27.534+0000] {logging_mixin.py:149} INFO - [2026-09-28T00:01:27.534+0000] {dagbag.py:541} INFO - Filling up the DagBag from /home/airflow/.local/lib/python3.7/site-packages/airflow/example_dags/example_time_delta_sensor_async.py
[2026-09-28T00:01:27.547+0000] {processor.py:809} INFO - DAG(s) dict_keys(['example_time_delta_sensor_async']) retrieved from /home/airflow/.local/lib/python3.7/site-packages/airflow/example_dags/example_time_delta_sensor_async.py
[2026-09-28T00:01:27.602+0000] {logging_mixin.py:149} INFO - [2026-09-28T00:01:27.602+0000] {dag.py:2726} INFO - Sync 1 DAGs
[2026-09-28T00:01:27.652+0000] {logging_mixin.py:149} INFO - [2026-09-28T00:01:27.652+0000] {dag.py:3490} INFO - Setting next_dagrun for example_time_delta_sensor_async to None, run_after=None
[2026-09-28T00:01:27.682+0000] {processor.py:178} INFO - Processing /home/airflow/.local/lib/python3.7/site-packages/airflow/example_dags/example_time_delta_sensor_async.py took 0.162 seconds
[2026-09-28T00:01:58.253+0000] {processor.py:156} INFO - Started process (PID=26900) to work on /home/airflow/.local/lib/python3.7/site-packages/airflow/example_dags/example_time_delta_sensor_async.py
[2026-09-28T00:01:58.254+0000] {processor.py:799} INFO - Processing file /home/airflow/.local/lib/python3.7/site-packages/airflow/example_dags/example_time_delta_sensor_async.py for tasks to queue
[2026-09-28T00:01:58.255+0000] {logging_mixin.py:149} INFO - [2026-09-28T00:01:58.255+0000] {dagbag.py:541} INFO - Filling up the DagBag from /home/airflow/.local/lib/python3.7/site-packages/airflow/example_dags/example_time_delta_sensor_async.py
[2026-09-28T00:01:58.263+0000] {processor.py:809} INFO - DAG(s) dict_keys(['example_time_delta_sensor_async']) retrieved from /home/airflow/.local/lib/python3.7/site-packages/airflow/example_dags/example_time_delta_sensor_async.py
[2026-09-28T00:01:58.302+0000] {logging_mixin.py:149} INFO - [2026-09-28T00:01:58.302+0000] {dag.py:2726} INFO - Sync 1 DAGs
[2026-09-28T00:01:58.348+0000] {logging_mixin.py:149} INFO - [2026-09-28T00:01:58.347+0000] {dag.py:3490} INFO - Setting next_dagrun for example_time_delta_sensor_async to None, run_after=None
[2026-09-28T00:01:58.385+0000] {processor.py:178} INFO - Processing /home/airflow/.local/lib/python3.7/site-packages/airflow/example_dags/example_time_delta_sensor_async.py took 0.138 seconds
[2026-09-28T00:02:29.475+0000] {processor.py:156} INFO - Started process (PID=26957) to work on /home/airflow/.local/lib/python3.7/site-packages/airflow/example_dags/example_time_delta_sensor_async.py
[2026-09-28T00:02:29.479+0000] {processor.py:799} INFO - Processing file /home/airflow/.local/lib/python3.7/site-packages/airflow/example_dags/example_time_delta_sensor_async.py for tasks to queue
[2026-09-28T00:02:29.480+0000] {logging_mixin.py:149} INFO - [2026-09-28T00:02:29.480+0000] {dagbag.py:541} INFO - Filling up the DagBag from /home/airflow/.local/lib/python3.7/site-packages/airflow/example_dags/example_time_delta_sensor_async.py
[2026-09-28T00:02:29.488+0000] {processor.py:809} INFO - DAG(s) dict_keys(['example_time_delta_sensor_async']) retrieved from /home/airflow/.local/lib/python3.7/site-packages/airflow/example_dags/example_time_delta_sensor_async.py
[2026-09-28T00:02:29.530+0000] {logging_mixin.py:149} INFO - [2026-09-28T00:02:29.530+0000] {dag.py:2726} INFO - Sync 1 DAGs
[2026-09-28T00:02:29.577+0000] {logging_mixin.py:149} INFO - [2026-09-28T00:02:29.577+0000] {dag.py:3490} INFO - Setting next_dagrun for example_time_delta_sensor_async to None, run_after=None
[2026-09-28T00:02:29.607+0000] {processor.py:178} INFO - Processing /home/airflow/.local/lib/python3.7/site-packages/airflow/example_dags/example_time_delta_sensor_async.py took 0.137 seconds
[2026-09-28T00:03:00.638+0000] {processor.py:156} INFO - Started process (PID=27015) to work on /home/airflow/.local/lib/python3.7/site-packages/airflow/example_dags/example_time_delta_sensor_async.py
[2026-09-28T00:03:00.639+0000] {processor.py:799} INFO - Processing file /home/airflow/.local/lib/python3.7/site-packages/airflow/example_dags/example_time_delta_sensor_async.py for tasks to queue
[2026-09-28T00:03:00.640+0000] {logging_mixin.py:149} INFO - [2026-09-28T00:03:00.640+0000] {dagbag.py:541} INFO - Filling up the DagBag from /home/airflow/.local/lib/python3.7/site-packages/airflow/example_dags/example_time_delta_sensor_async.py
[2026-09-28T00:03:00.648+0000] {processor.py:809} INFO - DAG(s) dict_keys(['example_time_delta_sensor_async']) retrieved from /home/airflow/.local/lib/python3.7/site-packages/airflow/example_dags/example_time_delta_sensor_async.py
[2026-09-28T00:03:00.699+0000] {logging_mixin.py:149} INFO - [2026-09-28T00:03:00.699+0000] {dag.py:2726} INFO - Sync 1 DAGs
[2026-09-28T00:03:00.751+0000] {logging_mixin.py:149} INFO - [2026-09-28T00:03:00.750+0000] {dag.py:3490} INFO - Setting next_dagrun for example_time_delta_sensor_async to None, run_after=None
[2026-09-28T00:03:00.789+0000] {processor.py:178} INFO - Processing /home/airflow/.local/lib/python3.7/site-packages/airflow/example_dags/example_time_delta_sensor_async.py took 0.158 seconds
[2026-09-28T00:03:31.732+0000] {processor.py:156} INFO - Started process (PID=27073) to work on /home/airflow/.local/lib/python3.7/site-packages/airflow/example_dags/example_time_delta_sensor_async.py
[2026-09-28T00:03:31.735+0000] {processor.py:799} INFO - Processing file /home/airflow/.local/lib/python3.7/site-packages/airflow/example_dags/example_time_delta_sensor_async.py for tasks to queue
[2026-09-28T00:03:31.736+0000] {logging_mixin.py:149} INFO - [2026-09-28T00:03:31.736+0000] {dagbag.py:541} INFO - Filling up the DagBag from /home/airflow/.local/lib/python3.7/site-packages/airflow/example_dags/example_time_delta_sensor_async.py
[2026-09-28T00:03:31.746+0000] {processor.py:809} INFO - DAG(s) dict_keys(['example_time_delta_sensor_async']) retrieved from /home/airflow/.local/lib/python3.7/site-packages/airflow/example_dags/example_time_delta_sensor_async.py
[2026-09-28T00:03:31.787+0000] {logging_mixin.py:149} INFO - [2026-09-28T00:03:31.786+0000] {dag.py:2726} INFO - Sync 1 DAGs
[2026-09-28T00:03:31.828+0000] {logging_mixin.py:149} INFO - [2026-09-28T00:03:31.827+0000] {dag.py:3490} INFO - Setting next_dagrun for example_time_delta_sensor_async to None, run_after=None
[2026-09-28T00:03:31.859+0000] {processor.py:178} INFO - Processing /home/airflow/.local/lib/python3.7/site-packages/airflow/example_dags/example_time_delta_sensor_async.py took 0.133 seconds
[2026-09-28T00:04:03.951+0000] {processor.py:156} INFO - Started process (PID=27131) to work on /home/airflow/.local/lib/python3.7/site-packages/airflow/example_dags/example_time_delta_sensor_async.py
[2026-09-28T00:04:03.953+0000] {processor.py:799} INFO - Processing file /home/airflow/.local/lib/python3.7/site-packages/airflow/example_dags/example_time_delta_sensor_async.py for tasks to queue
[2026-09-28T00:04:03.954+0000] {logging_mixin.py:149} INFO - [2026-09-28T00:04:03.954+0000] {dagbag.py:541} INFO - Filling up the DagBag from /home/airflow/.local/lib/python3.7/site-packages/airflow/example_dags/example_time_delta_sensor_async.py
[2026-09-28T00:04:03.962+0000] {processor.py:809} INFO - DAG(s) dict_keys(['example_time_delta_sensor_async']) retrieved from /home/airflow/.local/lib/python3.7/site-packages/airflow/example_dags/example_time_delta_sensor_async.py
[2026-09-28T00:04:04.006+0000] {logging_mixin.py:149} INFO - [2026-09-28T00:04:04.005+0000] {dag.py:2726} INFO - Sync 1 DAGs
[2026-09-28T00:04:04.052+0000] {logging_mixin.py:149} INFO - [2026-09-28T00:04:04.052+0000] {dag.py:3490} INFO - Setting next_dagrun for example_time_delta_sensor_async to None, run_after=None
[2026-09-28T00:04:04.079+0000] {processor.py:178} INFO - Processing /home/airflow/.local/lib/python3.7/site-packages/airflow/example_dags/example_time_delta_sensor_async.py took 0.135 seconds
[2026-09-28T00:04:35.122+0000] {processor.py:156} INFO - Started process (PID=27190) to work on /home/airflow/.local/lib/python3.7/site-packages/airflow/example_dags/example_time_delta_sensor_async.py
[2026-09-28T00:04:35.124+0000] {processor.py:799} INFO - Processing file /home/airflow/.local/lib/python3.7/site-packages/airflow/example_dags/example_time_delta_sensor_async.py for tasks to queue
[2026-09-28T00:04:35.125+0000] {logging_mixin.py:149} INFO - [2026-09-28T00:04:35.125+0000] {dagbag.py:541} INFO - Filling up the DagBag from /home/airflow/.local/lib/python3.7/site-packages/airflow/example_dags/example_time_delta_sensor_async.py
[2026-09-28T00:04:35.133+0000] {processor.py:809} INFO - DAG(s) dict_keys(['example_time_delta_sensor_async']) retrieved from /home/airflow/.local/lib/python3.7/site-packages/airflow/example_dags/example_time_delta_sensor_async.py
[2026-09-28T00:04:35.182+0000] {logging_mixin.py:149} INFO - [2026-09-28T00:04:35.182+0000] {dag.py:2726} INFO - Sync 1 DAGs
[2026-09-28T00:04:35.224+0000] {logging_mixin.py:149} INFO - [2026-09-28T00:04:35.224+0000] {dag.py:3490} INFO - Setting next_dagrun for example_time_delta_sensor_async to None, run_after=None
[2026-09-28T00:04:35.255+0000] {processor.py:178} INFO - Processing /home/airflow/.local/lib/python3.7/site-packages/airflow/example_dags/example_time_delta_sensor_async.py took 0.139 seconds
[2026-09-28T00:05:06.345+0000] {processor.py:156} INFO - Started process (PID=27248) to work on /home/airflow/.local/lib/python3.7/site-packages/airflow/example_dags/example_time_delta_sensor_async.py
[2026-09-28T00:05:06.347+0000] {processor.py:799} INFO - Processing file /home/airflow/.local/lib/python3.7/site-packages/airflow/example_dags/example_time_delta_sensor_async.py for tasks to queue
[2026-09-28T00:05:06.348+0000] {logging_mixin.py:149} INFO - [2026-09-28T00:05:06.348+0000] {dagbag.py:541} INFO - Filling up the DagBag from /home/airflow/.local/lib/python3.7/site-packages/airflow/example_dags/example_time_delta_sensor_async.py
[2026-09-28T00:05:06.355+0000] {processor.py:809} INFO - DAG(s) dict_keys(['example_time_delta_sensor_async']) retrieved from /home/airflow/.local/lib/python3.7/site-packages/airflow/example_dags/example_time_delta_sensor_async.py
[2026-09-28T00:05:06.405+0000] {logging_mixin.py:149} INFO - [2026-09-28T00:05:06.405+0000] {dag.py:2726} INFO - Sync 1 DAGs
[2026-09-28T00:05:06.452+0000] {logging_mixin.py:149} INFO - [2026-09-28T00:05:06.452+0000] {dag.py:3490} INFO - Setting next_dagrun for example_time_delta_sensor_async to None, run_after=None
[2026-09-28T00:05:06.483+0000] {processor.py:178} INFO - Processing /home/airflow/.local/lib/python3.7/site-packages/airflow/example_dags/example_time_delta_sensor_async.py took 0.144 seconds
[2026-09-28T00:05:37.357+0000] {processor.py:156} INFO - Started process (PID=27306) to work on /home/airflow/.local/lib/python3.7/site-packages/airflow/example_dags/example_time_delta_sensor_async.py
[2026-09-28T00:05:37.359+0000] {processor.py:799} INFO - Processing file /home/airflow/.local/lib/python3.7/site-packages/airflow/example_dags/example_time_delta_sensor_async.py for tasks to queue
[2026-09-28T00:05:37.360+0000] {logging_mixin.py:149} INFO - [2026-09-28T00:05:37.360+0000] {dagbag.py:541} INFO - Filling up the DagBag from /home/airflow/.local/lib/python3.7/site-packages/airflow/example_dags/example_time_delta_sensor_async.py
[2026-09-28T00:05:37.371+0000] {processor.py:809} INFO - DAG(s) dict_keys(['example_time_delta_sensor_async']) retrieved from /home/airflow/.local/lib/python3.7/site-packages/airflow/example_dags/example_time_delta_sensor_async.py
[2026-09-28T00:05:37.423+0000] {logging_mixin.py:149} INFO - [2026-09-28T00:05:37.422+0000] {dag.py:2726} INFO - Sync 1 DAGs
[2026-09-28T00:05:37.475+0000] {logging_mixin.py:149} INFO - [2026-09-28T00:05:37.475+0000] {dag.py:3490} INFO - Setting next_dagrun for example_time_delta_sensor_async to None, run_after=None
[2026-09-28T00:05:37.506+0000] {processor.py:178} INFO - Processing /home/airflow/.local/lib/python3.7/site-packages/airflow/example_dags/example_time_delta_sensor_async.py took 0.155 seconds
[2026-09-28T00:06:09.587+0000] {processor.py:156} INFO - Started process (PID=27369) to work on /home/airflow/.local/lib/python3.7/site-packages/airflow/example_dags/example_time_delta_sensor_async.py
[2026-09-28T00:06:09.589+0000] {processor.py:799} INFO - Processing file /home/airflow/.local/lib/python3.7/site-packages/airflow/example_dags/example_time_delta_sensor_async.py for tasks to queue
[2026-09-28T00:06:09.590+0000] {logging_mixin.py:149} INFO - [2026-09-28T00:06:09.590+0000] {dagbag.py:541} INFO - Filling up the DagBag from /home/airflow/.local/lib/python3.7/site-packages/airflow/example_dags/example_time_delta_sensor_async.py
[2026-09-28T00:06:09.596+0000] {processor.py:809} INFO - DAG(s) dict_keys(['example_time_delta_sensor_async']) retrieved from /home/airflow/.local/lib/python3.7/site-packages/airflow/example_dags/example_time_delta_sensor_async.py
[2026-09-28T00:06:09.646+0000] {logging_mixin.py:149} INFO - [2026-09-28T00:06:09.646+0000] {dag.py:2726} INFO - Sync 1 DAGs
[2026-09-28T00:06:09.690+0000] {logging_mixin.py:149} INFO - [2026-09-28T00:06:09.690+0000] {dag.py:3490} INFO - Setting next_dagrun for example_time_delta_sensor_async to None, run_after=None
[2026-09-28T00:06:09.720+0000] {processor.py:178} INFO - Processing /home/airflow/.local/lib/python3.7/site-packages/airflow/example_dags/example_time_delta_sensor_async.py took 0.139 seconds
[2026-09-28T00:06:40.728+0000] {processor.py:156} INFO - Started process (PID=27439) to work on /home/airflow/.local/lib/python3.7/site-packages/airflow/example_dags/example_time_delta_sensor_async.py
[2026-09-28T00:06:40.731+0000] {processor.py:799} INFO - Processing file /home/airflow/.local/lib/python3.7/site-packages/airflow/example_dags/example_time_delta_sensor_async.py for tasks to queue
[2026-09-28T00:06:40.732+0000] {logging_mixin.py:149} INFO - [2026-09-28T00:06:40.731+0000] {dagbag.py:541} INFO - Filling up the DagBag from /home/airflow/.local/lib/python3.7/site-packages/airflow/example_dags/example_time_delta_sensor_async.py
[2026-09-28T00:06:40.739+0000] {processor.py:809} INFO - DAG(s) dict_keys(['example_time_delta_sensor_async']) retrieved from /home/airflow/.local/lib/python3.7/site-packages/airflow/example_dags/example_time_delta_sensor_async.py
[2026-09-28T00:06:40.783+0000] {logging_mixin.py:149} INFO - [2026-09-28T00:06:40.782+0000] {dag.py:2726} INFO - Sync 1 DAGs
[2026-09-28T00:06:40.830+0000] {logging_mixin.py:149} INFO - [2026-09-28T00:06:40.830+0000] {dag.py:3490} INFO - Setting next_dagrun for example_time_delta_sensor_async to None, run_after=None
[2026-09-28T00:06:40.866+0000] {processor.py:178} INFO - Processing /home/airflow/.local/lib/python3.7/site-packages/airflow/example_dags/example_time_delta_sensor_async.py took 0.145 seconds
[2026-09-28T00:07:12.322+0000] {processor.py:156} INFO - Started process (PID=27505) to work on /home/airflow/.local/lib/python3.7/site-packages/airflow/example_dags/example_time_delta_sensor_async.py
[2026-09-28T00:07:12.329+0000] {processor.py:799} INFO - Processing file /home/airflow/.local/lib/python3.7/site-packages/airflow/example_dags/example_time_delta_sensor_async.py for tasks to queue
[2026-09-28T00:07:12.332+0000] {logging_mixin.py:149} INFO - [2026-09-28T00:07:12.330+0000] {dagbag.py:541} INFO - Filling up the DagBag from /home/airflow/.local/lib/python3.7/site-packages/airflow/example_dags/example_time_delta_sensor_async.py
[2026-09-28T00:07:12.350+0000] {processor.py:809} INFO - DAG(s) dict_keys(['example_time_delta_sensor_async']) retrieved from /home/airflow/.local/lib/python3.7/site-packages/airflow/example_dags/example_time_delta_sensor_async.py
[2026-09-28T00:07:12.420+0000] {logging_mixin.py:149} INFO - [2026-09-28T00:07:12.420+0000] {dag.py:2726} INFO - Sync 1 DAGs
[2026-09-28T00:07:12.475+0000] {logging_mixin.py:149} INFO - [2026-09-28T00:07:12.474+0000] {dag.py:3490} INFO - Setting next_dagrun for example_time_delta_sensor_async to None, run_after=None
[2026-09-28T00:07:12.513+0000] {processor.py:178} INFO - Processing /home/airflow/.local/lib/python3.7/site-packages/airflow/example_dags/example_time_delta_sensor_async.py took 0.223 seconds
[2026-09-28T00:07:43.180+0000] {processor.py:156} INFO - Started process (PID=27571) to work on /home/airflow/.local/lib/python3.7/site-packages/airflow/example_dags/example_time_delta_sensor_async.py
[2026-09-28T00:07:43.182+0000] {processor.py:799} INFO - Processing file /home/airflow/.local/lib/python3.7/site-packages/airflow/example_dags/example_time_delta_sensor_async.py for tasks to queue
[2026-09-28T00:07:43.183+0000] {logging_mixin.py:149} INFO - [2026-09-28T00:07:43.183+0000] {dagbag.py:541} INFO - Filling up the DagBag from /home/airflow/.local/lib/python3.7/site-packages/airflow/example_dags/example_time_delta_sensor_async.py
[2026-09-28T00:07:43.191+0000] {processor.py:809} INFO - DAG(s) dict_keys(['example_time_delta_sensor_async']) retrieved from /home/airflow/.local/lib/python3.7/site-packages/airflow/example_dags/example_time_delta_sensor_async.py
[2026-09-28T00:07:43.232+0000] {logging_mixin.py:149} INFO - [2026-09-28T00:07:43.231+0000] {dag.py:2726} INFO - Sync 1 DAGs
[2026-09-28T00:07:43.274+0000] {logging_mixin.py:149} INFO - [2026-09-28T00:07:43.274+0000] {dag.py:3490} INFO - Setting next_dagrun for example_time_delta_sensor_async to None, run_after=None
[2026-09-28T00:07:43.303+0000] {processor.py:178} INFO - Processing /home/airflow/.local/lib/python3.7/site-packages/airflow/example_dags/example_time_delta_sensor_async.py took 0.129 seconds
[2026-09-28T00:08:14.130+0000] {processor.py:156} INFO - Started process (PID=27629) to work on /home/airflow/.local/lib/python3.7/site-packages/airflow/example_dags/example_time_delta_sensor_async.py
[2026-09-28T00:08:14.134+0000] {processor.py:799} INFO - Processing file /home/airflow/.local/lib/python3.7/site-packages/airflow/example_dags/example_time_delta_sensor_async.py for tasks to queue
[2026-09-28T00:08:14.135+0000] {logging_mixin.py:149} INFO - [2026-09-28T00:08:14.135+0000] {dagbag.py:541} INFO - Filling up the DagBag from /home/airflow/.local/lib/python3.7/site-packages/airflow/example_dags/example_time_delta_sensor_async.py
[2026-09-28T00:08:14.144+0000] {processor.py:809} INFO - DAG(s) dict_keys(['example_time_delta_sensor_async']) retrieved from /home/airflow/.local/lib/python3.7/site-packages/airflow/example_dags/example_time_delta_sensor_async.py
[2026-09-28T00:08:14.192+0000] {logging_mixin.py:149} INFO - [2026-09-28T00:08:14.192+0000] {dag.py:2726} INFO - Sync 1 DAGs
[2026-09-28T00:08:14.243+0000] {logging_mixin.py:149} INFO - [2026-09-28T00:08:14.243+0000] {dag.py:3490} INFO - Setting next_dagrun for example_time_delta_sensor_async to None, run_after=None
[2026-09-28T00:08:14.274+0000] {processor.py:178} INFO - Processing /home/airflow/.local/lib/python3.7/site-packages/airflow/example_dags/example_time_delta_sensor_async.py took 0.152 seconds
[2026-09-28T00:08:45.408+0000] {processor.py:156} INFO - Started process (PID=27687) to work on /home/airflow/.local/lib/python3.7/site-packages/airflow/example_dags/example_time_delta_sensor_async.py
[2026-09-28T00:08:45.410+0000] {processor.py:799} INFO - Processing file /home/airflow/.local/lib/python3.7/site-packages/airflow/example_dags/example_time_delta_sensor_async.py for tasks to queue
[2026-09-28T00:08:45.411+0000] {logging_mixin.py:149} INFO - [2026-09-28T00:08:45.410+0000] {dagbag.py:541} INFO - Filling up the DagBag from /home/airflow/.local/lib/python3.7/site-packages/airflow/example_dags/example_time_delta_sensor_async.py
[2026-09-28T00:08:45.419+0000] {processor.py:809} INFO - DAG(s) dict_keys(['example_time_delta_sensor_async']) retrieved from /home/airflow/.local/lib/python3.7/site-packages/airflow/example_dags/example_time_delta_sensor_async.py
[2026-09-28T00:08:45.461+0000] {logging_mixin.py:149} INFO - [2026-09-28T00:08:45.461+0000] {dag.py:2726} INFO - Sync 1 DAGs
[2026-09-28T00:08:45.502+0000] {logging_mixin.py:149} INFO - [2026-09-28T00:08:45.502+0000] {dag.py:3490} INFO - Setting next_dagrun for example_time_delta_sensor_async to None, run_after=None
[2026-09-28T00:08:45.536+0000] {processor.py:178} INFO - Processing /home/airflow/.local/lib/python3.7/site-packages/airflow/example_dags/example_time_delta_sensor_async.py took 0.135 seconds
[2026-09-28T00:09:16.552+0000] {processor.py:156} INFO - Started process (PID=27745) to work on /home/airflow/.local/lib/python3.7/site-packages/airflow/example_dags/example_time_delta_sensor_async.py
[2026-09-28T00:09:16.553+0000] {processor.py:799} INFO - Processing file /home/airflow/.local/lib/python3.7/site-packages/airflow/example_dags/example_time_delta_sensor_async.py for tasks to queue
[2026-09-28T00:09:16.554+0000] {logging_mixin.py:149} INFO - [2026-09-28T00:09:16.554+0000] {dagbag.py:541} INFO - Filling up the DagBag from /home/airflow/.local/lib/python3.7/site-packages/airflow/example_dags/example_time_delta_sensor_async.py
[2026-09-28T00:09:16.562+0000] {processor.py:809} INFO - DAG(s) dict_keys(['example_time_delta_sensor_async']) retrieved from /home/airflow/.local/lib/python3.7/site-packages/airflow/example_dags/example_time_delta_sensor_async.py
[2026-09-28T00:09:16.614+0000] {logging_mixin.py:149} INFO - [2026-09-28T00:09:16.613+0000] {dag.py:2726} INFO - Sync 1 DAGs
[2026-09-28T00:09:16.665+0000] {logging_mixin.py:149} INFO - [2026-09-28T00:09:16.665+0000] {dag.py:3490} INFO - Setting next_dagrun for example_time_delta_sensor_async to None, run_after=None
[2026-09-28T00:09:16.693+0000] {processor.py:178} INFO - Processing /home/airflow/.local/lib/python3.7/site-packages/airflow/example_dags/example_time_delta_sensor_async.py took 0.148 seconds
[2026-09-28T00:09:47.411+0000] {processor.py:156} INFO - Started process (PID=27803) to work on /home/airflow/.local/lib/python3.7/site-packages/airflow/example_dags/example_time_delta_sensor_async.py
[2026-09-28T00:09:47.413+0000] {processor.py:799} INFO - Processing file /home/airflow/.local/lib/python3.7/site-packages/airflow/example_dags/example_time_delta_sensor_async.py for tasks to queue
[2026-09-28T00:09:47.415+0000] {logging_mixin.py:149} INFO - [2026-09-28T00:09:47.415+0000] {dagbag.py:541} INFO - Filling up the DagBag from /home/airflow/.local/lib/python3.7/site-packages/airflow/example_dags/example_time_delta_sensor_async.py
[2026-09-28T00:09:47.423+0000] {processor.py:809} INFO - DAG(s) dict_keys(['example_time_delta_sensor_async']) retrieved from /home/airflow/.local/lib/python3.7/site-packages/airflow/example_dags/example_time_delta_sensor_async.py
[2026-09-28T00:09:47.467+0000] {logging_mixin.py:149} INFO - [2026-09-28T00:09:47.467+0000] {dag.py:2726} INFO - Sync 1 DAGs
[2026-09-28T00:09:47.508+0000] {logging_mixin.py:149} INFO - [2026-09-28T00:09:47.507+0000] {dag.py:3490} INFO - Setting next_dagrun for example_time_delta_sensor_async to None, run_after=None
[2026-09-28T00:09:47.541+0000] {processor.py:178} INFO - Processing /home/airflow/.local/lib/python3.7/site-packages/airflow/example_dags/example_time_delta_sensor_async.py took 0.136 seconds
[2026-09-28T00:10:18.432+0000] {processor.py:156} INFO - Started process (PID=27861) to work on /home/airflow/.local/lib/python3.7/site-packages/airflow/example_dags/example_time_delta_sensor_async.py
[2026-09-28T00:10:18.434+0000] {processor.py:799} INFO - Processing file /home/airflow/.local/lib/python3.7/site-packages/airflow/example_dags/example_time_delta_sensor_async.py for tasks to queue
[2026-09-28T00:10:18.435+0000] {logging_mixin.py:149} INFO - [2026-09-28T00:10:18.434+0000] {dagbag.py:541} INFO - Filling up the DagBag from /home/airflow/.local/lib/python3.7/site-packages/airflow/example_dags/example_time_delta_sensor_async.py
[2026-09-28T00:10:18.443+0000] {processor.py:809} INFO - DAG(s) dict_keys(['example_time_delta_sensor_async']) retrieved from /home/airflow/.local/lib/python3.7/site-packages/airflow/example_dags/example_time_delta_sensor_async.py
[2026-09-28T00:10:18.486+0000] {logging_mixin.py:149} INFO - [2026-09-28T00:10:18.486+0000] {dag.py:2726} INFO - Sync 1 DAGs
[2026-09-28T00:10:18.531+0000] {logging_mixin.py:149} INFO - [2026-09-28T00:10:18.531+0000] {dag.py:3490} INFO - Setting next_dagrun for example_time_delta_sensor_async to None, run_after=None
[2026-09-28T00:10:18.559+0000] {processor.py:178} INFO - Processing /home/airflow/.local/lib/python3.7/site-packages/airflow/example_dags/example_time_delta_sensor_async.py took 0.133 seconds
[2026-09-28T00:10:49.042+0000] {processor.py:156} INFO - Started process (PID=27919) to work on /home/airflow/.local/lib/python3.7/site-packages/airflow/example_dags/example_time_delta_sensor_async.py
[2026-09-28T00:10:49.044+0000] {processor.py:799} INFO - Processing file /home/airflow/.local/lib/python3.7/site-packages/airflow/example_dags/example_time_delta_sensor_async.py for tasks to queue
[2026-09-28T00:10:49.046+0000] {logging_mixin.py:149} INFO - [2026-09-28T00:10:49.045+0000] {dagbag.py:541} INFO - Filling up the DagBag from /home/airflow/.local/lib/python3.7/site-packages/airflow/example_dags/example_time_delta_sensor_async.py
[2026-09-28T00:10:49.053+0000] {processor.py:809} INFO - DAG(s) dict_keys(['example_time_delta_sensor_async']) retrieved from /home/airflow/.local/lib/python3.7/site-packages/airflow/example_dags/example_time_delta_sensor_async.py
[2026-09-28T00:10:49.099+0000] {logging_mixin.py:149} INFO - [2026-09-28T00:10:49.098+0000] {dag.py:2726} INFO - Sync 1 DAGs
[2026-09-28T00:10:49.143+0000] {logging_mixin.py:149} INFO - [2026-09-28T00:10:49.143+0000] {dag.py:3490} INFO - Setting next_dagrun for example_time_delta_sensor_async to None, run_after=None
[2026-09-28T00:10:49.191+0000] {processor.py:178} INFO - Processing /home/airflow/.local/lib/python3.7/site-packages/airflow/example_dags/example_time_delta_sensor_async.py took 0.156 seconds
[2026-09-28T00:11:19.603+0000] {processor.py:156} INFO - Started process (PID=27977) to work on /home/airflow/.local/lib/python3.7/site-packages/airflow/example_dags/example_time_delta_sensor_async.py
[2026-09-28T00:11:19.604+0000] {processor.py:799} INFO - Processing file /home/airflow/.local/lib/python3.7/site-packages/airflow/example_dags/example_time_delta_sensor_async.py for tasks to queue
[2026-09-28T00:11:19.605+0000] {logging_mixin.py:149} INFO - [2026-09-28T00:11:19.605+0000] {dagbag.py:541} INFO - Filling up the DagBag from /home/airflow/.local/lib/python3.7/site-packages/airflow/example_dags/example_time_delta_sensor_async.py
[2026-09-28T00:11:19.613+0000] {processor.py:809} INFO - DAG(s) dict_keys(['example_time_delta_sensor_async']) retrieved from /home/airflow/.local/lib/python3.7/site-packages/airflow/example_dags/example_time_delta_sensor_async.py
[2026-09-28T00:11:19.657+0000] {logging_mixin.py:149} INFO - [2026-09-28T00:11:19.656+0000] {dag.py:2726} INFO - Sync 1 DAGs
[2026-09-28T00:11:19.699+0000] {logging_mixin.py:149} INFO - [2026-09-28T00:11:19.699+0000] {dag.py:3490} INFO - Setting next_dagrun for example_time_delta_sensor_async to None, run_after=None
[2026-09-28T00:11:19.730+0000] {processor.py:178} INFO - Processing /home/airflow/.local/lib/python3.7/site-packages/airflow/example_dags/example_time_delta_sensor_async.py took 0.134 seconds
[2026-09-28T00:11:50.343+0000] {processor.py:156} INFO - Started process (PID=28035) to work on /home/airflow/.local/lib/python3.7/site-packages/airflow/example_dags/example_time_delta_sensor_async.py
[2026-09-28T00:11:50.345+0000] {processor.py:799} INFO - Processing file /home/airflow/.local/lib/python3.7/site-packages/airflow/example_dags/example_time_delta_sensor_async.py for tasks to queue
[2026-09-28T00:11:50.347+0000] {logging_mixin.py:149} INFO - [2026-09-28T00:11:50.346+0000] {dagbag.py:541} INFO - Filling up the DagBag from /home/airflow/.local/lib/python3.7/site-packages/airflow/example_dags/example_time_delta_sensor_async.py
[2026-09-28T00:11:50.354+0000] {processor.py:809} INFO - DAG(s) dict_keys(['example_time_delta_sensor_async']) retrieved from /home/airflow/.local/lib/python3.7/site-packages/airflow/example_dags/example_time_delta_sensor_async.py
[2026-09-28T00:11:50.398+0000] {logging_mixin.py:149} INFO - [2026-09-28T00:11:50.398+0000] {dag.py:2726} INFO - Sync 1 DAGs
[2026-09-28T00:11:50.441+0000] {logging_mixin.py:149} INFO - [2026-09-28T00:11:50.440+0000] {dag.py:3490} INFO - Setting next_dagrun for example_time_delta_sensor_async to None, run_after=None
[2026-09-28T00:11:50.469+0000] {processor.py:178} INFO - Processing /home/airflow/.local/lib/python3.7/site-packages/airflow/example_dags/example_time_delta_sensor_async.py took 0.134 seconds
[2026-09-28T00:12:21.060+0000] {processor.py:156} INFO - Started process (PID=28093) to work on /home/airflow/.local/lib/python3.7/site-packages/airflow/example_dags/example_time_delta_sensor_async.py
[2026-09-28T00:12:21.062+0000] {processor.py:799} INFO - Processing file /home/airflow/.local/lib/python3.7/site-packages/airflow/example_dags/example_time_delta_sensor_async.py for tasks to queue
[2026-09-28T00:12:21.063+0000] {logging_mixin.py:149} INFO - [2026-09-28T00:12:21.063+0000] {dagbag.py:541} INFO - Filling up the DagBag from /home/airflow/.local/lib/python3.7/site-packages/airflow/example_dags/example_time_delta_sensor_async.py
[2026-09-28T00:12:21.072+0000] {processor.py:809} INFO - DAG(s) dict_keys(['example_time_delta_sensor_async']) retrieved from /home/airflow/.local/lib/python3.7/site-packages/airflow/example_dags/example_time_delta_sensor_async.py
[2026-09-28T00:12:21.119+0000] {logging_mixin.py:149} INFO - [2026-09-28T00:12:21.119+0000] {dag.py:2726} INFO - Sync 1 DAGs
[2026-09-28T00:12:21.170+0000] {logging_mixin.py:149} INFO - [2026-09-28T00:12:21.170+0000] {dag.py:3490} INFO - Setting next_dagrun for example_time_delta_sensor_async to None, run_after=None
[2026-09-28T00:12:21.206+0000] {processor.py:178} INFO - Processing /home/airflow/.local/lib/python3.7/site-packages/airflow/example_dags/example_time_delta_sensor_async.py took 0.153 seconds
[2026-09-28T00:12:52.239+0000] {processor.py:156} INFO - Started process (PID=28151) to work on /home/airflow/.local/lib/python3.7/site-packages/airflow/example_dags/example_time_delta_sensor_async.py
[2026-09-28T00:12:52.241+0000] {processor.py:799} INFO - Processing file /home/airflow/.local/lib/python3.7/site-packages/airflow/example_dags/example_time_delta_sensor_async.py for tasks to queue
[2026-09-28T00:12:52.242+0000] {logging_mixin.py:149} INFO - [2026-09-28T00:12:52.241+0000] {dagbag.py:541} INFO - Filling up the DagBag from /home/airflow/.local/lib/python3.7/site-packages/airflow/example_dags/example_time_delta_sensor_async.py
[2026-09-28T00:12:52.249+0000] {processor.py:809} INFO - DAG(s) dict_keys(['example_time_delta_sensor_async']) retrieved from /home/airflow/.local/lib/python3.7/site-packages/airflow/example_dags/example_time_delta_sensor_async.py
[2026-09-28T00:12:52.290+0000] {logging_mixin.py:149} INFO - [2026-09-28T00:12:52.290+0000] {dag.py:2726} INFO - Sync 1 DAGs
[2026-09-28T00:12:52.335+0000] {logging_mixin.py:149} INFO - [2026-09-28T00:12:52.335+0000] {dag.py:3490} INFO - Setting next_dagrun for example_time_delta_sensor_async to None, run_after=None
[2026-09-28T00:12:52.364+0000] {processor.py:178} INFO - Processing /home/airflow/.local/lib/python3.7/site-packages/airflow/example_dags/example_time_delta_sensor_async.py took 0.131 seconds
[2026-09-28T00:13:22.862+0000] {processor.py:156} INFO - Started process (PID=28221) to work on /home/airflow/.local/lib/python3.7/site-packages/airflow/example_dags/example_time_delta_sensor_async.py
[2026-09-28T00:13:22.864+0000] {processor.py:799} INFO - Processing file /home/airflow/.local/lib/python3.7/site-packages/airflow/example_dags/example_time_delta_sensor_async.py for tasks to queue
[2026-09-28T00:13:22.865+0000] {logging_mixin.py:149} INFO - [2026-09-28T00:13:22.865+0000] {dagbag.py:541} INFO - Filling up the DagBag from /home/airflow/.local/lib/python3.7/site-packages/airflow/example_dags/example_time_delta_sensor_async.py
[2026-09-28T00:13:22.873+0000] {processor.py:809} INFO - DAG(s) dict_keys(['example_time_delta_sensor_async']) retrieved from /home/airflow/.local/lib/python3.7/site-packages/airflow/example_dags/example_time_delta_sensor_async.py
[2026-09-28T00:13:22.921+0000] {logging_mixin.py:149} INFO - [2026-09-28T00:13:22.921+0000] {dag.py:2726} INFO - Sync 1 DAGs
[2026-09-28T00:13:22.971+0000] {logging_mixin.py:149} INFO - [2026-09-28T00:13:22.971+0000] {dag.py:3490} INFO - Setting next_dagrun for example_time_delta_sensor_async to None, run_after=None
[2026-09-28T00:13:23.018+0000] {processor.py:178} INFO - Processing /home/airflow/.local/lib/python3.7/site-packages/airflow/example_dags/example_time_delta_sensor_async.py took 0.163 seconds
[2026-09-28T00:13:53.413+0000] {processor.py:156} INFO - Started process (PID=28291) to work on /home/airflow/.local/lib/python3.7/site-packages/airflow/example_dags/example_time_delta_sensor_async.py
[2026-09-28T00:13:53.416+0000] {processor.py:799} INFO - Processing file /home/airflow/.local/lib/python3.7/site-packages/airflow/example_dags/example_time_delta_sensor_async.py for tasks to queue
[2026-09-28T00:13:53.417+0000] {logging_mixin.py:149} INFO - [2026-09-28T00:13:53.417+0000] {dagbag.py:541} INFO - Filling up the DagBag from /home/airflow/.local/lib/python3.7/site-packages/airflow/example_dags/example_time_delta_sensor_async.py
[2026-09-28T00:13:53.427+0000] {processor.py:809} INFO - DAG(s) dict_keys(['example_time_delta_sensor_async']) retrieved from /home/airflow/.local/lib/python3.7/site-packages/airflow/example_dags/example_time_delta_sensor_async.py
[2026-09-28T00:13:53.486+0000] {logging_mixin.py:149} INFO - [2026-09-28T00:13:53.485+0000] {dag.py:2726} INFO - Sync 1 DAGs
[2026-09-28T00:13:53.536+0000] {logging_mixin.py:149} INFO - [2026-09-28T00:13:53.535+0000] {dag.py:3490} INFO - Setting next_dagrun for example_time_delta_sensor_async to None, run_after=None
[2026-09-28T00:13:53.574+0000] {processor.py:178} INFO - Processing /home/airflow/.local/lib/python3.7/site-packages/airflow/example_dags/example_time_delta_sensor_async.py took 0.168 seconds
[2026-09-28T00:14:24.428+0000] {processor.py:156} INFO - Started process (PID=28349) to work on /home/airflow/.local/lib/python3.7/site-packages/airflow/example_dags/example_time_delta_sensor_async.py
[2026-09-28T00:14:24.429+0000] {processor.py:799} INFO - Processing file /home/airflow/.local/lib/python3.7/site-packages/airflow/example_dags/example_time_delta_sensor_async.py for tasks to queue
[2026-09-28T00:14:24.431+0000] {logging_mixin.py:149} INFO - [2026-09-28T00:14:24.430+0000] {dagbag.py:541} INFO - Filling up the DagBag from /home/airflow/.local/lib/python3.7/site-packages/airflow/example_dags/example_time_delta_sensor_async.py
[2026-09-28T00:14:24.439+0000] {processor.py:809} INFO - DAG(s) dict_keys(['example_time_delta_sensor_async']) retrieved from /home/airflow/.local/lib/python3.7/site-packages/airflow/example_dags/example_time_delta_sensor_async.py
[2026-09-28T00:14:24.494+0000] {logging_mixin.py:149} INFO - [2026-09-28T00:14:24.494+0000] {dag.py:2726} INFO - Sync 1 DAGs
[2026-09-28T00:14:24.544+0000] {logging_mixin.py:149} INFO - [2026-09-28T00:14:24.543+0000] {dag.py:3490} INFO - Setting next_dagrun for example_time_delta_sensor_async to None, run_after=None
[2026-09-28T00:14:24.575+0000] {processor.py:178} INFO - Processing /home/airflow/.local/lib/python3.7/site-packages/airflow/example_dags/example_time_delta_sensor_async.py took 0.153 seconds
[2026-09-28T00:14:55.880+0000] {processor.py:156} INFO - Started process (PID=28406) to work on /home/airflow/.local/lib/python3.7/site-packages/airflow/example_dags/example_time_delta_sensor_async.py
[2026-09-28T00:14:55.883+0000] {processor.py:799} INFO - Processing file /home/airflow/.local/lib/python3.7/site-packages/airflow/example_dags/example_time_delta_sensor_async.py for tasks to queue
[2026-09-28T00:14:55.883+0000] {logging_mixin.py:149} INFO - [2026-09-28T00:14:55.883+0000] {dagbag.py:541} INFO - Filling up the DagBag from /home/airflow/.local/lib/python3.7/site-packages/airflow/example_dags/example_time_delta_sensor_async.py
[2026-09-28T00:14:55.892+0000] {processor.py:809} INFO - DAG(s) dict_keys(['example_time_delta_sensor_async']) retrieved from /home/airflow/.local/lib/python3.7/site-packages/airflow/example_dags/example_time_delta_sensor_async.py
[2026-09-28T00:14:55.937+0000] {logging_mixin.py:149} INFO - [2026-09-28T00:14:55.937+0000] {dag.py:2726} INFO - Sync 1 DAGs
[2026-09-28T00:14:56.183+0000] {logging_mixin.py:149} INFO - [2026-09-28T00:14:56.183+0000] {dag.py:3490} INFO - Setting next_dagrun for example_time_delta_sensor_async to None, run_after=None
[2026-09-28T00:14:56.208+0000] {processor.py:178} INFO - Processing /home/airflow/.local/lib/python3.7/site-packages/airflow/example_dags/example_time_delta_sensor_async.py took 0.333 seconds
[2026-09-28T00:15:26.521+0000] {processor.py:156} INFO - Started process (PID=28464) to work on /home/airflow/.local/lib/python3.7/site-packages/airflow/example_dags/example_time_delta_sensor_async.py
[2026-09-28T00:15:26.523+0000] {processor.py:799} INFO - Processing file /home/airflow/.local/lib/python3.7/site-packages/airflow/example_dags/example_time_delta_sensor_async.py for tasks to queue
[2026-09-28T00:15:26.524+0000] {logging_mixin.py:149} INFO - [2026-09-28T00:15:26.523+0000] {dagbag.py:541} INFO - Filling up the DagBag from /home/airflow/.local/lib/python3.7/site-packages/airflow/example_dags/example_time_delta_sensor_async.py
[2026-09-28T00:15:26.530+0000] {processor.py:809} INFO - DAG(s) dict_keys(['example_time_delta_sensor_async']) retrieved from /home/airflow/.local/lib/python3.7/site-packages/airflow/example_dags/example_time_delta_sensor_async.py
[2026-09-28T00:15:26.571+0000] {logging_mixin.py:149} INFO - [2026-09-28T00:15:26.570+0000] {dag.py:2726} INFO - Sync 1 DAGs
[2026-09-28T00:15:26.614+0000] {logging_mixin.py:149} INFO - [2026-09-28T00:15:26.614+0000] {dag.py:3490} INFO - Setting next_dagrun for example_time_delta_sensor_async to None, run_after=None
[2026-09-28T00:15:26.828+0000] {processor.py:178} INFO - Processing /home/airflow/.local/lib/python3.7/site-packages/airflow/example_dags/example_time_delta_sensor_async.py took 0.312 seconds
[2026-09-28T00:15:57.992+0000] {processor.py:156} INFO - Started process (PID=28522) to work on /home/airflow/.local/lib/python3.7/site-packages/airflow/example_dags/example_time_delta_sensor_async.py
[2026-09-28T00:15:57.994+0000] {processor.py:799} INFO - Processing file /home/airflow/.local/lib/python3.7/site-packages/airflow/example_dags/example_time_delta_sensor_async.py for tasks to queue
[2026-09-28T00:15:57.995+0000] {logging_mixin.py:149} INFO - [2026-09-28T00:15:57.995+0000] {dagbag.py:541} INFO - Filling up the DagBag from /home/airflow/.local/lib/python3.7/site-packages/airflow/example_dags/example_time_delta_sensor_async.py
[2026-09-28T00:15:58.007+0000] {processor.py:809} INFO - DAG(s) dict_keys(['example_time_delta_sensor_async']) retrieved from /home/airflow/.local/lib/python3.7/site-packages/airflow/example_dags/example_time_delta_sensor_async.py
[2026-09-28T00:15:58.053+0000] {logging_mixin.py:149} INFO - [2026-09-28T00:15:58.053+0000] {dag.py:2726} INFO - Sync 1 DAGs
[2026-09-28T00:15:58.098+0000] {logging_mixin.py:149} INFO - [2026-09-28T00:15:58.098+0000] {dag.py:3490} INFO - Setting next_dagrun for example_time_delta_sensor_async to None, run_after=None
[2026-09-28T00:15:58.128+0000] {processor.py:178} INFO - Processing /home/airflow/.local/lib/python3.7/site-packages/airflow/example_dags/example_time_delta_sensor_async.py took 0.145 seconds
[2026-09-28T00:16:28.483+0000] {processor.py:156} INFO - Started process (PID=28580) to work on /home/airflow/.local/lib/python3.7/site-packages/airflow/example_dags/example_time_delta_sensor_async.py
[2026-09-28T00:16:28.485+0000] {processor.py:799} INFO - Processing file /home/airflow/.local/lib/python3.7/site-packages/airflow/example_dags/example_time_delta_sensor_async.py for tasks to queue
[2026-09-28T00:16:28.486+0000] {logging_mixin.py:149} INFO - [2026-09-28T00:16:28.485+0000] {dagbag.py:541} INFO - Filling up the DagBag from /home/airflow/.local/lib/python3.7/site-packages/airflow/example_dags/example_time_delta_sensor_async.py
[2026-09-28T00:16:28.494+0000] {processor.py:809} INFO - DAG(s) dict_keys(['example_time_delta_sensor_async']) retrieved from /home/airflow/.local/lib/python3.7/site-packages/airflow/example_dags/example_time_delta_sensor_async.py
[2026-09-28T00:16:28.544+0000] {logging_mixin.py:149} INFO - [2026-09-28T00:16:28.544+0000] {dag.py:2726} INFO - Sync 1 DAGs
[2026-09-28T00:16:28.588+0000] {logging_mixin.py:149} INFO - [2026-09-28T00:16:28.588+0000] {dag.py:3490} INFO - Setting next_dagrun for example_time_delta_sensor_async to None, run_after=None
[2026-09-28T00:16:28.652+0000] {processor.py:178} INFO - Processing /home/airflow/.local/lib/python3.7/site-packages/airflow/example_dags/example_time_delta_sensor_async.py took 0.175 seconds
[2026-09-28T00:16:59.690+0000] {processor.py:156} INFO - Started process (PID=28639) to work on /home/airflow/.local/lib/python3.7/site-packages/airflow/example_dags/example_time_delta_sensor_async.py
[2026-09-28T00:16:59.695+0000] {processor.py:799} INFO - Processing file /home/airflow/.local/lib/python3.7/site-packages/airflow/example_dags/example_time_delta_sensor_async.py for tasks to queue
[2026-09-28T00:16:59.696+0000] {logging_mixin.py:149} INFO - [2026-09-28T00:16:59.696+0000] {dagbag.py:541} INFO - Filling up the DagBag from /home/airflow/.local/lib/python3.7/site-packages/airflow/example_dags/example_time_delta_sensor_async.py
[2026-09-28T00:16:59.704+0000] {processor.py:809} INFO - DAG(s) dict_keys(['example_time_delta_sensor_async']) retrieved from /home/airflow/.local/lib/python3.7/site-packages/airflow/example_dags/example_time_delta_sensor_async.py
[2026-09-28T00:16:59.750+0000] {logging_mixin.py:149} INFO - [2026-09-28T00:16:59.749+0000] {dag.py:2726} INFO - Sync 1 DAGs
[2026-09-28T00:16:59.793+0000] {logging_mixin.py:149} INFO - [2026-09-28T00:16:59.793+0000] {dag.py:3490} INFO - Setting next_dagrun for example_time_delta_sensor_async to None, run_after=None
[2026-09-28T00:16:59.826+0000] {processor.py:178} INFO - Processing /home/airflow/.local/lib/python3.7/site-packages/airflow/example_dags/example_time_delta_sensor_async.py took 0.141 seconds
[2026-09-28T00:17:30.357+0000] {processor.py:156} INFO - Started process (PID=28699) to work on /home/airflow/.local/lib/python3.7/site-packages/airflow/example_dags/example_time_delta_sensor_async.py
[2026-09-28T00:17:30.358+0000] {processor.py:799} INFO - Processing file /home/airflow/.local/lib/python3.7/site-packages/airflow/example_dags/example_time_delta_sensor_async.py for tasks to queue
[2026-09-28T00:17:30.359+0000] {logging_mixin.py:149} INFO - [2026-09-28T00:17:30.359+0000] {dagbag.py:541} INFO - Filling up the DagBag from /home/airflow/.local/lib/python3.7/site-packages/airflow/example_dags/example_time_delta_sensor_async.py
[2026-09-28T00:17:30.365+0000] {processor.py:809} INFO - DAG(s) dict_keys(['example_time_delta_sensor_async']) retrieved from /home/airflow/.local/lib/python3.7/site-packages/airflow/example_dags/example_time_delta_sensor_async.py
[2026-09-28T00:17:30.411+0000] {logging_mixin.py:149} INFO - [2026-09-28T00:17:30.411+0000] {dag.py:2726} INFO - Sync 1 DAGs
[2026-09-28T00:17:30.463+0000] {logging_mixin.py:149} INFO - [2026-09-28T00:17:30.462+0000] {dag.py:3490} INFO - Setting next_dagrun for example_time_delta_sensor_async to None, run_after=None
[2026-09-28T00:17:30.494+0000] {processor.py:178} INFO - Processing /home/airflow/.local/lib/python3.7/site-packages/airflow/example_dags/example_time_delta_sensor_async.py took 0.143 seconds
[2026-09-28T00:18:00.789+0000] {processor.py:156} INFO - Started process (PID=28764) to work on /home/airflow/.local/lib/python3.7/site-packages/airflow/example_dags/example_time_delta_sensor_async.py
[2026-09-28T00:18:00.791+0000] {processor.py:799} INFO - Processing file /home/airflow/.local/lib/python3.7/site-packages/airflow/example_dags/example_time_delta_sensor_async.py for tasks to queue
[2026-09-28T00:18:00.792+0000] {logging_mixin.py:149} INFO - [2026-09-28T00:18:00.792+0000] {dagbag.py:541} INFO - Filling up the DagBag from /home/airflow/.local/lib/python3.7/site-packages/airflow/example_dags/example_time_delta_sensor_async.py
[2026-09-28T00:18:00.798+0000] {processor.py:809} INFO - DAG(s) dict_keys(['example_time_delta_sensor_async']) retrieved from /home/airflow/.local/lib/python3.7/site-packages/airflow/example_dags/example_time_delta_sensor_async.py
[2026-09-28T00:18:00.862+0000] {logging_mixin.py:149} INFO - [2026-09-28T00:18:00.861+0000] {dag.py:2726} INFO - Sync 1 DAGs
[2026-09-28T00:18:00.908+0000] {logging_mixin.py:149} INFO - [2026-09-28T00:18:00.907+0000] {dag.py:3490} INFO - Setting next_dagrun for example_time_delta_sensor_async to None, run_after=None
[2026-09-28T00:18:00.940+0000] {processor.py:178} INFO - Processing /home/airflow/.local/lib/python3.7/site-packages/airflow/example_dags/example_time_delta_sensor_async.py took 0.156 seconds
[2026-09-28T00:18:31.126+0000] {processor.py:156} INFO - Started process (PID=28823) to work on /home/airflow/.local/lib/python3.7/site-packages/airflow/example_dags/example_time_delta_sensor_async.py
[2026-09-28T00:18:31.128+0000] {processor.py:799} INFO - Processing file /home/airflow/.local/lib/python3.7/site-packages/airflow/example_dags/example_time_delta_sensor_async.py for tasks to queue
[2026-09-28T00:18:31.129+0000] {logging_mixin.py:149} INFO - [2026-09-28T00:18:31.129+0000] {dagbag.py:541} INFO - Filling up the DagBag from /home/airflow/.local/lib/python3.7/site-packages/airflow/example_dags/example_time_delta_sensor_async.py
[2026-09-28T00:18:31.140+0000] {processor.py:809} INFO - DAG(s) dict_keys(['example_time_delta_sensor_async']) retrieved from /home/airflow/.local/lib/python3.7/site-packages/airflow/example_dags/example_time_delta_sensor_async.py
[2026-09-28T00:18:31.191+0000] {logging_mixin.py:149} INFO - [2026-09-28T00:18:31.190+0000] {dag.py:2726} INFO - Sync 1 DAGs
[2026-09-28T00:18:31.239+0000] {logging_mixin.py:149} INFO - [2026-09-28T00:18:31.239+0000] {dag.py:3490} INFO - Setting next_dagrun for example_time_delta_sensor_async to None, run_after=None
[2026-09-28T00:18:31.269+0000] {processor.py:178} INFO - Processing /home/airflow/.local/lib/python3.7/site-packages/airflow/example_dags/example_time_delta_sensor_async.py took 0.151 seconds
[2026-09-28T00:19:01.587+0000] {processor.py:156} INFO - Started process (PID=28881) to work on /home/airflow/.local/lib/python3.7/site-packages/airflow/example_dags/example_time_delta_sensor_async.py
[2026-09-28T00:19:01.589+0000] {processor.py:799} INFO - Processing file /home/airflow/.local/lib/python3.7/site-packages/airflow/example_dags/example_time_delta_sensor_async.py for tasks to queue
[2026-09-28T00:19:01.590+0000] {logging_mixin.py:149} INFO - [2026-09-28T00:19:01.590+0000] {dagbag.py:541} INFO - Filling up the DagBag from /home/airflow/.local/lib/python3.7/site-packages/airflow/example_dags/example_time_delta_sensor_async.py
[2026-09-28T00:19:01.598+0000] {processor.py:809} INFO - DAG(s) dict_keys(['example_time_delta_sensor_async']) retrieved from /home/airflow/.local/lib/python3.7/site-packages/airflow/example_dags/example_time_delta_sensor_async.py
[2026-09-28T00:19:01.641+0000] {logging_mixin.py:149} INFO - [2026-09-28T00:19:01.640+0000] {dag.py:2726} INFO - Sync 1 DAGs
[2026-09-28T00:19:01.684+0000] {logging_mixin.py:149} INFO - [2026-09-28T00:19:01.684+0000] {dag.py:3490} INFO - Setting next_dagrun for example_time_delta_sensor_async to None, run_after=None
[2026-09-28T00:19:01.714+0000] {processor.py:178} INFO - Processing /home/airflow/.local/lib/python3.7/site-packages/airflow/example_dags/example_time_delta_sensor_async.py took 0.133 seconds
[2026-09-28T00:19:31.953+0000] {processor.py:156} INFO - Started process (PID=28940) to work on /home/airflow/.local/lib/python3.7/site-packages/airflow/example_dags/example_time_delta_sensor_async.py
[2026-09-28T00:19:31.954+0000] {processor.py:799} INFO - Processing file /home/airflow/.local/lib/python3.7/site-packages/airflow/example_dags/example_time_delta_sensor_async.py for tasks to queue
[2026-09-28T00:19:31.956+0000] {logging_mixin.py:149} INFO - [2026-09-28T00:19:31.955+0000] {dagbag.py:541} INFO - Filling up the DagBag from /home/airflow/.local/lib/python3.7/site-packages/airflow/example_dags/example_time_delta_sensor_async.py
[2026-09-28T00:19:31.967+0000] {processor.py:809} INFO - DAG(s) dict_keys(['example_time_delta_sensor_async']) retrieved from /home/airflow/.local/lib/python3.7/site-packages/airflow/example_dags/example_time_delta_sensor_async.py
[2026-09-28T00:19:32.011+0000] {logging_mixin.py:149} INFO - [2026-09-28T00:19:32.011+0000] {dag.py:2726} INFO - Sync 1 DAGs
[2026-09-28T00:19:32.061+0000] {logging_mixin.py:149} INFO - [2026-09-28T00:19:32.060+0000] {dag.py:3490} INFO - Setting next_dagrun for example_time_delta_sensor_async to None, run_after=None
[2026-09-28T00:19:32.095+0000] {processor.py:178} INFO - Processing /home/airflow/.local/lib/python3.7/site-packages/airflow/example_dags/example_time_delta_sensor_async.py took 0.149 seconds
[2026-09-28T00:20:02.468+0000] {processor.py:156} INFO - Started process (PID=28999) to work on /home/airflow/.local/lib/python3.7/site-packages/airflow/example_dags/example_time_delta_sensor_async.py
[2026-09-28T00:20:02.471+0000] {processor.py:799} INFO - Processing file /home/airflow/.local/lib/python3.7/site-packages/airflow/example_dags/example_time_delta_sensor_async.py for tasks to queue
[2026-09-28T00:20:02.472+0000] {logging_mixin.py:149} INFO - [2026-09-28T00:20:02.472+0000] {dagbag.py:541} INFO - Filling up the DagBag from /home/airflow/.local/lib/python3.7/site-packages/airflow/example_dags/example_time_delta_sensor_async.py
[2026-09-28T00:20:02.481+0000] {processor.py:809} INFO - DAG(s) dict_keys(['example_time_delta_sensor_async']) retrieved from /home/airflow/.local/lib/python3.7/site-packages/airflow/example_dags/example_time_delta_sensor_async.py
[2026-09-28T00:20:02.529+0000] {logging_mixin.py:149} INFO - [2026-09-28T00:20:02.529+0000] {dag.py:2726} INFO - Sync 1 DAGs
[2026-09-28T00:20:02.576+0000] {logging_mixin.py:149} INFO - [2026-09-28T00:20:02.576+0000] {dag.py:3490} INFO - Setting next_dagrun for example_time_delta_sensor_async to None, run_after=None
[2026-09-28T00:20:02.607+0000] {processor.py:178} INFO - Processing /home/airflow/.local/lib/python3.7/site-packages/airflow/example_dags/example_time_delta_sensor_async.py took 0.147 seconds
[2026-09-28T00:20:32.800+0000] {processor.py:156} INFO - Started process (PID=29067) to work on /home/airflow/.local/lib/python3.7/site-packages/airflow/example_dags/example_time_delta_sensor_async.py
[2026-09-28T00:20:32.801+0000] {processor.py:799} INFO - Processing file /home/airflow/.local/lib/python3.7/site-packages/airflow/example_dags/example_time_delta_sensor_async.py for tasks to queue
[2026-09-28T00:20:32.802+0000] {logging_mixin.py:149} INFO - [2026-09-28T00:20:32.802+0000] {dagbag.py:541} INFO - Filling up the DagBag from /home/airflow/.local/lib/python3.7/site-packages/airflow/example_dags/example_time_delta_sensor_async.py
[2026-09-28T00:20:32.810+0000] {processor.py:809} INFO - DAG(s) dict_keys(['example_time_delta_sensor_async']) retrieved from /home/airflow/.local/lib/python3.7/site-packages/airflow/example_dags/example_time_delta_sensor_async.py
[2026-09-28T00:20:32.858+0000] {logging_mixin.py:149} INFO - [2026-09-28T00:20:32.857+0000] {dag.py:2726} INFO - Sync 1 DAGs
[2026-09-28T00:20:32.907+0000] {logging_mixin.py:149} INFO - [2026-09-28T00:20:32.907+0000] {dag.py:3490} INFO - Setting next_dagrun for example_time_delta_sensor_async to None, run_after=None
[2026-09-28T00:20:32.938+0000] {processor.py:178} INFO - Processing /home/airflow/.local/lib/python3.7/site-packages/airflow/example_dags/example_time_delta_sensor_async.py took 0.146 seconds
[2026-09-28T00:21:03.051+0000] {processor.py:156} INFO - Started process (PID=29139) to work on /home/airflow/.local/lib/python3.7/site-packages/airflow/example_dags/example_time_delta_sensor_async.py
[2026-09-28T00:21:03.053+0000] {processor.py:799} INFO - Processing file /home/airflow/.local/lib/python3.7/site-packages/airflow/example_dags/example_time_delta_sensor_async.py for tasks to queue
[2026-09-28T00:21:03.055+0000] {logging_mixin.py:149} INFO - [2026-09-28T00:21:03.055+0000] {dagbag.py:541} INFO - Filling up the DagBag from /home/airflow/.local/lib/python3.7/site-packages/airflow/example_dags/example_time_delta_sensor_async.py
[2026-09-28T00:21:03.065+0000] {processor.py:809} INFO - DAG(s) dict_keys(['example_time_delta_sensor_async']) retrieved from /home/airflow/.local/lib/python3.7/site-packages/airflow/example_dags/example_time_delta_sensor_async.py
[2026-09-28T00:21:03.114+0000] {logging_mixin.py:149} INFO - [2026-09-28T00:21:03.114+0000] {dag.py:2726} INFO - Sync 1 DAGs
[2026-09-28T00:21:03.162+0000] {logging_mixin.py:149} INFO - [2026-09-28T00:21:03.162+0000] {dag.py:3490} INFO - Setting next_dagrun for example_time_delta_sensor_async to None, run_after=None
[2026-09-28T00:21:03.193+0000] {processor.py:178} INFO - Processing /home/airflow/.local/lib/python3.7/site-packages/airflow/example_dags/example_time_delta_sensor_async.py took 0.149 seconds
[2026-09-28T00:21:33.552+0000] {processor.py:156} INFO - Started process (PID=29197) to work on /home/airflow/.local/lib/python3.7/site-packages/airflow/example_dags/example_time_delta_sensor_async.py
[2026-09-28T00:21:33.553+0000] {processor.py:799} INFO - Processing file /home/airflow/.local/lib/python3.7/site-packages/airflow/example_dags/example_time_delta_sensor_async.py for tasks to queue
[2026-09-28T00:21:33.554+0000] {logging_mixin.py:149} INFO - [2026-09-28T00:21:33.554+0000] {dagbag.py:541} INFO - Filling up the DagBag from /home/airflow/.local/lib/python3.7/site-packages/airflow/example_dags/example_time_delta_sensor_async.py
[2026-09-28T00:21:33.563+0000] {processor.py:809} INFO - DAG(s) dict_keys(['example_time_delta_sensor_async']) retrieved from /home/airflow/.local/lib/python3.7/site-packages/airflow/example_dags/example_time_delta_sensor_async.py
[2026-09-28T00:21:33.610+0000] {logging_mixin.py:149} INFO - [2026-09-28T00:21:33.610+0000] {dag.py:2726} INFO - Sync 1 DAGs
[2026-09-28T00:21:33.657+0000] {logging_mixin.py:149} INFO - [2026-09-28T00:21:33.657+0000] {dag.py:3490} INFO - Setting next_dagrun for example_time_delta_sensor_async to None, run_after=None
[2026-09-28T00:21:33.690+0000] {processor.py:178} INFO - Processing /home/airflow/.local/lib/python3.7/site-packages/airflow/example_dags/example_time_delta_sensor_async.py took 0.145 seconds
[2026-09-28T00:22:04.317+0000] {processor.py:156} INFO - Started process (PID=29256) to work on /home/airflow/.local/lib/python3.7/site-packages/airflow/example_dags/example_time_delta_sensor_async.py
[2026-09-28T00:22:04.321+0000] {processor.py:799} INFO - Processing file /home/airflow/.local/lib/python3.7/site-packages/airflow/example_dags/example_time_delta_sensor_async.py for tasks to queue
[2026-09-28T00:22:04.322+0000] {logging_mixin.py:149} INFO - [2026-09-28T00:22:04.322+0000] {dagbag.py:541} INFO - Filling up the DagBag from /home/airflow/.local/lib/python3.7/site-packages/airflow/example_dags/example_time_delta_sensor_async.py
[2026-09-28T00:22:04.336+0000] {processor.py:809} INFO - DAG(s) dict_keys(['example_time_delta_sensor_async']) retrieved from /home/airflow/.local/lib/python3.7/site-packages/airflow/example_dags/example_time_delta_sensor_async.py
[2026-09-28T00:22:04.391+0000] {logging_mixin.py:149} INFO - [2026-09-28T00:22:04.390+0000] {dag.py:2726} INFO - Sync 1 DAGs
[2026-09-28T00:22:04.431+0000] {logging_mixin.py:149} INFO - [2026-09-28T00:22:04.431+0000] {dag.py:3490} INFO - Setting next_dagrun for example_time_delta_sensor_async to None, run_after=None
[2026-09-28T00:22:04.464+0000] {processor.py:178} INFO - Processing /home/airflow/.local/lib/python3.7/site-packages/airflow/example_dags/example_time_delta_sensor_async.py took 0.163 seconds
[2026-09-28T00:22:35.001+0000] {processor.py:156} INFO - Started process (PID=29316) to work on /home/airflow/.local/lib/python3.7/site-packages/airflow/example_dags/example_time_delta_sensor_async.py
[2026-09-28T00:22:35.003+0000] {processor.py:799} INFO - Processing file /home/airflow/.local/lib/python3.7/site-packages/airflow/example_dags/example_time_delta_sensor_async.py for tasks to queue
[2026-09-28T00:22:35.005+0000] {logging_mixin.py:149} INFO - [2026-09-28T00:22:35.005+0000] {dagbag.py:541} INFO - Filling up the DagBag from /home/airflow/.local/lib/python3.7/site-packages/airflow/example_dags/example_time_delta_sensor_async.py
[2026-09-28T00:22:35.022+0000] {processor.py:809} INFO - DAG(s) dict_keys(['example_time_delta_sensor_async']) retrieved from /home/airflow/.local/lib/python3.7/site-packages/airflow/example_dags/example_time_delta_sensor_async.py
[2026-09-28T00:22:35.077+0000] {logging_mixin.py:149} INFO - [2026-09-28T00:22:35.077+0000] {dag.py:2726} INFO - Sync 1 DAGs
[2026-09-28T00:22:35.126+0000] {logging_mixin.py:149} INFO - [2026-09-28T00:22:35.125+0000] {dag.py:3490} INFO - Setting next_dagrun for example_time_delta_sensor_async to None, run_after=None
[2026-09-28T00:22:35.165+0000] {processor.py:178} INFO - Processing /home/airflow/.local/lib/python3.7/site-packages/airflow/example_dags/example_time_delta_sensor_async.py took 0.176 seconds
[2026-09-28T00:23:05.298+0000] {processor.py:156} INFO - Started process (PID=29375) to work on /home/airflow/.local/lib/python3.7/site-packages/airflow/example_dags/example_time_delta_sensor_async.py
[2026-09-28T00:23:05.300+0000] {processor.py:799} INFO - Processing file /home/airflow/.local/lib/python3.7/site-packages/airflow/example_dags/example_time_delta_sensor_async.py for tasks to queue
[2026-09-28T00:23:05.301+0000] {logging_mixin.py:149} INFO - [2026-09-28T00:23:05.301+0000] {dagbag.py:541} INFO - Filling up the DagBag from /home/airflow/.local/lib/python3.7/site-packages/airflow/example_dags/example_time_delta_sensor_async.py
[2026-09-28T00:23:05.308+0000] {processor.py:809} INFO - DAG(s) dict_keys(['example_time_delta_sensor_async']) retrieved from /home/airflow/.local/lib/python3.7/site-packages/airflow/example_dags/example_time_delta_sensor_async.py
[2026-09-28T00:23:05.350+0000] {logging_mixin.py:149} INFO - [2026-09-28T00:23:05.350+0000] {dag.py:2726} INFO - Sync 1 DAGs
[2026-09-28T00:23:05.393+0000] {logging_mixin.py:149} INFO - [2026-09-28T00:23:05.393+0000] {dag.py:3490} INFO - Setting next_dagrun for example_time_delta_sensor_async to None, run_after=None
[2026-09-28T00:23:05.423+0000] {processor.py:178} INFO - Processing /home/airflow/.local/lib/python3.7/site-packages/airflow/example_dags/example_time_delta_sensor_async.py took 0.133 seconds
[2026-09-28T00:23:36.126+0000] {processor.py:156} INFO - Started process (PID=29434) to work on /home/airflow/.local/lib/python3.7/site-packages/airflow/example_dags/example_time_delta_sensor_async.py
[2026-09-28T00:23:36.129+0000] {processor.py:799} INFO - Processing file /home/airflow/.local/lib/python3.7/site-packages/airflow/example_dags/example_time_delta_sensor_async.py for tasks to queue
[2026-09-28T00:23:36.131+0000] {logging_mixin.py:149} INFO - [2026-09-28T00:23:36.131+0000] {dagbag.py:541} INFO - Filling up the DagBag from /home/airflow/.local/lib/python3.7/site-packages/airflow/example_dags/example_time_delta_sensor_async.py
[2026-09-28T00:23:36.147+0000] {processor.py:809} INFO - DAG(s) dict_keys(['example_time_delta_sensor_async']) retrieved from /home/airflow/.local/lib/python3.7/site-packages/airflow/example_dags/example_time_delta_sensor_async.py
[2026-09-28T00:23:36.202+0000] {logging_mixin.py:149} INFO - [2026-09-28T00:23:36.201+0000] {dag.py:2726} INFO - Sync 1 DAGs
[2026-09-28T00:23:36.243+0000] {logging_mixin.py:149} INFO - [2026-09-28T00:23:36.243+0000] {dag.py:3490} INFO - Setting next_dagrun for example_time_delta_sensor_async to None, run_after=None
[2026-09-28T00:23:36.273+0000] {processor.py:178} INFO - Processing /home/airflow/.local/lib/python3.7/site-packages/airflow/example_dags/example_time_delta_sensor_async.py took 0.159 seconds
[2026-09-28T00:24:06.979+0000] {processor.py:156} INFO - Started process (PID=29493) to work on /home/airflow/.local/lib/python3.7/site-packages/airflow/example_dags/example_time_delta_sensor_async.py
[2026-09-28T00:24:06.981+0000] {processor.py:799} INFO - Processing file /home/airflow/.local/lib/python3.7/site-packages/airflow/example_dags/example_time_delta_sensor_async.py for tasks to queue
[2026-09-28T00:24:06.982+0000] {logging_mixin.py:149} INFO - [2026-09-28T00:24:06.982+0000] {dagbag.py:541} INFO - Filling up the DagBag from /home/airflow/.local/lib/python3.7/site-packages/airflow/example_dags/example_time_delta_sensor_async.py
[2026-09-28T00:24:06.995+0000] {processor.py:809} INFO - DAG(s) dict_keys(['example_time_delta_sensor_async']) retrieved from /home/airflow/.local/lib/python3.7/site-packages/airflow/example_dags/example_time_delta_sensor_async.py
[2026-09-28T00:24:07.055+0000] {logging_mixin.py:149} INFO - [2026-09-28T00:24:07.055+0000] {dag.py:2726} INFO - Sync 1 DAGs
[2026-09-28T00:24:07.116+0000] {logging_mixin.py:149} INFO - [2026-09-28T00:24:07.116+0000] {dag.py:3490} INFO - Setting next_dagrun for example_time_delta_sensor_async to None, run_after=None
[2026-09-28T00:24:07.159+0000] {processor.py:178} INFO - Processing /home/airflow/.local/lib/python3.7/site-packages/airflow/example_dags/example_time_delta_sensor_async.py took 0.188 seconds
[2026-09-28T00:24:37.659+0000] {processor.py:156} INFO - Started process (PID=29552) to work on /home/airflow/.local/lib/python3.7/site-packages/airflow/example_dags/example_time_delta_sensor_async.py
[2026-09-28T00:24:37.661+0000] {processor.py:799} INFO - Processing file /home/airflow/.local/lib/python3.7/site-packages/airflow/example_dags/example_time_delta_sensor_async.py for tasks to queue
[2026-09-28T00:24:37.663+0000] {logging_mixin.py:149} INFO - [2026-09-28T00:24:37.662+0000] {dagbag.py:541} INFO - Filling up the DagBag from /home/airflow/.local/lib/python3.7/site-packages/airflow/example_dags/example_time_delta_sensor_async.py
[2026-09-28T00:24:37.671+0000] {processor.py:809} INFO - DAG(s) dict_keys(['example_time_delta_sensor_async']) retrieved from /home/airflow/.local/lib/python3.7/site-packages/airflow/example_dags/example_time_delta_sensor_async.py
[2026-09-28T00:24:37.715+0000] {logging_mixin.py:149} INFO - [2026-09-28T00:24:37.714+0000] {dag.py:2726} INFO - Sync 1 DAGs
[2026-09-28T00:24:37.762+0000] {logging_mixin.py:149} INFO - [2026-09-28T00:24:37.762+0000] {dag.py:3490} INFO - Setting next_dagrun for example_time_delta_sensor_async to None, run_after=None
[2026-09-28T00:24:37.796+0000] {processor.py:178} INFO - Processing /home/airflow/.local/lib/python3.7/site-packages/airflow/example_dags/example_time_delta_sensor_async.py took 0.143 seconds
[2026-09-28T00:25:08.327+0000] {processor.py:156} INFO - Started process (PID=29611) to work on /home/airflow/.local/lib/python3.7/site-packages/airflow/example_dags/example_time_delta_sensor_async.py
[2026-09-28T00:25:08.328+0000] {processor.py:799} INFO - Processing file /home/airflow/.local/lib/python3.7/site-packages/airflow/example_dags/example_time_delta_sensor_async.py for tasks to queue
[2026-09-28T00:25:08.329+0000] {logging_mixin.py:149} INFO - [2026-09-28T00:25:08.329+0000] {dagbag.py:541} INFO - Filling up the DagBag from /home/airflow/.local/lib/python3.7/site-packages/airflow/example_dags/example_time_delta_sensor_async.py
[2026-09-28T00:25:08.344+0000] {processor.py:809} INFO - DAG(s) dict_keys(['example_time_delta_sensor_async']) retrieved from /home/airflow/.local/lib/python3.7/site-packages/airflow/example_dags/example_time_delta_sensor_async.py
[2026-09-28T00:25:08.396+0000] {logging_mixin.py:149} INFO - [2026-09-28T00:25:08.395+0000] {dag.py:2726} INFO - Sync 1 DAGs
[2026-09-28T00:25:08.437+0000] {logging_mixin.py:149} INFO - [2026-09-28T00:25:08.437+0000] {dag.py:3490} INFO - Setting next_dagrun for example_time_delta_sensor_async to None, run_after=None
[2026-09-28T00:25:08.471+0000] {processor.py:178} INFO - Processing /home/airflow/.local/lib/python3.7/site-packages/airflow/example_dags/example_time_delta_sensor_async.py took 0.163 seconds
[2026-09-28T00:25:39.112+0000] {processor.py:156} INFO - Started process (PID=29670) to work on /home/airflow/.local/lib/python3.7/site-packages/airflow/example_dags/example_time_delta_sensor_async.py
[2026-09-28T00:25:39.115+0000] {processor.py:799} INFO - Processing file /home/airflow/.local/lib/python3.7/site-packages/airflow/example_dags/example_time_delta_sensor_async.py for tasks to queue
[2026-09-28T00:25:39.117+0000] {logging_mixin.py:149} INFO - [2026-09-28T00:25:39.116+0000] {dagbag.py:541} INFO - Filling up the DagBag from /home/airflow/.local/lib/python3.7/site-packages/airflow/example_dags/example_time_delta_sensor_async.py
[2026-09-28T00:25:39.126+0000] {processor.py:809} INFO - DAG(s) dict_keys(['example_time_delta_sensor_async']) retrieved from /home/airflow/.local/lib/python3.7/site-packages/airflow/example_dags/example_time_delta_sensor_async.py
[2026-09-28T00:25:39.181+0000] {logging_mixin.py:149} INFO - [2026-09-28T00:25:39.181+0000] {dag.py:2726} INFO - Sync 1 DAGs
[2026-09-28T00:25:39.243+0000] {logging_mixin.py:149} INFO - [2026-09-28T00:25:39.243+0000] {dag.py:3490} INFO - Setting next_dagrun for example_time_delta_sensor_async to None, run_after=None
[2026-09-28T00:25:39.278+0000] {processor.py:178} INFO - Processing /home/airflow/.local/lib/python3.7/site-packages/airflow/example_dags/example_time_delta_sensor_async.py took 0.174 seconds
[2026-09-28T00:26:09.488+0000] {processor.py:156} INFO - Started process (PID=29729) to work on /home/airflow/.local/lib/python3.7/site-packages/airflow/example_dags/example_time_delta_sensor_async.py
[2026-09-28T00:26:09.489+0000] {processor.py:799} INFO - Processing file /home/airflow/.local/lib/python3.7/site-packages/airflow/example_dags/example_time_delta_sensor_async.py for tasks to queue
[2026-09-28T00:26:09.490+0000] {logging_mixin.py:149} INFO - [2026-09-28T00:26:09.490+0000] {dagbag.py:541} INFO - Filling up the DagBag from /home/airflow/.local/lib/python3.7/site-packages/airflow/example_dags/example_time_delta_sensor_async.py
[2026-09-28T00:26:09.498+0000] {processor.py:809} INFO - DAG(s) dict_keys(['example_time_delta_sensor_async']) retrieved from /home/airflow/.local/lib/python3.7/site-packages/airflow/example_dags/example_time_delta_sensor_async.py
[2026-09-28T00:26:09.545+0000] {logging_mixin.py:149} INFO - [2026-09-28T00:26:09.545+0000] {dag.py:2726} INFO - Sync 1 DAGs
[2026-09-28T00:26:09.599+0000] {logging_mixin.py:149} INFO - [2026-09-28T00:26:09.598+0000] {dag.py:3490} INFO - Setting next_dagrun for example_time_delta_sensor_async to None, run_after=None
[2026-09-28T00:26:09.631+0000] {processor.py:178} INFO - Processing /home/airflow/.local/lib/python3.7/site-packages/airflow/example_dags/example_time_delta_sensor_async.py took 0.149 seconds
[2026-09-28T00:26:40.247+0000] {processor.py:156} INFO - Started process (PID=29788) to work on /home/airflow/.local/lib/python3.7/site-packages/airflow/example_dags/example_time_delta_sensor_async.py
[2026-09-28T00:26:40.250+0000] {processor.py:799} INFO - Processing file /home/airflow/.local/lib/python3.7/site-packages/airflow/example_dags/example_time_delta_sensor_async.py for tasks to queue
[2026-09-28T00:26:40.251+0000] {logging_mixin.py:149} INFO - [2026-09-28T00:26:40.251+0000] {dagbag.py:541} INFO - Filling up the DagBag from /home/airflow/.local/lib/python3.7/site-packages/airflow/example_dags/example_time_delta_sensor_async.py
[2026-09-28T00:26:40.258+0000] {processor.py:809} INFO - DAG(s) dict_keys(['example_time_delta_sensor_async']) retrieved from /home/airflow/.local/lib/python3.7/site-packages/airflow/example_dags/example_time_delta_sensor_async.py
[2026-09-28T00:26:40.299+0000] {logging_mixin.py:149} INFO - [2026-09-28T00:26:40.299+0000] {dag.py:2726} INFO - Sync 1 DAGs
[2026-09-28T00:26:40.349+0000] {logging_mixin.py:149} INFO - [2026-09-28T00:26:40.349+0000] {dag.py:3490} INFO - Setting next_dagrun for example_time_delta_sensor_async to None, run_after=None
[2026-09-28T00:26:40.383+0000] {processor.py:178} INFO - Processing /home/airflow/.local/lib/python3.7/site-packages/airflow/example_dags/example_time_delta_sensor_async.py took 0.142 seconds
[2026-09-28T00:27:10.663+0000] {processor.py:156} INFO - Started process (PID=29848) to work on /home/airflow/.local/lib/python3.7/site-packages/airflow/example_dags/example_time_delta_sensor_async.py
[2026-09-28T00:27:10.665+0000] {processor.py:799} INFO - Processing file /home/airflow/.local/lib/python3.7/site-packages/airflow/example_dags/example_time_delta_sensor_async.py for tasks to queue
[2026-09-28T00:27:10.666+0000] {logging_mixin.py:149} INFO - [2026-09-28T00:27:10.666+0000] {dagbag.py:541} INFO - Filling up the DagBag from /home/airflow/.local/lib/python3.7/site-packages/airflow/example_dags/example_time_delta_sensor_async.py
[2026-09-28T00:27:10.673+0000] {processor.py:809} INFO - DAG(s) dict_keys(['example_time_delta_sensor_async']) retrieved from /home/airflow/.local/lib/python3.7/site-packages/airflow/example_dags/example_time_delta_sensor_async.py
[2026-09-28T00:27:10.715+0000] {logging_mixin.py:149} INFO - [2026-09-28T00:27:10.715+0000] {dag.py:2726} INFO - Sync 1 DAGs
[2026-09-28T00:27:10.770+0000] {logging_mixin.py:149} INFO - [2026-09-28T00:27:10.769+0000] {dag.py:3490} INFO - Setting next_dagrun for example_time_delta_sensor_async to None, run_after=None
[2026-09-28T00:27:10.797+0000] {processor.py:178} INFO - Processing /home/airflow/.local/lib/python3.7/site-packages/airflow/example_dags/example_time_delta_sensor_async.py took 0.139 seconds
[2026-09-28T00:27:41.707+0000] {processor.py:156} INFO - Started process (PID=29908) to work on /home/airflow/.local/lib/python3.7/site-packages/airflow/example_dags/example_time_delta_sensor_async.py
[2026-09-28T00:27:41.709+0000] {processor.py:799} INFO - Processing file /home/airflow/.local/lib/python3.7/site-packages/airflow/example_dags/example_time_delta_sensor_async.py for tasks to queue
[2026-09-28T00:27:41.711+0000] {logging_mixin.py:149} INFO - [2026-09-28T00:27:41.711+0000] {dagbag.py:541} INFO - Filling up the DagBag from /home/airflow/.local/lib/python3.7/site-packages/airflow/example_dags/example_time_delta_sensor_async.py
[2026-09-28T00:27:41.722+0000] {processor.py:809} INFO - DAG(s) dict_keys(['example_time_delta_sensor_async']) retrieved from /home/airflow/.local/lib/python3.7/site-packages/airflow/example_dags/example_time_delta_sensor_async.py
[2026-09-28T00:27:41.804+0000] {logging_mixin.py:149} INFO - [2026-09-28T00:27:41.804+0000] {dag.py:2726} INFO - Sync 1 DAGs
[2026-09-28T00:27:41.858+0000] {logging_mixin.py:149} INFO - [2026-09-28T00:27:41.857+0000] {dag.py:3490} INFO - Setting next_dagrun for example_time_delta_sensor_async to None, run_after=None
[2026-09-28T00:27:41.890+0000] {processor.py:178} INFO - Processing /home/airflow/.local/lib/python3.7/site-packages/airflow/example_dags/example_time_delta_sensor_async.py took 0.190 seconds
[2026-09-28T00:28:12.532+0000] {processor.py:156} INFO - Started process (PID=29967) to work on /home/airflow/.local/lib/python3.7/site-packages/airflow/example_dags/example_time_delta_sensor_async.py
[2026-09-28T00:28:12.534+0000] {processor.py:799} INFO - Processing file /home/airflow/.local/lib/python3.7/site-packages/airflow/example_dags/example_time_delta_sensor_async.py for tasks to queue
[2026-09-28T00:28:12.535+0000] {logging_mixin.py:149} INFO - [2026-09-28T00:28:12.535+0000] {dagbag.py:541} INFO - Filling up the DagBag from /home/airflow/.local/lib/python3.7/site-packages/airflow/example_dags/example_time_delta_sensor_async.py
[2026-09-28T00:28:12.543+0000] {processor.py:809} INFO - DAG(s) dict_keys(['example_time_delta_sensor_async']) retrieved from /home/airflow/.local/lib/python3.7/site-packages/airflow/example_dags/example_time_delta_sensor_async.py
[2026-09-28T00:28:12.589+0000] {logging_mixin.py:149} INFO - [2026-09-28T00:28:12.589+0000] {dag.py:2726} INFO - Sync 1 DAGs
[2026-09-28T00:28:12.634+0000] {logging_mixin.py:149} INFO - [2026-09-28T00:28:12.634+0000] {dag.py:3490} INFO - Setting next_dagrun for example_time_delta_sensor_async to None, run_after=None
[2026-09-28T00:28:12.666+0000] {processor.py:178} INFO - Processing /home/airflow/.local/lib/python3.7/site-packages/airflow/example_dags/example_time_delta_sensor_async.py took 0.142 seconds
[2026-09-28T00:28:43.317+0000] {processor.py:156} INFO - Started process (PID=30027) to work on /home/airflow/.local/lib/python3.7/site-packages/airflow/example_dags/example_time_delta_sensor_async.py
[2026-09-28T00:28:43.319+0000] {processor.py:799} INFO - Processing file /home/airflow/.local/lib/python3.7/site-packages/airflow/example_dags/example_time_delta_sensor_async.py for tasks to queue
[2026-09-28T00:28:43.320+0000] {logging_mixin.py:149} INFO - [2026-09-28T00:28:43.320+0000] {dagbag.py:541} INFO - Filling up the DagBag from /home/airflow/.local/lib/python3.7/site-packages/airflow/example_dags/example_time_delta_sensor_async.py
[2026-09-28T00:28:43.327+0000] {processor.py:809} INFO - DAG(s) dict_keys(['example_time_delta_sensor_async']) retrieved from /home/airflow/.local/lib/python3.7/site-packages/airflow/example_dags/example_time_delta_sensor_async.py
[2026-09-28T00:28:43.373+0000] {logging_mixin.py:149} INFO - [2026-09-28T00:28:43.373+0000] {dag.py:2726} INFO - Sync 1 DAGs
[2026-09-28T00:28:43.425+0000] {logging_mixin.py:149} INFO - [2026-09-28T00:28:43.425+0000] {dag.py:3490} INFO - Setting next_dagrun for example_time_delta_sensor_async to None, run_after=None
[2026-09-28T00:28:43.461+0000] {processor.py:178} INFO - Processing /home/airflow/.local/lib/python3.7/site-packages/airflow/example_dags/example_time_delta_sensor_async.py took 0.150 seconds
[2026-09-28T00:29:13.551+0000] {processor.py:156} INFO - Started process (PID=30086) to work on /home/airflow/.local/lib/python3.7/site-packages/airflow/example_dags/example_time_delta_sensor_async.py
[2026-09-28T00:29:13.553+0000] {processor.py:799} INFO - Processing file /home/airflow/.local/lib/python3.7/site-packages/airflow/example_dags/example_time_delta_sensor_async.py for tasks to queue
[2026-09-28T00:29:13.554+0000] {logging_mixin.py:149} INFO - [2026-09-28T00:29:13.554+0000] {dagbag.py:541} INFO - Filling up the DagBag from /home/airflow/.local/lib/python3.7/site-packages/airflow/example_dags/example_time_delta_sensor_async.py
[2026-09-28T00:29:13.565+0000] {processor.py:809} INFO - DAG(s) dict_keys(['example_time_delta_sensor_async']) retrieved from /home/airflow/.local/lib/python3.7/site-packages/airflow/example_dags/example_time_delta_sensor_async.py
[2026-09-28T00:29:13.615+0000] {logging_mixin.py:149} INFO - [2026-09-28T00:29:13.615+0000] {dag.py:2726} INFO - Sync 1 DAGs
[2026-09-28T00:29:13.661+0000] {logging_mixin.py:149} INFO - [2026-09-28T00:29:13.660+0000] {dag.py:3490} INFO - Setting next_dagrun for example_time_delta_sensor_async to None, run_after=None
[2026-09-28T00:29:13.692+0000] {processor.py:178} INFO - Processing /home/airflow/.local/lib/python3.7/site-packages/airflow/example_dags/example_time_delta_sensor_async.py took 0.147 seconds
[2026-09-28T00:29:43.995+0000] {processor.py:156} INFO - Started process (PID=30145) to work on /home/airflow/.local/lib/python3.7/site-packages/airflow/example_dags/example_time_delta_sensor_async.py
[2026-09-28T00:29:43.997+0000] {processor.py:799} INFO - Processing file /home/airflow/.local/lib/python3.7/site-packages/airflow/example_dags/example_time_delta_sensor_async.py for tasks to queue
[2026-09-28T00:29:43.998+0000] {logging_mixin.py:149} INFO - [2026-09-28T00:29:43.998+0000] {dagbag.py:541} INFO - Filling up the DagBag from /home/airflow/.local/lib/python3.7/site-packages/airflow/example_dags/example_time_delta_sensor_async.py
[2026-09-28T00:29:44.007+0000] {processor.py:809} INFO - DAG(s) dict_keys(['example_time_delta_sensor_async']) retrieved from /home/airflow/.local/lib/python3.7/site-packages/airflow/example_dags/example_time_delta_sensor_async.py
[2026-09-28T00:29:44.054+0000] {logging_mixin.py:149} INFO - [2026-09-28T00:29:44.054+0000] {dag.py:2726} INFO - Sync 1 DAGs
[2026-09-28T00:29:44.098+0000] {logging_mixin.py:149} INFO - [2026-09-28T00:29:44.098+0000] {dag.py:3490} INFO - Setting next_dagrun for example_time_delta_sensor_async to None, run_after=None
[2026-09-28T00:29:44.127+0000] {processor.py:178} INFO - Processing /home/airflow/.local/lib/python3.7/site-packages/airflow/example_dags/example_time_delta_sensor_async.py took 0.140 seconds
[2026-09-28T00:30:15.065+0000] {processor.py:156} INFO - Started process (PID=30213) to work on /home/airflow/.local/lib/python3.7/site-packages/airflow/example_dags/example_time_delta_sensor_async.py
[2026-09-28T00:30:15.067+0000] {processor.py:799} INFO - Processing file /home/airflow/.local/lib/python3.7/site-packages/airflow/example_dags/example_time_delta_sensor_async.py for tasks to queue
[2026-09-28T00:30:15.068+0000] {logging_mixin.py:149} INFO - [2026-09-28T00:30:15.068+0000] {dagbag.py:541} INFO - Filling up the DagBag from /home/airflow/.local/lib/python3.7/site-packages/airflow/example_dags/example_time_delta_sensor_async.py
[2026-09-28T00:30:15.077+0000] {processor.py:809} INFO - DAG(s) dict_keys(['example_time_delta_sensor_async']) retrieved from /home/airflow/.local/lib/python3.7/site-packages/airflow/example_dags/example_time_delta_sensor_async.py
[2026-09-28T00:30:15.120+0000] {logging_mixin.py:149} INFO - [2026-09-28T00:30:15.119+0000] {dag.py:2726} INFO - Sync 1 DAGs
[2026-09-28T00:30:15.167+0000] {logging_mixin.py:149} INFO - [2026-09-28T00:30:15.166+0000] {dag.py:3490} INFO - Setting next_dagrun for example_time_delta_sensor_async to None, run_after=None
[2026-09-28T00:30:15.195+0000] {processor.py:178} INFO - Processing /home/airflow/.local/lib/python3.7/site-packages/airflow/example_dags/example_time_delta_sensor_async.py took 0.136 seconds
[2026-09-28T00:30:45.696+0000] {processor.py:156} INFO - Started process (PID=30278) to work on /home/airflow/.local/lib/python3.7/site-packages/airflow/example_dags/example_time_delta_sensor_async.py
[2026-09-28T00:30:45.698+0000] {processor.py:799} INFO - Processing file /home/airflow/.local/lib/python3.7/site-packages/airflow/example_dags/example_time_delta_sensor_async.py for tasks to queue
[2026-09-28T00:30:45.701+0000] {logging_mixin.py:149} INFO - [2026-09-28T00:30:45.700+0000] {dagbag.py:541} INFO - Filling up the DagBag from /home/airflow/.local/lib/python3.7/site-packages/airflow/example_dags/example_time_delta_sensor_async.py
[2026-09-28T00:30:45.709+0000] {processor.py:809} INFO - DAG(s) dict_keys(['example_time_delta_sensor_async']) retrieved from /home/airflow/.local/lib/python3.7/site-packages/airflow/example_dags/example_time_delta_sensor_async.py
[2026-09-28T00:30:45.759+0000] {logging_mixin.py:149} INFO - [2026-09-28T00:30:45.759+0000] {dag.py:2726} INFO - Sync 1 DAGs
[2026-09-28T00:30:45.811+0000] {logging_mixin.py:149} INFO - [2026-09-28T00:30:45.811+0000] {dag.py:3490} INFO - Setting next_dagrun for example_time_delta_sensor_async to None, run_after=None
[2026-09-28T00:30:45.844+0000] {processor.py:178} INFO - Processing /home/airflow/.local/lib/python3.7/site-packages/airflow/example_dags/example_time_delta_sensor_async.py took 0.154 seconds
[2026-09-28T00:31:16.129+0000] {processor.py:156} INFO - Started process (PID=30337) to work on /home/airflow/.local/lib/python3.7/site-packages/airflow/example_dags/example_time_delta_sensor_async.py
[2026-09-28T00:31:16.130+0000] {processor.py:799} INFO - Processing file /home/airflow/.local/lib/python3.7/site-packages/airflow/example_dags/example_time_delta_sensor_async.py for tasks to queue
[2026-09-28T00:31:16.131+0000] {logging_mixin.py:149} INFO - [2026-09-28T00:31:16.131+0000] {dagbag.py:541} INFO - Filling up the DagBag from /home/airflow/.local/lib/python3.7/site-packages/airflow/example_dags/example_time_delta_sensor_async.py
[2026-09-28T00:31:16.140+0000] {processor.py:809} INFO - DAG(s) dict_keys(['example_time_delta_sensor_async']) retrieved from /home/airflow/.local/lib/python3.7/site-packages/airflow/example_dags/example_time_delta_sensor_async.py
[2026-09-28T00:31:16.187+0000] {logging_mixin.py:149} INFO - [2026-09-28T00:31:16.187+0000] {dag.py:2726} INFO - Sync 1 DAGs
[2026-09-28T00:31:16.238+0000] {logging_mixin.py:149} INFO - [2026-09-28T00:31:16.238+0000] {dag.py:3490} INFO - Setting next_dagrun for example_time_delta_sensor_async to None, run_after=None
[2026-09-28T00:31:16.274+0000] {processor.py:178} INFO - Processing /home/airflow/.local/lib/python3.7/site-packages/airflow/example_dags/example_time_delta_sensor_async.py took 0.152 seconds
[2026-09-28T00:31:46.572+0000] {processor.py:156} INFO - Started process (PID=30396) to work on /home/airflow/.local/lib/python3.7/site-packages/airflow/example_dags/example_time_delta_sensor_async.py
[2026-09-28T00:31:46.573+0000] {processor.py:799} INFO - Processing file /home/airflow/.local/lib/python3.7/site-packages/airflow/example_dags/example_time_delta_sensor_async.py for tasks to queue
[2026-09-28T00:31:46.574+0000] {logging_mixin.py:149} INFO - [2026-09-28T00:31:46.574+0000] {dagbag.py:541} INFO - Filling up the DagBag from /home/airflow/.local/lib/python3.7/site-packages/airflow/example_dags/example_time_delta_sensor_async.py
[2026-09-28T00:31:46.582+0000] {processor.py:809} INFO - DAG(s) dict_keys(['example_time_delta_sensor_async']) retrieved from /home/airflow/.local/lib/python3.7/site-packages/airflow/example_dags/example_time_delta_sensor_async.py
[2026-09-28T00:31:46.628+0000] {logging_mixin.py:149} INFO - [2026-09-28T00:31:46.628+0000] {dag.py:2726} INFO - Sync 1 DAGs
[2026-09-28T00:31:46.677+0000] {logging_mixin.py:149} INFO - [2026-09-28T00:31:46.677+0000] {dag.py:3490} INFO - Setting next_dagrun for example_time_delta_sensor_async to None, run_after=None
[2026-09-28T00:31:46.711+0000] {processor.py:178} INFO - Processing /home/airflow/.local/lib/python3.7/site-packages/airflow/example_dags/example_time_delta_sensor_async.py took 0.145 seconds
[2026-09-28T00:32:17.358+0000] {processor.py:156} INFO - Started process (PID=30456) to work on /home/airflow/.local/lib/python3.7/site-packages/airflow/example_dags/example_time_delta_sensor_async.py
[2026-09-28T00:32:17.361+0000] {processor.py:799} INFO - Processing file /home/airflow/.local/lib/python3.7/site-packages/airflow/example_dags/example_time_delta_sensor_async.py for tasks to queue
[2026-09-28T00:32:17.362+0000] {logging_mixin.py:149} INFO - [2026-09-28T00:32:17.361+0000] {dagbag.py:541} INFO - Filling up the DagBag from /home/airflow/.local/lib/python3.7/site-packages/airflow/example_dags/example_time_delta_sensor_async.py
[2026-09-28T00:32:17.368+0000] {processor.py:809} INFO - DAG(s) dict_keys(['example_time_delta_sensor_async']) retrieved from /home/airflow/.local/lib/python3.7/site-packages/airflow/example_dags/example_time_delta_sensor_async.py
[2026-09-28T00:32:17.420+0000] {logging_mixin.py:149} INFO - [2026-09-28T00:32:17.420+0000] {dag.py:2726} INFO - Sync 1 DAGs
[2026-09-28T00:32:17.470+0000] {logging_mixin.py:149} INFO - [2026-09-28T00:32:17.470+0000] {dag.py:3490} INFO - Setting next_dagrun for example_time_delta_sensor_async to None, run_after=None
[2026-09-28T00:32:17.501+0000] {processor.py:178} INFO - Processing /home/airflow/.local/lib/python3.7/site-packages/airflow/example_dags/example_time_delta_sensor_async.py took 0.148 seconds
[2026-09-28T00:32:48.240+0000] {processor.py:156} INFO - Started process (PID=30515) to work on /home/airflow/.local/lib/python3.7/site-packages/airflow/example_dags/example_time_delta_sensor_async.py
[2026-09-28T00:32:48.241+0000] {processor.py:799} INFO - Processing file /home/airflow/.local/lib/python3.7/site-packages/airflow/example_dags/example_time_delta_sensor_async.py for tasks to queue
[2026-09-28T00:32:48.242+0000] {logging_mixin.py:149} INFO - [2026-09-28T00:32:48.242+0000] {dagbag.py:541} INFO - Filling up the DagBag from /home/airflow/.local/lib/python3.7/site-packages/airflow/example_dags/example_time_delta_sensor_async.py
[2026-09-28T00:32:48.250+0000] {processor.py:809} INFO - DAG(s) dict_keys(['example_time_delta_sensor_async']) retrieved from /home/airflow/.local/lib/python3.7/site-packages/airflow/example_dags/example_time_delta_sensor_async.py
[2026-09-28T00:32:48.302+0000] {logging_mixin.py:149} INFO - [2026-09-28T00:32:48.301+0000] {dag.py:2726} INFO - Sync 1 DAGs
[2026-09-28T00:32:48.350+0000] {logging_mixin.py:149} INFO - [2026-09-28T00:32:48.350+0000] {dag.py:3490} INFO - Setting next_dagrun for example_time_delta_sensor_async to None, run_after=None
[2026-09-28T00:32:48.383+0000] {processor.py:178} INFO - Processing /home/airflow/.local/lib/python3.7/site-packages/airflow/example_dags/example_time_delta_sensor_async.py took 0.150 seconds
[2026-09-28T00:33:18.678+0000] {processor.py:156} INFO - Started process (PID=30574) to work on /home/airflow/.local/lib/python3.7/site-packages/airflow/example_dags/example_time_delta_sensor_async.py
[2026-09-28T00:33:18.679+0000] {processor.py:799} INFO - Processing file /home/airflow/.local/lib/python3.7/site-packages/airflow/example_dags/example_time_delta_sensor_async.py for tasks to queue
[2026-09-28T00:33:18.680+0000] {logging_mixin.py:149} INFO - [2026-09-28T00:33:18.680+0000] {dagbag.py:541} INFO - Filling up the DagBag from /home/airflow/.local/lib/python3.7/site-packages/airflow/example_dags/example_time_delta_sensor_async.py
[2026-09-28T00:33:18.689+0000] {processor.py:809} INFO - DAG(s) dict_keys(['example_time_delta_sensor_async']) retrieved from /home/airflow/.local/lib/python3.7/site-packages/airflow/example_dags/example_time_delta_sensor_async.py
[2026-09-28T00:33:18.737+0000] {logging_mixin.py:149} INFO - [2026-09-28T00:33:18.737+0000] {dag.py:2726} INFO - Sync 1 DAGs
[2026-09-28T00:33:18.788+0000] {logging_mixin.py:149} INFO - [2026-09-28T00:33:18.788+0000] {dag.py:3490} INFO - Setting next_dagrun for example_time_delta_sensor_async to None, run_after=None
[2026-09-28T00:33:18.823+0000] {processor.py:178} INFO - Processing /home/airflow/.local/lib/python3.7/site-packages/airflow/example_dags/example_time_delta_sensor_async.py took 0.150 seconds
[2026-09-28T00:33:48.940+0000] {processor.py:156} INFO - Started process (PID=30633) to work on /home/airflow/.local/lib/python3.7/site-packages/airflow/example_dags/example_time_delta_sensor_async.py
[2026-09-28T00:33:48.943+0000] {processor.py:799} INFO - Processing file /home/airflow/.local/lib/python3.7/site-packages/airflow/example_dags/example_time_delta_sensor_async.py for tasks to queue
[2026-09-28T00:33:48.945+0000] {logging_mixin.py:149} INFO - [2026-09-28T00:33:48.944+0000] {dagbag.py:541} INFO - Filling up the DagBag from /home/airflow/.local/lib/python3.7/site-packages/airflow/example_dags/example_time_delta_sensor_async.py
[2026-09-28T00:33:48.951+0000] {processor.py:809} INFO - DAG(s) dict_keys(['example_time_delta_sensor_async']) retrieved from /home/airflow/.local/lib/python3.7/site-packages/airflow/example_dags/example_time_delta_sensor_async.py
[2026-09-28T00:33:49.001+0000] {logging_mixin.py:149} INFO - [2026-09-28T00:33:49.001+0000] {dag.py:2726} INFO - Sync 1 DAGs
[2026-09-28T00:33:49.051+0000] {logging_mixin.py:149} INFO - [2026-09-28T00:33:49.051+0000] {dag.py:3490} INFO - Setting next_dagrun for example_time_delta_sensor_async to None, run_after=None
[2026-09-28T00:33:49.090+0000] {processor.py:178} INFO - Processing /home/airflow/.local/lib/python3.7/site-packages/airflow/example_dags/example_time_delta_sensor_async.py took 0.156 seconds
[2026-09-28T00:34:19.575+0000] {processor.py:156} INFO - Started process (PID=30692) to work on /home/airflow/.local/lib/python3.7/site-packages/airflow/example_dags/example_time_delta_sensor_async.py
[2026-09-28T00:34:19.577+0000] {processor.py:799} INFO - Processing file /home/airflow/.local/lib/python3.7/site-packages/airflow/example_dags/example_time_delta_sensor_async.py for tasks to queue
[2026-09-28T00:34:19.578+0000] {logging_mixin.py:149} INFO - [2026-09-28T00:34:19.578+0000] {dagbag.py:541} INFO - Filling up the DagBag from /home/airflow/.local/lib/python3.7/site-packages/airflow/example_dags/example_time_delta_sensor_async.py
[2026-09-28T00:34:19.586+0000] {processor.py:809} INFO - DAG(s) dict_keys(['example_time_delta_sensor_async']) retrieved from /home/airflow/.local/lib/python3.7/site-packages/airflow/example_dags/example_time_delta_sensor_async.py
[2026-09-28T00:34:19.635+0000] {logging_mixin.py:149} INFO - [2026-09-28T00:34:19.634+0000] {dag.py:2726} INFO - Sync 1 DAGs
[2026-09-28T00:34:19.683+0000] {logging_mixin.py:149} INFO - [2026-09-28T00:34:19.683+0000] {dag.py:3490} INFO - Setting next_dagrun for example_time_delta_sensor_async to None, run_after=None
[2026-09-28T00:34:19.720+0000] {processor.py:178} INFO - Processing /home/airflow/.local/lib/python3.7/site-packages/airflow/example_dags/example_time_delta_sensor_async.py took 0.152 seconds
[2026-09-28T00:34:50.187+0000] {processor.py:156} INFO - Started process (PID=30762) to work on /home/airflow/.local/lib/python3.7/site-packages/airflow/example_dags/example_time_delta_sensor_async.py
[2026-09-28T00:34:50.189+0000] {processor.py:799} INFO - Processing file /home/airflow/.local/lib/python3.7/site-packages/airflow/example_dags/example_time_delta_sensor_async.py for tasks to queue
[2026-09-28T00:34:50.191+0000] {logging_mixin.py:149} INFO - [2026-09-28T00:34:50.190+0000] {dagbag.py:541} INFO - Filling up the DagBag from /home/airflow/.local/lib/python3.7/site-packages/airflow/example_dags/example_time_delta_sensor_async.py
[2026-09-28T00:34:50.204+0000] {processor.py:809} INFO - DAG(s) dict_keys(['example_time_delta_sensor_async']) retrieved from /home/airflow/.local/lib/python3.7/site-packages/airflow/example_dags/example_time_delta_sensor_async.py
[2026-09-28T00:34:50.251+0000] {logging_mixin.py:149} INFO - [2026-09-28T00:34:50.251+0000] {dag.py:2726} INFO - Sync 1 DAGs
[2026-09-28T00:34:50.307+0000] {logging_mixin.py:149} INFO - [2026-09-28T00:34:50.306+0000] {dag.py:3490} INFO - Setting next_dagrun for example_time_delta_sensor_async to None, run_after=None
[2026-09-28T00:34:50.343+0000] {processor.py:178} INFO - Processing /home/airflow/.local/lib/python3.7/site-packages/airflow/example_dags/example_time_delta_sensor_async.py took 0.163 seconds
[2026-09-28T00:35:20.437+0000] {processor.py:156} INFO - Started process (PID=30830) to work on /home/airflow/.local/lib/python3.7/site-packages/airflow/example_dags/example_time_delta_sensor_async.py
[2026-09-28T00:35:20.445+0000] {processor.py:799} INFO - Processing file /home/airflow/.local/lib/python3.7/site-packages/airflow/example_dags/example_time_delta_sensor_async.py for tasks to queue
[2026-09-28T00:35:20.447+0000] {logging_mixin.py:149} INFO - [2026-09-28T00:35:20.447+0000] {dagbag.py:541} INFO - Filling up the DagBag from /home/airflow/.local/lib/python3.7/site-packages/airflow/example_dags/example_time_delta_sensor_async.py
[2026-09-28T00:35:20.457+0000] {processor.py:809} INFO - DAG(s) dict_keys(['example_time_delta_sensor_async']) retrieved from /home/airflow/.local/lib/python3.7/site-packages/airflow/example_dags/example_time_delta_sensor_async.py
[2026-09-28T00:35:20.507+0000] {logging_mixin.py:149} INFO - [2026-09-28T00:35:20.506+0000] {dag.py:2726} INFO - Sync 1 DAGs
[2026-09-28T00:35:20.555+0000] {logging_mixin.py:149} INFO - [2026-09-28T00:35:20.555+0000] {dag.py:3490} INFO - Setting next_dagrun for example_time_delta_sensor_async to None, run_after=None
[2026-09-28T00:35:20.592+0000] {processor.py:178} INFO - Processing /home/airflow/.local/lib/python3.7/site-packages/airflow/example_dags/example_time_delta_sensor_async.py took 0.161 seconds
[2026-09-28T00:35:51.220+0000] {processor.py:156} INFO - Started process (PID=30889) to work on /home/airflow/.local/lib/python3.7/site-packages/airflow/example_dags/example_time_delta_sensor_async.py
[2026-09-28T00:35:51.222+0000] {processor.py:799} INFO - Processing file /home/airflow/.local/lib/python3.7/site-packages/airflow/example_dags/example_time_delta_sensor_async.py for tasks to queue
[2026-09-28T00:35:51.223+0000] {logging_mixin.py:149} INFO - [2026-09-28T00:35:51.223+0000] {dagbag.py:541} INFO - Filling up the DagBag from /home/airflow/.local/lib/python3.7/site-packages/airflow/example_dags/example_time_delta_sensor_async.py
[2026-09-28T00:35:51.230+0000] {processor.py:809} INFO - DAG(s) dict_keys(['example_time_delta_sensor_async']) retrieved from /home/airflow/.local/lib/python3.7/site-packages/airflow/example_dags/example_time_delta_sensor_async.py
[2026-09-28T00:35:51.274+0000] {logging_mixin.py:149} INFO - [2026-09-28T00:35:51.274+0000] {dag.py:2726} INFO - Sync 1 DAGs
[2026-09-28T00:35:51.328+0000] {logging_mixin.py:149} INFO - [2026-09-28T00:35:51.328+0000] {dag.py:3490} INFO - Setting next_dagrun for example_time_delta_sensor_async to None, run_after=None
[2026-09-28T00:35:51.363+0000] {processor.py:178} INFO - Processing /home/airflow/.local/lib/python3.7/site-packages/airflow/example_dags/example_time_delta_sensor_async.py took 0.149 seconds
[2026-09-28T00:36:22.130+0000] {processor.py:156} INFO - Started process (PID=30948) to work on /home/airflow/.local/lib/python3.7/site-packages/airflow/example_dags/example_time_delta_sensor_async.py
[2026-09-28T00:36:22.132+0000] {processor.py:799} INFO - Processing file /home/airflow/.local/lib/python3.7/site-packages/airflow/example_dags/example_time_delta_sensor_async.py for tasks to queue
[2026-09-28T00:36:22.133+0000] {logging_mixin.py:149} INFO - [2026-09-28T00:36:22.133+0000] {dagbag.py:541} INFO - Filling up the DagBag from /home/airflow/.local/lib/python3.7/site-packages/airflow/example_dags/example_time_delta_sensor_async.py
[2026-09-28T00:36:22.141+0000] {processor.py:809} INFO - DAG(s) dict_keys(['example_time_delta_sensor_async']) retrieved from /home/airflow/.local/lib/python3.7/site-packages/airflow/example_dags/example_time_delta_sensor_async.py
[2026-09-28T00:36:22.182+0000] {logging_mixin.py:149} INFO - [2026-09-28T00:36:22.182+0000] {dag.py:2726} INFO - Sync 1 DAGs
[2026-09-28T00:36:22.224+0000] {logging_mixin.py:149} INFO - [2026-09-28T00:36:22.224+0000] {dag.py:3490} INFO - Setting next_dagrun for example_time_delta_sensor_async to None, run_after=None
[2026-09-28T00:36:22.262+0000] {processor.py:178} INFO - Processing /home/airflow/.local/lib/python3.7/site-packages/airflow/example_dags/example_time_delta_sensor_async.py took 0.138 seconds
[2026-09-28T00:36:53.223+0000] {processor.py:156} INFO - Started process (PID=31007) to work on /home/airflow/.local/lib/python3.7/site-packages/airflow/example_dags/example_time_delta_sensor_async.py
[2026-09-28T00:36:53.226+0000] {processor.py:799} INFO - Processing file /home/airflow/.local/lib/python3.7/site-packages/airflow/example_dags/example_time_delta_sensor_async.py for tasks to queue
[2026-09-28T00:36:53.228+0000] {logging_mixin.py:149} INFO - [2026-09-28T00:36:53.228+0000] {dagbag.py:541} INFO - Filling up the DagBag from /home/airflow/.local/lib/python3.7/site-packages/airflow/example_dags/example_time_delta_sensor_async.py
[2026-09-28T00:36:53.240+0000] {processor.py:809} INFO - DAG(s) dict_keys(['example_time_delta_sensor_async']) retrieved from /home/airflow/.local/lib/python3.7/site-packages/airflow/example_dags/example_time_delta_sensor_async.py
[2026-09-28T00:36:53.290+0000] {logging_mixin.py:149} INFO - [2026-09-28T00:36:53.290+0000] {dag.py:2726} INFO - Sync 1 DAGs
[2026-09-28T00:36:53.348+0000] {logging_mixin.py:149} INFO - [2026-09-28T00:36:53.347+0000] {dag.py:3490} INFO - Setting next_dagrun for example_time_delta_sensor_async to None, run_after=None
[2026-09-28T00:36:53.394+0000] {processor.py:178} INFO - Processing /home/airflow/.local/lib/python3.7/site-packages/airflow/example_dags/example_time_delta_sensor_async.py took 0.178 seconds
[2026-09-28T00:37:23.696+0000] {processor.py:156} INFO - Started process (PID=31066) to work on /home/airflow/.local/lib/python3.7/site-packages/airflow/example_dags/example_time_delta_sensor_async.py
[2026-09-28T00:37:23.698+0000] {processor.py:799} INFO - Processing file /home/airflow/.local/lib/python3.7/site-packages/airflow/example_dags/example_time_delta_sensor_async.py for tasks to queue
[2026-09-28T00:37:23.699+0000] {logging_mixin.py:149} INFO - [2026-09-28T00:37:23.699+0000] {dagbag.py:541} INFO - Filling up the DagBag from /home/airflow/.local/lib/python3.7/site-packages/airflow/example_dags/example_time_delta_sensor_async.py
[2026-09-28T00:37:23.707+0000] {processor.py:809} INFO - DAG(s) dict_keys(['example_time_delta_sensor_async']) retrieved from /home/airflow/.local/lib/python3.7/site-packages/airflow/example_dags/example_time_delta_sensor_async.py
[2026-09-28T00:37:23.755+0000] {logging_mixin.py:149} INFO - [2026-09-28T00:37:23.755+0000] {dag.py:2726} INFO - Sync 1 DAGs
[2026-09-28T00:37:23.805+0000] {logging_mixin.py:149} INFO - [2026-09-28T00:37:23.805+0000] {dag.py:3490} INFO - Setting next_dagrun for example_time_delta_sensor_async to None, run_after=None
[2026-09-28T00:37:23.844+0000] {processor.py:178} INFO - Processing /home/airflow/.local/lib/python3.7/site-packages/airflow/example_dags/example_time_delta_sensor_async.py took 0.153 seconds
[2026-09-28T00:37:54.551+0000] {processor.py:156} INFO - Started process (PID=31125) to work on /home/airflow/.local/lib/python3.7/site-packages/airflow/example_dags/example_time_delta_sensor_async.py
[2026-09-28T00:37:54.553+0000] {processor.py:799} INFO - Processing file /home/airflow/.local/lib/python3.7/site-packages/airflow/example_dags/example_time_delta_sensor_async.py for tasks to queue
[2026-09-28T00:37:54.554+0000] {logging_mixin.py:149} INFO - [2026-09-28T00:37:54.554+0000] {dagbag.py:541} INFO - Filling up the DagBag from /home/airflow/.local/lib/python3.7/site-packages/airflow/example_dags/example_time_delta_sensor_async.py
[2026-09-28T00:37:54.562+0000] {processor.py:809} INFO - DAG(s) dict_keys(['example_time_delta_sensor_async']) retrieved from /home/airflow/.local/lib/python3.7/site-packages/airflow/example_dags/example_time_delta_sensor_async.py
[2026-09-28T00:37:54.605+0000] {logging_mixin.py:149} INFO - [2026-09-28T00:37:54.604+0000] {dag.py:2726} INFO - Sync 1 DAGs
[2026-09-28T00:37:54.650+0000] {logging_mixin.py:149} INFO - [2026-09-28T00:37:54.649+0000] {dag.py:3490} INFO - Setting next_dagrun for example_time_delta_sensor_async to None, run_after=None
[2026-09-28T00:37:54.685+0000] {processor.py:178} INFO - Processing /home/airflow/.local/lib/python3.7/site-packages/airflow/example_dags/example_time_delta_sensor_async.py took 0.140 seconds
[2026-09-28T00:38:25.303+0000] {processor.py:156} INFO - Started process (PID=31184) to work on /home/airflow/.local/lib/python3.7/site-packages/airflow/example_dags/example_time_delta_sensor_async.py
[2026-09-28T00:38:25.306+0000] {processor.py:799} INFO - Processing file /home/airflow/.local/lib/python3.7/site-packages/airflow/example_dags/example_time_delta_sensor_async.py for tasks to queue
[2026-09-28T00:38:25.307+0000] {logging_mixin.py:149} INFO - [2026-09-28T00:38:25.306+0000] {dagbag.py:541} INFO - Filling up the DagBag from /home/airflow/.local/lib/python3.7/site-packages/airflow/example_dags/example_time_delta_sensor_async.py
[2026-09-28T00:38:25.313+0000] {processor.py:809} INFO - DAG(s) dict_keys(['example_time_delta_sensor_async']) retrieved from /home/airflow/.local/lib/python3.7/site-packages/airflow/example_dags/example_time_delta_sensor_async.py
[2026-09-28T00:38:25.353+0000] {logging_mixin.py:149} INFO - [2026-09-28T00:38:25.353+0000] {dag.py:2726} INFO - Sync 1 DAGs
[2026-09-28T00:38:25.397+0000] {logging_mixin.py:149} INFO - [2026-09-28T00:38:25.396+0000] {dag.py:3490} INFO - Setting next_dagrun for example_time_delta_sensor_async to None, run_after=None
[2026-09-28T00:38:25.428+0000] {processor.py:178} INFO - Processing /home/airflow/.local/lib/python3.7/site-packages/airflow/example_dags/example_time_delta_sensor_async.py took 0.131 seconds
[2026-09-28T00:38:55.839+0000] {processor.py:156} INFO - Started process (PID=31243) to work on /home/airflow/.local/lib/python3.7/site-packages/airflow/example_dags/example_time_delta_sensor_async.py
[2026-09-28T00:38:55.844+0000] {processor.py:799} INFO - Processing file /home/airflow/.local/lib/python3.7/site-packages/airflow/example_dags/example_time_delta_sensor_async.py for tasks to queue
[2026-09-28T00:38:55.845+0000] {logging_mixin.py:149} INFO - [2026-09-28T00:38:55.845+0000] {dagbag.py:541} INFO - Filling up the DagBag from /home/airflow/.local/lib/python3.7/site-packages/airflow/example_dags/example_time_delta_sensor_async.py
[2026-09-28T00:38:55.853+0000] {processor.py:809} INFO - DAG(s) dict_keys(['example_time_delta_sensor_async']) retrieved from /home/airflow/.local/lib/python3.7/site-packages/airflow/example_dags/example_time_delta_sensor_async.py
[2026-09-28T00:38:55.900+0000] {logging_mixin.py:149} INFO - [2026-09-28T00:38:55.900+0000] {dag.py:2726} INFO - Sync 1 DAGs
[2026-09-28T00:38:55.946+0000] {logging_mixin.py:149} INFO - [2026-09-28T00:38:55.945+0000] {dag.py:3490} INFO - Setting next_dagrun for example_time_delta_sensor_async to None, run_after=None
[2026-09-28T00:38:55.978+0000] {processor.py:178} INFO - Processing /home/airflow/.local/lib/python3.7/site-packages/airflow/example_dags/example_time_delta_sensor_async.py took 0.144 seconds
[2026-09-28T00:39:26.554+0000] {processor.py:156} INFO - Started process (PID=31303) to work on /home/airflow/.local/lib/python3.7/site-packages/airflow/example_dags/example_time_delta_sensor_async.py
[2026-09-28T00:39:26.556+0000] {processor.py:799} INFO - Processing file /home/airflow/.local/lib/python3.7/site-packages/airflow/example_dags/example_time_delta_sensor_async.py for tasks to queue
[2026-09-28T00:39:26.557+0000] {logging_mixin.py:149} INFO - [2026-09-28T00:39:26.557+0000] {dagbag.py:541} INFO - Filling up the DagBag from /home/airflow/.local/lib/python3.7/site-packages/airflow/example_dags/example_time_delta_sensor_async.py
[2026-09-28T00:39:26.564+0000] {processor.py:809} INFO - DAG(s) dict_keys(['example_time_delta_sensor_async']) retrieved from /home/airflow/.local/lib/python3.7/site-packages/airflow/example_dags/example_time_delta_sensor_async.py
[2026-09-28T00:39:26.611+0000] {logging_mixin.py:149} INFO - [2026-09-28T00:39:26.611+0000] {dag.py:2726} INFO - Sync 1 DAGs
[2026-09-28T00:39:26.661+0000] {logging_mixin.py:149} INFO - [2026-09-28T00:39:26.661+0000] {dag.py:3490} INFO - Setting next_dagrun for example_time_delta_sensor_async to None, run_after=None
[2026-09-28T00:39:26.692+0000] {processor.py:178} INFO - Processing /home/airflow/.local/lib/python3.7/site-packages/airflow/example_dags/example_time_delta_sensor_async.py took 0.145 seconds
[2026-09-28T00:39:56.970+0000] {processor.py:156} INFO - Started process (PID=31361) to work on /home/airflow/.local/lib/python3.7/site-packages/airflow/example_dags/example_time_delta_sensor_async.py
[2026-09-28T00:39:56.972+0000] {processor.py:799} INFO - Processing file /home/airflow/.local/lib/python3.7/site-packages/airflow/example_dags/example_time_delta_sensor_async.py for tasks to queue
[2026-09-28T00:39:56.973+0000] {logging_mixin.py:149} INFO - [2026-09-28T00:39:56.973+0000] {dagbag.py:541} INFO - Filling up the DagBag from /home/airflow/.local/lib/python3.7/site-packages/airflow/example_dags/example_time_delta_sensor_async.py
[2026-09-28T00:39:56.985+0000] {processor.py:809} INFO - DAG(s) dict_keys(['example_time_delta_sensor_async']) retrieved from /home/airflow/.local/lib/python3.7/site-packages/airflow/example_dags/example_time_delta_sensor_async.py
[2026-09-28T00:39:57.033+0000] {logging_mixin.py:149} INFO - [2026-09-28T00:39:57.032+0000] {dag.py:2726} INFO - Sync 1 DAGs
[2026-09-28T00:39:57.089+0000] {logging_mixin.py:149} INFO - [2026-09-28T00:39:57.089+0000] {dag.py:3490} INFO - Setting next_dagrun for example_time_delta_sensor_async to None, run_after=None
[2026-09-28T00:39:57.122+0000] {processor.py:178} INFO - Processing /home/airflow/.local/lib/python3.7/site-packages/airflow/example_dags/example_time_delta_sensor_async.py took 0.159 seconds
[2026-09-28T00:40:27.935+0000] {processor.py:156} INFO - Started process (PID=31420) to work on /home/airflow/.local/lib/python3.7/site-packages/airflow/example_dags/example_time_delta_sensor_async.py
[2026-09-28T00:40:27.936+0000] {processor.py:799} INFO - Processing file /home/airflow/.local/lib/python3.7/site-packages/airflow/example_dags/example_time_delta_sensor_async.py for tasks to queue
[2026-09-28T00:40:27.937+0000] {logging_mixin.py:149} INFO - [2026-09-28T00:40:27.937+0000] {dagbag.py:541} INFO - Filling up the DagBag from /home/airflow/.local/lib/python3.7/site-packages/airflow/example_dags/example_time_delta_sensor_async.py
[2026-09-28T00:40:27.944+0000] {processor.py:809} INFO - DAG(s) dict_keys(['example_time_delta_sensor_async']) retrieved from /home/airflow/.local/lib/python3.7/site-packages/airflow/example_dags/example_time_delta_sensor_async.py
[2026-09-28T00:40:27.987+0000] {logging_mixin.py:149} INFO - [2026-09-28T00:40:27.987+0000] {dag.py:2726} INFO - Sync 1 DAGs
[2026-09-28T00:40:28.031+0000] {logging_mixin.py:149} INFO - [2026-09-28T00:40:28.030+0000] {dag.py:3490} INFO - Setting next_dagrun for example_time_delta_sensor_async to None, run_after=None
[2026-09-28T00:40:28.060+0000] {processor.py:178} INFO - Processing /home/airflow/.local/lib/python3.7/site-packages/airflow/example_dags/example_time_delta_sensor_async.py took 0.130 seconds
[2026-09-28T00:40:58.172+0000] {processor.py:156} INFO - Started process (PID=31479) to work on /home/airflow/.local/lib/python3.7/site-packages/airflow/example_dags/example_time_delta_sensor_async.py
[2026-09-28T00:40:58.175+0000] {processor.py:799} INFO - Processing file /home/airflow/.local/lib/python3.7/site-packages/airflow/example_dags/example_time_delta_sensor_async.py for tasks to queue
[2026-09-28T00:40:58.176+0000] {logging_mixin.py:149} INFO - [2026-09-28T00:40:58.175+0000] {dagbag.py:541} INFO - Filling up the DagBag from /home/airflow/.local/lib/python3.7/site-packages/airflow/example_dags/example_time_delta_sensor_async.py
[2026-09-28T00:40:58.185+0000] {processor.py:809} INFO - DAG(s) dict_keys(['example_time_delta_sensor_async']) retrieved from /home/airflow/.local/lib/python3.7/site-packages/airflow/example_dags/example_time_delta_sensor_async.py
[2026-09-28T00:40:58.233+0000] {logging_mixin.py:149} INFO - [2026-09-28T00:40:58.233+0000] {dag.py:2726} INFO - Sync 1 DAGs
[2026-09-28T00:40:58.285+0000] {logging_mixin.py:149} INFO - [2026-09-28T00:40:58.285+0000] {dag.py:3490} INFO - Setting next_dagrun for example_time_delta_sensor_async to None, run_after=None
[2026-09-28T00:40:58.323+0000] {processor.py:178} INFO - Processing /home/airflow/.local/lib/python3.7/site-packages/airflow/example_dags/example_time_delta_sensor_async.py took 0.158 seconds
[2026-09-28T00:41:28.386+0000] {processor.py:156} INFO - Started process (PID=31538) to work on /home/airflow/.local/lib/python3.7/site-packages/airflow/example_dags/example_time_delta_sensor_async.py
[2026-09-28T00:41:28.387+0000] {processor.py:799} INFO - Processing file /home/airflow/.local/lib/python3.7/site-packages/airflow/example_dags/example_time_delta_sensor_async.py for tasks to queue
[2026-09-28T00:41:28.388+0000] {logging_mixin.py:149} INFO - [2026-09-28T00:41:28.388+0000] {dagbag.py:541} INFO - Filling up the DagBag from /home/airflow/.local/lib/python3.7/site-packages/airflow/example_dags/example_time_delta_sensor_async.py
[2026-09-28T00:41:28.398+0000] {processor.py:809} INFO - DAG(s) dict_keys(['example_time_delta_sensor_async']) retrieved from /home/airflow/.local/lib/python3.7/site-packages/airflow/example_dags/example_time_delta_sensor_async.py
[2026-09-28T00:41:28.447+0000] {logging_mixin.py:149} INFO - [2026-09-28T00:41:28.447+0000] {dag.py:2726} INFO - Sync 1 DAGs
[2026-09-28T00:41:28.497+0000] {logging_mixin.py:149} INFO - [2026-09-28T00:41:28.496+0000] {dag.py:3490} INFO - Setting next_dagrun for example_time_delta_sensor_async to None, run_after=None
[2026-09-28T00:41:28.528+0000] {processor.py:178} INFO - Processing /home/airflow/.local/lib/python3.7/site-packages/airflow/example_dags/example_time_delta_sensor_async.py took 0.152 seconds
[2026-09-28T00:41:59.521+0000] {processor.py:156} INFO - Started process (PID=31597) to work on /home/airflow/.local/lib/python3.7/site-packages/airflow/example_dags/example_time_delta_sensor_async.py
[2026-09-28T00:41:59.528+0000] {processor.py:799} INFO - Processing file /home/airflow/.local/lib/python3.7/site-packages/airflow/example_dags/example_time_delta_sensor_async.py for tasks to queue
[2026-09-28T00:41:59.530+0000] {logging_mixin.py:149} INFO - [2026-09-28T00:41:59.529+0000] {dagbag.py:541} INFO - Filling up the DagBag from /home/airflow/.local/lib/python3.7/site-packages/airflow/example_dags/example_time_delta_sensor_async.py
[2026-09-28T00:41:59.539+0000] {processor.py:809} INFO - DAG(s) dict_keys(['example_time_delta_sensor_async']) retrieved from /home/airflow/.local/lib/python3.7/site-packages/airflow/example_dags/example_time_delta_sensor_async.py
[2026-09-28T00:41:59.579+0000] {logging_mixin.py:149} INFO - [2026-09-28T00:41:59.579+0000] {dag.py:2726} INFO - Sync 1 DAGs
[2026-09-28T00:41:59.628+0000] {logging_mixin.py:149} INFO - [2026-09-28T00:41:59.628+0000] {dag.py:3490} INFO - Setting next_dagrun for example_time_delta_sensor_async to None, run_after=None
[2026-09-28T00:41:59.658+0000] {processor.py:178} INFO - Processing /home/airflow/.local/lib/python3.7/site-packages/airflow/example_dags/example_time_delta_sensor_async.py took 0.144 seconds
[2026-09-28T00:42:30.151+0000] {processor.py:156} INFO - Started process (PID=31656) to work on /home/airflow/.local/lib/python3.7/site-packages/airflow/example_dags/example_time_delta_sensor_async.py
[2026-09-28T00:42:30.152+0000] {processor.py:799} INFO - Processing file /home/airflow/.local/lib/python3.7/site-packages/airflow/example_dags/example_time_delta_sensor_async.py for tasks to queue
[2026-09-28T00:42:30.153+0000] {logging_mixin.py:149} INFO - [2026-09-28T00:42:30.153+0000] {dagbag.py:541} INFO - Filling up the DagBag from /home/airflow/.local/lib/python3.7/site-packages/airflow/example_dags/example_time_delta_sensor_async.py
[2026-09-28T00:42:30.161+0000] {processor.py:809} INFO - DAG(s) dict_keys(['example_time_delta_sensor_async']) retrieved from /home/airflow/.local/lib/python3.7/site-packages/airflow/example_dags/example_time_delta_sensor_async.py
[2026-09-28T00:42:30.206+0000] {logging_mixin.py:149} INFO - [2026-09-28T00:42:30.205+0000] {dag.py:2726} INFO - Sync 1 DAGs
[2026-09-28T00:42:30.257+0000] {logging_mixin.py:149} INFO - [2026-09-28T00:42:30.257+0000] {dag.py:3490} INFO - Setting next_dagrun for example_time_delta_sensor_async to None, run_after=None
[2026-09-28T00:42:30.302+0000] {processor.py:178} INFO - Processing /home/airflow/.local/lib/python3.7/site-packages/airflow/example_dags/example_time_delta_sensor_async.py took 0.158 seconds
[2026-09-28T00:43:00.392+0000] {processor.py:156} INFO - Started process (PID=31715) to work on /home/airflow/.local/lib/python3.7/site-packages/airflow/example_dags/example_time_delta_sensor_async.py
[2026-09-28T00:43:00.394+0000] {processor.py:799} INFO - Processing file /home/airflow/.local/lib/python3.7/site-packages/airflow/example_dags/example_time_delta_sensor_async.py for tasks to queue
[2026-09-28T00:43:00.396+0000] {logging_mixin.py:149} INFO - [2026-09-28T00:43:00.395+0000] {dagbag.py:541} INFO - Filling up the DagBag from /home/airflow/.local/lib/python3.7/site-packages/airflow/example_dags/example_time_delta_sensor_async.py
[2026-09-28T00:43:00.405+0000] {processor.py:809} INFO - DAG(s) dict_keys(['example_time_delta_sensor_async']) retrieved from /home/airflow/.local/lib/python3.7/site-packages/airflow/example_dags/example_time_delta_sensor_async.py
[2026-09-28T00:43:00.452+0000] {logging_mixin.py:149} INFO - [2026-09-28T00:43:00.452+0000] {dag.py:2726} INFO - Sync 1 DAGs
[2026-09-28T00:43:00.495+0000] {logging_mixin.py:149} INFO - [2026-09-28T00:43:00.495+0000] {dag.py:3490} INFO - Setting next_dagrun for example_time_delta_sensor_async to None, run_after=None
[2026-09-28T00:43:00.525+0000] {processor.py:178} INFO - Processing /home/airflow/.local/lib/python3.7/site-packages/airflow/example_dags/example_time_delta_sensor_async.py took 0.141 seconds
[2026-09-28T00:43:31.651+0000] {processor.py:156} INFO - Started process (PID=31774) to work on /home/airflow/.local/lib/python3.7/site-packages/airflow/example_dags/example_time_delta_sensor_async.py
[2026-09-28T00:43:31.655+0000] {processor.py:799} INFO - Processing file /home/airflow/.local/lib/python3.7/site-packages/airflow/example_dags/example_time_delta_sensor_async.py for tasks to queue
[2026-09-28T00:43:31.656+0000] {logging_mixin.py:149} INFO - [2026-09-28T00:43:31.656+0000] {dagbag.py:541} INFO - Filling up the DagBag from /home/airflow/.local/lib/python3.7/site-packages/airflow/example_dags/example_time_delta_sensor_async.py
[2026-09-28T00:43:31.663+0000] {processor.py:809} INFO - DAG(s) dict_keys(['example_time_delta_sensor_async']) retrieved from /home/airflow/.local/lib/python3.7/site-packages/airflow/example_dags/example_time_delta_sensor_async.py
[2026-09-28T00:43:31.709+0000] {logging_mixin.py:149} INFO - [2026-09-28T00:43:31.709+0000] {dag.py:2726} INFO - Sync 1 DAGs
[2026-09-28T00:43:31.750+0000] {logging_mixin.py:149} INFO - [2026-09-28T00:43:31.750+0000] {dag.py:3490} INFO - Setting next_dagrun for example_time_delta_sensor_async to None, run_after=None
[2026-09-28T00:43:31.779+0000] {processor.py:178} INFO - Processing /home/airflow/.local/lib/python3.7/site-packages/airflow/example_dags/example_time_delta_sensor_async.py took 0.139 seconds
[2026-09-28T00:44:02.458+0000] {processor.py:156} INFO - Started process (PID=31834) to work on /home/airflow/.local/lib/python3.7/site-packages/airflow/example_dags/example_time_delta_sensor_async.py
[2026-09-28T00:44:02.460+0000] {processor.py:799} INFO - Processing file /home/airflow/.local/lib/python3.7/site-packages/airflow/example_dags/example_time_delta_sensor_async.py for tasks to queue
[2026-09-28T00:44:02.461+0000] {logging_mixin.py:149} INFO - [2026-09-28T00:44:02.461+0000] {dagbag.py:541} INFO - Filling up the DagBag from /home/airflow/.local/lib/python3.7/site-packages/airflow/example_dags/example_time_delta_sensor_async.py
[2026-09-28T00:44:02.470+0000] {processor.py:809} INFO - DAG(s) dict_keys(['example_time_delta_sensor_async']) retrieved from /home/airflow/.local/lib/python3.7/site-packages/airflow/example_dags/example_time_delta_sensor_async.py
[2026-09-28T00:44:02.522+0000] {logging_mixin.py:149} INFO - [2026-09-28T00:44:02.522+0000] {dag.py:2726} INFO - Sync 1 DAGs
[2026-09-28T00:44:02.567+0000] {logging_mixin.py:149} INFO - [2026-09-28T00:44:02.566+0000] {dag.py:3490} INFO - Setting next_dagrun for example_time_delta_sensor_async to None, run_after=None
[2026-09-28T00:44:02.599+0000] {processor.py:178} INFO - Processing /home/airflow/.local/lib/python3.7/site-packages/airflow/example_dags/example_time_delta_sensor_async.py took 0.148 seconds
[2026-09-28T00:44:32.860+0000] {processor.py:156} INFO - Started process (PID=31893) to work on /home/airflow/.local/lib/python3.7/site-packages/airflow/example_dags/example_time_delta_sensor_async.py
[2026-09-28T00:44:32.864+0000] {processor.py:799} INFO - Processing file /home/airflow/.local/lib/python3.7/site-packages/airflow/example_dags/example_time_delta_sensor_async.py for tasks to queue
[2026-09-28T00:44:32.865+0000] {logging_mixin.py:149} INFO - [2026-09-28T00:44:32.865+0000] {dagbag.py:541} INFO - Filling up the DagBag from /home/airflow/.local/lib/python3.7/site-packages/airflow/example_dags/example_time_delta_sensor_async.py
[2026-09-28T00:44:32.872+0000] {processor.py:809} INFO - DAG(s) dict_keys(['example_time_delta_sensor_async']) retrieved from /home/airflow/.local/lib/python3.7/site-packages/airflow/example_dags/example_time_delta_sensor_async.py
[2026-09-28T00:44:32.916+0000] {logging_mixin.py:149} INFO - [2026-09-28T00:44:32.916+0000] {dag.py:2726} INFO - Sync 1 DAGs
[2026-09-28T00:44:32.970+0000] {logging_mixin.py:149} INFO - [2026-09-28T00:44:32.970+0000] {dag.py:3490} INFO - Setting next_dagrun for example_time_delta_sensor_async to None, run_after=None
[2026-09-28T00:44:32.999+0000] {processor.py:178} INFO - Processing /home/airflow/.local/lib/python3.7/site-packages/airflow/example_dags/example_time_delta_sensor_async.py took 0.146 seconds
[2026-09-28T00:45:03.641+0000] {processor.py:156} INFO - Started process (PID=31952) to work on /home/airflow/.local/lib/python3.7/site-packages/airflow/example_dags/example_time_delta_sensor_async.py
[2026-09-28T00:45:03.644+0000] {processor.py:799} INFO - Processing file /home/airflow/.local/lib/python3.7/site-packages/airflow/example_dags/example_time_delta_sensor_async.py for tasks to queue
[2026-09-28T00:45:03.645+0000] {logging_mixin.py:149} INFO - [2026-09-28T00:45:03.645+0000] {dagbag.py:541} INFO - Filling up the DagBag from /home/airflow/.local/lib/python3.7/site-packages/airflow/example_dags/example_time_delta_sensor_async.py
[2026-09-28T00:45:03.652+0000] {processor.py:809} INFO - DAG(s) dict_keys(['example_time_delta_sensor_async']) retrieved from /home/airflow/.local/lib/python3.7/site-packages/airflow/example_dags/example_time_delta_sensor_async.py
[2026-09-28T00:45:03.694+0000] {logging_mixin.py:149} INFO - [2026-09-28T00:45:03.693+0000] {dag.py:2726} INFO - Sync 1 DAGs
[2026-09-28T00:45:03.741+0000] {logging_mixin.py:149} INFO - [2026-09-28T00:45:03.741+0000] {dag.py:3490} INFO - Setting next_dagrun for example_time_delta_sensor_async to None, run_after=None
[2026-09-28T00:45:03.772+0000] {processor.py:178} INFO - Processing /home/airflow/.local/lib/python3.7/site-packages/airflow/example_dags/example_time_delta_sensor_async.py took 0.137 seconds
[2026-09-28T00:45:34.518+0000] {processor.py:156} INFO - Started process (PID=32010) to work on /home/airflow/.local/lib/python3.7/site-packages/airflow/example_dags/example_time_delta_sensor_async.py
[2026-09-28T00:45:34.520+0000] {processor.py:799} INFO - Processing file /home/airflow/.local/lib/python3.7/site-packages/airflow/example_dags/example_time_delta_sensor_async.py for tasks to queue
[2026-09-28T00:45:34.521+0000] {logging_mixin.py:149} INFO - [2026-09-28T00:45:34.521+0000] {dagbag.py:541} INFO - Filling up the DagBag from /home/airflow/.local/lib/python3.7/site-packages/airflow/example_dags/example_time_delta_sensor_async.py
[2026-09-28T00:45:34.530+0000] {processor.py:809} INFO - DAG(s) dict_keys(['example_time_delta_sensor_async']) retrieved from /home/airflow/.local/lib/python3.7/site-packages/airflow/example_dags/example_time_delta_sensor_async.py
[2026-09-28T00:45:34.580+0000] {logging_mixin.py:149} INFO - [2026-09-28T00:45:34.580+0000] {dag.py:2726} INFO - Sync 1 DAGs
[2026-09-28T00:45:34.626+0000] {logging_mixin.py:149} INFO - [2026-09-28T00:45:34.625+0000] {dag.py:3490} INFO - Setting next_dagrun for example_time_delta_sensor_async to None, run_after=None
[2026-09-28T00:45:34.657+0000] {processor.py:178} INFO - Processing /home/airflow/.local/lib/python3.7/site-packages/airflow/example_dags/example_time_delta_sensor_async.py took 0.148 seconds
[2026-09-28T00:46:05.394+0000] {processor.py:156} INFO - Started process (PID=32069) to work on /home/airflow/.local/lib/python3.7/site-packages/airflow/example_dags/example_time_delta_sensor_async.py
[2026-09-28T00:46:05.396+0000] {processor.py:799} INFO - Processing file /home/airflow/.local/lib/python3.7/site-packages/airflow/example_dags/example_time_delta_sensor_async.py for tasks to queue
[2026-09-28T00:46:05.397+0000] {logging_mixin.py:149} INFO - [2026-09-28T00:46:05.397+0000] {dagbag.py:541} INFO - Filling up the DagBag from /home/airflow/.local/lib/python3.7/site-packages/airflow/example_dags/example_time_delta_sensor_async.py
[2026-09-28T00:46:05.405+0000] {processor.py:809} INFO - DAG(s) dict_keys(['example_time_delta_sensor_async']) retrieved from /home/airflow/.local/lib/python3.7/site-packages/airflow/example_dags/example_time_delta_sensor_async.py
[2026-09-28T00:46:05.456+0000] {logging_mixin.py:149} INFO - [2026-09-28T00:46:05.455+0000] {dag.py:2726} INFO - Sync 1 DAGs
[2026-09-28T00:46:05.504+0000] {logging_mixin.py:149} INFO - [2026-09-28T00:46:05.504+0000] {dag.py:3490} INFO - Setting next_dagrun for example_time_delta_sensor_async to None, run_after=None
[2026-09-28T00:46:05.542+0000] {processor.py:178} INFO - Processing /home/airflow/.local/lib/python3.7/site-packages/airflow/example_dags/example_time_delta_sensor_async.py took 0.153 seconds
[2026-09-28T00:46:36.813+0000] {processor.py:156} INFO - Started process (PID=32136) to work on /home/airflow/.local/lib/python3.7/site-packages/airflow/example_dags/example_time_delta_sensor_async.py
[2026-09-28T00:46:36.815+0000] {processor.py:799} INFO - Processing file /home/airflow/.local/lib/python3.7/site-packages/airflow/example_dags/example_time_delta_sensor_async.py for tasks to queue
[2026-09-28T00:46:36.816+0000] {logging_mixin.py:149} INFO - [2026-09-28T00:46:36.816+0000] {dagbag.py:541} INFO - Filling up the DagBag from /home/airflow/.local/lib/python3.7/site-packages/airflow/example_dags/example_time_delta_sensor_async.py
[2026-09-28T00:46:36.824+0000] {processor.py:809} INFO - DAG(s) dict_keys(['example_time_delta_sensor_async']) retrieved from /home/airflow/.local/lib/python3.7/site-packages/airflow/example_dags/example_time_delta_sensor_async.py
[2026-09-28T00:46:36.870+0000] {logging_mixin.py:149} INFO - [2026-09-28T00:46:36.869+0000] {dag.py:2726} INFO - Sync 1 DAGs
[2026-09-28T00:46:36.910+0000] {logging_mixin.py:149} INFO - [2026-09-28T00:46:36.910+0000] {dag.py:3490} INFO - Setting next_dagrun for example_time_delta_sensor_async to None, run_after=None
[2026-09-28T00:46:36.947+0000] {processor.py:178} INFO - Processing /home/airflow/.local/lib/python3.7/site-packages/airflow/example_dags/example_time_delta_sensor_async.py took 0.141 seconds
[2026-09-28T00:47:08.332+0000] {processor.py:156} INFO - Started process (PID=32194) to work on /home/airflow/.local/lib/python3.7/site-packages/airflow/example_dags/example_time_delta_sensor_async.py
[2026-09-28T00:47:08.334+0000] {processor.py:799} INFO - Processing file /home/airflow/.local/lib/python3.7/site-packages/airflow/example_dags/example_time_delta_sensor_async.py for tasks to queue
[2026-09-28T00:47:08.335+0000] {logging_mixin.py:149} INFO - [2026-09-28T00:47:08.335+0000] {dagbag.py:541} INFO - Filling up the DagBag from /home/airflow/.local/lib/python3.7/site-packages/airflow/example_dags/example_time_delta_sensor_async.py
[2026-09-28T00:47:08.342+0000] {processor.py:809} INFO - DAG(s) dict_keys(['example_time_delta_sensor_async']) retrieved from /home/airflow/.local/lib/python3.7/site-packages/airflow/example_dags/example_time_delta_sensor_async.py
[2026-09-28T00:47:08.392+0000] {logging_mixin.py:149} INFO - [2026-09-28T00:47:08.391+0000] {dag.py:2726} INFO - Sync 1 DAGs
[2026-09-28T00:47:08.440+0000] {logging_mixin.py:149} INFO - [2026-09-28T00:47:08.440+0000] {dag.py:3490} INFO - Setting next_dagrun for example_time_delta_sensor_async to None, run_after=None
[2026-09-28T00:47:08.473+0000] {processor.py:178} INFO - Processing /home/airflow/.local/lib/python3.7/site-packages/airflow/example_dags/example_time_delta_sensor_async.py took 0.147 seconds
[2026-09-28T00:47:40.911+0000] {processor.py:156} INFO - Started process (PID=32260) to work on /home/airflow/.local/lib/python3.7/site-packages/airflow/example_dags/example_time_delta_sensor_async.py
[2026-09-28T00:47:40.913+0000] {processor.py:799} INFO - Processing file /home/airflow/.local/lib/python3.7/site-packages/airflow/example_dags/example_time_delta_sensor_async.py for tasks to queue
[2026-09-28T00:47:40.914+0000] {logging_mixin.py:149} INFO - [2026-09-28T00:47:40.914+0000] {dagbag.py:541} INFO - Filling up the DagBag from /home/airflow/.local/lib/python3.7/site-packages/airflow/example_dags/example_time_delta_sensor_async.py
[2026-09-28T00:47:40.927+0000] {processor.py:809} INFO - DAG(s) dict_keys(['example_time_delta_sensor_async']) retrieved from /home/airflow/.local/lib/python3.7/site-packages/airflow/example_dags/example_time_delta_sensor_async.py
[2026-09-28T00:47:40.986+0000] {logging_mixin.py:149} INFO - [2026-09-28T00:47:40.986+0000] {dag.py:2726} INFO - Sync 1 DAGs
[2026-09-28T00:47:41.042+0000] {logging_mixin.py:149} INFO - [2026-09-28T00:47:41.041+0000] {dag.py:3490} INFO - Setting next_dagrun for example_time_delta_sensor_async to None, run_after=None
[2026-09-28T00:47:41.070+0000] {processor.py:178} INFO - Processing /home/airflow/.local/lib/python3.7/site-packages/airflow/example_dags/example_time_delta_sensor_async.py took 0.165 seconds
[2026-09-28T00:48:11.683+0000] {processor.py:156} INFO - Started process (PID=32319) to work on /home/airflow/.local/lib/python3.7/site-packages/airflow/example_dags/example_time_delta_sensor_async.py
[2026-09-28T00:48:11.684+0000] {processor.py:799} INFO - Processing file /home/airflow/.local/lib/python3.7/site-packages/airflow/example_dags/example_time_delta_sensor_async.py for tasks to queue
[2026-09-28T00:48:11.685+0000] {logging_mixin.py:149} INFO - [2026-09-28T00:48:11.685+0000] {dagbag.py:541} INFO - Filling up the DagBag from /home/airflow/.local/lib/python3.7/site-packages/airflow/example_dags/example_time_delta_sensor_async.py
[2026-09-28T00:48:11.692+0000] {processor.py:809} INFO - DAG(s) dict_keys(['example_time_delta_sensor_async']) retrieved from /home/airflow/.local/lib/python3.7/site-packages/airflow/example_dags/example_time_delta_sensor_async.py
[2026-09-28T00:48:11.737+0000] {logging_mixin.py:149} INFO - [2026-09-28T00:48:11.737+0000] {dag.py:2726} INFO - Sync 1 DAGs
[2026-09-28T00:48:11.784+0000] {logging_mixin.py:149} INFO - [2026-09-28T00:48:11.784+0000] {dag.py:3490} INFO - Setting next_dagrun for example_time_delta_sensor_async to None, run_after=None
[2026-09-28T00:48:11.817+0000] {processor.py:178} INFO - Processing /home/airflow/.local/lib/python3.7/site-packages/airflow/example_dags/example_time_delta_sensor_async.py took 0.140 seconds
[2026-09-28T00:48:42.139+0000] {processor.py:156} INFO - Started process (PID=32378) to work on /home/airflow/.local/lib/python3.7/site-packages/airflow/example_dags/example_time_delta_sensor_async.py
[2026-09-28T00:48:42.144+0000] {processor.py:799} INFO - Processing file /home/airflow/.local/lib/python3.7/site-packages/airflow/example_dags/example_time_delta_sensor_async.py for tasks to queue
[2026-09-28T00:48:42.145+0000] {logging_mixin.py:149} INFO - [2026-09-28T00:48:42.145+0000] {dagbag.py:541} INFO - Filling up the DagBag from /home/airflow/.local/lib/python3.7/site-packages/airflow/example_dags/example_time_delta_sensor_async.py
[2026-09-28T00:48:42.153+0000] {processor.py:809} INFO - DAG(s) dict_keys(['example_time_delta_sensor_async']) retrieved from /home/airflow/.local/lib/python3.7/site-packages/airflow/example_dags/example_time_delta_sensor_async.py
[2026-09-28T00:48:42.201+0000] {logging_mixin.py:149} INFO - [2026-09-28T00:48:42.201+0000] {dag.py:2726} INFO - Sync 1 DAGs
[2026-09-28T00:48:42.247+0000] {logging_mixin.py:149} INFO - [2026-09-28T00:48:42.247+0000] {dag.py:3490} INFO - Setting next_dagrun for example_time_delta_sensor_async to None, run_after=None
[2026-09-28T00:48:42.286+0000] {processor.py:178} INFO - Processing /home/airflow/.local/lib/python3.7/site-packages/airflow/example_dags/example_time_delta_sensor_async.py took 0.160 seconds
[2026-09-28T00:49:12.724+0000] {processor.py:156} INFO - Started process (PID=32439) to work on /home/airflow/.local/lib/python3.7/site-packages/airflow/example_dags/example_time_delta_sensor_async.py
[2026-09-28T00:49:12.726+0000] {processor.py:799} INFO - Processing file /home/airflow/.local/lib/python3.7/site-packages/airflow/example_dags/example_time_delta_sensor_async.py for tasks to queue
[2026-09-28T00:49:12.727+0000] {logging_mixin.py:149} INFO - [2026-09-28T00:49:12.727+0000] {dagbag.py:541} INFO - Filling up the DagBag from /home/airflow/.local/lib/python3.7/site-packages/airflow/example_dags/example_time_delta_sensor_async.py
[2026-09-28T00:49:12.735+0000] {processor.py:809} INFO - DAG(s) dict_keys(['example_time_delta_sensor_async']) retrieved from /home/airflow/.local/lib/python3.7/site-packages/airflow/example_dags/example_time_delta_sensor_async.py
[2026-09-28T00:49:12.780+0000] {logging_mixin.py:149} INFO - [2026-09-28T00:49:12.779+0000] {dag.py:2726} INFO - Sync 1 DAGs
[2026-09-28T00:49:12.823+0000] {logging_mixin.py:149} INFO - [2026-09-28T00:49:12.823+0000] {dag.py:3490} INFO - Setting next_dagrun for example_time_delta_sensor_async to None, run_after=None
[2026-09-28T00:49:12.853+0000] {processor.py:178} INFO - Processing /home/airflow/.local/lib/python3.7/site-packages/airflow/example_dags/example_time_delta_sensor_async.py took 0.137 seconds
[2026-09-28T00:49:43.093+0000] {processor.py:156} INFO - Started process (PID=32498) to work on /home/airflow/.local/lib/python3.7/site-packages/airflow/example_dags/example_time_delta_sensor_async.py
[2026-09-28T00:49:43.095+0000] {processor.py:799} INFO - Processing file /home/airflow/.local/lib/python3.7/site-packages/airflow/example_dags/example_time_delta_sensor_async.py for tasks to queue
[2026-09-28T00:49:43.097+0000] {logging_mixin.py:149} INFO - [2026-09-28T00:49:43.097+0000] {dagbag.py:541} INFO - Filling up the DagBag from /home/airflow/.local/lib/python3.7/site-packages/airflow/example_dags/example_time_delta_sensor_async.py
[2026-09-28T00:49:43.106+0000] {processor.py:809} INFO - DAG(s) dict_keys(['example_time_delta_sensor_async']) retrieved from /home/airflow/.local/lib/python3.7/site-packages/airflow/example_dags/example_time_delta_sensor_async.py
[2026-09-28T00:49:43.154+0000] {logging_mixin.py:149} INFO - [2026-09-28T00:49:43.154+0000] {dag.py:2726} INFO - Sync 1 DAGs
[2026-09-28T00:49:43.200+0000] {logging_mixin.py:149} INFO - [2026-09-28T00:49:43.200+0000] {dag.py:3490} INFO - Setting next_dagrun for example_time_delta_sensor_async to None, run_after=None
[2026-09-28T00:49:43.232+0000] {processor.py:178} INFO - Processing /home/airflow/.local/lib/python3.7/site-packages/airflow/example_dags/example_time_delta_sensor_async.py took 0.146 seconds
[2026-09-28T00:50:13.774+0000] {processor.py:156} INFO - Started process (PID=32560) to work on /home/airflow/.local/lib/python3.7/site-packages/airflow/example_dags/example_time_delta_sensor_async.py
[2026-09-28T00:50:13.779+0000] {processor.py:799} INFO - Processing file /home/airflow/.local/lib/python3.7/site-packages/airflow/example_dags/example_time_delta_sensor_async.py for tasks to queue
[2026-09-28T00:50:13.780+0000] {logging_mixin.py:149} INFO - [2026-09-28T00:50:13.780+0000] {dagbag.py:541} INFO - Filling up the DagBag from /home/airflow/.local/lib/python3.7/site-packages/airflow/example_dags/example_time_delta_sensor_async.py
[2026-09-28T00:50:13.792+0000] {processor.py:809} INFO - DAG(s) dict_keys(['example_time_delta_sensor_async']) retrieved from /home/airflow/.local/lib/python3.7/site-packages/airflow/example_dags/example_time_delta_sensor_async.py
[2026-09-28T00:50:13.834+0000] {logging_mixin.py:149} INFO - [2026-09-28T00:50:13.834+0000] {dag.py:2726} INFO - Sync 1 DAGs
[2026-09-28T00:50:13.879+0000] {logging_mixin.py:149} INFO - [2026-09-28T00:50:13.878+0000] {dag.py:3490} INFO - Setting next_dagrun for example_time_delta_sensor_async to None, run_after=None
[2026-09-28T00:50:13.913+0000] {processor.py:178} INFO - Processing /home/airflow/.local/lib/python3.7/site-packages/airflow/example_dags/example_time_delta_sensor_async.py took 0.145 seconds
[2026-09-28T00:50:44.324+0000] {processor.py:156} INFO - Started process (PID=32619) to work on /home/airflow/.local/lib/python3.7/site-packages/airflow/example_dags/example_time_delta_sensor_async.py
[2026-09-28T00:50:44.326+0000] {processor.py:799} INFO - Processing file /home/airflow/.local/lib/python3.7/site-packages/airflow/example_dags/example_time_delta_sensor_async.py for tasks to queue
[2026-09-28T00:50:44.328+0000] {logging_mixin.py:149} INFO - [2026-09-28T00:50:44.327+0000] {dagbag.py:541} INFO - Filling up the DagBag from /home/airflow/.local/lib/python3.7/site-packages/airflow/example_dags/example_time_delta_sensor_async.py
[2026-09-28T00:50:44.335+0000] {processor.py:809} INFO - DAG(s) dict_keys(['example_time_delta_sensor_async']) retrieved from /home/airflow/.local/lib/python3.7/site-packages/airflow/example_dags/example_time_delta_sensor_async.py
[2026-09-28T00:50:44.384+0000] {logging_mixin.py:149} INFO - [2026-09-28T00:50:44.384+0000] {dag.py:2726} INFO - Sync 1 DAGs
[2026-09-28T00:50:44.433+0000] {logging_mixin.py:149} INFO - [2026-09-28T00:50:44.433+0000] {dag.py:3490} INFO - Setting next_dagrun for example_time_delta_sensor_async to None, run_after=None
[2026-09-28T00:50:44.472+0000] {processor.py:178} INFO - Processing /home/airflow/.local/lib/python3.7/site-packages/airflow/example_dags/example_time_delta_sensor_async.py took 0.153 seconds
[2026-09-28T00:51:14.792+0000] {processor.py:156} INFO - Started process (PID=32678) to work on /home/airflow/.local/lib/python3.7/site-packages/airflow/example_dags/example_time_delta_sensor_async.py
[2026-09-28T00:51:14.798+0000] {processor.py:799} INFO - Processing file /home/airflow/.local/lib/python3.7/site-packages/airflow/example_dags/example_time_delta_sensor_async.py for tasks to queue
[2026-09-28T00:51:14.799+0000] {logging_mixin.py:149} INFO - [2026-09-28T00:51:14.799+0000] {dagbag.py:541} INFO - Filling up the DagBag from /home/airflow/.local/lib/python3.7/site-packages/airflow/example_dags/example_time_delta_sensor_async.py
[2026-09-28T00:51:14.808+0000] {processor.py:809} INFO - DAG(s) dict_keys(['example_time_delta_sensor_async']) retrieved from /home/airflow/.local/lib/python3.7/site-packages/airflow/example_dags/example_time_delta_sensor_async.py
[2026-09-28T00:51:14.852+0000] {logging_mixin.py:149} INFO - [2026-09-28T00:51:14.851+0000] {dag.py:2726} INFO - Sync 1 DAGs
[2026-09-28T00:51:14.903+0000] {logging_mixin.py:149} INFO - [2026-09-28T00:51:14.902+0000] {dag.py:3490} INFO - Setting next_dagrun for example_time_delta_sensor_async to None, run_after=None
[2026-09-28T00:51:14.930+0000] {processor.py:178} INFO - Processing /home/airflow/.local/lib/python3.7/site-packages/airflow/example_dags/example_time_delta_sensor_async.py took 0.144 seconds
[2026-09-28T00:51:45.022+0000] {processor.py:156} INFO - Started process (PID=32737) to work on /home/airflow/.local/lib/python3.7/site-packages/airflow/example_dags/example_time_delta_sensor_async.py
[2026-09-28T00:51:45.024+0000] {processor.py:799} INFO - Processing file /home/airflow/.local/lib/python3.7/site-packages/airflow/example_dags/example_time_delta_sensor_async.py for tasks to queue
[2026-09-28T00:51:45.025+0000] {logging_mixin.py:149} INFO - [2026-09-28T00:51:45.025+0000] {dagbag.py:541} INFO - Filling up the DagBag from /home/airflow/.local/lib/python3.7/site-packages/airflow/example_dags/example_time_delta_sensor_async.py
[2026-09-28T00:51:45.033+0000] {processor.py:809} INFO - DAG(s) dict_keys(['example_time_delta_sensor_async']) retrieved from /home/airflow/.local/lib/python3.7/site-packages/airflow/example_dags/example_time_delta_sensor_async.py
[2026-09-28T00:51:45.084+0000] {logging_mixin.py:149} INFO - [2026-09-28T00:51:45.084+0000] {dag.py:2726} INFO - Sync 1 DAGs
[2026-09-28T00:51:45.134+0000] {logging_mixin.py:149} INFO - [2026-09-28T00:51:45.133+0000] {dag.py:3490} INFO - Setting next_dagrun for example_time_delta_sensor_async to None, run_after=None
[2026-09-28T00:51:45.168+0000] {processor.py:178} INFO - Processing /home/airflow/.local/lib/python3.7/site-packages/airflow/example_dags/example_time_delta_sensor_async.py took 0.153 seconds
[2026-09-28T00:52:15.881+0000] {processor.py:156} INFO - Started process (PID=32796) to work on /home/airflow/.local/lib/python3.7/site-packages/airflow/example_dags/example_time_delta_sensor_async.py
[2026-09-28T00:52:15.883+0000] {processor.py:799} INFO - Processing file /home/airflow/.local/lib/python3.7/site-packages/airflow/example_dags/example_time_delta_sensor_async.py for tasks to queue
[2026-09-28T00:52:15.885+0000] {logging_mixin.py:149} INFO - [2026-09-28T00:52:15.884+0000] {dagbag.py:541} INFO - Filling up the DagBag from /home/airflow/.local/lib/python3.7/site-packages/airflow/example_dags/example_time_delta_sensor_async.py
[2026-09-28T00:52:15.892+0000] {processor.py:809} INFO - DAG(s) dict_keys(['example_time_delta_sensor_async']) retrieved from /home/airflow/.local/lib/python3.7/site-packages/airflow/example_dags/example_time_delta_sensor_async.py
[2026-09-28T00:52:15.942+0000] {logging_mixin.py:149} INFO - [2026-09-28T00:52:15.942+0000] {dag.py:2726} INFO - Sync 1 DAGs
[2026-09-28T00:52:15.991+0000] {logging_mixin.py:149} INFO - [2026-09-28T00:52:15.991+0000] {dag.py:3490} INFO - Setting next_dagrun for example_time_delta_sensor_async to None, run_after=None
[2026-09-28T00:52:16.024+0000] {processor.py:178} INFO - Processing /home/airflow/.local/lib/python3.7/site-packages/airflow/example_dags/example_time_delta_sensor_async.py took 0.149 seconds
[2026-09-28T00:52:47.204+0000] {processor.py:156} INFO - Started process (PID=32855) to work on /home/airflow/.local/lib/python3.7/site-packages/airflow/example_dags/example_time_delta_sensor_async.py
[2026-09-28T00:52:47.210+0000] {processor.py:799} INFO - Processing file /home/airflow/.local/lib/python3.7/site-packages/airflow/example_dags/example_time_delta_sensor_async.py for tasks to queue
[2026-09-28T00:52:47.211+0000] {logging_mixin.py:149} INFO - [2026-09-28T00:52:47.211+0000] {dagbag.py:541} INFO - Filling up the DagBag from /home/airflow/.local/lib/python3.7/site-packages/airflow/example_dags/example_time_delta_sensor_async.py
[2026-09-28T00:52:47.218+0000] {processor.py:809} INFO - DAG(s) dict_keys(['example_time_delta_sensor_async']) retrieved from /home/airflow/.local/lib/python3.7/site-packages/airflow/example_dags/example_time_delta_sensor_async.py
[2026-09-28T00:52:47.264+0000] {logging_mixin.py:149} INFO - [2026-09-28T00:52:47.263+0000] {dag.py:2726} INFO - Sync 1 DAGs
[2026-09-28T00:52:47.313+0000] {logging_mixin.py:149} INFO - [2026-09-28T00:52:47.313+0000] {dag.py:3490} INFO - Setting next_dagrun for example_time_delta_sensor_async to None, run_after=None
[2026-09-28T00:52:47.352+0000] {processor.py:178} INFO - Processing /home/airflow/.local/lib/python3.7/site-packages/airflow/example_dags/example_time_delta_sensor_async.py took 0.158 seconds
[2026-09-28T00:53:18.100+0000] {processor.py:156} INFO - Started process (PID=32910) to work on /home/airflow/.local/lib/python3.7/site-packages/airflow/example_dags/example_time_delta_sensor_async.py
[2026-09-28T00:53:18.101+0000] {processor.py:799} INFO - Processing file /home/airflow/.local/lib/python3.7/site-packages/airflow/example_dags/example_time_delta_sensor_async.py for tasks to queue
[2026-09-28T00:53:18.102+0000] {logging_mixin.py:149} INFO - [2026-09-28T00:53:18.102+0000] {dagbag.py:541} INFO - Filling up the DagBag from /home/airflow/.local/lib/python3.7/site-packages/airflow/example_dags/example_time_delta_sensor_async.py
[2026-09-28T00:53:18.110+0000] {processor.py:809} INFO - DAG(s) dict_keys(['example_time_delta_sensor_async']) retrieved from /home/airflow/.local/lib/python3.7/site-packages/airflow/example_dags/example_time_delta_sensor_async.py
[2026-09-28T00:53:18.159+0000] {logging_mixin.py:149} INFO - [2026-09-28T00:53:18.159+0000] {dag.py:2726} INFO - Sync 1 DAGs
[2026-09-28T00:53:18.209+0000] {logging_mixin.py:149} INFO - [2026-09-28T00:53:18.209+0000] {dag.py:3490} INFO - Setting next_dagrun for example_time_delta_sensor_async to None, run_after=None
[2026-09-28T00:53:18.241+0000] {processor.py:178} INFO - Processing /home/airflow/.local/lib/python3.7/site-packages/airflow/example_dags/example_time_delta_sensor_async.py took 0.149 seconds
[2026-09-28T00:53:49.339+0000] {processor.py:156} INFO - Started process (PID=32967) to work on /home/airflow/.local/lib/python3.7/site-packages/airflow/example_dags/example_time_delta_sensor_async.py
[2026-09-28T00:53:49.345+0000] {processor.py:799} INFO - Processing file /home/airflow/.local/lib/python3.7/site-packages/airflow/example_dags/example_time_delta_sensor_async.py for tasks to queue
[2026-09-28T00:53:49.346+0000] {logging_mixin.py:149} INFO - [2026-09-28T00:53:49.345+0000] {dagbag.py:541} INFO - Filling up the DagBag from /home/airflow/.local/lib/python3.7/site-packages/airflow/example_dags/example_time_delta_sensor_async.py
[2026-09-28T00:53:49.352+0000] {processor.py:809} INFO - DAG(s) dict_keys(['example_time_delta_sensor_async']) retrieved from /home/airflow/.local/lib/python3.7/site-packages/airflow/example_dags/example_time_delta_sensor_async.py
[2026-09-28T00:53:49.394+0000] {logging_mixin.py:149} INFO - [2026-09-28T00:53:49.394+0000] {dag.py:2726} INFO - Sync 1 DAGs
[2026-09-28T00:53:49.443+0000] {logging_mixin.py:149} INFO - [2026-09-28T00:53:49.442+0000] {dag.py:3490} INFO - Setting next_dagrun for example_time_delta_sensor_async to None, run_after=None
[2026-09-28T00:53:49.471+0000] {processor.py:178} INFO - Processing /home/airflow/.local/lib/python3.7/site-packages/airflow/example_dags/example_time_delta_sensor_async.py took 0.138 seconds
[2026-09-28T00:54:20.428+0000] {processor.py:156} INFO - Started process (PID=33025) to work on /home/airflow/.local/lib/python3.7/site-packages/airflow/example_dags/example_time_delta_sensor_async.py
[2026-09-28T00:54:20.430+0000] {processor.py:799} INFO - Processing file /home/airflow/.local/lib/python3.7/site-packages/airflow/example_dags/example_time_delta_sensor_async.py for tasks to queue
[2026-09-28T00:54:20.431+0000] {logging_mixin.py:149} INFO - [2026-09-28T00:54:20.430+0000] {dagbag.py:541} INFO - Filling up the DagBag from /home/airflow/.local/lib/python3.7/site-packages/airflow/example_dags/example_time_delta_sensor_async.py
[2026-09-28T00:54:20.439+0000] {processor.py:809} INFO - DAG(s) dict_keys(['example_time_delta_sensor_async']) retrieved from /home/airflow/.local/lib/python3.7/site-packages/airflow/example_dags/example_time_delta_sensor_async.py
[2026-09-28T00:54:20.485+0000] {logging_mixin.py:149} INFO - [2026-09-28T00:54:20.484+0000] {dag.py:2726} INFO - Sync 1 DAGs
[2026-09-28T00:54:20.527+0000] {logging_mixin.py:149} INFO - [2026-09-28T00:54:20.527+0000] {dag.py:3490} INFO - Setting next_dagrun for example_time_delta_sensor_async to None, run_after=None
[2026-09-28T00:54:20.555+0000] {processor.py:178} INFO - Processing /home/airflow/.local/lib/python3.7/site-packages/airflow/example_dags/example_time_delta_sensor_async.py took 0.136 seconds
[2026-09-28T00:54:52.197+0000] {processor.py:156} INFO - Started process (PID=33084) to work on /home/airflow/.local/lib/python3.7/site-packages/airflow/example_dags/example_time_delta_sensor_async.py
[2026-09-28T00:54:52.201+0000] {processor.py:799} INFO - Processing file /home/airflow/.local/lib/python3.7/site-packages/airflow/example_dags/example_time_delta_sensor_async.py for tasks to queue
[2026-09-28T00:54:52.202+0000] {logging_mixin.py:149} INFO - [2026-09-28T00:54:52.202+0000] {dagbag.py:541} INFO - Filling up the DagBag from /home/airflow/.local/lib/python3.7/site-packages/airflow/example_dags/example_time_delta_sensor_async.py
[2026-09-28T00:54:52.211+0000] {processor.py:809} INFO - DAG(s) dict_keys(['example_time_delta_sensor_async']) retrieved from /home/airflow/.local/lib/python3.7/site-packages/airflow/example_dags/example_time_delta_sensor_async.py
[2026-09-28T00:54:52.256+0000] {logging_mixin.py:149} INFO - [2026-09-28T00:54:52.255+0000] {dag.py:2726} INFO - Sync 1 DAGs
[2026-09-28T00:54:52.328+0000] {logging_mixin.py:149} INFO - [2026-09-28T00:54:52.328+0000] {dag.py:3490} INFO - Setting next_dagrun for example_time_delta_sensor_async to None, run_after=None
[2026-09-28T00:54:52.379+0000] {processor.py:178} INFO - Processing /home/airflow/.local/lib/python3.7/site-packages/airflow/example_dags/example_time_delta_sensor_async.py took 0.187 seconds
[2026-09-28T00:55:22.703+0000] {processor.py:156} INFO - Started process (PID=33141) to work on /home/airflow/.local/lib/python3.7/site-packages/airflow/example_dags/example_time_delta_sensor_async.py
[2026-09-28T00:55:22.704+0000] {processor.py:799} INFO - Processing file /home/airflow/.local/lib/python3.7/site-packages/airflow/example_dags/example_time_delta_sensor_async.py for tasks to queue
[2026-09-28T00:55:22.705+0000] {logging_mixin.py:149} INFO - [2026-09-28T00:55:22.705+0000] {dagbag.py:541} INFO - Filling up the DagBag from /home/airflow/.local/lib/python3.7/site-packages/airflow/example_dags/example_time_delta_sensor_async.py
[2026-09-28T00:55:22.712+0000] {processor.py:809} INFO - DAG(s) dict_keys(['example_time_delta_sensor_async']) retrieved from /home/airflow/.local/lib/python3.7/site-packages/airflow/example_dags/example_time_delta_sensor_async.py
[2026-09-28T00:55:22.761+0000] {logging_mixin.py:149} INFO - [2026-09-28T00:55:22.761+0000] {dag.py:2726} INFO - Sync 1 DAGs
[2026-09-28T00:55:22.805+0000] {logging_mixin.py:149} INFO - [2026-09-28T00:55:22.805+0000] {dag.py:3490} INFO - Setting next_dagrun for example_time_delta_sensor_async to None, run_after=None
[2026-09-28T00:55:22.834+0000] {processor.py:178} INFO - Processing /home/airflow/.local/lib/python3.7/site-packages/airflow/example_dags/example_time_delta_sensor_async.py took 0.137 seconds
[2026-09-28T00:55:53.643+0000] {processor.py:156} INFO - Started process (PID=33199) to work on /home/airflow/.local/lib/python3.7/site-packages/airflow/example_dags/example_time_delta_sensor_async.py
[2026-09-28T00:55:53.645+0000] {processor.py:799} INFO - Processing file /home/airflow/.local/lib/python3.7/site-packages/airflow/example_dags/example_time_delta_sensor_async.py for tasks to queue
[2026-09-28T00:55:53.647+0000] {logging_mixin.py:149} INFO - [2026-09-28T00:55:53.646+0000] {dagbag.py:541} INFO - Filling up the DagBag from /home/airflow/.local/lib/python3.7/site-packages/airflow/example_dags/example_time_delta_sensor_async.py
[2026-09-28T00:55:53.654+0000] {processor.py:809} INFO - DAG(s) dict_keys(['example_time_delta_sensor_async']) retrieved from /home/airflow/.local/lib/python3.7/site-packages/airflow/example_dags/example_time_delta_sensor_async.py
[2026-09-28T00:55:53.693+0000] {logging_mixin.py:149} INFO - [2026-09-28T00:55:53.692+0000] {dag.py:2726} INFO - Sync 1 DAGs
[2026-09-28T00:55:53.734+0000] {logging_mixin.py:149} INFO - [2026-09-28T00:55:53.734+0000] {dag.py:3490} INFO - Setting next_dagrun for example_time_delta_sensor_async to None, run_after=None
[2026-09-28T00:55:53.761+0000] {processor.py:178} INFO - Processing /home/airflow/.local/lib/python3.7/site-packages/airflow/example_dags/example_time_delta_sensor_async.py took 0.124 seconds
[2026-09-28T00:56:24.603+0000] {processor.py:156} INFO - Started process (PID=33258) to work on /home/airflow/.local/lib/python3.7/site-packages/airflow/example_dags/example_time_delta_sensor_async.py
[2026-09-28T00:56:24.605+0000] {processor.py:799} INFO - Processing file /home/airflow/.local/lib/python3.7/site-packages/airflow/example_dags/example_time_delta_sensor_async.py for tasks to queue
[2026-09-28T00:56:24.607+0000] {logging_mixin.py:149} INFO - [2026-09-28T00:56:24.606+0000] {dagbag.py:541} INFO - Filling up the DagBag from /home/airflow/.local/lib/python3.7/site-packages/airflow/example_dags/example_time_delta_sensor_async.py
[2026-09-28T00:56:24.615+0000] {processor.py:809} INFO - DAG(s) dict_keys(['example_time_delta_sensor_async']) retrieved from /home/airflow/.local/lib/python3.7/site-packages/airflow/example_dags/example_time_delta_sensor_async.py
[2026-09-28T00:56:24.658+0000] {logging_mixin.py:149} INFO - [2026-09-28T00:56:24.658+0000] {dag.py:2726} INFO - Sync 1 DAGs
[2026-09-28T00:56:24.700+0000] {logging_mixin.py:149} INFO - [2026-09-28T00:56:24.700+0000] {dag.py:3490} INFO - Setting next_dagrun for example_time_delta_sensor_async to None, run_after=None
[2026-09-28T00:56:24.731+0000] {processor.py:178} INFO - Processing /home/airflow/.local/lib/python3.7/site-packages/airflow/example_dags/example_time_delta_sensor_async.py took 0.134 seconds
[2026-09-28T00:56:55.874+0000] {processor.py:156} INFO - Started process (PID=33317) to work on /home/airflow/.local/lib/python3.7/site-packages/airflow/example_dags/example_time_delta_sensor_async.py
[2026-09-28T00:56:55.877+0000] {processor.py:799} INFO - Processing file /home/airflow/.local/lib/python3.7/site-packages/airflow/example_dags/example_time_delta_sensor_async.py for tasks to queue
[2026-09-28T00:56:55.878+0000] {logging_mixin.py:149} INFO - [2026-09-28T00:56:55.878+0000] {dagbag.py:541} INFO - Filling up the DagBag from /home/airflow/.local/lib/python3.7/site-packages/airflow/example_dags/example_time_delta_sensor_async.py
[2026-09-28T00:56:55.887+0000] {processor.py:809} INFO - DAG(s) dict_keys(['example_time_delta_sensor_async']) retrieved from /home/airflow/.local/lib/python3.7/site-packages/airflow/example_dags/example_time_delta_sensor_async.py
[2026-09-28T00:56:55.934+0000] {logging_mixin.py:149} INFO - [2026-09-28T00:56:55.933+0000] {dag.py:2726} INFO - Sync 1 DAGs
[2026-09-28T00:56:55.978+0000] {logging_mixin.py:149} INFO - [2026-09-28T00:56:55.978+0000] {dag.py:3490} INFO - Setting next_dagrun for example_time_delta_sensor_async to None, run_after=None
[2026-09-28T00:56:56.006+0000] {processor.py:178} INFO - Processing /home/airflow/.local/lib/python3.7/site-packages/airflow/example_dags/example_time_delta_sensor_async.py took 0.138 seconds
[2026-09-28T00:57:27.254+0000] {processor.py:156} INFO - Started process (PID=33376) to work on /home/airflow/.local/lib/python3.7/site-packages/airflow/example_dags/example_time_delta_sensor_async.py
[2026-09-28T00:57:27.256+0000] {processor.py:799} INFO - Processing file /home/airflow/.local/lib/python3.7/site-packages/airflow/example_dags/example_time_delta_sensor_async.py for tasks to queue
[2026-09-28T00:57:27.257+0000] {logging_mixin.py:149} INFO - [2026-09-28T00:57:27.257+0000] {dagbag.py:541} INFO - Filling up the DagBag from /home/airflow/.local/lib/python3.7/site-packages/airflow/example_dags/example_time_delta_sensor_async.py
[2026-09-28T00:57:27.264+0000] {processor.py:809} INFO - DAG(s) dict_keys(['example_time_delta_sensor_async']) retrieved from /home/airflow/.local/lib/python3.7/site-packages/airflow/example_dags/example_time_delta_sensor_async.py
[2026-09-28T00:57:27.311+0000] {logging_mixin.py:149} INFO - [2026-09-28T00:57:27.310+0000] {dag.py:2726} INFO - Sync 1 DAGs
[2026-09-28T00:57:27.352+0000] {logging_mixin.py:149} INFO - [2026-09-28T00:57:27.352+0000] {dag.py:3490} INFO - Setting next_dagrun for example_time_delta_sensor_async to None, run_after=None
[2026-09-28T00:57:27.387+0000] {processor.py:178} INFO - Processing /home/airflow/.local/lib/python3.7/site-packages/airflow/example_dags/example_time_delta_sensor_async.py took 0.142 seconds
[2026-09-28T00:57:57.788+0000] {processor.py:156} INFO - Started process (PID=33435) to work on /home/airflow/.local/lib/python3.7/site-packages/airflow/example_dags/example_time_delta_sensor_async.py
[2026-09-28T00:57:57.790+0000] {processor.py:799} INFO - Processing file /home/airflow/.local/lib/python3.7/site-packages/airflow/example_dags/example_time_delta_sensor_async.py for tasks to queue
[2026-09-28T00:57:57.790+0000] {logging_mixin.py:149} INFO - [2026-09-28T00:57:57.790+0000] {dagbag.py:541} INFO - Filling up the DagBag from /home/airflow/.local/lib/python3.7/site-packages/airflow/example_dags/example_time_delta_sensor_async.py
[2026-09-28T00:57:57.798+0000] {processor.py:809} INFO - DAG(s) dict_keys(['example_time_delta_sensor_async']) retrieved from /home/airflow/.local/lib/python3.7/site-packages/airflow/example_dags/example_time_delta_sensor_async.py
[2026-09-28T00:57:57.840+0000] {logging_mixin.py:149} INFO - [2026-09-28T00:57:57.840+0000] {dag.py:2726} INFO - Sync 1 DAGs
[2026-09-28T00:57:57.885+0000] {logging_mixin.py:149} INFO - [2026-09-28T00:57:57.885+0000] {dag.py:3490} INFO - Setting next_dagrun for example_time_delta_sensor_async to None, run_after=None
[2026-09-28T00:57:57.919+0000] {processor.py:178} INFO - Processing /home/airflow/.local/lib/python3.7/site-packages/airflow/example_dags/example_time_delta_sensor_async.py took 0.136 seconds
[2026-09-28T00:58:29.161+0000] {processor.py:156} INFO - Started process (PID=33494) to work on /home/airflow/.local/lib/python3.7/site-packages/airflow/example_dags/example_time_delta_sensor_async.py
[2026-09-28T00:58:29.164+0000] {processor.py:799} INFO - Processing file /home/airflow/.local/lib/python3.7/site-packages/airflow/example_dags/example_time_delta_sensor_async.py for tasks to queue
[2026-09-28T00:58:29.165+0000] {logging_mixin.py:149} INFO - [2026-09-28T00:58:29.165+0000] {dagbag.py:541} INFO - Filling up the DagBag from /home/airflow/.local/lib/python3.7/site-packages/airflow/example_dags/example_time_delta_sensor_async.py
[2026-09-28T00:58:29.173+0000] {processor.py:809} INFO - DAG(s) dict_keys(['example_time_delta_sensor_async']) retrieved from /home/airflow/.local/lib/python3.7/site-packages/airflow/example_dags/example_time_delta_sensor_async.py
[2026-09-28T00:58:29.218+0000] {logging_mixin.py:149} INFO - [2026-09-28T00:58:29.218+0000] {dag.py:2726} INFO - Sync 1 DAGs
[2026-09-28T00:58:29.269+0000] {logging_mixin.py:149} INFO - [2026-09-28T00:58:29.268+0000] {dag.py:3490} INFO - Setting next_dagrun for example_time_delta_sensor_async to None, run_after=None
[2026-09-28T00:58:29.299+0000] {processor.py:178} INFO - Processing /home/airflow/.local/lib/python3.7/site-packages/airflow/example_dags/example_time_delta_sensor_async.py took 0.144 seconds
[2026-09-28T00:58:59.707+0000] {processor.py:156} INFO - Started process (PID=33553) to work on /home/airflow/.local/lib/python3.7/site-packages/airflow/example_dags/example_time_delta_sensor_async.py
[2026-09-28T00:58:59.708+0000] {processor.py:799} INFO - Processing file /home/airflow/.local/lib/python3.7/site-packages/airflow/example_dags/example_time_delta_sensor_async.py for tasks to queue
[2026-09-28T00:58:59.709+0000] {logging_mixin.py:149} INFO - [2026-09-28T00:58:59.709+0000] {dagbag.py:541} INFO - Filling up the DagBag from /home/airflow/.local/lib/python3.7/site-packages/airflow/example_dags/example_time_delta_sensor_async.py
[2026-09-28T00:58:59.717+0000] {processor.py:809} INFO - DAG(s) dict_keys(['example_time_delta_sensor_async']) retrieved from /home/airflow/.local/lib/python3.7/site-packages/airflow/example_dags/example_time_delta_sensor_async.py
[2026-09-28T00:58:59.758+0000] {logging_mixin.py:149} INFO - [2026-09-28T00:58:59.757+0000] {dag.py:2726} INFO - Sync 1 DAGs
[2026-09-28T00:58:59.802+0000] {logging_mixin.py:149} INFO - [2026-09-28T00:58:59.802+0000] {dag.py:3490} INFO - Setting next_dagrun for example_time_delta_sensor_async to None, run_after=None
[2026-09-28T00:58:59.835+0000] {processor.py:178} INFO - Processing /home/airflow/.local/lib/python3.7/site-packages/airflow/example_dags/example_time_delta_sensor_async.py took 0.135 seconds
[2026-09-28T00:59:31.058+0000] {processor.py:156} INFO - Started process (PID=33612) to work on /home/airflow/.local/lib/python3.7/site-packages/airflow/example_dags/example_time_delta_sensor_async.py
[2026-09-28T00:59:31.060+0000] {processor.py:799} INFO - Processing file /home/airflow/.local/lib/python3.7/site-packages/airflow/example_dags/example_time_delta_sensor_async.py for tasks to queue
[2026-09-28T00:59:31.062+0000] {logging_mixin.py:149} INFO - [2026-09-28T00:59:31.061+0000] {dagbag.py:541} INFO - Filling up the DagBag from /home/airflow/.local/lib/python3.7/site-packages/airflow/example_dags/example_time_delta_sensor_async.py
[2026-09-28T00:59:31.070+0000] {processor.py:809} INFO - DAG(s) dict_keys(['example_time_delta_sensor_async']) retrieved from /home/airflow/.local/lib/python3.7/site-packages/airflow/example_dags/example_time_delta_sensor_async.py
[2026-09-28T00:59:31.113+0000] {logging_mixin.py:149} INFO - [2026-09-28T00:59:31.113+0000] {dag.py:2726} INFO - Sync 1 DAGs
[2026-09-28T00:59:31.161+0000] {logging_mixin.py:149} INFO - [2026-09-28T00:59:31.160+0000] {dag.py:3490} INFO - Setting next_dagrun for example_time_delta_sensor_async to None, run_after=None
[2026-09-28T00:59:31.191+0000] {processor.py:178} INFO - Processing /home/airflow/.local/lib/python3.7/site-packages/airflow/example_dags/example_time_delta_sensor_async.py took 0.139 seconds
[2026-09-28T01:00:01.991+0000] {processor.py:156} INFO - Started process (PID=33671) to work on /home/airflow/.local/lib/python3.7/site-packages/airflow/example_dags/example_time_delta_sensor_async.py
[2026-09-28T01:00:01.993+0000] {processor.py:799} INFO - Processing file /home/airflow/.local/lib/python3.7/site-packages/airflow/example_dags/example_time_delta_sensor_async.py for tasks to queue
[2026-09-28T01:00:01.994+0000] {logging_mixin.py:149} INFO - [2026-09-28T01:00:01.994+0000] {dagbag.py:541} INFO - Filling up the DagBag from /home/airflow/.local/lib/python3.7/site-packages/airflow/example_dags/example_time_delta_sensor_async.py
[2026-09-28T01:00:02.003+0000] {processor.py:809} INFO - DAG(s) dict_keys(['example_time_delta_sensor_async']) retrieved from /home/airflow/.local/lib/python3.7/site-packages/airflow/example_dags/example_time_delta_sensor_async.py
[2026-09-28T01:00:02.043+0000] {logging_mixin.py:149} INFO - [2026-09-28T01:00:02.043+0000] {dag.py:2726} INFO - Sync 1 DAGs
[2026-09-28T01:00:02.087+0000] {logging_mixin.py:149} INFO - [2026-09-28T01:00:02.086+0000] {dag.py:3490} INFO - Setting next_dagrun for example_time_delta_sensor_async to None, run_after=None
[2026-09-28T01:00:02.125+0000] {processor.py:178} INFO - Processing /home/airflow/.local/lib/python3.7/site-packages/airflow/example_dags/example_time_delta_sensor_async.py took 0.140 seconds
[2026-09-28T01:00:33.285+0000] {processor.py:156} INFO - Started process (PID=33729) to work on /home/airflow/.local/lib/python3.7/site-packages/airflow/example_dags/example_time_delta_sensor_async.py
[2026-09-28T01:00:33.289+0000] {processor.py:799} INFO - Processing file /home/airflow/.local/lib/python3.7/site-packages/airflow/example_dags/example_time_delta_sensor_async.py for tasks to queue
[2026-09-28T01:00:33.290+0000] {logging_mixin.py:149} INFO - [2026-09-28T01:00:33.290+0000] {dagbag.py:541} INFO - Filling up the DagBag from /home/airflow/.local/lib/python3.7/site-packages/airflow/example_dags/example_time_delta_sensor_async.py
[2026-09-28T01:00:33.298+0000] {processor.py:809} INFO - DAG(s) dict_keys(['example_time_delta_sensor_async']) retrieved from /home/airflow/.local/lib/python3.7/site-packages/airflow/example_dags/example_time_delta_sensor_async.py
[2026-09-28T01:00:33.344+0000] {logging_mixin.py:149} INFO - [2026-09-28T01:00:33.344+0000] {dag.py:2726} INFO - Sync 1 DAGs
[2026-09-28T01:00:33.396+0000] {logging_mixin.py:149} INFO - [2026-09-28T01:00:33.395+0000] {dag.py:3490} INFO - Setting next_dagrun for example_time_delta_sensor_async to None, run_after=None
[2026-09-28T01:00:33.436+0000] {processor.py:178} INFO - Processing /home/airflow/.local/lib/python3.7/site-packages/airflow/example_dags/example_time_delta_sensor_async.py took 0.159 seconds
[2026-09-28T01:01:04.541+0000] {processor.py:156} INFO - Started process (PID=33789) to work on /home/airflow/.local/lib/python3.7/site-packages/airflow/example_dags/example_time_delta_sensor_async.py
[2026-09-28T01:01:04.543+0000] {processor.py:799} INFO - Processing file /home/airflow/.local/lib/python3.7/site-packages/airflow/example_dags/example_time_delta_sensor_async.py for tasks to queue
[2026-09-28T01:01:04.543+0000] {logging_mixin.py:149} INFO - [2026-09-28T01:01:04.543+0000] {dagbag.py:541} INFO - Filling up the DagBag from /home/airflow/.local/lib/python3.7/site-packages/airflow/example_dags/example_time_delta_sensor_async.py
[2026-09-28T01:01:04.550+0000] {processor.py:809} INFO - DAG(s) dict_keys(['example_time_delta_sensor_async']) retrieved from /home/airflow/.local/lib/python3.7/site-packages/airflow/example_dags/example_time_delta_sensor_async.py
[2026-09-28T01:01:04.594+0000] {logging_mixin.py:149} INFO - [2026-09-28T01:01:04.593+0000] {dag.py:2726} INFO - Sync 1 DAGs
[2026-09-28T01:01:04.642+0000] {logging_mixin.py:149} INFO - [2026-09-28T01:01:04.641+0000] {dag.py:3490} INFO - Setting next_dagrun for example_time_delta_sensor_async to None, run_after=None
[2026-09-28T01:01:04.674+0000] {processor.py:178} INFO - Processing /home/airflow/.local/lib/python3.7/site-packages/airflow/example_dags/example_time_delta_sensor_async.py took 0.139 seconds
[2026-09-28T01:01:35.487+0000] {processor.py:156} INFO - Started process (PID=33848) to work on /home/airflow/.local/lib/python3.7/site-packages/airflow/example_dags/example_time_delta_sensor_async.py
[2026-09-28T01:01:35.489+0000] {processor.py:799} INFO - Processing file /home/airflow/.local/lib/python3.7/site-packages/airflow/example_dags/example_time_delta_sensor_async.py for tasks to queue
[2026-09-28T01:01:35.490+0000] {logging_mixin.py:149} INFO - [2026-09-28T01:01:35.490+0000] {dagbag.py:541} INFO - Filling up the DagBag from /home/airflow/.local/lib/python3.7/site-packages/airflow/example_dags/example_time_delta_sensor_async.py
[2026-09-28T01:01:35.497+0000] {processor.py:809} INFO - DAG(s) dict_keys(['example_time_delta_sensor_async']) retrieved from /home/airflow/.local/lib/python3.7/site-packages/airflow/example_dags/example_time_delta_sensor_async.py
[2026-09-28T01:01:35.538+0000] {logging_mixin.py:149} INFO - [2026-09-28T01:01:35.538+0000] {dag.py:2726} INFO - Sync 1 DAGs
[2026-09-28T01:01:35.585+0000] {logging_mixin.py:149} INFO - [2026-09-28T01:01:35.584+0000] {dag.py:3490} INFO - Setting next_dagrun for example_time_delta_sensor_async to None, run_after=None
[2026-09-28T01:01:35.614+0000] {processor.py:178} INFO - Processing /home/airflow/.local/lib/python3.7/site-packages/airflow/example_dags/example_time_delta_sensor_async.py took 0.132 seconds
[2026-09-28T01:02:06.408+0000] {processor.py:156} INFO - Started process (PID=33907) to work on /home/airflow/.local/lib/python3.7/site-packages/airflow/example_dags/example_time_delta_sensor_async.py
[2026-09-28T01:02:06.409+0000] {processor.py:799} INFO - Processing file /home/airflow/.local/lib/python3.7/site-packages/airflow/example_dags/example_time_delta_sensor_async.py for tasks to queue
[2026-09-28T01:02:06.410+0000] {logging_mixin.py:149} INFO - [2026-09-28T01:02:06.410+0000] {dagbag.py:541} INFO - Filling up the DagBag from /home/airflow/.local/lib/python3.7/site-packages/airflow/example_dags/example_time_delta_sensor_async.py
[2026-09-28T01:02:06.417+0000] {processor.py:809} INFO - DAG(s) dict_keys(['example_time_delta_sensor_async']) retrieved from /home/airflow/.local/lib/python3.7/site-packages/airflow/example_dags/example_time_delta_sensor_async.py
[2026-09-28T01:02:06.462+0000] {logging_mixin.py:149} INFO - [2026-09-28T01:02:06.462+0000] {dag.py:2726} INFO - Sync 1 DAGs
[2026-09-28T01:02:06.507+0000] {logging_mixin.py:149} INFO - [2026-09-28T01:02:06.506+0000] {dag.py:3490} INFO - Setting next_dagrun for example_time_delta_sensor_async to None, run_after=None
[2026-09-28T01:02:06.541+0000] {processor.py:178} INFO - Processing /home/airflow/.local/lib/python3.7/site-packages/airflow/example_dags/example_time_delta_sensor_async.py took 0.139 seconds
[2026-09-28T01:02:37.006+0000] {processor.py:156} INFO - Started process (PID=33966) to work on /home/airflow/.local/lib/python3.7/site-packages/airflow/example_dags/example_time_delta_sensor_async.py
[2026-09-28T01:02:37.008+0000] {processor.py:799} INFO - Processing file /home/airflow/.local/lib/python3.7/site-packages/airflow/example_dags/example_time_delta_sensor_async.py for tasks to queue
[2026-09-28T01:02:37.009+0000] {logging_mixin.py:149} INFO - [2026-09-28T01:02:37.009+0000] {dagbag.py:541} INFO - Filling up the DagBag from /home/airflow/.local/lib/python3.7/site-packages/airflow/example_dags/example_time_delta_sensor_async.py
[2026-09-28T01:02:37.017+0000] {processor.py:809} INFO - DAG(s) dict_keys(['example_time_delta_sensor_async']) retrieved from /home/airflow/.local/lib/python3.7/site-packages/airflow/example_dags/example_time_delta_sensor_async.py
[2026-09-28T01:02:37.064+0000] {logging_mixin.py:149} INFO - [2026-09-28T01:02:37.063+0000] {dag.py:2726} INFO - Sync 1 DAGs
[2026-09-28T01:02:37.106+0000] {logging_mixin.py:149} INFO - [2026-09-28T01:02:37.106+0000] {dag.py:3490} INFO - Setting next_dagrun for example_time_delta_sensor_async to None, run_after=None
[2026-09-28T01:02:37.136+0000] {processor.py:178} INFO - Processing /home/airflow/.local/lib/python3.7/site-packages/airflow/example_dags/example_time_delta_sensor_async.py took 0.136 seconds
[2026-09-28T01:03:08.378+0000] {processor.py:156} INFO - Started process (PID=34025) to work on /home/airflow/.local/lib/python3.7/site-packages/airflow/example_dags/example_time_delta_sensor_async.py
[2026-09-28T01:03:08.380+0000] {processor.py:799} INFO - Processing file /home/airflow/.local/lib/python3.7/site-packages/airflow/example_dags/example_time_delta_sensor_async.py for tasks to queue
[2026-09-28T01:03:08.381+0000] {logging_mixin.py:149} INFO - [2026-09-28T01:03:08.381+0000] {dagbag.py:541} INFO - Filling up the DagBag from /home/airflow/.local/lib/python3.7/site-packages/airflow/example_dags/example_time_delta_sensor_async.py
[2026-09-28T01:03:08.389+0000] {processor.py:809} INFO - DAG(s) dict_keys(['example_time_delta_sensor_async']) retrieved from /home/airflow/.local/lib/python3.7/site-packages/airflow/example_dags/example_time_delta_sensor_async.py
[2026-09-28T01:03:08.435+0000] {logging_mixin.py:149} INFO - [2026-09-28T01:03:08.434+0000] {dag.py:2726} INFO - Sync 1 DAGs
[2026-09-28T01:03:08.480+0000] {logging_mixin.py:149} INFO - [2026-09-28T01:03:08.480+0000] {dag.py:3490} INFO - Setting next_dagrun for example_time_delta_sensor_async to None, run_after=None
[2026-09-28T01:03:08.507+0000] {processor.py:178} INFO - Processing /home/airflow/.local/lib/python3.7/site-packages/airflow/example_dags/example_time_delta_sensor_async.py took 0.135 seconds
[2026-09-28T01:03:39.030+0000] {processor.py:156} INFO - Started process (PID=34084) to work on /home/airflow/.local/lib/python3.7/site-packages/airflow/example_dags/example_time_delta_sensor_async.py
[2026-09-28T01:03:39.032+0000] {processor.py:799} INFO - Processing file /home/airflow/.local/lib/python3.7/site-packages/airflow/example_dags/example_time_delta_sensor_async.py for tasks to queue
[2026-09-28T01:03:39.034+0000] {logging_mixin.py:149} INFO - [2026-09-28T01:03:39.034+0000] {dagbag.py:541} INFO - Filling up the DagBag from /home/airflow/.local/lib/python3.7/site-packages/airflow/example_dags/example_time_delta_sensor_async.py
[2026-09-28T01:03:39.043+0000] {processor.py:809} INFO - DAG(s) dict_keys(['example_time_delta_sensor_async']) retrieved from /home/airflow/.local/lib/python3.7/site-packages/airflow/example_dags/example_time_delta_sensor_async.py
[2026-09-28T01:03:39.099+0000] {logging_mixin.py:149} INFO - [2026-09-28T01:03:39.098+0000] {dag.py:2726} INFO - Sync 1 DAGs
[2026-09-28T01:03:39.148+0000] {logging_mixin.py:149} INFO - [2026-09-28T01:03:39.147+0000] {dag.py:3490} INFO - Setting next_dagrun for example_time_delta_sensor_async to None, run_after=None
[2026-09-28T01:03:39.185+0000] {processor.py:178} INFO - Processing /home/airflow/.local/lib/python3.7/site-packages/airflow/example_dags/example_time_delta_sensor_async.py took 0.162 seconds
[2026-09-28T01:04:09.828+0000] {processor.py:156} INFO - Started process (PID=34150) to work on /home/airflow/.local/lib/python3.7/site-packages/airflow/example_dags/example_time_delta_sensor_async.py
[2026-09-28T01:04:09.830+0000] {processor.py:799} INFO - Processing file /home/airflow/.local/lib/python3.7/site-packages/airflow/example_dags/example_time_delta_sensor_async.py for tasks to queue
[2026-09-28T01:04:09.831+0000] {logging_mixin.py:149} INFO - [2026-09-28T01:04:09.831+0000] {dagbag.py:541} INFO - Filling up the DagBag from /home/airflow/.local/lib/python3.7/site-packages/airflow/example_dags/example_time_delta_sensor_async.py
[2026-09-28T01:04:09.840+0000] {processor.py:809} INFO - DAG(s) dict_keys(['example_time_delta_sensor_async']) retrieved from /home/airflow/.local/lib/python3.7/site-packages/airflow/example_dags/example_time_delta_sensor_async.py
[2026-09-28T01:04:09.883+0000] {logging_mixin.py:149} INFO - [2026-09-28T01:04:09.883+0000] {dag.py:2726} INFO - Sync 1 DAGs
[2026-09-28T01:04:09.935+0000] {logging_mixin.py:149} INFO - [2026-09-28T01:04:09.934+0000] {dag.py:3490} INFO - Setting next_dagrun for example_time_delta_sensor_async to None, run_after=None
[2026-09-28T01:04:09.969+0000] {processor.py:178} INFO - Processing /home/airflow/.local/lib/python3.7/site-packages/airflow/example_dags/example_time_delta_sensor_async.py took 0.149 seconds
[2026-09-28T01:04:41.329+0000] {processor.py:156} INFO - Started process (PID=34209) to work on /home/airflow/.local/lib/python3.7/site-packages/airflow/example_dags/example_time_delta_sensor_async.py
[2026-09-28T01:04:41.332+0000] {processor.py:799} INFO - Processing file /home/airflow/.local/lib/python3.7/site-packages/airflow/example_dags/example_time_delta_sensor_async.py for tasks to queue
[2026-09-28T01:04:41.333+0000] {logging_mixin.py:149} INFO - [2026-09-28T01:04:41.333+0000] {dagbag.py:541} INFO - Filling up the DagBag from /home/airflow/.local/lib/python3.7/site-packages/airflow/example_dags/example_time_delta_sensor_async.py
[2026-09-28T01:04:41.342+0000] {processor.py:809} INFO - DAG(s) dict_keys(['example_time_delta_sensor_async']) retrieved from /home/airflow/.local/lib/python3.7/site-packages/airflow/example_dags/example_time_delta_sensor_async.py
[2026-09-28T01:04:41.399+0000] {logging_mixin.py:149} INFO - [2026-09-28T01:04:41.398+0000] {dag.py:2726} INFO - Sync 1 DAGs
[2026-09-28T01:04:41.445+0000] {logging_mixin.py:149} INFO - [2026-09-28T01:04:41.444+0000] {dag.py:3490} INFO - Setting next_dagrun for example_time_delta_sensor_async to None, run_after=None
[2026-09-28T01:04:41.485+0000] {processor.py:178} INFO - Processing /home/airflow/.local/lib/python3.7/site-packages/airflow/example_dags/example_time_delta_sensor_async.py took 0.164 seconds
[2026-09-28T01:05:11.529+0000] {processor.py:156} INFO - Started process (PID=34268) to work on /home/airflow/.local/lib/python3.7/site-packages/airflow/example_dags/example_time_delta_sensor_async.py
[2026-09-28T01:05:11.538+0000] {processor.py:799} INFO - Processing file /home/airflow/.local/lib/python3.7/site-packages/airflow/example_dags/example_time_delta_sensor_async.py for tasks to queue
[2026-09-28T01:05:11.539+0000] {logging_mixin.py:149} INFO - [2026-09-28T01:05:11.539+0000] {dagbag.py:541} INFO - Filling up the DagBag from /home/airflow/.local/lib/python3.7/site-packages/airflow/example_dags/example_time_delta_sensor_async.py
[2026-09-28T01:05:11.549+0000] {processor.py:809} INFO - DAG(s) dict_keys(['example_time_delta_sensor_async']) retrieved from /home/airflow/.local/lib/python3.7/site-packages/airflow/example_dags/example_time_delta_sensor_async.py
[2026-09-28T01:05:11.589+0000] {logging_mixin.py:149} INFO - [2026-09-28T01:05:11.589+0000] {dag.py:2726} INFO - Sync 1 DAGs
[2026-09-28T01:05:11.633+0000] {logging_mixin.py:149} INFO - [2026-09-28T01:05:11.633+0000] {dag.py:3490} INFO - Setting next_dagrun for example_time_delta_sensor_async to None, run_after=None
[2026-09-28T01:05:11.664+0000] {processor.py:178} INFO - Processing /home/airflow/.local/lib/python3.7/site-packages/airflow/example_dags/example_time_delta_sensor_async.py took 0.142 seconds
[2026-09-28T01:05:42.613+0000] {processor.py:156} INFO - Started process (PID=34327) to work on /home/airflow/.local/lib/python3.7/site-packages/airflow/example_dags/example_time_delta_sensor_async.py
[2026-09-28T01:05:42.616+0000] {processor.py:799} INFO - Processing file /home/airflow/.local/lib/python3.7/site-packages/airflow/example_dags/example_time_delta_sensor_async.py for tasks to queue
[2026-09-28T01:05:42.617+0000] {logging_mixin.py:149} INFO - [2026-09-28T01:05:42.617+0000] {dagbag.py:541} INFO - Filling up the DagBag from /home/airflow/.local/lib/python3.7/site-packages/airflow/example_dags/example_time_delta_sensor_async.py
[2026-09-28T01:05:42.628+0000] {processor.py:809} INFO - DAG(s) dict_keys(['example_time_delta_sensor_async']) retrieved from /home/airflow/.local/lib/python3.7/site-packages/airflow/example_dags/example_time_delta_sensor_async.py
[2026-09-28T01:05:42.681+0000] {logging_mixin.py:149} INFO - [2026-09-28T01:05:42.681+0000] {dag.py:2726} INFO - Sync 1 DAGs
[2026-09-28T01:05:42.728+0000] {logging_mixin.py:149} INFO - [2026-09-28T01:05:42.728+0000] {dag.py:3490} INFO - Setting next_dagrun for example_time_delta_sensor_async to None, run_after=None
[2026-09-28T01:05:42.763+0000] {processor.py:178} INFO - Processing /home/airflow/.local/lib/python3.7/site-packages/airflow/example_dags/example_time_delta_sensor_async.py took 0.158 seconds
[2026-09-28T01:06:13.442+0000] {processor.py:156} INFO - Started process (PID=34386) to work on /home/airflow/.local/lib/python3.7/site-packages/airflow/example_dags/example_time_delta_sensor_async.py
[2026-09-28T01:06:13.446+0000] {processor.py:799} INFO - Processing file /home/airflow/.local/lib/python3.7/site-packages/airflow/example_dags/example_time_delta_sensor_async.py for tasks to queue
[2026-09-28T01:06:13.447+0000] {logging_mixin.py:149} INFO - [2026-09-28T01:06:13.447+0000] {dagbag.py:541} INFO - Filling up the DagBag from /home/airflow/.local/lib/python3.7/site-packages/airflow/example_dags/example_time_delta_sensor_async.py
[2026-09-28T01:06:13.455+0000] {processor.py:809} INFO - DAG(s) dict_keys(['example_time_delta_sensor_async']) retrieved from /home/airflow/.local/lib/python3.7/site-packages/airflow/example_dags/example_time_delta_sensor_async.py
[2026-09-28T01:06:13.498+0000] {logging_mixin.py:149} INFO - [2026-09-28T01:06:13.497+0000] {dag.py:2726} INFO - Sync 1 DAGs
[2026-09-28T01:06:13.544+0000] {logging_mixin.py:149} INFO - [2026-09-28T01:06:13.544+0000] {dag.py:3490} INFO - Setting next_dagrun for example_time_delta_sensor_async to None, run_after=None
[2026-09-28T01:06:13.576+0000] {processor.py:178} INFO - Processing /home/airflow/.local/lib/python3.7/site-packages/airflow/example_dags/example_time_delta_sensor_async.py took 0.140 seconds
[2026-09-28T01:06:44.288+0000] {processor.py:156} INFO - Started process (PID=34445) to work on /home/airflow/.local/lib/python3.7/site-packages/airflow/example_dags/example_time_delta_sensor_async.py
[2026-09-28T01:06:44.290+0000] {processor.py:799} INFO - Processing file /home/airflow/.local/lib/python3.7/site-packages/airflow/example_dags/example_time_delta_sensor_async.py for tasks to queue
[2026-09-28T01:06:44.291+0000] {logging_mixin.py:149} INFO - [2026-09-28T01:06:44.291+0000] {dagbag.py:541} INFO - Filling up the DagBag from /home/airflow/.local/lib/python3.7/site-packages/airflow/example_dags/example_time_delta_sensor_async.py
[2026-09-28T01:06:44.299+0000] {processor.py:809} INFO - DAG(s) dict_keys(['example_time_delta_sensor_async']) retrieved from /home/airflow/.local/lib/python3.7/site-packages/airflow/example_dags/example_time_delta_sensor_async.py
[2026-09-28T01:06:44.341+0000] {logging_mixin.py:149} INFO - [2026-09-28T01:06:44.341+0000] {dag.py:2726} INFO - Sync 1 DAGs
[2026-09-28T01:06:44.384+0000] {logging_mixin.py:149} INFO - [2026-09-28T01:06:44.384+0000] {dag.py:3490} INFO - Setting next_dagrun for example_time_delta_sensor_async to None, run_after=None
[2026-09-28T01:06:44.414+0000] {processor.py:178} INFO - Processing /home/airflow/.local/lib/python3.7/site-packages/airflow/example_dags/example_time_delta_sensor_async.py took 0.132 seconds
[2026-09-28T01:07:15.672+0000] {processor.py:156} INFO - Started process (PID=34504) to work on /home/airflow/.local/lib/python3.7/site-packages/airflow/example_dags/example_time_delta_sensor_async.py
[2026-09-28T01:07:15.675+0000] {processor.py:799} INFO - Processing file /home/airflow/.local/lib/python3.7/site-packages/airflow/example_dags/example_time_delta_sensor_async.py for tasks to queue
[2026-09-28T01:07:15.676+0000] {logging_mixin.py:149} INFO - [2026-09-28T01:07:15.676+0000] {dagbag.py:541} INFO - Filling up the DagBag from /home/airflow/.local/lib/python3.7/site-packages/airflow/example_dags/example_time_delta_sensor_async.py
[2026-09-28T01:07:15.687+0000] {processor.py:809} INFO - DAG(s) dict_keys(['example_time_delta_sensor_async']) retrieved from /home/airflow/.local/lib/python3.7/site-packages/airflow/example_dags/example_time_delta_sensor_async.py
[2026-09-28T01:07:15.737+0000] {logging_mixin.py:149} INFO - [2026-09-28T01:07:15.737+0000] {dag.py:2726} INFO - Sync 1 DAGs
[2026-09-28T01:07:15.785+0000] {logging_mixin.py:149} INFO - [2026-09-28T01:07:15.784+0000] {dag.py:3490} INFO - Setting next_dagrun for example_time_delta_sensor_async to None, run_after=None
[2026-09-28T01:07:15.817+0000] {processor.py:178} INFO - Processing /home/airflow/.local/lib/python3.7/site-packages/airflow/example_dags/example_time_delta_sensor_async.py took 0.152 seconds
[2026-09-28T01:07:47.330+0000] {processor.py:156} INFO - Started process (PID=34563) to work on /home/airflow/.local/lib/python3.7/site-packages/airflow/example_dags/example_time_delta_sensor_async.py
[2026-09-28T01:07:47.342+0000] {processor.py:799} INFO - Processing file /home/airflow/.local/lib/python3.7/site-packages/airflow/example_dags/example_time_delta_sensor_async.py for tasks to queue
[2026-09-28T01:07:47.343+0000] {logging_mixin.py:149} INFO - [2026-09-28T01:07:47.343+0000] {dagbag.py:541} INFO - Filling up the DagBag from /home/airflow/.local/lib/python3.7/site-packages/airflow/example_dags/example_time_delta_sensor_async.py
[2026-09-28T01:07:47.350+0000] {processor.py:809} INFO - DAG(s) dict_keys(['example_time_delta_sensor_async']) retrieved from /home/airflow/.local/lib/python3.7/site-packages/airflow/example_dags/example_time_delta_sensor_async.py
[2026-09-28T01:07:47.391+0000] {logging_mixin.py:149} INFO - [2026-09-28T01:07:47.391+0000] {dag.py:2726} INFO - Sync 1 DAGs
[2026-09-28T01:07:47.439+0000] {logging_mixin.py:149} INFO - [2026-09-28T01:07:47.439+0000] {dag.py:3490} INFO - Setting next_dagrun for example_time_delta_sensor_async to None, run_after=None
[2026-09-28T01:07:47.468+0000] {processor.py:178} INFO - Processing /home/airflow/.local/lib/python3.7/site-packages/airflow/example_dags/example_time_delta_sensor_async.py took 0.152 seconds
[2026-09-28T01:08:18.426+0000] {processor.py:156} INFO - Started process (PID=34622) to work on /home/airflow/.local/lib/python3.7/site-packages/airflow/example_dags/example_time_delta_sensor_async.py
[2026-09-28T01:08:18.428+0000] {processor.py:799} INFO - Processing file /home/airflow/.local/lib/python3.7/site-packages/airflow/example_dags/example_time_delta_sensor_async.py for tasks to queue
[2026-09-28T01:08:18.430+0000] {logging_mixin.py:149} INFO - [2026-09-28T01:08:18.429+0000] {dagbag.py:541} INFO - Filling up the DagBag from /home/airflow/.local/lib/python3.7/site-packages/airflow/example_dags/example_time_delta_sensor_async.py
[2026-09-28T01:08:18.437+0000] {processor.py:809} INFO - DAG(s) dict_keys(['example_time_delta_sensor_async']) retrieved from /home/airflow/.local/lib/python3.7/site-packages/airflow/example_dags/example_time_delta_sensor_async.py
[2026-09-28T01:08:18.481+0000] {logging_mixin.py:149} INFO - [2026-09-28T01:08:18.481+0000] {dag.py:2726} INFO - Sync 1 DAGs
[2026-09-28T01:08:18.529+0000] {logging_mixin.py:149} INFO - [2026-09-28T01:08:18.529+0000] {dag.py:3490} INFO - Setting next_dagrun for example_time_delta_sensor_async to None, run_after=None
[2026-09-28T01:08:18.561+0000] {processor.py:178} INFO - Processing /home/airflow/.local/lib/python3.7/site-packages/airflow/example_dags/example_time_delta_sensor_async.py took 0.142 seconds
[2026-09-28T01:08:48.955+0000] {processor.py:156} INFO - Started process (PID=34681) to work on /home/airflow/.local/lib/python3.7/site-packages/airflow/example_dags/example_time_delta_sensor_async.py
[2026-09-28T01:08:48.958+0000] {processor.py:799} INFO - Processing file /home/airflow/.local/lib/python3.7/site-packages/airflow/example_dags/example_time_delta_sensor_async.py for tasks to queue
[2026-09-28T01:08:48.959+0000] {logging_mixin.py:149} INFO - [2026-09-28T01:08:48.959+0000] {dagbag.py:541} INFO - Filling up the DagBag from /home/airflow/.local/lib/python3.7/site-packages/airflow/example_dags/example_time_delta_sensor_async.py
[2026-09-28T01:08:48.967+0000] {processor.py:809} INFO - DAG(s) dict_keys(['example_time_delta_sensor_async']) retrieved from /home/airflow/.local/lib/python3.7/site-packages/airflow/example_dags/example_time_delta_sensor_async.py
[2026-09-28T01:08:49.011+0000] {logging_mixin.py:149} INFO - [2026-09-28T01:08:49.011+0000] {dag.py:2726} INFO - Sync 1 DAGs
[2026-09-28T01:08:49.059+0000] {logging_mixin.py:149} INFO - [2026-09-28T01:08:49.059+0000] {dag.py:3490} INFO - Setting next_dagrun for example_time_delta_sensor_async to None, run_after=None
[2026-09-28T01:08:49.089+0000] {processor.py:178} INFO - Processing /home/airflow/.local/lib/python3.7/site-packages/airflow/example_dags/example_time_delta_sensor_async.py took 0.140 seconds
[2026-09-28T01:09:19.713+0000] {processor.py:156} INFO - Started process (PID=34740) to work on /home/airflow/.local/lib/python3.7/site-packages/airflow/example_dags/example_time_delta_sensor_async.py
[2026-09-28T01:09:19.718+0000] {processor.py:799} INFO - Processing file /home/airflow/.local/lib/python3.7/site-packages/airflow/example_dags/example_time_delta_sensor_async.py for tasks to queue
[2026-09-28T01:09:19.720+0000] {logging_mixin.py:149} INFO - [2026-09-28T01:09:19.720+0000] {dagbag.py:541} INFO - Filling up the DagBag from /home/airflow/.local/lib/python3.7/site-packages/airflow/example_dags/example_time_delta_sensor_async.py
[2026-09-28T01:09:19.731+0000] {processor.py:809} INFO - DAG(s) dict_keys(['example_time_delta_sensor_async']) retrieved from /home/airflow/.local/lib/python3.7/site-packages/airflow/example_dags/example_time_delta_sensor_async.py
[2026-09-28T01:09:19.785+0000] {logging_mixin.py:149} INFO - [2026-09-28T01:09:19.785+0000] {dag.py:2726} INFO - Sync 1 DAGs
[2026-09-28T01:09:19.848+0000] {logging_mixin.py:149} INFO - [2026-09-28T01:09:19.847+0000] {dag.py:3490} INFO - Setting next_dagrun for example_time_delta_sensor_async to None, run_after=None
[2026-09-28T01:09:19.887+0000] {processor.py:178} INFO - Processing /home/airflow/.local/lib/python3.7/site-packages/airflow/example_dags/example_time_delta_sensor_async.py took 0.180 seconds
[2026-09-28T01:09:51.247+0000] {processor.py:156} INFO - Started process (PID=34799) to work on /home/airflow/.local/lib/python3.7/site-packages/airflow/example_dags/example_time_delta_sensor_async.py
[2026-09-28T01:09:51.249+0000] {processor.py:799} INFO - Processing file /home/airflow/.local/lib/python3.7/site-packages/airflow/example_dags/example_time_delta_sensor_async.py for tasks to queue
[2026-09-28T01:09:51.250+0000] {logging_mixin.py:149} INFO - [2026-09-28T01:09:51.250+0000] {dagbag.py:541} INFO - Filling up the DagBag from /home/airflow/.local/lib/python3.7/site-packages/airflow/example_dags/example_time_delta_sensor_async.py
[2026-09-28T01:09:51.261+0000] {processor.py:809} INFO - DAG(s) dict_keys(['example_time_delta_sensor_async']) retrieved from /home/airflow/.local/lib/python3.7/site-packages/airflow/example_dags/example_time_delta_sensor_async.py
[2026-09-28T01:09:51.309+0000] {logging_mixin.py:149} INFO - [2026-09-28T01:09:51.309+0000] {dag.py:2726} INFO - Sync 1 DAGs
[2026-09-28T01:09:51.357+0000] {logging_mixin.py:149} INFO - [2026-09-28T01:09:51.357+0000] {dag.py:3490} INFO - Setting next_dagrun for example_time_delta_sensor_async to None, run_after=None
[2026-09-28T01:09:51.392+0000] {processor.py:178} INFO - Processing /home/airflow/.local/lib/python3.7/site-packages/airflow/example_dags/example_time_delta_sensor_async.py took 0.153 seconds
[2026-09-28T01:10:22.442+0000] {processor.py:156} INFO - Started process (PID=34859) to work on /home/airflow/.local/lib/python3.7/site-packages/airflow/example_dags/example_time_delta_sensor_async.py
[2026-09-28T01:10:22.444+0000] {processor.py:799} INFO - Processing file /home/airflow/.local/lib/python3.7/site-packages/airflow/example_dags/example_time_delta_sensor_async.py for tasks to queue
[2026-09-28T01:10:22.445+0000] {logging_mixin.py:149} INFO - [2026-09-28T01:10:22.445+0000] {dagbag.py:541} INFO - Filling up the DagBag from /home/airflow/.local/lib/python3.7/site-packages/airflow/example_dags/example_time_delta_sensor_async.py
[2026-09-28T01:10:22.455+0000] {processor.py:809} INFO - DAG(s) dict_keys(['example_time_delta_sensor_async']) retrieved from /home/airflow/.local/lib/python3.7/site-packages/airflow/example_dags/example_time_delta_sensor_async.py
[2026-09-28T01:10:22.497+0000] {logging_mixin.py:149} INFO - [2026-09-28T01:10:22.496+0000] {dag.py:2726} INFO - Sync 1 DAGs
[2026-09-28T01:10:22.545+0000] {logging_mixin.py:149} INFO - [2026-09-28T01:10:22.545+0000] {dag.py:3490} INFO - Setting next_dagrun for example_time_delta_sensor_async to None, run_after=None
[2026-09-28T01:10:22.580+0000] {processor.py:178} INFO - Processing /home/airflow/.local/lib/python3.7/site-packages/airflow/example_dags/example_time_delta_sensor_async.py took 0.145 seconds
[2026-09-28T01:10:53.838+0000] {processor.py:156} INFO - Started process (PID=34918) to work on /home/airflow/.local/lib/python3.7/site-packages/airflow/example_dags/example_time_delta_sensor_async.py
[2026-09-28T01:10:53.839+0000] {processor.py:799} INFO - Processing file /home/airflow/.local/lib/python3.7/site-packages/airflow/example_dags/example_time_delta_sensor_async.py for tasks to queue
[2026-09-28T01:10:53.840+0000] {logging_mixin.py:149} INFO - [2026-09-28T01:10:53.840+0000] {dagbag.py:541} INFO - Filling up the DagBag from /home/airflow/.local/lib/python3.7/site-packages/airflow/example_dags/example_time_delta_sensor_async.py
[2026-09-28T01:10:53.848+0000] {processor.py:809} INFO - DAG(s) dict_keys(['example_time_delta_sensor_async']) retrieved from /home/airflow/.local/lib/python3.7/site-packages/airflow/example_dags/example_time_delta_sensor_async.py
[2026-09-28T01:10:53.902+0000] {logging_mixin.py:149} INFO - [2026-09-28T01:10:53.901+0000] {dag.py:2726} INFO - Sync 1 DAGs
[2026-09-28T01:10:53.950+0000] {logging_mixin.py:149} INFO - [2026-09-28T01:10:53.950+0000] {dag.py:3490} INFO - Setting next_dagrun for example_time_delta_sensor_async to None, run_after=None
[2026-09-28T01:10:53.982+0000] {processor.py:178} INFO - Processing /home/airflow/.local/lib/python3.7/site-packages/airflow/example_dags/example_time_delta_sensor_async.py took 0.152 seconds
[2026-09-28T01:11:25.203+0000] {processor.py:156} INFO - Started process (PID=34976) to work on /home/airflow/.local/lib/python3.7/site-packages/airflow/example_dags/example_time_delta_sensor_async.py
[2026-09-28T01:11:25.207+0000] {processor.py:799} INFO - Processing file /home/airflow/.local/lib/python3.7/site-packages/airflow/example_dags/example_time_delta_sensor_async.py for tasks to queue
[2026-09-28T01:11:25.208+0000] {logging_mixin.py:149} INFO - [2026-09-28T01:11:25.208+0000] {dagbag.py:541} INFO - Filling up the DagBag from /home/airflow/.local/lib/python3.7/site-packages/airflow/example_dags/example_time_delta_sensor_async.py
[2026-09-28T01:11:25.217+0000] {processor.py:809} INFO - DAG(s) dict_keys(['example_time_delta_sensor_async']) retrieved from /home/airflow/.local/lib/python3.7/site-packages/airflow/example_dags/example_time_delta_sensor_async.py
[2026-09-28T01:11:25.262+0000] {logging_mixin.py:149} INFO - [2026-09-28T01:11:25.262+0000] {dag.py:2726} INFO - Sync 1 DAGs
[2026-09-28T01:11:25.304+0000] {logging_mixin.py:149} INFO - [2026-09-28T01:11:25.304+0000] {dag.py:3490} INFO - Setting next_dagrun for example_time_delta_sensor_async to None, run_after=None
[2026-09-28T01:11:25.333+0000] {processor.py:178} INFO - Processing /home/airflow/.local/lib/python3.7/site-packages/airflow/example_dags/example_time_delta_sensor_async.py took 0.137 seconds
[2026-09-28T01:11:56.272+0000] {processor.py:156} INFO - Started process (PID=35035) to work on /home/airflow/.local/lib/python3.7/site-packages/airflow/example_dags/example_time_delta_sensor_async.py
[2026-09-28T01:11:56.274+0000] {processor.py:799} INFO - Processing file /home/airflow/.local/lib/python3.7/site-packages/airflow/example_dags/example_time_delta_sensor_async.py for tasks to queue
[2026-09-28T01:11:56.275+0000] {logging_mixin.py:149} INFO - [2026-09-28T01:11:56.275+0000] {dagbag.py:541} INFO - Filling up the DagBag from /home/airflow/.local/lib/python3.7/site-packages/airflow/example_dags/example_time_delta_sensor_async.py
[2026-09-28T01:11:56.284+0000] {processor.py:809} INFO - DAG(s) dict_keys(['example_time_delta_sensor_async']) retrieved from /home/airflow/.local/lib/python3.7/site-packages/airflow/example_dags/example_time_delta_sensor_async.py
[2026-09-28T01:11:56.336+0000] {logging_mixin.py:149} INFO - [2026-09-28T01:11:56.336+0000] {dag.py:2726} INFO - Sync 1 DAGs
[2026-09-28T01:11:56.388+0000] {logging_mixin.py:149} INFO - [2026-09-28T01:11:56.387+0000] {dag.py:3490} INFO - Setting next_dagrun for example_time_delta_sensor_async to None, run_after=None
[2026-09-28T01:11:56.421+0000] {processor.py:178} INFO - Processing /home/airflow/.local/lib/python3.7/site-packages/airflow/example_dags/example_time_delta_sensor_async.py took 0.156 seconds
[2026-09-28T01:12:27.401+0000] {processor.py:156} INFO - Started process (PID=35094) to work on /home/airflow/.local/lib/python3.7/site-packages/airflow/example_dags/example_time_delta_sensor_async.py
[2026-09-28T01:12:27.404+0000] {processor.py:799} INFO - Processing file /home/airflow/.local/lib/python3.7/site-packages/airflow/example_dags/example_time_delta_sensor_async.py for tasks to queue
[2026-09-28T01:12:27.405+0000] {logging_mixin.py:149} INFO - [2026-09-28T01:12:27.405+0000] {dagbag.py:541} INFO - Filling up the DagBag from /home/airflow/.local/lib/python3.7/site-packages/airflow/example_dags/example_time_delta_sensor_async.py
[2026-09-28T01:12:27.414+0000] {processor.py:809} INFO - DAG(s) dict_keys(['example_time_delta_sensor_async']) retrieved from /home/airflow/.local/lib/python3.7/site-packages/airflow/example_dags/example_time_delta_sensor_async.py
[2026-09-28T01:12:27.464+0000] {logging_mixin.py:149} INFO - [2026-09-28T01:12:27.463+0000] {dag.py:2726} INFO - Sync 1 DAGs
[2026-09-28T01:12:27.504+0000] {logging_mixin.py:149} INFO - [2026-09-28T01:12:27.504+0000] {dag.py:3490} INFO - Setting next_dagrun for example_time_delta_sensor_async to None, run_after=None
[2026-09-28T01:12:27.531+0000] {processor.py:178} INFO - Processing /home/airflow/.local/lib/python3.7/site-packages/airflow/example_dags/example_time_delta_sensor_async.py took 0.136 seconds
[2026-09-28T01:12:58.991+0000] {processor.py:156} INFO - Started process (PID=35153) to work on /home/airflow/.local/lib/python3.7/site-packages/airflow/example_dags/example_time_delta_sensor_async.py
[2026-09-28T01:12:58.993+0000] {processor.py:799} INFO - Processing file /home/airflow/.local/lib/python3.7/site-packages/airflow/example_dags/example_time_delta_sensor_async.py for tasks to queue
[2026-09-28T01:12:58.994+0000] {logging_mixin.py:149} INFO - [2026-09-28T01:12:58.994+0000] {dagbag.py:541} INFO - Filling up the DagBag from /home/airflow/.local/lib/python3.7/site-packages/airflow/example_dags/example_time_delta_sensor_async.py
[2026-09-28T01:12:59.003+0000] {processor.py:809} INFO - DAG(s) dict_keys(['example_time_delta_sensor_async']) retrieved from /home/airflow/.local/lib/python3.7/site-packages/airflow/example_dags/example_time_delta_sensor_async.py
[2026-09-28T01:12:59.049+0000] {logging_mixin.py:149} INFO - [2026-09-28T01:12:59.049+0000] {dag.py:2726} INFO - Sync 1 DAGs
[2026-09-28T01:12:59.097+0000] {logging_mixin.py:149} INFO - [2026-09-28T01:12:59.096+0000] {dag.py:3490} INFO - Setting next_dagrun for example_time_delta_sensor_async to None, run_after=None
[2026-09-28T01:12:59.128+0000] {processor.py:178} INFO - Processing /home/airflow/.local/lib/python3.7/site-packages/airflow/example_dags/example_time_delta_sensor_async.py took 0.144 seconds
[2026-09-28T01:13:30.587+0000] {processor.py:156} INFO - Started process (PID=35213) to work on /home/airflow/.local/lib/python3.7/site-packages/airflow/example_dags/example_time_delta_sensor_async.py
[2026-09-28T01:13:30.589+0000] {processor.py:799} INFO - Processing file /home/airflow/.local/lib/python3.7/site-packages/airflow/example_dags/example_time_delta_sensor_async.py for tasks to queue
[2026-09-28T01:13:30.590+0000] {logging_mixin.py:149} INFO - [2026-09-28T01:13:30.590+0000] {dagbag.py:541} INFO - Filling up the DagBag from /home/airflow/.local/lib/python3.7/site-packages/airflow/example_dags/example_time_delta_sensor_async.py
[2026-09-28T01:13:30.599+0000] {processor.py:809} INFO - DAG(s) dict_keys(['example_time_delta_sensor_async']) retrieved from /home/airflow/.local/lib/python3.7/site-packages/airflow/example_dags/example_time_delta_sensor_async.py
[2026-09-28T01:13:30.641+0000] {logging_mixin.py:149} INFO - [2026-09-28T01:13:30.641+0000] {dag.py:2726} INFO - Sync 1 DAGs
[2026-09-28T01:13:30.685+0000] {logging_mixin.py:149} INFO - [2026-09-28T01:13:30.685+0000] {dag.py:3490} INFO - Setting next_dagrun for example_time_delta_sensor_async to None, run_after=None
[2026-09-28T01:13:30.715+0000] {processor.py:178} INFO - Processing /home/airflow/.local/lib/python3.7/site-packages/airflow/example_dags/example_time_delta_sensor_async.py took 0.135 seconds
[2026-09-28T01:14:01.503+0000] {processor.py:156} INFO - Started process (PID=35272) to work on /home/airflow/.local/lib/python3.7/site-packages/airflow/example_dags/example_time_delta_sensor_async.py
[2026-09-28T01:14:01.505+0000] {processor.py:799} INFO - Processing file /home/airflow/.local/lib/python3.7/site-packages/airflow/example_dags/example_time_delta_sensor_async.py for tasks to queue
[2026-09-28T01:14:01.506+0000] {logging_mixin.py:149} INFO - [2026-09-28T01:14:01.506+0000] {dagbag.py:541} INFO - Filling up the DagBag from /home/airflow/.local/lib/python3.7/site-packages/airflow/example_dags/example_time_delta_sensor_async.py
[2026-09-28T01:14:01.514+0000] {processor.py:809} INFO - DAG(s) dict_keys(['example_time_delta_sensor_async']) retrieved from /home/airflow/.local/lib/python3.7/site-packages/airflow/example_dags/example_time_delta_sensor_async.py
[2026-09-28T01:14:01.555+0000] {logging_mixin.py:149} INFO - [2026-09-28T01:14:01.554+0000] {dag.py:2726} INFO - Sync 1 DAGs
[2026-09-28T01:14:01.596+0000] {logging_mixin.py:149} INFO - [2026-09-28T01:14:01.596+0000] {dag.py:3490} INFO - Setting next_dagrun for example_time_delta_sensor_async to None, run_after=None
[2026-09-28T01:14:01.625+0000] {processor.py:178} INFO - Processing /home/airflow/.local/lib/python3.7/site-packages/airflow/example_dags/example_time_delta_sensor_async.py took 0.130 seconds
[2026-09-28T01:14:32.307+0000] {processor.py:156} INFO - Started process (PID=35331) to work on /home/airflow/.local/lib/python3.7/site-packages/airflow/example_dags/example_time_delta_sensor_async.py
[2026-09-28T01:14:32.309+0000] {processor.py:799} INFO - Processing file /home/airflow/.local/lib/python3.7/site-packages/airflow/example_dags/example_time_delta_sensor_async.py for tasks to queue
[2026-09-28T01:14:32.310+0000] {logging_mixin.py:149} INFO - [2026-09-28T01:14:32.309+0000] {dagbag.py:541} INFO - Filling up the DagBag from /home/airflow/.local/lib/python3.7/site-packages/airflow/example_dags/example_time_delta_sensor_async.py
[2026-09-28T01:14:32.319+0000] {processor.py:809} INFO - DAG(s) dict_keys(['example_time_delta_sensor_async']) retrieved from /home/airflow/.local/lib/python3.7/site-packages/airflow/example_dags/example_time_delta_sensor_async.py
[2026-09-28T01:14:32.366+0000] {logging_mixin.py:149} INFO - [2026-09-28T01:14:32.366+0000] {dag.py:2726} INFO - Sync 1 DAGs
[2026-09-28T01:14:32.416+0000] {logging_mixin.py:149} INFO - [2026-09-28T01:14:32.416+0000] {dag.py:3490} INFO - Setting next_dagrun for example_time_delta_sensor_async to None, run_after=None
[2026-09-28T01:14:32.445+0000] {processor.py:178} INFO - Processing /home/airflow/.local/lib/python3.7/site-packages/airflow/example_dags/example_time_delta_sensor_async.py took 0.145 seconds
[2026-09-28T01:15:03.936+0000] {processor.py:156} INFO - Started process (PID=35391) to work on /home/airflow/.local/lib/python3.7/site-packages/airflow/example_dags/example_time_delta_sensor_async.py
[2026-09-28T01:15:03.938+0000] {processor.py:799} INFO - Processing file /home/airflow/.local/lib/python3.7/site-packages/airflow/example_dags/example_time_delta_sensor_async.py for tasks to queue
[2026-09-28T01:15:03.939+0000] {logging_mixin.py:149} INFO - [2026-09-28T01:15:03.938+0000] {dagbag.py:541} INFO - Filling up the DagBag from /home/airflow/.local/lib/python3.7/site-packages/airflow/example_dags/example_time_delta_sensor_async.py
[2026-09-28T01:15:03.946+0000] {processor.py:809} INFO - DAG(s) dict_keys(['example_time_delta_sensor_async']) retrieved from /home/airflow/.local/lib/python3.7/site-packages/airflow/example_dags/example_time_delta_sensor_async.py
[2026-09-28T01:15:03.989+0000] {logging_mixin.py:149} INFO - [2026-09-28T01:15:03.989+0000] {dag.py:2726} INFO - Sync 1 DAGs
[2026-09-28T01:15:04.042+0000] {logging_mixin.py:149} INFO - [2026-09-28T01:15:04.042+0000] {dag.py:3490} INFO - Setting next_dagrun for example_time_delta_sensor_async to None, run_after=None
[2026-09-28T01:15:04.073+0000] {processor.py:178} INFO - Processing /home/airflow/.local/lib/python3.7/site-packages/airflow/example_dags/example_time_delta_sensor_async.py took 0.143 seconds
[2026-09-28T01:15:35.246+0000] {processor.py:156} INFO - Started process (PID=35450) to work on /home/airflow/.local/lib/python3.7/site-packages/airflow/example_dags/example_time_delta_sensor_async.py
[2026-09-28T01:15:35.248+0000] {processor.py:799} INFO - Processing file /home/airflow/.local/lib/python3.7/site-packages/airflow/example_dags/example_time_delta_sensor_async.py for tasks to queue
[2026-09-28T01:15:35.249+0000] {logging_mixin.py:149} INFO - [2026-09-28T01:15:35.248+0000] {dagbag.py:541} INFO - Filling up the DagBag from /home/airflow/.local/lib/python3.7/site-packages/airflow/example_dags/example_time_delta_sensor_async.py
[2026-09-28T01:15:35.256+0000] {processor.py:809} INFO - DAG(s) dict_keys(['example_time_delta_sensor_async']) retrieved from /home/airflow/.local/lib/python3.7/site-packages/airflow/example_dags/example_time_delta_sensor_async.py
[2026-09-28T01:15:35.306+0000] {logging_mixin.py:149} INFO - [2026-09-28T01:15:35.306+0000] {dag.py:2726} INFO - Sync 1 DAGs
[2026-09-28T01:15:35.355+0000] {logging_mixin.py:149} INFO - [2026-09-28T01:15:35.355+0000] {dag.py:3490} INFO - Setting next_dagrun for example_time_delta_sensor_async to None, run_after=None
[2026-09-28T01:15:35.389+0000] {processor.py:178} INFO - Processing /home/airflow/.local/lib/python3.7/site-packages/airflow/example_dags/example_time_delta_sensor_async.py took 0.152 seconds
[2026-09-28T01:16:07.532+0000] {processor.py:156} INFO - Started process (PID=35512) to work on /home/airflow/.local/lib/python3.7/site-packages/airflow/example_dags/example_time_delta_sensor_async.py
[2026-09-28T01:16:07.534+0000] {processor.py:799} INFO - Processing file /home/airflow/.local/lib/python3.7/site-packages/airflow/example_dags/example_time_delta_sensor_async.py for tasks to queue
[2026-09-28T01:16:07.535+0000] {logging_mixin.py:149} INFO - [2026-09-28T01:16:07.535+0000] {dagbag.py:541} INFO - Filling up the DagBag from /home/airflow/.local/lib/python3.7/site-packages/airflow/example_dags/example_time_delta_sensor_async.py
[2026-09-28T01:16:07.543+0000] {processor.py:809} INFO - DAG(s) dict_keys(['example_time_delta_sensor_async']) retrieved from /home/airflow/.local/lib/python3.7/site-packages/airflow/example_dags/example_time_delta_sensor_async.py
[2026-09-28T01:16:07.587+0000] {logging_mixin.py:149} INFO - [2026-09-28T01:16:07.587+0000] {dag.py:2726} INFO - Sync 1 DAGs
[2026-09-28T01:16:07.638+0000] {logging_mixin.py:149} INFO - [2026-09-28T01:16:07.638+0000] {dag.py:3490} INFO - Setting next_dagrun for example_time_delta_sensor_async to None, run_after=None
[2026-09-28T01:16:07.669+0000] {processor.py:178} INFO - Processing /home/airflow/.local/lib/python3.7/site-packages/airflow/example_dags/example_time_delta_sensor_async.py took 0.144 seconds
[2026-09-28T01:16:38.423+0000] {processor.py:156} INFO - Started process (PID=35570) to work on /home/airflow/.local/lib/python3.7/site-packages/airflow/example_dags/example_time_delta_sensor_async.py
[2026-09-28T01:16:38.425+0000] {processor.py:799} INFO - Processing file /home/airflow/.local/lib/python3.7/site-packages/airflow/example_dags/example_time_delta_sensor_async.py for tasks to queue
[2026-09-28T01:16:38.426+0000] {logging_mixin.py:149} INFO - [2026-09-28T01:16:38.426+0000] {dagbag.py:541} INFO - Filling up the DagBag from /home/airflow/.local/lib/python3.7/site-packages/airflow/example_dags/example_time_delta_sensor_async.py
[2026-09-28T01:16:38.436+0000] {processor.py:809} INFO - DAG(s) dict_keys(['example_time_delta_sensor_async']) retrieved from /home/airflow/.local/lib/python3.7/site-packages/airflow/example_dags/example_time_delta_sensor_async.py
[2026-09-28T01:16:38.480+0000] {logging_mixin.py:149} INFO - [2026-09-28T01:16:38.480+0000] {dag.py:2726} INFO - Sync 1 DAGs
[2026-09-28T01:16:38.523+0000] {logging_mixin.py:149} INFO - [2026-09-28T01:16:38.523+0000] {dag.py:3490} INFO - Setting next_dagrun for example_time_delta_sensor_async to None, run_after=None
[2026-09-28T01:16:38.560+0000] {processor.py:178} INFO - Processing /home/airflow/.local/lib/python3.7/site-packages/airflow/example_dags/example_time_delta_sensor_async.py took 0.147 seconds
[2026-09-28T01:17:10.043+0000] {processor.py:156} INFO - Started process (PID=35630) to work on /home/airflow/.local/lib/python3.7/site-packages/airflow/example_dags/example_time_delta_sensor_async.py
[2026-09-28T01:17:10.044+0000] {processor.py:799} INFO - Processing file /home/airflow/.local/lib/python3.7/site-packages/airflow/example_dags/example_time_delta_sensor_async.py for tasks to queue
[2026-09-28T01:17:10.045+0000] {logging_mixin.py:149} INFO - [2026-09-28T01:17:10.045+0000] {dagbag.py:541} INFO - Filling up the DagBag from /home/airflow/.local/lib/python3.7/site-packages/airflow/example_dags/example_time_delta_sensor_async.py
[2026-09-28T01:17:10.053+0000] {processor.py:809} INFO - DAG(s) dict_keys(['example_time_delta_sensor_async']) retrieved from /home/airflow/.local/lib/python3.7/site-packages/airflow/example_dags/example_time_delta_sensor_async.py
[2026-09-28T01:17:10.098+0000] {logging_mixin.py:149} INFO - [2026-09-28T01:17:10.098+0000] {dag.py:2726} INFO - Sync 1 DAGs
[2026-09-28T01:17:10.148+0000] {logging_mixin.py:149} INFO - [2026-09-28T01:17:10.148+0000] {dag.py:3490} INFO - Setting next_dagrun for example_time_delta_sensor_async to None, run_after=None
[2026-09-28T01:17:10.179+0000] {processor.py:178} INFO - Processing /home/airflow/.local/lib/python3.7/site-packages/airflow/example_dags/example_time_delta_sensor_async.py took 0.142 seconds
[2026-09-28T01:17:40.636+0000] {processor.py:156} INFO - Started process (PID=35688) to work on /home/airflow/.local/lib/python3.7/site-packages/airflow/example_dags/example_time_delta_sensor_async.py
[2026-09-28T01:17:40.638+0000] {processor.py:799} INFO - Processing file /home/airflow/.local/lib/python3.7/site-packages/airflow/example_dags/example_time_delta_sensor_async.py for tasks to queue
[2026-09-28T01:17:40.639+0000] {logging_mixin.py:149} INFO - [2026-09-28T01:17:40.639+0000] {dagbag.py:541} INFO - Filling up the DagBag from /home/airflow/.local/lib/python3.7/site-packages/airflow/example_dags/example_time_delta_sensor_async.py
[2026-09-28T01:17:40.647+0000] {processor.py:809} INFO - DAG(s) dict_keys(['example_time_delta_sensor_async']) retrieved from /home/airflow/.local/lib/python3.7/site-packages/airflow/example_dags/example_time_delta_sensor_async.py
[2026-09-28T01:17:40.694+0000] {logging_mixin.py:149} INFO - [2026-09-28T01:17:40.694+0000] {dag.py:2726} INFO - Sync 1 DAGs
[2026-09-28T01:17:40.737+0000] {logging_mixin.py:149} INFO - [2026-09-28T01:17:40.737+0000] {dag.py:3490} INFO - Setting next_dagrun for example_time_delta_sensor_async to None, run_after=None
[2026-09-28T01:17:40.770+0000] {processor.py:178} INFO - Processing /home/airflow/.local/lib/python3.7/site-packages/airflow/example_dags/example_time_delta_sensor_async.py took 0.142 seconds
[2026-09-28T01:18:12.213+0000] {processor.py:156} INFO - Started process (PID=35756) to work on /home/airflow/.local/lib/python3.7/site-packages/airflow/example_dags/example_time_delta_sensor_async.py
[2026-09-28T01:18:12.214+0000] {processor.py:799} INFO - Processing file /home/airflow/.local/lib/python3.7/site-packages/airflow/example_dags/example_time_delta_sensor_async.py for tasks to queue
[2026-09-28T01:18:12.215+0000] {logging_mixin.py:149} INFO - [2026-09-28T01:18:12.215+0000] {dagbag.py:541} INFO - Filling up the DagBag from /home/airflow/.local/lib/python3.7/site-packages/airflow/example_dags/example_time_delta_sensor_async.py
[2026-09-28T01:18:12.224+0000] {processor.py:809} INFO - DAG(s) dict_keys(['example_time_delta_sensor_async']) retrieved from /home/airflow/.local/lib/python3.7/site-packages/airflow/example_dags/example_time_delta_sensor_async.py
[2026-09-28T01:18:12.273+0000] {logging_mixin.py:149} INFO - [2026-09-28T01:18:12.272+0000] {dag.py:2726} INFO - Sync 1 DAGs
[2026-09-28T01:18:12.321+0000] {logging_mixin.py:149} INFO - [2026-09-28T01:18:12.321+0000] {dag.py:3490} INFO - Setting next_dagrun for example_time_delta_sensor_async to None, run_after=None
[2026-09-28T01:18:12.353+0000] {processor.py:178} INFO - Processing /home/airflow/.local/lib/python3.7/site-packages/airflow/example_dags/example_time_delta_sensor_async.py took 0.146 seconds
[2026-09-28T01:18:44.094+0000] {processor.py:156} INFO - Started process (PID=35816) to work on /home/airflow/.local/lib/python3.7/site-packages/airflow/example_dags/example_time_delta_sensor_async.py
[2026-09-28T01:18:44.097+0000] {processor.py:799} INFO - Processing file /home/airflow/.local/lib/python3.7/site-packages/airflow/example_dags/example_time_delta_sensor_async.py for tasks to queue
[2026-09-28T01:18:44.098+0000] {logging_mixin.py:149} INFO - [2026-09-28T01:18:44.098+0000] {dagbag.py:541} INFO - Filling up the DagBag from /home/airflow/.local/lib/python3.7/site-packages/airflow/example_dags/example_time_delta_sensor_async.py
[2026-09-28T01:18:44.110+0000] {processor.py:809} INFO - DAG(s) dict_keys(['example_time_delta_sensor_async']) retrieved from /home/airflow/.local/lib/python3.7/site-packages/airflow/example_dags/example_time_delta_sensor_async.py
[2026-09-28T01:18:44.157+0000] {logging_mixin.py:149} INFO - [2026-09-28T01:18:44.157+0000] {dag.py:2726} INFO - Sync 1 DAGs
[2026-09-28T01:18:44.205+0000] {logging_mixin.py:149} INFO - [2026-09-28T01:18:44.204+0000] {dag.py:3490} INFO - Setting next_dagrun for example_time_delta_sensor_async to None, run_after=None
[2026-09-28T01:18:44.238+0000] {processor.py:178} INFO - Processing /home/airflow/.local/lib/python3.7/site-packages/airflow/example_dags/example_time_delta_sensor_async.py took 0.151 seconds
[2026-09-28T01:19:15.025+0000] {processor.py:156} INFO - Started process (PID=35875) to work on /home/airflow/.local/lib/python3.7/site-packages/airflow/example_dags/example_time_delta_sensor_async.py
[2026-09-28T01:19:15.027+0000] {processor.py:799} INFO - Processing file /home/airflow/.local/lib/python3.7/site-packages/airflow/example_dags/example_time_delta_sensor_async.py for tasks to queue
[2026-09-28T01:19:15.028+0000] {logging_mixin.py:149} INFO - [2026-09-28T01:19:15.028+0000] {dagbag.py:541} INFO - Filling up the DagBag from /home/airflow/.local/lib/python3.7/site-packages/airflow/example_dags/example_time_delta_sensor_async.py
[2026-09-28T01:19:15.037+0000] {processor.py:809} INFO - DAG(s) dict_keys(['example_time_delta_sensor_async']) retrieved from /home/airflow/.local/lib/python3.7/site-packages/airflow/example_dags/example_time_delta_sensor_async.py
[2026-09-28T01:19:15.086+0000] {logging_mixin.py:149} INFO - [2026-09-28T01:19:15.085+0000] {dag.py:2726} INFO - Sync 1 DAGs
[2026-09-28T01:19:15.138+0000] {logging_mixin.py:149} INFO - [2026-09-28T01:19:15.138+0000] {dag.py:3490} INFO - Setting next_dagrun for example_time_delta_sensor_async to None, run_after=None
[2026-09-28T01:19:15.171+0000] {processor.py:178} INFO - Processing /home/airflow/.local/lib/python3.7/site-packages/airflow/example_dags/example_time_delta_sensor_async.py took 0.156 seconds
[2026-09-28T01:19:45.951+0000] {processor.py:156} INFO - Started process (PID=35934) to work on /home/airflow/.local/lib/python3.7/site-packages/airflow/example_dags/example_time_delta_sensor_async.py
[2026-09-28T01:19:45.953+0000] {processor.py:799} INFO - Processing file /home/airflow/.local/lib/python3.7/site-packages/airflow/example_dags/example_time_delta_sensor_async.py for tasks to queue
[2026-09-28T01:19:45.954+0000] {logging_mixin.py:149} INFO - [2026-09-28T01:19:45.954+0000] {dagbag.py:541} INFO - Filling up the DagBag from /home/airflow/.local/lib/python3.7/site-packages/airflow/example_dags/example_time_delta_sensor_async.py
[2026-09-28T01:19:45.963+0000] {processor.py:809} INFO - DAG(s) dict_keys(['example_time_delta_sensor_async']) retrieved from /home/airflow/.local/lib/python3.7/site-packages/airflow/example_dags/example_time_delta_sensor_async.py
[2026-09-28T01:19:46.015+0000] {logging_mixin.py:149} INFO - [2026-09-28T01:19:46.015+0000] {dag.py:2726} INFO - Sync 1 DAGs
[2026-09-28T01:19:46.068+0000] {logging_mixin.py:149} INFO - [2026-09-28T01:19:46.067+0000] {dag.py:3490} INFO - Setting next_dagrun for example_time_delta_sensor_async to None, run_after=None
[2026-09-28T01:19:46.103+0000] {processor.py:178} INFO - Processing /home/airflow/.local/lib/python3.7/site-packages/airflow/example_dags/example_time_delta_sensor_async.py took 0.158 seconds
[2026-09-28T01:20:17.295+0000] {processor.py:156} INFO - Started process (PID=35995) to work on /home/airflow/.local/lib/python3.7/site-packages/airflow/example_dags/example_time_delta_sensor_async.py
[2026-09-28T01:20:17.296+0000] {processor.py:799} INFO - Processing file /home/airflow/.local/lib/python3.7/site-packages/airflow/example_dags/example_time_delta_sensor_async.py for tasks to queue
[2026-09-28T01:20:17.297+0000] {logging_mixin.py:149} INFO - [2026-09-28T01:20:17.297+0000] {dagbag.py:541} INFO - Filling up the DagBag from /home/airflow/.local/lib/python3.7/site-packages/airflow/example_dags/example_time_delta_sensor_async.py
[2026-09-28T01:20:17.305+0000] {processor.py:809} INFO - DAG(s) dict_keys(['example_time_delta_sensor_async']) retrieved from /home/airflow/.local/lib/python3.7/site-packages/airflow/example_dags/example_time_delta_sensor_async.py
[2026-09-28T01:20:17.349+0000] {logging_mixin.py:149} INFO - [2026-09-28T01:20:17.349+0000] {dag.py:2726} INFO - Sync 1 DAGs
[2026-09-28T01:20:17.397+0000] {logging_mixin.py:149} INFO - [2026-09-28T01:20:17.397+0000] {dag.py:3490} INFO - Setting next_dagrun for example_time_delta_sensor_async to None, run_after=None
[2026-09-28T01:20:17.432+0000] {processor.py:178} INFO - Processing /home/airflow/.local/lib/python3.7/site-packages/airflow/example_dags/example_time_delta_sensor_async.py took 0.145 seconds
[2026-09-28T01:20:48.722+0000] {processor.py:156} INFO - Started process (PID=36054) to work on /home/airflow/.local/lib/python3.7/site-packages/airflow/example_dags/example_time_delta_sensor_async.py
[2026-09-28T01:20:48.724+0000] {processor.py:799} INFO - Processing file /home/airflow/.local/lib/python3.7/site-packages/airflow/example_dags/example_time_delta_sensor_async.py for tasks to queue
[2026-09-28T01:20:48.726+0000] {logging_mixin.py:149} INFO - [2026-09-28T01:20:48.725+0000] {dagbag.py:541} INFO - Filling up the DagBag from /home/airflow/.local/lib/python3.7/site-packages/airflow/example_dags/example_time_delta_sensor_async.py
[2026-09-28T01:20:48.734+0000] {processor.py:809} INFO - DAG(s) dict_keys(['example_time_delta_sensor_async']) retrieved from /home/airflow/.local/lib/python3.7/site-packages/airflow/example_dags/example_time_delta_sensor_async.py
[2026-09-28T01:20:48.784+0000] {logging_mixin.py:149} INFO - [2026-09-28T01:20:48.784+0000] {dag.py:2726} INFO - Sync 1 DAGs
[2026-09-28T01:20:48.834+0000] {logging_mixin.py:149} INFO - [2026-09-28T01:20:48.833+0000] {dag.py:3490} INFO - Setting next_dagrun for example_time_delta_sensor_async to None, run_after=None
[2026-09-28T01:20:48.866+0000] {processor.py:178} INFO - Processing /home/airflow/.local/lib/python3.7/site-packages/airflow/example_dags/example_time_delta_sensor_async.py took 0.152 seconds
[2026-09-28T01:21:20.402+0000] {processor.py:156} INFO - Started process (PID=36113) to work on /home/airflow/.local/lib/python3.7/site-packages/airflow/example_dags/example_time_delta_sensor_async.py
[2026-09-28T01:21:20.404+0000] {processor.py:799} INFO - Processing file /home/airflow/.local/lib/python3.7/site-packages/airflow/example_dags/example_time_delta_sensor_async.py for tasks to queue
[2026-09-28T01:21:20.405+0000] {logging_mixin.py:149} INFO - [2026-09-28T01:21:20.405+0000] {dagbag.py:541} INFO - Filling up the DagBag from /home/airflow/.local/lib/python3.7/site-packages/airflow/example_dags/example_time_delta_sensor_async.py
[2026-09-28T01:21:20.414+0000] {processor.py:809} INFO - DAG(s) dict_keys(['example_time_delta_sensor_async']) retrieved from /home/airflow/.local/lib/python3.7/site-packages/airflow/example_dags/example_time_delta_sensor_async.py
[2026-09-28T01:21:20.463+0000] {logging_mixin.py:149} INFO - [2026-09-28T01:21:20.462+0000] {dag.py:2726} INFO - Sync 1 DAGs
[2026-09-28T01:21:20.722+0000] {logging_mixin.py:149} INFO - [2026-09-28T01:21:20.722+0000] {dag.py:3490} INFO - Setting next_dagrun for example_time_delta_sensor_async to None, run_after=None
[2026-09-28T01:21:20.754+0000] {processor.py:178} INFO - Processing /home/airflow/.local/lib/python3.7/site-packages/airflow/example_dags/example_time_delta_sensor_async.py took 0.359 seconds
[2026-09-28T01:21:51.937+0000] {processor.py:156} INFO - Started process (PID=36172) to work on /home/airflow/.local/lib/python3.7/site-packages/airflow/example_dags/example_time_delta_sensor_async.py
[2026-09-28T01:21:51.938+0000] {processor.py:799} INFO - Processing file /home/airflow/.local/lib/python3.7/site-packages/airflow/example_dags/example_time_delta_sensor_async.py for tasks to queue
[2026-09-28T01:21:51.939+0000] {logging_mixin.py:149} INFO - [2026-09-28T01:21:51.939+0000] {dagbag.py:541} INFO - Filling up the DagBag from /home/airflow/.local/lib/python3.7/site-packages/airflow/example_dags/example_time_delta_sensor_async.py
[2026-09-28T01:21:51.947+0000] {processor.py:809} INFO - DAG(s) dict_keys(['example_time_delta_sensor_async']) retrieved from /home/airflow/.local/lib/python3.7/site-packages/airflow/example_dags/example_time_delta_sensor_async.py
[2026-09-28T01:21:51.992+0000] {logging_mixin.py:149} INFO - [2026-09-28T01:21:51.992+0000] {dag.py:2726} INFO - Sync 1 DAGs
[2026-09-28T01:21:52.251+0000] {logging_mixin.py:149} INFO - [2026-09-28T01:21:52.250+0000] {dag.py:3490} INFO - Setting next_dagrun for example_time_delta_sensor_async to None, run_after=None
[2026-09-28T01:21:52.280+0000] {processor.py:178} INFO - Processing /home/airflow/.local/lib/python3.7/site-packages/airflow/example_dags/example_time_delta_sensor_async.py took 0.350 seconds
[2026-09-28T01:22:23.008+0000] {processor.py:156} INFO - Started process (PID=36231) to work on /home/airflow/.local/lib/python3.7/site-packages/airflow/example_dags/example_time_delta_sensor_async.py
[2026-09-28T01:22:23.010+0000] {processor.py:799} INFO - Processing file /home/airflow/.local/lib/python3.7/site-packages/airflow/example_dags/example_time_delta_sensor_async.py for tasks to queue
[2026-09-28T01:22:23.011+0000] {logging_mixin.py:149} INFO - [2026-09-28T01:22:23.011+0000] {dagbag.py:541} INFO - Filling up the DagBag from /home/airflow/.local/lib/python3.7/site-packages/airflow/example_dags/example_time_delta_sensor_async.py
[2026-09-28T01:22:23.020+0000] {processor.py:809} INFO - DAG(s) dict_keys(['example_time_delta_sensor_async']) retrieved from /home/airflow/.local/lib/python3.7/site-packages/airflow/example_dags/example_time_delta_sensor_async.py
[2026-09-28T01:22:23.068+0000] {logging_mixin.py:149} INFO - [2026-09-28T01:22:23.068+0000] {dag.py:2726} INFO - Sync 1 DAGs
[2026-09-28T01:22:23.328+0000] {logging_mixin.py:149} INFO - [2026-09-28T01:22:23.328+0000] {dag.py:3490} INFO - Setting next_dagrun for example_time_delta_sensor_async to None, run_after=None
[2026-09-28T01:22:23.354+0000] {processor.py:178} INFO - Processing /home/airflow/.local/lib/python3.7/site-packages/airflow/example_dags/example_time_delta_sensor_async.py took 0.353 seconds
[2026-09-28T01:22:53.989+0000] {processor.py:156} INFO - Started process (PID=36290) to work on /home/airflow/.local/lib/python3.7/site-packages/airflow/example_dags/example_time_delta_sensor_async.py
[2026-09-28T01:22:53.991+0000] {processor.py:799} INFO - Processing file /home/airflow/.local/lib/python3.7/site-packages/airflow/example_dags/example_time_delta_sensor_async.py for tasks to queue
[2026-09-28T01:22:53.992+0000] {logging_mixin.py:149} INFO - [2026-09-28T01:22:53.992+0000] {dagbag.py:541} INFO - Filling up the DagBag from /home/airflow/.local/lib/python3.7/site-packages/airflow/example_dags/example_time_delta_sensor_async.py
[2026-09-28T01:22:54.001+0000] {processor.py:809} INFO - DAG(s) dict_keys(['example_time_delta_sensor_async']) retrieved from /home/airflow/.local/lib/python3.7/site-packages/airflow/example_dags/example_time_delta_sensor_async.py
[2026-09-28T01:22:54.051+0000] {logging_mixin.py:149} INFO - [2026-09-28T01:22:54.051+0000] {dag.py:2726} INFO - Sync 1 DAGs
[2026-09-28T01:22:54.099+0000] {logging_mixin.py:149} INFO - [2026-09-28T01:22:54.099+0000] {dag.py:3490} INFO - Setting next_dagrun for example_time_delta_sensor_async to None, run_after=None
[2026-09-28T01:22:54.136+0000] {processor.py:178} INFO - Processing /home/airflow/.local/lib/python3.7/site-packages/airflow/example_dags/example_time_delta_sensor_async.py took 0.153 seconds
[2026-09-28T01:23:24.444+0000] {processor.py:156} INFO - Started process (PID=36349) to work on /home/airflow/.local/lib/python3.7/site-packages/airflow/example_dags/example_time_delta_sensor_async.py
[2026-09-28T01:23:24.447+0000] {processor.py:799} INFO - Processing file /home/airflow/.local/lib/python3.7/site-packages/airflow/example_dags/example_time_delta_sensor_async.py for tasks to queue
[2026-09-28T01:23:24.449+0000] {logging_mixin.py:149} INFO - [2026-09-28T01:23:24.448+0000] {dagbag.py:541} INFO - Filling up the DagBag from /home/airflow/.local/lib/python3.7/site-packages/airflow/example_dags/example_time_delta_sensor_async.py
[2026-09-28T01:23:24.464+0000] {processor.py:809} INFO - DAG(s) dict_keys(['example_time_delta_sensor_async']) retrieved from /home/airflow/.local/lib/python3.7/site-packages/airflow/example_dags/example_time_delta_sensor_async.py
[2026-09-28T01:23:24.514+0000] {logging_mixin.py:149} INFO - [2026-09-28T01:23:24.513+0000] {dag.py:2726} INFO - Sync 1 DAGs
[2026-09-28T01:23:24.562+0000] {logging_mixin.py:149} INFO - [2026-09-28T01:23:24.562+0000] {dag.py:3490} INFO - Setting next_dagrun for example_time_delta_sensor_async to None, run_after=None
[2026-09-28T01:23:24.595+0000] {processor.py:178} INFO - Processing /home/airflow/.local/lib/python3.7/site-packages/airflow/example_dags/example_time_delta_sensor_async.py took 0.172 seconds
[2026-09-28T01:23:54.882+0000] {processor.py:156} INFO - Started process (PID=36408) to work on /home/airflow/.local/lib/python3.7/site-packages/airflow/example_dags/example_time_delta_sensor_async.py
[2026-09-28T01:23:54.884+0000] {processor.py:799} INFO - Processing file /home/airflow/.local/lib/python3.7/site-packages/airflow/example_dags/example_time_delta_sensor_async.py for tasks to queue
[2026-09-28T01:23:54.885+0000] {logging_mixin.py:149} INFO - [2026-09-28T01:23:54.885+0000] {dagbag.py:541} INFO - Filling up the DagBag from /home/airflow/.local/lib/python3.7/site-packages/airflow/example_dags/example_time_delta_sensor_async.py
[2026-09-28T01:23:54.893+0000] {processor.py:809} INFO - DAG(s) dict_keys(['example_time_delta_sensor_async']) retrieved from /home/airflow/.local/lib/python3.7/site-packages/airflow/example_dags/example_time_delta_sensor_async.py
[2026-09-28T01:23:54.952+0000] {logging_mixin.py:149} INFO - [2026-09-28T01:23:54.952+0000] {dag.py:2726} INFO - Sync 1 DAGs
[2026-09-28T01:23:55.002+0000] {logging_mixin.py:149} INFO - [2026-09-28T01:23:55.002+0000] {dag.py:3490} INFO - Setting next_dagrun for example_time_delta_sensor_async to None, run_after=None
[2026-09-28T01:23:55.035+0000] {processor.py:178} INFO - Processing /home/airflow/.local/lib/python3.7/site-packages/airflow/example_dags/example_time_delta_sensor_async.py took 0.160 seconds
[2026-09-28T01:24:25.854+0000] {processor.py:156} INFO - Started process (PID=36467) to work on /home/airflow/.local/lib/python3.7/site-packages/airflow/example_dags/example_time_delta_sensor_async.py
[2026-09-28T01:24:25.856+0000] {processor.py:799} INFO - Processing file /home/airflow/.local/lib/python3.7/site-packages/airflow/example_dags/example_time_delta_sensor_async.py for tasks to queue
[2026-09-28T01:24:25.857+0000] {logging_mixin.py:149} INFO - [2026-09-28T01:24:25.857+0000] {dagbag.py:541} INFO - Filling up the DagBag from /home/airflow/.local/lib/python3.7/site-packages/airflow/example_dags/example_time_delta_sensor_async.py
[2026-09-28T01:24:25.865+0000] {processor.py:809} INFO - DAG(s) dict_keys(['example_time_delta_sensor_async']) retrieved from /home/airflow/.local/lib/python3.7/site-packages/airflow/example_dags/example_time_delta_sensor_async.py
[2026-09-28T01:24:25.915+0000] {logging_mixin.py:149} INFO - [2026-09-28T01:24:25.915+0000] {dag.py:2726} INFO - Sync 1 DAGs
[2026-09-28T01:24:25.963+0000] {logging_mixin.py:149} INFO - [2026-09-28T01:24:25.963+0000] {dag.py:3490} INFO - Setting next_dagrun for example_time_delta_sensor_async to None, run_after=None
[2026-09-28T01:24:25.995+0000] {processor.py:178} INFO - Processing /home/airflow/.local/lib/python3.7/site-packages/airflow/example_dags/example_time_delta_sensor_async.py took 0.146 seconds
[2026-09-28T01:24:57.644+0000] {processor.py:156} INFO - Started process (PID=36530) to work on /home/airflow/.local/lib/python3.7/site-packages/airflow/example_dags/example_time_delta_sensor_async.py
[2026-09-28T01:24:57.645+0000] {processor.py:799} INFO - Processing file /home/airflow/.local/lib/python3.7/site-packages/airflow/example_dags/example_time_delta_sensor_async.py for tasks to queue
[2026-09-28T01:24:57.647+0000] {logging_mixin.py:149} INFO - [2026-09-28T01:24:57.646+0000] {dagbag.py:541} INFO - Filling up the DagBag from /home/airflow/.local/lib/python3.7/site-packages/airflow/example_dags/example_time_delta_sensor_async.py
[2026-09-28T01:24:57.657+0000] {processor.py:809} INFO - DAG(s) dict_keys(['example_time_delta_sensor_async']) retrieved from /home/airflow/.local/lib/python3.7/site-packages/airflow/example_dags/example_time_delta_sensor_async.py
[2026-09-28T01:24:57.714+0000] {logging_mixin.py:149} INFO - [2026-09-28T01:24:57.713+0000] {dag.py:2726} INFO - Sync 1 DAGs
[2026-09-28T01:24:57.764+0000] {logging_mixin.py:149} INFO - [2026-09-28T01:24:57.763+0000] {dag.py:3490} INFO - Setting next_dagrun for example_time_delta_sensor_async to None, run_after=None
[2026-09-28T01:24:57.795+0000] {processor.py:178} INFO - Processing /home/airflow/.local/lib/python3.7/site-packages/airflow/example_dags/example_time_delta_sensor_async.py took 0.158 seconds
[2026-09-28T01:25:29.393+0000] {processor.py:156} INFO - Started process (PID=36591) to work on /home/airflow/.local/lib/python3.7/site-packages/airflow/example_dags/example_time_delta_sensor_async.py
[2026-09-28T01:25:29.395+0000] {processor.py:799} INFO - Processing file /home/airflow/.local/lib/python3.7/site-packages/airflow/example_dags/example_time_delta_sensor_async.py for tasks to queue
[2026-09-28T01:25:29.396+0000] {logging_mixin.py:149} INFO - [2026-09-28T01:25:29.396+0000] {dagbag.py:541} INFO - Filling up the DagBag from /home/airflow/.local/lib/python3.7/site-packages/airflow/example_dags/example_time_delta_sensor_async.py
[2026-09-28T01:25:29.405+0000] {processor.py:809} INFO - DAG(s) dict_keys(['example_time_delta_sensor_async']) retrieved from /home/airflow/.local/lib/python3.7/site-packages/airflow/example_dags/example_time_delta_sensor_async.py
[2026-09-28T01:25:29.455+0000] {logging_mixin.py:149} INFO - [2026-09-28T01:25:29.455+0000] {dag.py:2726} INFO - Sync 1 DAGs
[2026-09-28T01:25:29.504+0000] {logging_mixin.py:149} INFO - [2026-09-28T01:25:29.504+0000] {dag.py:3490} INFO - Setting next_dagrun for example_time_delta_sensor_async to None, run_after=None
[2026-09-28T01:25:29.534+0000] {processor.py:178} INFO - Processing /home/airflow/.local/lib/python3.7/site-packages/airflow/example_dags/example_time_delta_sensor_async.py took 0.149 seconds
[2026-09-28T01:25:59.931+0000] {processor.py:156} INFO - Started process (PID=36650) to work on /home/airflow/.local/lib/python3.7/site-packages/airflow/example_dags/example_time_delta_sensor_async.py
[2026-09-28T01:25:59.932+0000] {processor.py:799} INFO - Processing file /home/airflow/.local/lib/python3.7/site-packages/airflow/example_dags/example_time_delta_sensor_async.py for tasks to queue
[2026-09-28T01:25:59.933+0000] {logging_mixin.py:149} INFO - [2026-09-28T01:25:59.933+0000] {dagbag.py:541} INFO - Filling up the DagBag from /home/airflow/.local/lib/python3.7/site-packages/airflow/example_dags/example_time_delta_sensor_async.py
[2026-09-28T01:25:59.940+0000] {processor.py:809} INFO - DAG(s) dict_keys(['example_time_delta_sensor_async']) retrieved from /home/airflow/.local/lib/python3.7/site-packages/airflow/example_dags/example_time_delta_sensor_async.py
[2026-09-28T01:25:59.984+0000] {logging_mixin.py:149} INFO - [2026-09-28T01:25:59.983+0000] {dag.py:2726} INFO - Sync 1 DAGs
[2026-09-28T01:26:00.032+0000] {logging_mixin.py:149} INFO - [2026-09-28T01:26:00.032+0000] {dag.py:3490} INFO - Setting next_dagrun for example_time_delta_sensor_async to None, run_after=None
[2026-09-28T01:26:00.064+0000] {processor.py:178} INFO - Processing /home/airflow/.local/lib/python3.7/site-packages/airflow/example_dags/example_time_delta_sensor_async.py took 0.139 seconds
[2026-09-28T01:26:31.376+0000] {processor.py:156} INFO - Started process (PID=36710) to work on /home/airflow/.local/lib/python3.7/site-packages/airflow/example_dags/example_time_delta_sensor_async.py
[2026-09-28T01:26:31.380+0000] {processor.py:799} INFO - Processing file /home/airflow/.local/lib/python3.7/site-packages/airflow/example_dags/example_time_delta_sensor_async.py for tasks to queue
[2026-09-28T01:26:31.381+0000] {logging_mixin.py:149} INFO - [2026-09-28T01:26:31.380+0000] {dagbag.py:541} INFO - Filling up the DagBag from /home/airflow/.local/lib/python3.7/site-packages/airflow/example_dags/example_time_delta_sensor_async.py
[2026-09-28T01:26:31.388+0000] {processor.py:809} INFO - DAG(s) dict_keys(['example_time_delta_sensor_async']) retrieved from /home/airflow/.local/lib/python3.7/site-packages/airflow/example_dags/example_time_delta_sensor_async.py
[2026-09-28T01:26:31.434+0000] {logging_mixin.py:149} INFO - [2026-09-28T01:26:31.434+0000] {dag.py:2726} INFO - Sync 1 DAGs
[2026-09-28T01:26:31.482+0000] {logging_mixin.py:149} INFO - [2026-09-28T01:26:31.482+0000] {dag.py:3490} INFO - Setting next_dagrun for example_time_delta_sensor_async to None, run_after=None
[2026-09-28T01:26:31.514+0000] {processor.py:178} INFO - Processing /home/airflow/.local/lib/python3.7/site-packages/airflow/example_dags/example_time_delta_sensor_async.py took 0.144 seconds
[2026-09-28T01:27:02.587+0000] {processor.py:156} INFO - Started process (PID=36769) to work on /home/airflow/.local/lib/python3.7/site-packages/airflow/example_dags/example_time_delta_sensor_async.py
[2026-09-28T01:27:02.589+0000] {processor.py:799} INFO - Processing file /home/airflow/.local/lib/python3.7/site-packages/airflow/example_dags/example_time_delta_sensor_async.py for tasks to queue
[2026-09-28T01:27:02.590+0000] {logging_mixin.py:149} INFO - [2026-09-28T01:27:02.590+0000] {dagbag.py:541} INFO - Filling up the DagBag from /home/airflow/.local/lib/python3.7/site-packages/airflow/example_dags/example_time_delta_sensor_async.py
[2026-09-28T01:27:02.598+0000] {processor.py:809} INFO - DAG(s) dict_keys(['example_time_delta_sensor_async']) retrieved from /home/airflow/.local/lib/python3.7/site-packages/airflow/example_dags/example_time_delta_sensor_async.py
[2026-09-28T01:27:02.645+0000] {logging_mixin.py:149} INFO - [2026-09-28T01:27:02.645+0000] {dag.py:2726} INFO - Sync 1 DAGs
[2026-09-28T01:27:02.693+0000] {logging_mixin.py:149} INFO - [2026-09-28T01:27:02.693+0000] {dag.py:3490} INFO - Setting next_dagrun for example_time_delta_sensor_async to None, run_after=None
[2026-09-28T01:27:02.723+0000] {processor.py:178} INFO - Processing /home/airflow/.local/lib/python3.7/site-packages/airflow/example_dags/example_time_delta_sensor_async.py took 0.142 seconds
[2026-09-28T01:27:33.423+0000] {processor.py:156} INFO - Started process (PID=36829) to work on /home/airflow/.local/lib/python3.7/site-packages/airflow/example_dags/example_time_delta_sensor_async.py
[2026-09-28T01:27:33.425+0000] {processor.py:799} INFO - Processing file /home/airflow/.local/lib/python3.7/site-packages/airflow/example_dags/example_time_delta_sensor_async.py for tasks to queue
[2026-09-28T01:27:33.426+0000] {logging_mixin.py:149} INFO - [2026-09-28T01:27:33.426+0000] {dagbag.py:541} INFO - Filling up the DagBag from /home/airflow/.local/lib/python3.7/site-packages/airflow/example_dags/example_time_delta_sensor_async.py
[2026-09-28T01:27:33.433+0000] {processor.py:809} INFO - DAG(s) dict_keys(['example_time_delta_sensor_async']) retrieved from /home/airflow/.local/lib/python3.7/site-packages/airflow/example_dags/example_time_delta_sensor_async.py
[2026-09-28T01:27:33.486+0000] {logging_mixin.py:149} INFO - [2026-09-28T01:27:33.485+0000] {dag.py:2726} INFO - Sync 1 DAGs
[2026-09-28T01:27:33.538+0000] {logging_mixin.py:149} INFO - [2026-09-28T01:27:33.537+0000] {dag.py:3490} INFO - Setting next_dagrun for example_time_delta_sensor_async to None, run_after=None
[2026-09-28T01:27:33.573+0000] {processor.py:178} INFO - Processing /home/airflow/.local/lib/python3.7/site-packages/airflow/example_dags/example_time_delta_sensor_async.py took 0.158 seconds
[2026-09-28T01:28:04.031+0000] {processor.py:156} INFO - Started process (PID=36889) to work on /home/airflow/.local/lib/python3.7/site-packages/airflow/example_dags/example_time_delta_sensor_async.py
[2026-09-28T01:28:04.033+0000] {processor.py:799} INFO - Processing file /home/airflow/.local/lib/python3.7/site-packages/airflow/example_dags/example_time_delta_sensor_async.py for tasks to queue
[2026-09-28T01:28:04.034+0000] {logging_mixin.py:149} INFO - [2026-09-28T01:28:04.034+0000] {dagbag.py:541} INFO - Filling up the DagBag from /home/airflow/.local/lib/python3.7/site-packages/airflow/example_dags/example_time_delta_sensor_async.py
[2026-09-28T01:28:04.043+0000] {processor.py:809} INFO - DAG(s) dict_keys(['example_time_delta_sensor_async']) retrieved from /home/airflow/.local/lib/python3.7/site-packages/airflow/example_dags/example_time_delta_sensor_async.py
[2026-09-28T01:28:04.090+0000] {logging_mixin.py:149} INFO - [2026-09-28T01:28:04.090+0000] {dag.py:2726} INFO - Sync 1 DAGs
[2026-09-28T01:28:04.147+0000] {logging_mixin.py:149} INFO - [2026-09-28T01:28:04.147+0000] {dag.py:3490} INFO - Setting next_dagrun for example_time_delta_sensor_async to None, run_after=None
[2026-09-28T01:28:04.188+0000] {processor.py:178} INFO - Processing /home/airflow/.local/lib/python3.7/site-packages/airflow/example_dags/example_time_delta_sensor_async.py took 0.164 seconds
[2026-09-28T01:28:34.623+0000] {processor.py:156} INFO - Started process (PID=36949) to work on /home/airflow/.local/lib/python3.7/site-packages/airflow/example_dags/example_time_delta_sensor_async.py
[2026-09-28T01:28:34.629+0000] {processor.py:799} INFO - Processing file /home/airflow/.local/lib/python3.7/site-packages/airflow/example_dags/example_time_delta_sensor_async.py for tasks to queue
[2026-09-28T01:28:34.630+0000] {logging_mixin.py:149} INFO - [2026-09-28T01:28:34.629+0000] {dagbag.py:541} INFO - Filling up the DagBag from /home/airflow/.local/lib/python3.7/site-packages/airflow/example_dags/example_time_delta_sensor_async.py
[2026-09-28T01:28:34.638+0000] {processor.py:809} INFO - DAG(s) dict_keys(['example_time_delta_sensor_async']) retrieved from /home/airflow/.local/lib/python3.7/site-packages/airflow/example_dags/example_time_delta_sensor_async.py
[2026-09-28T01:28:34.677+0000] {logging_mixin.py:149} INFO - [2026-09-28T01:28:34.677+0000] {dag.py:2726} INFO - Sync 1 DAGs
[2026-09-28T01:28:34.720+0000] {logging_mixin.py:149} INFO - [2026-09-28T01:28:34.719+0000] {dag.py:3490} INFO - Setting next_dagrun for example_time_delta_sensor_async to None, run_after=None
[2026-09-28T01:28:34.750+0000] {processor.py:178} INFO - Processing /home/airflow/.local/lib/python3.7/site-packages/airflow/example_dags/example_time_delta_sensor_async.py took 0.133 seconds
[2026-09-28T01:29:05.815+0000] {processor.py:156} INFO - Started process (PID=37009) to work on /home/airflow/.local/lib/python3.7/site-packages/airflow/example_dags/example_time_delta_sensor_async.py
[2026-09-28T01:29:05.818+0000] {processor.py:799} INFO - Processing file /home/airflow/.local/lib/python3.7/site-packages/airflow/example_dags/example_time_delta_sensor_async.py for tasks to queue
[2026-09-28T01:29:05.819+0000] {logging_mixin.py:149} INFO - [2026-09-28T01:29:05.819+0000] {dagbag.py:541} INFO - Filling up the DagBag from /home/airflow/.local/lib/python3.7/site-packages/airflow/example_dags/example_time_delta_sensor_async.py
[2026-09-28T01:29:05.826+0000] {processor.py:809} INFO - DAG(s) dict_keys(['example_time_delta_sensor_async']) retrieved from /home/airflow/.local/lib/python3.7/site-packages/airflow/example_dags/example_time_delta_sensor_async.py
[2026-09-28T01:29:05.873+0000] {logging_mixin.py:149} INFO - [2026-09-28T01:29:05.872+0000] {dag.py:2726} INFO - Sync 1 DAGs
[2026-09-28T01:29:05.927+0000] {logging_mixin.py:149} INFO - [2026-09-28T01:29:05.927+0000] {dag.py:3490} INFO - Setting next_dagrun for example_time_delta_sensor_async to None, run_after=None
[2026-09-28T01:29:05.961+0000] {processor.py:178} INFO - Processing /home/airflow/.local/lib/python3.7/site-packages/airflow/example_dags/example_time_delta_sensor_async.py took 0.154 seconds
[2026-09-28T01:29:36.969+0000] {processor.py:156} INFO - Started process (PID=37069) to work on /home/airflow/.local/lib/python3.7/site-packages/airflow/example_dags/example_time_delta_sensor_async.py
[2026-09-28T01:29:36.970+0000] {processor.py:799} INFO - Processing file /home/airflow/.local/lib/python3.7/site-packages/airflow/example_dags/example_time_delta_sensor_async.py for tasks to queue
[2026-09-28T01:29:36.971+0000] {logging_mixin.py:149} INFO - [2026-09-28T01:29:36.971+0000] {dagbag.py:541} INFO - Filling up the DagBag from /home/airflow/.local/lib/python3.7/site-packages/airflow/example_dags/example_time_delta_sensor_async.py
[2026-09-28T01:29:36.979+0000] {processor.py:809} INFO - DAG(s) dict_keys(['example_time_delta_sensor_async']) retrieved from /home/airflow/.local/lib/python3.7/site-packages/airflow/example_dags/example_time_delta_sensor_async.py
[2026-09-28T01:29:37.029+0000] {logging_mixin.py:149} INFO - [2026-09-28T01:29:37.029+0000] {dag.py:2726} INFO - Sync 1 DAGs
[2026-09-28T01:29:37.079+0000] {logging_mixin.py:149} INFO - [2026-09-28T01:29:37.078+0000] {dag.py:3490} INFO - Setting next_dagrun for example_time_delta_sensor_async to None, run_after=None
[2026-09-28T01:29:37.111+0000] {processor.py:178} INFO - Processing /home/airflow/.local/lib/python3.7/site-packages/airflow/example_dags/example_time_delta_sensor_async.py took 0.149 seconds
[2026-09-28T01:30:08.367+0000] {processor.py:156} INFO - Started process (PID=37128) to work on /home/airflow/.local/lib/python3.7/site-packages/airflow/example_dags/example_time_delta_sensor_async.py
[2026-09-28T01:30:08.369+0000] {processor.py:799} INFO - Processing file /home/airflow/.local/lib/python3.7/site-packages/airflow/example_dags/example_time_delta_sensor_async.py for tasks to queue
[2026-09-28T01:30:08.370+0000] {logging_mixin.py:149} INFO - [2026-09-28T01:30:08.370+0000] {dagbag.py:541} INFO - Filling up the DagBag from /home/airflow/.local/lib/python3.7/site-packages/airflow/example_dags/example_time_delta_sensor_async.py
[2026-09-28T01:30:08.378+0000] {processor.py:809} INFO - DAG(s) dict_keys(['example_time_delta_sensor_async']) retrieved from /home/airflow/.local/lib/python3.7/site-packages/airflow/example_dags/example_time_delta_sensor_async.py
[2026-09-28T01:30:08.427+0000] {logging_mixin.py:149} INFO - [2026-09-28T01:30:08.426+0000] {dag.py:2726} INFO - Sync 1 DAGs
[2026-09-28T01:30:08.480+0000] {logging_mixin.py:149} INFO - [2026-09-28T01:30:08.479+0000] {dag.py:3490} INFO - Setting next_dagrun for example_time_delta_sensor_async to None, run_after=None
[2026-09-28T01:30:08.522+0000] {processor.py:178} INFO - Processing /home/airflow/.local/lib/python3.7/site-packages/airflow/example_dags/example_time_delta_sensor_async.py took 0.161 seconds
[2026-09-28T01:30:39.114+0000] {processor.py:156} INFO - Started process (PID=37186) to work on /home/airflow/.local/lib/python3.7/site-packages/airflow/example_dags/example_time_delta_sensor_async.py
[2026-09-28T01:30:39.116+0000] {processor.py:799} INFO - Processing file /home/airflow/.local/lib/python3.7/site-packages/airflow/example_dags/example_time_delta_sensor_async.py for tasks to queue
[2026-09-28T01:30:39.117+0000] {logging_mixin.py:149} INFO - [2026-09-28T01:30:39.117+0000] {dagbag.py:541} INFO - Filling up the DagBag from /home/airflow/.local/lib/python3.7/site-packages/airflow/example_dags/example_time_delta_sensor_async.py
[2026-09-28T01:30:39.126+0000] {processor.py:809} INFO - DAG(s) dict_keys(['example_time_delta_sensor_async']) retrieved from /home/airflow/.local/lib/python3.7/site-packages/airflow/example_dags/example_time_delta_sensor_async.py
[2026-09-28T01:30:39.170+0000] {logging_mixin.py:149} INFO - [2026-09-28T01:30:39.170+0000] {dag.py:2726} INFO - Sync 1 DAGs
[2026-09-28T01:30:39.211+0000] {logging_mixin.py:149} INFO - [2026-09-28T01:30:39.211+0000] {dag.py:3490} INFO - Setting next_dagrun for example_time_delta_sensor_async to None, run_after=None
[2026-09-28T01:30:39.250+0000] {processor.py:178} INFO - Processing /home/airflow/.local/lib/python3.7/site-packages/airflow/example_dags/example_time_delta_sensor_async.py took 0.142 seconds
[2026-09-28T01:31:09.690+0000] {processor.py:156} INFO - Started process (PID=37245) to work on /home/airflow/.local/lib/python3.7/site-packages/airflow/example_dags/example_time_delta_sensor_async.py
[2026-09-28T01:31:09.693+0000] {processor.py:799} INFO - Processing file /home/airflow/.local/lib/python3.7/site-packages/airflow/example_dags/example_time_delta_sensor_async.py for tasks to queue
[2026-09-28T01:31:09.694+0000] {logging_mixin.py:149} INFO - [2026-09-28T01:31:09.694+0000] {dagbag.py:541} INFO - Filling up the DagBag from /home/airflow/.local/lib/python3.7/site-packages/airflow/example_dags/example_time_delta_sensor_async.py
[2026-09-28T01:31:09.703+0000] {processor.py:809} INFO - DAG(s) dict_keys(['example_time_delta_sensor_async']) retrieved from /home/airflow/.local/lib/python3.7/site-packages/airflow/example_dags/example_time_delta_sensor_async.py
[2026-09-28T01:31:09.754+0000] {logging_mixin.py:149} INFO - [2026-09-28T01:31:09.753+0000] {dag.py:2726} INFO - Sync 1 DAGs
[2026-09-28T01:31:09.808+0000] {logging_mixin.py:149} INFO - [2026-09-28T01:31:09.808+0000] {dag.py:3490} INFO - Setting next_dagrun for example_time_delta_sensor_async to None, run_after=None
[2026-09-28T01:31:09.844+0000] {processor.py:178} INFO - Processing /home/airflow/.local/lib/python3.7/site-packages/airflow/example_dags/example_time_delta_sensor_async.py took 0.164 seconds
[2026-09-28T01:31:40.583+0000] {processor.py:156} INFO - Started process (PID=37304) to work on /home/airflow/.local/lib/python3.7/site-packages/airflow/example_dags/example_time_delta_sensor_async.py
[2026-09-28T01:31:40.584+0000] {processor.py:799} INFO - Processing file /home/airflow/.local/lib/python3.7/site-packages/airflow/example_dags/example_time_delta_sensor_async.py for tasks to queue
[2026-09-28T01:31:40.585+0000] {logging_mixin.py:149} INFO - [2026-09-28T01:31:40.585+0000] {dagbag.py:541} INFO - Filling up the DagBag from /home/airflow/.local/lib/python3.7/site-packages/airflow/example_dags/example_time_delta_sensor_async.py
[2026-09-28T01:31:40.593+0000] {processor.py:809} INFO - DAG(s) dict_keys(['example_time_delta_sensor_async']) retrieved from /home/airflow/.local/lib/python3.7/site-packages/airflow/example_dags/example_time_delta_sensor_async.py
[2026-09-28T01:31:40.642+0000] {logging_mixin.py:149} INFO - [2026-09-28T01:31:40.641+0000] {dag.py:2726} INFO - Sync 1 DAGs
[2026-09-28T01:31:40.687+0000] {logging_mixin.py:149} INFO - [2026-09-28T01:31:40.686+0000] {dag.py:3490} INFO - Setting next_dagrun for example_time_delta_sensor_async to None, run_after=None
[2026-09-28T01:31:40.720+0000] {processor.py:178} INFO - Processing /home/airflow/.local/lib/python3.7/site-packages/airflow/example_dags/example_time_delta_sensor_async.py took 0.143 seconds
[2026-09-28T01:32:11.787+0000] {processor.py:156} INFO - Started process (PID=37363) to work on /home/airflow/.local/lib/python3.7/site-packages/airflow/example_dags/example_time_delta_sensor_async.py
[2026-09-28T01:32:11.792+0000] {processor.py:799} INFO - Processing file /home/airflow/.local/lib/python3.7/site-packages/airflow/example_dags/example_time_delta_sensor_async.py for tasks to queue
[2026-09-28T01:32:11.795+0000] {logging_mixin.py:149} INFO - [2026-09-28T01:32:11.794+0000] {dagbag.py:541} INFO - Filling up the DagBag from /home/airflow/.local/lib/python3.7/site-packages/airflow/example_dags/example_time_delta_sensor_async.py
[2026-09-28T01:32:11.807+0000] {processor.py:809} INFO - DAG(s) dict_keys(['example_time_delta_sensor_async']) retrieved from /home/airflow/.local/lib/python3.7/site-packages/airflow/example_dags/example_time_delta_sensor_async.py
[2026-09-28T01:32:11.859+0000] {logging_mixin.py:149} INFO - [2026-09-28T01:32:11.859+0000] {dag.py:2726} INFO - Sync 1 DAGs
[2026-09-28T01:32:11.906+0000] {logging_mixin.py:149} INFO - [2026-09-28T01:32:11.905+0000] {dag.py:3490} INFO - Setting next_dagrun for example_time_delta_sensor_async to None, run_after=None
[2026-09-28T01:32:11.936+0000] {processor.py:178} INFO - Processing /home/airflow/.local/lib/python3.7/site-packages/airflow/example_dags/example_time_delta_sensor_async.py took 0.162 seconds
[2026-09-28T01:32:43.238+0000] {processor.py:156} INFO - Started process (PID=37422) to work on /home/airflow/.local/lib/python3.7/site-packages/airflow/example_dags/example_time_delta_sensor_async.py
[2026-09-28T01:32:43.240+0000] {processor.py:799} INFO - Processing file /home/airflow/.local/lib/python3.7/site-packages/airflow/example_dags/example_time_delta_sensor_async.py for tasks to queue
[2026-09-28T01:32:43.241+0000] {logging_mixin.py:149} INFO - [2026-09-28T01:32:43.241+0000] {dagbag.py:541} INFO - Filling up the DagBag from /home/airflow/.local/lib/python3.7/site-packages/airflow/example_dags/example_time_delta_sensor_async.py
[2026-09-28T01:32:43.248+0000] {processor.py:809} INFO - DAG(s) dict_keys(['example_time_delta_sensor_async']) retrieved from /home/airflow/.local/lib/python3.7/site-packages/airflow/example_dags/example_time_delta_sensor_async.py
[2026-09-28T01:32:43.298+0000] {logging_mixin.py:149} INFO - [2026-09-28T01:32:43.297+0000] {dag.py:2726} INFO - Sync 1 DAGs
[2026-09-28T01:32:43.349+0000] {logging_mixin.py:149} INFO - [2026-09-28T01:32:43.349+0000] {dag.py:3490} INFO - Setting next_dagrun for example_time_delta_sensor_async to None, run_after=None
[2026-09-28T01:32:43.381+0000] {processor.py:178} INFO - Processing /home/airflow/.local/lib/python3.7/site-packages/airflow/example_dags/example_time_delta_sensor_async.py took 0.149 seconds
[2026-09-28T01:33:14.975+0000] {processor.py:156} INFO - Started process (PID=37487) to work on /home/airflow/.local/lib/python3.7/site-packages/airflow/example_dags/example_time_delta_sensor_async.py
[2026-09-28T01:33:14.977+0000] {processor.py:799} INFO - Processing file /home/airflow/.local/lib/python3.7/site-packages/airflow/example_dags/example_time_delta_sensor_async.py for tasks to queue
[2026-09-28T01:33:14.979+0000] {logging_mixin.py:149} INFO - [2026-09-28T01:33:14.978+0000] {dagbag.py:541} INFO - Filling up the DagBag from /home/airflow/.local/lib/python3.7/site-packages/airflow/example_dags/example_time_delta_sensor_async.py
[2026-09-28T01:33:14.986+0000] {processor.py:809} INFO - DAG(s) dict_keys(['example_time_delta_sensor_async']) retrieved from /home/airflow/.local/lib/python3.7/site-packages/airflow/example_dags/example_time_delta_sensor_async.py
[2026-09-28T01:33:15.035+0000] {logging_mixin.py:149} INFO - [2026-09-28T01:33:15.035+0000] {dag.py:2726} INFO - Sync 1 DAGs
[2026-09-28T01:33:15.085+0000] {logging_mixin.py:149} INFO - [2026-09-28T01:33:15.085+0000] {dag.py:3490} INFO - Setting next_dagrun for example_time_delta_sensor_async to None, run_after=None
[2026-09-28T01:33:15.116+0000] {processor.py:178} INFO - Processing /home/airflow/.local/lib/python3.7/site-packages/airflow/example_dags/example_time_delta_sensor_async.py took 0.147 seconds
[2026-09-28T01:33:46.080+0000] {processor.py:156} INFO - Started process (PID=37546) to work on /home/airflow/.local/lib/python3.7/site-packages/airflow/example_dags/example_time_delta_sensor_async.py
[2026-09-28T01:33:46.081+0000] {processor.py:799} INFO - Processing file /home/airflow/.local/lib/python3.7/site-packages/airflow/example_dags/example_time_delta_sensor_async.py for tasks to queue
[2026-09-28T01:33:46.083+0000] {logging_mixin.py:149} INFO - [2026-09-28T01:33:46.083+0000] {dagbag.py:541} INFO - Filling up the DagBag from /home/airflow/.local/lib/python3.7/site-packages/airflow/example_dags/example_time_delta_sensor_async.py
[2026-09-28T01:33:46.092+0000] {processor.py:809} INFO - DAG(s) dict_keys(['example_time_delta_sensor_async']) retrieved from /home/airflow/.local/lib/python3.7/site-packages/airflow/example_dags/example_time_delta_sensor_async.py
[2026-09-28T01:33:46.143+0000] {logging_mixin.py:149} INFO - [2026-09-28T01:33:46.142+0000] {dag.py:2726} INFO - Sync 1 DAGs
[2026-09-28T01:33:46.190+0000] {logging_mixin.py:149} INFO - [2026-09-28T01:33:46.190+0000] {dag.py:3490} INFO - Setting next_dagrun for example_time_delta_sensor_async to None, run_after=None
[2026-09-28T01:33:46.219+0000] {processor.py:178} INFO - Processing /home/airflow/.local/lib/python3.7/site-packages/airflow/example_dags/example_time_delta_sensor_async.py took 0.147 seconds
[2026-09-28T01:34:17.797+0000] {processor.py:156} INFO - Started process (PID=37605) to work on /home/airflow/.local/lib/python3.7/site-packages/airflow/example_dags/example_time_delta_sensor_async.py
[2026-09-28T01:34:17.799+0000] {processor.py:799} INFO - Processing file /home/airflow/.local/lib/python3.7/site-packages/airflow/example_dags/example_time_delta_sensor_async.py for tasks to queue
[2026-09-28T01:34:17.800+0000] {logging_mixin.py:149} INFO - [2026-09-28T01:34:17.800+0000] {dagbag.py:541} INFO - Filling up the DagBag from /home/airflow/.local/lib/python3.7/site-packages/airflow/example_dags/example_time_delta_sensor_async.py
[2026-09-28T01:34:17.811+0000] {processor.py:809} INFO - DAG(s) dict_keys(['example_time_delta_sensor_async']) retrieved from /home/airflow/.local/lib/python3.7/site-packages/airflow/example_dags/example_time_delta_sensor_async.py
[2026-09-28T01:34:17.865+0000] {logging_mixin.py:149} INFO - [2026-09-28T01:34:17.864+0000] {dag.py:2726} INFO - Sync 1 DAGs
[2026-09-28T01:34:17.911+0000] {logging_mixin.py:149} INFO - [2026-09-28T01:34:17.911+0000] {dag.py:3490} INFO - Setting next_dagrun for example_time_delta_sensor_async to None, run_after=None
[2026-09-28T01:34:17.945+0000] {processor.py:178} INFO - Processing /home/airflow/.local/lib/python3.7/site-packages/airflow/example_dags/example_time_delta_sensor_async.py took 0.156 seconds
[2026-09-28T01:34:48.996+0000] {processor.py:156} INFO - Started process (PID=37664) to work on /home/airflow/.local/lib/python3.7/site-packages/airflow/example_dags/example_time_delta_sensor_async.py
[2026-09-28T01:34:48.999+0000] {processor.py:799} INFO - Processing file /home/airflow/.local/lib/python3.7/site-packages/airflow/example_dags/example_time_delta_sensor_async.py for tasks to queue
[2026-09-28T01:34:49.000+0000] {logging_mixin.py:149} INFO - [2026-09-28T01:34:49.000+0000] {dagbag.py:541} INFO - Filling up the DagBag from /home/airflow/.local/lib/python3.7/site-packages/airflow/example_dags/example_time_delta_sensor_async.py
[2026-09-28T01:34:49.009+0000] {processor.py:809} INFO - DAG(s) dict_keys(['example_time_delta_sensor_async']) retrieved from /home/airflow/.local/lib/python3.7/site-packages/airflow/example_dags/example_time_delta_sensor_async.py
[2026-09-28T01:34:49.052+0000] {logging_mixin.py:149} INFO - [2026-09-28T01:34:49.052+0000] {dag.py:2726} INFO - Sync 1 DAGs
[2026-09-28T01:34:49.105+0000] {logging_mixin.py:149} INFO - [2026-09-28T01:34:49.104+0000] {dag.py:3490} INFO - Setting next_dagrun for example_time_delta_sensor_async to None, run_after=None
[2026-09-28T01:34:49.140+0000] {processor.py:178} INFO - Processing /home/airflow/.local/lib/python3.7/site-packages/airflow/example_dags/example_time_delta_sensor_async.py took 0.151 seconds
[2026-09-28T01:35:20.126+0000] {processor.py:156} INFO - Started process (PID=37723) to work on /home/airflow/.local/lib/python3.7/site-packages/airflow/example_dags/example_time_delta_sensor_async.py
[2026-09-28T01:35:20.127+0000] {processor.py:799} INFO - Processing file /home/airflow/.local/lib/python3.7/site-packages/airflow/example_dags/example_time_delta_sensor_async.py for tasks to queue
[2026-09-28T01:35:20.128+0000] {logging_mixin.py:149} INFO - [2026-09-28T01:35:20.128+0000] {dagbag.py:541} INFO - Filling up the DagBag from /home/airflow/.local/lib/python3.7/site-packages/airflow/example_dags/example_time_delta_sensor_async.py
[2026-09-28T01:35:20.134+0000] {processor.py:809} INFO - DAG(s) dict_keys(['example_time_delta_sensor_async']) retrieved from /home/airflow/.local/lib/python3.7/site-packages/airflow/example_dags/example_time_delta_sensor_async.py
[2026-09-28T01:35:20.181+0000] {logging_mixin.py:149} INFO - [2026-09-28T01:35:20.181+0000] {dag.py:2726} INFO - Sync 1 DAGs
[2026-09-28T01:35:20.226+0000] {logging_mixin.py:149} INFO - [2026-09-28T01:35:20.226+0000] {dag.py:3490} INFO - Setting next_dagrun for example_time_delta_sensor_async to None, run_after=None
[2026-09-28T01:35:20.255+0000] {processor.py:178} INFO - Processing /home/airflow/.local/lib/python3.7/site-packages/airflow/example_dags/example_time_delta_sensor_async.py took 0.135 seconds
[2026-09-28T01:35:51.404+0000] {processor.py:156} INFO - Started process (PID=37782) to work on /home/airflow/.local/lib/python3.7/site-packages/airflow/example_dags/example_time_delta_sensor_async.py
[2026-09-28T01:35:51.444+0000] {processor.py:799} INFO - Processing file /home/airflow/.local/lib/python3.7/site-packages/airflow/example_dags/example_time_delta_sensor_async.py for tasks to queue
[2026-09-28T01:35:51.445+0000] {logging_mixin.py:149} INFO - [2026-09-28T01:35:51.445+0000] {dagbag.py:541} INFO - Filling up the DagBag from /home/airflow/.local/lib/python3.7/site-packages/airflow/example_dags/example_time_delta_sensor_async.py
[2026-09-28T01:35:51.454+0000] {processor.py:809} INFO - DAG(s) dict_keys(['example_time_delta_sensor_async']) retrieved from /home/airflow/.local/lib/python3.7/site-packages/airflow/example_dags/example_time_delta_sensor_async.py
[2026-09-28T01:35:51.497+0000] {logging_mixin.py:149} INFO - [2026-09-28T01:35:51.496+0000] {dag.py:2726} INFO - Sync 1 DAGs
[2026-09-28T01:35:51.540+0000] {logging_mixin.py:149} INFO - [2026-09-28T01:35:51.540+0000] {dag.py:3490} INFO - Setting next_dagrun for example_time_delta_sensor_async to None, run_after=None
[2026-09-28T01:35:51.575+0000] {processor.py:178} INFO - Processing /home/airflow/.local/lib/python3.7/site-packages/airflow/example_dags/example_time_delta_sensor_async.py took 0.176 seconds
[2026-09-28T01:36:22.795+0000] {processor.py:156} INFO - Started process (PID=37841) to work on /home/airflow/.local/lib/python3.7/site-packages/airflow/example_dags/example_time_delta_sensor_async.py
[2026-09-28T01:36:22.797+0000] {processor.py:799} INFO - Processing file /home/airflow/.local/lib/python3.7/site-packages/airflow/example_dags/example_time_delta_sensor_async.py for tasks to queue
[2026-09-28T01:36:22.798+0000] {logging_mixin.py:149} INFO - [2026-09-28T01:36:22.797+0000] {dagbag.py:541} INFO - Filling up the DagBag from /home/airflow/.local/lib/python3.7/site-packages/airflow/example_dags/example_time_delta_sensor_async.py
[2026-09-28T01:36:22.805+0000] {processor.py:809} INFO - DAG(s) dict_keys(['example_time_delta_sensor_async']) retrieved from /home/airflow/.local/lib/python3.7/site-packages/airflow/example_dags/example_time_delta_sensor_async.py
[2026-09-28T01:36:22.851+0000] {logging_mixin.py:149} INFO - [2026-09-28T01:36:22.850+0000] {dag.py:2726} INFO - Sync 1 DAGs
[2026-09-28T01:36:22.900+0000] {logging_mixin.py:149} INFO - [2026-09-28T01:36:22.900+0000] {dag.py:3490} INFO - Setting next_dagrun for example_time_delta_sensor_async to None, run_after=None
[2026-09-28T01:36:22.932+0000] {processor.py:178} INFO - Processing /home/airflow/.local/lib/python3.7/site-packages/airflow/example_dags/example_time_delta_sensor_async.py took 0.144 seconds
[2026-09-28T01:36:54.314+0000] {processor.py:156} INFO - Started process (PID=37900) to work on /home/airflow/.local/lib/python3.7/site-packages/airflow/example_dags/example_time_delta_sensor_async.py
[2026-09-28T01:36:54.316+0000] {processor.py:799} INFO - Processing file /home/airflow/.local/lib/python3.7/site-packages/airflow/example_dags/example_time_delta_sensor_async.py for tasks to queue
[2026-09-28T01:36:54.317+0000] {logging_mixin.py:149} INFO - [2026-09-28T01:36:54.317+0000] {dagbag.py:541} INFO - Filling up the DagBag from /home/airflow/.local/lib/python3.7/site-packages/airflow/example_dags/example_time_delta_sensor_async.py
[2026-09-28T01:36:54.325+0000] {processor.py:809} INFO - DAG(s) dict_keys(['example_time_delta_sensor_async']) retrieved from /home/airflow/.local/lib/python3.7/site-packages/airflow/example_dags/example_time_delta_sensor_async.py
[2026-09-28T01:36:54.371+0000] {logging_mixin.py:149} INFO - [2026-09-28T01:36:54.370+0000] {dag.py:2726} INFO - Sync 1 DAGs
[2026-09-28T01:36:54.418+0000] {logging_mixin.py:149} INFO - [2026-09-28T01:36:54.418+0000] {dag.py:3490} INFO - Setting next_dagrun for example_time_delta_sensor_async to None, run_after=None
[2026-09-28T01:36:54.449+0000] {processor.py:178} INFO - Processing /home/airflow/.local/lib/python3.7/site-packages/airflow/example_dags/example_time_delta_sensor_async.py took 0.142 seconds
[2026-09-28T01:37:25.785+0000] {processor.py:156} INFO - Started process (PID=37960) to work on /home/airflow/.local/lib/python3.7/site-packages/airflow/example_dags/example_time_delta_sensor_async.py
[2026-09-28T01:37:25.786+0000] {processor.py:799} INFO - Processing file /home/airflow/.local/lib/python3.7/site-packages/airflow/example_dags/example_time_delta_sensor_async.py for tasks to queue
[2026-09-28T01:37:25.787+0000] {logging_mixin.py:149} INFO - [2026-09-28T01:37:25.787+0000] {dagbag.py:541} INFO - Filling up the DagBag from /home/airflow/.local/lib/python3.7/site-packages/airflow/example_dags/example_time_delta_sensor_async.py
[2026-09-28T01:37:25.794+0000] {processor.py:809} INFO - DAG(s) dict_keys(['example_time_delta_sensor_async']) retrieved from /home/airflow/.local/lib/python3.7/site-packages/airflow/example_dags/example_time_delta_sensor_async.py
[2026-09-28T01:37:25.850+0000] {logging_mixin.py:149} INFO - [2026-09-28T01:37:25.850+0000] {dag.py:2726} INFO - Sync 1 DAGs
[2026-09-28T01:37:25.891+0000] {logging_mixin.py:149} INFO - [2026-09-28T01:37:25.891+0000] {dag.py:3490} INFO - Setting next_dagrun for example_time_delta_sensor_async to None, run_after=None
[2026-09-28T01:37:25.918+0000] {processor.py:178} INFO - Processing /home/airflow/.local/lib/python3.7/site-packages/airflow/example_dags/example_time_delta_sensor_async.py took 0.139 seconds
[2026-09-28T01:37:56.968+0000] {processor.py:156} INFO - Started process (PID=38019) to work on /home/airflow/.local/lib/python3.7/site-packages/airflow/example_dags/example_time_delta_sensor_async.py
[2026-09-28T01:37:56.970+0000] {processor.py:799} INFO - Processing file /home/airflow/.local/lib/python3.7/site-packages/airflow/example_dags/example_time_delta_sensor_async.py for tasks to queue
[2026-09-28T01:37:56.971+0000] {logging_mixin.py:149} INFO - [2026-09-28T01:37:56.971+0000] {dagbag.py:541} INFO - Filling up the DagBag from /home/airflow/.local/lib/python3.7/site-packages/airflow/example_dags/example_time_delta_sensor_async.py
[2026-09-28T01:37:56.978+0000] {processor.py:809} INFO - DAG(s) dict_keys(['example_time_delta_sensor_async']) retrieved from /home/airflow/.local/lib/python3.7/site-packages/airflow/example_dags/example_time_delta_sensor_async.py
[2026-09-28T01:37:57.026+0000] {logging_mixin.py:149} INFO - [2026-09-28T01:37:57.026+0000] {dag.py:2726} INFO - Sync 1 DAGs
[2026-09-28T01:37:57.073+0000] {logging_mixin.py:149} INFO - [2026-09-28T01:37:57.073+0000] {dag.py:3490} INFO - Setting next_dagrun for example_time_delta_sensor_async to None, run_after=None
[2026-09-28T01:37:57.103+0000] {processor.py:178} INFO - Processing /home/airflow/.local/lib/python3.7/site-packages/airflow/example_dags/example_time_delta_sensor_async.py took 0.143 seconds
[2026-09-28T01:38:28.269+0000] {processor.py:156} INFO - Started process (PID=38078) to work on /home/airflow/.local/lib/python3.7/site-packages/airflow/example_dags/example_time_delta_sensor_async.py
[2026-09-28T01:38:28.275+0000] {processor.py:799} INFO - Processing file /home/airflow/.local/lib/python3.7/site-packages/airflow/example_dags/example_time_delta_sensor_async.py for tasks to queue
[2026-09-28T01:38:28.277+0000] {logging_mixin.py:149} INFO - [2026-09-28T01:38:28.276+0000] {dagbag.py:541} INFO - Filling up the DagBag from /home/airflow/.local/lib/python3.7/site-packages/airflow/example_dags/example_time_delta_sensor_async.py
[2026-09-28T01:38:28.288+0000] {processor.py:809} INFO - DAG(s) dict_keys(['example_time_delta_sensor_async']) retrieved from /home/airflow/.local/lib/python3.7/site-packages/airflow/example_dags/example_time_delta_sensor_async.py
[2026-09-28T01:38:28.341+0000] {logging_mixin.py:149} INFO - [2026-09-28T01:38:28.340+0000] {dag.py:2726} INFO - Sync 1 DAGs
[2026-09-28T01:38:28.389+0000] {logging_mixin.py:149} INFO - [2026-09-28T01:38:28.389+0000] {dag.py:3490} INFO - Setting next_dagrun for example_time_delta_sensor_async to None, run_after=None
[2026-09-28T01:38:28.422+0000] {processor.py:178} INFO - Processing /home/airflow/.local/lib/python3.7/site-packages/airflow/example_dags/example_time_delta_sensor_async.py took 0.160 seconds
[2026-09-28T01:38:59.216+0000] {processor.py:156} INFO - Started process (PID=38137) to work on /home/airflow/.local/lib/python3.7/site-packages/airflow/example_dags/example_time_delta_sensor_async.py
[2026-09-28T01:38:59.218+0000] {processor.py:799} INFO - Processing file /home/airflow/.local/lib/python3.7/site-packages/airflow/example_dags/example_time_delta_sensor_async.py for tasks to queue
[2026-09-28T01:38:59.219+0000] {logging_mixin.py:149} INFO - [2026-09-28T01:38:59.219+0000] {dagbag.py:541} INFO - Filling up the DagBag from /home/airflow/.local/lib/python3.7/site-packages/airflow/example_dags/example_time_delta_sensor_async.py
[2026-09-28T01:38:59.226+0000] {processor.py:809} INFO - DAG(s) dict_keys(['example_time_delta_sensor_async']) retrieved from /home/airflow/.local/lib/python3.7/site-packages/airflow/example_dags/example_time_delta_sensor_async.py
[2026-09-28T01:38:59.301+0000] {logging_mixin.py:149} INFO - [2026-09-28T01:38:59.301+0000] {dag.py:2726} INFO - Sync 1 DAGs
[2026-09-28T01:38:59.350+0000] {logging_mixin.py:149} INFO - [2026-09-28T01:38:59.350+0000] {dag.py:3490} INFO - Setting next_dagrun for example_time_delta_sensor_async to None, run_after=None
[2026-09-28T01:38:59.383+0000] {processor.py:178} INFO - Processing /home/airflow/.local/lib/python3.7/site-packages/airflow/example_dags/example_time_delta_sensor_async.py took 0.174 seconds
[2026-09-28T01:39:30.815+0000] {processor.py:156} INFO - Started process (PID=38199) to work on /home/airflow/.local/lib/python3.7/site-packages/airflow/example_dags/example_time_delta_sensor_async.py
[2026-09-28T01:39:30.818+0000] {processor.py:799} INFO - Processing file /home/airflow/.local/lib/python3.7/site-packages/airflow/example_dags/example_time_delta_sensor_async.py for tasks to queue
[2026-09-28T01:39:30.820+0000] {logging_mixin.py:149} INFO - [2026-09-28T01:39:30.819+0000] {dagbag.py:541} INFO - Filling up the DagBag from /home/airflow/.local/lib/python3.7/site-packages/airflow/example_dags/example_time_delta_sensor_async.py
[2026-09-28T01:39:30.829+0000] {processor.py:809} INFO - DAG(s) dict_keys(['example_time_delta_sensor_async']) retrieved from /home/airflow/.local/lib/python3.7/site-packages/airflow/example_dags/example_time_delta_sensor_async.py
[2026-09-28T01:39:30.879+0000] {logging_mixin.py:149} INFO - [2026-09-28T01:39:30.879+0000] {dag.py:2726} INFO - Sync 1 DAGs
[2026-09-28T01:39:30.927+0000] {logging_mixin.py:149} INFO - [2026-09-28T01:39:30.927+0000] {dag.py:3490} INFO - Setting next_dagrun for example_time_delta_sensor_async to None, run_after=None
[2026-09-28T01:39:30.958+0000] {processor.py:178} INFO - Processing /home/airflow/.local/lib/python3.7/site-packages/airflow/example_dags/example_time_delta_sensor_async.py took 0.151 seconds
[2026-09-28T01:40:02.213+0000] {processor.py:156} INFO - Started process (PID=38258) to work on /home/airflow/.local/lib/python3.7/site-packages/airflow/example_dags/example_time_delta_sensor_async.py
[2026-09-28T01:40:02.214+0000] {processor.py:799} INFO - Processing file /home/airflow/.local/lib/python3.7/site-packages/airflow/example_dags/example_time_delta_sensor_async.py for tasks to queue
[2026-09-28T01:40:02.215+0000] {logging_mixin.py:149} INFO - [2026-09-28T01:40:02.215+0000] {dagbag.py:541} INFO - Filling up the DagBag from /home/airflow/.local/lib/python3.7/site-packages/airflow/example_dags/example_time_delta_sensor_async.py
[2026-09-28T01:40:02.223+0000] {processor.py:809} INFO - DAG(s) dict_keys(['example_time_delta_sensor_async']) retrieved from /home/airflow/.local/lib/python3.7/site-packages/airflow/example_dags/example_time_delta_sensor_async.py
[2026-09-28T01:40:02.279+0000] {logging_mixin.py:149} INFO - [2026-09-28T01:40:02.279+0000] {dag.py:2726} INFO - Sync 1 DAGs
[2026-09-28T01:40:02.328+0000] {logging_mixin.py:149} INFO - [2026-09-28T01:40:02.328+0000] {dag.py:3490} INFO - Setting next_dagrun for example_time_delta_sensor_async to None, run_after=None
[2026-09-28T01:40:02.364+0000] {processor.py:178} INFO - Processing /home/airflow/.local/lib/python3.7/site-packages/airflow/example_dags/example_time_delta_sensor_async.py took 0.158 seconds
[2026-09-28T01:40:33.558+0000] {processor.py:156} INFO - Started process (PID=38317) to work on /home/airflow/.local/lib/python3.7/site-packages/airflow/example_dags/example_time_delta_sensor_async.py
[2026-09-28T01:40:33.560+0000] {processor.py:799} INFO - Processing file /home/airflow/.local/lib/python3.7/site-packages/airflow/example_dags/example_time_delta_sensor_async.py for tasks to queue
[2026-09-28T01:40:33.561+0000] {logging_mixin.py:149} INFO - [2026-09-28T01:40:33.561+0000] {dagbag.py:541} INFO - Filling up the DagBag from /home/airflow/.local/lib/python3.7/site-packages/airflow/example_dags/example_time_delta_sensor_async.py
[2026-09-28T01:40:33.569+0000] {processor.py:809} INFO - DAG(s) dict_keys(['example_time_delta_sensor_async']) retrieved from /home/airflow/.local/lib/python3.7/site-packages/airflow/example_dags/example_time_delta_sensor_async.py
[2026-09-28T01:40:33.636+0000] {logging_mixin.py:149} INFO - [2026-09-28T01:40:33.635+0000] {dag.py:2726} INFO - Sync 1 DAGs
[2026-09-28T01:40:33.690+0000] {logging_mixin.py:149} INFO - [2026-09-28T01:40:33.690+0000] {dag.py:3490} INFO - Setting next_dagrun for example_time_delta_sensor_async to None, run_after=None
[2026-09-28T01:40:33.718+0000] {processor.py:178} INFO - Processing /home/airflow/.local/lib/python3.7/site-packages/airflow/example_dags/example_time_delta_sensor_async.py took 0.166 seconds
[2026-09-28T01:41:04.715+0000] {processor.py:156} INFO - Started process (PID=38376) to work on /home/airflow/.local/lib/python3.7/site-packages/airflow/example_dags/example_time_delta_sensor_async.py
[2026-09-28T01:41:04.719+0000] {processor.py:799} INFO - Processing file /home/airflow/.local/lib/python3.7/site-packages/airflow/example_dags/example_time_delta_sensor_async.py for tasks to queue
[2026-09-28T01:41:04.720+0000] {logging_mixin.py:149} INFO - [2026-09-28T01:41:04.720+0000] {dagbag.py:541} INFO - Filling up the DagBag from /home/airflow/.local/lib/python3.7/site-packages/airflow/example_dags/example_time_delta_sensor_async.py
[2026-09-28T01:41:04.729+0000] {processor.py:809} INFO - DAG(s) dict_keys(['example_time_delta_sensor_async']) retrieved from /home/airflow/.local/lib/python3.7/site-packages/airflow/example_dags/example_time_delta_sensor_async.py
[2026-09-28T01:41:04.776+0000] {logging_mixin.py:149} INFO - [2026-09-28T01:41:04.776+0000] {dag.py:2726} INFO - Sync 1 DAGs
[2026-09-28T01:41:04.822+0000] {logging_mixin.py:149} INFO - [2026-09-28T01:41:04.822+0000] {dag.py:3490} INFO - Setting next_dagrun for example_time_delta_sensor_async to None, run_after=None
[2026-09-28T01:41:04.854+0000] {processor.py:178} INFO - Processing /home/airflow/.local/lib/python3.7/site-packages/airflow/example_dags/example_time_delta_sensor_async.py took 0.146 seconds
[2026-09-28T01:41:35.963+0000] {processor.py:156} INFO - Started process (PID=38437) to work on /home/airflow/.local/lib/python3.7/site-packages/airflow/example_dags/example_time_delta_sensor_async.py
[2026-09-28T01:41:35.964+0000] {processor.py:799} INFO - Processing file /home/airflow/.local/lib/python3.7/site-packages/airflow/example_dags/example_time_delta_sensor_async.py for tasks to queue
[2026-09-28T01:41:35.965+0000] {logging_mixin.py:149} INFO - [2026-09-28T01:41:35.965+0000] {dagbag.py:541} INFO - Filling up the DagBag from /home/airflow/.local/lib/python3.7/site-packages/airflow/example_dags/example_time_delta_sensor_async.py
[2026-09-28T01:41:35.973+0000] {processor.py:809} INFO - DAG(s) dict_keys(['example_time_delta_sensor_async']) retrieved from /home/airflow/.local/lib/python3.7/site-packages/airflow/example_dags/example_time_delta_sensor_async.py
[2026-09-28T01:41:36.022+0000] {logging_mixin.py:149} INFO - [2026-09-28T01:41:36.022+0000] {dag.py:2726} INFO - Sync 1 DAGs
[2026-09-28T01:41:36.071+0000] {logging_mixin.py:149} INFO - [2026-09-28T01:41:36.070+0000] {dag.py:3490} INFO - Setting next_dagrun for example_time_delta_sensor_async to None, run_after=None
[2026-09-28T01:41:36.105+0000] {processor.py:178} INFO - Processing /home/airflow/.local/lib/python3.7/site-packages/airflow/example_dags/example_time_delta_sensor_async.py took 0.149 seconds
[2026-09-28T01:42:07.677+0000] {processor.py:156} INFO - Started process (PID=38496) to work on /home/airflow/.local/lib/python3.7/site-packages/airflow/example_dags/example_time_delta_sensor_async.py
[2026-09-28T01:42:07.680+0000] {processor.py:799} INFO - Processing file /home/airflow/.local/lib/python3.7/site-packages/airflow/example_dags/example_time_delta_sensor_async.py for tasks to queue
[2026-09-28T01:42:07.682+0000] {logging_mixin.py:149} INFO - [2026-09-28T01:42:07.681+0000] {dagbag.py:541} INFO - Filling up the DagBag from /home/airflow/.local/lib/python3.7/site-packages/airflow/example_dags/example_time_delta_sensor_async.py
[2026-09-28T01:42:07.691+0000] {processor.py:809} INFO - DAG(s) dict_keys(['example_time_delta_sensor_async']) retrieved from /home/airflow/.local/lib/python3.7/site-packages/airflow/example_dags/example_time_delta_sensor_async.py
[2026-09-28T01:42:07.748+0000] {logging_mixin.py:149} INFO - [2026-09-28T01:42:07.747+0000] {dag.py:2726} INFO - Sync 1 DAGs
[2026-09-28T01:42:07.809+0000] {logging_mixin.py:149} INFO - [2026-09-28T01:42:07.809+0000] {dag.py:3490} INFO - Setting next_dagrun for example_time_delta_sensor_async to None, run_after=None
[2026-09-28T01:42:07.863+0000] {processor.py:178} INFO - Processing /home/airflow/.local/lib/python3.7/site-packages/airflow/example_dags/example_time_delta_sensor_async.py took 0.195 seconds
[2026-09-28T01:42:39.402+0000] {processor.py:156} INFO - Started process (PID=38559) to work on /home/airflow/.local/lib/python3.7/site-packages/airflow/example_dags/example_time_delta_sensor_async.py
[2026-09-28T01:42:39.406+0000] {processor.py:799} INFO - Processing file /home/airflow/.local/lib/python3.7/site-packages/airflow/example_dags/example_time_delta_sensor_async.py for tasks to queue
[2026-09-28T01:42:39.407+0000] {logging_mixin.py:149} INFO - [2026-09-28T01:42:39.407+0000] {dagbag.py:541} INFO - Filling up the DagBag from /home/airflow/.local/lib/python3.7/site-packages/airflow/example_dags/example_time_delta_sensor_async.py
[2026-09-28T01:42:39.414+0000] {processor.py:809} INFO - DAG(s) dict_keys(['example_time_delta_sensor_async']) retrieved from /home/airflow/.local/lib/python3.7/site-packages/airflow/example_dags/example_time_delta_sensor_async.py
[2026-09-28T01:42:39.465+0000] {logging_mixin.py:149} INFO - [2026-09-28T01:42:39.465+0000] {dag.py:2726} INFO - Sync 1 DAGs
[2026-09-28T01:42:39.510+0000] {logging_mixin.py:149} INFO - [2026-09-28T01:42:39.510+0000] {dag.py:3490} INFO - Setting next_dagrun for example_time_delta_sensor_async to None, run_after=None
[2026-09-28T01:42:39.540+0000] {processor.py:178} INFO - Processing /home/airflow/.local/lib/python3.7/site-packages/airflow/example_dags/example_time_delta_sensor_async.py took 0.143 seconds
[2026-09-28T01:43:10.357+0000] {processor.py:156} INFO - Started process (PID=38618) to work on /home/airflow/.local/lib/python3.7/site-packages/airflow/example_dags/example_time_delta_sensor_async.py
[2026-09-28T01:43:10.359+0000] {processor.py:799} INFO - Processing file /home/airflow/.local/lib/python3.7/site-packages/airflow/example_dags/example_time_delta_sensor_async.py for tasks to queue
[2026-09-28T01:43:10.360+0000] {logging_mixin.py:149} INFO - [2026-09-28T01:43:10.360+0000] {dagbag.py:541} INFO - Filling up the DagBag from /home/airflow/.local/lib/python3.7/site-packages/airflow/example_dags/example_time_delta_sensor_async.py
[2026-09-28T01:43:10.369+0000] {processor.py:809} INFO - DAG(s) dict_keys(['example_time_delta_sensor_async']) retrieved from /home/airflow/.local/lib/python3.7/site-packages/airflow/example_dags/example_time_delta_sensor_async.py
[2026-09-28T01:43:10.416+0000] {logging_mixin.py:149} INFO - [2026-09-28T01:43:10.416+0000] {dag.py:2726} INFO - Sync 1 DAGs
[2026-09-28T01:43:10.461+0000] {logging_mixin.py:149} INFO - [2026-09-28T01:43:10.461+0000] {dag.py:3490} INFO - Setting next_dagrun for example_time_delta_sensor_async to None, run_after=None
[2026-09-28T01:43:10.491+0000] {processor.py:178} INFO - Processing /home/airflow/.local/lib/python3.7/site-packages/airflow/example_dags/example_time_delta_sensor_async.py took 0.141 seconds
[2026-09-28T01:43:41.403+0000] {processor.py:156} INFO - Started process (PID=38679) to work on /home/airflow/.local/lib/python3.7/site-packages/airflow/example_dags/example_time_delta_sensor_async.py
[2026-09-28T01:43:41.405+0000] {processor.py:799} INFO - Processing file /home/airflow/.local/lib/python3.7/site-packages/airflow/example_dags/example_time_delta_sensor_async.py for tasks to queue
[2026-09-28T01:43:41.406+0000] {logging_mixin.py:149} INFO - [2026-09-28T01:43:41.406+0000] {dagbag.py:541} INFO - Filling up the DagBag from /home/airflow/.local/lib/python3.7/site-packages/airflow/example_dags/example_time_delta_sensor_async.py
[2026-09-28T01:43:41.418+0000] {processor.py:809} INFO - DAG(s) dict_keys(['example_time_delta_sensor_async']) retrieved from /home/airflow/.local/lib/python3.7/site-packages/airflow/example_dags/example_time_delta_sensor_async.py
[2026-09-28T01:43:41.461+0000] {logging_mixin.py:149} INFO - [2026-09-28T01:43:41.461+0000] {dag.py:2726} INFO - Sync 1 DAGs
[2026-09-28T01:43:41.503+0000] {logging_mixin.py:149} INFO - [2026-09-28T01:43:41.503+0000] {dag.py:3490} INFO - Setting next_dagrun for example_time_delta_sensor_async to None, run_after=None
[2026-09-28T01:43:41.531+0000] {processor.py:178} INFO - Processing /home/airflow/.local/lib/python3.7/site-packages/airflow/example_dags/example_time_delta_sensor_async.py took 0.135 seconds
[2026-09-28T01:44:12.529+0000] {processor.py:156} INFO - Started process (PID=38738) to work on /home/airflow/.local/lib/python3.7/site-packages/airflow/example_dags/example_time_delta_sensor_async.py
[2026-09-28T01:44:12.531+0000] {processor.py:799} INFO - Processing file /home/airflow/.local/lib/python3.7/site-packages/airflow/example_dags/example_time_delta_sensor_async.py for tasks to queue
[2026-09-28T01:44:12.532+0000] {logging_mixin.py:149} INFO - [2026-09-28T01:44:12.532+0000] {dagbag.py:541} INFO - Filling up the DagBag from /home/airflow/.local/lib/python3.7/site-packages/airflow/example_dags/example_time_delta_sensor_async.py
[2026-09-28T01:44:12.539+0000] {processor.py:809} INFO - DAG(s) dict_keys(['example_time_delta_sensor_async']) retrieved from /home/airflow/.local/lib/python3.7/site-packages/airflow/example_dags/example_time_delta_sensor_async.py
[2026-09-28T01:44:12.584+0000] {logging_mixin.py:149} INFO - [2026-09-28T01:44:12.584+0000] {dag.py:2726} INFO - Sync 1 DAGs
[2026-09-28T01:44:12.630+0000] {logging_mixin.py:149} INFO - [2026-09-28T01:44:12.629+0000] {dag.py:3490} INFO - Setting next_dagrun for example_time_delta_sensor_async to None, run_after=None
[2026-09-28T01:44:12.659+0000] {processor.py:178} INFO - Processing /home/airflow/.local/lib/python3.7/site-packages/airflow/example_dags/example_time_delta_sensor_async.py took 0.135 seconds
[2026-09-28T01:44:44.494+0000] {processor.py:156} INFO - Started process (PID=38802) to work on /home/airflow/.local/lib/python3.7/site-packages/airflow/example_dags/example_time_delta_sensor_async.py
[2026-09-28T01:44:44.496+0000] {processor.py:799} INFO - Processing file /home/airflow/.local/lib/python3.7/site-packages/airflow/example_dags/example_time_delta_sensor_async.py for tasks to queue
[2026-09-28T01:44:44.497+0000] {logging_mixin.py:149} INFO - [2026-09-28T01:44:44.497+0000] {dagbag.py:541} INFO - Filling up the DagBag from /home/airflow/.local/lib/python3.7/site-packages/airflow/example_dags/example_time_delta_sensor_async.py
[2026-09-28T01:44:44.504+0000] {processor.py:809} INFO - DAG(s) dict_keys(['example_time_delta_sensor_async']) retrieved from /home/airflow/.local/lib/python3.7/site-packages/airflow/example_dags/example_time_delta_sensor_async.py
[2026-09-28T01:44:44.547+0000] {logging_mixin.py:149} INFO - [2026-09-28T01:44:44.547+0000] {dag.py:2726} INFO - Sync 1 DAGs
[2026-09-28T01:44:44.596+0000] {logging_mixin.py:149} INFO - [2026-09-28T01:44:44.596+0000] {dag.py:3490} INFO - Setting next_dagrun for example_time_delta_sensor_async to None, run_after=None
[2026-09-28T01:44:44.825+0000] {processor.py:178} INFO - Processing /home/airflow/.local/lib/python3.7/site-packages/airflow/example_dags/example_time_delta_sensor_async.py took 0.338 seconds
[2026-09-28T01:45:16.076+0000] {processor.py:156} INFO - Started process (PID=38860) to work on /home/airflow/.local/lib/python3.7/site-packages/airflow/example_dags/example_time_delta_sensor_async.py
[2026-09-28T01:45:16.078+0000] {processor.py:799} INFO - Processing file /home/airflow/.local/lib/python3.7/site-packages/airflow/example_dags/example_time_delta_sensor_async.py for tasks to queue
[2026-09-28T01:45:16.079+0000] {logging_mixin.py:149} INFO - [2026-09-28T01:45:16.079+0000] {dagbag.py:541} INFO - Filling up the DagBag from /home/airflow/.local/lib/python3.7/site-packages/airflow/example_dags/example_time_delta_sensor_async.py
[2026-09-28T01:45:16.086+0000] {processor.py:809} INFO - DAG(s) dict_keys(['example_time_delta_sensor_async']) retrieved from /home/airflow/.local/lib/python3.7/site-packages/airflow/example_dags/example_time_delta_sensor_async.py
[2026-09-28T01:45:16.136+0000] {logging_mixin.py:149} INFO - [2026-09-28T01:45:16.136+0000] {dag.py:2726} INFO - Sync 1 DAGs
[2026-09-28T01:45:16.183+0000] {logging_mixin.py:149} INFO - [2026-09-28T01:45:16.182+0000] {dag.py:3490} INFO - Setting next_dagrun for example_time_delta_sensor_async to None, run_after=None
[2026-09-28T01:45:16.414+0000] {processor.py:178} INFO - Processing /home/airflow/.local/lib/python3.7/site-packages/airflow/example_dags/example_time_delta_sensor_async.py took 0.344 seconds
[2026-09-28T01:45:46.619+0000] {processor.py:156} INFO - Started process (PID=38919) to work on /home/airflow/.local/lib/python3.7/site-packages/airflow/example_dags/example_time_delta_sensor_async.py
[2026-09-28T01:45:46.620+0000] {processor.py:799} INFO - Processing file /home/airflow/.local/lib/python3.7/site-packages/airflow/example_dags/example_time_delta_sensor_async.py for tasks to queue
[2026-09-28T01:45:46.621+0000] {logging_mixin.py:149} INFO - [2026-09-28T01:45:46.621+0000] {dagbag.py:541} INFO - Filling up the DagBag from /home/airflow/.local/lib/python3.7/site-packages/airflow/example_dags/example_time_delta_sensor_async.py
[2026-09-28T01:45:46.629+0000] {processor.py:809} INFO - DAG(s) dict_keys(['example_time_delta_sensor_async']) retrieved from /home/airflow/.local/lib/python3.7/site-packages/airflow/example_dags/example_time_delta_sensor_async.py
[2026-09-28T01:45:46.677+0000] {logging_mixin.py:149} INFO - [2026-09-28T01:45:46.677+0000] {dag.py:2726} INFO - Sync 1 DAGs
[2026-09-28T01:45:46.917+0000] {logging_mixin.py:149} INFO - [2026-09-28T01:45:46.917+0000] {dag.py:3490} INFO - Setting next_dagrun for example_time_delta_sensor_async to None, run_after=None
[2026-09-28T01:45:46.946+0000] {processor.py:178} INFO - Processing /home/airflow/.local/lib/python3.7/site-packages/airflow/example_dags/example_time_delta_sensor_async.py took 0.334 seconds
[2026-09-28T01:46:17.776+0000] {processor.py:156} INFO - Started process (PID=38984) to work on /home/airflow/.local/lib/python3.7/site-packages/airflow/example_dags/example_time_delta_sensor_async.py
[2026-09-28T01:46:17.778+0000] {processor.py:799} INFO - Processing file /home/airflow/.local/lib/python3.7/site-packages/airflow/example_dags/example_time_delta_sensor_async.py for tasks to queue
[2026-09-28T01:46:17.779+0000] {logging_mixin.py:149} INFO - [2026-09-28T01:46:17.779+0000] {dagbag.py:541} INFO - Filling up the DagBag from /home/airflow/.local/lib/python3.7/site-packages/airflow/example_dags/example_time_delta_sensor_async.py
[2026-09-28T01:46:17.786+0000] {processor.py:809} INFO - DAG(s) dict_keys(['example_time_delta_sensor_async']) retrieved from /home/airflow/.local/lib/python3.7/site-packages/airflow/example_dags/example_time_delta_sensor_async.py
[2026-09-28T01:46:17.831+0000] {logging_mixin.py:149} INFO - [2026-09-28T01:46:17.830+0000] {dag.py:2726} INFO - Sync 1 DAGs
[2026-09-28T01:46:18.066+0000] {logging_mixin.py:149} INFO - [2026-09-28T01:46:18.066+0000] {dag.py:3490} INFO - Setting next_dagrun for example_time_delta_sensor_async to None, run_after=None
[2026-09-28T01:46:18.094+0000] {processor.py:178} INFO - Processing /home/airflow/.local/lib/python3.7/site-packages/airflow/example_dags/example_time_delta_sensor_async.py took 0.325 seconds
[2026-09-28T01:46:48.711+0000] {processor.py:156} INFO - Started process (PID=39044) to work on /home/airflow/.local/lib/python3.7/site-packages/airflow/example_dags/example_time_delta_sensor_async.py
[2026-09-28T01:46:48.714+0000] {processor.py:799} INFO - Processing file /home/airflow/.local/lib/python3.7/site-packages/airflow/example_dags/example_time_delta_sensor_async.py for tasks to queue
[2026-09-28T01:46:48.716+0000] {logging_mixin.py:149} INFO - [2026-09-28T01:46:48.715+0000] {dagbag.py:541} INFO - Filling up the DagBag from /home/airflow/.local/lib/python3.7/site-packages/airflow/example_dags/example_time_delta_sensor_async.py
[2026-09-28T01:46:48.723+0000] {processor.py:809} INFO - DAG(s) dict_keys(['example_time_delta_sensor_async']) retrieved from /home/airflow/.local/lib/python3.7/site-packages/airflow/example_dags/example_time_delta_sensor_async.py
[2026-09-28T01:46:48.764+0000] {logging_mixin.py:149} INFO - [2026-09-28T01:46:48.764+0000] {dag.py:2726} INFO - Sync 1 DAGs
[2026-09-28T01:46:48.997+0000] {logging_mixin.py:149} INFO - [2026-09-28T01:46:48.997+0000] {dag.py:3490} INFO - Setting next_dagrun for example_time_delta_sensor_async to None, run_after=None
[2026-09-28T01:46:49.027+0000] {processor.py:178} INFO - Processing /home/airflow/.local/lib/python3.7/site-packages/airflow/example_dags/example_time_delta_sensor_async.py took 0.324 seconds
[2026-09-28T01:47:20.563+0000] {processor.py:156} INFO - Started process (PID=39104) to work on /home/airflow/.local/lib/python3.7/site-packages/airflow/example_dags/example_time_delta_sensor_async.py
[2026-09-28T01:47:20.565+0000] {processor.py:799} INFO - Processing file /home/airflow/.local/lib/python3.7/site-packages/airflow/example_dags/example_time_delta_sensor_async.py for tasks to queue
[2026-09-28T01:47:20.566+0000] {logging_mixin.py:149} INFO - [2026-09-28T01:47:20.566+0000] {dagbag.py:541} INFO - Filling up the DagBag from /home/airflow/.local/lib/python3.7/site-packages/airflow/example_dags/example_time_delta_sensor_async.py
[2026-09-28T01:47:20.573+0000] {processor.py:809} INFO - DAG(s) dict_keys(['example_time_delta_sensor_async']) retrieved from /home/airflow/.local/lib/python3.7/site-packages/airflow/example_dags/example_time_delta_sensor_async.py
[2026-09-28T01:47:20.622+0000] {logging_mixin.py:149} INFO - [2026-09-28T01:47:20.621+0000] {dag.py:2726} INFO - Sync 1 DAGs
[2026-09-28T01:47:20.855+0000] {logging_mixin.py:149} INFO - [2026-09-28T01:47:20.855+0000] {dag.py:3490} INFO - Setting next_dagrun for example_time_delta_sensor_async to None, run_after=None
[2026-09-28T01:47:20.883+0000] {processor.py:178} INFO - Processing /home/airflow/.local/lib/python3.7/site-packages/airflow/example_dags/example_time_delta_sensor_async.py took 0.325 seconds
[2026-09-28T01:47:51.256+0000] {processor.py:156} INFO - Started process (PID=39163) to work on /home/airflow/.local/lib/python3.7/site-packages/airflow/example_dags/example_time_delta_sensor_async.py
[2026-09-28T01:47:51.258+0000] {processor.py:799} INFO - Processing file /home/airflow/.local/lib/python3.7/site-packages/airflow/example_dags/example_time_delta_sensor_async.py for tasks to queue
[2026-09-28T01:47:51.259+0000] {logging_mixin.py:149} INFO - [2026-09-28T01:47:51.259+0000] {dagbag.py:541} INFO - Filling up the DagBag from /home/airflow/.local/lib/python3.7/site-packages/airflow/example_dags/example_time_delta_sensor_async.py
[2026-09-28T01:47:51.269+0000] {processor.py:809} INFO - DAG(s) dict_keys(['example_time_delta_sensor_async']) retrieved from /home/airflow/.local/lib/python3.7/site-packages/airflow/example_dags/example_time_delta_sensor_async.py
[2026-09-28T01:47:51.325+0000] {logging_mixin.py:149} INFO - [2026-09-28T01:47:51.324+0000] {dag.py:2726} INFO - Sync 1 DAGs
[2026-09-28T01:47:51.374+0000] {logging_mixin.py:149} INFO - [2026-09-28T01:47:51.374+0000] {dag.py:3490} INFO - Setting next_dagrun for example_time_delta_sensor_async to None, run_after=None
[2026-09-28T01:47:51.408+0000] {processor.py:178} INFO - Processing /home/airflow/.local/lib/python3.7/site-packages/airflow/example_dags/example_time_delta_sensor_async.py took 0.160 seconds
[2026-09-28T01:48:21.963+0000] {processor.py:156} INFO - Started process (PID=39222) to work on /home/airflow/.local/lib/python3.7/site-packages/airflow/example_dags/example_time_delta_sensor_async.py
[2026-09-28T01:48:21.964+0000] {processor.py:799} INFO - Processing file /home/airflow/.local/lib/python3.7/site-packages/airflow/example_dags/example_time_delta_sensor_async.py for tasks to queue
[2026-09-28T01:48:21.966+0000] {logging_mixin.py:149} INFO - [2026-09-28T01:48:21.965+0000] {dagbag.py:541} INFO - Filling up the DagBag from /home/airflow/.local/lib/python3.7/site-packages/airflow/example_dags/example_time_delta_sensor_async.py
[2026-09-28T01:48:21.974+0000] {processor.py:809} INFO - DAG(s) dict_keys(['example_time_delta_sensor_async']) retrieved from /home/airflow/.local/lib/python3.7/site-packages/airflow/example_dags/example_time_delta_sensor_async.py
[2026-09-28T01:48:22.028+0000] {logging_mixin.py:149} INFO - [2026-09-28T01:48:22.027+0000] {dag.py:2726} INFO - Sync 1 DAGs
[2026-09-28T01:48:22.078+0000] {logging_mixin.py:149} INFO - [2026-09-28T01:48:22.078+0000] {dag.py:3490} INFO - Setting next_dagrun for example_time_delta_sensor_async to None, run_after=None
[2026-09-28T01:48:22.108+0000] {processor.py:178} INFO - Processing /home/airflow/.local/lib/python3.7/site-packages/airflow/example_dags/example_time_delta_sensor_async.py took 0.153 seconds
[2026-09-28T01:48:54.103+0000] {processor.py:156} INFO - Started process (PID=39285) to work on /home/airflow/.local/lib/python3.7/site-packages/airflow/example_dags/example_time_delta_sensor_async.py
[2026-09-28T01:48:54.108+0000] {processor.py:799} INFO - Processing file /home/airflow/.local/lib/python3.7/site-packages/airflow/example_dags/example_time_delta_sensor_async.py for tasks to queue
[2026-09-28T01:48:54.109+0000] {logging_mixin.py:149} INFO - [2026-09-28T01:48:54.109+0000] {dagbag.py:541} INFO - Filling up the DagBag from /home/airflow/.local/lib/python3.7/site-packages/airflow/example_dags/example_time_delta_sensor_async.py
[2026-09-28T01:48:54.118+0000] {processor.py:809} INFO - DAG(s) dict_keys(['example_time_delta_sensor_async']) retrieved from /home/airflow/.local/lib/python3.7/site-packages/airflow/example_dags/example_time_delta_sensor_async.py
[2026-09-28T01:48:54.170+0000] {logging_mixin.py:149} INFO - [2026-09-28T01:48:54.170+0000] {dag.py:2726} INFO - Sync 1 DAGs
[2026-09-28T01:48:54.212+0000] {logging_mixin.py:149} INFO - [2026-09-28T01:48:54.212+0000] {dag.py:3490} INFO - Setting next_dagrun for example_time_delta_sensor_async to None, run_after=None
[2026-09-28T01:48:54.245+0000] {processor.py:178} INFO - Processing /home/airflow/.local/lib/python3.7/site-packages/airflow/example_dags/example_time_delta_sensor_async.py took 0.148 seconds
[2026-09-28T01:49:25.666+0000] {processor.py:156} INFO - Started process (PID=39347) to work on /home/airflow/.local/lib/python3.7/site-packages/airflow/example_dags/example_time_delta_sensor_async.py
[2026-09-28T01:49:25.667+0000] {processor.py:799} INFO - Processing file /home/airflow/.local/lib/python3.7/site-packages/airflow/example_dags/example_time_delta_sensor_async.py for tasks to queue
[2026-09-28T01:49:25.668+0000] {logging_mixin.py:149} INFO - [2026-09-28T01:49:25.668+0000] {dagbag.py:541} INFO - Filling up the DagBag from /home/airflow/.local/lib/python3.7/site-packages/airflow/example_dags/example_time_delta_sensor_async.py
[2026-09-28T01:49:25.677+0000] {processor.py:809} INFO - DAG(s) dict_keys(['example_time_delta_sensor_async']) retrieved from /home/airflow/.local/lib/python3.7/site-packages/airflow/example_dags/example_time_delta_sensor_async.py
[2026-09-28T01:49:25.730+0000] {logging_mixin.py:149} INFO - [2026-09-28T01:49:25.730+0000] {dag.py:2726} INFO - Sync 1 DAGs
[2026-09-28T01:49:25.779+0000] {logging_mixin.py:149} INFO - [2026-09-28T01:49:25.779+0000] {dag.py:3490} INFO - Setting next_dagrun for example_time_delta_sensor_async to None, run_after=None
[2026-09-28T01:49:25.810+0000] {processor.py:178} INFO - Processing /home/airflow/.local/lib/python3.7/site-packages/airflow/example_dags/example_time_delta_sensor_async.py took 0.150 seconds
[2026-09-28T01:49:56.479+0000] {processor.py:156} INFO - Started process (PID=39406) to work on /home/airflow/.local/lib/python3.7/site-packages/airflow/example_dags/example_time_delta_sensor_async.py
[2026-09-28T01:49:56.481+0000] {processor.py:799} INFO - Processing file /home/airflow/.local/lib/python3.7/site-packages/airflow/example_dags/example_time_delta_sensor_async.py for tasks to queue
[2026-09-28T01:49:56.482+0000] {logging_mixin.py:149} INFO - [2026-09-28T01:49:56.481+0000] {dagbag.py:541} INFO - Filling up the DagBag from /home/airflow/.local/lib/python3.7/site-packages/airflow/example_dags/example_time_delta_sensor_async.py
[2026-09-28T01:49:56.489+0000] {processor.py:809} INFO - DAG(s) dict_keys(['example_time_delta_sensor_async']) retrieved from /home/airflow/.local/lib/python3.7/site-packages/airflow/example_dags/example_time_delta_sensor_async.py
[2026-09-28T01:49:56.540+0000] {logging_mixin.py:149} INFO - [2026-09-28T01:49:56.539+0000] {dag.py:2726} INFO - Sync 1 DAGs
[2026-09-28T01:49:56.590+0000] {logging_mixin.py:149} INFO - [2026-09-28T01:49:56.590+0000] {dag.py:3490} INFO - Setting next_dagrun for example_time_delta_sensor_async to None, run_after=None
[2026-09-28T01:49:56.623+0000] {processor.py:178} INFO - Processing /home/airflow/.local/lib/python3.7/site-packages/airflow/example_dags/example_time_delta_sensor_async.py took 0.152 seconds
[2026-09-28T01:50:27.173+0000] {processor.py:156} INFO - Started process (PID=39465) to work on /home/airflow/.local/lib/python3.7/site-packages/airflow/example_dags/example_time_delta_sensor_async.py
[2026-09-28T01:50:27.175+0000] {processor.py:799} INFO - Processing file /home/airflow/.local/lib/python3.7/site-packages/airflow/example_dags/example_time_delta_sensor_async.py for tasks to queue
[2026-09-28T01:50:27.176+0000] {logging_mixin.py:149} INFO - [2026-09-28T01:50:27.175+0000] {dagbag.py:541} INFO - Filling up the DagBag from /home/airflow/.local/lib/python3.7/site-packages/airflow/example_dags/example_time_delta_sensor_async.py
[2026-09-28T01:50:27.183+0000] {processor.py:809} INFO - DAG(s) dict_keys(['example_time_delta_sensor_async']) retrieved from /home/airflow/.local/lib/python3.7/site-packages/airflow/example_dags/example_time_delta_sensor_async.py
[2026-09-28T01:50:27.231+0000] {logging_mixin.py:149} INFO - [2026-09-28T01:50:27.230+0000] {dag.py:2726} INFO - Sync 1 DAGs
[2026-09-28T01:50:27.277+0000] {logging_mixin.py:149} INFO - [2026-09-28T01:50:27.276+0000] {dag.py:3490} INFO - Setting next_dagrun for example_time_delta_sensor_async to None, run_after=None
[2026-09-28T01:50:27.304+0000] {processor.py:178} INFO - Processing /home/airflow/.local/lib/python3.7/site-packages/airflow/example_dags/example_time_delta_sensor_async.py took 0.136 seconds
[2026-09-28T01:50:57.810+0000] {processor.py:156} INFO - Started process (PID=39525) to work on /home/airflow/.local/lib/python3.7/site-packages/airflow/example_dags/example_time_delta_sensor_async.py
[2026-09-28T01:50:57.812+0000] {processor.py:799} INFO - Processing file /home/airflow/.local/lib/python3.7/site-packages/airflow/example_dags/example_time_delta_sensor_async.py for tasks to queue
[2026-09-28T01:50:57.813+0000] {logging_mixin.py:149} INFO - [2026-09-28T01:50:57.813+0000] {dagbag.py:541} INFO - Filling up the DagBag from /home/airflow/.local/lib/python3.7/site-packages/airflow/example_dags/example_time_delta_sensor_async.py
[2026-09-28T01:50:57.820+0000] {processor.py:809} INFO - DAG(s) dict_keys(['example_time_delta_sensor_async']) retrieved from /home/airflow/.local/lib/python3.7/site-packages/airflow/example_dags/example_time_delta_sensor_async.py
[2026-09-28T01:50:57.861+0000] {logging_mixin.py:149} INFO - [2026-09-28T01:50:57.860+0000] {dag.py:2726} INFO - Sync 1 DAGs
[2026-09-28T01:50:57.918+0000] {logging_mixin.py:149} INFO - [2026-09-28T01:50:57.918+0000] {dag.py:3490} INFO - Setting next_dagrun for example_time_delta_sensor_async to None, run_after=None
[2026-09-28T01:50:57.948+0000] {processor.py:178} INFO - Processing /home/airflow/.local/lib/python3.7/site-packages/airflow/example_dags/example_time_delta_sensor_async.py took 0.146 seconds
[2026-09-28T01:51:28.714+0000] {processor.py:156} INFO - Started process (PID=39586) to work on /home/airflow/.local/lib/python3.7/site-packages/airflow/example_dags/example_time_delta_sensor_async.py
[2026-09-28T01:51:28.715+0000] {processor.py:799} INFO - Processing file /home/airflow/.local/lib/python3.7/site-packages/airflow/example_dags/example_time_delta_sensor_async.py for tasks to queue
[2026-09-28T01:51:28.716+0000] {logging_mixin.py:149} INFO - [2026-09-28T01:51:28.716+0000] {dagbag.py:541} INFO - Filling up the DagBag from /home/airflow/.local/lib/python3.7/site-packages/airflow/example_dags/example_time_delta_sensor_async.py
[2026-09-28T01:51:28.724+0000] {processor.py:809} INFO - DAG(s) dict_keys(['example_time_delta_sensor_async']) retrieved from /home/airflow/.local/lib/python3.7/site-packages/airflow/example_dags/example_time_delta_sensor_async.py
[2026-09-28T01:51:28.771+0000] {logging_mixin.py:149} INFO - [2026-09-28T01:51:28.770+0000] {dag.py:2726} INFO - Sync 1 DAGs
[2026-09-28T01:51:28.820+0000] {logging_mixin.py:149} INFO - [2026-09-28T01:51:28.820+0000] {dag.py:3490} INFO - Setting next_dagrun for example_time_delta_sensor_async to None, run_after=None
[2026-09-28T01:51:28.850+0000] {processor.py:178} INFO - Processing /home/airflow/.local/lib/python3.7/site-packages/airflow/example_dags/example_time_delta_sensor_async.py took 0.143 seconds
[2026-09-28T01:51:59.662+0000] {processor.py:156} INFO - Started process (PID=39657) to work on /home/airflow/.local/lib/python3.7/site-packages/airflow/example_dags/example_time_delta_sensor_async.py
[2026-09-28T01:51:59.664+0000] {processor.py:799} INFO - Processing file /home/airflow/.local/lib/python3.7/site-packages/airflow/example_dags/example_time_delta_sensor_async.py for tasks to queue
[2026-09-28T01:51:59.665+0000] {logging_mixin.py:149} INFO - [2026-09-28T01:51:59.665+0000] {dagbag.py:541} INFO - Filling up the DagBag from /home/airflow/.local/lib/python3.7/site-packages/airflow/example_dags/example_time_delta_sensor_async.py
[2026-09-28T01:51:59.673+0000] {processor.py:809} INFO - DAG(s) dict_keys(['example_time_delta_sensor_async']) retrieved from /home/airflow/.local/lib/python3.7/site-packages/airflow/example_dags/example_time_delta_sensor_async.py
[2026-09-28T01:51:59.722+0000] {logging_mixin.py:149} INFO - [2026-09-28T01:51:59.721+0000] {dag.py:2726} INFO - Sync 1 DAGs
[2026-09-28T01:51:59.777+0000] {logging_mixin.py:149} INFO - [2026-09-28T01:51:59.777+0000] {dag.py:3490} INFO - Setting next_dagrun for example_time_delta_sensor_async to None, run_after=None
[2026-09-28T01:51:59.813+0000] {processor.py:178} INFO - Processing /home/airflow/.local/lib/python3.7/site-packages/airflow/example_dags/example_time_delta_sensor_async.py took 0.159 seconds
[2026-09-28T01:52:30.946+0000] {processor.py:156} INFO - Started process (PID=39718) to work on /home/airflow/.local/lib/python3.7/site-packages/airflow/example_dags/example_time_delta_sensor_async.py
[2026-09-28T01:52:30.948+0000] {processor.py:799} INFO - Processing file /home/airflow/.local/lib/python3.7/site-packages/airflow/example_dags/example_time_delta_sensor_async.py for tasks to queue
[2026-09-28T01:52:30.949+0000] {logging_mixin.py:149} INFO - [2026-09-28T01:52:30.949+0000] {dagbag.py:541} INFO - Filling up the DagBag from /home/airflow/.local/lib/python3.7/site-packages/airflow/example_dags/example_time_delta_sensor_async.py
[2026-09-28T01:52:30.956+0000] {processor.py:809} INFO - DAG(s) dict_keys(['example_time_delta_sensor_async']) retrieved from /home/airflow/.local/lib/python3.7/site-packages/airflow/example_dags/example_time_delta_sensor_async.py
[2026-09-28T01:52:31.010+0000] {logging_mixin.py:149} INFO - [2026-09-28T01:52:31.009+0000] {dag.py:2726} INFO - Sync 1 DAGs
[2026-09-28T01:52:31.059+0000] {logging_mixin.py:149} INFO - [2026-09-28T01:52:31.059+0000] {dag.py:3490} INFO - Setting next_dagrun for example_time_delta_sensor_async to None, run_after=None
[2026-09-28T01:52:31.098+0000] {processor.py:178} INFO - Processing /home/airflow/.local/lib/python3.7/site-packages/airflow/example_dags/example_time_delta_sensor_async.py took 0.158 seconds
[2026-09-28T01:53:02.382+0000] {processor.py:156} INFO - Started process (PID=39779) to work on /home/airflow/.local/lib/python3.7/site-packages/airflow/example_dags/example_time_delta_sensor_async.py
[2026-09-28T01:53:02.385+0000] {processor.py:799} INFO - Processing file /home/airflow/.local/lib/python3.7/site-packages/airflow/example_dags/example_time_delta_sensor_async.py for tasks to queue
[2026-09-28T01:53:02.386+0000] {logging_mixin.py:149} INFO - [2026-09-28T01:53:02.386+0000] {dagbag.py:541} INFO - Filling up the DagBag from /home/airflow/.local/lib/python3.7/site-packages/airflow/example_dags/example_time_delta_sensor_async.py
[2026-09-28T01:53:02.395+0000] {processor.py:809} INFO - DAG(s) dict_keys(['example_time_delta_sensor_async']) retrieved from /home/airflow/.local/lib/python3.7/site-packages/airflow/example_dags/example_time_delta_sensor_async.py
[2026-09-28T01:53:02.438+0000] {logging_mixin.py:149} INFO - [2026-09-28T01:53:02.438+0000] {dag.py:2726} INFO - Sync 1 DAGs
[2026-09-28T01:53:02.482+0000] {logging_mixin.py:149} INFO - [2026-09-28T01:53:02.481+0000] {dag.py:3490} INFO - Setting next_dagrun for example_time_delta_sensor_async to None, run_after=None
[2026-09-28T01:53:02.515+0000] {processor.py:178} INFO - Processing /home/airflow/.local/lib/python3.7/site-packages/airflow/example_dags/example_time_delta_sensor_async.py took 0.139 seconds
[2026-09-28T01:53:33.615+0000] {processor.py:156} INFO - Started process (PID=39838) to work on /home/airflow/.local/lib/python3.7/site-packages/airflow/example_dags/example_time_delta_sensor_async.py
[2026-09-28T01:53:33.617+0000] {processor.py:799} INFO - Processing file /home/airflow/.local/lib/python3.7/site-packages/airflow/example_dags/example_time_delta_sensor_async.py for tasks to queue
[2026-09-28T01:53:33.618+0000] {logging_mixin.py:149} INFO - [2026-09-28T01:53:33.618+0000] {dagbag.py:541} INFO - Filling up the DagBag from /home/airflow/.local/lib/python3.7/site-packages/airflow/example_dags/example_time_delta_sensor_async.py
[2026-09-28T01:53:33.627+0000] {processor.py:809} INFO - DAG(s) dict_keys(['example_time_delta_sensor_async']) retrieved from /home/airflow/.local/lib/python3.7/site-packages/airflow/example_dags/example_time_delta_sensor_async.py
[2026-09-28T01:53:33.681+0000] {logging_mixin.py:149} INFO - [2026-09-28T01:53:33.681+0000] {dag.py:2726} INFO - Sync 1 DAGs
[2026-09-28T01:53:33.726+0000] {logging_mixin.py:149} INFO - [2026-09-28T01:53:33.725+0000] {dag.py:3490} INFO - Setting next_dagrun for example_time_delta_sensor_async to None, run_after=None
[2026-09-28T01:53:33.753+0000] {processor.py:178} INFO - Processing /home/airflow/.local/lib/python3.7/site-packages/airflow/example_dags/example_time_delta_sensor_async.py took 0.145 seconds
[2026-09-28T01:54:04.885+0000] {processor.py:156} INFO - Started process (PID=39921) to work on /home/airflow/.local/lib/python3.7/site-packages/airflow/example_dags/example_time_delta_sensor_async.py
[2026-09-28T01:54:04.887+0000] {processor.py:799} INFO - Processing file /home/airflow/.local/lib/python3.7/site-packages/airflow/example_dags/example_time_delta_sensor_async.py for tasks to queue
[2026-09-28T01:54:04.888+0000] {logging_mixin.py:149} INFO - [2026-09-28T01:54:04.888+0000] {dagbag.py:541} INFO - Filling up the DagBag from /home/airflow/.local/lib/python3.7/site-packages/airflow/example_dags/example_time_delta_sensor_async.py
[2026-09-28T01:54:04.897+0000] {processor.py:809} INFO - DAG(s) dict_keys(['example_time_delta_sensor_async']) retrieved from /home/airflow/.local/lib/python3.7/site-packages/airflow/example_dags/example_time_delta_sensor_async.py
[2026-09-28T01:54:04.941+0000] {logging_mixin.py:149} INFO - [2026-09-28T01:54:04.940+0000] {dag.py:2726} INFO - Sync 1 DAGs
[2026-09-28T01:54:04.989+0000] {logging_mixin.py:149} INFO - [2026-09-28T01:54:04.989+0000] {dag.py:3490} INFO - Setting next_dagrun for example_time_delta_sensor_async to None, run_after=None
[2026-09-28T01:54:05.022+0000] {processor.py:178} INFO - Processing /home/airflow/.local/lib/python3.7/site-packages/airflow/example_dags/example_time_delta_sensor_async.py took 0.143 seconds
[2026-09-28T01:54:35.819+0000] {processor.py:156} INFO - Started process (PID=39989) to work on /home/airflow/.local/lib/python3.7/site-packages/airflow/example_dags/example_time_delta_sensor_async.py
[2026-09-28T01:54:35.821+0000] {processor.py:799} INFO - Processing file /home/airflow/.local/lib/python3.7/site-packages/airflow/example_dags/example_time_delta_sensor_async.py for tasks to queue
[2026-09-28T01:54:35.823+0000] {logging_mixin.py:149} INFO - [2026-09-28T01:54:35.822+0000] {dagbag.py:541} INFO - Filling up the DagBag from /home/airflow/.local/lib/python3.7/site-packages/airflow/example_dags/example_time_delta_sensor_async.py
[2026-09-28T01:54:35.832+0000] {processor.py:809} INFO - DAG(s) dict_keys(['example_time_delta_sensor_async']) retrieved from /home/airflow/.local/lib/python3.7/site-packages/airflow/example_dags/example_time_delta_sensor_async.py
[2026-09-28T01:54:35.890+0000] {logging_mixin.py:149} INFO - [2026-09-28T01:54:35.889+0000] {dag.py:2726} INFO - Sync 1 DAGs
[2026-09-28T01:54:35.939+0000] {logging_mixin.py:149} INFO - [2026-09-28T01:54:35.939+0000] {dag.py:3490} INFO - Setting next_dagrun for example_time_delta_sensor_async to None, run_after=None
[2026-09-28T01:54:35.972+0000] {processor.py:178} INFO - Processing /home/airflow/.local/lib/python3.7/site-packages/airflow/example_dags/example_time_delta_sensor_async.py took 0.161 seconds
[2026-09-28T01:55:06.598+0000] {processor.py:156} INFO - Started process (PID=40048) to work on /home/airflow/.local/lib/python3.7/site-packages/airflow/example_dags/example_time_delta_sensor_async.py
[2026-09-28T01:55:06.604+0000] {processor.py:799} INFO - Processing file /home/airflow/.local/lib/python3.7/site-packages/airflow/example_dags/example_time_delta_sensor_async.py for tasks to queue
[2026-09-28T01:55:06.605+0000] {logging_mixin.py:149} INFO - [2026-09-28T01:55:06.605+0000] {dagbag.py:541} INFO - Filling up the DagBag from /home/airflow/.local/lib/python3.7/site-packages/airflow/example_dags/example_time_delta_sensor_async.py
[2026-09-28T01:55:06.614+0000] {processor.py:809} INFO - DAG(s) dict_keys(['example_time_delta_sensor_async']) retrieved from /home/airflow/.local/lib/python3.7/site-packages/airflow/example_dags/example_time_delta_sensor_async.py
[2026-09-28T01:55:06.665+0000] {logging_mixin.py:149} INFO - [2026-09-28T01:55:06.665+0000] {dag.py:2726} INFO - Sync 1 DAGs
[2026-09-28T01:55:06.706+0000] {logging_mixin.py:149} INFO - [2026-09-28T01:55:06.706+0000] {dag.py:3490} INFO - Setting next_dagrun for example_time_delta_sensor_async to None, run_after=None
[2026-09-28T01:55:06.735+0000] {processor.py:178} INFO - Processing /home/airflow/.local/lib/python3.7/site-packages/airflow/example_dags/example_time_delta_sensor_async.py took 0.143 seconds
[2026-09-28T01:55:37.970+0000] {processor.py:156} INFO - Started process (PID=40107) to work on /home/airflow/.local/lib/python3.7/site-packages/airflow/example_dags/example_time_delta_sensor_async.py
[2026-09-28T01:55:37.972+0000] {processor.py:799} INFO - Processing file /home/airflow/.local/lib/python3.7/site-packages/airflow/example_dags/example_time_delta_sensor_async.py for tasks to queue
[2026-09-28T01:55:37.973+0000] {logging_mixin.py:149} INFO - [2026-09-28T01:55:37.973+0000] {dagbag.py:541} INFO - Filling up the DagBag from /home/airflow/.local/lib/python3.7/site-packages/airflow/example_dags/example_time_delta_sensor_async.py
[2026-09-28T01:55:37.984+0000] {processor.py:809} INFO - DAG(s) dict_keys(['example_time_delta_sensor_async']) retrieved from /home/airflow/.local/lib/python3.7/site-packages/airflow/example_dags/example_time_delta_sensor_async.py
[2026-09-28T01:55:38.035+0000] {logging_mixin.py:149} INFO - [2026-09-28T01:55:38.035+0000] {dag.py:2726} INFO - Sync 1 DAGs
[2026-09-28T01:55:38.082+0000] {logging_mixin.py:149} INFO - [2026-09-28T01:55:38.082+0000] {dag.py:3490} INFO - Setting next_dagrun for example_time_delta_sensor_async to None, run_after=None
[2026-09-28T01:55:38.115+0000] {processor.py:178} INFO - Processing /home/airflow/.local/lib/python3.7/site-packages/airflow/example_dags/example_time_delta_sensor_async.py took 0.153 seconds
[2026-09-28T01:56:09.059+0000] {processor.py:156} INFO - Started process (PID=40166) to work on /home/airflow/.local/lib/python3.7/site-packages/airflow/example_dags/example_time_delta_sensor_async.py
[2026-09-28T01:56:09.061+0000] {processor.py:799} INFO - Processing file /home/airflow/.local/lib/python3.7/site-packages/airflow/example_dags/example_time_delta_sensor_async.py for tasks to queue
[2026-09-28T01:56:09.062+0000] {logging_mixin.py:149} INFO - [2026-09-28T01:56:09.062+0000] {dagbag.py:541} INFO - Filling up the DagBag from /home/airflow/.local/lib/python3.7/site-packages/airflow/example_dags/example_time_delta_sensor_async.py
[2026-09-28T01:56:09.072+0000] {processor.py:809} INFO - DAG(s) dict_keys(['example_time_delta_sensor_async']) retrieved from /home/airflow/.local/lib/python3.7/site-packages/airflow/example_dags/example_time_delta_sensor_async.py
[2026-09-28T01:56:09.118+0000] {logging_mixin.py:149} INFO - [2026-09-28T01:56:09.117+0000] {dag.py:2726} INFO - Sync 1 DAGs
[2026-09-28T01:56:09.164+0000] {logging_mixin.py:149} INFO - [2026-09-28T01:56:09.164+0000] {dag.py:3490} INFO - Setting next_dagrun for example_time_delta_sensor_async to None, run_after=None
[2026-09-28T01:56:09.195+0000] {processor.py:178} INFO - Processing /home/airflow/.local/lib/python3.7/site-packages/airflow/example_dags/example_time_delta_sensor_async.py took 0.142 seconds
[2026-09-28T01:56:40.068+0000] {processor.py:156} INFO - Started process (PID=40225) to work on /home/airflow/.local/lib/python3.7/site-packages/airflow/example_dags/example_time_delta_sensor_async.py
[2026-09-28T01:56:40.069+0000] {processor.py:799} INFO - Processing file /home/airflow/.local/lib/python3.7/site-packages/airflow/example_dags/example_time_delta_sensor_async.py for tasks to queue
[2026-09-28T01:56:40.070+0000] {logging_mixin.py:149} INFO - [2026-09-28T01:56:40.070+0000] {dagbag.py:541} INFO - Filling up the DagBag from /home/airflow/.local/lib/python3.7/site-packages/airflow/example_dags/example_time_delta_sensor_async.py
[2026-09-28T01:56:40.078+0000] {processor.py:809} INFO - DAG(s) dict_keys(['example_time_delta_sensor_async']) retrieved from /home/airflow/.local/lib/python3.7/site-packages/airflow/example_dags/example_time_delta_sensor_async.py
[2026-09-28T01:56:40.131+0000] {logging_mixin.py:149} INFO - [2026-09-28T01:56:40.131+0000] {dag.py:2726} INFO - Sync 1 DAGs
[2026-09-28T01:56:40.180+0000] {logging_mixin.py:149} INFO - [2026-09-28T01:56:40.180+0000] {dag.py:3490} INFO - Setting next_dagrun for example_time_delta_sensor_async to None, run_after=None
[2026-09-28T01:56:40.214+0000] {processor.py:178} INFO - Processing /home/airflow/.local/lib/python3.7/site-packages/airflow/example_dags/example_time_delta_sensor_async.py took 0.153 seconds
[2026-09-28T01:57:10.477+0000] {processor.py:156} INFO - Started process (PID=40284) to work on /home/airflow/.local/lib/python3.7/site-packages/airflow/example_dags/example_time_delta_sensor_async.py
[2026-09-28T01:57:10.479+0000] {processor.py:799} INFO - Processing file /home/airflow/.local/lib/python3.7/site-packages/airflow/example_dags/example_time_delta_sensor_async.py for tasks to queue
[2026-09-28T01:57:10.480+0000] {logging_mixin.py:149} INFO - [2026-09-28T01:57:10.480+0000] {dagbag.py:541} INFO - Filling up the DagBag from /home/airflow/.local/lib/python3.7/site-packages/airflow/example_dags/example_time_delta_sensor_async.py
[2026-09-28T01:57:10.489+0000] {processor.py:809} INFO - DAG(s) dict_keys(['example_time_delta_sensor_async']) retrieved from /home/airflow/.local/lib/python3.7/site-packages/airflow/example_dags/example_time_delta_sensor_async.py
[2026-09-28T01:57:10.533+0000] {logging_mixin.py:149} INFO - [2026-09-28T01:57:10.532+0000] {dag.py:2726} INFO - Sync 1 DAGs
[2026-09-28T01:57:10.578+0000] {logging_mixin.py:149} INFO - [2026-09-28T01:57:10.578+0000] {dag.py:3490} INFO - Setting next_dagrun for example_time_delta_sensor_async to None, run_after=None
[2026-09-28T01:57:10.611+0000] {processor.py:178} INFO - Processing /home/airflow/.local/lib/python3.7/site-packages/airflow/example_dags/example_time_delta_sensor_async.py took 0.141 seconds
[2026-09-28T01:57:41.313+0000] {processor.py:156} INFO - Started process (PID=40352) to work on /home/airflow/.local/lib/python3.7/site-packages/airflow/example_dags/example_time_delta_sensor_async.py
[2026-09-28T01:57:41.314+0000] {processor.py:799} INFO - Processing file /home/airflow/.local/lib/python3.7/site-packages/airflow/example_dags/example_time_delta_sensor_async.py for tasks to queue
[2026-09-28T01:57:41.315+0000] {logging_mixin.py:149} INFO - [2026-09-28T01:57:41.315+0000] {dagbag.py:541} INFO - Filling up the DagBag from /home/airflow/.local/lib/python3.7/site-packages/airflow/example_dags/example_time_delta_sensor_async.py
[2026-09-28T01:57:41.322+0000] {processor.py:809} INFO - DAG(s) dict_keys(['example_time_delta_sensor_async']) retrieved from /home/airflow/.local/lib/python3.7/site-packages/airflow/example_dags/example_time_delta_sensor_async.py
[2026-09-28T01:57:41.364+0000] {logging_mixin.py:149} INFO - [2026-09-28T01:57:41.364+0000] {dag.py:2726} INFO - Sync 1 DAGs
[2026-09-28T01:57:41.408+0000] {logging_mixin.py:149} INFO - [2026-09-28T01:57:41.408+0000] {dag.py:3490} INFO - Setting next_dagrun for example_time_delta_sensor_async to None, run_after=None
[2026-09-28T01:57:41.438+0000] {processor.py:178} INFO - Processing /home/airflow/.local/lib/python3.7/site-packages/airflow/example_dags/example_time_delta_sensor_async.py took 0.133 seconds
[2026-09-28T01:58:11.731+0000] {processor.py:156} INFO - Started process (PID=40412) to work on /home/airflow/.local/lib/python3.7/site-packages/airflow/example_dags/example_time_delta_sensor_async.py
[2026-09-28T01:58:11.733+0000] {processor.py:799} INFO - Processing file /home/airflow/.local/lib/python3.7/site-packages/airflow/example_dags/example_time_delta_sensor_async.py for tasks to queue
[2026-09-28T01:58:11.734+0000] {logging_mixin.py:149} INFO - [2026-09-28T01:58:11.734+0000] {dagbag.py:541} INFO - Filling up the DagBag from /home/airflow/.local/lib/python3.7/site-packages/airflow/example_dags/example_time_delta_sensor_async.py
[2026-09-28T01:58:11.743+0000] {processor.py:809} INFO - DAG(s) dict_keys(['example_time_delta_sensor_async']) retrieved from /home/airflow/.local/lib/python3.7/site-packages/airflow/example_dags/example_time_delta_sensor_async.py
[2026-09-28T01:58:11.795+0000] {logging_mixin.py:149} INFO - [2026-09-28T01:58:11.794+0000] {dag.py:2726} INFO - Sync 1 DAGs
[2026-09-28T01:58:11.845+0000] {logging_mixin.py:149} INFO - [2026-09-28T01:58:11.845+0000] {dag.py:3490} INFO - Setting next_dagrun for example_time_delta_sensor_async to None, run_after=None
[2026-09-28T01:58:11.880+0000] {processor.py:178} INFO - Processing /home/airflow/.local/lib/python3.7/site-packages/airflow/example_dags/example_time_delta_sensor_async.py took 0.155 seconds
[2026-09-28T01:58:42.062+0000] {processor.py:156} INFO - Started process (PID=40471) to work on /home/airflow/.local/lib/python3.7/site-packages/airflow/example_dags/example_time_delta_sensor_async.py
[2026-09-28T01:58:42.064+0000] {processor.py:799} INFO - Processing file /home/airflow/.local/lib/python3.7/site-packages/airflow/example_dags/example_time_delta_sensor_async.py for tasks to queue
[2026-09-28T01:58:42.065+0000] {logging_mixin.py:149} INFO - [2026-09-28T01:58:42.064+0000] {dagbag.py:541} INFO - Filling up the DagBag from /home/airflow/.local/lib/python3.7/site-packages/airflow/example_dags/example_time_delta_sensor_async.py
[2026-09-28T01:58:42.073+0000] {processor.py:809} INFO - DAG(s) dict_keys(['example_time_delta_sensor_async']) retrieved from /home/airflow/.local/lib/python3.7/site-packages/airflow/example_dags/example_time_delta_sensor_async.py
[2026-09-28T01:58:42.114+0000] {logging_mixin.py:149} INFO - [2026-09-28T01:58:42.114+0000] {dag.py:2726} INFO - Sync 1 DAGs
[2026-09-28T01:58:42.156+0000] {logging_mixin.py:149} INFO - [2026-09-28T01:58:42.155+0000] {dag.py:3490} INFO - Setting next_dagrun for example_time_delta_sensor_async to None, run_after=None
[2026-09-28T01:58:42.183+0000] {processor.py:178} INFO - Processing /home/airflow/.local/lib/python3.7/site-packages/airflow/example_dags/example_time_delta_sensor_async.py took 0.129 seconds
[2026-09-28T01:59:12.537+0000] {processor.py:156} INFO - Started process (PID=40530) to work on /home/airflow/.local/lib/python3.7/site-packages/airflow/example_dags/example_time_delta_sensor_async.py
[2026-09-28T01:59:12.539+0000] {processor.py:799} INFO - Processing file /home/airflow/.local/lib/python3.7/site-packages/airflow/example_dags/example_time_delta_sensor_async.py for tasks to queue
[2026-09-28T01:59:12.541+0000] {logging_mixin.py:149} INFO - [2026-09-28T01:59:12.540+0000] {dagbag.py:541} INFO - Filling up the DagBag from /home/airflow/.local/lib/python3.7/site-packages/airflow/example_dags/example_time_delta_sensor_async.py
[2026-09-28T01:59:12.549+0000] {processor.py:809} INFO - DAG(s) dict_keys(['example_time_delta_sensor_async']) retrieved from /home/airflow/.local/lib/python3.7/site-packages/airflow/example_dags/example_time_delta_sensor_async.py
[2026-09-28T01:59:12.591+0000] {logging_mixin.py:149} INFO - [2026-09-28T01:59:12.591+0000] {dag.py:2726} INFO - Sync 1 DAGs
[2026-09-28T01:59:12.637+0000] {logging_mixin.py:149} INFO - [2026-09-28T01:59:12.637+0000] {dag.py:3490} INFO - Setting next_dagrun for example_time_delta_sensor_async to None, run_after=None
[2026-09-28T01:59:12.668+0000] {processor.py:178} INFO - Processing /home/airflow/.local/lib/python3.7/site-packages/airflow/example_dags/example_time_delta_sensor_async.py took 0.136 seconds
[2026-09-28T01:59:43.281+0000] {processor.py:156} INFO - Started process (PID=40589) to work on /home/airflow/.local/lib/python3.7/site-packages/airflow/example_dags/example_time_delta_sensor_async.py
[2026-09-28T01:59:43.284+0000] {processor.py:799} INFO - Processing file /home/airflow/.local/lib/python3.7/site-packages/airflow/example_dags/example_time_delta_sensor_async.py for tasks to queue
[2026-09-28T01:59:43.286+0000] {logging_mixin.py:149} INFO - [2026-09-28T01:59:43.285+0000] {dagbag.py:541} INFO - Filling up the DagBag from /home/airflow/.local/lib/python3.7/site-packages/airflow/example_dags/example_time_delta_sensor_async.py
[2026-09-28T01:59:43.295+0000] {processor.py:809} INFO - DAG(s) dict_keys(['example_time_delta_sensor_async']) retrieved from /home/airflow/.local/lib/python3.7/site-packages/airflow/example_dags/example_time_delta_sensor_async.py
[2026-09-28T01:59:43.345+0000] {logging_mixin.py:149} INFO - [2026-09-28T01:59:43.344+0000] {dag.py:2726} INFO - Sync 1 DAGs
[2026-09-28T01:59:43.398+0000] {logging_mixin.py:149} INFO - [2026-09-28T01:59:43.397+0000] {dag.py:3490} INFO - Setting next_dagrun for example_time_delta_sensor_async to None, run_after=None
[2026-09-28T01:59:43.435+0000] {processor.py:178} INFO - Processing /home/airflow/.local/lib/python3.7/site-packages/airflow/example_dags/example_time_delta_sensor_async.py took 0.160 seconds
[2026-09-28T02:00:13.558+0000] {processor.py:156} INFO - Started process (PID=40648) to work on /home/airflow/.local/lib/python3.7/site-packages/airflow/example_dags/example_time_delta_sensor_async.py
[2026-09-28T02:00:13.560+0000] {processor.py:799} INFO - Processing file /home/airflow/.local/lib/python3.7/site-packages/airflow/example_dags/example_time_delta_sensor_async.py for tasks to queue
[2026-09-28T02:00:13.561+0000] {logging_mixin.py:149} INFO - [2026-09-28T02:00:13.560+0000] {dagbag.py:541} INFO - Filling up the DagBag from /home/airflow/.local/lib/python3.7/site-packages/airflow/example_dags/example_time_delta_sensor_async.py
[2026-09-28T02:00:13.569+0000] {processor.py:809} INFO - DAG(s) dict_keys(['example_time_delta_sensor_async']) retrieved from /home/airflow/.local/lib/python3.7/site-packages/airflow/example_dags/example_time_delta_sensor_async.py
[2026-09-28T02:00:13.614+0000] {logging_mixin.py:149} INFO - [2026-09-28T02:00:13.614+0000] {dag.py:2726} INFO - Sync 1 DAGs
[2026-09-28T02:00:13.664+0000] {logging_mixin.py:149} INFO - [2026-09-28T02:00:13.663+0000] {dag.py:3490} INFO - Setting next_dagrun for example_time_delta_sensor_async to None, run_after=None
[2026-09-28T02:00:13.697+0000] {processor.py:178} INFO - Processing /home/airflow/.local/lib/python3.7/site-packages/airflow/example_dags/example_time_delta_sensor_async.py took 0.145 seconds
[2026-09-28T02:00:44.009+0000] {processor.py:156} INFO - Started process (PID=40707) to work on /home/airflow/.local/lib/python3.7/site-packages/airflow/example_dags/example_time_delta_sensor_async.py
[2026-09-28T02:00:44.010+0000] {processor.py:799} INFO - Processing file /home/airflow/.local/lib/python3.7/site-packages/airflow/example_dags/example_time_delta_sensor_async.py for tasks to queue
[2026-09-28T02:00:44.012+0000] {logging_mixin.py:149} INFO - [2026-09-28T02:00:44.011+0000] {dagbag.py:541} INFO - Filling up the DagBag from /home/airflow/.local/lib/python3.7/site-packages/airflow/example_dags/example_time_delta_sensor_async.py
[2026-09-28T02:00:44.020+0000] {processor.py:809} INFO - DAG(s) dict_keys(['example_time_delta_sensor_async']) retrieved from /home/airflow/.local/lib/python3.7/site-packages/airflow/example_dags/example_time_delta_sensor_async.py
[2026-09-28T02:00:44.070+0000] {logging_mixin.py:149} INFO - [2026-09-28T02:00:44.069+0000] {dag.py:2726} INFO - Sync 1 DAGs
[2026-09-28T02:00:44.123+0000] {logging_mixin.py:149} INFO - [2026-09-28T02:00:44.122+0000] {dag.py:3490} INFO - Setting next_dagrun for example_time_delta_sensor_async to None, run_after=None
[2026-09-28T02:00:44.155+0000] {processor.py:178} INFO - Processing /home/airflow/.local/lib/python3.7/site-packages/airflow/example_dags/example_time_delta_sensor_async.py took 0.152 seconds
[2026-09-28T02:01:14.700+0000] {processor.py:156} INFO - Started process (PID=40765) to work on /home/airflow/.local/lib/python3.7/site-packages/airflow/example_dags/example_time_delta_sensor_async.py
[2026-09-28T02:01:14.706+0000] {processor.py:799} INFO - Processing file /home/airflow/.local/lib/python3.7/site-packages/airflow/example_dags/example_time_delta_sensor_async.py for tasks to queue
[2026-09-28T02:01:14.707+0000] {logging_mixin.py:149} INFO - [2026-09-28T02:01:14.707+0000] {dagbag.py:541} INFO - Filling up the DagBag from /home/airflow/.local/lib/python3.7/site-packages/airflow/example_dags/example_time_delta_sensor_async.py
[2026-09-28T02:01:14.715+0000] {processor.py:809} INFO - DAG(s) dict_keys(['example_time_delta_sensor_async']) retrieved from /home/airflow/.local/lib/python3.7/site-packages/airflow/example_dags/example_time_delta_sensor_async.py
[2026-09-28T02:01:14.763+0000] {logging_mixin.py:149} INFO - [2026-09-28T02:01:14.762+0000] {dag.py:2726} INFO - Sync 1 DAGs
[2026-09-28T02:01:14.809+0000] {logging_mixin.py:149} INFO - [2026-09-28T02:01:14.808+0000] {dag.py:3490} INFO - Setting next_dagrun for example_time_delta_sensor_async to None, run_after=None
[2026-09-28T02:01:14.837+0000] {processor.py:178} INFO - Processing /home/airflow/.local/lib/python3.7/site-packages/airflow/example_dags/example_time_delta_sensor_async.py took 0.144 seconds
[2026-09-28T02:01:45.725+0000] {processor.py:156} INFO - Started process (PID=40824) to work on /home/airflow/.local/lib/python3.7/site-packages/airflow/example_dags/example_time_delta_sensor_async.py
[2026-09-28T02:01:45.726+0000] {processor.py:799} INFO - Processing file /home/airflow/.local/lib/python3.7/site-packages/airflow/example_dags/example_time_delta_sensor_async.py for tasks to queue
[2026-09-28T02:01:45.727+0000] {logging_mixin.py:149} INFO - [2026-09-28T02:01:45.727+0000] {dagbag.py:541} INFO - Filling up the DagBag from /home/airflow/.local/lib/python3.7/site-packages/airflow/example_dags/example_time_delta_sensor_async.py
[2026-09-28T02:01:45.735+0000] {processor.py:809} INFO - DAG(s) dict_keys(['example_time_delta_sensor_async']) retrieved from /home/airflow/.local/lib/python3.7/site-packages/airflow/example_dags/example_time_delta_sensor_async.py
[2026-09-28T02:01:45.784+0000] {logging_mixin.py:149} INFO - [2026-09-28T02:01:45.783+0000] {dag.py:2726} INFO - Sync 1 DAGs
[2026-09-28T02:01:45.827+0000] {logging_mixin.py:149} INFO - [2026-09-28T02:01:45.827+0000] {dag.py:3490} INFO - Setting next_dagrun for example_time_delta_sensor_async to None, run_after=None
[2026-09-28T02:01:45.862+0000] {processor.py:178} INFO - Processing /home/airflow/.local/lib/python3.7/site-packages/airflow/example_dags/example_time_delta_sensor_async.py took 0.144 seconds
[2026-09-28T02:02:16.382+0000] {processor.py:156} INFO - Started process (PID=40883) to work on /home/airflow/.local/lib/python3.7/site-packages/airflow/example_dags/example_time_delta_sensor_async.py
[2026-09-28T02:02:16.384+0000] {processor.py:799} INFO - Processing file /home/airflow/.local/lib/python3.7/site-packages/airflow/example_dags/example_time_delta_sensor_async.py for tasks to queue
[2026-09-28T02:02:16.384+0000] {logging_mixin.py:149} INFO - [2026-09-28T02:02:16.384+0000] {dagbag.py:541} INFO - Filling up the DagBag from /home/airflow/.local/lib/python3.7/site-packages/airflow/example_dags/example_time_delta_sensor_async.py
[2026-09-28T02:02:16.391+0000] {processor.py:809} INFO - DAG(s) dict_keys(['example_time_delta_sensor_async']) retrieved from /home/airflow/.local/lib/python3.7/site-packages/airflow/example_dags/example_time_delta_sensor_async.py
[2026-09-28T02:02:16.437+0000] {logging_mixin.py:149} INFO - [2026-09-28T02:02:16.437+0000] {dag.py:2726} INFO - Sync 1 DAGs
[2026-09-28T02:02:16.484+0000] {logging_mixin.py:149} INFO - [2026-09-28T02:02:16.484+0000] {dag.py:3490} INFO - Setting next_dagrun for example_time_delta_sensor_async to None, run_after=None
[2026-09-28T02:02:16.518+0000] {processor.py:178} INFO - Processing /home/airflow/.local/lib/python3.7/site-packages/airflow/example_dags/example_time_delta_sensor_async.py took 0.142 seconds
[2026-09-28T02:02:47.097+0000] {processor.py:156} INFO - Started process (PID=40947) to work on /home/airflow/.local/lib/python3.7/site-packages/airflow/example_dags/example_time_delta_sensor_async.py
[2026-09-28T02:02:47.098+0000] {processor.py:799} INFO - Processing file /home/airflow/.local/lib/python3.7/site-packages/airflow/example_dags/example_time_delta_sensor_async.py for tasks to queue
[2026-09-28T02:02:47.099+0000] {logging_mixin.py:149} INFO - [2026-09-28T02:02:47.099+0000] {dagbag.py:541} INFO - Filling up the DagBag from /home/airflow/.local/lib/python3.7/site-packages/airflow/example_dags/example_time_delta_sensor_async.py
[2026-09-28T02:02:47.107+0000] {processor.py:809} INFO - DAG(s) dict_keys(['example_time_delta_sensor_async']) retrieved from /home/airflow/.local/lib/python3.7/site-packages/airflow/example_dags/example_time_delta_sensor_async.py
[2026-09-28T02:02:47.153+0000] {logging_mixin.py:149} INFO - [2026-09-28T02:02:47.153+0000] {dag.py:2726} INFO - Sync 1 DAGs
[2026-09-28T02:02:47.199+0000] {logging_mixin.py:149} INFO - [2026-09-28T02:02:47.199+0000] {dag.py:3490} INFO - Setting next_dagrun for example_time_delta_sensor_async to None, run_after=None
[2026-09-28T02:02:47.227+0000] {processor.py:178} INFO - Processing /home/airflow/.local/lib/python3.7/site-packages/airflow/example_dags/example_time_delta_sensor_async.py took 0.137 seconds
[2026-09-28T02:03:18.797+0000] {processor.py:156} INFO - Started process (PID=41006) to work on /home/airflow/.local/lib/python3.7/site-packages/airflow/example_dags/example_time_delta_sensor_async.py
[2026-09-28T02:03:18.802+0000] {processor.py:799} INFO - Processing file /home/airflow/.local/lib/python3.7/site-packages/airflow/example_dags/example_time_delta_sensor_async.py for tasks to queue
[2026-09-28T02:03:18.803+0000] {logging_mixin.py:149} INFO - [2026-09-28T02:03:18.802+0000] {dagbag.py:541} INFO - Filling up the DagBag from /home/airflow/.local/lib/python3.7/site-packages/airflow/example_dags/example_time_delta_sensor_async.py
[2026-09-28T02:03:18.810+0000] {processor.py:809} INFO - DAG(s) dict_keys(['example_time_delta_sensor_async']) retrieved from /home/airflow/.local/lib/python3.7/site-packages/airflow/example_dags/example_time_delta_sensor_async.py
[2026-09-28T02:03:18.857+0000] {logging_mixin.py:149} INFO - [2026-09-28T02:03:18.856+0000] {dag.py:2726} INFO - Sync 1 DAGs
[2026-09-28T02:03:18.908+0000] {logging_mixin.py:149} INFO - [2026-09-28T02:03:18.908+0000] {dag.py:3490} INFO - Setting next_dagrun for example_time_delta_sensor_async to None, run_after=None
[2026-09-28T02:03:18.940+0000] {processor.py:178} INFO - Processing /home/airflow/.local/lib/python3.7/site-packages/airflow/example_dags/example_time_delta_sensor_async.py took 0.148 seconds
[2026-09-28T02:03:49.387+0000] {processor.py:156} INFO - Started process (PID=41065) to work on /home/airflow/.local/lib/python3.7/site-packages/airflow/example_dags/example_time_delta_sensor_async.py
[2026-09-28T02:03:49.390+0000] {processor.py:799} INFO - Processing file /home/airflow/.local/lib/python3.7/site-packages/airflow/example_dags/example_time_delta_sensor_async.py for tasks to queue
[2026-09-28T02:03:49.391+0000] {logging_mixin.py:149} INFO - [2026-09-28T02:03:49.391+0000] {dagbag.py:541} INFO - Filling up the DagBag from /home/airflow/.local/lib/python3.7/site-packages/airflow/example_dags/example_time_delta_sensor_async.py
[2026-09-28T02:03:49.400+0000] {processor.py:809} INFO - DAG(s) dict_keys(['example_time_delta_sensor_async']) retrieved from /home/airflow/.local/lib/python3.7/site-packages/airflow/example_dags/example_time_delta_sensor_async.py
[2026-09-28T02:03:49.465+0000] {logging_mixin.py:149} INFO - [2026-09-28T02:03:49.464+0000] {dag.py:2726} INFO - Sync 1 DAGs
[2026-09-28T02:03:49.513+0000] {logging_mixin.py:149} INFO - [2026-09-28T02:03:49.512+0000] {dag.py:3490} INFO - Setting next_dagrun for example_time_delta_sensor_async to None, run_after=None
[2026-09-28T02:03:49.547+0000] {processor.py:178} INFO - Processing /home/airflow/.local/lib/python3.7/site-packages/airflow/example_dags/example_time_delta_sensor_async.py took 0.171 seconds
[2026-09-28T02:04:19.660+0000] {processor.py:156} INFO - Started process (PID=41124) to work on /home/airflow/.local/lib/python3.7/site-packages/airflow/example_dags/example_time_delta_sensor_async.py
[2026-09-28T02:04:19.666+0000] {processor.py:799} INFO - Processing file /home/airflow/.local/lib/python3.7/site-packages/airflow/example_dags/example_time_delta_sensor_async.py for tasks to queue
[2026-09-28T02:04:19.668+0000] {logging_mixin.py:149} INFO - [2026-09-28T02:04:19.667+0000] {dagbag.py:541} INFO - Filling up the DagBag from /home/airflow/.local/lib/python3.7/site-packages/airflow/example_dags/example_time_delta_sensor_async.py
[2026-09-28T02:04:19.675+0000] {processor.py:809} INFO - DAG(s) dict_keys(['example_time_delta_sensor_async']) retrieved from /home/airflow/.local/lib/python3.7/site-packages/airflow/example_dags/example_time_delta_sensor_async.py
[2026-09-28T02:04:19.720+0000] {logging_mixin.py:149} INFO - [2026-09-28T02:04:19.720+0000] {dag.py:2726} INFO - Sync 1 DAGs
[2026-09-28T02:04:19.765+0000] {logging_mixin.py:149} INFO - [2026-09-28T02:04:19.765+0000] {dag.py:3490} INFO - Setting next_dagrun for example_time_delta_sensor_async to None, run_after=None
[2026-09-28T02:04:19.799+0000] {processor.py:178} INFO - Processing /home/airflow/.local/lib/python3.7/site-packages/airflow/example_dags/example_time_delta_sensor_async.py took 0.147 seconds
[2026-09-28T02:04:50.252+0000] {processor.py:156} INFO - Started process (PID=41186) to work on /home/airflow/.local/lib/python3.7/site-packages/airflow/example_dags/example_time_delta_sensor_async.py
[2026-09-28T02:04:50.253+0000] {processor.py:799} INFO - Processing file /home/airflow/.local/lib/python3.7/site-packages/airflow/example_dags/example_time_delta_sensor_async.py for tasks to queue
[2026-09-28T02:04:50.254+0000] {logging_mixin.py:149} INFO - [2026-09-28T02:04:50.254+0000] {dagbag.py:541} INFO - Filling up the DagBag from /home/airflow/.local/lib/python3.7/site-packages/airflow/example_dags/example_time_delta_sensor_async.py
[2026-09-28T02:04:50.262+0000] {processor.py:809} INFO - DAG(s) dict_keys(['example_time_delta_sensor_async']) retrieved from /home/airflow/.local/lib/python3.7/site-packages/airflow/example_dags/example_time_delta_sensor_async.py
[2026-09-28T02:04:50.306+0000] {logging_mixin.py:149} INFO - [2026-09-28T02:04:50.305+0000] {dag.py:2726} INFO - Sync 1 DAGs
[2026-09-28T02:04:50.350+0000] {logging_mixin.py:149} INFO - [2026-09-28T02:04:50.350+0000] {dag.py:3490} INFO - Setting next_dagrun for example_time_delta_sensor_async to None, run_after=None
[2026-09-28T02:04:50.380+0000] {processor.py:178} INFO - Processing /home/airflow/.local/lib/python3.7/site-packages/airflow/example_dags/example_time_delta_sensor_async.py took 0.139 seconds
[2026-09-28T02:05:20.966+0000] {processor.py:156} INFO - Started process (PID=41253) to work on /home/airflow/.local/lib/python3.7/site-packages/airflow/example_dags/example_time_delta_sensor_async.py
[2026-09-28T02:05:20.968+0000] {processor.py:799} INFO - Processing file /home/airflow/.local/lib/python3.7/site-packages/airflow/example_dags/example_time_delta_sensor_async.py for tasks to queue
[2026-09-28T02:05:20.970+0000] {logging_mixin.py:149} INFO - [2026-09-28T02:05:20.970+0000] {dagbag.py:541} INFO - Filling up the DagBag from /home/airflow/.local/lib/python3.7/site-packages/airflow/example_dags/example_time_delta_sensor_async.py
[2026-09-28T02:05:20.981+0000] {processor.py:809} INFO - DAG(s) dict_keys(['example_time_delta_sensor_async']) retrieved from /home/airflow/.local/lib/python3.7/site-packages/airflow/example_dags/example_time_delta_sensor_async.py
[2026-09-28T02:05:21.029+0000] {logging_mixin.py:149} INFO - [2026-09-28T02:05:21.029+0000] {dag.py:2726} INFO - Sync 1 DAGs
[2026-09-28T02:05:21.079+0000] {logging_mixin.py:149} INFO - [2026-09-28T02:05:21.079+0000] {dag.py:3490} INFO - Setting next_dagrun for example_time_delta_sensor_async to None, run_after=None
[2026-09-28T02:05:21.112+0000] {processor.py:178} INFO - Processing /home/airflow/.local/lib/python3.7/site-packages/airflow/example_dags/example_time_delta_sensor_async.py took 0.154 seconds
[2026-09-28T02:05:51.320+0000] {processor.py:156} INFO - Started process (PID=41320) to work on /home/airflow/.local/lib/python3.7/site-packages/airflow/example_dags/example_time_delta_sensor_async.py
[2026-09-28T02:05:51.322+0000] {processor.py:799} INFO - Processing file /home/airflow/.local/lib/python3.7/site-packages/airflow/example_dags/example_time_delta_sensor_async.py for tasks to queue
[2026-09-28T02:05:51.323+0000] {logging_mixin.py:149} INFO - [2026-09-28T02:05:51.323+0000] {dagbag.py:541} INFO - Filling up the DagBag from /home/airflow/.local/lib/python3.7/site-packages/airflow/example_dags/example_time_delta_sensor_async.py
[2026-09-28T02:05:51.331+0000] {processor.py:809} INFO - DAG(s) dict_keys(['example_time_delta_sensor_async']) retrieved from /home/airflow/.local/lib/python3.7/site-packages/airflow/example_dags/example_time_delta_sensor_async.py
[2026-09-28T02:05:51.378+0000] {logging_mixin.py:149} INFO - [2026-09-28T02:05:51.378+0000] {dag.py:2726} INFO - Sync 1 DAGs
[2026-09-28T02:05:51.427+0000] {logging_mixin.py:149} INFO - [2026-09-28T02:05:51.427+0000] {dag.py:3490} INFO - Setting next_dagrun for example_time_delta_sensor_async to None, run_after=None
[2026-09-28T02:05:51.463+0000] {processor.py:178} INFO - Processing /home/airflow/.local/lib/python3.7/site-packages/airflow/example_dags/example_time_delta_sensor_async.py took 0.149 seconds
[2026-09-28T02:06:21.629+0000] {processor.py:156} INFO - Started process (PID=41391) to work on /home/airflow/.local/lib/python3.7/site-packages/airflow/example_dags/example_time_delta_sensor_async.py
[2026-09-28T02:06:21.632+0000] {processor.py:799} INFO - Processing file /home/airflow/.local/lib/python3.7/site-packages/airflow/example_dags/example_time_delta_sensor_async.py for tasks to queue
[2026-09-28T02:06:21.633+0000] {logging_mixin.py:149} INFO - [2026-09-28T02:06:21.633+0000] {dagbag.py:541} INFO - Filling up the DagBag from /home/airflow/.local/lib/python3.7/site-packages/airflow/example_dags/example_time_delta_sensor_async.py
[2026-09-28T02:06:21.642+0000] {processor.py:809} INFO - DAG(s) dict_keys(['example_time_delta_sensor_async']) retrieved from /home/airflow/.local/lib/python3.7/site-packages/airflow/example_dags/example_time_delta_sensor_async.py
[2026-09-28T02:06:21.696+0000] {logging_mixin.py:149} INFO - [2026-09-28T02:06:21.696+0000] {dag.py:2726} INFO - Sync 1 DAGs
[2026-09-28T02:06:21.745+0000] {logging_mixin.py:149} INFO - [2026-09-28T02:06:21.745+0000] {dag.py:3490} INFO - Setting next_dagrun for example_time_delta_sensor_async to None, run_after=None
[2026-09-28T02:06:21.778+0000] {processor.py:178} INFO - Processing /home/airflow/.local/lib/python3.7/site-packages/airflow/example_dags/example_time_delta_sensor_async.py took 0.156 seconds
[2026-09-28T02:06:51.933+0000] {processor.py:156} INFO - Started process (PID=41450) to work on /home/airflow/.local/lib/python3.7/site-packages/airflow/example_dags/example_time_delta_sensor_async.py
[2026-09-28T02:06:51.934+0000] {processor.py:799} INFO - Processing file /home/airflow/.local/lib/python3.7/site-packages/airflow/example_dags/example_time_delta_sensor_async.py for tasks to queue
[2026-09-28T02:06:51.935+0000] {logging_mixin.py:149} INFO - [2026-09-28T02:06:51.935+0000] {dagbag.py:541} INFO - Filling up the DagBag from /home/airflow/.local/lib/python3.7/site-packages/airflow/example_dags/example_time_delta_sensor_async.py
[2026-09-28T02:06:51.944+0000] {processor.py:809} INFO - DAG(s) dict_keys(['example_time_delta_sensor_async']) retrieved from /home/airflow/.local/lib/python3.7/site-packages/airflow/example_dags/example_time_delta_sensor_async.py
[2026-09-28T02:06:52.001+0000] {logging_mixin.py:149} INFO - [2026-09-28T02:06:52.000+0000] {dag.py:2726} INFO - Sync 1 DAGs
[2026-09-28T02:06:52.054+0000] {logging_mixin.py:149} INFO - [2026-09-28T02:06:52.054+0000] {dag.py:3490} INFO - Setting next_dagrun for example_time_delta_sensor_async to None, run_after=None
[2026-09-28T02:06:52.088+0000] {processor.py:178} INFO - Processing /home/airflow/.local/lib/python3.7/site-packages/airflow/example_dags/example_time_delta_sensor_async.py took 0.161 seconds
[2026-09-28T02:07:22.449+0000] {processor.py:156} INFO - Started process (PID=41510) to work on /home/airflow/.local/lib/python3.7/site-packages/airflow/example_dags/example_time_delta_sensor_async.py
[2026-09-28T02:07:22.451+0000] {processor.py:799} INFO - Processing file /home/airflow/.local/lib/python3.7/site-packages/airflow/example_dags/example_time_delta_sensor_async.py for tasks to queue
[2026-09-28T02:07:22.452+0000] {logging_mixin.py:149} INFO - [2026-09-28T02:07:22.452+0000] {dagbag.py:541} INFO - Filling up the DagBag from /home/airflow/.local/lib/python3.7/site-packages/airflow/example_dags/example_time_delta_sensor_async.py
[2026-09-28T02:07:22.461+0000] {processor.py:809} INFO - DAG(s) dict_keys(['example_time_delta_sensor_async']) retrieved from /home/airflow/.local/lib/python3.7/site-packages/airflow/example_dags/example_time_delta_sensor_async.py
[2026-09-28T02:07:22.506+0000] {logging_mixin.py:149} INFO - [2026-09-28T02:07:22.505+0000] {dag.py:2726} INFO - Sync 1 DAGs
[2026-09-28T02:07:22.550+0000] {logging_mixin.py:149} INFO - [2026-09-28T02:07:22.550+0000] {dag.py:3490} INFO - Setting next_dagrun for example_time_delta_sensor_async to None, run_after=None
[2026-09-28T02:07:22.579+0000] {processor.py:178} INFO - Processing /home/airflow/.local/lib/python3.7/site-packages/airflow/example_dags/example_time_delta_sensor_async.py took 0.136 seconds
[2026-09-28T02:07:53.351+0000] {processor.py:156} INFO - Started process (PID=41569) to work on /home/airflow/.local/lib/python3.7/site-packages/airflow/example_dags/example_time_delta_sensor_async.py
[2026-09-28T02:07:53.353+0000] {processor.py:799} INFO - Processing file /home/airflow/.local/lib/python3.7/site-packages/airflow/example_dags/example_time_delta_sensor_async.py for tasks to queue
[2026-09-28T02:07:53.354+0000] {logging_mixin.py:149} INFO - [2026-09-28T02:07:53.353+0000] {dagbag.py:541} INFO - Filling up the DagBag from /home/airflow/.local/lib/python3.7/site-packages/airflow/example_dags/example_time_delta_sensor_async.py
[2026-09-28T02:07:53.362+0000] {processor.py:809} INFO - DAG(s) dict_keys(['example_time_delta_sensor_async']) retrieved from /home/airflow/.local/lib/python3.7/site-packages/airflow/example_dags/example_time_delta_sensor_async.py
[2026-09-28T02:07:53.410+0000] {logging_mixin.py:149} INFO - [2026-09-28T02:07:53.410+0000] {dag.py:2726} INFO - Sync 1 DAGs
[2026-09-28T02:07:53.458+0000] {logging_mixin.py:149} INFO - [2026-09-28T02:07:53.457+0000] {dag.py:3490} INFO - Setting next_dagrun for example_time_delta_sensor_async to None, run_after=None
[2026-09-28T02:07:53.488+0000] {processor.py:178} INFO - Processing /home/airflow/.local/lib/python3.7/site-packages/airflow/example_dags/example_time_delta_sensor_async.py took 0.143 seconds
[2026-09-28T02:08:24.223+0000] {processor.py:156} INFO - Started process (PID=41648) to work on /home/airflow/.local/lib/python3.7/site-packages/airflow/example_dags/example_time_delta_sensor_async.py
[2026-09-28T02:08:24.225+0000] {processor.py:799} INFO - Processing file /home/airflow/.local/lib/python3.7/site-packages/airflow/example_dags/example_time_delta_sensor_async.py for tasks to queue
[2026-09-28T02:08:24.226+0000] {logging_mixin.py:149} INFO - [2026-09-28T02:08:24.226+0000] {dagbag.py:541} INFO - Filling up the DagBag from /home/airflow/.local/lib/python3.7/site-packages/airflow/example_dags/example_time_delta_sensor_async.py
[2026-09-28T02:08:24.235+0000] {processor.py:809} INFO - DAG(s) dict_keys(['example_time_delta_sensor_async']) retrieved from /home/airflow/.local/lib/python3.7/site-packages/airflow/example_dags/example_time_delta_sensor_async.py
[2026-09-28T02:08:24.281+0000] {logging_mixin.py:149} INFO - [2026-09-28T02:08:24.281+0000] {dag.py:2726} INFO - Sync 1 DAGs
[2026-09-28T02:08:24.323+0000] {logging_mixin.py:149} INFO - [2026-09-28T02:08:24.323+0000] {dag.py:3490} INFO - Setting next_dagrun for example_time_delta_sensor_async to None, run_after=None
[2026-09-28T02:08:24.353+0000] {processor.py:178} INFO - Processing /home/airflow/.local/lib/python3.7/site-packages/airflow/example_dags/example_time_delta_sensor_async.py took 0.137 seconds
[2026-09-28T02:08:54.492+0000] {processor.py:156} INFO - Started process (PID=41716) to work on /home/airflow/.local/lib/python3.7/site-packages/airflow/example_dags/example_time_delta_sensor_async.py
[2026-09-28T02:08:54.494+0000] {processor.py:799} INFO - Processing file /home/airflow/.local/lib/python3.7/site-packages/airflow/example_dags/example_time_delta_sensor_async.py for tasks to queue
[2026-09-28T02:08:54.495+0000] {logging_mixin.py:149} INFO - [2026-09-28T02:08:54.495+0000] {dagbag.py:541} INFO - Filling up the DagBag from /home/airflow/.local/lib/python3.7/site-packages/airflow/example_dags/example_time_delta_sensor_async.py
[2026-09-28T02:08:54.505+0000] {processor.py:809} INFO - DAG(s) dict_keys(['example_time_delta_sensor_async']) retrieved from /home/airflow/.local/lib/python3.7/site-packages/airflow/example_dags/example_time_delta_sensor_async.py
[2026-09-28T02:08:54.559+0000] {logging_mixin.py:149} INFO - [2026-09-28T02:08:54.559+0000] {dag.py:2726} INFO - Sync 1 DAGs
[2026-09-28T02:08:54.605+0000] {logging_mixin.py:149} INFO - [2026-09-28T02:08:54.605+0000] {dag.py:3490} INFO - Setting next_dagrun for example_time_delta_sensor_async to None, run_after=None
[2026-09-28T02:08:54.640+0000] {processor.py:178} INFO - Processing /home/airflow/.local/lib/python3.7/site-packages/airflow/example_dags/example_time_delta_sensor_async.py took 0.155 seconds
[2026-09-28T02:09:24.878+0000] {processor.py:156} INFO - Started process (PID=41782) to work on /home/airflow/.local/lib/python3.7/site-packages/airflow/example_dags/example_time_delta_sensor_async.py
[2026-09-28T02:09:24.880+0000] {processor.py:799} INFO - Processing file /home/airflow/.local/lib/python3.7/site-packages/airflow/example_dags/example_time_delta_sensor_async.py for tasks to queue
[2026-09-28T02:09:24.881+0000] {logging_mixin.py:149} INFO - [2026-09-28T02:09:24.880+0000] {dagbag.py:541} INFO - Filling up the DagBag from /home/airflow/.local/lib/python3.7/site-packages/airflow/example_dags/example_time_delta_sensor_async.py
[2026-09-28T02:09:24.888+0000] {processor.py:809} INFO - DAG(s) dict_keys(['example_time_delta_sensor_async']) retrieved from /home/airflow/.local/lib/python3.7/site-packages/airflow/example_dags/example_time_delta_sensor_async.py
[2026-09-28T02:09:24.938+0000] {logging_mixin.py:149} INFO - [2026-09-28T02:09:24.937+0000] {dag.py:2726} INFO - Sync 1 DAGs
[2026-09-28T02:09:24.983+0000] {logging_mixin.py:149} INFO - [2026-09-28T02:09:24.983+0000] {dag.py:3490} INFO - Setting next_dagrun for example_time_delta_sensor_async to None, run_after=None
[2026-09-28T02:09:25.015+0000] {processor.py:178} INFO - Processing /home/airflow/.local/lib/python3.7/site-packages/airflow/example_dags/example_time_delta_sensor_async.py took 0.143 seconds
[2026-09-28T02:09:55.240+0000] {processor.py:156} INFO - Started process (PID=41842) to work on /home/airflow/.local/lib/python3.7/site-packages/airflow/example_dags/example_time_delta_sensor_async.py
[2026-09-28T02:09:55.242+0000] {processor.py:799} INFO - Processing file /home/airflow/.local/lib/python3.7/site-packages/airflow/example_dags/example_time_delta_sensor_async.py for tasks to queue
[2026-09-28T02:09:55.243+0000] {logging_mixin.py:149} INFO - [2026-09-28T02:09:55.243+0000] {dagbag.py:541} INFO - Filling up the DagBag from /home/airflow/.local/lib/python3.7/site-packages/airflow/example_dags/example_time_delta_sensor_async.py
[2026-09-28T02:09:55.252+0000] {processor.py:809} INFO - DAG(s) dict_keys(['example_time_delta_sensor_async']) retrieved from /home/airflow/.local/lib/python3.7/site-packages/airflow/example_dags/example_time_delta_sensor_async.py
[2026-09-28T02:09:55.300+0000] {logging_mixin.py:149} INFO - [2026-09-28T02:09:55.300+0000] {dag.py:2726} INFO - Sync 1 DAGs
[2026-09-28T02:09:55.343+0000] {logging_mixin.py:149} INFO - [2026-09-28T02:09:55.343+0000] {dag.py:3490} INFO - Setting next_dagrun for example_time_delta_sensor_async to None, run_after=None
[2026-09-28T02:09:55.370+0000] {processor.py:178} INFO - Processing /home/airflow/.local/lib/python3.7/site-packages/airflow/example_dags/example_time_delta_sensor_async.py took 0.137 seconds
[2026-09-28T02:10:25.552+0000] {processor.py:156} INFO - Started process (PID=41900) to work on /home/airflow/.local/lib/python3.7/site-packages/airflow/example_dags/example_time_delta_sensor_async.py
[2026-09-28T02:10:25.553+0000] {processor.py:799} INFO - Processing file /home/airflow/.local/lib/python3.7/site-packages/airflow/example_dags/example_time_delta_sensor_async.py for tasks to queue
[2026-09-28T02:10:25.554+0000] {logging_mixin.py:149} INFO - [2026-09-28T02:10:25.554+0000] {dagbag.py:541} INFO - Filling up the DagBag from /home/airflow/.local/lib/python3.7/site-packages/airflow/example_dags/example_time_delta_sensor_async.py
[2026-09-28T02:10:25.562+0000] {processor.py:809} INFO - DAG(s) dict_keys(['example_time_delta_sensor_async']) retrieved from /home/airflow/.local/lib/python3.7/site-packages/airflow/example_dags/example_time_delta_sensor_async.py
[2026-09-28T02:10:25.603+0000] {logging_mixin.py:149} INFO - [2026-09-28T02:10:25.603+0000] {dag.py:2726} INFO - Sync 1 DAGs
[2026-09-28T02:10:25.652+0000] {logging_mixin.py:149} INFO - [2026-09-28T02:10:25.652+0000] {dag.py:3490} INFO - Setting next_dagrun for example_time_delta_sensor_async to None, run_after=None
[2026-09-28T02:10:25.682+0000] {processor.py:178} INFO - Processing /home/airflow/.local/lib/python3.7/site-packages/airflow/example_dags/example_time_delta_sensor_async.py took 0.137 seconds
[2026-09-28T02:10:55.887+0000] {processor.py:156} INFO - Started process (PID=41967) to work on /home/airflow/.local/lib/python3.7/site-packages/airflow/example_dags/example_time_delta_sensor_async.py
[2026-09-28T02:10:55.890+0000] {processor.py:799} INFO - Processing file /home/airflow/.local/lib/python3.7/site-packages/airflow/example_dags/example_time_delta_sensor_async.py for tasks to queue
[2026-09-28T02:10:55.891+0000] {logging_mixin.py:149} INFO - [2026-09-28T02:10:55.891+0000] {dagbag.py:541} INFO - Filling up the DagBag from /home/airflow/.local/lib/python3.7/site-packages/airflow/example_dags/example_time_delta_sensor_async.py
[2026-09-28T02:10:55.901+0000] {processor.py:809} INFO - DAG(s) dict_keys(['example_time_delta_sensor_async']) retrieved from /home/airflow/.local/lib/python3.7/site-packages/airflow/example_dags/example_time_delta_sensor_async.py
[2026-09-28T02:10:55.958+0000] {logging_mixin.py:149} INFO - [2026-09-28T02:10:55.958+0000] {dag.py:2726} INFO - Sync 1 DAGs
[2026-09-28T02:10:56.009+0000] {logging_mixin.py:149} INFO - [2026-09-28T02:10:56.009+0000] {dag.py:3490} INFO - Setting next_dagrun for example_time_delta_sensor_async to None, run_after=None
[2026-09-28T02:10:56.038+0000] {processor.py:178} INFO - Processing /home/airflow/.local/lib/python3.7/site-packages/airflow/example_dags/example_time_delta_sensor_async.py took 0.158 seconds
[2026-09-28T02:11:26.266+0000] {processor.py:156} INFO - Started process (PID=42026) to work on /home/airflow/.local/lib/python3.7/site-packages/airflow/example_dags/example_time_delta_sensor_async.py
[2026-09-28T02:11:26.268+0000] {processor.py:799} INFO - Processing file /home/airflow/.local/lib/python3.7/site-packages/airflow/example_dags/example_time_delta_sensor_async.py for tasks to queue
[2026-09-28T02:11:26.269+0000] {logging_mixin.py:149} INFO - [2026-09-28T02:11:26.269+0000] {dagbag.py:541} INFO - Filling up the DagBag from /home/airflow/.local/lib/python3.7/site-packages/airflow/example_dags/example_time_delta_sensor_async.py
[2026-09-28T02:11:26.283+0000] {processor.py:809} INFO - DAG(s) dict_keys(['example_time_delta_sensor_async']) retrieved from /home/airflow/.local/lib/python3.7/site-packages/airflow/example_dags/example_time_delta_sensor_async.py
[2026-09-28T02:11:26.331+0000] {logging_mixin.py:149} INFO - [2026-09-28T02:11:26.331+0000] {dag.py:2726} INFO - Sync 1 DAGs
[2026-09-28T02:11:26.378+0000] {logging_mixin.py:149} INFO - [2026-09-28T02:11:26.378+0000] {dag.py:3490} INFO - Setting next_dagrun for example_time_delta_sensor_async to None, run_after=None
[2026-09-28T02:11:26.410+0000] {processor.py:178} INFO - Processing /home/airflow/.local/lib/python3.7/site-packages/airflow/example_dags/example_time_delta_sensor_async.py took 0.152 seconds
[2026-09-28T02:11:56.568+0000] {processor.py:156} INFO - Started process (PID=42096) to work on /home/airflow/.local/lib/python3.7/site-packages/airflow/example_dags/example_time_delta_sensor_async.py
[2026-09-28T02:11:56.572+0000] {processor.py:799} INFO - Processing file /home/airflow/.local/lib/python3.7/site-packages/airflow/example_dags/example_time_delta_sensor_async.py for tasks to queue
[2026-09-28T02:11:56.574+0000] {logging_mixin.py:149} INFO - [2026-09-28T02:11:56.574+0000] {dagbag.py:541} INFO - Filling up the DagBag from /home/airflow/.local/lib/python3.7/site-packages/airflow/example_dags/example_time_delta_sensor_async.py
[2026-09-28T02:11:56.584+0000] {processor.py:809} INFO - DAG(s) dict_keys(['example_time_delta_sensor_async']) retrieved from /home/airflow/.local/lib/python3.7/site-packages/airflow/example_dags/example_time_delta_sensor_async.py
[2026-09-28T02:11:56.633+0000] {logging_mixin.py:149} INFO - [2026-09-28T02:11:56.633+0000] {dag.py:2726} INFO - Sync 1 DAGs
[2026-09-28T02:11:56.685+0000] {logging_mixin.py:149} INFO - [2026-09-28T02:11:56.685+0000] {dag.py:3490} INFO - Setting next_dagrun for example_time_delta_sensor_async to None, run_after=None
[2026-09-28T02:11:56.717+0000] {processor.py:178} INFO - Processing /home/airflow/.local/lib/python3.7/site-packages/airflow/example_dags/example_time_delta_sensor_async.py took 0.158 seconds
[2026-09-28T02:12:27.291+0000] {processor.py:156} INFO - Started process (PID=42167) to work on /home/airflow/.local/lib/python3.7/site-packages/airflow/example_dags/example_time_delta_sensor_async.py
[2026-09-28T02:12:27.293+0000] {processor.py:799} INFO - Processing file /home/airflow/.local/lib/python3.7/site-packages/airflow/example_dags/example_time_delta_sensor_async.py for tasks to queue
[2026-09-28T02:12:27.295+0000] {logging_mixin.py:149} INFO - [2026-09-28T02:12:27.295+0000] {dagbag.py:541} INFO - Filling up the DagBag from /home/airflow/.local/lib/python3.7/site-packages/airflow/example_dags/example_time_delta_sensor_async.py
[2026-09-28T02:12:27.305+0000] {processor.py:809} INFO - DAG(s) dict_keys(['example_time_delta_sensor_async']) retrieved from /home/airflow/.local/lib/python3.7/site-packages/airflow/example_dags/example_time_delta_sensor_async.py
[2026-09-28T02:12:27.353+0000] {logging_mixin.py:149} INFO - [2026-09-28T02:12:27.353+0000] {dag.py:2726} INFO - Sync 1 DAGs
[2026-09-28T02:12:27.397+0000] {logging_mixin.py:149} INFO - [2026-09-28T02:12:27.396+0000] {dag.py:3490} INFO - Setting next_dagrun for example_time_delta_sensor_async to None, run_after=None
[2026-09-28T02:12:27.431+0000] {processor.py:178} INFO - Processing /home/airflow/.local/lib/python3.7/site-packages/airflow/example_dags/example_time_delta_sensor_async.py took 0.148 seconds
[2026-09-28T02:12:58.103+0000] {processor.py:156} INFO - Started process (PID=42238) to work on /home/airflow/.local/lib/python3.7/site-packages/airflow/example_dags/example_time_delta_sensor_async.py
[2026-09-28T02:12:58.105+0000] {processor.py:799} INFO - Processing file /home/airflow/.local/lib/python3.7/site-packages/airflow/example_dags/example_time_delta_sensor_async.py for tasks to queue
[2026-09-28T02:12:58.106+0000] {logging_mixin.py:149} INFO - [2026-09-28T02:12:58.106+0000] {dagbag.py:541} INFO - Filling up the DagBag from /home/airflow/.local/lib/python3.7/site-packages/airflow/example_dags/example_time_delta_sensor_async.py
[2026-09-28T02:12:58.114+0000] {processor.py:809} INFO - DAG(s) dict_keys(['example_time_delta_sensor_async']) retrieved from /home/airflow/.local/lib/python3.7/site-packages/airflow/example_dags/example_time_delta_sensor_async.py
[2026-09-28T02:12:58.157+0000] {logging_mixin.py:149} INFO - [2026-09-28T02:12:58.157+0000] {dag.py:2726} INFO - Sync 1 DAGs
[2026-09-28T02:12:58.208+0000] {logging_mixin.py:149} INFO - [2026-09-28T02:12:58.208+0000] {dag.py:3490} INFO - Setting next_dagrun for example_time_delta_sensor_async to None, run_after=None
[2026-09-28T02:12:58.244+0000] {processor.py:178} INFO - Processing /home/airflow/.local/lib/python3.7/site-packages/airflow/example_dags/example_time_delta_sensor_async.py took 0.148 seconds
[2026-09-28T02:13:28.666+0000] {processor.py:156} INFO - Started process (PID=42297) to work on /home/airflow/.local/lib/python3.7/site-packages/airflow/example_dags/example_time_delta_sensor_async.py
[2026-09-28T02:13:28.667+0000] {processor.py:799} INFO - Processing file /home/airflow/.local/lib/python3.7/site-packages/airflow/example_dags/example_time_delta_sensor_async.py for tasks to queue
[2026-09-28T02:13:28.668+0000] {logging_mixin.py:149} INFO - [2026-09-28T02:13:28.668+0000] {dagbag.py:541} INFO - Filling up the DagBag from /home/airflow/.local/lib/python3.7/site-packages/airflow/example_dags/example_time_delta_sensor_async.py
[2026-09-28T02:13:28.676+0000] {processor.py:809} INFO - DAG(s) dict_keys(['example_time_delta_sensor_async']) retrieved from /home/airflow/.local/lib/python3.7/site-packages/airflow/example_dags/example_time_delta_sensor_async.py
[2026-09-28T02:13:28.723+0000] {logging_mixin.py:149} INFO - [2026-09-28T02:13:28.723+0000] {dag.py:2726} INFO - Sync 1 DAGs
[2026-09-28T02:13:28.772+0000] {logging_mixin.py:149} INFO - [2026-09-28T02:13:28.772+0000] {dag.py:3490} INFO - Setting next_dagrun for example_time_delta_sensor_async to None, run_after=None
[2026-09-28T02:13:28.804+0000] {processor.py:178} INFO - Processing /home/airflow/.local/lib/python3.7/site-packages/airflow/example_dags/example_time_delta_sensor_async.py took 0.143 seconds
[2026-09-28T02:13:59.162+0000] {processor.py:156} INFO - Started process (PID=42356) to work on /home/airflow/.local/lib/python3.7/site-packages/airflow/example_dags/example_time_delta_sensor_async.py
[2026-09-28T02:13:59.164+0000] {processor.py:799} INFO - Processing file /home/airflow/.local/lib/python3.7/site-packages/airflow/example_dags/example_time_delta_sensor_async.py for tasks to queue
[2026-09-28T02:13:59.165+0000] {logging_mixin.py:149} INFO - [2026-09-28T02:13:59.165+0000] {dagbag.py:541} INFO - Filling up the DagBag from /home/airflow/.local/lib/python3.7/site-packages/airflow/example_dags/example_time_delta_sensor_async.py
[2026-09-28T02:13:59.173+0000] {processor.py:809} INFO - DAG(s) dict_keys(['example_time_delta_sensor_async']) retrieved from /home/airflow/.local/lib/python3.7/site-packages/airflow/example_dags/example_time_delta_sensor_async.py
[2026-09-28T02:13:59.227+0000] {logging_mixin.py:149} INFO - [2026-09-28T02:13:59.226+0000] {dag.py:2726} INFO - Sync 1 DAGs
[2026-09-28T02:13:59.271+0000] {logging_mixin.py:149} INFO - [2026-09-28T02:13:59.271+0000] {dag.py:3490} INFO - Setting next_dagrun for example_time_delta_sensor_async to None, run_after=None
[2026-09-28T02:13:59.301+0000] {processor.py:178} INFO - Processing /home/airflow/.local/lib/python3.7/site-packages/airflow/example_dags/example_time_delta_sensor_async.py took 0.146 seconds
[2026-09-28T02:14:29.537+0000] {processor.py:156} INFO - Started process (PID=42415) to work on /home/airflow/.local/lib/python3.7/site-packages/airflow/example_dags/example_time_delta_sensor_async.py
[2026-09-28T02:14:29.540+0000] {processor.py:799} INFO - Processing file /home/airflow/.local/lib/python3.7/site-packages/airflow/example_dags/example_time_delta_sensor_async.py for tasks to queue
[2026-09-28T02:14:29.541+0000] {logging_mixin.py:149} INFO - [2026-09-28T02:14:29.541+0000] {dagbag.py:541} INFO - Filling up the DagBag from /home/airflow/.local/lib/python3.7/site-packages/airflow/example_dags/example_time_delta_sensor_async.py
[2026-09-28T02:14:29.549+0000] {processor.py:809} INFO - DAG(s) dict_keys(['example_time_delta_sensor_async']) retrieved from /home/airflow/.local/lib/python3.7/site-packages/airflow/example_dags/example_time_delta_sensor_async.py
[2026-09-28T02:14:29.597+0000] {logging_mixin.py:149} INFO - [2026-09-28T02:14:29.597+0000] {dag.py:2726} INFO - Sync 1 DAGs
[2026-09-28T02:14:29.649+0000] {logging_mixin.py:149} INFO - [2026-09-28T02:14:29.649+0000] {dag.py:3490} INFO - Setting next_dagrun for example_time_delta_sensor_async to None, run_after=None
[2026-09-28T02:14:29.682+0000] {processor.py:178} INFO - Processing /home/airflow/.local/lib/python3.7/site-packages/airflow/example_dags/example_time_delta_sensor_async.py took 0.152 seconds
[2026-09-28T02:15:00.077+0000] {processor.py:156} INFO - Started process (PID=42474) to work on /home/airflow/.local/lib/python3.7/site-packages/airflow/example_dags/example_time_delta_sensor_async.py
[2026-09-28T02:15:00.079+0000] {processor.py:799} INFO - Processing file /home/airflow/.local/lib/python3.7/site-packages/airflow/example_dags/example_time_delta_sensor_async.py for tasks to queue
[2026-09-28T02:15:00.080+0000] {logging_mixin.py:149} INFO - [2026-09-28T02:15:00.080+0000] {dagbag.py:541} INFO - Filling up the DagBag from /home/airflow/.local/lib/python3.7/site-packages/airflow/example_dags/example_time_delta_sensor_async.py
[2026-09-28T02:15:00.087+0000] {processor.py:809} INFO - DAG(s) dict_keys(['example_time_delta_sensor_async']) retrieved from /home/airflow/.local/lib/python3.7/site-packages/airflow/example_dags/example_time_delta_sensor_async.py
[2026-09-28T02:15:00.135+0000] {logging_mixin.py:149} INFO - [2026-09-28T02:15:00.134+0000] {dag.py:2726} INFO - Sync 1 DAGs
[2026-09-28T02:15:00.177+0000] {logging_mixin.py:149} INFO - [2026-09-28T02:15:00.177+0000] {dag.py:3490} INFO - Setting next_dagrun for example_time_delta_sensor_async to None, run_after=None
[2026-09-28T02:15:00.211+0000] {processor.py:178} INFO - Processing /home/airflow/.local/lib/python3.7/site-packages/airflow/example_dags/example_time_delta_sensor_async.py took 0.140 seconds
[2026-09-28T02:15:30.631+0000] {processor.py:156} INFO - Started process (PID=42533) to work on /home/airflow/.local/lib/python3.7/site-packages/airflow/example_dags/example_time_delta_sensor_async.py
[2026-09-28T02:15:30.639+0000] {processor.py:799} INFO - Processing file /home/airflow/.local/lib/python3.7/site-packages/airflow/example_dags/example_time_delta_sensor_async.py for tasks to queue
[2026-09-28T02:15:30.640+0000] {logging_mixin.py:149} INFO - [2026-09-28T02:15:30.640+0000] {dagbag.py:541} INFO - Filling up the DagBag from /home/airflow/.local/lib/python3.7/site-packages/airflow/example_dags/example_time_delta_sensor_async.py
[2026-09-28T02:15:30.648+0000] {processor.py:809} INFO - DAG(s) dict_keys(['example_time_delta_sensor_async']) retrieved from /home/airflow/.local/lib/python3.7/site-packages/airflow/example_dags/example_time_delta_sensor_async.py
[2026-09-28T02:15:30.694+0000] {logging_mixin.py:149} INFO - [2026-09-28T02:15:30.694+0000] {dag.py:2726} INFO - Sync 1 DAGs
[2026-09-28T02:15:30.745+0000] {logging_mixin.py:149} INFO - [2026-09-28T02:15:30.745+0000] {dag.py:3490} INFO - Setting next_dagrun for example_time_delta_sensor_async to None, run_after=None
[2026-09-28T02:15:30.772+0000] {processor.py:178} INFO - Processing /home/airflow/.local/lib/python3.7/site-packages/airflow/example_dags/example_time_delta_sensor_async.py took 0.147 seconds
[2026-09-28T02:16:01.744+0000] {processor.py:156} INFO - Started process (PID=42592) to work on /home/airflow/.local/lib/python3.7/site-packages/airflow/example_dags/example_time_delta_sensor_async.py
[2026-09-28T02:16:01.746+0000] {processor.py:799} INFO - Processing file /home/airflow/.local/lib/python3.7/site-packages/airflow/example_dags/example_time_delta_sensor_async.py for tasks to queue
[2026-09-28T02:16:01.747+0000] {logging_mixin.py:149} INFO - [2026-09-28T02:16:01.747+0000] {dagbag.py:541} INFO - Filling up the DagBag from /home/airflow/.local/lib/python3.7/site-packages/airflow/example_dags/example_time_delta_sensor_async.py
[2026-09-28T02:16:01.754+0000] {processor.py:809} INFO - DAG(s) dict_keys(['example_time_delta_sensor_async']) retrieved from /home/airflow/.local/lib/python3.7/site-packages/airflow/example_dags/example_time_delta_sensor_async.py
[2026-09-28T02:16:01.804+0000] {logging_mixin.py:149} INFO - [2026-09-28T02:16:01.804+0000] {dag.py:2726} INFO - Sync 1 DAGs
[2026-09-28T02:16:01.850+0000] {logging_mixin.py:149} INFO - [2026-09-28T02:16:01.850+0000] {dag.py:3490} INFO - Setting next_dagrun for example_time_delta_sensor_async to None, run_after=None
[2026-09-28T02:16:01.884+0000] {processor.py:178} INFO - Processing /home/airflow/.local/lib/python3.7/site-packages/airflow/example_dags/example_time_delta_sensor_async.py took 0.147 seconds
[2026-09-28T02:16:32.542+0000] {processor.py:156} INFO - Started process (PID=42652) to work on /home/airflow/.local/lib/python3.7/site-packages/airflow/example_dags/example_time_delta_sensor_async.py
[2026-09-28T02:16:32.545+0000] {processor.py:799} INFO - Processing file /home/airflow/.local/lib/python3.7/site-packages/airflow/example_dags/example_time_delta_sensor_async.py for tasks to queue
[2026-09-28T02:16:32.546+0000] {logging_mixin.py:149} INFO - [2026-09-28T02:16:32.546+0000] {dagbag.py:541} INFO - Filling up the DagBag from /home/airflow/.local/lib/python3.7/site-packages/airflow/example_dags/example_time_delta_sensor_async.py
[2026-09-28T02:16:32.555+0000] {processor.py:809} INFO - DAG(s) dict_keys(['example_time_delta_sensor_async']) retrieved from /home/airflow/.local/lib/python3.7/site-packages/airflow/example_dags/example_time_delta_sensor_async.py
[2026-09-28T02:16:32.608+0000] {logging_mixin.py:149} INFO - [2026-09-28T02:16:32.607+0000] {dag.py:2726} INFO - Sync 1 DAGs
[2026-09-28T02:16:32.655+0000] {logging_mixin.py:149} INFO - [2026-09-28T02:16:32.654+0000] {dag.py:3490} INFO - Setting next_dagrun for example_time_delta_sensor_async to None, run_after=None
[2026-09-28T02:16:32.687+0000] {processor.py:178} INFO - Processing /home/airflow/.local/lib/python3.7/site-packages/airflow/example_dags/example_time_delta_sensor_async.py took 0.152 seconds
[2026-09-28T02:17:04.141+0000] {processor.py:156} INFO - Started process (PID=42711) to work on /home/airflow/.local/lib/python3.7/site-packages/airflow/example_dags/example_time_delta_sensor_async.py
[2026-09-28T02:17:04.143+0000] {processor.py:799} INFO - Processing file /home/airflow/.local/lib/python3.7/site-packages/airflow/example_dags/example_time_delta_sensor_async.py for tasks to queue
[2026-09-28T02:17:04.145+0000] {logging_mixin.py:149} INFO - [2026-09-28T02:17:04.144+0000] {dagbag.py:541} INFO - Filling up the DagBag from /home/airflow/.local/lib/python3.7/site-packages/airflow/example_dags/example_time_delta_sensor_async.py
[2026-09-28T02:17:04.154+0000] {processor.py:809} INFO - DAG(s) dict_keys(['example_time_delta_sensor_async']) retrieved from /home/airflow/.local/lib/python3.7/site-packages/airflow/example_dags/example_time_delta_sensor_async.py
[2026-09-28T02:17:04.205+0000] {logging_mixin.py:149} INFO - [2026-09-28T02:17:04.205+0000] {dag.py:2726} INFO - Sync 1 DAGs
[2026-09-28T02:17:04.252+0000] {logging_mixin.py:149} INFO - [2026-09-28T02:17:04.251+0000] {dag.py:3490} INFO - Setting next_dagrun for example_time_delta_sensor_async to None, run_after=None
[2026-09-28T02:17:04.299+0000] {processor.py:178} INFO - Processing /home/airflow/.local/lib/python3.7/site-packages/airflow/example_dags/example_time_delta_sensor_async.py took 0.165 seconds
[2026-09-28T02:17:34.753+0000] {processor.py:156} INFO - Started process (PID=42771) to work on /home/airflow/.local/lib/python3.7/site-packages/airflow/example_dags/example_time_delta_sensor_async.py
[2026-09-28T02:17:34.755+0000] {processor.py:799} INFO - Processing file /home/airflow/.local/lib/python3.7/site-packages/airflow/example_dags/example_time_delta_sensor_async.py for tasks to queue
[2026-09-28T02:17:34.757+0000] {logging_mixin.py:149} INFO - [2026-09-28T02:17:34.756+0000] {dagbag.py:541} INFO - Filling up the DagBag from /home/airflow/.local/lib/python3.7/site-packages/airflow/example_dags/example_time_delta_sensor_async.py
[2026-09-28T02:17:34.766+0000] {processor.py:809} INFO - DAG(s) dict_keys(['example_time_delta_sensor_async']) retrieved from /home/airflow/.local/lib/python3.7/site-packages/airflow/example_dags/example_time_delta_sensor_async.py
[2026-09-28T02:17:34.818+0000] {logging_mixin.py:149} INFO - [2026-09-28T02:17:34.817+0000] {dag.py:2726} INFO - Sync 1 DAGs
[2026-09-28T02:17:34.867+0000] {logging_mixin.py:149} INFO - [2026-09-28T02:17:34.867+0000] {dag.py:3490} INFO - Setting next_dagrun for example_time_delta_sensor_async to None, run_after=None
[2026-09-28T02:17:34.905+0000] {processor.py:178} INFO - Processing /home/airflow/.local/lib/python3.7/site-packages/airflow/example_dags/example_time_delta_sensor_async.py took 0.158 seconds
[2026-09-28T02:18:05.070+0000] {processor.py:156} INFO - Started process (PID=42831) to work on /home/airflow/.local/lib/python3.7/site-packages/airflow/example_dags/example_time_delta_sensor_async.py
[2026-09-28T02:18:05.072+0000] {processor.py:799} INFO - Processing file /home/airflow/.local/lib/python3.7/site-packages/airflow/example_dags/example_time_delta_sensor_async.py for tasks to queue
[2026-09-28T02:18:05.073+0000] {logging_mixin.py:149} INFO - [2026-09-28T02:18:05.073+0000] {dagbag.py:541} INFO - Filling up the DagBag from /home/airflow/.local/lib/python3.7/site-packages/airflow/example_dags/example_time_delta_sensor_async.py
[2026-09-28T02:18:05.081+0000] {processor.py:809} INFO - DAG(s) dict_keys(['example_time_delta_sensor_async']) retrieved from /home/airflow/.local/lib/python3.7/site-packages/airflow/example_dags/example_time_delta_sensor_async.py
[2026-09-28T02:18:05.124+0000] {logging_mixin.py:149} INFO - [2026-09-28T02:18:05.124+0000] {dag.py:2726} INFO - Sync 1 DAGs
[2026-09-28T02:18:05.168+0000] {logging_mixin.py:149} INFO - [2026-09-28T02:18:05.168+0000] {dag.py:3490} INFO - Setting next_dagrun for example_time_delta_sensor_async to None, run_after=None
[2026-09-28T02:18:05.202+0000] {processor.py:178} INFO - Processing /home/airflow/.local/lib/python3.7/site-packages/airflow/example_dags/example_time_delta_sensor_async.py took 0.140 seconds
[2026-09-28T02:18:35.384+0000] {processor.py:156} INFO - Started process (PID=42890) to work on /home/airflow/.local/lib/python3.7/site-packages/airflow/example_dags/example_time_delta_sensor_async.py
[2026-09-28T02:18:35.386+0000] {processor.py:799} INFO - Processing file /home/airflow/.local/lib/python3.7/site-packages/airflow/example_dags/example_time_delta_sensor_async.py for tasks to queue
[2026-09-28T02:18:35.387+0000] {logging_mixin.py:149} INFO - [2026-09-28T02:18:35.387+0000] {dagbag.py:541} INFO - Filling up the DagBag from /home/airflow/.local/lib/python3.7/site-packages/airflow/example_dags/example_time_delta_sensor_async.py
[2026-09-28T02:18:35.396+0000] {processor.py:809} INFO - DAG(s) dict_keys(['example_time_delta_sensor_async']) retrieved from /home/airflow/.local/lib/python3.7/site-packages/airflow/example_dags/example_time_delta_sensor_async.py
[2026-09-28T02:18:35.446+0000] {logging_mixin.py:149} INFO - [2026-09-28T02:18:35.445+0000] {dag.py:2726} INFO - Sync 1 DAGs
[2026-09-28T02:18:35.494+0000] {logging_mixin.py:149} INFO - [2026-09-28T02:18:35.493+0000] {dag.py:3490} INFO - Setting next_dagrun for example_time_delta_sensor_async to None, run_after=None
[2026-09-28T02:18:35.525+0000] {processor.py:178} INFO - Processing /home/airflow/.local/lib/python3.7/site-packages/airflow/example_dags/example_time_delta_sensor_async.py took 0.148 seconds
[2026-09-28T02:19:05.900+0000] {processor.py:156} INFO - Started process (PID=42950) to work on /home/airflow/.local/lib/python3.7/site-packages/airflow/example_dags/example_time_delta_sensor_async.py
[2026-09-28T02:19:05.905+0000] {processor.py:799} INFO - Processing file /home/airflow/.local/lib/python3.7/site-packages/airflow/example_dags/example_time_delta_sensor_async.py for tasks to queue
[2026-09-28T02:19:05.906+0000] {logging_mixin.py:149} INFO - [2026-09-28T02:19:05.905+0000] {dagbag.py:541} INFO - Filling up the DagBag from /home/airflow/.local/lib/python3.7/site-packages/airflow/example_dags/example_time_delta_sensor_async.py
[2026-09-28T02:19:05.912+0000] {processor.py:809} INFO - DAG(s) dict_keys(['example_time_delta_sensor_async']) retrieved from /home/airflow/.local/lib/python3.7/site-packages/airflow/example_dags/example_time_delta_sensor_async.py
[2026-09-28T02:19:05.959+0000] {logging_mixin.py:149} INFO - [2026-09-28T02:19:05.959+0000] {dag.py:2726} INFO - Sync 1 DAGs
[2026-09-28T02:19:06.002+0000] {logging_mixin.py:149} INFO - [2026-09-28T02:19:06.002+0000] {dag.py:3490} INFO - Setting next_dagrun for example_time_delta_sensor_async to None, run_after=None
[2026-09-28T02:19:06.035+0000] {processor.py:178} INFO - Processing /home/airflow/.local/lib/python3.7/site-packages/airflow/example_dags/example_time_delta_sensor_async.py took 0.140 seconds
[2026-09-28T02:19:36.527+0000] {processor.py:156} INFO - Started process (PID=43009) to work on /home/airflow/.local/lib/python3.7/site-packages/airflow/example_dags/example_time_delta_sensor_async.py
[2026-09-28T02:19:36.529+0000] {processor.py:799} INFO - Processing file /home/airflow/.local/lib/python3.7/site-packages/airflow/example_dags/example_time_delta_sensor_async.py for tasks to queue
[2026-09-28T02:19:36.530+0000] {logging_mixin.py:149} INFO - [2026-09-28T02:19:36.530+0000] {dagbag.py:541} INFO - Filling up the DagBag from /home/airflow/.local/lib/python3.7/site-packages/airflow/example_dags/example_time_delta_sensor_async.py
[2026-09-28T02:19:36.540+0000] {processor.py:809} INFO - DAG(s) dict_keys(['example_time_delta_sensor_async']) retrieved from /home/airflow/.local/lib/python3.7/site-packages/airflow/example_dags/example_time_delta_sensor_async.py
[2026-09-28T02:19:36.587+0000] {logging_mixin.py:149} INFO - [2026-09-28T02:19:36.587+0000] {dag.py:2726} INFO - Sync 1 DAGs
[2026-09-28T02:19:36.629+0000] {logging_mixin.py:149} INFO - [2026-09-28T02:19:36.628+0000] {dag.py:3490} INFO - Setting next_dagrun for example_time_delta_sensor_async to None, run_after=None
[2026-09-28T02:19:36.657+0000] {processor.py:178} INFO - Processing /home/airflow/.local/lib/python3.7/site-packages/airflow/example_dags/example_time_delta_sensor_async.py took 0.136 seconds
[2026-09-28T02:20:07.528+0000] {processor.py:156} INFO - Started process (PID=43068) to work on /home/airflow/.local/lib/python3.7/site-packages/airflow/example_dags/example_time_delta_sensor_async.py
[2026-09-28T02:20:07.530+0000] {processor.py:799} INFO - Processing file /home/airflow/.local/lib/python3.7/site-packages/airflow/example_dags/example_time_delta_sensor_async.py for tasks to queue
[2026-09-28T02:20:07.531+0000] {logging_mixin.py:149} INFO - [2026-09-28T02:20:07.531+0000] {dagbag.py:541} INFO - Filling up the DagBag from /home/airflow/.local/lib/python3.7/site-packages/airflow/example_dags/example_time_delta_sensor_async.py
[2026-09-28T02:20:07.540+0000] {processor.py:809} INFO - DAG(s) dict_keys(['example_time_delta_sensor_async']) retrieved from /home/airflow/.local/lib/python3.7/site-packages/airflow/example_dags/example_time_delta_sensor_async.py
[2026-09-28T02:20:07.590+0000] {logging_mixin.py:149} INFO - [2026-09-28T02:20:07.590+0000] {dag.py:2726} INFO - Sync 1 DAGs
[2026-09-28T02:20:07.641+0000] {logging_mixin.py:149} INFO - [2026-09-28T02:20:07.641+0000] {dag.py:3490} INFO - Setting next_dagrun for example_time_delta_sensor_async to None, run_after=None
[2026-09-28T02:20:07.684+0000] {processor.py:178} INFO - Processing /home/airflow/.local/lib/python3.7/site-packages/airflow/example_dags/example_time_delta_sensor_async.py took 0.163 seconds
[2026-09-28T02:20:38.097+0000] {processor.py:156} INFO - Started process (PID=43127) to work on /home/airflow/.local/lib/python3.7/site-packages/airflow/example_dags/example_time_delta_sensor_async.py
[2026-09-28T02:20:38.099+0000] {processor.py:799} INFO - Processing file /home/airflow/.local/lib/python3.7/site-packages/airflow/example_dags/example_time_delta_sensor_async.py for tasks to queue
[2026-09-28T02:20:38.100+0000] {logging_mixin.py:149} INFO - [2026-09-28T02:20:38.099+0000] {dagbag.py:541} INFO - Filling up the DagBag from /home/airflow/.local/lib/python3.7/site-packages/airflow/example_dags/example_time_delta_sensor_async.py
[2026-09-28T02:20:38.107+0000] {processor.py:809} INFO - DAG(s) dict_keys(['example_time_delta_sensor_async']) retrieved from /home/airflow/.local/lib/python3.7/site-packages/airflow/example_dags/example_time_delta_sensor_async.py
[2026-09-28T02:20:38.153+0000] {logging_mixin.py:149} INFO - [2026-09-28T02:20:38.152+0000] {dag.py:2726} INFO - Sync 1 DAGs
[2026-09-28T02:20:38.198+0000] {logging_mixin.py:149} INFO - [2026-09-28T02:20:38.198+0000] {dag.py:3490} INFO - Setting next_dagrun for example_time_delta_sensor_async to None, run_after=None
[2026-09-28T02:20:38.231+0000] {processor.py:178} INFO - Processing /home/airflow/.local/lib/python3.7/site-packages/airflow/example_dags/example_time_delta_sensor_async.py took 0.142 seconds
[2026-09-28T02:21:08.950+0000] {processor.py:156} INFO - Started process (PID=43186) to work on /home/airflow/.local/lib/python3.7/site-packages/airflow/example_dags/example_time_delta_sensor_async.py
[2026-09-28T02:21:08.952+0000] {processor.py:799} INFO - Processing file /home/airflow/.local/lib/python3.7/site-packages/airflow/example_dags/example_time_delta_sensor_async.py for tasks to queue
[2026-09-28T02:21:08.953+0000] {logging_mixin.py:149} INFO - [2026-09-28T02:21:08.953+0000] {dagbag.py:541} INFO - Filling up the DagBag from /home/airflow/.local/lib/python3.7/site-packages/airflow/example_dags/example_time_delta_sensor_async.py
[2026-09-28T02:21:08.961+0000] {processor.py:809} INFO - DAG(s) dict_keys(['example_time_delta_sensor_async']) retrieved from /home/airflow/.local/lib/python3.7/site-packages/airflow/example_dags/example_time_delta_sensor_async.py
[2026-09-28T02:21:09.007+0000] {logging_mixin.py:149} INFO - [2026-09-28T02:21:09.007+0000] {dag.py:2726} INFO - Sync 1 DAGs
[2026-09-28T02:21:09.048+0000] {logging_mixin.py:149} INFO - [2026-09-28T02:21:09.048+0000] {dag.py:3490} INFO - Setting next_dagrun for example_time_delta_sensor_async to None, run_after=None
[2026-09-28T02:21:09.083+0000] {processor.py:178} INFO - Processing /home/airflow/.local/lib/python3.7/site-packages/airflow/example_dags/example_time_delta_sensor_async.py took 0.141 seconds
[2026-09-28T02:21:39.671+0000] {processor.py:156} INFO - Started process (PID=43245) to work on /home/airflow/.local/lib/python3.7/site-packages/airflow/example_dags/example_time_delta_sensor_async.py
[2026-09-28T02:21:39.678+0000] {processor.py:799} INFO - Processing file /home/airflow/.local/lib/python3.7/site-packages/airflow/example_dags/example_time_delta_sensor_async.py for tasks to queue
[2026-09-28T02:21:39.679+0000] {logging_mixin.py:149} INFO - [2026-09-28T02:21:39.679+0000] {dagbag.py:541} INFO - Filling up the DagBag from /home/airflow/.local/lib/python3.7/site-packages/airflow/example_dags/example_time_delta_sensor_async.py
[2026-09-28T02:21:39.689+0000] {processor.py:809} INFO - DAG(s) dict_keys(['example_time_delta_sensor_async']) retrieved from /home/airflow/.local/lib/python3.7/site-packages/airflow/example_dags/example_time_delta_sensor_async.py
[2026-09-28T02:21:39.743+0000] {logging_mixin.py:149} INFO - [2026-09-28T02:21:39.742+0000] {dag.py:2726} INFO - Sync 1 DAGs
[2026-09-28T02:21:39.792+0000] {logging_mixin.py:149} INFO - [2026-09-28T02:21:39.792+0000] {dag.py:3490} INFO - Setting next_dagrun for example_time_delta_sensor_async to None, run_after=None
[2026-09-28T02:21:39.829+0000] {processor.py:178} INFO - Processing /home/airflow/.local/lib/python3.7/site-packages/airflow/example_dags/example_time_delta_sensor_async.py took 0.164 seconds
[2026-09-28T02:22:10.307+0000] {processor.py:156} INFO - Started process (PID=43304) to work on /home/airflow/.local/lib/python3.7/site-packages/airflow/example_dags/example_time_delta_sensor_async.py
[2026-09-28T02:22:10.312+0000] {processor.py:799} INFO - Processing file /home/airflow/.local/lib/python3.7/site-packages/airflow/example_dags/example_time_delta_sensor_async.py for tasks to queue
[2026-09-28T02:22:10.313+0000] {logging_mixin.py:149} INFO - [2026-09-28T02:22:10.313+0000] {dagbag.py:541} INFO - Filling up the DagBag from /home/airflow/.local/lib/python3.7/site-packages/airflow/example_dags/example_time_delta_sensor_async.py
[2026-09-28T02:22:10.320+0000] {processor.py:809} INFO - DAG(s) dict_keys(['example_time_delta_sensor_async']) retrieved from /home/airflow/.local/lib/python3.7/site-packages/airflow/example_dags/example_time_delta_sensor_async.py
[2026-09-28T02:22:10.362+0000] {logging_mixin.py:149} INFO - [2026-09-28T02:22:10.362+0000] {dag.py:2726} INFO - Sync 1 DAGs
[2026-09-28T02:22:10.415+0000] {logging_mixin.py:149} INFO - [2026-09-28T02:22:10.415+0000] {dag.py:3490} INFO - Setting next_dagrun for example_time_delta_sensor_async to None, run_after=None
[2026-09-28T02:22:10.448+0000] {processor.py:178} INFO - Processing /home/airflow/.local/lib/python3.7/site-packages/airflow/example_dags/example_time_delta_sensor_async.py took 0.146 seconds
[2026-09-28T02:22:41.185+0000] {processor.py:156} INFO - Started process (PID=43363) to work on /home/airflow/.local/lib/python3.7/site-packages/airflow/example_dags/example_time_delta_sensor_async.py
[2026-09-28T02:22:41.187+0000] {processor.py:799} INFO - Processing file /home/airflow/.local/lib/python3.7/site-packages/airflow/example_dags/example_time_delta_sensor_async.py for tasks to queue
[2026-09-28T02:22:41.188+0000] {logging_mixin.py:149} INFO - [2026-09-28T02:22:41.188+0000] {dagbag.py:541} INFO - Filling up the DagBag from /home/airflow/.local/lib/python3.7/site-packages/airflow/example_dags/example_time_delta_sensor_async.py
[2026-09-28T02:22:41.195+0000] {processor.py:809} INFO - DAG(s) dict_keys(['example_time_delta_sensor_async']) retrieved from /home/airflow/.local/lib/python3.7/site-packages/airflow/example_dags/example_time_delta_sensor_async.py
[2026-09-28T02:22:41.237+0000] {logging_mixin.py:149} INFO - [2026-09-28T02:22:41.237+0000] {dag.py:2726} INFO - Sync 1 DAGs
[2026-09-28T02:22:41.281+0000] {logging_mixin.py:149} INFO - [2026-09-28T02:22:41.281+0000] {dag.py:3490} INFO - Setting next_dagrun for example_time_delta_sensor_async to None, run_after=None
[2026-09-28T02:22:41.312+0000] {processor.py:178} INFO - Processing /home/airflow/.local/lib/python3.7/site-packages/airflow/example_dags/example_time_delta_sensor_async.py took 0.134 seconds
[2026-09-28T02:23:11.742+0000] {processor.py:156} INFO - Started process (PID=43422) to work on /home/airflow/.local/lib/python3.7/site-packages/airflow/example_dags/example_time_delta_sensor_async.py
[2026-09-28T02:23:11.744+0000] {processor.py:799} INFO - Processing file /home/airflow/.local/lib/python3.7/site-packages/airflow/example_dags/example_time_delta_sensor_async.py for tasks to queue
[2026-09-28T02:23:11.746+0000] {logging_mixin.py:149} INFO - [2026-09-28T02:23:11.745+0000] {dagbag.py:541} INFO - Filling up the DagBag from /home/airflow/.local/lib/python3.7/site-packages/airflow/example_dags/example_time_delta_sensor_async.py
[2026-09-28T02:23:11.754+0000] {processor.py:809} INFO - DAG(s) dict_keys(['example_time_delta_sensor_async']) retrieved from /home/airflow/.local/lib/python3.7/site-packages/airflow/example_dags/example_time_delta_sensor_async.py
[2026-09-28T02:23:11.812+0000] {logging_mixin.py:149} INFO - [2026-09-28T02:23:11.812+0000] {dag.py:2726} INFO - Sync 1 DAGs
[2026-09-28T02:23:11.860+0000] {logging_mixin.py:149} INFO - [2026-09-28T02:23:11.860+0000] {dag.py:3490} INFO - Setting next_dagrun for example_time_delta_sensor_async to None, run_after=None
[2026-09-28T02:23:11.894+0000] {processor.py:178} INFO - Processing /home/airflow/.local/lib/python3.7/site-packages/airflow/example_dags/example_time_delta_sensor_async.py took 0.158 seconds
[2026-09-28T02:23:42.420+0000] {processor.py:156} INFO - Started process (PID=43482) to work on /home/airflow/.local/lib/python3.7/site-packages/airflow/example_dags/example_time_delta_sensor_async.py
[2026-09-28T02:23:42.421+0000] {processor.py:799} INFO - Processing file /home/airflow/.local/lib/python3.7/site-packages/airflow/example_dags/example_time_delta_sensor_async.py for tasks to queue
[2026-09-28T02:23:42.422+0000] {logging_mixin.py:149} INFO - [2026-09-28T02:23:42.422+0000] {dagbag.py:541} INFO - Filling up the DagBag from /home/airflow/.local/lib/python3.7/site-packages/airflow/example_dags/example_time_delta_sensor_async.py
[2026-09-28T02:23:42.431+0000] {processor.py:809} INFO - DAG(s) dict_keys(['example_time_delta_sensor_async']) retrieved from /home/airflow/.local/lib/python3.7/site-packages/airflow/example_dags/example_time_delta_sensor_async.py
[2026-09-28T02:23:42.477+0000] {logging_mixin.py:149} INFO - [2026-09-28T02:23:42.477+0000] {dag.py:2726} INFO - Sync 1 DAGs
[2026-09-28T02:23:42.524+0000] {logging_mixin.py:149} INFO - [2026-09-28T02:23:42.524+0000] {dag.py:3490} INFO - Setting next_dagrun for example_time_delta_sensor_async to None, run_after=None
[2026-09-28T02:23:42.556+0000] {processor.py:178} INFO - Processing /home/airflow/.local/lib/python3.7/site-packages/airflow/example_dags/example_time_delta_sensor_async.py took 0.146 seconds
[2026-09-28T02:24:13.424+0000] {processor.py:156} INFO - Started process (PID=43541) to work on /home/airflow/.local/lib/python3.7/site-packages/airflow/example_dags/example_time_delta_sensor_async.py
[2026-09-28T02:24:13.426+0000] {processor.py:799} INFO - Processing file /home/airflow/.local/lib/python3.7/site-packages/airflow/example_dags/example_time_delta_sensor_async.py for tasks to queue
[2026-09-28T02:24:13.427+0000] {logging_mixin.py:149} INFO - [2026-09-28T02:24:13.427+0000] {dagbag.py:541} INFO - Filling up the DagBag from /home/airflow/.local/lib/python3.7/site-packages/airflow/example_dags/example_time_delta_sensor_async.py
[2026-09-28T02:24:13.436+0000] {processor.py:809} INFO - DAG(s) dict_keys(['example_time_delta_sensor_async']) retrieved from /home/airflow/.local/lib/python3.7/site-packages/airflow/example_dags/example_time_delta_sensor_async.py
[2026-09-28T02:24:13.485+0000] {logging_mixin.py:149} INFO - [2026-09-28T02:24:13.484+0000] {dag.py:2726} INFO - Sync 1 DAGs
[2026-09-28T02:24:13.536+0000] {logging_mixin.py:149} INFO - [2026-09-28T02:24:13.536+0000] {dag.py:3490} INFO - Setting next_dagrun for example_time_delta_sensor_async to None, run_after=None
[2026-09-28T02:24:13.566+0000] {processor.py:178} INFO - Processing /home/airflow/.local/lib/python3.7/site-packages/airflow/example_dags/example_time_delta_sensor_async.py took 0.149 seconds
[2026-09-28T02:24:43.680+0000] {processor.py:156} INFO - Started process (PID=43600) to work on /home/airflow/.local/lib/python3.7/site-packages/airflow/example_dags/example_time_delta_sensor_async.py
[2026-09-28T02:24:43.682+0000] {processor.py:799} INFO - Processing file /home/airflow/.local/lib/python3.7/site-packages/airflow/example_dags/example_time_delta_sensor_async.py for tasks to queue
[2026-09-28T02:24:43.683+0000] {logging_mixin.py:149} INFO - [2026-09-28T02:24:43.683+0000] {dagbag.py:541} INFO - Filling up the DagBag from /home/airflow/.local/lib/python3.7/site-packages/airflow/example_dags/example_time_delta_sensor_async.py
[2026-09-28T02:24:43.692+0000] {processor.py:809} INFO - DAG(s) dict_keys(['example_time_delta_sensor_async']) retrieved from /home/airflow/.local/lib/python3.7/site-packages/airflow/example_dags/example_time_delta_sensor_async.py
[2026-09-28T02:24:43.736+0000] {logging_mixin.py:149} INFO - [2026-09-28T02:24:43.736+0000] {dag.py:2726} INFO - Sync 1 DAGs
[2026-09-28T02:24:43.783+0000] {logging_mixin.py:149} INFO - [2026-09-28T02:24:43.783+0000] {dag.py:3490} INFO - Setting next_dagrun for example_time_delta_sensor_async to None, run_after=None
[2026-09-28T02:24:43.817+0000] {processor.py:178} INFO - Processing /home/airflow/.local/lib/python3.7/site-packages/airflow/example_dags/example_time_delta_sensor_async.py took 0.142 seconds
[2026-09-28T02:25:14.243+0000] {processor.py:156} INFO - Started process (PID=43659) to work on /home/airflow/.local/lib/python3.7/site-packages/airflow/example_dags/example_time_delta_sensor_async.py
[2026-09-28T02:25:14.245+0000] {processor.py:799} INFO - Processing file /home/airflow/.local/lib/python3.7/site-packages/airflow/example_dags/example_time_delta_sensor_async.py for tasks to queue
[2026-09-28T02:25:14.246+0000] {logging_mixin.py:149} INFO - [2026-09-28T02:25:14.246+0000] {dagbag.py:541} INFO - Filling up the DagBag from /home/airflow/.local/lib/python3.7/site-packages/airflow/example_dags/example_time_delta_sensor_async.py
[2026-09-28T02:25:14.256+0000] {processor.py:809} INFO - DAG(s) dict_keys(['example_time_delta_sensor_async']) retrieved from /home/airflow/.local/lib/python3.7/site-packages/airflow/example_dags/example_time_delta_sensor_async.py
[2026-09-28T02:25:14.306+0000] {logging_mixin.py:149} INFO - [2026-09-28T02:25:14.306+0000] {dag.py:2726} INFO - Sync 1 DAGs
[2026-09-28T02:25:14.351+0000] {logging_mixin.py:149} INFO - [2026-09-28T02:25:14.350+0000] {dag.py:3490} INFO - Setting next_dagrun for example_time_delta_sensor_async to None, run_after=None
[2026-09-28T02:25:14.387+0000] {processor.py:178} INFO - Processing /home/airflow/.local/lib/python3.7/site-packages/airflow/example_dags/example_time_delta_sensor_async.py took 0.150 seconds
[2026-09-28T02:25:45.017+0000] {processor.py:156} INFO - Started process (PID=43718) to work on /home/airflow/.local/lib/python3.7/site-packages/airflow/example_dags/example_time_delta_sensor_async.py
[2026-09-28T02:25:45.019+0000] {processor.py:799} INFO - Processing file /home/airflow/.local/lib/python3.7/site-packages/airflow/example_dags/example_time_delta_sensor_async.py for tasks to queue
[2026-09-28T02:25:45.021+0000] {logging_mixin.py:149} INFO - [2026-09-28T02:25:45.021+0000] {dagbag.py:541} INFO - Filling up the DagBag from /home/airflow/.local/lib/python3.7/site-packages/airflow/example_dags/example_time_delta_sensor_async.py
[2026-09-28T02:25:45.028+0000] {processor.py:809} INFO - DAG(s) dict_keys(['example_time_delta_sensor_async']) retrieved from /home/airflow/.local/lib/python3.7/site-packages/airflow/example_dags/example_time_delta_sensor_async.py
[2026-09-28T02:25:45.073+0000] {logging_mixin.py:149} INFO - [2026-09-28T02:25:45.073+0000] {dag.py:2726} INFO - Sync 1 DAGs
[2026-09-28T02:25:45.115+0000] {logging_mixin.py:149} INFO - [2026-09-28T02:25:45.115+0000] {dag.py:3490} INFO - Setting next_dagrun for example_time_delta_sensor_async to None, run_after=None
[2026-09-28T02:25:45.147+0000] {processor.py:178} INFO - Processing /home/airflow/.local/lib/python3.7/site-packages/airflow/example_dags/example_time_delta_sensor_async.py took 0.137 seconds
[2026-09-28T02:26:15.662+0000] {processor.py:156} INFO - Started process (PID=43777) to work on /home/airflow/.local/lib/python3.7/site-packages/airflow/example_dags/example_time_delta_sensor_async.py
[2026-09-28T02:26:15.664+0000] {processor.py:799} INFO - Processing file /home/airflow/.local/lib/python3.7/site-packages/airflow/example_dags/example_time_delta_sensor_async.py for tasks to queue
[2026-09-28T02:26:15.665+0000] {logging_mixin.py:149} INFO - [2026-09-28T02:26:15.665+0000] {dagbag.py:541} INFO - Filling up the DagBag from /home/airflow/.local/lib/python3.7/site-packages/airflow/example_dags/example_time_delta_sensor_async.py
[2026-09-28T02:26:15.674+0000] {processor.py:809} INFO - DAG(s) dict_keys(['example_time_delta_sensor_async']) retrieved from /home/airflow/.local/lib/python3.7/site-packages/airflow/example_dags/example_time_delta_sensor_async.py
[2026-09-28T02:26:15.721+0000] {logging_mixin.py:149} INFO - [2026-09-28T02:26:15.720+0000] {dag.py:2726} INFO - Sync 1 DAGs
[2026-09-28T02:26:15.764+0000] {logging_mixin.py:149} INFO - [2026-09-28T02:26:15.763+0000] {dag.py:3490} INFO - Setting next_dagrun for example_time_delta_sensor_async to None, run_after=None
[2026-09-28T02:26:15.796+0000] {processor.py:178} INFO - Processing /home/airflow/.local/lib/python3.7/site-packages/airflow/example_dags/example_time_delta_sensor_async.py took 0.141 seconds
[2026-09-28T02:26:46.344+0000] {processor.py:156} INFO - Started process (PID=43836) to work on /home/airflow/.local/lib/python3.7/site-packages/airflow/example_dags/example_time_delta_sensor_async.py
[2026-09-28T02:26:46.346+0000] {processor.py:799} INFO - Processing file /home/airflow/.local/lib/python3.7/site-packages/airflow/example_dags/example_time_delta_sensor_async.py for tasks to queue
[2026-09-28T02:26:46.347+0000] {logging_mixin.py:149} INFO - [2026-09-28T02:26:46.347+0000] {dagbag.py:541} INFO - Filling up the DagBag from /home/airflow/.local/lib/python3.7/site-packages/airflow/example_dags/example_time_delta_sensor_async.py
[2026-09-28T02:26:46.355+0000] {processor.py:809} INFO - DAG(s) dict_keys(['example_time_delta_sensor_async']) retrieved from /home/airflow/.local/lib/python3.7/site-packages/airflow/example_dags/example_time_delta_sensor_async.py
[2026-09-28T02:26:46.400+0000] {logging_mixin.py:149} INFO - [2026-09-28T02:26:46.399+0000] {dag.py:2726} INFO - Sync 1 DAGs
[2026-09-28T02:26:46.446+0000] {logging_mixin.py:149} INFO - [2026-09-28T02:26:46.446+0000] {dag.py:3490} INFO - Setting next_dagrun for example_time_delta_sensor_async to None, run_after=None
[2026-09-28T02:26:46.475+0000] {processor.py:178} INFO - Processing /home/airflow/.local/lib/python3.7/site-packages/airflow/example_dags/example_time_delta_sensor_async.py took 0.137 seconds
[2026-09-28T02:27:16.820+0000] {processor.py:156} INFO - Started process (PID=43895) to work on /home/airflow/.local/lib/python3.7/site-packages/airflow/example_dags/example_time_delta_sensor_async.py
[2026-09-28T02:27:16.822+0000] {processor.py:799} INFO - Processing file /home/airflow/.local/lib/python3.7/site-packages/airflow/example_dags/example_time_delta_sensor_async.py for tasks to queue
[2026-09-28T02:27:16.823+0000] {logging_mixin.py:149} INFO - [2026-09-28T02:27:16.823+0000] {dagbag.py:541} INFO - Filling up the DagBag from /home/airflow/.local/lib/python3.7/site-packages/airflow/example_dags/example_time_delta_sensor_async.py
[2026-09-28T02:27:16.830+0000] {processor.py:809} INFO - DAG(s) dict_keys(['example_time_delta_sensor_async']) retrieved from /home/airflow/.local/lib/python3.7/site-packages/airflow/example_dags/example_time_delta_sensor_async.py
[2026-09-28T02:27:16.874+0000] {logging_mixin.py:149} INFO - [2026-09-28T02:27:16.874+0000] {dag.py:2726} INFO - Sync 1 DAGs
[2026-09-28T02:27:16.917+0000] {logging_mixin.py:149} INFO - [2026-09-28T02:27:16.917+0000] {dag.py:3490} INFO - Setting next_dagrun for example_time_delta_sensor_async to None, run_after=None
[2026-09-28T02:27:16.948+0000] {processor.py:178} INFO - Processing /home/airflow/.local/lib/python3.7/site-packages/airflow/example_dags/example_time_delta_sensor_async.py took 0.134 seconds
[2026-09-28T02:27:47.427+0000] {processor.py:156} INFO - Started process (PID=43955) to work on /home/airflow/.local/lib/python3.7/site-packages/airflow/example_dags/example_time_delta_sensor_async.py
[2026-09-28T02:27:47.429+0000] {processor.py:799} INFO - Processing file /home/airflow/.local/lib/python3.7/site-packages/airflow/example_dags/example_time_delta_sensor_async.py for tasks to queue
[2026-09-28T02:27:47.430+0000] {logging_mixin.py:149} INFO - [2026-09-28T02:27:47.430+0000] {dagbag.py:541} INFO - Filling up the DagBag from /home/airflow/.local/lib/python3.7/site-packages/airflow/example_dags/example_time_delta_sensor_async.py
[2026-09-28T02:27:47.439+0000] {processor.py:809} INFO - DAG(s) dict_keys(['example_time_delta_sensor_async']) retrieved from /home/airflow/.local/lib/python3.7/site-packages/airflow/example_dags/example_time_delta_sensor_async.py
[2026-09-28T02:27:47.484+0000] {logging_mixin.py:149} INFO - [2026-09-28T02:27:47.483+0000] {dag.py:2726} INFO - Sync 1 DAGs
[2026-09-28T02:27:47.532+0000] {logging_mixin.py:149} INFO - [2026-09-28T02:27:47.532+0000] {dag.py:3490} INFO - Setting next_dagrun for example_time_delta_sensor_async to None, run_after=None
[2026-09-28T02:27:47.571+0000] {processor.py:178} INFO - Processing /home/airflow/.local/lib/python3.7/site-packages/airflow/example_dags/example_time_delta_sensor_async.py took 0.151 seconds
[2026-09-28T02:28:18.569+0000] {processor.py:156} INFO - Started process (PID=44013) to work on /home/airflow/.local/lib/python3.7/site-packages/airflow/example_dags/example_time_delta_sensor_async.py
[2026-09-28T02:28:18.571+0000] {processor.py:799} INFO - Processing file /home/airflow/.local/lib/python3.7/site-packages/airflow/example_dags/example_time_delta_sensor_async.py for tasks to queue
[2026-09-28T02:28:18.575+0000] {logging_mixin.py:149} INFO - [2026-09-28T02:28:18.575+0000] {dagbag.py:541} INFO - Filling up the DagBag from /home/airflow/.local/lib/python3.7/site-packages/airflow/example_dags/example_time_delta_sensor_async.py
[2026-09-28T02:28:18.586+0000] {processor.py:809} INFO - DAG(s) dict_keys(['example_time_delta_sensor_async']) retrieved from /home/airflow/.local/lib/python3.7/site-packages/airflow/example_dags/example_time_delta_sensor_async.py
[2026-09-28T02:28:18.633+0000] {logging_mixin.py:149} INFO - [2026-09-28T02:28:18.632+0000] {dag.py:2726} INFO - Sync 1 DAGs
[2026-09-28T02:28:18.680+0000] {logging_mixin.py:149} INFO - [2026-09-28T02:28:18.680+0000] {dag.py:3490} INFO - Setting next_dagrun for example_time_delta_sensor_async to None, run_after=None
[2026-09-28T02:28:18.715+0000] {processor.py:178} INFO - Processing /home/airflow/.local/lib/python3.7/site-packages/airflow/example_dags/example_time_delta_sensor_async.py took 0.152 seconds
[2026-09-28T02:28:48.848+0000] {processor.py:156} INFO - Started process (PID=44073) to work on /home/airflow/.local/lib/python3.7/site-packages/airflow/example_dags/example_time_delta_sensor_async.py
[2026-09-28T02:28:48.851+0000] {processor.py:799} INFO - Processing file /home/airflow/.local/lib/python3.7/site-packages/airflow/example_dags/example_time_delta_sensor_async.py for tasks to queue
[2026-09-28T02:28:48.852+0000] {logging_mixin.py:149} INFO - [2026-09-28T02:28:48.852+0000] {dagbag.py:541} INFO - Filling up the DagBag from /home/airflow/.local/lib/python3.7/site-packages/airflow/example_dags/example_time_delta_sensor_async.py
[2026-09-28T02:28:48.859+0000] {processor.py:809} INFO - DAG(s) dict_keys(['example_time_delta_sensor_async']) retrieved from /home/airflow/.local/lib/python3.7/site-packages/airflow/example_dags/example_time_delta_sensor_async.py
[2026-09-28T02:28:48.899+0000] {logging_mixin.py:149} INFO - [2026-09-28T02:28:48.898+0000] {dag.py:2726} INFO - Sync 1 DAGs
[2026-09-28T02:28:48.946+0000] {logging_mixin.py:149} INFO - [2026-09-28T02:28:48.945+0000] {dag.py:3490} INFO - Setting next_dagrun for example_time_delta_sensor_async to None, run_after=None
[2026-09-28T02:28:48.981+0000] {processor.py:178} INFO - Processing /home/airflow/.local/lib/python3.7/site-packages/airflow/example_dags/example_time_delta_sensor_async.py took 0.138 seconds
[2026-09-28T02:29:19.168+0000] {processor.py:156} INFO - Started process (PID=44132) to work on /home/airflow/.local/lib/python3.7/site-packages/airflow/example_dags/example_time_delta_sensor_async.py
[2026-09-28T02:29:19.170+0000] {processor.py:799} INFO - Processing file /home/airflow/.local/lib/python3.7/site-packages/airflow/example_dags/example_time_delta_sensor_async.py for tasks to queue
[2026-09-28T02:29:19.171+0000] {logging_mixin.py:149} INFO - [2026-09-28T02:29:19.171+0000] {dagbag.py:541} INFO - Filling up the DagBag from /home/airflow/.local/lib/python3.7/site-packages/airflow/example_dags/example_time_delta_sensor_async.py
[2026-09-28T02:29:19.179+0000] {processor.py:809} INFO - DAG(s) dict_keys(['example_time_delta_sensor_async']) retrieved from /home/airflow/.local/lib/python3.7/site-packages/airflow/example_dags/example_time_delta_sensor_async.py
[2026-09-28T02:29:19.220+0000] {logging_mixin.py:149} INFO - [2026-09-28T02:29:19.219+0000] {dag.py:2726} INFO - Sync 1 DAGs
[2026-09-28T02:29:19.261+0000] {logging_mixin.py:149} INFO - [2026-09-28T02:29:19.261+0000] {dag.py:3490} INFO - Setting next_dagrun for example_time_delta_sensor_async to None, run_after=None
[2026-09-28T02:29:19.293+0000] {processor.py:178} INFO - Processing /home/airflow/.local/lib/python3.7/site-packages/airflow/example_dags/example_time_delta_sensor_async.py took 0.130 seconds
[2026-09-28T02:29:49.364+0000] {processor.py:156} INFO - Started process (PID=44191) to work on /home/airflow/.local/lib/python3.7/site-packages/airflow/example_dags/example_time_delta_sensor_async.py
[2026-09-28T02:29:49.366+0000] {processor.py:799} INFO - Processing file /home/airflow/.local/lib/python3.7/site-packages/airflow/example_dags/example_time_delta_sensor_async.py for tasks to queue
[2026-09-28T02:29:49.368+0000] {logging_mixin.py:149} INFO - [2026-09-28T02:29:49.367+0000] {dagbag.py:541} INFO - Filling up the DagBag from /home/airflow/.local/lib/python3.7/site-packages/airflow/example_dags/example_time_delta_sensor_async.py
[2026-09-28T02:29:49.376+0000] {processor.py:809} INFO - DAG(s) dict_keys(['example_time_delta_sensor_async']) retrieved from /home/airflow/.local/lib/python3.7/site-packages/airflow/example_dags/example_time_delta_sensor_async.py
[2026-09-28T02:29:49.424+0000] {logging_mixin.py:149} INFO - [2026-09-28T02:29:49.424+0000] {dag.py:2726} INFO - Sync 1 DAGs
[2026-09-28T02:29:49.472+0000] {logging_mixin.py:149} INFO - [2026-09-28T02:29:49.471+0000] {dag.py:3490} INFO - Setting next_dagrun for example_time_delta_sensor_async to None, run_after=None
[2026-09-28T02:29:49.501+0000] {processor.py:178} INFO - Processing /home/airflow/.local/lib/python3.7/site-packages/airflow/example_dags/example_time_delta_sensor_async.py took 0.144 seconds
[2026-09-28T02:30:20.205+0000] {processor.py:156} INFO - Started process (PID=44250) to work on /home/airflow/.local/lib/python3.7/site-packages/airflow/example_dags/example_time_delta_sensor_async.py
[2026-09-28T02:30:20.206+0000] {processor.py:799} INFO - Processing file /home/airflow/.local/lib/python3.7/site-packages/airflow/example_dags/example_time_delta_sensor_async.py for tasks to queue
[2026-09-28T02:30:20.208+0000] {logging_mixin.py:149} INFO - [2026-09-28T02:30:20.207+0000] {dagbag.py:541} INFO - Filling up the DagBag from /home/airflow/.local/lib/python3.7/site-packages/airflow/example_dags/example_time_delta_sensor_async.py
[2026-09-28T02:30:20.214+0000] {processor.py:809} INFO - DAG(s) dict_keys(['example_time_delta_sensor_async']) retrieved from /home/airflow/.local/lib/python3.7/site-packages/airflow/example_dags/example_time_delta_sensor_async.py
[2026-09-28T02:30:20.259+0000] {logging_mixin.py:149} INFO - [2026-09-28T02:30:20.258+0000] {dag.py:2726} INFO - Sync 1 DAGs
[2026-09-28T02:30:20.302+0000] {logging_mixin.py:149} INFO - [2026-09-28T02:30:20.301+0000] {dag.py:3490} INFO - Setting next_dagrun for example_time_delta_sensor_async to None, run_after=None
[2026-09-28T02:30:20.333+0000] {processor.py:178} INFO - Processing /home/airflow/.local/lib/python3.7/site-packages/airflow/example_dags/example_time_delta_sensor_async.py took 0.136 seconds
[2026-09-28T02:30:50.699+0000] {processor.py:156} INFO - Started process (PID=44309) to work on /home/airflow/.local/lib/python3.7/site-packages/airflow/example_dags/example_time_delta_sensor_async.py
[2026-09-28T02:30:50.701+0000] {processor.py:799} INFO - Processing file /home/airflow/.local/lib/python3.7/site-packages/airflow/example_dags/example_time_delta_sensor_async.py for tasks to queue
[2026-09-28T02:30:50.702+0000] {logging_mixin.py:149} INFO - [2026-09-28T02:30:50.702+0000] {dagbag.py:541} INFO - Filling up the DagBag from /home/airflow/.local/lib/python3.7/site-packages/airflow/example_dags/example_time_delta_sensor_async.py
[2026-09-28T02:30:50.710+0000] {processor.py:809} INFO - DAG(s) dict_keys(['example_time_delta_sensor_async']) retrieved from /home/airflow/.local/lib/python3.7/site-packages/airflow/example_dags/example_time_delta_sensor_async.py
[2026-09-28T02:30:50.755+0000] {logging_mixin.py:149} INFO - [2026-09-28T02:30:50.755+0000] {dag.py:2726} INFO - Sync 1 DAGs
[2026-09-28T02:30:50.798+0000] {logging_mixin.py:149} INFO - [2026-09-28T02:30:50.798+0000] {dag.py:3490} INFO - Setting next_dagrun for example_time_delta_sensor_async to None, run_after=None
[2026-09-28T02:30:50.830+0000] {processor.py:178} INFO - Processing /home/airflow/.local/lib/python3.7/site-packages/airflow/example_dags/example_time_delta_sensor_async.py took 0.135 seconds
[2026-09-28T02:31:21.950+0000] {processor.py:156} INFO - Started process (PID=44368) to work on /home/airflow/.local/lib/python3.7/site-packages/airflow/example_dags/example_time_delta_sensor_async.py
[2026-09-28T02:31:21.952+0000] {processor.py:799} INFO - Processing file /home/airflow/.local/lib/python3.7/site-packages/airflow/example_dags/example_time_delta_sensor_async.py for tasks to queue
[2026-09-28T02:31:21.953+0000] {logging_mixin.py:149} INFO - [2026-09-28T02:31:21.953+0000] {dagbag.py:541} INFO - Filling up the DagBag from /home/airflow/.local/lib/python3.7/site-packages/airflow/example_dags/example_time_delta_sensor_async.py
[2026-09-28T02:31:21.962+0000] {processor.py:809} INFO - DAG(s) dict_keys(['example_time_delta_sensor_async']) retrieved from /home/airflow/.local/lib/python3.7/site-packages/airflow/example_dags/example_time_delta_sensor_async.py
[2026-09-28T02:31:22.001+0000] {logging_mixin.py:149} INFO - [2026-09-28T02:31:22.001+0000] {dag.py:2726} INFO - Sync 1 DAGs
[2026-09-28T02:31:22.059+0000] {logging_mixin.py:149} INFO - [2026-09-28T02:31:22.058+0000] {dag.py:3490} INFO - Setting next_dagrun for example_time_delta_sensor_async to None, run_after=None
[2026-09-28T02:31:22.097+0000] {processor.py:178} INFO - Processing /home/airflow/.local/lib/python3.7/site-packages/airflow/example_dags/example_time_delta_sensor_async.py took 0.154 seconds
[2026-09-28T02:31:52.522+0000] {processor.py:156} INFO - Started process (PID=44427) to work on /home/airflow/.local/lib/python3.7/site-packages/airflow/example_dags/example_time_delta_sensor_async.py
[2026-09-28T02:31:52.523+0000] {processor.py:799} INFO - Processing file /home/airflow/.local/lib/python3.7/site-packages/airflow/example_dags/example_time_delta_sensor_async.py for tasks to queue
[2026-09-28T02:31:52.524+0000] {logging_mixin.py:149} INFO - [2026-09-28T02:31:52.524+0000] {dagbag.py:541} INFO - Filling up the DagBag from /home/airflow/.local/lib/python3.7/site-packages/airflow/example_dags/example_time_delta_sensor_async.py
[2026-09-28T02:31:52.532+0000] {processor.py:809} INFO - DAG(s) dict_keys(['example_time_delta_sensor_async']) retrieved from /home/airflow/.local/lib/python3.7/site-packages/airflow/example_dags/example_time_delta_sensor_async.py
[2026-09-28T02:31:52.591+0000] {logging_mixin.py:149} INFO - [2026-09-28T02:31:52.590+0000] {dag.py:2726} INFO - Sync 1 DAGs
[2026-09-28T02:31:52.639+0000] {logging_mixin.py:149} INFO - [2026-09-28T02:31:52.639+0000] {dag.py:3490} INFO - Setting next_dagrun for example_time_delta_sensor_async to None, run_after=None
[2026-09-28T02:31:52.668+0000] {processor.py:178} INFO - Processing /home/airflow/.local/lib/python3.7/site-packages/airflow/example_dags/example_time_delta_sensor_async.py took 0.152 seconds
[2026-09-28T02:32:23.801+0000] {processor.py:156} INFO - Started process (PID=44487) to work on /home/airflow/.local/lib/python3.7/site-packages/airflow/example_dags/example_time_delta_sensor_async.py
[2026-09-28T02:32:23.803+0000] {processor.py:799} INFO - Processing file /home/airflow/.local/lib/python3.7/site-packages/airflow/example_dags/example_time_delta_sensor_async.py for tasks to queue
[2026-09-28T02:32:23.804+0000] {logging_mixin.py:149} INFO - [2026-09-28T02:32:23.804+0000] {dagbag.py:541} INFO - Filling up the DagBag from /home/airflow/.local/lib/python3.7/site-packages/airflow/example_dags/example_time_delta_sensor_async.py
[2026-09-28T02:32:23.812+0000] {processor.py:809} INFO - DAG(s) dict_keys(['example_time_delta_sensor_async']) retrieved from /home/airflow/.local/lib/python3.7/site-packages/airflow/example_dags/example_time_delta_sensor_async.py
[2026-09-28T02:32:23.858+0000] {logging_mixin.py:149} INFO - [2026-09-28T02:32:23.857+0000] {dag.py:2726} INFO - Sync 1 DAGs
[2026-09-28T02:32:23.907+0000] {logging_mixin.py:149} INFO - [2026-09-28T02:32:23.907+0000] {dag.py:3490} INFO - Setting next_dagrun for example_time_delta_sensor_async to None, run_after=None
[2026-09-28T02:32:23.938+0000] {processor.py:178} INFO - Processing /home/airflow/.local/lib/python3.7/site-packages/airflow/example_dags/example_time_delta_sensor_async.py took 0.143 seconds
[2026-09-28T02:32:54.185+0000] {processor.py:156} INFO - Started process (PID=44545) to work on /home/airflow/.local/lib/python3.7/site-packages/airflow/example_dags/example_time_delta_sensor_async.py
[2026-09-28T02:32:54.187+0000] {processor.py:799} INFO - Processing file /home/airflow/.local/lib/python3.7/site-packages/airflow/example_dags/example_time_delta_sensor_async.py for tasks to queue
[2026-09-28T02:32:54.189+0000] {logging_mixin.py:149} INFO - [2026-09-28T02:32:54.189+0000] {dagbag.py:541} INFO - Filling up the DagBag from /home/airflow/.local/lib/python3.7/site-packages/airflow/example_dags/example_time_delta_sensor_async.py
[2026-09-28T02:32:54.199+0000] {processor.py:809} INFO - DAG(s) dict_keys(['example_time_delta_sensor_async']) retrieved from /home/airflow/.local/lib/python3.7/site-packages/airflow/example_dags/example_time_delta_sensor_async.py
[2026-09-28T02:32:54.243+0000] {logging_mixin.py:149} INFO - [2026-09-28T02:32:54.243+0000] {dag.py:2726} INFO - Sync 1 DAGs
[2026-09-28T02:32:54.291+0000] {logging_mixin.py:149} INFO - [2026-09-28T02:32:54.290+0000] {dag.py:3490} INFO - Setting next_dagrun for example_time_delta_sensor_async to None, run_after=None
[2026-09-28T02:32:54.323+0000] {processor.py:178} INFO - Processing /home/airflow/.local/lib/python3.7/site-packages/airflow/example_dags/example_time_delta_sensor_async.py took 0.145 seconds
[2026-09-28T02:33:24.401+0000] {processor.py:156} INFO - Started process (PID=44599) to work on /home/airflow/.local/lib/python3.7/site-packages/airflow/example_dags/example_time_delta_sensor_async.py
[2026-09-28T02:33:24.402+0000] {processor.py:799} INFO - Processing file /home/airflow/.local/lib/python3.7/site-packages/airflow/example_dags/example_time_delta_sensor_async.py for tasks to queue
[2026-09-28T02:33:24.404+0000] {logging_mixin.py:149} INFO - [2026-09-28T02:33:24.404+0000] {dagbag.py:541} INFO - Filling up the DagBag from /home/airflow/.local/lib/python3.7/site-packages/airflow/example_dags/example_time_delta_sensor_async.py
[2026-09-28T02:33:24.411+0000] {processor.py:809} INFO - DAG(s) dict_keys(['example_time_delta_sensor_async']) retrieved from /home/airflow/.local/lib/python3.7/site-packages/airflow/example_dags/example_time_delta_sensor_async.py
[2026-09-28T02:33:24.459+0000] {logging_mixin.py:149} INFO - [2026-09-28T02:33:24.458+0000] {dag.py:2726} INFO - Sync 1 DAGs
[2026-09-28T02:33:24.506+0000] {logging_mixin.py:149} INFO - [2026-09-28T02:33:24.506+0000] {dag.py:3490} INFO - Setting next_dagrun for example_time_delta_sensor_async to None, run_after=None
[2026-09-28T02:33:24.537+0000] {processor.py:178} INFO - Processing /home/airflow/.local/lib/python3.7/site-packages/airflow/example_dags/example_time_delta_sensor_async.py took 0.143 seconds
[2026-09-28T02:33:55.519+0000] {processor.py:156} INFO - Started process (PID=44659) to work on /home/airflow/.local/lib/python3.7/site-packages/airflow/example_dags/example_time_delta_sensor_async.py
[2026-09-28T02:33:55.521+0000] {processor.py:799} INFO - Processing file /home/airflow/.local/lib/python3.7/site-packages/airflow/example_dags/example_time_delta_sensor_async.py for tasks to queue
[2026-09-28T02:33:55.522+0000] {logging_mixin.py:149} INFO - [2026-09-28T02:33:55.522+0000] {dagbag.py:541} INFO - Filling up the DagBag from /home/airflow/.local/lib/python3.7/site-packages/airflow/example_dags/example_time_delta_sensor_async.py
[2026-09-28T02:33:55.531+0000] {processor.py:809} INFO - DAG(s) dict_keys(['example_time_delta_sensor_async']) retrieved from /home/airflow/.local/lib/python3.7/site-packages/airflow/example_dags/example_time_delta_sensor_async.py
[2026-09-28T02:33:55.577+0000] {logging_mixin.py:149} INFO - [2026-09-28T02:33:55.577+0000] {dag.py:2726} INFO - Sync 1 DAGs
[2026-09-28T02:33:55.629+0000] {logging_mixin.py:149} INFO - [2026-09-28T02:33:55.629+0000] {dag.py:3490} INFO - Setting next_dagrun for example_time_delta_sensor_async to None, run_after=None
[2026-09-28T02:33:55.659+0000] {processor.py:178} INFO - Processing /home/airflow/.local/lib/python3.7/site-packages/airflow/example_dags/example_time_delta_sensor_async.py took 0.148 seconds
[2026-09-28T02:34:26.474+0000] {processor.py:156} INFO - Started process (PID=44723) to work on /home/airflow/.local/lib/python3.7/site-packages/airflow/example_dags/example_time_delta_sensor_async.py
[2026-09-28T02:34:26.476+0000] {processor.py:799} INFO - Processing file /home/airflow/.local/lib/python3.7/site-packages/airflow/example_dags/example_time_delta_sensor_async.py for tasks to queue
[2026-09-28T02:34:26.477+0000] {logging_mixin.py:149} INFO - [2026-09-28T02:34:26.476+0000] {dagbag.py:541} INFO - Filling up the DagBag from /home/airflow/.local/lib/python3.7/site-packages/airflow/example_dags/example_time_delta_sensor_async.py
[2026-09-28T02:34:26.485+0000] {processor.py:809} INFO - DAG(s) dict_keys(['example_time_delta_sensor_async']) retrieved from /home/airflow/.local/lib/python3.7/site-packages/airflow/example_dags/example_time_delta_sensor_async.py
[2026-09-28T02:34:26.531+0000] {logging_mixin.py:149} INFO - [2026-09-28T02:34:26.530+0000] {dag.py:2726} INFO - Sync 1 DAGs
[2026-09-28T02:34:26.577+0000] {logging_mixin.py:149} INFO - [2026-09-28T02:34:26.576+0000] {dag.py:3490} INFO - Setting next_dagrun for example_time_delta_sensor_async to None, run_after=None
[2026-09-28T02:34:26.609+0000] {processor.py:178} INFO - Processing /home/airflow/.local/lib/python3.7/site-packages/airflow/example_dags/example_time_delta_sensor_async.py took 0.142 seconds
[2026-09-28T02:34:57.065+0000] {processor.py:156} INFO - Started process (PID=44782) to work on /home/airflow/.local/lib/python3.7/site-packages/airflow/example_dags/example_time_delta_sensor_async.py
[2026-09-28T02:34:57.066+0000] {processor.py:799} INFO - Processing file /home/airflow/.local/lib/python3.7/site-packages/airflow/example_dags/example_time_delta_sensor_async.py for tasks to queue
[2026-09-28T02:34:57.067+0000] {logging_mixin.py:149} INFO - [2026-09-28T02:34:57.067+0000] {dagbag.py:541} INFO - Filling up the DagBag from /home/airflow/.local/lib/python3.7/site-packages/airflow/example_dags/example_time_delta_sensor_async.py
[2026-09-28T02:34:57.074+0000] {processor.py:809} INFO - DAG(s) dict_keys(['example_time_delta_sensor_async']) retrieved from /home/airflow/.local/lib/python3.7/site-packages/airflow/example_dags/example_time_delta_sensor_async.py
[2026-09-28T02:34:57.117+0000] {logging_mixin.py:149} INFO - [2026-09-28T02:34:57.117+0000] {dag.py:2726} INFO - Sync 1 DAGs
[2026-09-28T02:34:57.162+0000] {logging_mixin.py:149} INFO - [2026-09-28T02:34:57.162+0000] {dag.py:3490} INFO - Setting next_dagrun for example_time_delta_sensor_async to None, run_after=None
[2026-09-28T02:34:57.192+0000] {processor.py:178} INFO - Processing /home/airflow/.local/lib/python3.7/site-packages/airflow/example_dags/example_time_delta_sensor_async.py took 0.133 seconds
[2026-09-28T02:35:28.050+0000] {processor.py:156} INFO - Started process (PID=44841) to work on /home/airflow/.local/lib/python3.7/site-packages/airflow/example_dags/example_time_delta_sensor_async.py
[2026-09-28T02:35:28.052+0000] {processor.py:799} INFO - Processing file /home/airflow/.local/lib/python3.7/site-packages/airflow/example_dags/example_time_delta_sensor_async.py for tasks to queue
[2026-09-28T02:35:28.053+0000] {logging_mixin.py:149} INFO - [2026-09-28T02:35:28.053+0000] {dagbag.py:541} INFO - Filling up the DagBag from /home/airflow/.local/lib/python3.7/site-packages/airflow/example_dags/example_time_delta_sensor_async.py
[2026-09-28T02:35:28.060+0000] {processor.py:809} INFO - DAG(s) dict_keys(['example_time_delta_sensor_async']) retrieved from /home/airflow/.local/lib/python3.7/site-packages/airflow/example_dags/example_time_delta_sensor_async.py
[2026-09-28T02:35:28.104+0000] {logging_mixin.py:149} INFO - [2026-09-28T02:35:28.104+0000] {dag.py:2726} INFO - Sync 1 DAGs
[2026-09-28T02:35:28.153+0000] {logging_mixin.py:149} INFO - [2026-09-28T02:35:28.153+0000] {dag.py:3490} INFO - Setting next_dagrun for example_time_delta_sensor_async to None, run_after=None
[2026-09-28T02:35:28.188+0000] {processor.py:178} INFO - Processing /home/airflow/.local/lib/python3.7/site-packages/airflow/example_dags/example_time_delta_sensor_async.py took 0.144 seconds
[2026-09-28T02:35:59.131+0000] {processor.py:156} INFO - Started process (PID=44900) to work on /home/airflow/.local/lib/python3.7/site-packages/airflow/example_dags/example_time_delta_sensor_async.py
[2026-09-28T02:35:59.133+0000] {processor.py:799} INFO - Processing file /home/airflow/.local/lib/python3.7/site-packages/airflow/example_dags/example_time_delta_sensor_async.py for tasks to queue
[2026-09-28T02:35:59.134+0000] {logging_mixin.py:149} INFO - [2026-09-28T02:35:59.134+0000] {dagbag.py:541} INFO - Filling up the DagBag from /home/airflow/.local/lib/python3.7/site-packages/airflow/example_dags/example_time_delta_sensor_async.py
[2026-09-28T02:35:59.141+0000] {processor.py:809} INFO - DAG(s) dict_keys(['example_time_delta_sensor_async']) retrieved from /home/airflow/.local/lib/python3.7/site-packages/airflow/example_dags/example_time_delta_sensor_async.py
[2026-09-28T02:35:59.190+0000] {logging_mixin.py:149} INFO - [2026-09-28T02:35:59.190+0000] {dag.py:2726} INFO - Sync 1 DAGs
[2026-09-28T02:35:59.241+0000] {logging_mixin.py:149} INFO - [2026-09-28T02:35:59.241+0000] {dag.py:3490} INFO - Setting next_dagrun for example_time_delta_sensor_async to None, run_after=None
[2026-09-28T02:35:59.273+0000] {processor.py:178} INFO - Processing /home/airflow/.local/lib/python3.7/site-packages/airflow/example_dags/example_time_delta_sensor_async.py took 0.147 seconds
[2026-09-28T02:36:30.081+0000] {processor.py:156} INFO - Started process (PID=44967) to work on /home/airflow/.local/lib/python3.7/site-packages/airflow/example_dags/example_time_delta_sensor_async.py
[2026-09-28T02:36:30.083+0000] {processor.py:799} INFO - Processing file /home/airflow/.local/lib/python3.7/site-packages/airflow/example_dags/example_time_delta_sensor_async.py for tasks to queue
[2026-09-28T02:36:30.084+0000] {logging_mixin.py:149} INFO - [2026-09-28T02:36:30.083+0000] {dagbag.py:541} INFO - Filling up the DagBag from /home/airflow/.local/lib/python3.7/site-packages/airflow/example_dags/example_time_delta_sensor_async.py
[2026-09-28T02:36:30.090+0000] {processor.py:809} INFO - DAG(s) dict_keys(['example_time_delta_sensor_async']) retrieved from /home/airflow/.local/lib/python3.7/site-packages/airflow/example_dags/example_time_delta_sensor_async.py
[2026-09-28T02:36:30.131+0000] {logging_mixin.py:149} INFO - [2026-09-28T02:36:30.130+0000] {dag.py:2726} INFO - Sync 1 DAGs
[2026-09-28T02:36:30.173+0000] {logging_mixin.py:149} INFO - [2026-09-28T02:36:30.173+0000] {dag.py:3490} INFO - Setting next_dagrun for example_time_delta_sensor_async to None, run_after=None
[2026-09-28T02:36:30.202+0000] {processor.py:178} INFO - Processing /home/airflow/.local/lib/python3.7/site-packages/airflow/example_dags/example_time_delta_sensor_async.py took 0.126 seconds
[2026-09-28T02:37:01.022+0000] {processor.py:156} INFO - Started process (PID=45034) to work on /home/airflow/.local/lib/python3.7/site-packages/airflow/example_dags/example_time_delta_sensor_async.py
[2026-09-28T02:37:01.025+0000] {processor.py:799} INFO - Processing file /home/airflow/.local/lib/python3.7/site-packages/airflow/example_dags/example_time_delta_sensor_async.py for tasks to queue
[2026-09-28T02:37:01.026+0000] {logging_mixin.py:149} INFO - [2026-09-28T02:37:01.025+0000] {dagbag.py:541} INFO - Filling up the DagBag from /home/airflow/.local/lib/python3.7/site-packages/airflow/example_dags/example_time_delta_sensor_async.py
[2026-09-28T02:37:01.034+0000] {processor.py:809} INFO - DAG(s) dict_keys(['example_time_delta_sensor_async']) retrieved from /home/airflow/.local/lib/python3.7/site-packages/airflow/example_dags/example_time_delta_sensor_async.py
[2026-09-28T02:37:01.081+0000] {logging_mixin.py:149} INFO - [2026-09-28T02:37:01.080+0000] {dag.py:2726} INFO - Sync 1 DAGs
[2026-09-28T02:37:01.124+0000] {logging_mixin.py:149} INFO - [2026-09-28T02:37:01.124+0000] {dag.py:3490} INFO - Setting next_dagrun for example_time_delta_sensor_async to None, run_after=None
[2026-09-28T02:37:01.157+0000] {processor.py:178} INFO - Processing /home/airflow/.local/lib/python3.7/site-packages/airflow/example_dags/example_time_delta_sensor_async.py took 0.142 seconds
[2026-09-28T02:37:32.266+0000] {processor.py:156} INFO - Started process (PID=45093) to work on /home/airflow/.local/lib/python3.7/site-packages/airflow/example_dags/example_time_delta_sensor_async.py
[2026-09-28T02:37:32.268+0000] {processor.py:799} INFO - Processing file /home/airflow/.local/lib/python3.7/site-packages/airflow/example_dags/example_time_delta_sensor_async.py for tasks to queue
[2026-09-28T02:37:32.269+0000] {logging_mixin.py:149} INFO - [2026-09-28T02:37:32.269+0000] {dagbag.py:541} INFO - Filling up the DagBag from /home/airflow/.local/lib/python3.7/site-packages/airflow/example_dags/example_time_delta_sensor_async.py
[2026-09-28T02:37:32.295+0000] {processor.py:809} INFO - DAG(s) dict_keys(['example_time_delta_sensor_async']) retrieved from /home/airflow/.local/lib/python3.7/site-packages/airflow/example_dags/example_time_delta_sensor_async.py
[2026-09-28T02:37:32.336+0000] {logging_mixin.py:149} INFO - [2026-09-28T02:37:32.335+0000] {dag.py:2726} INFO - Sync 1 DAGs
[2026-09-28T02:37:32.376+0000] {logging_mixin.py:149} INFO - [2026-09-28T02:37:32.376+0000] {dag.py:3490} INFO - Setting next_dagrun for example_time_delta_sensor_async to None, run_after=None
[2026-09-28T02:37:32.403+0000] {processor.py:178} INFO - Processing /home/airflow/.local/lib/python3.7/site-packages/airflow/example_dags/example_time_delta_sensor_async.py took 0.142 seconds
[2026-09-28T02:38:03.574+0000] {processor.py:156} INFO - Started process (PID=45152) to work on /home/airflow/.local/lib/python3.7/site-packages/airflow/example_dags/example_time_delta_sensor_async.py
[2026-09-28T02:38:03.579+0000] {processor.py:799} INFO - Processing file /home/airflow/.local/lib/python3.7/site-packages/airflow/example_dags/example_time_delta_sensor_async.py for tasks to queue
[2026-09-28T02:38:03.580+0000] {logging_mixin.py:149} INFO - [2026-09-28T02:38:03.580+0000] {dagbag.py:541} INFO - Filling up the DagBag from /home/airflow/.local/lib/python3.7/site-packages/airflow/example_dags/example_time_delta_sensor_async.py
[2026-09-28T02:38:03.588+0000] {processor.py:809} INFO - DAG(s) dict_keys(['example_time_delta_sensor_async']) retrieved from /home/airflow/.local/lib/python3.7/site-packages/airflow/example_dags/example_time_delta_sensor_async.py
[2026-09-28T02:38:03.634+0000] {logging_mixin.py:149} INFO - [2026-09-28T02:38:03.633+0000] {dag.py:2726} INFO - Sync 1 DAGs
[2026-09-28T02:38:03.683+0000] {logging_mixin.py:149} INFO - [2026-09-28T02:38:03.683+0000] {dag.py:3490} INFO - Setting next_dagrun for example_time_delta_sensor_async to None, run_after=None
[2026-09-28T02:38:03.713+0000] {processor.py:178} INFO - Processing /home/airflow/.local/lib/python3.7/site-packages/airflow/example_dags/example_time_delta_sensor_async.py took 0.145 seconds
[2026-09-28T02:38:35.233+0000] {processor.py:156} INFO - Started process (PID=45210) to work on /home/airflow/.local/lib/python3.7/site-packages/airflow/example_dags/example_time_delta_sensor_async.py
[2026-09-28T02:38:35.235+0000] {processor.py:799} INFO - Processing file /home/airflow/.local/lib/python3.7/site-packages/airflow/example_dags/example_time_delta_sensor_async.py for tasks to queue
[2026-09-28T02:38:35.236+0000] {logging_mixin.py:149} INFO - [2026-09-28T02:38:35.236+0000] {dagbag.py:541} INFO - Filling up the DagBag from /home/airflow/.local/lib/python3.7/site-packages/airflow/example_dags/example_time_delta_sensor_async.py
[2026-09-28T02:38:35.244+0000] {processor.py:809} INFO - DAG(s) dict_keys(['example_time_delta_sensor_async']) retrieved from /home/airflow/.local/lib/python3.7/site-packages/airflow/example_dags/example_time_delta_sensor_async.py
[2026-09-28T02:38:35.298+0000] {logging_mixin.py:149} INFO - [2026-09-28T02:38:35.297+0000] {dag.py:2726} INFO - Sync 1 DAGs
[2026-09-28T02:38:35.343+0000] {logging_mixin.py:149} INFO - [2026-09-28T02:38:35.343+0000] {dag.py:3490} INFO - Setting next_dagrun for example_time_delta_sensor_async to None, run_after=None
[2026-09-28T02:38:35.374+0000] {processor.py:178} INFO - Processing /home/airflow/.local/lib/python3.7/site-packages/airflow/example_dags/example_time_delta_sensor_async.py took 0.148 seconds
[2026-09-28T02:39:06.079+0000] {processor.py:156} INFO - Started process (PID=45269) to work on /home/airflow/.local/lib/python3.7/site-packages/airflow/example_dags/example_time_delta_sensor_async.py
[2026-09-28T02:39:06.083+0000] {processor.py:799} INFO - Processing file /home/airflow/.local/lib/python3.7/site-packages/airflow/example_dags/example_time_delta_sensor_async.py for tasks to queue
[2026-09-28T02:39:06.085+0000] {logging_mixin.py:149} INFO - [2026-09-28T02:39:06.084+0000] {dagbag.py:541} INFO - Filling up the DagBag from /home/airflow/.local/lib/python3.7/site-packages/airflow/example_dags/example_time_delta_sensor_async.py
[2026-09-28T02:39:06.101+0000] {processor.py:809} INFO - DAG(s) dict_keys(['example_time_delta_sensor_async']) retrieved from /home/airflow/.local/lib/python3.7/site-packages/airflow/example_dags/example_time_delta_sensor_async.py
[2026-09-28T02:39:06.165+0000] {logging_mixin.py:149} INFO - [2026-09-28T02:39:06.165+0000] {dag.py:2726} INFO - Sync 1 DAGs
[2026-09-28T02:39:06.225+0000] {logging_mixin.py:149} INFO - [2026-09-28T02:39:06.224+0000] {dag.py:3490} INFO - Setting next_dagrun for example_time_delta_sensor_async to None, run_after=None
[2026-09-28T02:39:06.270+0000] {processor.py:178} INFO - Processing /home/airflow/.local/lib/python3.7/site-packages/airflow/example_dags/example_time_delta_sensor_async.py took 0.200 seconds
[2026-09-28T02:39:37.265+0000] {processor.py:156} INFO - Started process (PID=45329) to work on /home/airflow/.local/lib/python3.7/site-packages/airflow/example_dags/example_time_delta_sensor_async.py
[2026-09-28T02:39:37.267+0000] {processor.py:799} INFO - Processing file /home/airflow/.local/lib/python3.7/site-packages/airflow/example_dags/example_time_delta_sensor_async.py for tasks to queue
[2026-09-28T02:39:37.268+0000] {logging_mixin.py:149} INFO - [2026-09-28T02:39:37.268+0000] {dagbag.py:541} INFO - Filling up the DagBag from /home/airflow/.local/lib/python3.7/site-packages/airflow/example_dags/example_time_delta_sensor_async.py
[2026-09-28T02:39:37.275+0000] {processor.py:809} INFO - DAG(s) dict_keys(['example_time_delta_sensor_async']) retrieved from /home/airflow/.local/lib/python3.7/site-packages/airflow/example_dags/example_time_delta_sensor_async.py
[2026-09-28T02:39:37.321+0000] {logging_mixin.py:149} INFO - [2026-09-28T02:39:37.321+0000] {dag.py:2726} INFO - Sync 1 DAGs
[2026-09-28T02:39:37.367+0000] {logging_mixin.py:149} INFO - [2026-09-28T02:39:37.367+0000] {dag.py:3490} INFO - Setting next_dagrun for example_time_delta_sensor_async to None, run_after=None
[2026-09-28T02:39:37.400+0000] {processor.py:178} INFO - Processing /home/airflow/.local/lib/python3.7/site-packages/airflow/example_dags/example_time_delta_sensor_async.py took 0.144 seconds
[2026-09-28T02:40:08.945+0000] {processor.py:156} INFO - Started process (PID=45388) to work on /home/airflow/.local/lib/python3.7/site-packages/airflow/example_dags/example_time_delta_sensor_async.py
[2026-09-28T02:40:08.947+0000] {processor.py:799} INFO - Processing file /home/airflow/.local/lib/python3.7/site-packages/airflow/example_dags/example_time_delta_sensor_async.py for tasks to queue
[2026-09-28T02:40:08.948+0000] {logging_mixin.py:149} INFO - [2026-09-28T02:40:08.948+0000] {dagbag.py:541} INFO - Filling up the DagBag from /home/airflow/.local/lib/python3.7/site-packages/airflow/example_dags/example_time_delta_sensor_async.py
[2026-09-28T02:40:08.958+0000] {processor.py:809} INFO - DAG(s) dict_keys(['example_time_delta_sensor_async']) retrieved from /home/airflow/.local/lib/python3.7/site-packages/airflow/example_dags/example_time_delta_sensor_async.py
[2026-09-28T02:40:09.006+0000] {logging_mixin.py:149} INFO - [2026-09-28T02:40:09.006+0000] {dag.py:2726} INFO - Sync 1 DAGs
[2026-09-28T02:40:09.051+0000] {logging_mixin.py:149} INFO - [2026-09-28T02:40:09.051+0000] {dag.py:3490} INFO - Setting next_dagrun for example_time_delta_sensor_async to None, run_after=None
[2026-09-28T02:40:09.082+0000] {processor.py:178} INFO - Processing /home/airflow/.local/lib/python3.7/site-packages/airflow/example_dags/example_time_delta_sensor_async.py took 0.144 seconds
[2026-09-28T02:40:40.372+0000] {processor.py:156} INFO - Started process (PID=45447) to work on /home/airflow/.local/lib/python3.7/site-packages/airflow/example_dags/example_time_delta_sensor_async.py
[2026-09-28T02:40:40.374+0000] {processor.py:799} INFO - Processing file /home/airflow/.local/lib/python3.7/site-packages/airflow/example_dags/example_time_delta_sensor_async.py for tasks to queue
[2026-09-28T02:40:40.375+0000] {logging_mixin.py:149} INFO - [2026-09-28T02:40:40.375+0000] {dagbag.py:541} INFO - Filling up the DagBag from /home/airflow/.local/lib/python3.7/site-packages/airflow/example_dags/example_time_delta_sensor_async.py
[2026-09-28T02:40:40.382+0000] {processor.py:809} INFO - DAG(s) dict_keys(['example_time_delta_sensor_async']) retrieved from /home/airflow/.local/lib/python3.7/site-packages/airflow/example_dags/example_time_delta_sensor_async.py
[2026-09-28T02:40:40.436+0000] {logging_mixin.py:149} INFO - [2026-09-28T02:40:40.436+0000] {dag.py:2726} INFO - Sync 1 DAGs
[2026-09-28T02:40:40.484+0000] {logging_mixin.py:149} INFO - [2026-09-28T02:40:40.484+0000] {dag.py:3490} INFO - Setting next_dagrun for example_time_delta_sensor_async to None, run_after=None
[2026-09-28T02:40:40.514+0000] {processor.py:178} INFO - Processing /home/airflow/.local/lib/python3.7/site-packages/airflow/example_dags/example_time_delta_sensor_async.py took 0.147 seconds
[2026-09-28T02:41:12.193+0000] {processor.py:156} INFO - Started process (PID=45507) to work on /home/airflow/.local/lib/python3.7/site-packages/airflow/example_dags/example_time_delta_sensor_async.py
[2026-09-28T02:41:12.195+0000] {processor.py:799} INFO - Processing file /home/airflow/.local/lib/python3.7/site-packages/airflow/example_dags/example_time_delta_sensor_async.py for tasks to queue
[2026-09-28T02:41:12.196+0000] {logging_mixin.py:149} INFO - [2026-09-28T02:41:12.196+0000] {dagbag.py:541} INFO - Filling up the DagBag from /home/airflow/.local/lib/python3.7/site-packages/airflow/example_dags/example_time_delta_sensor_async.py
[2026-09-28T02:41:12.214+0000] {processor.py:809} INFO - DAG(s) dict_keys(['example_time_delta_sensor_async']) retrieved from /home/airflow/.local/lib/python3.7/site-packages/airflow/example_dags/example_time_delta_sensor_async.py
[2026-09-28T02:41:12.269+0000] {logging_mixin.py:149} INFO - [2026-09-28T02:41:12.268+0000] {dag.py:2726} INFO - Sync 1 DAGs
[2026-09-28T02:41:12.316+0000] {logging_mixin.py:149} INFO - [2026-09-28T02:41:12.315+0000] {dag.py:3490} INFO - Setting next_dagrun for example_time_delta_sensor_async to None, run_after=None
[2026-09-28T02:41:12.345+0000] {processor.py:178} INFO - Processing /home/airflow/.local/lib/python3.7/site-packages/airflow/example_dags/example_time_delta_sensor_async.py took 0.158 seconds
[2026-09-28T02:41:43.576+0000] {processor.py:156} INFO - Started process (PID=45566) to work on /home/airflow/.local/lib/python3.7/site-packages/airflow/example_dags/example_time_delta_sensor_async.py
[2026-09-28T02:41:43.578+0000] {processor.py:799} INFO - Processing file /home/airflow/.local/lib/python3.7/site-packages/airflow/example_dags/example_time_delta_sensor_async.py for tasks to queue
[2026-09-28T02:41:43.579+0000] {logging_mixin.py:149} INFO - [2026-09-28T02:41:43.579+0000] {dagbag.py:541} INFO - Filling up the DagBag from /home/airflow/.local/lib/python3.7/site-packages/airflow/example_dags/example_time_delta_sensor_async.py
[2026-09-28T02:41:43.588+0000] {processor.py:809} INFO - DAG(s) dict_keys(['example_time_delta_sensor_async']) retrieved from /home/airflow/.local/lib/python3.7/site-packages/airflow/example_dags/example_time_delta_sensor_async.py
[2026-09-28T02:41:43.635+0000] {logging_mixin.py:149} INFO - [2026-09-28T02:41:43.635+0000] {dag.py:2726} INFO - Sync 1 DAGs
[2026-09-28T02:41:43.686+0000] {logging_mixin.py:149} INFO - [2026-09-28T02:41:43.686+0000] {dag.py:3490} INFO - Setting next_dagrun for example_time_delta_sensor_async to None, run_after=None
[2026-09-28T02:41:43.722+0000] {processor.py:178} INFO - Processing /home/airflow/.local/lib/python3.7/site-packages/airflow/example_dags/example_time_delta_sensor_async.py took 0.152 seconds
[2026-09-28T02:42:14.997+0000] {processor.py:156} INFO - Started process (PID=45625) to work on /home/airflow/.local/lib/python3.7/site-packages/airflow/example_dags/example_time_delta_sensor_async.py
[2026-09-28T02:42:14.999+0000] {processor.py:799} INFO - Processing file /home/airflow/.local/lib/python3.7/site-packages/airflow/example_dags/example_time_delta_sensor_async.py for tasks to queue
[2026-09-28T02:42:15.001+0000] {logging_mixin.py:149} INFO - [2026-09-28T02:42:15.000+0000] {dagbag.py:541} INFO - Filling up the DagBag from /home/airflow/.local/lib/python3.7/site-packages/airflow/example_dags/example_time_delta_sensor_async.py
[2026-09-28T02:42:15.009+0000] {processor.py:809} INFO - DAG(s) dict_keys(['example_time_delta_sensor_async']) retrieved from /home/airflow/.local/lib/python3.7/site-packages/airflow/example_dags/example_time_delta_sensor_async.py
[2026-09-28T02:42:15.055+0000] {logging_mixin.py:149} INFO - [2026-09-28T02:42:15.055+0000] {dag.py:2726} INFO - Sync 1 DAGs
[2026-09-28T02:42:15.104+0000] {logging_mixin.py:149} INFO - [2026-09-28T02:42:15.104+0000] {dag.py:3490} INFO - Setting next_dagrun for example_time_delta_sensor_async to None, run_after=None
[2026-09-28T02:42:15.134+0000] {processor.py:178} INFO - Processing /home/airflow/.local/lib/python3.7/site-packages/airflow/example_dags/example_time_delta_sensor_async.py took 0.145 seconds
[2026-09-28T02:42:46.345+0000] {processor.py:156} INFO - Started process (PID=45684) to work on /home/airflow/.local/lib/python3.7/site-packages/airflow/example_dags/example_time_delta_sensor_async.py
[2026-09-28T02:42:46.347+0000] {processor.py:799} INFO - Processing file /home/airflow/.local/lib/python3.7/site-packages/airflow/example_dags/example_time_delta_sensor_async.py for tasks to queue
[2026-09-28T02:42:46.348+0000] {logging_mixin.py:149} INFO - [2026-09-28T02:42:46.348+0000] {dagbag.py:541} INFO - Filling up the DagBag from /home/airflow/.local/lib/python3.7/site-packages/airflow/example_dags/example_time_delta_sensor_async.py
[2026-09-28T02:42:46.356+0000] {processor.py:809} INFO - DAG(s) dict_keys(['example_time_delta_sensor_async']) retrieved from /home/airflow/.local/lib/python3.7/site-packages/airflow/example_dags/example_time_delta_sensor_async.py
[2026-09-28T02:42:46.406+0000] {logging_mixin.py:149} INFO - [2026-09-28T02:42:46.406+0000] {dag.py:2726} INFO - Sync 1 DAGs
[2026-09-28T02:42:46.455+0000] {logging_mixin.py:149} INFO - [2026-09-28T02:42:46.455+0000] {dag.py:3490} INFO - Setting next_dagrun for example_time_delta_sensor_async to None, run_after=None
[2026-09-28T02:42:46.489+0000] {processor.py:178} INFO - Processing /home/airflow/.local/lib/python3.7/site-packages/airflow/example_dags/example_time_delta_sensor_async.py took 0.151 seconds
[2026-09-28T02:43:17.812+0000] {processor.py:156} INFO - Started process (PID=45743) to work on /home/airflow/.local/lib/python3.7/site-packages/airflow/example_dags/example_time_delta_sensor_async.py
[2026-09-28T02:43:17.817+0000] {processor.py:799} INFO - Processing file /home/airflow/.local/lib/python3.7/site-packages/airflow/example_dags/example_time_delta_sensor_async.py for tasks to queue
[2026-09-28T02:43:17.818+0000] {logging_mixin.py:149} INFO - [2026-09-28T02:43:17.818+0000] {dagbag.py:541} INFO - Filling up the DagBag from /home/airflow/.local/lib/python3.7/site-packages/airflow/example_dags/example_time_delta_sensor_async.py
[2026-09-28T02:43:17.825+0000] {processor.py:809} INFO - DAG(s) dict_keys(['example_time_delta_sensor_async']) retrieved from /home/airflow/.local/lib/python3.7/site-packages/airflow/example_dags/example_time_delta_sensor_async.py
[2026-09-28T02:43:17.876+0000] {logging_mixin.py:149} INFO - [2026-09-28T02:43:17.875+0000] {dag.py:2726} INFO - Sync 1 DAGs
[2026-09-28T02:43:17.924+0000] {logging_mixin.py:149} INFO - [2026-09-28T02:43:17.924+0000] {dag.py:3490} INFO - Setting next_dagrun for example_time_delta_sensor_async to None, run_after=None
[2026-09-28T02:43:17.955+0000] {processor.py:178} INFO - Processing /home/airflow/.local/lib/python3.7/site-packages/airflow/example_dags/example_time_delta_sensor_async.py took 0.151 seconds
[2026-09-28T02:43:49.232+0000] {processor.py:156} INFO - Started process (PID=45802) to work on /home/airflow/.local/lib/python3.7/site-packages/airflow/example_dags/example_time_delta_sensor_async.py
[2026-09-28T02:43:49.234+0000] {processor.py:799} INFO - Processing file /home/airflow/.local/lib/python3.7/site-packages/airflow/example_dags/example_time_delta_sensor_async.py for tasks to queue
[2026-09-28T02:43:49.235+0000] {logging_mixin.py:149} INFO - [2026-09-28T02:43:49.235+0000] {dagbag.py:541} INFO - Filling up the DagBag from /home/airflow/.local/lib/python3.7/site-packages/airflow/example_dags/example_time_delta_sensor_async.py
[2026-09-28T02:43:49.242+0000] {processor.py:809} INFO - DAG(s) dict_keys(['example_time_delta_sensor_async']) retrieved from /home/airflow/.local/lib/python3.7/site-packages/airflow/example_dags/example_time_delta_sensor_async.py
[2026-09-28T02:43:49.294+0000] {logging_mixin.py:149} INFO - [2026-09-28T02:43:49.294+0000] {dag.py:2726} INFO - Sync 1 DAGs
[2026-09-28T02:43:49.345+0000] {logging_mixin.py:149} INFO - [2026-09-28T02:43:49.344+0000] {dag.py:3490} INFO - Setting next_dagrun for example_time_delta_sensor_async to None, run_after=None
[2026-09-28T02:43:49.378+0000] {processor.py:178} INFO - Processing /home/airflow/.local/lib/python3.7/site-packages/airflow/example_dags/example_time_delta_sensor_async.py took 0.152 seconds
[2026-09-28T02:44:20.239+0000] {processor.py:156} INFO - Started process (PID=45862) to work on /home/airflow/.local/lib/python3.7/site-packages/airflow/example_dags/example_time_delta_sensor_async.py
[2026-09-28T02:44:20.241+0000] {processor.py:799} INFO - Processing file /home/airflow/.local/lib/python3.7/site-packages/airflow/example_dags/example_time_delta_sensor_async.py for tasks to queue
[2026-09-28T02:44:20.242+0000] {logging_mixin.py:149} INFO - [2026-09-28T02:44:20.242+0000] {dagbag.py:541} INFO - Filling up the DagBag from /home/airflow/.local/lib/python3.7/site-packages/airflow/example_dags/example_time_delta_sensor_async.py
[2026-09-28T02:44:20.249+0000] {processor.py:809} INFO - DAG(s) dict_keys(['example_time_delta_sensor_async']) retrieved from /home/airflow/.local/lib/python3.7/site-packages/airflow/example_dags/example_time_delta_sensor_async.py
[2026-09-28T02:44:20.300+0000] {logging_mixin.py:149} INFO - [2026-09-28T02:44:20.299+0000] {dag.py:2726} INFO - Sync 1 DAGs
[2026-09-28T02:44:20.348+0000] {logging_mixin.py:149} INFO - [2026-09-28T02:44:20.348+0000] {dag.py:3490} INFO - Setting next_dagrun for example_time_delta_sensor_async to None, run_after=None
[2026-09-28T02:44:20.384+0000] {processor.py:178} INFO - Processing /home/airflow/.local/lib/python3.7/site-packages/airflow/example_dags/example_time_delta_sensor_async.py took 0.152 seconds
[2026-09-28T02:44:51.041+0000] {processor.py:156} INFO - Started process (PID=45921) to work on /home/airflow/.local/lib/python3.7/site-packages/airflow/example_dags/example_time_delta_sensor_async.py
[2026-09-28T02:44:51.043+0000] {processor.py:799} INFO - Processing file /home/airflow/.local/lib/python3.7/site-packages/airflow/example_dags/example_time_delta_sensor_async.py for tasks to queue
[2026-09-28T02:44:51.044+0000] {logging_mixin.py:149} INFO - [2026-09-28T02:44:51.044+0000] {dagbag.py:541} INFO - Filling up the DagBag from /home/airflow/.local/lib/python3.7/site-packages/airflow/example_dags/example_time_delta_sensor_async.py
[2026-09-28T02:44:51.051+0000] {processor.py:809} INFO - DAG(s) dict_keys(['example_time_delta_sensor_async']) retrieved from /home/airflow/.local/lib/python3.7/site-packages/airflow/example_dags/example_time_delta_sensor_async.py
[2026-09-28T02:44:51.092+0000] {logging_mixin.py:149} INFO - [2026-09-28T02:44:51.092+0000] {dag.py:2726} INFO - Sync 1 DAGs
[2026-09-28T02:44:51.138+0000] {logging_mixin.py:149} INFO - [2026-09-28T02:44:51.138+0000] {dag.py:3490} INFO - Setting next_dagrun for example_time_delta_sensor_async to None, run_after=None
[2026-09-28T02:44:51.175+0000] {processor.py:178} INFO - Processing /home/airflow/.local/lib/python3.7/site-packages/airflow/example_dags/example_time_delta_sensor_async.py took 0.142 seconds
[2026-09-28T02:45:22.171+0000] {processor.py:156} INFO - Started process (PID=45980) to work on /home/airflow/.local/lib/python3.7/site-packages/airflow/example_dags/example_time_delta_sensor_async.py
[2026-09-28T02:45:22.175+0000] {processor.py:799} INFO - Processing file /home/airflow/.local/lib/python3.7/site-packages/airflow/example_dags/example_time_delta_sensor_async.py for tasks to queue
[2026-09-28T02:45:22.176+0000] {logging_mixin.py:149} INFO - [2026-09-28T02:45:22.176+0000] {dagbag.py:541} INFO - Filling up the DagBag from /home/airflow/.local/lib/python3.7/site-packages/airflow/example_dags/example_time_delta_sensor_async.py
[2026-09-28T02:45:22.182+0000] {processor.py:809} INFO - DAG(s) dict_keys(['example_time_delta_sensor_async']) retrieved from /home/airflow/.local/lib/python3.7/site-packages/airflow/example_dags/example_time_delta_sensor_async.py
[2026-09-28T02:45:22.230+0000] {logging_mixin.py:149} INFO - [2026-09-28T02:45:22.230+0000] {dag.py:2726} INFO - Sync 1 DAGs
[2026-09-28T02:45:22.272+0000] {logging_mixin.py:149} INFO - [2026-09-28T02:45:22.272+0000] {dag.py:3490} INFO - Setting next_dagrun for example_time_delta_sensor_async to None, run_after=None
[2026-09-28T02:45:22.303+0000] {processor.py:178} INFO - Processing /home/airflow/.local/lib/python3.7/site-packages/airflow/example_dags/example_time_delta_sensor_async.py took 0.138 seconds
[2026-09-28T02:45:52.406+0000] {processor.py:156} INFO - Started process (PID=46039) to work on /home/airflow/.local/lib/python3.7/site-packages/airflow/example_dags/example_time_delta_sensor_async.py
[2026-09-28T02:45:52.408+0000] {processor.py:799} INFO - Processing file /home/airflow/.local/lib/python3.7/site-packages/airflow/example_dags/example_time_delta_sensor_async.py for tasks to queue
[2026-09-28T02:45:52.409+0000] {logging_mixin.py:149} INFO - [2026-09-28T02:45:52.408+0000] {dagbag.py:541} INFO - Filling up the DagBag from /home/airflow/.local/lib/python3.7/site-packages/airflow/example_dags/example_time_delta_sensor_async.py
[2026-09-28T02:45:52.415+0000] {processor.py:809} INFO - DAG(s) dict_keys(['example_time_delta_sensor_async']) retrieved from /home/airflow/.local/lib/python3.7/site-packages/airflow/example_dags/example_time_delta_sensor_async.py
[2026-09-28T02:45:52.461+0000] {logging_mixin.py:149} INFO - [2026-09-28T02:45:52.461+0000] {dag.py:2726} INFO - Sync 1 DAGs
[2026-09-28T02:45:52.512+0000] {logging_mixin.py:149} INFO - [2026-09-28T02:45:52.512+0000] {dag.py:3490} INFO - Setting next_dagrun for example_time_delta_sensor_async to None, run_after=None
[2026-09-28T02:45:52.545+0000] {processor.py:178} INFO - Processing /home/airflow/.local/lib/python3.7/site-packages/airflow/example_dags/example_time_delta_sensor_async.py took 0.145 seconds
[2026-09-28T02:46:23.102+0000] {processor.py:156} INFO - Started process (PID=46097) to work on /home/airflow/.local/lib/python3.7/site-packages/airflow/example_dags/example_time_delta_sensor_async.py
[2026-09-28T02:46:23.107+0000] {processor.py:799} INFO - Processing file /home/airflow/.local/lib/python3.7/site-packages/airflow/example_dags/example_time_delta_sensor_async.py for tasks to queue
[2026-09-28T02:46:23.108+0000] {logging_mixin.py:149} INFO - [2026-09-28T02:46:23.108+0000] {dagbag.py:541} INFO - Filling up the DagBag from /home/airflow/.local/lib/python3.7/site-packages/airflow/example_dags/example_time_delta_sensor_async.py
[2026-09-28T02:46:23.116+0000] {processor.py:809} INFO - DAG(s) dict_keys(['example_time_delta_sensor_async']) retrieved from /home/airflow/.local/lib/python3.7/site-packages/airflow/example_dags/example_time_delta_sensor_async.py
[2026-09-28T02:46:23.159+0000] {logging_mixin.py:149} INFO - [2026-09-28T02:46:23.159+0000] {dag.py:2726} INFO - Sync 1 DAGs
[2026-09-28T02:46:23.202+0000] {logging_mixin.py:149} INFO - [2026-09-28T02:46:23.202+0000] {dag.py:3490} INFO - Setting next_dagrun for example_time_delta_sensor_async to None, run_after=None
[2026-09-28T02:46:23.230+0000] {processor.py:178} INFO - Processing /home/airflow/.local/lib/python3.7/site-packages/airflow/example_dags/example_time_delta_sensor_async.py took 0.135 seconds
[2026-09-28T02:46:54.079+0000] {processor.py:156} INFO - Started process (PID=46155) to work on /home/airflow/.local/lib/python3.7/site-packages/airflow/example_dags/example_time_delta_sensor_async.py
[2026-09-28T02:46:54.081+0000] {processor.py:799} INFO - Processing file /home/airflow/.local/lib/python3.7/site-packages/airflow/example_dags/example_time_delta_sensor_async.py for tasks to queue
[2026-09-28T02:46:54.082+0000] {logging_mixin.py:149} INFO - [2026-09-28T02:46:54.082+0000] {dagbag.py:541} INFO - Filling up the DagBag from /home/airflow/.local/lib/python3.7/site-packages/airflow/example_dags/example_time_delta_sensor_async.py
[2026-09-28T02:46:54.089+0000] {processor.py:809} INFO - DAG(s) dict_keys(['example_time_delta_sensor_async']) retrieved from /home/airflow/.local/lib/python3.7/site-packages/airflow/example_dags/example_time_delta_sensor_async.py
[2026-09-28T02:46:54.131+0000] {logging_mixin.py:149} INFO - [2026-09-28T02:46:54.131+0000] {dag.py:2726} INFO - Sync 1 DAGs
[2026-09-28T02:46:54.180+0000] {logging_mixin.py:149} INFO - [2026-09-28T02:46:54.180+0000] {dag.py:3490} INFO - Setting next_dagrun for example_time_delta_sensor_async to None, run_after=None
[2026-09-28T02:46:54.214+0000] {processor.py:178} INFO - Processing /home/airflow/.local/lib/python3.7/site-packages/airflow/example_dags/example_time_delta_sensor_async.py took 0.146 seconds
[2026-09-28T02:47:25.560+0000] {processor.py:156} INFO - Started process (PID=46214) to work on /home/airflow/.local/lib/python3.7/site-packages/airflow/example_dags/example_time_delta_sensor_async.py
[2026-09-28T02:47:25.563+0000] {processor.py:799} INFO - Processing file /home/airflow/.local/lib/python3.7/site-packages/airflow/example_dags/example_time_delta_sensor_async.py for tasks to queue
[2026-09-28T02:47:25.564+0000] {logging_mixin.py:149} INFO - [2026-09-28T02:47:25.564+0000] {dagbag.py:541} INFO - Filling up the DagBag from /home/airflow/.local/lib/python3.7/site-packages/airflow/example_dags/example_time_delta_sensor_async.py
[2026-09-28T02:47:25.571+0000] {processor.py:809} INFO - DAG(s) dict_keys(['example_time_delta_sensor_async']) retrieved from /home/airflow/.local/lib/python3.7/site-packages/airflow/example_dags/example_time_delta_sensor_async.py
[2026-09-28T02:47:25.811+0000] {logging_mixin.py:149} INFO - [2026-09-28T02:47:25.810+0000] {dag.py:2726} INFO - Sync 1 DAGs
[2026-09-28T02:47:25.860+0000] {logging_mixin.py:149} INFO - [2026-09-28T02:47:25.860+0000] {dag.py:3490} INFO - Setting next_dagrun for example_time_delta_sensor_async to None, run_after=None
[2026-09-28T02:47:25.892+0000] {processor.py:178} INFO - Processing /home/airflow/.local/lib/python3.7/site-packages/airflow/example_dags/example_time_delta_sensor_async.py took 0.338 seconds
[2026-09-28T02:47:56.547+0000] {processor.py:156} INFO - Started process (PID=46273) to work on /home/airflow/.local/lib/python3.7/site-packages/airflow/example_dags/example_time_delta_sensor_async.py
[2026-09-28T02:47:56.549+0000] {processor.py:799} INFO - Processing file /home/airflow/.local/lib/python3.7/site-packages/airflow/example_dags/example_time_delta_sensor_async.py for tasks to queue
[2026-09-28T02:47:56.550+0000] {logging_mixin.py:149} INFO - [2026-09-28T02:47:56.549+0000] {dagbag.py:541} INFO - Filling up the DagBag from /home/airflow/.local/lib/python3.7/site-packages/airflow/example_dags/example_time_delta_sensor_async.py
[2026-09-28T02:47:56.557+0000] {processor.py:809} INFO - DAG(s) dict_keys(['example_time_delta_sensor_async']) retrieved from /home/airflow/.local/lib/python3.7/site-packages/airflow/example_dags/example_time_delta_sensor_async.py
[2026-09-28T02:47:56.604+0000] {logging_mixin.py:149} INFO - [2026-09-28T02:47:56.604+0000] {dag.py:2726} INFO - Sync 1 DAGs
[2026-09-28T02:47:56.841+0000] {logging_mixin.py:149} INFO - [2026-09-28T02:47:56.841+0000] {dag.py:3490} INFO - Setting next_dagrun for example_time_delta_sensor_async to None, run_after=None
[2026-09-28T02:47:56.872+0000] {processor.py:178} INFO - Processing /home/airflow/.local/lib/python3.7/site-packages/airflow/example_dags/example_time_delta_sensor_async.py took 0.332 seconds
[2026-09-28T02:48:27.338+0000] {processor.py:156} INFO - Started process (PID=46332) to work on /home/airflow/.local/lib/python3.7/site-packages/airflow/example_dags/example_time_delta_sensor_async.py
[2026-09-28T02:48:27.340+0000] {processor.py:799} INFO - Processing file /home/airflow/.local/lib/python3.7/site-packages/airflow/example_dags/example_time_delta_sensor_async.py for tasks to queue
[2026-09-28T02:48:27.341+0000] {logging_mixin.py:149} INFO - [2026-09-28T02:48:27.341+0000] {dagbag.py:541} INFO - Filling up the DagBag from /home/airflow/.local/lib/python3.7/site-packages/airflow/example_dags/example_time_delta_sensor_async.py
[2026-09-28T02:48:27.348+0000] {processor.py:809} INFO - DAG(s) dict_keys(['example_time_delta_sensor_async']) retrieved from /home/airflow/.local/lib/python3.7/site-packages/airflow/example_dags/example_time_delta_sensor_async.py
[2026-09-28T02:48:27.398+0000] {logging_mixin.py:149} INFO - [2026-09-28T02:48:27.397+0000] {dag.py:2726} INFO - Sync 1 DAGs
[2026-09-28T02:48:27.449+0000] {logging_mixin.py:149} INFO - [2026-09-28T02:48:27.448+0000] {dag.py:3490} INFO - Setting next_dagrun for example_time_delta_sensor_async to None, run_after=None
[2026-09-28T02:48:27.486+0000] {processor.py:178} INFO - Processing /home/airflow/.local/lib/python3.7/site-packages/airflow/example_dags/example_time_delta_sensor_async.py took 0.156 seconds
[2026-09-28T02:48:58.330+0000] {processor.py:156} INFO - Started process (PID=46391) to work on /home/airflow/.local/lib/python3.7/site-packages/airflow/example_dags/example_time_delta_sensor_async.py
[2026-09-28T02:48:58.332+0000] {processor.py:799} INFO - Processing file /home/airflow/.local/lib/python3.7/site-packages/airflow/example_dags/example_time_delta_sensor_async.py for tasks to queue
[2026-09-28T02:48:58.334+0000] {logging_mixin.py:149} INFO - [2026-09-28T02:48:58.334+0000] {dagbag.py:541} INFO - Filling up the DagBag from /home/airflow/.local/lib/python3.7/site-packages/airflow/example_dags/example_time_delta_sensor_async.py
[2026-09-28T02:48:58.344+0000] {processor.py:809} INFO - DAG(s) dict_keys(['example_time_delta_sensor_async']) retrieved from /home/airflow/.local/lib/python3.7/site-packages/airflow/example_dags/example_time_delta_sensor_async.py
[2026-09-28T02:48:58.402+0000] {logging_mixin.py:149} INFO - [2026-09-28T02:48:58.401+0000] {dag.py:2726} INFO - Sync 1 DAGs
[2026-09-28T02:48:58.458+0000] {logging_mixin.py:149} INFO - [2026-09-28T02:48:58.458+0000] {dag.py:3490} INFO - Setting next_dagrun for example_time_delta_sensor_async to None, run_after=None
[2026-09-28T02:48:58.494+0000] {processor.py:178} INFO - Processing /home/airflow/.local/lib/python3.7/site-packages/airflow/example_dags/example_time_delta_sensor_async.py took 0.173 seconds
[2026-09-28T02:49:28.663+0000] {processor.py:156} INFO - Started process (PID=46449) to work on /home/airflow/.local/lib/python3.7/site-packages/airflow/example_dags/example_time_delta_sensor_async.py
[2026-09-28T02:49:28.666+0000] {processor.py:799} INFO - Processing file /home/airflow/.local/lib/python3.7/site-packages/airflow/example_dags/example_time_delta_sensor_async.py for tasks to queue
[2026-09-28T02:49:28.667+0000] {logging_mixin.py:149} INFO - [2026-09-28T02:49:28.667+0000] {dagbag.py:541} INFO - Filling up the DagBag from /home/airflow/.local/lib/python3.7/site-packages/airflow/example_dags/example_time_delta_sensor_async.py
[2026-09-28T02:49:28.675+0000] {processor.py:809} INFO - DAG(s) dict_keys(['example_time_delta_sensor_async']) retrieved from /home/airflow/.local/lib/python3.7/site-packages/airflow/example_dags/example_time_delta_sensor_async.py
[2026-09-28T02:49:28.729+0000] {logging_mixin.py:149} INFO - [2026-09-28T02:49:28.729+0000] {dag.py:2726} INFO - Sync 1 DAGs
[2026-09-28T02:49:28.778+0000] {logging_mixin.py:149} INFO - [2026-09-28T02:49:28.777+0000] {dag.py:3490} INFO - Setting next_dagrun for example_time_delta_sensor_async to None, run_after=None
[2026-09-28T02:49:28.811+0000] {processor.py:178} INFO - Processing /home/airflow/.local/lib/python3.7/site-packages/airflow/example_dags/example_time_delta_sensor_async.py took 0.155 seconds
[2026-09-28T02:49:59.118+0000] {processor.py:156} INFO - Started process (PID=46508) to work on /home/airflow/.local/lib/python3.7/site-packages/airflow/example_dags/example_time_delta_sensor_async.py
[2026-09-28T02:49:59.120+0000] {processor.py:799} INFO - Processing file /home/airflow/.local/lib/python3.7/site-packages/airflow/example_dags/example_time_delta_sensor_async.py for tasks to queue
[2026-09-28T02:49:59.121+0000] {logging_mixin.py:149} INFO - [2026-09-28T02:49:59.121+0000] {dagbag.py:541} INFO - Filling up the DagBag from /home/airflow/.local/lib/python3.7/site-packages/airflow/example_dags/example_time_delta_sensor_async.py
[2026-09-28T02:49:59.129+0000] {processor.py:809} INFO - DAG(s) dict_keys(['example_time_delta_sensor_async']) retrieved from /home/airflow/.local/lib/python3.7/site-packages/airflow/example_dags/example_time_delta_sensor_async.py
[2026-09-28T02:49:59.176+0000] {logging_mixin.py:149} INFO - [2026-09-28T02:49:59.175+0000] {dag.py:2726} INFO - Sync 1 DAGs
[2026-09-28T02:49:59.224+0000] {logging_mixin.py:149} INFO - [2026-09-28T02:49:59.224+0000] {dag.py:3490} INFO - Setting next_dagrun for example_time_delta_sensor_async to None, run_after=None
[2026-09-28T02:49:59.263+0000] {processor.py:178} INFO - Processing /home/airflow/.local/lib/python3.7/site-packages/airflow/example_dags/example_time_delta_sensor_async.py took 0.152 seconds
[2026-09-28T02:50:29.682+0000] {processor.py:156} INFO - Started process (PID=46573) to work on /home/airflow/.local/lib/python3.7/site-packages/airflow/example_dags/example_time_delta_sensor_async.py
[2026-09-28T02:50:29.683+0000] {processor.py:799} INFO - Processing file /home/airflow/.local/lib/python3.7/site-packages/airflow/example_dags/example_time_delta_sensor_async.py for tasks to queue
[2026-09-28T02:50:29.684+0000] {logging_mixin.py:149} INFO - [2026-09-28T02:50:29.684+0000] {dagbag.py:541} INFO - Filling up the DagBag from /home/airflow/.local/lib/python3.7/site-packages/airflow/example_dags/example_time_delta_sensor_async.py
[2026-09-28T02:50:29.691+0000] {processor.py:809} INFO - DAG(s) dict_keys(['example_time_delta_sensor_async']) retrieved from /home/airflow/.local/lib/python3.7/site-packages/airflow/example_dags/example_time_delta_sensor_async.py
[2026-09-28T02:50:29.734+0000] {logging_mixin.py:149} INFO - [2026-09-28T02:50:29.734+0000] {dag.py:2726} INFO - Sync 1 DAGs
[2026-09-28T02:50:29.779+0000] {logging_mixin.py:149} INFO - [2026-09-28T02:50:29.779+0000] {dag.py:3490} INFO - Setting next_dagrun for example_time_delta_sensor_async to None, run_after=None
[2026-09-28T02:50:29.808+0000] {processor.py:178} INFO - Processing /home/airflow/.local/lib/python3.7/site-packages/airflow/example_dags/example_time_delta_sensor_async.py took 0.132 seconds
[2026-09-28T02:51:00.047+0000] {processor.py:156} INFO - Started process (PID=46632) to work on /home/airflow/.local/lib/python3.7/site-packages/airflow/example_dags/example_time_delta_sensor_async.py
[2026-09-28T02:51:00.049+0000] {processor.py:799} INFO - Processing file /home/airflow/.local/lib/python3.7/site-packages/airflow/example_dags/example_time_delta_sensor_async.py for tasks to queue
[2026-09-28T02:51:00.050+0000] {logging_mixin.py:149} INFO - [2026-09-28T02:51:00.050+0000] {dagbag.py:541} INFO - Filling up the DagBag from /home/airflow/.local/lib/python3.7/site-packages/airflow/example_dags/example_time_delta_sensor_async.py
[2026-09-28T02:51:00.057+0000] {processor.py:809} INFO - DAG(s) dict_keys(['example_time_delta_sensor_async']) retrieved from /home/airflow/.local/lib/python3.7/site-packages/airflow/example_dags/example_time_delta_sensor_async.py
[2026-09-28T02:51:00.109+0000] {logging_mixin.py:149} INFO - [2026-09-28T02:51:00.109+0000] {dag.py:2726} INFO - Sync 1 DAGs
[2026-09-28T02:51:00.158+0000] {logging_mixin.py:149} INFO - [2026-09-28T02:51:00.158+0000] {dag.py:3490} INFO - Setting next_dagrun for example_time_delta_sensor_async to None, run_after=None
[2026-09-28T02:51:00.193+0000] {processor.py:178} INFO - Processing /home/airflow/.local/lib/python3.7/site-packages/airflow/example_dags/example_time_delta_sensor_async.py took 0.154 seconds
[2026-09-28T02:51:30.457+0000] {processor.py:156} INFO - Started process (PID=46691) to work on /home/airflow/.local/lib/python3.7/site-packages/airflow/example_dags/example_time_delta_sensor_async.py
[2026-09-28T02:51:30.459+0000] {processor.py:799} INFO - Processing file /home/airflow/.local/lib/python3.7/site-packages/airflow/example_dags/example_time_delta_sensor_async.py for tasks to queue
[2026-09-28T02:51:30.461+0000] {logging_mixin.py:149} INFO - [2026-09-28T02:51:30.460+0000] {dagbag.py:541} INFO - Filling up the DagBag from /home/airflow/.local/lib/python3.7/site-packages/airflow/example_dags/example_time_delta_sensor_async.py
[2026-09-28T02:51:30.470+0000] {processor.py:809} INFO - DAG(s) dict_keys(['example_time_delta_sensor_async']) retrieved from /home/airflow/.local/lib/python3.7/site-packages/airflow/example_dags/example_time_delta_sensor_async.py
[2026-09-28T02:51:30.523+0000] {logging_mixin.py:149} INFO - [2026-09-28T02:51:30.523+0000] {dag.py:2726} INFO - Sync 1 DAGs
[2026-09-28T02:51:30.570+0000] {logging_mixin.py:149} INFO - [2026-09-28T02:51:30.569+0000] {dag.py:3490} INFO - Setting next_dagrun for example_time_delta_sensor_async to None, run_after=None
[2026-09-28T02:51:30.608+0000] {processor.py:178} INFO - Processing /home/airflow/.local/lib/python3.7/site-packages/airflow/example_dags/example_time_delta_sensor_async.py took 0.159 seconds
[2026-09-28T02:52:01.418+0000] {processor.py:156} INFO - Started process (PID=46775) to work on /home/airflow/.local/lib/python3.7/site-packages/airflow/example_dags/example_time_delta_sensor_async.py
[2026-09-28T02:52:01.421+0000] {processor.py:799} INFO - Processing file /home/airflow/.local/lib/python3.7/site-packages/airflow/example_dags/example_time_delta_sensor_async.py for tasks to queue
[2026-09-28T02:52:01.422+0000] {logging_mixin.py:149} INFO - [2026-09-28T02:52:01.422+0000] {dagbag.py:541} INFO - Filling up the DagBag from /home/airflow/.local/lib/python3.7/site-packages/airflow/example_dags/example_time_delta_sensor_async.py
[2026-09-28T02:52:01.429+0000] {processor.py:809} INFO - DAG(s) dict_keys(['example_time_delta_sensor_async']) retrieved from /home/airflow/.local/lib/python3.7/site-packages/airflow/example_dags/example_time_delta_sensor_async.py
[2026-09-28T02:52:01.474+0000] {logging_mixin.py:149} INFO - [2026-09-28T02:52:01.473+0000] {dag.py:2726} INFO - Sync 1 DAGs
[2026-09-28T02:52:01.515+0000] {logging_mixin.py:149} INFO - [2026-09-28T02:52:01.515+0000] {dag.py:3490} INFO - Setting next_dagrun for example_time_delta_sensor_async to None, run_after=None
[2026-09-28T02:52:01.547+0000] {processor.py:178} INFO - Processing /home/airflow/.local/lib/python3.7/site-packages/airflow/example_dags/example_time_delta_sensor_async.py took 0.137 seconds
[2026-09-28T02:52:31.756+0000] {processor.py:156} INFO - Started process (PID=46844) to work on /home/airflow/.local/lib/python3.7/site-packages/airflow/example_dags/example_time_delta_sensor_async.py
[2026-09-28T02:52:31.762+0000] {processor.py:799} INFO - Processing file /home/airflow/.local/lib/python3.7/site-packages/airflow/example_dags/example_time_delta_sensor_async.py for tasks to queue
[2026-09-28T02:52:31.765+0000] {logging_mixin.py:149} INFO - [2026-09-28T02:52:31.764+0000] {dagbag.py:541} INFO - Filling up the DagBag from /home/airflow/.local/lib/python3.7/site-packages/airflow/example_dags/example_time_delta_sensor_async.py
[2026-09-28T02:52:31.774+0000] {processor.py:809} INFO - DAG(s) dict_keys(['example_time_delta_sensor_async']) retrieved from /home/airflow/.local/lib/python3.7/site-packages/airflow/example_dags/example_time_delta_sensor_async.py
[2026-09-28T02:52:31.816+0000] {logging_mixin.py:149} INFO - [2026-09-28T02:52:31.816+0000] {dag.py:2726} INFO - Sync 1 DAGs
[2026-09-28T02:52:31.859+0000] {logging_mixin.py:149} INFO - [2026-09-28T02:52:31.858+0000] {dag.py:3490} INFO - Setting next_dagrun for example_time_delta_sensor_async to None, run_after=None
[2026-09-28T02:52:31.885+0000] {processor.py:178} INFO - Processing /home/airflow/.local/lib/python3.7/site-packages/airflow/example_dags/example_time_delta_sensor_async.py took 0.137 seconds
[2026-09-28T02:53:02.053+0000] {processor.py:156} INFO - Started process (PID=46905) to work on /home/airflow/.local/lib/python3.7/site-packages/airflow/example_dags/example_time_delta_sensor_async.py
[2026-09-28T02:53:02.055+0000] {processor.py:799} INFO - Processing file /home/airflow/.local/lib/python3.7/site-packages/airflow/example_dags/example_time_delta_sensor_async.py for tasks to queue
[2026-09-28T02:53:02.056+0000] {logging_mixin.py:149} INFO - [2026-09-28T02:53:02.056+0000] {dagbag.py:541} INFO - Filling up the DagBag from /home/airflow/.local/lib/python3.7/site-packages/airflow/example_dags/example_time_delta_sensor_async.py
[2026-09-28T02:53:02.066+0000] {processor.py:809} INFO - DAG(s) dict_keys(['example_time_delta_sensor_async']) retrieved from /home/airflow/.local/lib/python3.7/site-packages/airflow/example_dags/example_time_delta_sensor_async.py
[2026-09-28T02:53:02.124+0000] {logging_mixin.py:149} INFO - [2026-09-28T02:53:02.123+0000] {dag.py:2726} INFO - Sync 1 DAGs
[2026-09-28T02:53:02.176+0000] {logging_mixin.py:149} INFO - [2026-09-28T02:53:02.176+0000] {dag.py:3490} INFO - Setting next_dagrun for example_time_delta_sensor_async to None, run_after=None
[2026-09-28T02:53:02.209+0000] {processor.py:178} INFO - Processing /home/airflow/.local/lib/python3.7/site-packages/airflow/example_dags/example_time_delta_sensor_async.py took 0.164 seconds
[2026-09-28T02:53:32.512+0000] {processor.py:156} INFO - Started process (PID=46973) to work on /home/airflow/.local/lib/python3.7/site-packages/airflow/example_dags/example_time_delta_sensor_async.py
[2026-09-28T02:53:32.514+0000] {processor.py:799} INFO - Processing file /home/airflow/.local/lib/python3.7/site-packages/airflow/example_dags/example_time_delta_sensor_async.py for tasks to queue
[2026-09-28T02:53:32.515+0000] {logging_mixin.py:149} INFO - [2026-09-28T02:53:32.515+0000] {dagbag.py:541} INFO - Filling up the DagBag from /home/airflow/.local/lib/python3.7/site-packages/airflow/example_dags/example_time_delta_sensor_async.py
[2026-09-28T02:53:32.523+0000] {processor.py:809} INFO - DAG(s) dict_keys(['example_time_delta_sensor_async']) retrieved from /home/airflow/.local/lib/python3.7/site-packages/airflow/example_dags/example_time_delta_sensor_async.py
[2026-09-28T02:53:32.568+0000] {logging_mixin.py:149} INFO - [2026-09-28T02:53:32.567+0000] {dag.py:2726} INFO - Sync 1 DAGs
[2026-09-28T02:53:32.613+0000] {logging_mixin.py:149} INFO - [2026-09-28T02:53:32.613+0000] {dag.py:3490} INFO - Setting next_dagrun for example_time_delta_sensor_async to None, run_after=None
[2026-09-28T02:53:32.643+0000] {processor.py:178} INFO - Processing /home/airflow/.local/lib/python3.7/site-packages/airflow/example_dags/example_time_delta_sensor_async.py took 0.138 seconds
[2026-09-28T02:54:03.092+0000] {processor.py:156} INFO - Started process (PID=47034) to work on /home/airflow/.local/lib/python3.7/site-packages/airflow/example_dags/example_time_delta_sensor_async.py
[2026-09-28T02:54:03.094+0000] {processor.py:799} INFO - Processing file /home/airflow/.local/lib/python3.7/site-packages/airflow/example_dags/example_time_delta_sensor_async.py for tasks to queue
[2026-09-28T02:54:03.095+0000] {logging_mixin.py:149} INFO - [2026-09-28T02:54:03.095+0000] {dagbag.py:541} INFO - Filling up the DagBag from /home/airflow/.local/lib/python3.7/site-packages/airflow/example_dags/example_time_delta_sensor_async.py
[2026-09-28T02:54:03.102+0000] {processor.py:809} INFO - DAG(s) dict_keys(['example_time_delta_sensor_async']) retrieved from /home/airflow/.local/lib/python3.7/site-packages/airflow/example_dags/example_time_delta_sensor_async.py
[2026-09-28T02:54:03.149+0000] {logging_mixin.py:149} INFO - [2026-09-28T02:54:03.149+0000] {dag.py:2726} INFO - Sync 1 DAGs
[2026-09-28T02:54:03.201+0000] {logging_mixin.py:149} INFO - [2026-09-28T02:54:03.201+0000] {dag.py:3490} INFO - Setting next_dagrun for example_time_delta_sensor_async to None, run_after=None
[2026-09-28T02:54:03.234+0000] {processor.py:178} INFO - Processing /home/airflow/.local/lib/python3.7/site-packages/airflow/example_dags/example_time_delta_sensor_async.py took 0.149 seconds
[2026-09-28T02:54:33.628+0000] {processor.py:156} INFO - Started process (PID=47094) to work on /home/airflow/.local/lib/python3.7/site-packages/airflow/example_dags/example_time_delta_sensor_async.py
[2026-09-28T02:54:33.631+0000] {processor.py:799} INFO - Processing file /home/airflow/.local/lib/python3.7/site-packages/airflow/example_dags/example_time_delta_sensor_async.py for tasks to queue
[2026-09-28T02:54:33.632+0000] {logging_mixin.py:149} INFO - [2026-09-28T02:54:33.632+0000] {dagbag.py:541} INFO - Filling up the DagBag from /home/airflow/.local/lib/python3.7/site-packages/airflow/example_dags/example_time_delta_sensor_async.py
[2026-09-28T02:54:33.642+0000] {processor.py:809} INFO - DAG(s) dict_keys(['example_time_delta_sensor_async']) retrieved from /home/airflow/.local/lib/python3.7/site-packages/airflow/example_dags/example_time_delta_sensor_async.py
[2026-09-28T02:54:33.694+0000] {logging_mixin.py:149} INFO - [2026-09-28T02:54:33.694+0000] {dag.py:2726} INFO - Sync 1 DAGs
[2026-09-28T02:54:33.753+0000] {logging_mixin.py:149} INFO - [2026-09-28T02:54:33.752+0000] {dag.py:3490} INFO - Setting next_dagrun for example_time_delta_sensor_async to None, run_after=None
[2026-09-28T02:54:33.783+0000] {processor.py:178} INFO - Processing /home/airflow/.local/lib/python3.7/site-packages/airflow/example_dags/example_time_delta_sensor_async.py took 0.163 seconds
[2026-09-28T02:55:03.883+0000] {processor.py:156} INFO - Started process (PID=47166) to work on /home/airflow/.local/lib/python3.7/site-packages/airflow/example_dags/example_time_delta_sensor_async.py
[2026-09-28T02:55:03.885+0000] {processor.py:799} INFO - Processing file /home/airflow/.local/lib/python3.7/site-packages/airflow/example_dags/example_time_delta_sensor_async.py for tasks to queue
[2026-09-28T02:55:03.886+0000] {logging_mixin.py:149} INFO - [2026-09-28T02:55:03.886+0000] {dagbag.py:541} INFO - Filling up the DagBag from /home/airflow/.local/lib/python3.7/site-packages/airflow/example_dags/example_time_delta_sensor_async.py
[2026-09-28T02:55:03.894+0000] {processor.py:809} INFO - DAG(s) dict_keys(['example_time_delta_sensor_async']) retrieved from /home/airflow/.local/lib/python3.7/site-packages/airflow/example_dags/example_time_delta_sensor_async.py
[2026-09-28T02:55:03.936+0000] {logging_mixin.py:149} INFO - [2026-09-28T02:55:03.936+0000] {dag.py:2726} INFO - Sync 1 DAGs
[2026-09-28T02:55:03.981+0000] {logging_mixin.py:149} INFO - [2026-09-28T02:55:03.981+0000] {dag.py:3490} INFO - Setting next_dagrun for example_time_delta_sensor_async to None, run_after=None
[2026-09-28T02:55:04.015+0000] {processor.py:178} INFO - Processing /home/airflow/.local/lib/python3.7/site-packages/airflow/example_dags/example_time_delta_sensor_async.py took 0.142 seconds
[2026-09-28T02:55:34.291+0000] {processor.py:156} INFO - Started process (PID=47246) to work on /home/airflow/.local/lib/python3.7/site-packages/airflow/example_dags/example_time_delta_sensor_async.py
[2026-09-28T02:55:34.294+0000] {processor.py:799} INFO - Processing file /home/airflow/.local/lib/python3.7/site-packages/airflow/example_dags/example_time_delta_sensor_async.py for tasks to queue
[2026-09-28T02:55:34.294+0000] {logging_mixin.py:149} INFO - [2026-09-28T02:55:34.294+0000] {dagbag.py:541} INFO - Filling up the DagBag from /home/airflow/.local/lib/python3.7/site-packages/airflow/example_dags/example_time_delta_sensor_async.py
[2026-09-28T02:55:34.302+0000] {processor.py:809} INFO - DAG(s) dict_keys(['example_time_delta_sensor_async']) retrieved from /home/airflow/.local/lib/python3.7/site-packages/airflow/example_dags/example_time_delta_sensor_async.py
[2026-09-28T02:55:34.351+0000] {logging_mixin.py:149} INFO - [2026-09-28T02:55:34.350+0000] {dag.py:2726} INFO - Sync 1 DAGs
[2026-09-28T02:55:34.398+0000] {logging_mixin.py:149} INFO - [2026-09-28T02:55:34.398+0000] {dag.py:3490} INFO - Setting next_dagrun for example_time_delta_sensor_async to None, run_after=None
[2026-09-28T02:55:34.430+0000] {processor.py:178} INFO - Processing /home/airflow/.local/lib/python3.7/site-packages/airflow/example_dags/example_time_delta_sensor_async.py took 0.146 seconds
[2026-09-28T02:56:04.596+0000] {processor.py:156} INFO - Started process (PID=47314) to work on /home/airflow/.local/lib/python3.7/site-packages/airflow/example_dags/example_time_delta_sensor_async.py
[2026-09-28T02:56:04.597+0000] {processor.py:799} INFO - Processing file /home/airflow/.local/lib/python3.7/site-packages/airflow/example_dags/example_time_delta_sensor_async.py for tasks to queue
[2026-09-28T02:56:04.598+0000] {logging_mixin.py:149} INFO - [2026-09-28T02:56:04.598+0000] {dagbag.py:541} INFO - Filling up the DagBag from /home/airflow/.local/lib/python3.7/site-packages/airflow/example_dags/example_time_delta_sensor_async.py
[2026-09-28T02:56:04.607+0000] {processor.py:809} INFO - DAG(s) dict_keys(['example_time_delta_sensor_async']) retrieved from /home/airflow/.local/lib/python3.7/site-packages/airflow/example_dags/example_time_delta_sensor_async.py
[2026-09-28T02:56:04.658+0000] {logging_mixin.py:149} INFO - [2026-09-28T02:56:04.658+0000] {dag.py:2726} INFO - Sync 1 DAGs
[2026-09-28T02:56:04.706+0000] {logging_mixin.py:149} INFO - [2026-09-28T02:56:04.706+0000] {dag.py:3490} INFO - Setting next_dagrun for example_time_delta_sensor_async to None, run_after=None
[2026-09-28T02:56:04.746+0000] {processor.py:178} INFO - Processing /home/airflow/.local/lib/python3.7/site-packages/airflow/example_dags/example_time_delta_sensor_async.py took 0.157 seconds
[2026-09-28T02:56:35.602+0000] {processor.py:156} INFO - Started process (PID=47374) to work on /home/airflow/.local/lib/python3.7/site-packages/airflow/example_dags/example_time_delta_sensor_async.py
[2026-09-28T02:56:35.604+0000] {processor.py:799} INFO - Processing file /home/airflow/.local/lib/python3.7/site-packages/airflow/example_dags/example_time_delta_sensor_async.py for tasks to queue
[2026-09-28T02:56:35.605+0000] {logging_mixin.py:149} INFO - [2026-09-28T02:56:35.605+0000] {dagbag.py:541} INFO - Filling up the DagBag from /home/airflow/.local/lib/python3.7/site-packages/airflow/example_dags/example_time_delta_sensor_async.py
[2026-09-28T02:56:35.612+0000] {processor.py:809} INFO - DAG(s) dict_keys(['example_time_delta_sensor_async']) retrieved from /home/airflow/.local/lib/python3.7/site-packages/airflow/example_dags/example_time_delta_sensor_async.py
[2026-09-28T02:56:35.654+0000] {logging_mixin.py:149} INFO - [2026-09-28T02:56:35.654+0000] {dag.py:2726} INFO - Sync 1 DAGs
[2026-09-28T02:56:35.699+0000] {logging_mixin.py:149} INFO - [2026-09-28T02:56:35.699+0000] {dag.py:3490} INFO - Setting next_dagrun for example_time_delta_sensor_async to None, run_after=None
[2026-09-28T02:56:35.733+0000] {processor.py:178} INFO - Processing /home/airflow/.local/lib/python3.7/site-packages/airflow/example_dags/example_time_delta_sensor_async.py took 0.138 seconds
[2026-09-28T02:57:06.489+0000] {processor.py:156} INFO - Started process (PID=47434) to work on /home/airflow/.local/lib/python3.7/site-packages/airflow/example_dags/example_time_delta_sensor_async.py
[2026-09-28T02:57:06.490+0000] {processor.py:799} INFO - Processing file /home/airflow/.local/lib/python3.7/site-packages/airflow/example_dags/example_time_delta_sensor_async.py for tasks to queue
[2026-09-28T02:57:06.491+0000] {logging_mixin.py:149} INFO - [2026-09-28T02:57:06.491+0000] {dagbag.py:541} INFO - Filling up the DagBag from /home/airflow/.local/lib/python3.7/site-packages/airflow/example_dags/example_time_delta_sensor_async.py
[2026-09-28T02:57:06.499+0000] {processor.py:809} INFO - DAG(s) dict_keys(['example_time_delta_sensor_async']) retrieved from /home/airflow/.local/lib/python3.7/site-packages/airflow/example_dags/example_time_delta_sensor_async.py
[2026-09-28T02:57:06.557+0000] {logging_mixin.py:149} INFO - [2026-09-28T02:57:06.556+0000] {dag.py:2726} INFO - Sync 1 DAGs
[2026-09-28T02:57:06.605+0000] {logging_mixin.py:149} INFO - [2026-09-28T02:57:06.605+0000] {dag.py:3490} INFO - Setting next_dagrun for example_time_delta_sensor_async to None, run_after=None
[2026-09-28T02:57:06.647+0000] {processor.py:178} INFO - Processing /home/airflow/.local/lib/python3.7/site-packages/airflow/example_dags/example_time_delta_sensor_async.py took 0.164 seconds
[2026-09-28T02:57:37.242+0000] {processor.py:156} INFO - Started process (PID=47494) to work on /home/airflow/.local/lib/python3.7/site-packages/airflow/example_dags/example_time_delta_sensor_async.py
[2026-09-28T02:57:37.245+0000] {processor.py:799} INFO - Processing file /home/airflow/.local/lib/python3.7/site-packages/airflow/example_dags/example_time_delta_sensor_async.py for tasks to queue
[2026-09-28T02:57:37.246+0000] {logging_mixin.py:149} INFO - [2026-09-28T02:57:37.245+0000] {dagbag.py:541} INFO - Filling up the DagBag from /home/airflow/.local/lib/python3.7/site-packages/airflow/example_dags/example_time_delta_sensor_async.py
[2026-09-28T02:57:37.253+0000] {processor.py:809} INFO - DAG(s) dict_keys(['example_time_delta_sensor_async']) retrieved from /home/airflow/.local/lib/python3.7/site-packages/airflow/example_dags/example_time_delta_sensor_async.py
[2026-09-28T02:57:37.297+0000] {logging_mixin.py:149} INFO - [2026-09-28T02:57:37.296+0000] {dag.py:2726} INFO - Sync 1 DAGs
[2026-09-28T02:57:37.340+0000] {logging_mixin.py:149} INFO - [2026-09-28T02:57:37.340+0000] {dag.py:3490} INFO - Setting next_dagrun for example_time_delta_sensor_async to None, run_after=None
[2026-09-28T02:57:37.373+0000] {processor.py:178} INFO - Processing /home/airflow/.local/lib/python3.7/site-packages/airflow/example_dags/example_time_delta_sensor_async.py took 0.136 seconds
[2026-09-28T02:58:07.988+0000] {processor.py:156} INFO - Started process (PID=47553) to work on /home/airflow/.local/lib/python3.7/site-packages/airflow/example_dags/example_time_delta_sensor_async.py
[2026-09-28T02:58:07.990+0000] {processor.py:799} INFO - Processing file /home/airflow/.local/lib/python3.7/site-packages/airflow/example_dags/example_time_delta_sensor_async.py for tasks to queue
[2026-09-28T02:58:07.991+0000] {logging_mixin.py:149} INFO - [2026-09-28T02:58:07.991+0000] {dagbag.py:541} INFO - Filling up the DagBag from /home/airflow/.local/lib/python3.7/site-packages/airflow/example_dags/example_time_delta_sensor_async.py
[2026-09-28T02:58:07.999+0000] {processor.py:809} INFO - DAG(s) dict_keys(['example_time_delta_sensor_async']) retrieved from /home/airflow/.local/lib/python3.7/site-packages/airflow/example_dags/example_time_delta_sensor_async.py
[2026-09-28T02:58:08.041+0000] {logging_mixin.py:149} INFO - [2026-09-28T02:58:08.040+0000] {dag.py:2726} INFO - Sync 1 DAGs
[2026-09-28T02:58:08.088+0000] {logging_mixin.py:149} INFO - [2026-09-28T02:58:08.088+0000] {dag.py:3490} INFO - Setting next_dagrun for example_time_delta_sensor_async to None, run_after=None
[2026-09-28T02:58:08.118+0000] {processor.py:178} INFO - Processing /home/airflow/.local/lib/python3.7/site-packages/airflow/example_dags/example_time_delta_sensor_async.py took 0.135 seconds
[2026-09-28T02:58:39.066+0000] {processor.py:156} INFO - Started process (PID=47614) to work on /home/airflow/.local/lib/python3.7/site-packages/airflow/example_dags/example_time_delta_sensor_async.py
[2026-09-28T02:58:39.069+0000] {processor.py:799} INFO - Processing file /home/airflow/.local/lib/python3.7/site-packages/airflow/example_dags/example_time_delta_sensor_async.py for tasks to queue
[2026-09-28T02:58:39.070+0000] {logging_mixin.py:149} INFO - [2026-09-28T02:58:39.070+0000] {dagbag.py:541} INFO - Filling up the DagBag from /home/airflow/.local/lib/python3.7/site-packages/airflow/example_dags/example_time_delta_sensor_async.py
[2026-09-28T02:58:39.077+0000] {processor.py:809} INFO - DAG(s) dict_keys(['example_time_delta_sensor_async']) retrieved from /home/airflow/.local/lib/python3.7/site-packages/airflow/example_dags/example_time_delta_sensor_async.py
[2026-09-28T02:58:39.121+0000] {logging_mixin.py:149} INFO - [2026-09-28T02:58:39.121+0000] {dag.py:2726} INFO - Sync 1 DAGs
[2026-09-28T02:58:39.165+0000] {logging_mixin.py:149} INFO - [2026-09-28T02:58:39.165+0000] {dag.py:3490} INFO - Setting next_dagrun for example_time_delta_sensor_async to None, run_after=None
[2026-09-28T02:58:39.197+0000] {processor.py:178} INFO - Processing /home/airflow/.local/lib/python3.7/site-packages/airflow/example_dags/example_time_delta_sensor_async.py took 0.137 seconds
[2026-09-28T02:59:09.590+0000] {processor.py:156} INFO - Started process (PID=47675) to work on /home/airflow/.local/lib/python3.7/site-packages/airflow/example_dags/example_time_delta_sensor_async.py
[2026-09-28T02:59:09.591+0000] {processor.py:799} INFO - Processing file /home/airflow/.local/lib/python3.7/site-packages/airflow/example_dags/example_time_delta_sensor_async.py for tasks to queue
[2026-09-28T02:59:09.593+0000] {logging_mixin.py:149} INFO - [2026-09-28T02:59:09.593+0000] {dagbag.py:541} INFO - Filling up the DagBag from /home/airflow/.local/lib/python3.7/site-packages/airflow/example_dags/example_time_delta_sensor_async.py
[2026-09-28T02:59:09.603+0000] {processor.py:809} INFO - DAG(s) dict_keys(['example_time_delta_sensor_async']) retrieved from /home/airflow/.local/lib/python3.7/site-packages/airflow/example_dags/example_time_delta_sensor_async.py
[2026-09-28T02:59:09.650+0000] {logging_mixin.py:149} INFO - [2026-09-28T02:59:09.650+0000] {dag.py:2726} INFO - Sync 1 DAGs
[2026-09-28T02:59:09.702+0000] {logging_mixin.py:149} INFO - [2026-09-28T02:59:09.702+0000] {dag.py:3490} INFO - Setting next_dagrun for example_time_delta_sensor_async to None, run_after=None
[2026-09-28T02:59:09.740+0000] {processor.py:178} INFO - Processing /home/airflow/.local/lib/python3.7/site-packages/airflow/example_dags/example_time_delta_sensor_async.py took 0.157 seconds
[2026-09-28T02:59:39.848+0000] {processor.py:156} INFO - Started process (PID=47735) to work on /home/airflow/.local/lib/python3.7/site-packages/airflow/example_dags/example_time_delta_sensor_async.py
[2026-09-28T02:59:39.850+0000] {processor.py:799} INFO - Processing file /home/airflow/.local/lib/python3.7/site-packages/airflow/example_dags/example_time_delta_sensor_async.py for tasks to queue
[2026-09-28T02:59:39.852+0000] {logging_mixin.py:149} INFO - [2026-09-28T02:59:39.852+0000] {dagbag.py:541} INFO - Filling up the DagBag from /home/airflow/.local/lib/python3.7/site-packages/airflow/example_dags/example_time_delta_sensor_async.py
[2026-09-28T02:59:39.859+0000] {processor.py:809} INFO - DAG(s) dict_keys(['example_time_delta_sensor_async']) retrieved from /home/airflow/.local/lib/python3.7/site-packages/airflow/example_dags/example_time_delta_sensor_async.py
[2026-09-28T02:59:39.906+0000] {logging_mixin.py:149} INFO - [2026-09-28T02:59:39.905+0000] {dag.py:2726} INFO - Sync 1 DAGs
[2026-09-28T02:59:39.952+0000] {logging_mixin.py:149} INFO - [2026-09-28T02:59:39.952+0000] {dag.py:3490} INFO - Setting next_dagrun for example_time_delta_sensor_async to None, run_after=None
[2026-09-28T02:59:39.987+0000] {processor.py:178} INFO - Processing /home/airflow/.local/lib/python3.7/site-packages/airflow/example_dags/example_time_delta_sensor_async.py took 0.145 seconds
[2026-09-28T03:00:10.301+0000] {processor.py:156} INFO - Started process (PID=47817) to work on /home/airflow/.local/lib/python3.7/site-packages/airflow/example_dags/example_time_delta_sensor_async.py
[2026-09-28T03:00:10.303+0000] {processor.py:799} INFO - Processing file /home/airflow/.local/lib/python3.7/site-packages/airflow/example_dags/example_time_delta_sensor_async.py for tasks to queue
[2026-09-28T03:00:10.304+0000] {logging_mixin.py:149} INFO - [2026-09-28T03:00:10.304+0000] {dagbag.py:541} INFO - Filling up the DagBag from /home/airflow/.local/lib/python3.7/site-packages/airflow/example_dags/example_time_delta_sensor_async.py
[2026-09-28T03:00:10.311+0000] {processor.py:809} INFO - DAG(s) dict_keys(['example_time_delta_sensor_async']) retrieved from /home/airflow/.local/lib/python3.7/site-packages/airflow/example_dags/example_time_delta_sensor_async.py
[2026-09-28T03:00:10.355+0000] {logging_mixin.py:149} INFO - [2026-09-28T03:00:10.355+0000] {dag.py:2726} INFO - Sync 1 DAGs
[2026-09-28T03:00:10.400+0000] {logging_mixin.py:149} INFO - [2026-09-28T03:00:10.400+0000] {dag.py:3490} INFO - Setting next_dagrun for example_time_delta_sensor_async to None, run_after=None
[2026-09-28T03:00:10.428+0000] {processor.py:178} INFO - Processing /home/airflow/.local/lib/python3.7/site-packages/airflow/example_dags/example_time_delta_sensor_async.py took 0.133 seconds
[2026-09-28T03:00:40.839+0000] {processor.py:156} INFO - Started process (PID=47886) to work on /home/airflow/.local/lib/python3.7/site-packages/airflow/example_dags/example_time_delta_sensor_async.py
[2026-09-28T03:00:40.842+0000] {processor.py:799} INFO - Processing file /home/airflow/.local/lib/python3.7/site-packages/airflow/example_dags/example_time_delta_sensor_async.py for tasks to queue
[2026-09-28T03:00:40.843+0000] {logging_mixin.py:149} INFO - [2026-09-28T03:00:40.843+0000] {dagbag.py:541} INFO - Filling up the DagBag from /home/airflow/.local/lib/python3.7/site-packages/airflow/example_dags/example_time_delta_sensor_async.py
[2026-09-28T03:00:40.852+0000] {processor.py:809} INFO - DAG(s) dict_keys(['example_time_delta_sensor_async']) retrieved from /home/airflow/.local/lib/python3.7/site-packages/airflow/example_dags/example_time_delta_sensor_async.py
[2026-09-28T03:00:40.900+0000] {logging_mixin.py:149} INFO - [2026-09-28T03:00:40.899+0000] {dag.py:2726} INFO - Sync 1 DAGs
[2026-09-28T03:00:40.943+0000] {logging_mixin.py:149} INFO - [2026-09-28T03:00:40.942+0000] {dag.py:3490} INFO - Setting next_dagrun for example_time_delta_sensor_async to None, run_after=None
[2026-09-28T03:00:40.979+0000] {processor.py:178} INFO - Processing /home/airflow/.local/lib/python3.7/site-packages/airflow/example_dags/example_time_delta_sensor_async.py took 0.148 seconds
[2026-09-28T03:01:11.232+0000] {processor.py:156} INFO - Started process (PID=47947) to work on /home/airflow/.local/lib/python3.7/site-packages/airflow/example_dags/example_time_delta_sensor_async.py
[2026-09-28T03:01:11.233+0000] {processor.py:799} INFO - Processing file /home/airflow/.local/lib/python3.7/site-packages/airflow/example_dags/example_time_delta_sensor_async.py for tasks to queue
[2026-09-28T03:01:11.234+0000] {logging_mixin.py:149} INFO - [2026-09-28T03:01:11.234+0000] {dagbag.py:541} INFO - Filling up the DagBag from /home/airflow/.local/lib/python3.7/site-packages/airflow/example_dags/example_time_delta_sensor_async.py
[2026-09-28T03:01:11.241+0000] {processor.py:809} INFO - DAG(s) dict_keys(['example_time_delta_sensor_async']) retrieved from /home/airflow/.local/lib/python3.7/site-packages/airflow/example_dags/example_time_delta_sensor_async.py
[2026-09-28T03:01:11.286+0000] {logging_mixin.py:149} INFO - [2026-09-28T03:01:11.286+0000] {dag.py:2726} INFO - Sync 1 DAGs
[2026-09-28T03:01:11.334+0000] {logging_mixin.py:149} INFO - [2026-09-28T03:01:11.334+0000] {dag.py:3490} INFO - Setting next_dagrun for example_time_delta_sensor_async to None, run_after=None
[2026-09-28T03:01:11.370+0000] {processor.py:178} INFO - Processing /home/airflow/.local/lib/python3.7/site-packages/airflow/example_dags/example_time_delta_sensor_async.py took 0.144 seconds
[2026-09-28T03:01:41.898+0000] {processor.py:156} INFO - Started process (PID=48007) to work on /home/airflow/.local/lib/python3.7/site-packages/airflow/example_dags/example_time_delta_sensor_async.py
[2026-09-28T03:01:41.901+0000] {processor.py:799} INFO - Processing file /home/airflow/.local/lib/python3.7/site-packages/airflow/example_dags/example_time_delta_sensor_async.py for tasks to queue
[2026-09-28T03:01:41.902+0000] {logging_mixin.py:149} INFO - [2026-09-28T03:01:41.902+0000] {dagbag.py:541} INFO - Filling up the DagBag from /home/airflow/.local/lib/python3.7/site-packages/airflow/example_dags/example_time_delta_sensor_async.py
[2026-09-28T03:01:41.913+0000] {processor.py:809} INFO - DAG(s) dict_keys(['example_time_delta_sensor_async']) retrieved from /home/airflow/.local/lib/python3.7/site-packages/airflow/example_dags/example_time_delta_sensor_async.py
[2026-09-28T03:01:41.956+0000] {logging_mixin.py:149} INFO - [2026-09-28T03:01:41.955+0000] {dag.py:2726} INFO - Sync 1 DAGs
[2026-09-28T03:01:41.999+0000] {logging_mixin.py:149} INFO - [2026-09-28T03:01:41.999+0000] {dag.py:3490} INFO - Setting next_dagrun for example_time_delta_sensor_async to None, run_after=None
[2026-09-28T03:01:42.030+0000] {processor.py:178} INFO - Processing /home/airflow/.local/lib/python3.7/site-packages/airflow/example_dags/example_time_delta_sensor_async.py took 0.139 seconds
[2026-09-28T03:02:12.365+0000] {processor.py:156} INFO - Started process (PID=48068) to work on /home/airflow/.local/lib/python3.7/site-packages/airflow/example_dags/example_time_delta_sensor_async.py
[2026-09-28T03:02:12.367+0000] {processor.py:799} INFO - Processing file /home/airflow/.local/lib/python3.7/site-packages/airflow/example_dags/example_time_delta_sensor_async.py for tasks to queue
[2026-09-28T03:02:12.368+0000] {logging_mixin.py:149} INFO - [2026-09-28T03:02:12.368+0000] {dagbag.py:541} INFO - Filling up the DagBag from /home/airflow/.local/lib/python3.7/site-packages/airflow/example_dags/example_time_delta_sensor_async.py
[2026-09-28T03:02:12.375+0000] {processor.py:809} INFO - DAG(s) dict_keys(['example_time_delta_sensor_async']) retrieved from /home/airflow/.local/lib/python3.7/site-packages/airflow/example_dags/example_time_delta_sensor_async.py
[2026-09-28T03:02:12.422+0000] {logging_mixin.py:149} INFO - [2026-09-28T03:02:12.421+0000] {dag.py:2726} INFO - Sync 1 DAGs
[2026-09-28T03:02:12.478+0000] {logging_mixin.py:149} INFO - [2026-09-28T03:02:12.478+0000] {dag.py:3490} INFO - Setting next_dagrun for example_time_delta_sensor_async to None, run_after=None
[2026-09-28T03:02:12.512+0000] {processor.py:178} INFO - Processing /home/airflow/.local/lib/python3.7/site-packages/airflow/example_dags/example_time_delta_sensor_async.py took 0.153 seconds
[2026-09-28T03:02:42.790+0000] {processor.py:156} INFO - Started process (PID=48129) to work on /home/airflow/.local/lib/python3.7/site-packages/airflow/example_dags/example_time_delta_sensor_async.py
[2026-09-28T03:02:42.792+0000] {processor.py:799} INFO - Processing file /home/airflow/.local/lib/python3.7/site-packages/airflow/example_dags/example_time_delta_sensor_async.py for tasks to queue
[2026-09-28T03:02:42.793+0000] {logging_mixin.py:149} INFO - [2026-09-28T03:02:42.792+0000] {dagbag.py:541} INFO - Filling up the DagBag from /home/airflow/.local/lib/python3.7/site-packages/airflow/example_dags/example_time_delta_sensor_async.py
[2026-09-28T03:02:42.800+0000] {processor.py:809} INFO - DAG(s) dict_keys(['example_time_delta_sensor_async']) retrieved from /home/airflow/.local/lib/python3.7/site-packages/airflow/example_dags/example_time_delta_sensor_async.py
[2026-09-28T03:02:42.849+0000] {logging_mixin.py:149} INFO - [2026-09-28T03:02:42.849+0000] {dag.py:2726} INFO - Sync 1 DAGs
[2026-09-28T03:02:42.898+0000] {logging_mixin.py:149} INFO - [2026-09-28T03:02:42.898+0000] {dag.py:3490} INFO - Setting next_dagrun for example_time_delta_sensor_async to None, run_after=None
[2026-09-28T03:02:42.932+0000] {processor.py:178} INFO - Processing /home/airflow/.local/lib/python3.7/site-packages/airflow/example_dags/example_time_delta_sensor_async.py took 0.148 seconds
[2026-09-28T03:03:13.483+0000] {processor.py:156} INFO - Started process (PID=48190) to work on /home/airflow/.local/lib/python3.7/site-packages/airflow/example_dags/example_time_delta_sensor_async.py
[2026-09-28T03:03:13.489+0000] {processor.py:799} INFO - Processing file /home/airflow/.local/lib/python3.7/site-packages/airflow/example_dags/example_time_delta_sensor_async.py for tasks to queue
[2026-09-28T03:03:13.490+0000] {logging_mixin.py:149} INFO - [2026-09-28T03:03:13.490+0000] {dagbag.py:541} INFO - Filling up the DagBag from /home/airflow/.local/lib/python3.7/site-packages/airflow/example_dags/example_time_delta_sensor_async.py
[2026-09-28T03:03:13.501+0000] {processor.py:809} INFO - DAG(s) dict_keys(['example_time_delta_sensor_async']) retrieved from /home/airflow/.local/lib/python3.7/site-packages/airflow/example_dags/example_time_delta_sensor_async.py
[2026-09-28T03:03:13.553+0000] {logging_mixin.py:149} INFO - [2026-09-28T03:03:13.553+0000] {dag.py:2726} INFO - Sync 1 DAGs
[2026-09-28T03:03:13.598+0000] {logging_mixin.py:149} INFO - [2026-09-28T03:03:13.598+0000] {dag.py:3490} INFO - Setting next_dagrun for example_time_delta_sensor_async to None, run_after=None
[2026-09-28T03:03:13.629+0000] {processor.py:178} INFO - Processing /home/airflow/.local/lib/python3.7/site-packages/airflow/example_dags/example_time_delta_sensor_async.py took 0.152 seconds
[2026-09-28T03:03:43.753+0000] {processor.py:156} INFO - Started process (PID=48250) to work on /home/airflow/.local/lib/python3.7/site-packages/airflow/example_dags/example_time_delta_sensor_async.py
[2026-09-28T03:03:43.754+0000] {processor.py:799} INFO - Processing file /home/airflow/.local/lib/python3.7/site-packages/airflow/example_dags/example_time_delta_sensor_async.py for tasks to queue
[2026-09-28T03:03:43.755+0000] {logging_mixin.py:149} INFO - [2026-09-28T03:03:43.755+0000] {dagbag.py:541} INFO - Filling up the DagBag from /home/airflow/.local/lib/python3.7/site-packages/airflow/example_dags/example_time_delta_sensor_async.py
[2026-09-28T03:03:43.761+0000] {processor.py:809} INFO - DAG(s) dict_keys(['example_time_delta_sensor_async']) retrieved from /home/airflow/.local/lib/python3.7/site-packages/airflow/example_dags/example_time_delta_sensor_async.py
[2026-09-28T03:03:43.806+0000] {logging_mixin.py:149} INFO - [2026-09-28T03:03:43.805+0000] {dag.py:2726} INFO - Sync 1 DAGs
[2026-09-28T03:03:43.849+0000] {logging_mixin.py:149} INFO - [2026-09-28T03:03:43.849+0000] {dag.py:3490} INFO - Setting next_dagrun for example_time_delta_sensor_async to None, run_after=None
[2026-09-28T03:03:43.879+0000] {processor.py:178} INFO - Processing /home/airflow/.local/lib/python3.7/site-packages/airflow/example_dags/example_time_delta_sensor_async.py took 0.131 seconds
[2026-09-28T03:04:14.071+0000] {processor.py:156} INFO - Started process (PID=48310) to work on /home/airflow/.local/lib/python3.7/site-packages/airflow/example_dags/example_time_delta_sensor_async.py
[2026-09-28T03:04:14.073+0000] {processor.py:799} INFO - Processing file /home/airflow/.local/lib/python3.7/site-packages/airflow/example_dags/example_time_delta_sensor_async.py for tasks to queue
[2026-09-28T03:04:14.074+0000] {logging_mixin.py:149} INFO - [2026-09-28T03:04:14.074+0000] {dagbag.py:541} INFO - Filling up the DagBag from /home/airflow/.local/lib/python3.7/site-packages/airflow/example_dags/example_time_delta_sensor_async.py
[2026-09-28T03:04:14.085+0000] {processor.py:809} INFO - DAG(s) dict_keys(['example_time_delta_sensor_async']) retrieved from /home/airflow/.local/lib/python3.7/site-packages/airflow/example_dags/example_time_delta_sensor_async.py
[2026-09-28T03:04:14.139+0000] {logging_mixin.py:149} INFO - [2026-09-28T03:04:14.139+0000] {dag.py:2726} INFO - Sync 1 DAGs
[2026-09-28T03:04:14.187+0000] {logging_mixin.py:149} INFO - [2026-09-28T03:04:14.186+0000] {dag.py:3490} INFO - Setting next_dagrun for example_time_delta_sensor_async to None, run_after=None
[2026-09-28T03:04:14.218+0000] {processor.py:178} INFO - Processing /home/airflow/.local/lib/python3.7/site-packages/airflow/example_dags/example_time_delta_sensor_async.py took 0.153 seconds
[2026-09-28T03:04:44.413+0000] {processor.py:156} INFO - Started process (PID=48371) to work on /home/airflow/.local/lib/python3.7/site-packages/airflow/example_dags/example_time_delta_sensor_async.py
[2026-09-28T03:04:44.415+0000] {processor.py:799} INFO - Processing file /home/airflow/.local/lib/python3.7/site-packages/airflow/example_dags/example_time_delta_sensor_async.py for tasks to queue
[2026-09-28T03:04:44.416+0000] {logging_mixin.py:149} INFO - [2026-09-28T03:04:44.416+0000] {dagbag.py:541} INFO - Filling up the DagBag from /home/airflow/.local/lib/python3.7/site-packages/airflow/example_dags/example_time_delta_sensor_async.py
[2026-09-28T03:04:44.426+0000] {processor.py:809} INFO - DAG(s) dict_keys(['example_time_delta_sensor_async']) retrieved from /home/airflow/.local/lib/python3.7/site-packages/airflow/example_dags/example_time_delta_sensor_async.py
[2026-09-28T03:04:44.477+0000] {logging_mixin.py:149} INFO - [2026-09-28T03:04:44.476+0000] {dag.py:2726} INFO - Sync 1 DAGs
[2026-09-28T03:04:44.522+0000] {logging_mixin.py:149} INFO - [2026-09-28T03:04:44.521+0000] {dag.py:3490} INFO - Setting next_dagrun for example_time_delta_sensor_async to None, run_after=None
[2026-09-28T03:04:44.555+0000] {processor.py:178} INFO - Processing /home/airflow/.local/lib/python3.7/site-packages/airflow/example_dags/example_time_delta_sensor_async.py took 0.149 seconds
[2026-09-28T03:05:15.103+0000] {processor.py:156} INFO - Started process (PID=48431) to work on /home/airflow/.local/lib/python3.7/site-packages/airflow/example_dags/example_time_delta_sensor_async.py
[2026-09-28T03:05:15.105+0000] {processor.py:799} INFO - Processing file /home/airflow/.local/lib/python3.7/site-packages/airflow/example_dags/example_time_delta_sensor_async.py for tasks to queue
[2026-09-28T03:05:15.106+0000] {logging_mixin.py:149} INFO - [2026-09-28T03:05:15.106+0000] {dagbag.py:541} INFO - Filling up the DagBag from /home/airflow/.local/lib/python3.7/site-packages/airflow/example_dags/example_time_delta_sensor_async.py
[2026-09-28T03:05:15.118+0000] {processor.py:809} INFO - DAG(s) dict_keys(['example_time_delta_sensor_async']) retrieved from /home/airflow/.local/lib/python3.7/site-packages/airflow/example_dags/example_time_delta_sensor_async.py
[2026-09-28T03:05:15.174+0000] {logging_mixin.py:149} INFO - [2026-09-28T03:05:15.174+0000] {dag.py:2726} INFO - Sync 1 DAGs
[2026-09-28T03:05:15.223+0000] {logging_mixin.py:149} INFO - [2026-09-28T03:05:15.222+0000] {dag.py:3490} INFO - Setting next_dagrun for example_time_delta_sensor_async to None, run_after=None
[2026-09-28T03:05:15.252+0000] {processor.py:178} INFO - Processing /home/airflow/.local/lib/python3.7/site-packages/airflow/example_dags/example_time_delta_sensor_async.py took 0.155 seconds
[2026-09-28T03:05:45.747+0000] {processor.py:156} INFO - Started process (PID=48491) to work on /home/airflow/.local/lib/python3.7/site-packages/airflow/example_dags/example_time_delta_sensor_async.py
[2026-09-28T03:05:45.748+0000] {processor.py:799} INFO - Processing file /home/airflow/.local/lib/python3.7/site-packages/airflow/example_dags/example_time_delta_sensor_async.py for tasks to queue
[2026-09-28T03:05:45.749+0000] {logging_mixin.py:149} INFO - [2026-09-28T03:05:45.749+0000] {dagbag.py:541} INFO - Filling up the DagBag from /home/airflow/.local/lib/python3.7/site-packages/airflow/example_dags/example_time_delta_sensor_async.py
[2026-09-28T03:05:45.758+0000] {processor.py:809} INFO - DAG(s) dict_keys(['example_time_delta_sensor_async']) retrieved from /home/airflow/.local/lib/python3.7/site-packages/airflow/example_dags/example_time_delta_sensor_async.py
[2026-09-28T03:05:45.804+0000] {logging_mixin.py:149} INFO - [2026-09-28T03:05:45.804+0000] {dag.py:2726} INFO - Sync 1 DAGs
[2026-09-28T03:05:45.853+0000] {logging_mixin.py:149} INFO - [2026-09-28T03:05:45.853+0000] {dag.py:3490} INFO - Setting next_dagrun for example_time_delta_sensor_async to None, run_after=None
[2026-09-28T03:05:45.883+0000] {processor.py:178} INFO - Processing /home/airflow/.local/lib/python3.7/site-packages/airflow/example_dags/example_time_delta_sensor_async.py took 0.142 seconds
[2026-09-28T03:06:16.076+0000] {processor.py:156} INFO - Started process (PID=48551) to work on /home/airflow/.local/lib/python3.7/site-packages/airflow/example_dags/example_time_delta_sensor_async.py
[2026-09-28T03:06:16.077+0000] {processor.py:799} INFO - Processing file /home/airflow/.local/lib/python3.7/site-packages/airflow/example_dags/example_time_delta_sensor_async.py for tasks to queue
[2026-09-28T03:06:16.079+0000] {logging_mixin.py:149} INFO - [2026-09-28T03:06:16.078+0000] {dagbag.py:541} INFO - Filling up the DagBag from /home/airflow/.local/lib/python3.7/site-packages/airflow/example_dags/example_time_delta_sensor_async.py
[2026-09-28T03:06:16.086+0000] {processor.py:809} INFO - DAG(s) dict_keys(['example_time_delta_sensor_async']) retrieved from /home/airflow/.local/lib/python3.7/site-packages/airflow/example_dags/example_time_delta_sensor_async.py
[2026-09-28T03:06:16.135+0000] {logging_mixin.py:149} INFO - [2026-09-28T03:06:16.134+0000] {dag.py:2726} INFO - Sync 1 DAGs
[2026-09-28T03:06:16.191+0000] {logging_mixin.py:149} INFO - [2026-09-28T03:06:16.191+0000] {dag.py:3490} INFO - Setting next_dagrun for example_time_delta_sensor_async to None, run_after=None
[2026-09-28T03:06:16.220+0000] {processor.py:178} INFO - Processing /home/airflow/.local/lib/python3.7/site-packages/airflow/example_dags/example_time_delta_sensor_async.py took 0.151 seconds
[2026-09-28T03:06:46.678+0000] {processor.py:156} INFO - Started process (PID=48613) to work on /home/airflow/.local/lib/python3.7/site-packages/airflow/example_dags/example_time_delta_sensor_async.py
[2026-09-28T03:06:46.680+0000] {processor.py:799} INFO - Processing file /home/airflow/.local/lib/python3.7/site-packages/airflow/example_dags/example_time_delta_sensor_async.py for tasks to queue
[2026-09-28T03:06:46.681+0000] {logging_mixin.py:149} INFO - [2026-09-28T03:06:46.681+0000] {dagbag.py:541} INFO - Filling up the DagBag from /home/airflow/.local/lib/python3.7/site-packages/airflow/example_dags/example_time_delta_sensor_async.py
[2026-09-28T03:06:46.688+0000] {processor.py:809} INFO - DAG(s) dict_keys(['example_time_delta_sensor_async']) retrieved from /home/airflow/.local/lib/python3.7/site-packages/airflow/example_dags/example_time_delta_sensor_async.py
[2026-09-28T03:06:46.730+0000] {logging_mixin.py:149} INFO - [2026-09-28T03:06:46.730+0000] {dag.py:2726} INFO - Sync 1 DAGs
[2026-09-28T03:06:46.778+0000] {logging_mixin.py:149} INFO - [2026-09-28T03:06:46.777+0000] {dag.py:3490} INFO - Setting next_dagrun for example_time_delta_sensor_async to None, run_after=None
[2026-09-28T03:06:46.811+0000] {processor.py:178} INFO - Processing /home/airflow/.local/lib/python3.7/site-packages/airflow/example_dags/example_time_delta_sensor_async.py took 0.138 seconds
[2026-09-28T03:07:17.557+0000] {processor.py:156} INFO - Started process (PID=48674) to work on /home/airflow/.local/lib/python3.7/site-packages/airflow/example_dags/example_time_delta_sensor_async.py
[2026-09-28T03:07:17.559+0000] {processor.py:799} INFO - Processing file /home/airflow/.local/lib/python3.7/site-packages/airflow/example_dags/example_time_delta_sensor_async.py for tasks to queue
[2026-09-28T03:07:17.560+0000] {logging_mixin.py:149} INFO - [2026-09-28T03:07:17.559+0000] {dagbag.py:541} INFO - Filling up the DagBag from /home/airflow/.local/lib/python3.7/site-packages/airflow/example_dags/example_time_delta_sensor_async.py
[2026-09-28T03:07:17.567+0000] {processor.py:809} INFO - DAG(s) dict_keys(['example_time_delta_sensor_async']) retrieved from /home/airflow/.local/lib/python3.7/site-packages/airflow/example_dags/example_time_delta_sensor_async.py
[2026-09-28T03:07:17.621+0000] {logging_mixin.py:149} INFO - [2026-09-28T03:07:17.621+0000] {dag.py:2726} INFO - Sync 1 DAGs
[2026-09-28T03:07:17.670+0000] {logging_mixin.py:149} INFO - [2026-09-28T03:07:17.670+0000] {dag.py:3490} INFO - Setting next_dagrun for example_time_delta_sensor_async to None, run_after=None
[2026-09-28T03:07:17.706+0000] {processor.py:178} INFO - Processing /home/airflow/.local/lib/python3.7/site-packages/airflow/example_dags/example_time_delta_sensor_async.py took 0.155 seconds
[2026-09-28T03:07:47.965+0000] {processor.py:156} INFO - Started process (PID=48734) to work on /home/airflow/.local/lib/python3.7/site-packages/airflow/example_dags/example_time_delta_sensor_async.py
[2026-09-28T03:07:47.967+0000] {processor.py:799} INFO - Processing file /home/airflow/.local/lib/python3.7/site-packages/airflow/example_dags/example_time_delta_sensor_async.py for tasks to queue
[2026-09-28T03:07:47.968+0000] {logging_mixin.py:149} INFO - [2026-09-28T03:07:47.968+0000] {dagbag.py:541} INFO - Filling up the DagBag from /home/airflow/.local/lib/python3.7/site-packages/airflow/example_dags/example_time_delta_sensor_async.py
[2026-09-28T03:07:47.977+0000] {processor.py:809} INFO - DAG(s) dict_keys(['example_time_delta_sensor_async']) retrieved from /home/airflow/.local/lib/python3.7/site-packages/airflow/example_dags/example_time_delta_sensor_async.py
[2026-09-28T03:07:48.023+0000] {logging_mixin.py:149} INFO - [2026-09-28T03:07:48.023+0000] {dag.py:2726} INFO - Sync 1 DAGs
[2026-09-28T03:07:48.071+0000] {logging_mixin.py:149} INFO - [2026-09-28T03:07:48.071+0000] {dag.py:3490} INFO - Setting next_dagrun for example_time_delta_sensor_async to None, run_after=None
[2026-09-28T03:07:48.102+0000] {processor.py:178} INFO - Processing /home/airflow/.local/lib/python3.7/site-packages/airflow/example_dags/example_time_delta_sensor_async.py took 0.144 seconds
[2026-09-28T03:08:18.737+0000] {processor.py:156} INFO - Started process (PID=48814) to work on /home/airflow/.local/lib/python3.7/site-packages/airflow/example_dags/example_time_delta_sensor_async.py
[2026-09-28T03:08:18.739+0000] {processor.py:799} INFO - Processing file /home/airflow/.local/lib/python3.7/site-packages/airflow/example_dags/example_time_delta_sensor_async.py for tasks to queue
[2026-09-28T03:08:18.740+0000] {logging_mixin.py:149} INFO - [2026-09-28T03:08:18.740+0000] {dagbag.py:541} INFO - Filling up the DagBag from /home/airflow/.local/lib/python3.7/site-packages/airflow/example_dags/example_time_delta_sensor_async.py
[2026-09-28T03:08:18.749+0000] {processor.py:809} INFO - DAG(s) dict_keys(['example_time_delta_sensor_async']) retrieved from /home/airflow/.local/lib/python3.7/site-packages/airflow/example_dags/example_time_delta_sensor_async.py
[2026-09-28T03:08:18.801+0000] {logging_mixin.py:149} INFO - [2026-09-28T03:08:18.801+0000] {dag.py:2726} INFO - Sync 1 DAGs
[2026-09-28T03:08:18.841+0000] {logging_mixin.py:149} INFO - [2026-09-28T03:08:18.841+0000] {dag.py:3490} INFO - Setting next_dagrun for example_time_delta_sensor_async to None, run_after=None
[2026-09-28T03:08:18.873+0000] {processor.py:178} INFO - Processing /home/airflow/.local/lib/python3.7/site-packages/airflow/example_dags/example_time_delta_sensor_async.py took 0.142 seconds
[2026-09-28T03:08:49.409+0000] {processor.py:156} INFO - Started process (PID=48875) to work on /home/airflow/.local/lib/python3.7/site-packages/airflow/example_dags/example_time_delta_sensor_async.py
[2026-09-28T03:08:49.411+0000] {processor.py:799} INFO - Processing file /home/airflow/.local/lib/python3.7/site-packages/airflow/example_dags/example_time_delta_sensor_async.py for tasks to queue
[2026-09-28T03:08:49.412+0000] {logging_mixin.py:149} INFO - [2026-09-28T03:08:49.412+0000] {dagbag.py:541} INFO - Filling up the DagBag from /home/airflow/.local/lib/python3.7/site-packages/airflow/example_dags/example_time_delta_sensor_async.py
[2026-09-28T03:08:49.419+0000] {processor.py:809} INFO - DAG(s) dict_keys(['example_time_delta_sensor_async']) retrieved from /home/airflow/.local/lib/python3.7/site-packages/airflow/example_dags/example_time_delta_sensor_async.py
[2026-09-28T03:08:49.466+0000] {logging_mixin.py:149} INFO - [2026-09-28T03:08:49.465+0000] {dag.py:2726} INFO - Sync 1 DAGs
[2026-09-28T03:08:49.508+0000] {logging_mixin.py:149} INFO - [2026-09-28T03:08:49.508+0000] {dag.py:3490} INFO - Setting next_dagrun for example_time_delta_sensor_async to None, run_after=None
[2026-09-28T03:08:49.541+0000] {processor.py:178} INFO - Processing /home/airflow/.local/lib/python3.7/site-packages/airflow/example_dags/example_time_delta_sensor_async.py took 0.138 seconds
[2026-09-28T03:09:19.583+0000] {processor.py:156} INFO - Started process (PID=48930) to work on /home/airflow/.local/lib/python3.7/site-packages/airflow/example_dags/example_time_delta_sensor_async.py
[2026-09-28T03:09:19.585+0000] {processor.py:799} INFO - Processing file /home/airflow/.local/lib/python3.7/site-packages/airflow/example_dags/example_time_delta_sensor_async.py for tasks to queue
[2026-09-28T03:09:19.585+0000] {logging_mixin.py:149} INFO - [2026-09-28T03:09:19.585+0000] {dagbag.py:541} INFO - Filling up the DagBag from /home/airflow/.local/lib/python3.7/site-packages/airflow/example_dags/example_time_delta_sensor_async.py
[2026-09-28T03:09:19.593+0000] {processor.py:809} INFO - DAG(s) dict_keys(['example_time_delta_sensor_async']) retrieved from /home/airflow/.local/lib/python3.7/site-packages/airflow/example_dags/example_time_delta_sensor_async.py
[2026-09-28T03:09:19.636+0000] {logging_mixin.py:149} INFO - [2026-09-28T03:09:19.636+0000] {dag.py:2726} INFO - Sync 1 DAGs
[2026-09-28T03:09:19.679+0000] {logging_mixin.py:149} INFO - [2026-09-28T03:09:19.679+0000] {dag.py:3490} INFO - Setting next_dagrun for example_time_delta_sensor_async to None, run_after=None
[2026-09-28T03:09:19.724+0000] {processor.py:178} INFO - Processing /home/airflow/.local/lib/python3.7/site-packages/airflow/example_dags/example_time_delta_sensor_async.py took 0.146 seconds
[2026-09-28T03:09:50.563+0000] {processor.py:156} INFO - Started process (PID=48990) to work on /home/airflow/.local/lib/python3.7/site-packages/airflow/example_dags/example_time_delta_sensor_async.py
[2026-09-28T03:09:50.565+0000] {processor.py:799} INFO - Processing file /home/airflow/.local/lib/python3.7/site-packages/airflow/example_dags/example_time_delta_sensor_async.py for tasks to queue
[2026-09-28T03:09:50.566+0000] {logging_mixin.py:149} INFO - [2026-09-28T03:09:50.566+0000] {dagbag.py:541} INFO - Filling up the DagBag from /home/airflow/.local/lib/python3.7/site-packages/airflow/example_dags/example_time_delta_sensor_async.py
[2026-09-28T03:09:50.574+0000] {processor.py:809} INFO - DAG(s) dict_keys(['example_time_delta_sensor_async']) retrieved from /home/airflow/.local/lib/python3.7/site-packages/airflow/example_dags/example_time_delta_sensor_async.py
[2026-09-28T03:09:50.629+0000] {logging_mixin.py:149} INFO - [2026-09-28T03:09:50.629+0000] {dag.py:2726} INFO - Sync 1 DAGs
[2026-09-28T03:09:50.685+0000] {logging_mixin.py:149} INFO - [2026-09-28T03:09:50.685+0000] {dag.py:3490} INFO - Setting next_dagrun for example_time_delta_sensor_async to None, run_after=None
[2026-09-28T03:09:50.730+0000] {processor.py:178} INFO - Processing /home/airflow/.local/lib/python3.7/site-packages/airflow/example_dags/example_time_delta_sensor_async.py took 0.175 seconds
[2026-09-28T03:10:21.643+0000] {processor.py:156} INFO - Started process (PID=49050) to work on /home/airflow/.local/lib/python3.7/site-packages/airflow/example_dags/example_time_delta_sensor_async.py
[2026-09-28T03:10:21.645+0000] {processor.py:799} INFO - Processing file /home/airflow/.local/lib/python3.7/site-packages/airflow/example_dags/example_time_delta_sensor_async.py for tasks to queue
[2026-09-28T03:10:21.646+0000] {logging_mixin.py:149} INFO - [2026-09-28T03:10:21.646+0000] {dagbag.py:541} INFO - Filling up the DagBag from /home/airflow/.local/lib/python3.7/site-packages/airflow/example_dags/example_time_delta_sensor_async.py
[2026-09-28T03:10:21.654+0000] {processor.py:809} INFO - DAG(s) dict_keys(['example_time_delta_sensor_async']) retrieved from /home/airflow/.local/lib/python3.7/site-packages/airflow/example_dags/example_time_delta_sensor_async.py
[2026-09-28T03:10:21.701+0000] {logging_mixin.py:149} INFO - [2026-09-28T03:10:21.701+0000] {dag.py:2726} INFO - Sync 1 DAGs
[2026-09-28T03:10:21.751+0000] {logging_mixin.py:149} INFO - [2026-09-28T03:10:21.751+0000] {dag.py:3490} INFO - Setting next_dagrun for example_time_delta_sensor_async to None, run_after=None
[2026-09-28T03:10:21.782+0000] {processor.py:178} INFO - Processing /home/airflow/.local/lib/python3.7/site-packages/airflow/example_dags/example_time_delta_sensor_async.py took 0.146 seconds
