[2026-09-28T00:00:24.014+0000] {processor.py:156} INFO - Started process (PID=26713) to work on /home/airflow/.local/lib/python3.7/site-packages/airflow/example_dags/example_short_circuit_operator.py
[2026-09-28T00:00:24.016+0000] {processor.py:799} INFO - Processing file /home/airflow/.local/lib/python3.7/site-packages/airflow/example_dags/example_short_circuit_operator.py for tasks to queue
[2026-09-28T00:00:24.017+0000] {logging_mixin.py:149} INFO - [2026-09-28T00:00:24.017+0000] {dagbag.py:541} INFO - Filling up the DagBag from /home/airflow/.local/lib/python3.7/site-packages/airflow/example_dags/example_short_circuit_operator.py
[2026-09-28T00:00:24.034+0000] {processor.py:809} INFO - DAG(s) dict_keys(['example_short_circuit_operator']) retrieved from /home/airflow/.local/lib/python3.7/site-packages/airflow/example_dags/example_short_circuit_operator.py
[2026-09-28T00:00:24.090+0000] {logging_mixin.py:149} INFO - [2026-09-28T00:00:24.090+0000] {dag.py:2726} INFO - Sync 1 DAGs
[2026-09-28T00:00:24.145+0000] {logging_mixin.py:149} INFO - [2026-09-28T00:00:24.145+0000] {dag.py:3490} INFO - Setting next_dagrun for example_short_circuit_operator to 2026-09-27T00:00:24.144721+00:00, run_after=2026-09-28T00:00:24.144721+00:00
[2026-09-28T00:00:24.183+0000] {processor.py:178} INFO - Processing /home/airflow/.local/lib/python3.7/site-packages/airflow/example_dags/example_short_circuit_operator.py took 0.175 seconds
[2026-09-28T00:00:55.133+0000] {processor.py:156} INFO - Started process (PID=26771) to work on /home/airflow/.local/lib/python3.7/site-packages/airflow/example_dags/example_short_circuit_operator.py
[2026-09-28T00:00:55.134+0000] {processor.py:799} INFO - Processing file /home/airflow/.local/lib/python3.7/site-packages/airflow/example_dags/example_short_circuit_operator.py for tasks to queue
[2026-09-28T00:00:55.135+0000] {logging_mixin.py:149} INFO - [2026-09-28T00:00:55.135+0000] {dagbag.py:541} INFO - Filling up the DagBag from /home/airflow/.local/lib/python3.7/site-packages/airflow/example_dags/example_short_circuit_operator.py
[2026-09-28T00:00:55.155+0000] {processor.py:809} INFO - DAG(s) dict_keys(['example_short_circuit_operator']) retrieved from /home/airflow/.local/lib/python3.7/site-packages/airflow/example_dags/example_short_circuit_operator.py
[2026-09-28T00:00:55.203+0000] {logging_mixin.py:149} INFO - [2026-09-28T00:00:55.203+0000] {dag.py:2726} INFO - Sync 1 DAGs
[2026-09-28T00:00:55.248+0000] {logging_mixin.py:149} INFO - [2026-09-28T00:00:55.247+0000] {dag.py:3490} INFO - Setting next_dagrun for example_short_circuit_operator to 2026-09-27T00:00:55.247465+00:00, run_after=2026-09-28T00:00:55.247465+00:00
[2026-09-28T00:00:55.279+0000] {processor.py:178} INFO - Processing /home/airflow/.local/lib/python3.7/site-packages/airflow/example_dags/example_short_circuit_operator.py took 0.158 seconds
[2026-09-28T00:01:26.976+0000] {processor.py:156} INFO - Started process (PID=26829) to work on /home/airflow/.local/lib/python3.7/site-packages/airflow/example_dags/example_short_circuit_operator.py
[2026-09-28T00:01:26.978+0000] {processor.py:799} INFO - Processing file /home/airflow/.local/lib/python3.7/site-packages/airflow/example_dags/example_short_circuit_operator.py for tasks to queue
[2026-09-28T00:01:26.979+0000] {logging_mixin.py:149} INFO - [2026-09-28T00:01:26.979+0000] {dagbag.py:541} INFO - Filling up the DagBag from /home/airflow/.local/lib/python3.7/site-packages/airflow/example_dags/example_short_circuit_operator.py
[2026-09-28T00:01:26.995+0000] {processor.py:809} INFO - DAG(s) dict_keys(['example_short_circuit_operator']) retrieved from /home/airflow/.local/lib/python3.7/site-packages/airflow/example_dags/example_short_circuit_operator.py
[2026-09-28T00:01:27.047+0000] {logging_mixin.py:149} INFO - [2026-09-28T00:01:27.047+0000] {dag.py:2726} INFO - Sync 1 DAGs
[2026-09-28T00:01:27.093+0000] {logging_mixin.py:149} INFO - [2026-09-28T00:01:27.092+0000] {dag.py:3490} INFO - Setting next_dagrun for example_short_circuit_operator to 2026-09-27T00:01:27.092396+00:00, run_after=2026-09-28T00:01:27.092396+00:00
[2026-09-28T00:01:27.124+0000] {processor.py:178} INFO - Processing /home/airflow/.local/lib/python3.7/site-packages/airflow/example_dags/example_short_circuit_operator.py took 0.155 seconds
[2026-09-28T00:01:57.462+0000] {processor.py:156} INFO - Started process (PID=26887) to work on /home/airflow/.local/lib/python3.7/site-packages/airflow/example_dags/example_short_circuit_operator.py
[2026-09-28T00:01:57.463+0000] {processor.py:799} INFO - Processing file /home/airflow/.local/lib/python3.7/site-packages/airflow/example_dags/example_short_circuit_operator.py for tasks to queue
[2026-09-28T00:01:57.464+0000] {logging_mixin.py:149} INFO - [2026-09-28T00:01:57.464+0000] {dagbag.py:541} INFO - Filling up the DagBag from /home/airflow/.local/lib/python3.7/site-packages/airflow/example_dags/example_short_circuit_operator.py
[2026-09-28T00:01:57.481+0000] {processor.py:809} INFO - DAG(s) dict_keys(['example_short_circuit_operator']) retrieved from /home/airflow/.local/lib/python3.7/site-packages/airflow/example_dags/example_short_circuit_operator.py
[2026-09-28T00:01:57.534+0000] {logging_mixin.py:149} INFO - [2026-09-28T00:01:57.533+0000] {dag.py:2726} INFO - Sync 1 DAGs
[2026-09-28T00:01:57.582+0000] {logging_mixin.py:149} INFO - [2026-09-28T00:01:57.582+0000] {dag.py:3490} INFO - Setting next_dagrun for example_short_circuit_operator to 2026-09-27T00:01:57.581867+00:00, run_after=2026-09-28T00:01:57.581867+00:00
[2026-09-28T00:01:57.619+0000] {processor.py:178} INFO - Processing /home/airflow/.local/lib/python3.7/site-packages/airflow/example_dags/example_short_circuit_operator.py took 0.165 seconds
[2026-09-28T00:02:28.750+0000] {processor.py:156} INFO - Started process (PID=26951) to work on /home/airflow/.local/lib/python3.7/site-packages/airflow/example_dags/example_short_circuit_operator.py
[2026-09-28T00:02:28.754+0000] {processor.py:799} INFO - Processing file /home/airflow/.local/lib/python3.7/site-packages/airflow/example_dags/example_short_circuit_operator.py for tasks to queue
[2026-09-28T00:02:28.755+0000] {logging_mixin.py:149} INFO - [2026-09-28T00:02:28.755+0000] {dagbag.py:541} INFO - Filling up the DagBag from /home/airflow/.local/lib/python3.7/site-packages/airflow/example_dags/example_short_circuit_operator.py
[2026-09-28T00:02:28.772+0000] {processor.py:809} INFO - DAG(s) dict_keys(['example_short_circuit_operator']) retrieved from /home/airflow/.local/lib/python3.7/site-packages/airflow/example_dags/example_short_circuit_operator.py
[2026-09-28T00:02:28.818+0000] {logging_mixin.py:149} INFO - [2026-09-28T00:02:28.818+0000] {dag.py:2726} INFO - Sync 1 DAGs
[2026-09-28T00:02:28.861+0000] {logging_mixin.py:149} INFO - [2026-09-28T00:02:28.860+0000] {dag.py:3490} INFO - Setting next_dagrun for example_short_circuit_operator to 2026-09-27T00:02:28.860580+00:00, run_after=2026-09-28T00:02:28.860580+00:00
[2026-09-28T00:02:28.893+0000] {processor.py:178} INFO - Processing /home/airflow/.local/lib/python3.7/site-packages/airflow/example_dags/example_short_circuit_operator.py took 0.150 seconds
[2026-09-28T00:02:59.877+0000] {processor.py:156} INFO - Started process (PID=27009) to work on /home/airflow/.local/lib/python3.7/site-packages/airflow/example_dags/example_short_circuit_operator.py
[2026-09-28T00:02:59.878+0000] {processor.py:799} INFO - Processing file /home/airflow/.local/lib/python3.7/site-packages/airflow/example_dags/example_short_circuit_operator.py for tasks to queue
[2026-09-28T00:02:59.879+0000] {logging_mixin.py:149} INFO - [2026-09-28T00:02:59.879+0000] {dagbag.py:541} INFO - Filling up the DagBag from /home/airflow/.local/lib/python3.7/site-packages/airflow/example_dags/example_short_circuit_operator.py
[2026-09-28T00:02:59.894+0000] {processor.py:809} INFO - DAG(s) dict_keys(['example_short_circuit_operator']) retrieved from /home/airflow/.local/lib/python3.7/site-packages/airflow/example_dags/example_short_circuit_operator.py
[2026-09-28T00:02:59.941+0000] {logging_mixin.py:149} INFO - [2026-09-28T00:02:59.941+0000] {dag.py:2726} INFO - Sync 1 DAGs
[2026-09-28T00:02:59.987+0000] {logging_mixin.py:149} INFO - [2026-09-28T00:02:59.986+0000] {dag.py:3490} INFO - Setting next_dagrun for example_short_circuit_operator to 2026-09-27T00:02:59.985370+00:00, run_after=2026-09-28T00:02:59.985370+00:00
[2026-09-28T00:03:00.019+0000] {processor.py:178} INFO - Processing /home/airflow/.local/lib/python3.7/site-packages/airflow/example_dags/example_short_circuit_operator.py took 0.147 seconds
[2026-09-28T00:03:31.035+0000] {processor.py:156} INFO - Started process (PID=27067) to work on /home/airflow/.local/lib/python3.7/site-packages/airflow/example_dags/example_short_circuit_operator.py
[2026-09-28T00:03:31.037+0000] {processor.py:799} INFO - Processing file /home/airflow/.local/lib/python3.7/site-packages/airflow/example_dags/example_short_circuit_operator.py for tasks to queue
[2026-09-28T00:03:31.038+0000] {logging_mixin.py:149} INFO - [2026-09-28T00:03:31.038+0000] {dagbag.py:541} INFO - Filling up the DagBag from /home/airflow/.local/lib/python3.7/site-packages/airflow/example_dags/example_short_circuit_operator.py
[2026-09-28T00:03:31.053+0000] {processor.py:809} INFO - DAG(s) dict_keys(['example_short_circuit_operator']) retrieved from /home/airflow/.local/lib/python3.7/site-packages/airflow/example_dags/example_short_circuit_operator.py
[2026-09-28T00:03:31.104+0000] {logging_mixin.py:149} INFO - [2026-09-28T00:03:31.104+0000] {dag.py:2726} INFO - Sync 1 DAGs
[2026-09-28T00:03:31.149+0000] {logging_mixin.py:149} INFO - [2026-09-28T00:03:31.149+0000] {dag.py:3490} INFO - Setting next_dagrun for example_short_circuit_operator to 2026-09-27T00:03:31.149285+00:00, run_after=2026-09-28T00:03:31.149285+00:00
[2026-09-28T00:03:31.179+0000] {processor.py:178} INFO - Processing /home/airflow/.local/lib/python3.7/site-packages/airflow/example_dags/example_short_circuit_operator.py took 0.151 seconds
[2026-09-28T00:04:03.185+0000] {processor.py:156} INFO - Started process (PID=27125) to work on /home/airflow/.local/lib/python3.7/site-packages/airflow/example_dags/example_short_circuit_operator.py
[2026-09-28T00:04:03.187+0000] {processor.py:799} INFO - Processing file /home/airflow/.local/lib/python3.7/site-packages/airflow/example_dags/example_short_circuit_operator.py for tasks to queue
[2026-09-28T00:04:03.189+0000] {logging_mixin.py:149} INFO - [2026-09-28T00:04:03.188+0000] {dagbag.py:541} INFO - Filling up the DagBag from /home/airflow/.local/lib/python3.7/site-packages/airflow/example_dags/example_short_circuit_operator.py
[2026-09-28T00:04:03.204+0000] {processor.py:809} INFO - DAG(s) dict_keys(['example_short_circuit_operator']) retrieved from /home/airflow/.local/lib/python3.7/site-packages/airflow/example_dags/example_short_circuit_operator.py
[2026-09-28T00:04:03.253+0000] {logging_mixin.py:149} INFO - [2026-09-28T00:04:03.253+0000] {dag.py:2726} INFO - Sync 1 DAGs
[2026-09-28T00:04:03.301+0000] {logging_mixin.py:149} INFO - [2026-09-28T00:04:03.301+0000] {dag.py:3490} INFO - Setting next_dagrun for example_short_circuit_operator to 2026-09-27T00:04:03.300666+00:00, run_after=2026-09-28T00:04:03.300666+00:00
[2026-09-28T00:04:03.330+0000] {processor.py:178} INFO - Processing /home/airflow/.local/lib/python3.7/site-packages/airflow/example_dags/example_short_circuit_operator.py took 0.152 seconds
[2026-09-28T00:04:34.539+0000] {processor.py:156} INFO - Started process (PID=27184) to work on /home/airflow/.local/lib/python3.7/site-packages/airflow/example_dags/example_short_circuit_operator.py
[2026-09-28T00:04:34.541+0000] {processor.py:799} INFO - Processing file /home/airflow/.local/lib/python3.7/site-packages/airflow/example_dags/example_short_circuit_operator.py for tasks to queue
[2026-09-28T00:04:34.542+0000] {logging_mixin.py:149} INFO - [2026-09-28T00:04:34.542+0000] {dagbag.py:541} INFO - Filling up the DagBag from /home/airflow/.local/lib/python3.7/site-packages/airflow/example_dags/example_short_circuit_operator.py
[2026-09-28T00:04:34.559+0000] {processor.py:809} INFO - DAG(s) dict_keys(['example_short_circuit_operator']) retrieved from /home/airflow/.local/lib/python3.7/site-packages/airflow/example_dags/example_short_circuit_operator.py
[2026-09-28T00:04:34.623+0000] {logging_mixin.py:149} INFO - [2026-09-28T00:04:34.622+0000] {dag.py:2726} INFO - Sync 1 DAGs
[2026-09-28T00:04:34.672+0000] {logging_mixin.py:149} INFO - [2026-09-28T00:04:34.672+0000] {dag.py:3490} INFO - Setting next_dagrun for example_short_circuit_operator to 2026-09-27T00:04:34.671982+00:00, run_after=2026-09-28T00:04:34.671982+00:00
[2026-09-28T00:04:34.704+0000] {processor.py:178} INFO - Processing /home/airflow/.local/lib/python3.7/site-packages/airflow/example_dags/example_short_circuit_operator.py took 0.171 seconds
[2026-09-28T00:05:05.765+0000] {processor.py:156} INFO - Started process (PID=27242) to work on /home/airflow/.local/lib/python3.7/site-packages/airflow/example_dags/example_short_circuit_operator.py
[2026-09-28T00:05:05.767+0000] {processor.py:799} INFO - Processing file /home/airflow/.local/lib/python3.7/site-packages/airflow/example_dags/example_short_circuit_operator.py for tasks to queue
[2026-09-28T00:05:05.768+0000] {logging_mixin.py:149} INFO - [2026-09-28T00:05:05.768+0000] {dagbag.py:541} INFO - Filling up the DagBag from /home/airflow/.local/lib/python3.7/site-packages/airflow/example_dags/example_short_circuit_operator.py
[2026-09-28T00:05:05.783+0000] {processor.py:809} INFO - DAG(s) dict_keys(['example_short_circuit_operator']) retrieved from /home/airflow/.local/lib/python3.7/site-packages/airflow/example_dags/example_short_circuit_operator.py
[2026-09-28T00:05:05.830+0000] {logging_mixin.py:149} INFO - [2026-09-28T00:05:05.830+0000] {dag.py:2726} INFO - Sync 1 DAGs
[2026-09-28T00:05:05.879+0000] {logging_mixin.py:149} INFO - [2026-09-28T00:05:05.879+0000] {dag.py:3490} INFO - Setting next_dagrun for example_short_circuit_operator to 2026-09-27T00:05:05.878886+00:00, run_after=2026-09-28T00:05:05.878886+00:00
[2026-09-28T00:05:05.911+0000] {processor.py:178} INFO - Processing /home/airflow/.local/lib/python3.7/site-packages/airflow/example_dags/example_short_circuit_operator.py took 0.151 seconds
[2026-09-28T00:05:36.617+0000] {processor.py:156} INFO - Started process (PID=27300) to work on /home/airflow/.local/lib/python3.7/site-packages/airflow/example_dags/example_short_circuit_operator.py
[2026-09-28T00:05:36.622+0000] {processor.py:799} INFO - Processing file /home/airflow/.local/lib/python3.7/site-packages/airflow/example_dags/example_short_circuit_operator.py for tasks to queue
[2026-09-28T00:05:36.623+0000] {logging_mixin.py:149} INFO - [2026-09-28T00:05:36.623+0000] {dagbag.py:541} INFO - Filling up the DagBag from /home/airflow/.local/lib/python3.7/site-packages/airflow/example_dags/example_short_circuit_operator.py
[2026-09-28T00:05:36.639+0000] {processor.py:809} INFO - DAG(s) dict_keys(['example_short_circuit_operator']) retrieved from /home/airflow/.local/lib/python3.7/site-packages/airflow/example_dags/example_short_circuit_operator.py
[2026-09-28T00:05:36.690+0000] {logging_mixin.py:149} INFO - [2026-09-28T00:05:36.690+0000] {dag.py:2726} INFO - Sync 1 DAGs
[2026-09-28T00:05:36.738+0000] {logging_mixin.py:149} INFO - [2026-09-28T00:05:36.738+0000] {dag.py:3490} INFO - Setting next_dagrun for example_short_circuit_operator to 2026-09-27T00:05:36.737668+00:00, run_after=2026-09-28T00:05:36.737668+00:00
[2026-09-28T00:05:36.773+0000] {processor.py:178} INFO - Processing /home/airflow/.local/lib/python3.7/site-packages/airflow/example_dags/example_short_circuit_operator.py took 0.162 seconds
[2026-09-28T00:06:08.281+0000] {processor.py:156} INFO - Started process (PID=27358) to work on /home/airflow/.local/lib/python3.7/site-packages/airflow/example_dags/example_short_circuit_operator.py
[2026-09-28T00:06:08.283+0000] {processor.py:799} INFO - Processing file /home/airflow/.local/lib/python3.7/site-packages/airflow/example_dags/example_short_circuit_operator.py for tasks to queue
[2026-09-28T00:06:08.284+0000] {logging_mixin.py:149} INFO - [2026-09-28T00:06:08.284+0000] {dagbag.py:541} INFO - Filling up the DagBag from /home/airflow/.local/lib/python3.7/site-packages/airflow/example_dags/example_short_circuit_operator.py
[2026-09-28T00:06:08.301+0000] {processor.py:809} INFO - DAG(s) dict_keys(['example_short_circuit_operator']) retrieved from /home/airflow/.local/lib/python3.7/site-packages/airflow/example_dags/example_short_circuit_operator.py
[2026-09-28T00:06:08.350+0000] {logging_mixin.py:149} INFO - [2026-09-28T00:06:08.350+0000] {dag.py:2726} INFO - Sync 1 DAGs
[2026-09-28T00:06:08.399+0000] {logging_mixin.py:149} INFO - [2026-09-28T00:06:08.399+0000] {dag.py:3490} INFO - Setting next_dagrun for example_short_circuit_operator to 2026-09-27T00:06:08.398743+00:00, run_after=2026-09-28T00:06:08.398743+00:00
[2026-09-28T00:06:08.433+0000] {processor.py:178} INFO - Processing /home/airflow/.local/lib/python3.7/site-packages/airflow/example_dags/example_short_circuit_operator.py took 0.158 seconds
[2026-09-28T00:06:39.163+0000] {processor.py:156} INFO - Started process (PID=27427) to work on /home/airflow/.local/lib/python3.7/site-packages/airflow/example_dags/example_short_circuit_operator.py
[2026-09-28T00:06:39.165+0000] {processor.py:799} INFO - Processing file /home/airflow/.local/lib/python3.7/site-packages/airflow/example_dags/example_short_circuit_operator.py for tasks to queue
[2026-09-28T00:06:39.167+0000] {logging_mixin.py:149} INFO - [2026-09-28T00:06:39.166+0000] {dagbag.py:541} INFO - Filling up the DagBag from /home/airflow/.local/lib/python3.7/site-packages/airflow/example_dags/example_short_circuit_operator.py
[2026-09-28T00:06:39.182+0000] {processor.py:809} INFO - DAG(s) dict_keys(['example_short_circuit_operator']) retrieved from /home/airflow/.local/lib/python3.7/site-packages/airflow/example_dags/example_short_circuit_operator.py
[2026-09-28T00:06:39.230+0000] {logging_mixin.py:149} INFO - [2026-09-28T00:06:39.229+0000] {dag.py:2726} INFO - Sync 1 DAGs
[2026-09-28T00:06:39.270+0000] {logging_mixin.py:149} INFO - [2026-09-28T00:06:39.270+0000] {dag.py:3490} INFO - Setting next_dagrun for example_short_circuit_operator to 2026-09-27T00:06:39.270002+00:00, run_after=2026-09-28T00:06:39.270002+00:00
[2026-09-28T00:06:39.300+0000] {processor.py:178} INFO - Processing /home/airflow/.local/lib/python3.7/site-packages/airflow/example_dags/example_short_circuit_operator.py took 0.143 seconds
[2026-09-28T00:07:11.341+0000] {processor.py:156} INFO - Started process (PID=27496) to work on /home/airflow/.local/lib/python3.7/site-packages/airflow/example_dags/example_short_circuit_operator.py
[2026-09-28T00:07:11.343+0000] {processor.py:799} INFO - Processing file /home/airflow/.local/lib/python3.7/site-packages/airflow/example_dags/example_short_circuit_operator.py for tasks to queue
[2026-09-28T00:07:11.344+0000] {logging_mixin.py:149} INFO - [2026-09-28T00:07:11.344+0000] {dagbag.py:541} INFO - Filling up the DagBag from /home/airflow/.local/lib/python3.7/site-packages/airflow/example_dags/example_short_circuit_operator.py
[2026-09-28T00:07:11.357+0000] {processor.py:809} INFO - DAG(s) dict_keys(['example_short_circuit_operator']) retrieved from /home/airflow/.local/lib/python3.7/site-packages/airflow/example_dags/example_short_circuit_operator.py
[2026-09-28T00:07:11.402+0000] {logging_mixin.py:149} INFO - [2026-09-28T00:07:11.402+0000] {dag.py:2726} INFO - Sync 1 DAGs
[2026-09-28T00:07:11.449+0000] {logging_mixin.py:149} INFO - [2026-09-28T00:07:11.449+0000] {dag.py:3490} INFO - Setting next_dagrun for example_short_circuit_operator to 2026-09-27T00:07:11.449366+00:00, run_after=2026-09-28T00:07:11.449366+00:00
[2026-09-28T00:07:11.483+0000] {processor.py:178} INFO - Processing /home/airflow/.local/lib/python3.7/site-packages/airflow/example_dags/example_short_circuit_operator.py took 0.148 seconds
[2026-09-28T00:07:42.422+0000] {processor.py:156} INFO - Started process (PID=27564) to work on /home/airflow/.local/lib/python3.7/site-packages/airflow/example_dags/example_short_circuit_operator.py
[2026-09-28T00:07:42.424+0000] {processor.py:799} INFO - Processing file /home/airflow/.local/lib/python3.7/site-packages/airflow/example_dags/example_short_circuit_operator.py for tasks to queue
[2026-09-28T00:07:42.425+0000] {logging_mixin.py:149} INFO - [2026-09-28T00:07:42.424+0000] {dagbag.py:541} INFO - Filling up the DagBag from /home/airflow/.local/lib/python3.7/site-packages/airflow/example_dags/example_short_circuit_operator.py
[2026-09-28T00:07:42.446+0000] {processor.py:809} INFO - DAG(s) dict_keys(['example_short_circuit_operator']) retrieved from /home/airflow/.local/lib/python3.7/site-packages/airflow/example_dags/example_short_circuit_operator.py
[2026-09-28T00:07:42.499+0000] {logging_mixin.py:149} INFO - [2026-09-28T00:07:42.499+0000] {dag.py:2726} INFO - Sync 1 DAGs
[2026-09-28T00:07:42.545+0000] {logging_mixin.py:149} INFO - [2026-09-28T00:07:42.545+0000] {dag.py:3490} INFO - Setting next_dagrun for example_short_circuit_operator to 2026-09-27T00:07:42.544987+00:00, run_after=2026-09-28T00:07:42.544987+00:00
[2026-09-28T00:07:42.575+0000] {processor.py:178} INFO - Processing /home/airflow/.local/lib/python3.7/site-packages/airflow/example_dags/example_short_circuit_operator.py took 0.160 seconds
[2026-09-28T00:08:13.426+0000] {processor.py:156} INFO - Started process (PID=27623) to work on /home/airflow/.local/lib/python3.7/site-packages/airflow/example_dags/example_short_circuit_operator.py
[2026-09-28T00:08:13.433+0000] {processor.py:799} INFO - Processing file /home/airflow/.local/lib/python3.7/site-packages/airflow/example_dags/example_short_circuit_operator.py for tasks to queue
[2026-09-28T00:08:13.434+0000] {logging_mixin.py:149} INFO - [2026-09-28T00:08:13.434+0000] {dagbag.py:541} INFO - Filling up the DagBag from /home/airflow/.local/lib/python3.7/site-packages/airflow/example_dags/example_short_circuit_operator.py
[2026-09-28T00:08:13.452+0000] {processor.py:809} INFO - DAG(s) dict_keys(['example_short_circuit_operator']) retrieved from /home/airflow/.local/lib/python3.7/site-packages/airflow/example_dags/example_short_circuit_operator.py
[2026-09-28T00:08:13.498+0000] {logging_mixin.py:149} INFO - [2026-09-28T00:08:13.497+0000] {dag.py:2726} INFO - Sync 1 DAGs
[2026-09-28T00:08:13.542+0000] {logging_mixin.py:149} INFO - [2026-09-28T00:08:13.541+0000] {dag.py:3490} INFO - Setting next_dagrun for example_short_circuit_operator to 2026-09-27T00:08:13.541501+00:00, run_after=2026-09-28T00:08:13.541501+00:00
[2026-09-28T00:08:13.574+0000] {processor.py:178} INFO - Processing /home/airflow/.local/lib/python3.7/site-packages/airflow/example_dags/example_short_circuit_operator.py took 0.155 seconds
[2026-09-28T00:08:44.851+0000] {processor.py:156} INFO - Started process (PID=27681) to work on /home/airflow/.local/lib/python3.7/site-packages/airflow/example_dags/example_short_circuit_operator.py
[2026-09-28T00:08:44.853+0000] {processor.py:799} INFO - Processing file /home/airflow/.local/lib/python3.7/site-packages/airflow/example_dags/example_short_circuit_operator.py for tasks to queue
[2026-09-28T00:08:44.854+0000] {logging_mixin.py:149} INFO - [2026-09-28T00:08:44.854+0000] {dagbag.py:541} INFO - Filling up the DagBag from /home/airflow/.local/lib/python3.7/site-packages/airflow/example_dags/example_short_circuit_operator.py
[2026-09-28T00:08:44.869+0000] {processor.py:809} INFO - DAG(s) dict_keys(['example_short_circuit_operator']) retrieved from /home/airflow/.local/lib/python3.7/site-packages/airflow/example_dags/example_short_circuit_operator.py
[2026-09-28T00:08:44.928+0000] {logging_mixin.py:149} INFO - [2026-09-28T00:08:44.927+0000] {dag.py:2726} INFO - Sync 1 DAGs
[2026-09-28T00:08:44.975+0000] {logging_mixin.py:149} INFO - [2026-09-28T00:08:44.975+0000] {dag.py:3490} INFO - Setting next_dagrun for example_short_circuit_operator to 2026-09-27T00:08:44.975116+00:00, run_after=2026-09-28T00:08:44.975116+00:00
[2026-09-28T00:08:45.008+0000] {processor.py:178} INFO - Processing /home/airflow/.local/lib/python3.7/site-packages/airflow/example_dags/example_short_circuit_operator.py took 0.164 seconds
[2026-09-28T00:09:15.828+0000] {processor.py:156} INFO - Started process (PID=27739) to work on /home/airflow/.local/lib/python3.7/site-packages/airflow/example_dags/example_short_circuit_operator.py
[2026-09-28T00:09:15.830+0000] {processor.py:799} INFO - Processing file /home/airflow/.local/lib/python3.7/site-packages/airflow/example_dags/example_short_circuit_operator.py for tasks to queue
[2026-09-28T00:09:15.831+0000] {logging_mixin.py:149} INFO - [2026-09-28T00:09:15.831+0000] {dagbag.py:541} INFO - Filling up the DagBag from /home/airflow/.local/lib/python3.7/site-packages/airflow/example_dags/example_short_circuit_operator.py
[2026-09-28T00:09:15.845+0000] {processor.py:809} INFO - DAG(s) dict_keys(['example_short_circuit_operator']) retrieved from /home/airflow/.local/lib/python3.7/site-packages/airflow/example_dags/example_short_circuit_operator.py
[2026-09-28T00:09:15.904+0000] {logging_mixin.py:149} INFO - [2026-09-28T00:09:15.904+0000] {dag.py:2726} INFO - Sync 1 DAGs
[2026-09-28T00:09:15.952+0000] {logging_mixin.py:149} INFO - [2026-09-28T00:09:15.952+0000] {dag.py:3490} INFO - Setting next_dagrun for example_short_circuit_operator to 2026-09-27T00:09:15.952025+00:00, run_after=2026-09-28T00:09:15.952025+00:00
[2026-09-28T00:09:15.984+0000] {processor.py:178} INFO - Processing /home/airflow/.local/lib/python3.7/site-packages/airflow/example_dags/example_short_circuit_operator.py took 0.161 seconds
[2026-09-28T00:09:46.816+0000] {processor.py:156} INFO - Started process (PID=27797) to work on /home/airflow/.local/lib/python3.7/site-packages/airflow/example_dags/example_short_circuit_operator.py
[2026-09-28T00:09:46.820+0000] {processor.py:799} INFO - Processing file /home/airflow/.local/lib/python3.7/site-packages/airflow/example_dags/example_short_circuit_operator.py for tasks to queue
[2026-09-28T00:09:46.821+0000] {logging_mixin.py:149} INFO - [2026-09-28T00:09:46.820+0000] {dagbag.py:541} INFO - Filling up the DagBag from /home/airflow/.local/lib/python3.7/site-packages/airflow/example_dags/example_short_circuit_operator.py
[2026-09-28T00:09:46.835+0000] {processor.py:809} INFO - DAG(s) dict_keys(['example_short_circuit_operator']) retrieved from /home/airflow/.local/lib/python3.7/site-packages/airflow/example_dags/example_short_circuit_operator.py
[2026-09-28T00:09:46.884+0000] {logging_mixin.py:149} INFO - [2026-09-28T00:09:46.883+0000] {dag.py:2726} INFO - Sync 1 DAGs
[2026-09-28T00:09:46.930+0000] {logging_mixin.py:149} INFO - [2026-09-28T00:09:46.930+0000] {dag.py:3490} INFO - Setting next_dagrun for example_short_circuit_operator to 2026-09-27T00:09:46.930317+00:00, run_after=2026-09-28T00:09:46.930317+00:00
[2026-09-28T00:09:46.966+0000] {processor.py:178} INFO - Processing /home/airflow/.local/lib/python3.7/site-packages/airflow/example_dags/example_short_circuit_operator.py took 0.156 seconds
[2026-09-28T00:10:17.846+0000] {processor.py:156} INFO - Started process (PID=27855) to work on /home/airflow/.local/lib/python3.7/site-packages/airflow/example_dags/example_short_circuit_operator.py
[2026-09-28T00:10:17.848+0000] {processor.py:799} INFO - Processing file /home/airflow/.local/lib/python3.7/site-packages/airflow/example_dags/example_short_circuit_operator.py for tasks to queue
[2026-09-28T00:10:17.849+0000] {logging_mixin.py:149} INFO - [2026-09-28T00:10:17.849+0000] {dagbag.py:541} INFO - Filling up the DagBag from /home/airflow/.local/lib/python3.7/site-packages/airflow/example_dags/example_short_circuit_operator.py
[2026-09-28T00:10:17.862+0000] {processor.py:809} INFO - DAG(s) dict_keys(['example_short_circuit_operator']) retrieved from /home/airflow/.local/lib/python3.7/site-packages/airflow/example_dags/example_short_circuit_operator.py
[2026-09-28T00:10:17.924+0000] {logging_mixin.py:149} INFO - [2026-09-28T00:10:17.924+0000] {dag.py:2726} INFO - Sync 1 DAGs
[2026-09-28T00:10:17.975+0000] {logging_mixin.py:149} INFO - [2026-09-28T00:10:17.975+0000] {dag.py:3490} INFO - Setting next_dagrun for example_short_circuit_operator to 2026-09-27T00:10:17.974788+00:00, run_after=2026-09-28T00:10:17.974788+00:00
[2026-09-28T00:10:18.016+0000] {processor.py:178} INFO - Processing /home/airflow/.local/lib/python3.7/site-packages/airflow/example_dags/example_short_circuit_operator.py took 0.175 seconds
[2026-09-28T00:10:48.354+0000] {processor.py:156} INFO - Started process (PID=27913) to work on /home/airflow/.local/lib/python3.7/site-packages/airflow/example_dags/example_short_circuit_operator.py
[2026-09-28T00:10:48.358+0000] {processor.py:799} INFO - Processing file /home/airflow/.local/lib/python3.7/site-packages/airflow/example_dags/example_short_circuit_operator.py for tasks to queue
[2026-09-28T00:10:48.359+0000] {logging_mixin.py:149} INFO - [2026-09-28T00:10:48.359+0000] {dagbag.py:541} INFO - Filling up the DagBag from /home/airflow/.local/lib/python3.7/site-packages/airflow/example_dags/example_short_circuit_operator.py
[2026-09-28T00:10:48.375+0000] {processor.py:809} INFO - DAG(s) dict_keys(['example_short_circuit_operator']) retrieved from /home/airflow/.local/lib/python3.7/site-packages/airflow/example_dags/example_short_circuit_operator.py
[2026-09-28T00:10:48.426+0000] {logging_mixin.py:149} INFO - [2026-09-28T00:10:48.426+0000] {dag.py:2726} INFO - Sync 1 DAGs
[2026-09-28T00:10:48.472+0000] {logging_mixin.py:149} INFO - [2026-09-28T00:10:48.471+0000] {dag.py:3490} INFO - Setting next_dagrun for example_short_circuit_operator to 2026-09-27T00:10:48.471617+00:00, run_after=2026-09-28T00:10:48.471617+00:00
[2026-09-28T00:10:48.501+0000] {processor.py:178} INFO - Processing /home/airflow/.local/lib/python3.7/site-packages/airflow/example_dags/example_short_circuit_operator.py took 0.153 seconds
[2026-09-28T00:11:19.071+0000] {processor.py:156} INFO - Started process (PID=27971) to work on /home/airflow/.local/lib/python3.7/site-packages/airflow/example_dags/example_short_circuit_operator.py
[2026-09-28T00:11:19.073+0000] {processor.py:799} INFO - Processing file /home/airflow/.local/lib/python3.7/site-packages/airflow/example_dags/example_short_circuit_operator.py for tasks to queue
[2026-09-28T00:11:19.074+0000] {logging_mixin.py:149} INFO - [2026-09-28T00:11:19.074+0000] {dagbag.py:541} INFO - Filling up the DagBag from /home/airflow/.local/lib/python3.7/site-packages/airflow/example_dags/example_short_circuit_operator.py
[2026-09-28T00:11:19.087+0000] {processor.py:809} INFO - DAG(s) dict_keys(['example_short_circuit_operator']) retrieved from /home/airflow/.local/lib/python3.7/site-packages/airflow/example_dags/example_short_circuit_operator.py
[2026-09-28T00:11:19.134+0000] {logging_mixin.py:149} INFO - [2026-09-28T00:11:19.133+0000] {dag.py:2726} INFO - Sync 1 DAGs
[2026-09-28T00:11:19.177+0000] {logging_mixin.py:149} INFO - [2026-09-28T00:11:19.176+0000] {dag.py:3490} INFO - Setting next_dagrun for example_short_circuit_operator to 2026-09-27T00:11:19.176428+00:00, run_after=2026-09-28T00:11:19.176428+00:00
[2026-09-28T00:11:19.205+0000] {processor.py:178} INFO - Processing /home/airflow/.local/lib/python3.7/site-packages/airflow/example_dags/example_short_circuit_operator.py took 0.140 seconds
[2026-09-28T00:11:49.787+0000] {processor.py:156} INFO - Started process (PID=28029) to work on /home/airflow/.local/lib/python3.7/site-packages/airflow/example_dags/example_short_circuit_operator.py
[2026-09-28T00:11:49.788+0000] {processor.py:799} INFO - Processing file /home/airflow/.local/lib/python3.7/site-packages/airflow/example_dags/example_short_circuit_operator.py for tasks to queue
[2026-09-28T00:11:49.790+0000] {logging_mixin.py:149} INFO - [2026-09-28T00:11:49.789+0000] {dagbag.py:541} INFO - Filling up the DagBag from /home/airflow/.local/lib/python3.7/site-packages/airflow/example_dags/example_short_circuit_operator.py
[2026-09-28T00:11:49.803+0000] {processor.py:809} INFO - DAG(s) dict_keys(['example_short_circuit_operator']) retrieved from /home/airflow/.local/lib/python3.7/site-packages/airflow/example_dags/example_short_circuit_operator.py
[2026-09-28T00:11:49.849+0000] {logging_mixin.py:149} INFO - [2026-09-28T00:11:49.848+0000] {dag.py:2726} INFO - Sync 1 DAGs
[2026-09-28T00:11:49.892+0000] {logging_mixin.py:149} INFO - [2026-09-28T00:11:49.892+0000] {dag.py:3490} INFO - Setting next_dagrun for example_short_circuit_operator to 2026-09-27T00:11:49.892109+00:00, run_after=2026-09-28T00:11:49.892109+00:00
[2026-09-28T00:11:49.926+0000] {processor.py:178} INFO - Processing /home/airflow/.local/lib/python3.7/site-packages/airflow/example_dags/example_short_circuit_operator.py took 0.146 seconds
[2026-09-28T00:12:20.282+0000] {processor.py:156} INFO - Started process (PID=28087) to work on /home/airflow/.local/lib/python3.7/site-packages/airflow/example_dags/example_short_circuit_operator.py
[2026-09-28T00:12:20.283+0000] {processor.py:799} INFO - Processing file /home/airflow/.local/lib/python3.7/site-packages/airflow/example_dags/example_short_circuit_operator.py for tasks to queue
[2026-09-28T00:12:20.285+0000] {logging_mixin.py:149} INFO - [2026-09-28T00:12:20.284+0000] {dagbag.py:541} INFO - Filling up the DagBag from /home/airflow/.local/lib/python3.7/site-packages/airflow/example_dags/example_short_circuit_operator.py
[2026-09-28T00:12:20.300+0000] {processor.py:809} INFO - DAG(s) dict_keys(['example_short_circuit_operator']) retrieved from /home/airflow/.local/lib/python3.7/site-packages/airflow/example_dags/example_short_circuit_operator.py
[2026-09-28T00:12:20.354+0000] {logging_mixin.py:149} INFO - [2026-09-28T00:12:20.354+0000] {dag.py:2726} INFO - Sync 1 DAGs
[2026-09-28T00:12:20.406+0000] {logging_mixin.py:149} INFO - [2026-09-28T00:12:20.406+0000] {dag.py:3490} INFO - Setting next_dagrun for example_short_circuit_operator to 2026-09-27T00:12:20.406095+00:00, run_after=2026-09-28T00:12:20.406095+00:00
[2026-09-28T00:12:20.442+0000] {processor.py:178} INFO - Processing /home/airflow/.local/lib/python3.7/site-packages/airflow/example_dags/example_short_circuit_operator.py took 0.168 seconds
[2026-09-28T00:12:51.019+0000] {processor.py:156} INFO - Started process (PID=28144) to work on /home/airflow/.local/lib/python3.7/site-packages/airflow/example_dags/example_short_circuit_operator.py
[2026-09-28T00:12:51.021+0000] {processor.py:799} INFO - Processing file /home/airflow/.local/lib/python3.7/site-packages/airflow/example_dags/example_short_circuit_operator.py for tasks to queue
[2026-09-28T00:12:51.022+0000] {logging_mixin.py:149} INFO - [2026-09-28T00:12:51.022+0000] {dagbag.py:541} INFO - Filling up the DagBag from /home/airflow/.local/lib/python3.7/site-packages/airflow/example_dags/example_short_circuit_operator.py
[2026-09-28T00:12:51.036+0000] {processor.py:809} INFO - DAG(s) dict_keys(['example_short_circuit_operator']) retrieved from /home/airflow/.local/lib/python3.7/site-packages/airflow/example_dags/example_short_circuit_operator.py
[2026-09-28T00:12:51.087+0000] {logging_mixin.py:149} INFO - [2026-09-28T00:12:51.086+0000] {dag.py:2726} INFO - Sync 1 DAGs
[2026-09-28T00:12:51.142+0000] {logging_mixin.py:149} INFO - [2026-09-28T00:12:51.141+0000] {dag.py:3490} INFO - Setting next_dagrun for example_short_circuit_operator to 2026-09-27T00:12:51.141472+00:00, run_after=2026-09-28T00:12:51.141472+00:00
[2026-09-28T00:12:51.176+0000] {processor.py:178} INFO - Processing /home/airflow/.local/lib/python3.7/site-packages/airflow/example_dags/example_short_circuit_operator.py took 0.162 seconds
[2026-09-28T00:13:21.874+0000] {processor.py:156} INFO - Started process (PID=28214) to work on /home/airflow/.local/lib/python3.7/site-packages/airflow/example_dags/example_short_circuit_operator.py
[2026-09-28T00:13:21.875+0000] {processor.py:799} INFO - Processing file /home/airflow/.local/lib/python3.7/site-packages/airflow/example_dags/example_short_circuit_operator.py for tasks to queue
[2026-09-28T00:13:21.876+0000] {logging_mixin.py:149} INFO - [2026-09-28T00:13:21.876+0000] {dagbag.py:541} INFO - Filling up the DagBag from /home/airflow/.local/lib/python3.7/site-packages/airflow/example_dags/example_short_circuit_operator.py
[2026-09-28T00:13:21.889+0000] {processor.py:809} INFO - DAG(s) dict_keys(['example_short_circuit_operator']) retrieved from /home/airflow/.local/lib/python3.7/site-packages/airflow/example_dags/example_short_circuit_operator.py
[2026-09-28T00:13:21.939+0000] {logging_mixin.py:149} INFO - [2026-09-28T00:13:21.939+0000] {dag.py:2726} INFO - Sync 1 DAGs
[2026-09-28T00:13:21.993+0000] {logging_mixin.py:149} INFO - [2026-09-28T00:13:21.993+0000] {dag.py:3490} INFO - Setting next_dagrun for example_short_circuit_operator to 2026-09-27T00:13:21.993068+00:00, run_after=2026-09-28T00:13:21.993068+00:00
[2026-09-28T00:13:22.030+0000] {processor.py:178} INFO - Processing /home/airflow/.local/lib/python3.7/site-packages/airflow/example_dags/example_short_circuit_operator.py took 0.162 seconds
[2026-09-28T00:13:52.605+0000] {processor.py:156} INFO - Started process (PID=28284) to work on /home/airflow/.local/lib/python3.7/site-packages/airflow/example_dags/example_short_circuit_operator.py
[2026-09-28T00:13:52.607+0000] {processor.py:799} INFO - Processing file /home/airflow/.local/lib/python3.7/site-packages/airflow/example_dags/example_short_circuit_operator.py for tasks to queue
[2026-09-28T00:13:52.608+0000] {logging_mixin.py:149} INFO - [2026-09-28T00:13:52.608+0000] {dagbag.py:541} INFO - Filling up the DagBag from /home/airflow/.local/lib/python3.7/site-packages/airflow/example_dags/example_short_circuit_operator.py
[2026-09-28T00:13:52.622+0000] {processor.py:809} INFO - DAG(s) dict_keys(['example_short_circuit_operator']) retrieved from /home/airflow/.local/lib/python3.7/site-packages/airflow/example_dags/example_short_circuit_operator.py
[2026-09-28T00:13:52.667+0000] {logging_mixin.py:149} INFO - [2026-09-28T00:13:52.667+0000] {dag.py:2726} INFO - Sync 1 DAGs
[2026-09-28T00:13:52.714+0000] {logging_mixin.py:149} INFO - [2026-09-28T00:13:52.713+0000] {dag.py:3490} INFO - Setting next_dagrun for example_short_circuit_operator to 2026-09-27T00:13:52.712939+00:00, run_after=2026-09-28T00:13:52.712939+00:00
[2026-09-28T00:13:52.747+0000] {processor.py:178} INFO - Processing /home/airflow/.local/lib/python3.7/site-packages/airflow/example_dags/example_short_circuit_operator.py took 0.148 seconds
[2026-09-28T00:14:23.515+0000] {processor.py:156} INFO - Started process (PID=28342) to work on /home/airflow/.local/lib/python3.7/site-packages/airflow/example_dags/example_short_circuit_operator.py
[2026-09-28T00:14:23.517+0000] {processor.py:799} INFO - Processing file /home/airflow/.local/lib/python3.7/site-packages/airflow/example_dags/example_short_circuit_operator.py for tasks to queue
[2026-09-28T00:14:23.518+0000] {logging_mixin.py:149} INFO - [2026-09-28T00:14:23.518+0000] {dagbag.py:541} INFO - Filling up the DagBag from /home/airflow/.local/lib/python3.7/site-packages/airflow/example_dags/example_short_circuit_operator.py
[2026-09-28T00:14:23.531+0000] {processor.py:809} INFO - DAG(s) dict_keys(['example_short_circuit_operator']) retrieved from /home/airflow/.local/lib/python3.7/site-packages/airflow/example_dags/example_short_circuit_operator.py
[2026-09-28T00:14:23.579+0000] {logging_mixin.py:149} INFO - [2026-09-28T00:14:23.578+0000] {dag.py:2726} INFO - Sync 1 DAGs
[2026-09-28T00:14:23.623+0000] {logging_mixin.py:149} INFO - [2026-09-28T00:14:23.622+0000] {dag.py:3490} INFO - Setting next_dagrun for example_short_circuit_operator to 2026-09-27T00:14:23.622608+00:00, run_after=2026-09-28T00:14:23.622608+00:00
[2026-09-28T00:14:23.656+0000] {processor.py:178} INFO - Processing /home/airflow/.local/lib/python3.7/site-packages/airflow/example_dags/example_short_circuit_operator.py took 0.146 seconds
[2026-09-28T00:14:53.976+0000] {processor.py:156} INFO - Started process (PID=28398) to work on /home/airflow/.local/lib/python3.7/site-packages/airflow/example_dags/example_short_circuit_operator.py
[2026-09-28T00:14:53.987+0000] {processor.py:799} INFO - Processing file /home/airflow/.local/lib/python3.7/site-packages/airflow/example_dags/example_short_circuit_operator.py for tasks to queue
[2026-09-28T00:14:53.988+0000] {logging_mixin.py:149} INFO - [2026-09-28T00:14:53.988+0000] {dagbag.py:541} INFO - Filling up the DagBag from /home/airflow/.local/lib/python3.7/site-packages/airflow/example_dags/example_short_circuit_operator.py
[2026-09-28T00:14:54.004+0000] {processor.py:809} INFO - DAG(s) dict_keys(['example_short_circuit_operator']) retrieved from /home/airflow/.local/lib/python3.7/site-packages/airflow/example_dags/example_short_circuit_operator.py
[2026-09-28T00:14:54.054+0000] {logging_mixin.py:149} INFO - [2026-09-28T00:14:54.053+0000] {dag.py:2726} INFO - Sync 1 DAGs
[2026-09-28T00:14:54.288+0000] {logging_mixin.py:149} INFO - [2026-09-28T00:14:54.288+0000] {dag.py:3490} INFO - Setting next_dagrun for example_short_circuit_operator to 2026-09-27T00:14:54.288433+00:00, run_after=2026-09-28T00:14:54.288433+00:00
[2026-09-28T00:14:54.324+0000] {processor.py:178} INFO - Processing /home/airflow/.local/lib/python3.7/site-packages/airflow/example_dags/example_short_circuit_operator.py took 0.357 seconds
[2026-09-28T00:15:24.584+0000] {processor.py:156} INFO - Started process (PID=28456) to work on /home/airflow/.local/lib/python3.7/site-packages/airflow/example_dags/example_short_circuit_operator.py
[2026-09-28T00:15:24.587+0000] {processor.py:799} INFO - Processing file /home/airflow/.local/lib/python3.7/site-packages/airflow/example_dags/example_short_circuit_operator.py for tasks to queue
[2026-09-28T00:15:24.588+0000] {logging_mixin.py:149} INFO - [2026-09-28T00:15:24.588+0000] {dagbag.py:541} INFO - Filling up the DagBag from /home/airflow/.local/lib/python3.7/site-packages/airflow/example_dags/example_short_circuit_operator.py
[2026-09-28T00:15:24.602+0000] {processor.py:809} INFO - DAG(s) dict_keys(['example_short_circuit_operator']) retrieved from /home/airflow/.local/lib/python3.7/site-packages/airflow/example_dags/example_short_circuit_operator.py
[2026-09-28T00:15:24.656+0000] {logging_mixin.py:149} INFO - [2026-09-28T00:15:24.656+0000] {dag.py:2726} INFO - Sync 1 DAGs
[2026-09-28T00:15:24.705+0000] {logging_mixin.py:149} INFO - [2026-09-28T00:15:24.705+0000] {dag.py:3490} INFO - Setting next_dagrun for example_short_circuit_operator to 2026-09-27T00:15:24.705138+00:00, run_after=2026-09-28T00:15:24.705138+00:00
[2026-09-28T00:15:24.941+0000] {processor.py:178} INFO - Processing /home/airflow/.local/lib/python3.7/site-packages/airflow/example_dags/example_short_circuit_operator.py took 0.363 seconds
[2026-09-28T00:15:55.227+0000] {processor.py:156} INFO - Started process (PID=28514) to work on /home/airflow/.local/lib/python3.7/site-packages/airflow/example_dags/example_short_circuit_operator.py
[2026-09-28T00:15:55.229+0000] {processor.py:799} INFO - Processing file /home/airflow/.local/lib/python3.7/site-packages/airflow/example_dags/example_short_circuit_operator.py for tasks to queue
[2026-09-28T00:15:55.230+0000] {logging_mixin.py:149} INFO - [2026-09-28T00:15:55.230+0000] {dagbag.py:541} INFO - Filling up the DagBag from /home/airflow/.local/lib/python3.7/site-packages/airflow/example_dags/example_short_circuit_operator.py
[2026-09-28T00:15:55.245+0000] {processor.py:809} INFO - DAG(s) dict_keys(['example_short_circuit_operator']) retrieved from /home/airflow/.local/lib/python3.7/site-packages/airflow/example_dags/example_short_circuit_operator.py
[2026-09-28T00:15:55.295+0000] {logging_mixin.py:149} INFO - [2026-09-28T00:15:55.294+0000] {dag.py:2726} INFO - Sync 1 DAGs
[2026-09-28T00:15:55.341+0000] {logging_mixin.py:149} INFO - [2026-09-28T00:15:55.341+0000] {dag.py:3490} INFO - Setting next_dagrun for example_short_circuit_operator to 2026-09-27T00:15:55.340762+00:00, run_after=2026-09-28T00:15:55.340762+00:00
[2026-09-28T00:15:55.380+0000] {processor.py:178} INFO - Processing /home/airflow/.local/lib/python3.7/site-packages/airflow/example_dags/example_short_circuit_operator.py took 0.160 seconds
[2026-09-28T00:16:26.298+0000] {processor.py:156} INFO - Started process (PID=28572) to work on /home/airflow/.local/lib/python3.7/site-packages/airflow/example_dags/example_short_circuit_operator.py
[2026-09-28T00:16:26.300+0000] {processor.py:799} INFO - Processing file /home/airflow/.local/lib/python3.7/site-packages/airflow/example_dags/example_short_circuit_operator.py for tasks to queue
[2026-09-28T00:16:26.301+0000] {logging_mixin.py:149} INFO - [2026-09-28T00:16:26.301+0000] {dagbag.py:541} INFO - Filling up the DagBag from /home/airflow/.local/lib/python3.7/site-packages/airflow/example_dags/example_short_circuit_operator.py
[2026-09-28T00:16:26.523+0000] {processor.py:809} INFO - DAG(s) dict_keys(['example_short_circuit_operator']) retrieved from /home/airflow/.local/lib/python3.7/site-packages/airflow/example_dags/example_short_circuit_operator.py
[2026-09-28T00:16:26.564+0000] {logging_mixin.py:149} INFO - [2026-09-28T00:16:26.563+0000] {dag.py:2726} INFO - Sync 1 DAGs
[2026-09-28T00:16:26.604+0000] {logging_mixin.py:149} INFO - [2026-09-28T00:16:26.604+0000] {dag.py:3490} INFO - Setting next_dagrun for example_short_circuit_operator to 2026-09-27T00:16:26.603588+00:00, run_after=2026-09-28T00:16:26.603588+00:00
[2026-09-28T00:16:26.634+0000] {processor.py:178} INFO - Processing /home/airflow/.local/lib/python3.7/site-packages/airflow/example_dags/example_short_circuit_operator.py took 0.343 seconds
[2026-09-28T00:16:57.315+0000] {processor.py:156} INFO - Started process (PID=28631) to work on /home/airflow/.local/lib/python3.7/site-packages/airflow/example_dags/example_short_circuit_operator.py
[2026-09-28T00:16:57.318+0000] {processor.py:799} INFO - Processing file /home/airflow/.local/lib/python3.7/site-packages/airflow/example_dags/example_short_circuit_operator.py for tasks to queue
[2026-09-28T00:16:57.319+0000] {logging_mixin.py:149} INFO - [2026-09-28T00:16:57.318+0000] {dagbag.py:541} INFO - Filling up the DagBag from /home/airflow/.local/lib/python3.7/site-packages/airflow/example_dags/example_short_circuit_operator.py
[2026-09-28T00:16:57.334+0000] {processor.py:809} INFO - DAG(s) dict_keys(['example_short_circuit_operator']) retrieved from /home/airflow/.local/lib/python3.7/site-packages/airflow/example_dags/example_short_circuit_operator.py
[2026-09-28T00:16:57.382+0000] {logging_mixin.py:149} INFO - [2026-09-28T00:16:57.382+0000] {dag.py:2726} INFO - Sync 1 DAGs
[2026-09-28T00:16:57.425+0000] {logging_mixin.py:149} INFO - [2026-09-28T00:16:57.425+0000] {dag.py:3490} INFO - Setting next_dagrun for example_short_circuit_operator to 2026-09-27T00:16:57.425176+00:00, run_after=2026-09-28T00:16:57.425176+00:00
[2026-09-28T00:16:57.460+0000] {processor.py:178} INFO - Processing /home/airflow/.local/lib/python3.7/site-packages/airflow/example_dags/example_short_circuit_operator.py took 0.150 seconds
[2026-09-28T00:17:27.587+0000] {processor.py:156} INFO - Started process (PID=28691) to work on /home/airflow/.local/lib/python3.7/site-packages/airflow/example_dags/example_short_circuit_operator.py
[2026-09-28T00:17:27.590+0000] {processor.py:799} INFO - Processing file /home/airflow/.local/lib/python3.7/site-packages/airflow/example_dags/example_short_circuit_operator.py for tasks to queue
[2026-09-28T00:17:27.591+0000] {logging_mixin.py:149} INFO - [2026-09-28T00:17:27.591+0000] {dagbag.py:541} INFO - Filling up the DagBag from /home/airflow/.local/lib/python3.7/site-packages/airflow/example_dags/example_short_circuit_operator.py
[2026-09-28T00:17:27.608+0000] {processor.py:809} INFO - DAG(s) dict_keys(['example_short_circuit_operator']) retrieved from /home/airflow/.local/lib/python3.7/site-packages/airflow/example_dags/example_short_circuit_operator.py
[2026-09-28T00:17:27.661+0000] {logging_mixin.py:149} INFO - [2026-09-28T00:17:27.661+0000] {dag.py:2726} INFO - Sync 1 DAGs
[2026-09-28T00:17:27.707+0000] {logging_mixin.py:149} INFO - [2026-09-28T00:17:27.707+0000] {dag.py:3490} INFO - Setting next_dagrun for example_short_circuit_operator to 2026-09-27T00:17:27.706778+00:00, run_after=2026-09-28T00:17:27.706778+00:00
[2026-09-28T00:17:27.735+0000] {processor.py:178} INFO - Processing /home/airflow/.local/lib/python3.7/site-packages/airflow/example_dags/example_short_circuit_operator.py took 0.155 seconds
[2026-09-28T00:17:58.033+0000] {processor.py:156} INFO - Started process (PID=28750) to work on /home/airflow/.local/lib/python3.7/site-packages/airflow/example_dags/example_short_circuit_operator.py
[2026-09-28T00:17:58.035+0000] {processor.py:799} INFO - Processing file /home/airflow/.local/lib/python3.7/site-packages/airflow/example_dags/example_short_circuit_operator.py for tasks to queue
[2026-09-28T00:17:58.036+0000] {logging_mixin.py:149} INFO - [2026-09-28T00:17:58.036+0000] {dagbag.py:541} INFO - Filling up the DagBag from /home/airflow/.local/lib/python3.7/site-packages/airflow/example_dags/example_short_circuit_operator.py
[2026-09-28T00:17:58.051+0000] {processor.py:809} INFO - DAG(s) dict_keys(['example_short_circuit_operator']) retrieved from /home/airflow/.local/lib/python3.7/site-packages/airflow/example_dags/example_short_circuit_operator.py
[2026-09-28T00:17:58.098+0000] {logging_mixin.py:149} INFO - [2026-09-28T00:17:58.098+0000] {dag.py:2726} INFO - Sync 1 DAGs
[2026-09-28T00:17:58.153+0000] {logging_mixin.py:149} INFO - [2026-09-28T00:17:58.152+0000] {dag.py:3490} INFO - Setting next_dagrun for example_short_circuit_operator to 2026-09-27T00:17:58.152264+00:00, run_after=2026-09-28T00:17:58.152264+00:00
[2026-09-28T00:17:58.185+0000] {processor.py:178} INFO - Processing /home/airflow/.local/lib/python3.7/site-packages/airflow/example_dags/example_short_circuit_operator.py took 0.159 seconds
[2026-09-28T00:18:28.500+0000] {processor.py:156} INFO - Started process (PID=28809) to work on /home/airflow/.local/lib/python3.7/site-packages/airflow/example_dags/example_short_circuit_operator.py
[2026-09-28T00:18:28.502+0000] {processor.py:799} INFO - Processing file /home/airflow/.local/lib/python3.7/site-packages/airflow/example_dags/example_short_circuit_operator.py for tasks to queue
[2026-09-28T00:18:28.503+0000] {logging_mixin.py:149} INFO - [2026-09-28T00:18:28.503+0000] {dagbag.py:541} INFO - Filling up the DagBag from /home/airflow/.local/lib/python3.7/site-packages/airflow/example_dags/example_short_circuit_operator.py
[2026-09-28T00:18:28.517+0000] {processor.py:809} INFO - DAG(s) dict_keys(['example_short_circuit_operator']) retrieved from /home/airflow/.local/lib/python3.7/site-packages/airflow/example_dags/example_short_circuit_operator.py
[2026-09-28T00:18:28.563+0000] {logging_mixin.py:149} INFO - [2026-09-28T00:18:28.562+0000] {dag.py:2726} INFO - Sync 1 DAGs
[2026-09-28T00:18:28.606+0000] {logging_mixin.py:149} INFO - [2026-09-28T00:18:28.606+0000] {dag.py:3490} INFO - Setting next_dagrun for example_short_circuit_operator to 2026-09-27T00:18:28.606180+00:00, run_after=2026-09-28T00:18:28.606180+00:00
[2026-09-28T00:18:28.644+0000] {processor.py:178} INFO - Processing /home/airflow/.local/lib/python3.7/site-packages/airflow/example_dags/example_short_circuit_operator.py took 0.152 seconds
[2026-09-28T00:18:59.010+0000] {processor.py:156} INFO - Started process (PID=28868) to work on /home/airflow/.local/lib/python3.7/site-packages/airflow/example_dags/example_short_circuit_operator.py
[2026-09-28T00:18:59.021+0000] {processor.py:799} INFO - Processing file /home/airflow/.local/lib/python3.7/site-packages/airflow/example_dags/example_short_circuit_operator.py for tasks to queue
[2026-09-28T00:18:59.022+0000] {logging_mixin.py:149} INFO - [2026-09-28T00:18:59.022+0000] {dagbag.py:541} INFO - Filling up the DagBag from /home/airflow/.local/lib/python3.7/site-packages/airflow/example_dags/example_short_circuit_operator.py
[2026-09-28T00:18:59.044+0000] {processor.py:809} INFO - DAG(s) dict_keys(['example_short_circuit_operator']) retrieved from /home/airflow/.local/lib/python3.7/site-packages/airflow/example_dags/example_short_circuit_operator.py
[2026-09-28T00:18:59.092+0000] {logging_mixin.py:149} INFO - [2026-09-28T00:18:59.092+0000] {dag.py:2726} INFO - Sync 1 DAGs
[2026-09-28T00:18:59.141+0000] {logging_mixin.py:149} INFO - [2026-09-28T00:18:59.141+0000] {dag.py:3490} INFO - Setting next_dagrun for example_short_circuit_operator to 2026-09-27T00:18:59.140265+00:00, run_after=2026-09-28T00:18:59.140265+00:00
[2026-09-28T00:18:59.173+0000] {processor.py:178} INFO - Processing /home/airflow/.local/lib/python3.7/site-packages/airflow/example_dags/example_short_circuit_operator.py took 0.171 seconds
[2026-09-28T00:19:29.398+0000] {processor.py:156} INFO - Started process (PID=28927) to work on /home/airflow/.local/lib/python3.7/site-packages/airflow/example_dags/example_short_circuit_operator.py
[2026-09-28T00:19:29.400+0000] {processor.py:799} INFO - Processing file /home/airflow/.local/lib/python3.7/site-packages/airflow/example_dags/example_short_circuit_operator.py for tasks to queue
[2026-09-28T00:19:29.401+0000] {logging_mixin.py:149} INFO - [2026-09-28T00:19:29.401+0000] {dagbag.py:541} INFO - Filling up the DagBag from /home/airflow/.local/lib/python3.7/site-packages/airflow/example_dags/example_short_circuit_operator.py
[2026-09-28T00:19:29.423+0000] {processor.py:809} INFO - DAG(s) dict_keys(['example_short_circuit_operator']) retrieved from /home/airflow/.local/lib/python3.7/site-packages/airflow/example_dags/example_short_circuit_operator.py
[2026-09-28T00:19:29.490+0000] {logging_mixin.py:149} INFO - [2026-09-28T00:19:29.485+0000] {dag.py:2726} INFO - Sync 1 DAGs
[2026-09-28T00:19:29.550+0000] {logging_mixin.py:149} INFO - [2026-09-28T00:19:29.549+0000] {dag.py:3490} INFO - Setting next_dagrun for example_short_circuit_operator to 2026-09-27T00:19:29.549594+00:00, run_after=2026-09-28T00:19:29.549594+00:00
[2026-09-28T00:19:29.579+0000] {processor.py:178} INFO - Processing /home/airflow/.local/lib/python3.7/site-packages/airflow/example_dags/example_short_circuit_operator.py took 0.191 seconds
[2026-09-28T00:19:59.921+0000] {processor.py:156} INFO - Started process (PID=28986) to work on /home/airflow/.local/lib/python3.7/site-packages/airflow/example_dags/example_short_circuit_operator.py
[2026-09-28T00:19:59.923+0000] {processor.py:799} INFO - Processing file /home/airflow/.local/lib/python3.7/site-packages/airflow/example_dags/example_short_circuit_operator.py for tasks to queue
[2026-09-28T00:19:59.924+0000] {logging_mixin.py:149} INFO - [2026-09-28T00:19:59.924+0000] {dagbag.py:541} INFO - Filling up the DagBag from /home/airflow/.local/lib/python3.7/site-packages/airflow/example_dags/example_short_circuit_operator.py
[2026-09-28T00:19:59.937+0000] {processor.py:809} INFO - DAG(s) dict_keys(['example_short_circuit_operator']) retrieved from /home/airflow/.local/lib/python3.7/site-packages/airflow/example_dags/example_short_circuit_operator.py
[2026-09-28T00:19:59.984+0000] {logging_mixin.py:149} INFO - [2026-09-28T00:19:59.984+0000] {dag.py:2726} INFO - Sync 1 DAGs
[2026-09-28T00:20:00.028+0000] {logging_mixin.py:149} INFO - [2026-09-28T00:20:00.028+0000] {dag.py:3490} INFO - Setting next_dagrun for example_short_circuit_operator to 2026-09-27T00:20:00.028022+00:00, run_after=2026-09-28T00:20:00.028022+00:00
[2026-09-28T00:20:00.057+0000] {processor.py:178} INFO - Processing /home/airflow/.local/lib/python3.7/site-packages/airflow/example_dags/example_short_circuit_operator.py took 0.142 seconds
[2026-09-28T00:20:31.209+0000] {processor.py:156} INFO - Started process (PID=29061) to work on /home/airflow/.local/lib/python3.7/site-packages/airflow/example_dags/example_short_circuit_operator.py
[2026-09-28T00:20:31.211+0000] {processor.py:799} INFO - Processing file /home/airflow/.local/lib/python3.7/site-packages/airflow/example_dags/example_short_circuit_operator.py for tasks to queue
[2026-09-28T00:20:31.212+0000] {logging_mixin.py:149} INFO - [2026-09-28T00:20:31.212+0000] {dagbag.py:541} INFO - Filling up the DagBag from /home/airflow/.local/lib/python3.7/site-packages/airflow/example_dags/example_short_circuit_operator.py
[2026-09-28T00:20:31.228+0000] {processor.py:809} INFO - DAG(s) dict_keys(['example_short_circuit_operator']) retrieved from /home/airflow/.local/lib/python3.7/site-packages/airflow/example_dags/example_short_circuit_operator.py
[2026-09-28T00:20:31.274+0000] {logging_mixin.py:149} INFO - [2026-09-28T00:20:31.274+0000] {dag.py:2726} INFO - Sync 1 DAGs
[2026-09-28T00:20:31.323+0000] {logging_mixin.py:149} INFO - [2026-09-28T00:20:31.322+0000] {dag.py:3490} INFO - Setting next_dagrun for example_short_circuit_operator to 2026-09-27T00:20:31.322285+00:00, run_after=2026-09-28T00:20:31.322285+00:00
[2026-09-28T00:20:31.353+0000] {processor.py:178} INFO - Processing /home/airflow/.local/lib/python3.7/site-packages/airflow/example_dags/example_short_circuit_operator.py took 0.151 seconds
[2026-09-28T00:21:01.457+0000] {processor.py:156} INFO - Started process (PID=29133) to work on /home/airflow/.local/lib/python3.7/site-packages/airflow/example_dags/example_short_circuit_operator.py
[2026-09-28T00:21:01.459+0000] {processor.py:799} INFO - Processing file /home/airflow/.local/lib/python3.7/site-packages/airflow/example_dags/example_short_circuit_operator.py for tasks to queue
[2026-09-28T00:21:01.460+0000] {logging_mixin.py:149} INFO - [2026-09-28T00:21:01.459+0000] {dagbag.py:541} INFO - Filling up the DagBag from /home/airflow/.local/lib/python3.7/site-packages/airflow/example_dags/example_short_circuit_operator.py
[2026-09-28T00:21:01.479+0000] {processor.py:809} INFO - DAG(s) dict_keys(['example_short_circuit_operator']) retrieved from /home/airflow/.local/lib/python3.7/site-packages/airflow/example_dags/example_short_circuit_operator.py
[2026-09-28T00:21:01.529+0000] {logging_mixin.py:149} INFO - [2026-09-28T00:21:01.528+0000] {dag.py:2726} INFO - Sync 1 DAGs
[2026-09-28T00:21:01.576+0000] {logging_mixin.py:149} INFO - [2026-09-28T00:21:01.576+0000] {dag.py:3490} INFO - Setting next_dagrun for example_short_circuit_operator to 2026-09-27T00:21:01.575707+00:00, run_after=2026-09-28T00:21:01.575707+00:00
[2026-09-28T00:21:01.612+0000] {processor.py:178} INFO - Processing /home/airflow/.local/lib/python3.7/site-packages/airflow/example_dags/example_short_circuit_operator.py took 0.162 seconds
[2026-09-28T00:21:31.994+0000] {processor.py:156} INFO - Started process (PID=29191) to work on /home/airflow/.local/lib/python3.7/site-packages/airflow/example_dags/example_short_circuit_operator.py
[2026-09-28T00:21:31.996+0000] {processor.py:799} INFO - Processing file /home/airflow/.local/lib/python3.7/site-packages/airflow/example_dags/example_short_circuit_operator.py for tasks to queue
[2026-09-28T00:21:31.997+0000] {logging_mixin.py:149} INFO - [2026-09-28T00:21:31.997+0000] {dagbag.py:541} INFO - Filling up the DagBag from /home/airflow/.local/lib/python3.7/site-packages/airflow/example_dags/example_short_circuit_operator.py
[2026-09-28T00:21:32.012+0000] {processor.py:809} INFO - DAG(s) dict_keys(['example_short_circuit_operator']) retrieved from /home/airflow/.local/lib/python3.7/site-packages/airflow/example_dags/example_short_circuit_operator.py
[2026-09-28T00:21:32.056+0000] {logging_mixin.py:149} INFO - [2026-09-28T00:21:32.055+0000] {dag.py:2726} INFO - Sync 1 DAGs
[2026-09-28T00:21:32.096+0000] {logging_mixin.py:149} INFO - [2026-09-28T00:21:32.095+0000] {dag.py:3490} INFO - Setting next_dagrun for example_short_circuit_operator to 2026-09-27T00:21:32.095555+00:00, run_after=2026-09-28T00:21:32.095555+00:00
[2026-09-28T00:21:32.125+0000] {processor.py:178} INFO - Processing /home/airflow/.local/lib/python3.7/site-packages/airflow/example_dags/example_short_circuit_operator.py took 0.136 seconds
[2026-09-28T00:22:02.678+0000] {processor.py:156} INFO - Started process (PID=29250) to work on /home/airflow/.local/lib/python3.7/site-packages/airflow/example_dags/example_short_circuit_operator.py
[2026-09-28T00:22:02.679+0000] {processor.py:799} INFO - Processing file /home/airflow/.local/lib/python3.7/site-packages/airflow/example_dags/example_short_circuit_operator.py for tasks to queue
[2026-09-28T00:22:02.680+0000] {logging_mixin.py:149} INFO - [2026-09-28T00:22:02.680+0000] {dagbag.py:541} INFO - Filling up the DagBag from /home/airflow/.local/lib/python3.7/site-packages/airflow/example_dags/example_short_circuit_operator.py
[2026-09-28T00:22:02.696+0000] {processor.py:809} INFO - DAG(s) dict_keys(['example_short_circuit_operator']) retrieved from /home/airflow/.local/lib/python3.7/site-packages/airflow/example_dags/example_short_circuit_operator.py
[2026-09-28T00:22:02.748+0000] {logging_mixin.py:149} INFO - [2026-09-28T00:22:02.748+0000] {dag.py:2726} INFO - Sync 1 DAGs
[2026-09-28T00:22:02.798+0000] {logging_mixin.py:149} INFO - [2026-09-28T00:22:02.798+0000] {dag.py:3490} INFO - Setting next_dagrun for example_short_circuit_operator to 2026-09-27T00:22:02.797512+00:00, run_after=2026-09-28T00:22:02.797512+00:00
[2026-09-28T00:22:02.832+0000] {processor.py:178} INFO - Processing /home/airflow/.local/lib/python3.7/site-packages/airflow/example_dags/example_short_circuit_operator.py took 0.161 seconds
[2026-09-28T00:22:33.404+0000] {processor.py:156} INFO - Started process (PID=29310) to work on /home/airflow/.local/lib/python3.7/site-packages/airflow/example_dags/example_short_circuit_operator.py
[2026-09-28T00:22:33.406+0000] {processor.py:799} INFO - Processing file /home/airflow/.local/lib/python3.7/site-packages/airflow/example_dags/example_short_circuit_operator.py for tasks to queue
[2026-09-28T00:22:33.407+0000] {logging_mixin.py:149} INFO - [2026-09-28T00:22:33.407+0000] {dagbag.py:541} INFO - Filling up the DagBag from /home/airflow/.local/lib/python3.7/site-packages/airflow/example_dags/example_short_circuit_operator.py
[2026-09-28T00:22:33.424+0000] {processor.py:809} INFO - DAG(s) dict_keys(['example_short_circuit_operator']) retrieved from /home/airflow/.local/lib/python3.7/site-packages/airflow/example_dags/example_short_circuit_operator.py
[2026-09-28T00:22:33.476+0000] {logging_mixin.py:149} INFO - [2026-09-28T00:22:33.476+0000] {dag.py:2726} INFO - Sync 1 DAGs
[2026-09-28T00:22:33.521+0000] {logging_mixin.py:149} INFO - [2026-09-28T00:22:33.521+0000] {dag.py:3490} INFO - Setting next_dagrun for example_short_circuit_operator to 2026-09-27T00:22:33.520940+00:00, run_after=2026-09-28T00:22:33.520940+00:00
[2026-09-28T00:22:33.550+0000] {processor.py:178} INFO - Processing /home/airflow/.local/lib/python3.7/site-packages/airflow/example_dags/example_short_circuit_operator.py took 0.154 seconds
[2026-09-28T00:23:03.712+0000] {processor.py:156} INFO - Started process (PID=29369) to work on /home/airflow/.local/lib/python3.7/site-packages/airflow/example_dags/example_short_circuit_operator.py
[2026-09-28T00:23:03.714+0000] {processor.py:799} INFO - Processing file /home/airflow/.local/lib/python3.7/site-packages/airflow/example_dags/example_short_circuit_operator.py for tasks to queue
[2026-09-28T00:23:03.715+0000] {logging_mixin.py:149} INFO - [2026-09-28T00:23:03.715+0000] {dagbag.py:541} INFO - Filling up the DagBag from /home/airflow/.local/lib/python3.7/site-packages/airflow/example_dags/example_short_circuit_operator.py
[2026-09-28T00:23:03.730+0000] {processor.py:809} INFO - DAG(s) dict_keys(['example_short_circuit_operator']) retrieved from /home/airflow/.local/lib/python3.7/site-packages/airflow/example_dags/example_short_circuit_operator.py
[2026-09-28T00:23:03.782+0000] {logging_mixin.py:149} INFO - [2026-09-28T00:23:03.782+0000] {dag.py:2726} INFO - Sync 1 DAGs
[2026-09-28T00:23:03.830+0000] {logging_mixin.py:149} INFO - [2026-09-28T00:23:03.830+0000] {dag.py:3490} INFO - Setting next_dagrun for example_short_circuit_operator to 2026-09-27T00:23:03.829919+00:00, run_after=2026-09-28T00:23:03.829919+00:00
[2026-09-28T00:23:03.864+0000] {processor.py:178} INFO - Processing /home/airflow/.local/lib/python3.7/site-packages/airflow/example_dags/example_short_circuit_operator.py took 0.158 seconds
[2026-09-28T00:23:34.558+0000] {processor.py:156} INFO - Started process (PID=29428) to work on /home/airflow/.local/lib/python3.7/site-packages/airflow/example_dags/example_short_circuit_operator.py
[2026-09-28T00:23:34.559+0000] {processor.py:799} INFO - Processing file /home/airflow/.local/lib/python3.7/site-packages/airflow/example_dags/example_short_circuit_operator.py for tasks to queue
[2026-09-28T00:23:34.561+0000] {logging_mixin.py:149} INFO - [2026-09-28T00:23:34.560+0000] {dagbag.py:541} INFO - Filling up the DagBag from /home/airflow/.local/lib/python3.7/site-packages/airflow/example_dags/example_short_circuit_operator.py
[2026-09-28T00:23:34.575+0000] {processor.py:809} INFO - DAG(s) dict_keys(['example_short_circuit_operator']) retrieved from /home/airflow/.local/lib/python3.7/site-packages/airflow/example_dags/example_short_circuit_operator.py
[2026-09-28T00:23:34.632+0000] {logging_mixin.py:149} INFO - [2026-09-28T00:23:34.631+0000] {dag.py:2726} INFO - Sync 1 DAGs
[2026-09-28T00:23:34.674+0000] {logging_mixin.py:149} INFO - [2026-09-28T00:23:34.674+0000] {dag.py:3490} INFO - Setting next_dagrun for example_short_circuit_operator to 2026-09-27T00:23:34.673827+00:00, run_after=2026-09-28T00:23:34.673827+00:00
[2026-09-28T00:23:34.702+0000] {processor.py:178} INFO - Processing /home/airflow/.local/lib/python3.7/site-packages/airflow/example_dags/example_short_circuit_operator.py took 0.150 seconds
[2026-09-28T00:24:05.378+0000] {processor.py:156} INFO - Started process (PID=29487) to work on /home/airflow/.local/lib/python3.7/site-packages/airflow/example_dags/example_short_circuit_operator.py
[2026-09-28T00:24:05.379+0000] {processor.py:799} INFO - Processing file /home/airflow/.local/lib/python3.7/site-packages/airflow/example_dags/example_short_circuit_operator.py for tasks to queue
[2026-09-28T00:24:05.382+0000] {logging_mixin.py:149} INFO - [2026-09-28T00:24:05.382+0000] {dagbag.py:541} INFO - Filling up the DagBag from /home/airflow/.local/lib/python3.7/site-packages/airflow/example_dags/example_short_circuit_operator.py
[2026-09-28T00:24:05.397+0000] {processor.py:809} INFO - DAG(s) dict_keys(['example_short_circuit_operator']) retrieved from /home/airflow/.local/lib/python3.7/site-packages/airflow/example_dags/example_short_circuit_operator.py
[2026-09-28T00:24:05.446+0000] {logging_mixin.py:149} INFO - [2026-09-28T00:24:05.445+0000] {dag.py:2726} INFO - Sync 1 DAGs
[2026-09-28T00:24:05.491+0000] {logging_mixin.py:149} INFO - [2026-09-28T00:24:05.490+0000] {dag.py:3490} INFO - Setting next_dagrun for example_short_circuit_operator to 2026-09-27T00:24:05.490445+00:00, run_after=2026-09-28T00:24:05.490445+00:00
[2026-09-28T00:24:05.525+0000] {processor.py:178} INFO - Processing /home/airflow/.local/lib/python3.7/site-packages/airflow/example_dags/example_short_circuit_operator.py took 0.154 seconds
[2026-09-28T00:24:35.902+0000] {processor.py:156} INFO - Started process (PID=29546) to work on /home/airflow/.local/lib/python3.7/site-packages/airflow/example_dags/example_short_circuit_operator.py
[2026-09-28T00:24:35.905+0000] {processor.py:799} INFO - Processing file /home/airflow/.local/lib/python3.7/site-packages/airflow/example_dags/example_short_circuit_operator.py for tasks to queue
[2026-09-28T00:24:35.906+0000] {logging_mixin.py:149} INFO - [2026-09-28T00:24:35.906+0000] {dagbag.py:541} INFO - Filling up the DagBag from /home/airflow/.local/lib/python3.7/site-packages/airflow/example_dags/example_short_circuit_operator.py
[2026-09-28T00:24:35.921+0000] {processor.py:809} INFO - DAG(s) dict_keys(['example_short_circuit_operator']) retrieved from /home/airflow/.local/lib/python3.7/site-packages/airflow/example_dags/example_short_circuit_operator.py
[2026-09-28T00:24:35.966+0000] {logging_mixin.py:149} INFO - [2026-09-28T00:24:35.966+0000] {dag.py:2726} INFO - Sync 1 DAGs
[2026-09-28T00:24:36.010+0000] {logging_mixin.py:149} INFO - [2026-09-28T00:24:36.010+0000] {dag.py:3490} INFO - Setting next_dagrun for example_short_circuit_operator to 2026-09-27T00:24:36.010132+00:00, run_after=2026-09-28T00:24:36.010132+00:00
[2026-09-28T00:24:36.043+0000] {processor.py:178} INFO - Processing /home/airflow/.local/lib/python3.7/site-packages/airflow/example_dags/example_short_circuit_operator.py took 0.157 seconds
[2026-09-28T00:25:06.725+0000] {processor.py:156} INFO - Started process (PID=29605) to work on /home/airflow/.local/lib/python3.7/site-packages/airflow/example_dags/example_short_circuit_operator.py
[2026-09-28T00:25:06.727+0000] {processor.py:799} INFO - Processing file /home/airflow/.local/lib/python3.7/site-packages/airflow/example_dags/example_short_circuit_operator.py for tasks to queue
[2026-09-28T00:25:06.728+0000] {logging_mixin.py:149} INFO - [2026-09-28T00:25:06.728+0000] {dagbag.py:541} INFO - Filling up the DagBag from /home/airflow/.local/lib/python3.7/site-packages/airflow/example_dags/example_short_circuit_operator.py
[2026-09-28T00:25:06.746+0000] {processor.py:809} INFO - DAG(s) dict_keys(['example_short_circuit_operator']) retrieved from /home/airflow/.local/lib/python3.7/site-packages/airflow/example_dags/example_short_circuit_operator.py
[2026-09-28T00:25:06.799+0000] {logging_mixin.py:149} INFO - [2026-09-28T00:25:06.799+0000] {dag.py:2726} INFO - Sync 1 DAGs
[2026-09-28T00:25:06.850+0000] {logging_mixin.py:149} INFO - [2026-09-28T00:25:06.850+0000] {dag.py:3490} INFO - Setting next_dagrun for example_short_circuit_operator to 2026-09-27T00:25:06.850285+00:00, run_after=2026-09-28T00:25:06.850285+00:00
[2026-09-28T00:25:06.881+0000] {processor.py:178} INFO - Processing /home/airflow/.local/lib/python3.7/site-packages/airflow/example_dags/example_short_circuit_operator.py took 0.163 seconds
[2026-09-28T00:25:37.537+0000] {processor.py:156} INFO - Started process (PID=29664) to work on /home/airflow/.local/lib/python3.7/site-packages/airflow/example_dags/example_short_circuit_operator.py
[2026-09-28T00:25:37.544+0000] {processor.py:799} INFO - Processing file /home/airflow/.local/lib/python3.7/site-packages/airflow/example_dags/example_short_circuit_operator.py for tasks to queue
[2026-09-28T00:25:37.545+0000] {logging_mixin.py:149} INFO - [2026-09-28T00:25:37.545+0000] {dagbag.py:541} INFO - Filling up the DagBag from /home/airflow/.local/lib/python3.7/site-packages/airflow/example_dags/example_short_circuit_operator.py
[2026-09-28T00:25:37.561+0000] {processor.py:809} INFO - DAG(s) dict_keys(['example_short_circuit_operator']) retrieved from /home/airflow/.local/lib/python3.7/site-packages/airflow/example_dags/example_short_circuit_operator.py
[2026-09-28T00:25:37.605+0000] {logging_mixin.py:149} INFO - [2026-09-28T00:25:37.605+0000] {dag.py:2726} INFO - Sync 1 DAGs
[2026-09-28T00:25:37.653+0000] {logging_mixin.py:149} INFO - [2026-09-28T00:25:37.652+0000] {dag.py:3490} INFO - Setting next_dagrun for example_short_circuit_operator to 2026-09-27T00:25:37.652340+00:00, run_after=2026-09-28T00:25:37.652340+00:00
[2026-09-28T00:25:37.684+0000] {processor.py:178} INFO - Processing /home/airflow/.local/lib/python3.7/site-packages/airflow/example_dags/example_short_circuit_operator.py took 0.154 seconds
[2026-09-28T00:26:07.929+0000] {processor.py:156} INFO - Started process (PID=29723) to work on /home/airflow/.local/lib/python3.7/site-packages/airflow/example_dags/example_short_circuit_operator.py
[2026-09-28T00:26:07.931+0000] {processor.py:799} INFO - Processing file /home/airflow/.local/lib/python3.7/site-packages/airflow/example_dags/example_short_circuit_operator.py for tasks to queue
[2026-09-28T00:26:07.932+0000] {logging_mixin.py:149} INFO - [2026-09-28T00:26:07.932+0000] {dagbag.py:541} INFO - Filling up the DagBag from /home/airflow/.local/lib/python3.7/site-packages/airflow/example_dags/example_short_circuit_operator.py
[2026-09-28T00:26:07.947+0000] {processor.py:809} INFO - DAG(s) dict_keys(['example_short_circuit_operator']) retrieved from /home/airflow/.local/lib/python3.7/site-packages/airflow/example_dags/example_short_circuit_operator.py
[2026-09-28T00:26:07.994+0000] {logging_mixin.py:149} INFO - [2026-09-28T00:26:07.993+0000] {dag.py:2726} INFO - Sync 1 DAGs
[2026-09-28T00:26:08.040+0000] {logging_mixin.py:149} INFO - [2026-09-28T00:26:08.040+0000] {dag.py:3490} INFO - Setting next_dagrun for example_short_circuit_operator to 2026-09-27T00:26:08.039908+00:00, run_after=2026-09-28T00:26:08.039908+00:00
[2026-09-28T00:26:08.069+0000] {processor.py:178} INFO - Processing /home/airflow/.local/lib/python3.7/site-packages/airflow/example_dags/example_short_circuit_operator.py took 0.149 seconds
[2026-09-28T00:26:38.650+0000] {processor.py:156} INFO - Started process (PID=29782) to work on /home/airflow/.local/lib/python3.7/site-packages/airflow/example_dags/example_short_circuit_operator.py
[2026-09-28T00:26:38.655+0000] {processor.py:799} INFO - Processing file /home/airflow/.local/lib/python3.7/site-packages/airflow/example_dags/example_short_circuit_operator.py for tasks to queue
[2026-09-28T00:26:38.657+0000] {logging_mixin.py:149} INFO - [2026-09-28T00:26:38.656+0000] {dagbag.py:541} INFO - Filling up the DagBag from /home/airflow/.local/lib/python3.7/site-packages/airflow/example_dags/example_short_circuit_operator.py
[2026-09-28T00:26:38.671+0000] {processor.py:809} INFO - DAG(s) dict_keys(['example_short_circuit_operator']) retrieved from /home/airflow/.local/lib/python3.7/site-packages/airflow/example_dags/example_short_circuit_operator.py
[2026-09-28T00:26:38.723+0000] {logging_mixin.py:149} INFO - [2026-09-28T00:26:38.722+0000] {dag.py:2726} INFO - Sync 1 DAGs
[2026-09-28T00:26:38.769+0000] {logging_mixin.py:149} INFO - [2026-09-28T00:26:38.769+0000] {dag.py:3490} INFO - Setting next_dagrun for example_short_circuit_operator to 2026-09-27T00:26:38.769031+00:00, run_after=2026-09-28T00:26:38.769031+00:00
[2026-09-28T00:26:38.800+0000] {processor.py:178} INFO - Processing /home/airflow/.local/lib/python3.7/site-packages/airflow/example_dags/example_short_circuit_operator.py took 0.158 seconds
[2026-09-28T00:27:08.934+0000] {processor.py:156} INFO - Started process (PID=29842) to work on /home/airflow/.local/lib/python3.7/site-packages/airflow/example_dags/example_short_circuit_operator.py
[2026-09-28T00:27:08.935+0000] {processor.py:799} INFO - Processing file /home/airflow/.local/lib/python3.7/site-packages/airflow/example_dags/example_short_circuit_operator.py for tasks to queue
[2026-09-28T00:27:08.937+0000] {logging_mixin.py:149} INFO - [2026-09-28T00:27:08.936+0000] {dagbag.py:541} INFO - Filling up the DagBag from /home/airflow/.local/lib/python3.7/site-packages/airflow/example_dags/example_short_circuit_operator.py
[2026-09-28T00:27:08.950+0000] {processor.py:809} INFO - DAG(s) dict_keys(['example_short_circuit_operator']) retrieved from /home/airflow/.local/lib/python3.7/site-packages/airflow/example_dags/example_short_circuit_operator.py
[2026-09-28T00:27:08.995+0000] {logging_mixin.py:149} INFO - [2026-09-28T00:27:08.994+0000] {dag.py:2726} INFO - Sync 1 DAGs
[2026-09-28T00:27:09.041+0000] {logging_mixin.py:149} INFO - [2026-09-28T00:27:09.041+0000] {dag.py:3490} INFO - Setting next_dagrun for example_short_circuit_operator to 2026-09-27T00:27:09.040845+00:00, run_after=2026-09-28T00:27:09.040845+00:00
[2026-09-28T00:27:09.071+0000] {processor.py:178} INFO - Processing /home/airflow/.local/lib/python3.7/site-packages/airflow/example_dags/example_short_circuit_operator.py took 0.143 seconds
[2026-09-28T00:27:39.968+0000] {processor.py:156} INFO - Started process (PID=29902) to work on /home/airflow/.local/lib/python3.7/site-packages/airflow/example_dags/example_short_circuit_operator.py
[2026-09-28T00:27:39.970+0000] {processor.py:799} INFO - Processing file /home/airflow/.local/lib/python3.7/site-packages/airflow/example_dags/example_short_circuit_operator.py for tasks to queue
[2026-09-28T00:27:39.971+0000] {logging_mixin.py:149} INFO - [2026-09-28T00:27:39.971+0000] {dagbag.py:541} INFO - Filling up the DagBag from /home/airflow/.local/lib/python3.7/site-packages/airflow/example_dags/example_short_circuit_operator.py
[2026-09-28T00:27:39.987+0000] {processor.py:809} INFO - DAG(s) dict_keys(['example_short_circuit_operator']) retrieved from /home/airflow/.local/lib/python3.7/site-packages/airflow/example_dags/example_short_circuit_operator.py
[2026-09-28T00:27:40.046+0000] {logging_mixin.py:149} INFO - [2026-09-28T00:27:40.045+0000] {dag.py:2726} INFO - Sync 1 DAGs
[2026-09-28T00:27:40.091+0000] {logging_mixin.py:149} INFO - [2026-09-28T00:27:40.091+0000] {dag.py:3490} INFO - Setting next_dagrun for example_short_circuit_operator to 2026-09-27T00:27:40.091008+00:00, run_after=2026-09-28T00:27:40.091008+00:00
[2026-09-28T00:27:40.121+0000] {processor.py:178} INFO - Processing /home/airflow/.local/lib/python3.7/site-packages/airflow/example_dags/example_short_circuit_operator.py took 0.160 seconds
[2026-09-28T00:28:10.939+0000] {processor.py:156} INFO - Started process (PID=29961) to work on /home/airflow/.local/lib/python3.7/site-packages/airflow/example_dags/example_short_circuit_operator.py
[2026-09-28T00:28:10.941+0000] {processor.py:799} INFO - Processing file /home/airflow/.local/lib/python3.7/site-packages/airflow/example_dags/example_short_circuit_operator.py for tasks to queue
[2026-09-28T00:28:10.942+0000] {logging_mixin.py:149} INFO - [2026-09-28T00:28:10.942+0000] {dagbag.py:541} INFO - Filling up the DagBag from /home/airflow/.local/lib/python3.7/site-packages/airflow/example_dags/example_short_circuit_operator.py
[2026-09-28T00:28:10.958+0000] {processor.py:809} INFO - DAG(s) dict_keys(['example_short_circuit_operator']) retrieved from /home/airflow/.local/lib/python3.7/site-packages/airflow/example_dags/example_short_circuit_operator.py
[2026-09-28T00:28:11.007+0000] {logging_mixin.py:149} INFO - [2026-09-28T00:28:11.007+0000] {dag.py:2726} INFO - Sync 1 DAGs
[2026-09-28T00:28:11.053+0000] {logging_mixin.py:149} INFO - [2026-09-28T00:28:11.053+0000] {dag.py:3490} INFO - Setting next_dagrun for example_short_circuit_operator to 2026-09-27T00:28:11.053184+00:00, run_after=2026-09-28T00:28:11.053184+00:00
[2026-09-28T00:28:11.086+0000] {processor.py:178} INFO - Processing /home/airflow/.local/lib/python3.7/site-packages/airflow/example_dags/example_short_circuit_operator.py took 0.153 seconds
[2026-09-28T00:28:41.696+0000] {processor.py:156} INFO - Started process (PID=30021) to work on /home/airflow/.local/lib/python3.7/site-packages/airflow/example_dags/example_short_circuit_operator.py
[2026-09-28T00:28:41.698+0000] {processor.py:799} INFO - Processing file /home/airflow/.local/lib/python3.7/site-packages/airflow/example_dags/example_short_circuit_operator.py for tasks to queue
[2026-09-28T00:28:41.699+0000] {logging_mixin.py:149} INFO - [2026-09-28T00:28:41.699+0000] {dagbag.py:541} INFO - Filling up the DagBag from /home/airflow/.local/lib/python3.7/site-packages/airflow/example_dags/example_short_circuit_operator.py
[2026-09-28T00:28:41.718+0000] {processor.py:809} INFO - DAG(s) dict_keys(['example_short_circuit_operator']) retrieved from /home/airflow/.local/lib/python3.7/site-packages/airflow/example_dags/example_short_circuit_operator.py
[2026-09-28T00:28:41.769+0000] {logging_mixin.py:149} INFO - [2026-09-28T00:28:41.768+0000] {dag.py:2726} INFO - Sync 1 DAGs
[2026-09-28T00:28:41.823+0000] {logging_mixin.py:149} INFO - [2026-09-28T00:28:41.823+0000] {dag.py:3490} INFO - Setting next_dagrun for example_short_circuit_operator to 2026-09-27T00:28:41.823311+00:00, run_after=2026-09-28T00:28:41.823311+00:00
[2026-09-28T00:28:41.864+0000] {processor.py:178} INFO - Processing /home/airflow/.local/lib/python3.7/site-packages/airflow/example_dags/example_short_circuit_operator.py took 0.175 seconds
[2026-09-28T00:29:12.118+0000] {processor.py:156} INFO - Started process (PID=30081) to work on /home/airflow/.local/lib/python3.7/site-packages/airflow/example_dags/example_short_circuit_operator.py
[2026-09-28T00:29:12.120+0000] {processor.py:799} INFO - Processing file /home/airflow/.local/lib/python3.7/site-packages/airflow/example_dags/example_short_circuit_operator.py for tasks to queue
[2026-09-28T00:29:12.121+0000] {logging_mixin.py:149} INFO - [2026-09-28T00:29:12.121+0000] {dagbag.py:541} INFO - Filling up the DagBag from /home/airflow/.local/lib/python3.7/site-packages/airflow/example_dags/example_short_circuit_operator.py
[2026-09-28T00:29:12.137+0000] {processor.py:809} INFO - DAG(s) dict_keys(['example_short_circuit_operator']) retrieved from /home/airflow/.local/lib/python3.7/site-packages/airflow/example_dags/example_short_circuit_operator.py
[2026-09-28T00:29:12.189+0000] {logging_mixin.py:149} INFO - [2026-09-28T00:29:12.188+0000] {dag.py:2726} INFO - Sync 1 DAGs
[2026-09-28T00:29:12.242+0000] {logging_mixin.py:149} INFO - [2026-09-28T00:29:12.242+0000] {dag.py:3490} INFO - Setting next_dagrun for example_short_circuit_operator to 2026-09-27T00:29:12.241665+00:00, run_after=2026-09-28T00:29:12.241665+00:00
[2026-09-28T00:29:12.276+0000] {processor.py:178} INFO - Processing /home/airflow/.local/lib/python3.7/site-packages/airflow/example_dags/example_short_circuit_operator.py took 0.164 seconds
[2026-09-28T00:29:43.383+0000] {processor.py:156} INFO - Started process (PID=30140) to work on /home/airflow/.local/lib/python3.7/site-packages/airflow/example_dags/example_short_circuit_operator.py
[2026-09-28T00:29:43.385+0000] {processor.py:799} INFO - Processing file /home/airflow/.local/lib/python3.7/site-packages/airflow/example_dags/example_short_circuit_operator.py for tasks to queue
[2026-09-28T00:29:43.387+0000] {logging_mixin.py:149} INFO - [2026-09-28T00:29:43.386+0000] {dagbag.py:541} INFO - Filling up the DagBag from /home/airflow/.local/lib/python3.7/site-packages/airflow/example_dags/example_short_circuit_operator.py
[2026-09-28T00:29:43.403+0000] {processor.py:809} INFO - DAG(s) dict_keys(['example_short_circuit_operator']) retrieved from /home/airflow/.local/lib/python3.7/site-packages/airflow/example_dags/example_short_circuit_operator.py
[2026-09-28T00:29:43.461+0000] {logging_mixin.py:149} INFO - [2026-09-28T00:29:43.461+0000] {dag.py:2726} INFO - Sync 1 DAGs
[2026-09-28T00:29:43.508+0000] {logging_mixin.py:149} INFO - [2026-09-28T00:29:43.507+0000] {dag.py:3490} INFO - Setting next_dagrun for example_short_circuit_operator to 2026-09-27T00:29:43.507623+00:00, run_after=2026-09-28T00:29:43.507623+00:00
[2026-09-28T00:29:43.548+0000] {processor.py:178} INFO - Processing /home/airflow/.local/lib/python3.7/site-packages/airflow/example_dags/example_short_circuit_operator.py took 0.174 seconds
[2026-09-28T00:30:13.589+0000] {processor.py:156} INFO - Started process (PID=30208) to work on /home/airflow/.local/lib/python3.7/site-packages/airflow/example_dags/example_short_circuit_operator.py
[2026-09-28T00:30:13.593+0000] {processor.py:799} INFO - Processing file /home/airflow/.local/lib/python3.7/site-packages/airflow/example_dags/example_short_circuit_operator.py for tasks to queue
[2026-09-28T00:30:13.595+0000] {logging_mixin.py:149} INFO - [2026-09-28T00:30:13.594+0000] {dagbag.py:541} INFO - Filling up the DagBag from /home/airflow/.local/lib/python3.7/site-packages/airflow/example_dags/example_short_circuit_operator.py
[2026-09-28T00:30:13.608+0000] {processor.py:809} INFO - DAG(s) dict_keys(['example_short_circuit_operator']) retrieved from /home/airflow/.local/lib/python3.7/site-packages/airflow/example_dags/example_short_circuit_operator.py
[2026-09-28T00:30:13.660+0000] {logging_mixin.py:149} INFO - [2026-09-28T00:30:13.659+0000] {dag.py:2726} INFO - Sync 1 DAGs
[2026-09-28T00:30:13.716+0000] {logging_mixin.py:149} INFO - [2026-09-28T00:30:13.716+0000] {dag.py:3490} INFO - Setting next_dagrun for example_short_circuit_operator to 2026-09-27T00:30:13.715782+00:00, run_after=2026-09-28T00:30:13.715782+00:00
[2026-09-28T00:30:13.746+0000] {processor.py:178} INFO - Processing /home/airflow/.local/lib/python3.7/site-packages/airflow/example_dags/example_short_circuit_operator.py took 0.164 seconds
[2026-09-28T00:30:44.132+0000] {processor.py:156} INFO - Started process (PID=30272) to work on /home/airflow/.local/lib/python3.7/site-packages/airflow/example_dags/example_short_circuit_operator.py
[2026-09-28T00:30:44.134+0000] {processor.py:799} INFO - Processing file /home/airflow/.local/lib/python3.7/site-packages/airflow/example_dags/example_short_circuit_operator.py for tasks to queue
[2026-09-28T00:30:44.135+0000] {logging_mixin.py:149} INFO - [2026-09-28T00:30:44.135+0000] {dagbag.py:541} INFO - Filling up the DagBag from /home/airflow/.local/lib/python3.7/site-packages/airflow/example_dags/example_short_circuit_operator.py
[2026-09-28T00:30:44.148+0000] {processor.py:809} INFO - DAG(s) dict_keys(['example_short_circuit_operator']) retrieved from /home/airflow/.local/lib/python3.7/site-packages/airflow/example_dags/example_short_circuit_operator.py
[2026-09-28T00:30:44.197+0000] {logging_mixin.py:149} INFO - [2026-09-28T00:30:44.197+0000] {dag.py:2726} INFO - Sync 1 DAGs
[2026-09-28T00:30:44.252+0000] {logging_mixin.py:149} INFO - [2026-09-28T00:30:44.252+0000] {dag.py:3490} INFO - Setting next_dagrun for example_short_circuit_operator to 2026-09-27T00:30:44.251823+00:00, run_after=2026-09-28T00:30:44.251823+00:00
[2026-09-28T00:30:44.283+0000] {processor.py:178} INFO - Processing /home/airflow/.local/lib/python3.7/site-packages/airflow/example_dags/example_short_circuit_operator.py took 0.156 seconds
[2026-09-28T00:31:14.556+0000] {processor.py:156} INFO - Started process (PID=30331) to work on /home/airflow/.local/lib/python3.7/site-packages/airflow/example_dags/example_short_circuit_operator.py
[2026-09-28T00:31:14.557+0000] {processor.py:799} INFO - Processing file /home/airflow/.local/lib/python3.7/site-packages/airflow/example_dags/example_short_circuit_operator.py for tasks to queue
[2026-09-28T00:31:14.558+0000] {logging_mixin.py:149} INFO - [2026-09-28T00:31:14.558+0000] {dagbag.py:541} INFO - Filling up the DagBag from /home/airflow/.local/lib/python3.7/site-packages/airflow/example_dags/example_short_circuit_operator.py
[2026-09-28T00:31:14.572+0000] {processor.py:809} INFO - DAG(s) dict_keys(['example_short_circuit_operator']) retrieved from /home/airflow/.local/lib/python3.7/site-packages/airflow/example_dags/example_short_circuit_operator.py
[2026-09-28T00:31:14.619+0000] {logging_mixin.py:149} INFO - [2026-09-28T00:31:14.618+0000] {dag.py:2726} INFO - Sync 1 DAGs
[2026-09-28T00:31:14.665+0000] {logging_mixin.py:149} INFO - [2026-09-28T00:31:14.665+0000] {dag.py:3490} INFO - Setting next_dagrun for example_short_circuit_operator to 2026-09-27T00:31:14.664788+00:00, run_after=2026-09-28T00:31:14.664788+00:00
[2026-09-28T00:31:14.703+0000] {processor.py:178} INFO - Processing /home/airflow/.local/lib/python3.7/site-packages/airflow/example_dags/example_short_circuit_operator.py took 0.153 seconds
[2026-09-28T00:31:45.141+0000] {processor.py:156} INFO - Started process (PID=30390) to work on /home/airflow/.local/lib/python3.7/site-packages/airflow/example_dags/example_short_circuit_operator.py
[2026-09-28T00:31:45.143+0000] {processor.py:799} INFO - Processing file /home/airflow/.local/lib/python3.7/site-packages/airflow/example_dags/example_short_circuit_operator.py for tasks to queue
[2026-09-28T00:31:45.144+0000] {logging_mixin.py:149} INFO - [2026-09-28T00:31:45.144+0000] {dagbag.py:541} INFO - Filling up the DagBag from /home/airflow/.local/lib/python3.7/site-packages/airflow/example_dags/example_short_circuit_operator.py
[2026-09-28T00:31:45.159+0000] {processor.py:809} INFO - DAG(s) dict_keys(['example_short_circuit_operator']) retrieved from /home/airflow/.local/lib/python3.7/site-packages/airflow/example_dags/example_short_circuit_operator.py
[2026-09-28T00:31:45.210+0000] {logging_mixin.py:149} INFO - [2026-09-28T00:31:45.210+0000] {dag.py:2726} INFO - Sync 1 DAGs
[2026-09-28T00:31:45.250+0000] {logging_mixin.py:149} INFO - [2026-09-28T00:31:45.250+0000] {dag.py:3490} INFO - Setting next_dagrun for example_short_circuit_operator to 2026-09-27T00:31:45.250223+00:00, run_after=2026-09-28T00:31:45.250223+00:00
[2026-09-28T00:31:45.284+0000] {processor.py:178} INFO - Processing /home/airflow/.local/lib/python3.7/site-packages/airflow/example_dags/example_short_circuit_operator.py took 0.150 seconds
[2026-09-28T00:32:15.833+0000] {processor.py:156} INFO - Started process (PID=30450) to work on /home/airflow/.local/lib/python3.7/site-packages/airflow/example_dags/example_short_circuit_operator.py
[2026-09-28T00:32:15.835+0000] {processor.py:799} INFO - Processing file /home/airflow/.local/lib/python3.7/site-packages/airflow/example_dags/example_short_circuit_operator.py for tasks to queue
[2026-09-28T00:32:15.836+0000] {logging_mixin.py:149} INFO - [2026-09-28T00:32:15.836+0000] {dagbag.py:541} INFO - Filling up the DagBag from /home/airflow/.local/lib/python3.7/site-packages/airflow/example_dags/example_short_circuit_operator.py
[2026-09-28T00:32:15.850+0000] {processor.py:809} INFO - DAG(s) dict_keys(['example_short_circuit_operator']) retrieved from /home/airflow/.local/lib/python3.7/site-packages/airflow/example_dags/example_short_circuit_operator.py
[2026-09-28T00:32:15.894+0000] {logging_mixin.py:149} INFO - [2026-09-28T00:32:15.893+0000] {dag.py:2726} INFO - Sync 1 DAGs
[2026-09-28T00:32:15.938+0000] {logging_mixin.py:149} INFO - [2026-09-28T00:32:15.938+0000] {dag.py:3490} INFO - Setting next_dagrun for example_short_circuit_operator to 2026-09-27T00:32:15.937724+00:00, run_after=2026-09-28T00:32:15.937724+00:00
[2026-09-28T00:32:15.972+0000] {processor.py:178} INFO - Processing /home/airflow/.local/lib/python3.7/site-packages/airflow/example_dags/example_short_circuit_operator.py took 0.144 seconds
[2026-09-28T00:32:46.572+0000] {processor.py:156} INFO - Started process (PID=30509) to work on /home/airflow/.local/lib/python3.7/site-packages/airflow/example_dags/example_short_circuit_operator.py
[2026-09-28T00:32:46.574+0000] {processor.py:799} INFO - Processing file /home/airflow/.local/lib/python3.7/site-packages/airflow/example_dags/example_short_circuit_operator.py for tasks to queue
[2026-09-28T00:32:46.575+0000] {logging_mixin.py:149} INFO - [2026-09-28T00:32:46.575+0000] {dagbag.py:541} INFO - Filling up the DagBag from /home/airflow/.local/lib/python3.7/site-packages/airflow/example_dags/example_short_circuit_operator.py
[2026-09-28T00:32:46.592+0000] {processor.py:809} INFO - DAG(s) dict_keys(['example_short_circuit_operator']) retrieved from /home/airflow/.local/lib/python3.7/site-packages/airflow/example_dags/example_short_circuit_operator.py
[2026-09-28T00:32:46.688+0000] {logging_mixin.py:149} INFO - [2026-09-28T00:32:46.688+0000] {dag.py:2726} INFO - Sync 1 DAGs
[2026-09-28T00:32:46.785+0000] {logging_mixin.py:149} INFO - [2026-09-28T00:32:46.785+0000] {dag.py:3490} INFO - Setting next_dagrun for example_short_circuit_operator to 2026-09-27T00:32:46.784849+00:00, run_after=2026-09-28T00:32:46.784849+00:00
[2026-09-28T00:32:46.831+0000] {processor.py:178} INFO - Processing /home/airflow/.local/lib/python3.7/site-packages/airflow/example_dags/example_short_circuit_operator.py took 0.265 seconds
[2026-09-28T00:33:16.908+0000] {processor.py:156} INFO - Started process (PID=30567) to work on /home/airflow/.local/lib/python3.7/site-packages/airflow/example_dags/example_short_circuit_operator.py
[2026-09-28T00:33:16.909+0000] {processor.py:799} INFO - Processing file /home/airflow/.local/lib/python3.7/site-packages/airflow/example_dags/example_short_circuit_operator.py for tasks to queue
[2026-09-28T00:33:16.911+0000] {logging_mixin.py:149} INFO - [2026-09-28T00:33:16.910+0000] {dagbag.py:541} INFO - Filling up the DagBag from /home/airflow/.local/lib/python3.7/site-packages/airflow/example_dags/example_short_circuit_operator.py
[2026-09-28T00:33:16.924+0000] {processor.py:809} INFO - DAG(s) dict_keys(['example_short_circuit_operator']) retrieved from /home/airflow/.local/lib/python3.7/site-packages/airflow/example_dags/example_short_circuit_operator.py
[2026-09-28T00:33:16.973+0000] {logging_mixin.py:149} INFO - [2026-09-28T00:33:16.972+0000] {dag.py:2726} INFO - Sync 1 DAGs
[2026-09-28T00:33:17.027+0000] {logging_mixin.py:149} INFO - [2026-09-28T00:33:17.027+0000] {dag.py:3490} INFO - Setting next_dagrun for example_short_circuit_operator to 2026-09-27T00:33:17.026343+00:00, run_after=2026-09-28T00:33:17.026343+00:00
[2026-09-28T00:33:17.059+0000] {processor.py:178} INFO - Processing /home/airflow/.local/lib/python3.7/site-packages/airflow/example_dags/example_short_circuit_operator.py took 0.158 seconds
[2026-09-28T00:33:47.161+0000] {processor.py:156} INFO - Started process (PID=30621) to work on /home/airflow/.local/lib/python3.7/site-packages/airflow/example_dags/example_short_circuit_operator.py
[2026-09-28T00:33:47.163+0000] {processor.py:799} INFO - Processing file /home/airflow/.local/lib/python3.7/site-packages/airflow/example_dags/example_short_circuit_operator.py for tasks to queue
[2026-09-28T00:33:47.164+0000] {logging_mixin.py:149} INFO - [2026-09-28T00:33:47.164+0000] {dagbag.py:541} INFO - Filling up the DagBag from /home/airflow/.local/lib/python3.7/site-packages/airflow/example_dags/example_short_circuit_operator.py
[2026-09-28T00:33:47.178+0000] {processor.py:809} INFO - DAG(s) dict_keys(['example_short_circuit_operator']) retrieved from /home/airflow/.local/lib/python3.7/site-packages/airflow/example_dags/example_short_circuit_operator.py
[2026-09-28T00:33:47.228+0000] {logging_mixin.py:149} INFO - [2026-09-28T00:33:47.227+0000] {dag.py:2726} INFO - Sync 1 DAGs
[2026-09-28T00:33:47.271+0000] {logging_mixin.py:149} INFO - [2026-09-28T00:33:47.270+0000] {dag.py:3490} INFO - Setting next_dagrun for example_short_circuit_operator to 2026-09-27T00:33:47.270387+00:00, run_after=2026-09-28T00:33:47.270387+00:00
[2026-09-28T00:33:47.303+0000] {processor.py:178} INFO - Processing /home/airflow/.local/lib/python3.7/site-packages/airflow/example_dags/example_short_circuit_operator.py took 0.148 seconds
[2026-09-28T00:34:17.466+0000] {processor.py:156} INFO - Started process (PID=30680) to work on /home/airflow/.local/lib/python3.7/site-packages/airflow/example_dags/example_short_circuit_operator.py
[2026-09-28T00:34:17.467+0000] {processor.py:799} INFO - Processing file /home/airflow/.local/lib/python3.7/site-packages/airflow/example_dags/example_short_circuit_operator.py for tasks to queue
[2026-09-28T00:34:17.468+0000] {logging_mixin.py:149} INFO - [2026-09-28T00:34:17.468+0000] {dagbag.py:541} INFO - Filling up the DagBag from /home/airflow/.local/lib/python3.7/site-packages/airflow/example_dags/example_short_circuit_operator.py
[2026-09-28T00:34:17.483+0000] {processor.py:809} INFO - DAG(s) dict_keys(['example_short_circuit_operator']) retrieved from /home/airflow/.local/lib/python3.7/site-packages/airflow/example_dags/example_short_circuit_operator.py
[2026-09-28T00:34:17.525+0000] {logging_mixin.py:149} INFO - [2026-09-28T00:34:17.525+0000] {dag.py:2726} INFO - Sync 1 DAGs
[2026-09-28T00:34:17.567+0000] {logging_mixin.py:149} INFO - [2026-09-28T00:34:17.566+0000] {dag.py:3490} INFO - Setting next_dagrun for example_short_circuit_operator to 2026-09-27T00:34:17.566462+00:00, run_after=2026-09-28T00:34:17.566462+00:00
[2026-09-28T00:34:17.596+0000] {processor.py:178} INFO - Processing /home/airflow/.local/lib/python3.7/site-packages/airflow/example_dags/example_short_circuit_operator.py took 0.136 seconds
[2026-09-28T00:34:48.330+0000] {processor.py:156} INFO - Started process (PID=30751) to work on /home/airflow/.local/lib/python3.7/site-packages/airflow/example_dags/example_short_circuit_operator.py
[2026-09-28T00:34:48.332+0000] {processor.py:799} INFO - Processing file /home/airflow/.local/lib/python3.7/site-packages/airflow/example_dags/example_short_circuit_operator.py for tasks to queue
[2026-09-28T00:34:48.333+0000] {logging_mixin.py:149} INFO - [2026-09-28T00:34:48.333+0000] {dagbag.py:541} INFO - Filling up the DagBag from /home/airflow/.local/lib/python3.7/site-packages/airflow/example_dags/example_short_circuit_operator.py
[2026-09-28T00:34:48.348+0000] {processor.py:809} INFO - DAG(s) dict_keys(['example_short_circuit_operator']) retrieved from /home/airflow/.local/lib/python3.7/site-packages/airflow/example_dags/example_short_circuit_operator.py
[2026-09-28T00:34:48.397+0000] {logging_mixin.py:149} INFO - [2026-09-28T00:34:48.397+0000] {dag.py:2726} INFO - Sync 1 DAGs
[2026-09-28T00:34:48.450+0000] {logging_mixin.py:149} INFO - [2026-09-28T00:34:48.450+0000] {dag.py:3490} INFO - Setting next_dagrun for example_short_circuit_operator to 2026-09-27T00:34:48.449660+00:00, run_after=2026-09-28T00:34:48.449660+00:00
[2026-09-28T00:34:48.479+0000] {processor.py:178} INFO - Processing /home/airflow/.local/lib/python3.7/site-packages/airflow/example_dags/example_short_circuit_operator.py took 0.154 seconds
[2026-09-28T00:35:19.531+0000] {processor.py:156} INFO - Started process (PID=30823) to work on /home/airflow/.local/lib/python3.7/site-packages/airflow/example_dags/example_short_circuit_operator.py
[2026-09-28T00:35:19.537+0000] {processor.py:799} INFO - Processing file /home/airflow/.local/lib/python3.7/site-packages/airflow/example_dags/example_short_circuit_operator.py for tasks to queue
[2026-09-28T00:35:19.539+0000] {logging_mixin.py:149} INFO - [2026-09-28T00:35:19.538+0000] {dagbag.py:541} INFO - Filling up the DagBag from /home/airflow/.local/lib/python3.7/site-packages/airflow/example_dags/example_short_circuit_operator.py
[2026-09-28T00:35:19.555+0000] {processor.py:809} INFO - DAG(s) dict_keys(['example_short_circuit_operator']) retrieved from /home/airflow/.local/lib/python3.7/site-packages/airflow/example_dags/example_short_circuit_operator.py
[2026-09-28T00:35:19.602+0000] {logging_mixin.py:149} INFO - [2026-09-28T00:35:19.602+0000] {dag.py:2726} INFO - Sync 1 DAGs
[2026-09-28T00:35:19.645+0000] {logging_mixin.py:149} INFO - [2026-09-28T00:35:19.645+0000] {dag.py:3490} INFO - Setting next_dagrun for example_short_circuit_operator to 2026-09-27T00:35:19.645352+00:00, run_after=2026-09-28T00:35:19.645352+00:00
[2026-09-28T00:35:19.675+0000] {processor.py:178} INFO - Processing /home/airflow/.local/lib/python3.7/site-packages/airflow/example_dags/example_short_circuit_operator.py took 0.150 seconds
[2026-09-28T00:35:50.627+0000] {processor.py:156} INFO - Started process (PID=30883) to work on /home/airflow/.local/lib/python3.7/site-packages/airflow/example_dags/example_short_circuit_operator.py
[2026-09-28T00:35:50.629+0000] {processor.py:799} INFO - Processing file /home/airflow/.local/lib/python3.7/site-packages/airflow/example_dags/example_short_circuit_operator.py for tasks to queue
[2026-09-28T00:35:50.630+0000] {logging_mixin.py:149} INFO - [2026-09-28T00:35:50.630+0000] {dagbag.py:541} INFO - Filling up the DagBag from /home/airflow/.local/lib/python3.7/site-packages/airflow/example_dags/example_short_circuit_operator.py
[2026-09-28T00:35:50.645+0000] {processor.py:809} INFO - DAG(s) dict_keys(['example_short_circuit_operator']) retrieved from /home/airflow/.local/lib/python3.7/site-packages/airflow/example_dags/example_short_circuit_operator.py
[2026-09-28T00:35:50.699+0000] {logging_mixin.py:149} INFO - [2026-09-28T00:35:50.699+0000] {dag.py:2726} INFO - Sync 1 DAGs
[2026-09-28T00:35:50.749+0000] {logging_mixin.py:149} INFO - [2026-09-28T00:35:50.749+0000] {dag.py:3490} INFO - Setting next_dagrun for example_short_circuit_operator to 2026-09-27T00:35:50.748658+00:00, run_after=2026-09-28T00:35:50.748658+00:00
[2026-09-28T00:35:50.782+0000] {processor.py:178} INFO - Processing /home/airflow/.local/lib/python3.7/site-packages/airflow/example_dags/example_short_circuit_operator.py took 0.162 seconds
[2026-09-28T00:36:21.545+0000] {processor.py:156} INFO - Started process (PID=30942) to work on /home/airflow/.local/lib/python3.7/site-packages/airflow/example_dags/example_short_circuit_operator.py
[2026-09-28T00:36:21.547+0000] {processor.py:799} INFO - Processing file /home/airflow/.local/lib/python3.7/site-packages/airflow/example_dags/example_short_circuit_operator.py for tasks to queue
[2026-09-28T00:36:21.548+0000] {logging_mixin.py:149} INFO - [2026-09-28T00:36:21.548+0000] {dagbag.py:541} INFO - Filling up the DagBag from /home/airflow/.local/lib/python3.7/site-packages/airflow/example_dags/example_short_circuit_operator.py
[2026-09-28T00:36:21.568+0000] {processor.py:809} INFO - DAG(s) dict_keys(['example_short_circuit_operator']) retrieved from /home/airflow/.local/lib/python3.7/site-packages/airflow/example_dags/example_short_circuit_operator.py
[2026-09-28T00:36:21.616+0000] {logging_mixin.py:149} INFO - [2026-09-28T00:36:21.616+0000] {dag.py:2726} INFO - Sync 1 DAGs
[2026-09-28T00:36:21.661+0000] {logging_mixin.py:149} INFO - [2026-09-28T00:36:21.661+0000] {dag.py:3490} INFO - Setting next_dagrun for example_short_circuit_operator to 2026-09-27T00:36:21.661075+00:00, run_after=2026-09-28T00:36:21.661075+00:00
[2026-09-28T00:36:21.690+0000] {processor.py:178} INFO - Processing /home/airflow/.local/lib/python3.7/site-packages/airflow/example_dags/example_short_circuit_operator.py took 0.151 seconds
[2026-09-28T00:36:52.616+0000] {processor.py:156} INFO - Started process (PID=31001) to work on /home/airflow/.local/lib/python3.7/site-packages/airflow/example_dags/example_short_circuit_operator.py
[2026-09-28T00:36:52.617+0000] {processor.py:799} INFO - Processing file /home/airflow/.local/lib/python3.7/site-packages/airflow/example_dags/example_short_circuit_operator.py for tasks to queue
[2026-09-28T00:36:52.619+0000] {logging_mixin.py:149} INFO - [2026-09-28T00:36:52.618+0000] {dagbag.py:541} INFO - Filling up the DagBag from /home/airflow/.local/lib/python3.7/site-packages/airflow/example_dags/example_short_circuit_operator.py
[2026-09-28T00:36:52.634+0000] {processor.py:809} INFO - DAG(s) dict_keys(['example_short_circuit_operator']) retrieved from /home/airflow/.local/lib/python3.7/site-packages/airflow/example_dags/example_short_circuit_operator.py
[2026-09-28T00:36:52.689+0000] {logging_mixin.py:149} INFO - [2026-09-28T00:36:52.688+0000] {dag.py:2726} INFO - Sync 1 DAGs
[2026-09-28T00:36:52.748+0000] {logging_mixin.py:149} INFO - [2026-09-28T00:36:52.748+0000] {dag.py:3490} INFO - Setting next_dagrun for example_short_circuit_operator to 2026-09-27T00:36:52.747697+00:00, run_after=2026-09-28T00:36:52.747697+00:00
[2026-09-28T00:36:52.780+0000] {processor.py:178} INFO - Processing /home/airflow/.local/lib/python3.7/site-packages/airflow/example_dags/example_short_circuit_operator.py took 0.171 seconds
[2026-09-28T00:37:22.932+0000] {processor.py:156} INFO - Started process (PID=31060) to work on /home/airflow/.local/lib/python3.7/site-packages/airflow/example_dags/example_short_circuit_operator.py
[2026-09-28T00:37:22.937+0000] {processor.py:799} INFO - Processing file /home/airflow/.local/lib/python3.7/site-packages/airflow/example_dags/example_short_circuit_operator.py for tasks to queue
[2026-09-28T00:37:22.938+0000] {logging_mixin.py:149} INFO - [2026-09-28T00:37:22.938+0000] {dagbag.py:541} INFO - Filling up the DagBag from /home/airflow/.local/lib/python3.7/site-packages/airflow/example_dags/example_short_circuit_operator.py
[2026-09-28T00:37:22.954+0000] {processor.py:809} INFO - DAG(s) dict_keys(['example_short_circuit_operator']) retrieved from /home/airflow/.local/lib/python3.7/site-packages/airflow/example_dags/example_short_circuit_operator.py
[2026-09-28T00:37:23.005+0000] {logging_mixin.py:149} INFO - [2026-09-28T00:37:23.005+0000] {dag.py:2726} INFO - Sync 1 DAGs
[2026-09-28T00:37:23.049+0000] {logging_mixin.py:149} INFO - [2026-09-28T00:37:23.049+0000] {dag.py:3490} INFO - Setting next_dagrun for example_short_circuit_operator to 2026-09-27T00:37:23.048714+00:00, run_after=2026-09-28T00:37:23.048714+00:00
[2026-09-28T00:37:23.079+0000] {processor.py:178} INFO - Processing /home/airflow/.local/lib/python3.7/site-packages/airflow/example_dags/example_short_circuit_operator.py took 0.152 seconds
[2026-09-28T00:37:53.763+0000] {processor.py:156} INFO - Started process (PID=31119) to work on /home/airflow/.local/lib/python3.7/site-packages/airflow/example_dags/example_short_circuit_operator.py
[2026-09-28T00:37:53.778+0000] {processor.py:799} INFO - Processing file /home/airflow/.local/lib/python3.7/site-packages/airflow/example_dags/example_short_circuit_operator.py for tasks to queue
[2026-09-28T00:37:53.779+0000] {logging_mixin.py:149} INFO - [2026-09-28T00:37:53.779+0000] {dagbag.py:541} INFO - Filling up the DagBag from /home/airflow/.local/lib/python3.7/site-packages/airflow/example_dags/example_short_circuit_operator.py
[2026-09-28T00:37:53.802+0000] {processor.py:809} INFO - DAG(s) dict_keys(['example_short_circuit_operator']) retrieved from /home/airflow/.local/lib/python3.7/site-packages/airflow/example_dags/example_short_circuit_operator.py
[2026-09-28T00:37:53.850+0000] {logging_mixin.py:149} INFO - [2026-09-28T00:37:53.849+0000] {dag.py:2726} INFO - Sync 1 DAGs
[2026-09-28T00:37:53.895+0000] {logging_mixin.py:149} INFO - [2026-09-28T00:37:53.895+0000] {dag.py:3490} INFO - Setting next_dagrun for example_short_circuit_operator to 2026-09-27T00:37:53.894696+00:00, run_after=2026-09-28T00:37:53.894696+00:00
[2026-09-28T00:37:53.932+0000] {processor.py:178} INFO - Processing /home/airflow/.local/lib/python3.7/site-packages/airflow/example_dags/example_short_circuit_operator.py took 0.175 seconds
[2026-09-28T00:38:24.752+0000] {processor.py:156} INFO - Started process (PID=31178) to work on /home/airflow/.local/lib/python3.7/site-packages/airflow/example_dags/example_short_circuit_operator.py
[2026-09-28T00:38:24.754+0000] {processor.py:799} INFO - Processing file /home/airflow/.local/lib/python3.7/site-packages/airflow/example_dags/example_short_circuit_operator.py for tasks to queue
[2026-09-28T00:38:24.755+0000] {logging_mixin.py:149} INFO - [2026-09-28T00:38:24.755+0000] {dagbag.py:541} INFO - Filling up the DagBag from /home/airflow/.local/lib/python3.7/site-packages/airflow/example_dags/example_short_circuit_operator.py
[2026-09-28T00:38:24.772+0000] {processor.py:809} INFO - DAG(s) dict_keys(['example_short_circuit_operator']) retrieved from /home/airflow/.local/lib/python3.7/site-packages/airflow/example_dags/example_short_circuit_operator.py
[2026-09-28T00:38:24.820+0000] {logging_mixin.py:149} INFO - [2026-09-28T00:38:24.820+0000] {dag.py:2726} INFO - Sync 1 DAGs
[2026-09-28T00:38:24.866+0000] {logging_mixin.py:149} INFO - [2026-09-28T00:38:24.866+0000] {dag.py:3490} INFO - Setting next_dagrun for example_short_circuit_operator to 2026-09-27T00:38:24.865661+00:00, run_after=2026-09-28T00:38:24.865661+00:00
[2026-09-28T00:38:24.901+0000] {processor.py:178} INFO - Processing /home/airflow/.local/lib/python3.7/site-packages/airflow/example_dags/example_short_circuit_operator.py took 0.156 seconds
[2026-09-28T00:38:55.084+0000] {processor.py:156} INFO - Started process (PID=31237) to work on /home/airflow/.local/lib/python3.7/site-packages/airflow/example_dags/example_short_circuit_operator.py
[2026-09-28T00:38:55.085+0000] {processor.py:799} INFO - Processing file /home/airflow/.local/lib/python3.7/site-packages/airflow/example_dags/example_short_circuit_operator.py for tasks to queue
[2026-09-28T00:38:55.086+0000] {logging_mixin.py:149} INFO - [2026-09-28T00:38:55.086+0000] {dagbag.py:541} INFO - Filling up the DagBag from /home/airflow/.local/lib/python3.7/site-packages/airflow/example_dags/example_short_circuit_operator.py
[2026-09-28T00:38:55.099+0000] {processor.py:809} INFO - DAG(s) dict_keys(['example_short_circuit_operator']) retrieved from /home/airflow/.local/lib/python3.7/site-packages/airflow/example_dags/example_short_circuit_operator.py
[2026-09-28T00:38:55.147+0000] {logging_mixin.py:149} INFO - [2026-09-28T00:38:55.146+0000] {dag.py:2726} INFO - Sync 1 DAGs
[2026-09-28T00:38:55.192+0000] {logging_mixin.py:149} INFO - [2026-09-28T00:38:55.192+0000] {dag.py:3490} INFO - Setting next_dagrun for example_short_circuit_operator to 2026-09-27T00:38:55.192353+00:00, run_after=2026-09-28T00:38:55.192353+00:00
[2026-09-28T00:38:55.226+0000] {processor.py:178} INFO - Processing /home/airflow/.local/lib/python3.7/site-packages/airflow/example_dags/example_short_circuit_operator.py took 0.148 seconds
[2026-09-28T00:39:25.726+0000] {processor.py:156} INFO - Started process (PID=31297) to work on /home/airflow/.local/lib/python3.7/site-packages/airflow/example_dags/example_short_circuit_operator.py
[2026-09-28T00:39:25.728+0000] {processor.py:799} INFO - Processing file /home/airflow/.local/lib/python3.7/site-packages/airflow/example_dags/example_short_circuit_operator.py for tasks to queue
[2026-09-28T00:39:25.730+0000] {logging_mixin.py:149} INFO - [2026-09-28T00:39:25.729+0000] {dagbag.py:541} INFO - Filling up the DagBag from /home/airflow/.local/lib/python3.7/site-packages/airflow/example_dags/example_short_circuit_operator.py
[2026-09-28T00:39:25.746+0000] {processor.py:809} INFO - DAG(s) dict_keys(['example_short_circuit_operator']) retrieved from /home/airflow/.local/lib/python3.7/site-packages/airflow/example_dags/example_short_circuit_operator.py
[2026-09-28T00:39:25.800+0000] {logging_mixin.py:149} INFO - [2026-09-28T00:39:25.800+0000] {dag.py:2726} INFO - Sync 1 DAGs
[2026-09-28T00:39:25.846+0000] {logging_mixin.py:149} INFO - [2026-09-28T00:39:25.846+0000] {dag.py:3490} INFO - Setting next_dagrun for example_short_circuit_operator to 2026-09-27T00:39:25.845665+00:00, run_after=2026-09-28T00:39:25.845665+00:00
[2026-09-28T00:39:25.878+0000] {processor.py:178} INFO - Processing /home/airflow/.local/lib/python3.7/site-packages/airflow/example_dags/example_short_circuit_operator.py took 0.160 seconds
[2026-09-28T00:39:56.354+0000] {processor.py:156} INFO - Started process (PID=31355) to work on /home/airflow/.local/lib/python3.7/site-packages/airflow/example_dags/example_short_circuit_operator.py
[2026-09-28T00:39:56.357+0000] {processor.py:799} INFO - Processing file /home/airflow/.local/lib/python3.7/site-packages/airflow/example_dags/example_short_circuit_operator.py for tasks to queue
[2026-09-28T00:39:56.359+0000] {logging_mixin.py:149} INFO - [2026-09-28T00:39:56.358+0000] {dagbag.py:541} INFO - Filling up the DagBag from /home/airflow/.local/lib/python3.7/site-packages/airflow/example_dags/example_short_circuit_operator.py
[2026-09-28T00:39:56.376+0000] {processor.py:809} INFO - DAG(s) dict_keys(['example_short_circuit_operator']) retrieved from /home/airflow/.local/lib/python3.7/site-packages/airflow/example_dags/example_short_circuit_operator.py
[2026-09-28T00:39:56.427+0000] {logging_mixin.py:149} INFO - [2026-09-28T00:39:56.426+0000] {dag.py:2726} INFO - Sync 1 DAGs
[2026-09-28T00:39:56.472+0000] {logging_mixin.py:149} INFO - [2026-09-28T00:39:56.472+0000] {dag.py:3490} INFO - Setting next_dagrun for example_short_circuit_operator to 2026-09-27T00:39:56.471895+00:00, run_after=2026-09-28T00:39:56.471895+00:00
[2026-09-28T00:39:56.504+0000] {processor.py:178} INFO - Processing /home/airflow/.local/lib/python3.7/site-packages/airflow/example_dags/example_short_circuit_operator.py took 0.156 seconds
[2026-09-28T00:40:27.180+0000] {processor.py:156} INFO - Started process (PID=31414) to work on /home/airflow/.local/lib/python3.7/site-packages/airflow/example_dags/example_short_circuit_operator.py
[2026-09-28T00:40:27.182+0000] {processor.py:799} INFO - Processing file /home/airflow/.local/lib/python3.7/site-packages/airflow/example_dags/example_short_circuit_operator.py for tasks to queue
[2026-09-28T00:40:27.182+0000] {logging_mixin.py:149} INFO - [2026-09-28T00:40:27.182+0000] {dagbag.py:541} INFO - Filling up the DagBag from /home/airflow/.local/lib/python3.7/site-packages/airflow/example_dags/example_short_circuit_operator.py
[2026-09-28T00:40:27.196+0000] {processor.py:809} INFO - DAG(s) dict_keys(['example_short_circuit_operator']) retrieved from /home/airflow/.local/lib/python3.7/site-packages/airflow/example_dags/example_short_circuit_operator.py
[2026-09-28T00:40:27.253+0000] {logging_mixin.py:149} INFO - [2026-09-28T00:40:27.253+0000] {dag.py:2726} INFO - Sync 1 DAGs
[2026-09-28T00:40:27.299+0000] {logging_mixin.py:149} INFO - [2026-09-28T00:40:27.299+0000] {dag.py:3490} INFO - Setting next_dagrun for example_short_circuit_operator to 2026-09-27T00:40:27.298718+00:00, run_after=2026-09-28T00:40:27.298718+00:00
[2026-09-28T00:40:27.330+0000] {processor.py:178} INFO - Processing /home/airflow/.local/lib/python3.7/site-packages/airflow/example_dags/example_short_circuit_operator.py took 0.155 seconds
[2026-09-28T00:40:57.585+0000] {processor.py:156} INFO - Started process (PID=31473) to work on /home/airflow/.local/lib/python3.7/site-packages/airflow/example_dags/example_short_circuit_operator.py
[2026-09-28T00:40:57.587+0000] {processor.py:799} INFO - Processing file /home/airflow/.local/lib/python3.7/site-packages/airflow/example_dags/example_short_circuit_operator.py for tasks to queue
[2026-09-28T00:40:57.588+0000] {logging_mixin.py:149} INFO - [2026-09-28T00:40:57.588+0000] {dagbag.py:541} INFO - Filling up the DagBag from /home/airflow/.local/lib/python3.7/site-packages/airflow/example_dags/example_short_circuit_operator.py
[2026-09-28T00:40:57.604+0000] {processor.py:809} INFO - DAG(s) dict_keys(['example_short_circuit_operator']) retrieved from /home/airflow/.local/lib/python3.7/site-packages/airflow/example_dags/example_short_circuit_operator.py
[2026-09-28T00:40:57.657+0000] {logging_mixin.py:149} INFO - [2026-09-28T00:40:57.657+0000] {dag.py:2726} INFO - Sync 1 DAGs
[2026-09-28T00:40:57.707+0000] {logging_mixin.py:149} INFO - [2026-09-28T00:40:57.706+0000] {dag.py:3490} INFO - Setting next_dagrun for example_short_circuit_operator to 2026-09-27T00:40:57.706523+00:00, run_after=2026-09-28T00:40:57.706523+00:00
[2026-09-28T00:40:57.743+0000] {processor.py:178} INFO - Processing /home/airflow/.local/lib/python3.7/site-packages/airflow/example_dags/example_short_circuit_operator.py took 0.164 seconds
[2026-09-28T00:41:27.810+0000] {processor.py:156} INFO - Started process (PID=31532) to work on /home/airflow/.local/lib/python3.7/site-packages/airflow/example_dags/example_short_circuit_operator.py
[2026-09-28T00:41:27.811+0000] {processor.py:799} INFO - Processing file /home/airflow/.local/lib/python3.7/site-packages/airflow/example_dags/example_short_circuit_operator.py for tasks to queue
[2026-09-28T00:41:27.812+0000] {logging_mixin.py:149} INFO - [2026-09-28T00:41:27.812+0000] {dagbag.py:541} INFO - Filling up the DagBag from /home/airflow/.local/lib/python3.7/site-packages/airflow/example_dags/example_short_circuit_operator.py
[2026-09-28T00:41:27.830+0000] {processor.py:809} INFO - DAG(s) dict_keys(['example_short_circuit_operator']) retrieved from /home/airflow/.local/lib/python3.7/site-packages/airflow/example_dags/example_short_circuit_operator.py
[2026-09-28T00:41:27.882+0000] {logging_mixin.py:149} INFO - [2026-09-28T00:41:27.882+0000] {dag.py:2726} INFO - Sync 1 DAGs
[2026-09-28T00:41:27.932+0000] {logging_mixin.py:149} INFO - [2026-09-28T00:41:27.932+0000] {dag.py:3490} INFO - Setting next_dagrun for example_short_circuit_operator to 2026-09-27T00:41:27.931881+00:00, run_after=2026-09-28T00:41:27.931881+00:00
[2026-09-28T00:41:27.964+0000] {processor.py:178} INFO - Processing /home/airflow/.local/lib/python3.7/site-packages/airflow/example_dags/example_short_circuit_operator.py took 0.161 seconds
[2026-09-28T00:41:58.832+0000] {processor.py:156} INFO - Started process (PID=31591) to work on /home/airflow/.local/lib/python3.7/site-packages/airflow/example_dags/example_short_circuit_operator.py
[2026-09-28T00:41:58.834+0000] {processor.py:799} INFO - Processing file /home/airflow/.local/lib/python3.7/site-packages/airflow/example_dags/example_short_circuit_operator.py for tasks to queue
[2026-09-28T00:41:58.836+0000] {logging_mixin.py:149} INFO - [2026-09-28T00:41:58.835+0000] {dagbag.py:541} INFO - Filling up the DagBag from /home/airflow/.local/lib/python3.7/site-packages/airflow/example_dags/example_short_circuit_operator.py
[2026-09-28T00:41:58.849+0000] {processor.py:809} INFO - DAG(s) dict_keys(['example_short_circuit_operator']) retrieved from /home/airflow/.local/lib/python3.7/site-packages/airflow/example_dags/example_short_circuit_operator.py
[2026-09-28T00:41:58.902+0000] {logging_mixin.py:149} INFO - [2026-09-28T00:41:58.902+0000] {dag.py:2726} INFO - Sync 1 DAGs
[2026-09-28T00:41:58.946+0000] {logging_mixin.py:149} INFO - [2026-09-28T00:41:58.946+0000] {dag.py:3490} INFO - Setting next_dagrun for example_short_circuit_operator to 2026-09-27T00:41:58.945846+00:00, run_after=2026-09-28T00:41:58.945846+00:00
[2026-09-28T00:41:59.012+0000] {processor.py:178} INFO - Processing /home/airflow/.local/lib/python3.7/site-packages/airflow/example_dags/example_short_circuit_operator.py took 0.186 seconds
[2026-09-28T00:42:29.429+0000] {processor.py:156} INFO - Started process (PID=31650) to work on /home/airflow/.local/lib/python3.7/site-packages/airflow/example_dags/example_short_circuit_operator.py
[2026-09-28T00:42:29.432+0000] {processor.py:799} INFO - Processing file /home/airflow/.local/lib/python3.7/site-packages/airflow/example_dags/example_short_circuit_operator.py for tasks to queue
[2026-09-28T00:42:29.433+0000] {logging_mixin.py:149} INFO - [2026-09-28T00:42:29.433+0000] {dagbag.py:541} INFO - Filling up the DagBag from /home/airflow/.local/lib/python3.7/site-packages/airflow/example_dags/example_short_circuit_operator.py
[2026-09-28T00:42:29.451+0000] {processor.py:809} INFO - DAG(s) dict_keys(['example_short_circuit_operator']) retrieved from /home/airflow/.local/lib/python3.7/site-packages/airflow/example_dags/example_short_circuit_operator.py
[2026-09-28T00:42:29.502+0000] {logging_mixin.py:149} INFO - [2026-09-28T00:42:29.502+0000] {dag.py:2726} INFO - Sync 1 DAGs
[2026-09-28T00:42:29.544+0000] {logging_mixin.py:149} INFO - [2026-09-28T00:42:29.543+0000] {dag.py:3490} INFO - Setting next_dagrun for example_short_circuit_operator to 2026-09-27T00:42:29.543497+00:00, run_after=2026-09-28T00:42:29.543497+00:00
[2026-09-28T00:42:29.574+0000] {processor.py:178} INFO - Processing /home/airflow/.local/lib/python3.7/site-packages/airflow/example_dags/example_short_circuit_operator.py took 0.152 seconds
[2026-09-28T00:42:59.850+0000] {processor.py:156} INFO - Started process (PID=31709) to work on /home/airflow/.local/lib/python3.7/site-packages/airflow/example_dags/example_short_circuit_operator.py
[2026-09-28T00:42:59.856+0000] {processor.py:799} INFO - Processing file /home/airflow/.local/lib/python3.7/site-packages/airflow/example_dags/example_short_circuit_operator.py for tasks to queue
[2026-09-28T00:42:59.857+0000] {logging_mixin.py:149} INFO - [2026-09-28T00:42:59.857+0000] {dagbag.py:541} INFO - Filling up the DagBag from /home/airflow/.local/lib/python3.7/site-packages/airflow/example_dags/example_short_circuit_operator.py
[2026-09-28T00:42:59.871+0000] {processor.py:809} INFO - DAG(s) dict_keys(['example_short_circuit_operator']) retrieved from /home/airflow/.local/lib/python3.7/site-packages/airflow/example_dags/example_short_circuit_operator.py
[2026-09-28T00:42:59.917+0000] {logging_mixin.py:149} INFO - [2026-09-28T00:42:59.917+0000] {dag.py:2726} INFO - Sync 1 DAGs
[2026-09-28T00:42:59.961+0000] {logging_mixin.py:149} INFO - [2026-09-28T00:42:59.961+0000] {dag.py:3490} INFO - Setting next_dagrun for example_short_circuit_operator to 2026-09-27T00:42:59.960880+00:00, run_after=2026-09-28T00:42:59.960880+00:00
[2026-09-28T00:42:59.991+0000] {processor.py:178} INFO - Processing /home/airflow/.local/lib/python3.7/site-packages/airflow/example_dags/example_short_circuit_operator.py took 0.147 seconds
[2026-09-28T00:43:31.065+0000] {processor.py:156} INFO - Started process (PID=31768) to work on /home/airflow/.local/lib/python3.7/site-packages/airflow/example_dags/example_short_circuit_operator.py
[2026-09-28T00:43:31.067+0000] {processor.py:799} INFO - Processing file /home/airflow/.local/lib/python3.7/site-packages/airflow/example_dags/example_short_circuit_operator.py for tasks to queue
[2026-09-28T00:43:31.068+0000] {logging_mixin.py:149} INFO - [2026-09-28T00:43:31.067+0000] {dagbag.py:541} INFO - Filling up the DagBag from /home/airflow/.local/lib/python3.7/site-packages/airflow/example_dags/example_short_circuit_operator.py
[2026-09-28T00:43:31.081+0000] {processor.py:809} INFO - DAG(s) dict_keys(['example_short_circuit_operator']) retrieved from /home/airflow/.local/lib/python3.7/site-packages/airflow/example_dags/example_short_circuit_operator.py
[2026-09-28T00:43:31.127+0000] {logging_mixin.py:149} INFO - [2026-09-28T00:43:31.127+0000] {dag.py:2726} INFO - Sync 1 DAGs
[2026-09-28T00:43:31.173+0000] {logging_mixin.py:149} INFO - [2026-09-28T00:43:31.173+0000] {dag.py:3490} INFO - Setting next_dagrun for example_short_circuit_operator to 2026-09-27T00:43:31.172878+00:00, run_after=2026-09-28T00:43:31.172878+00:00
[2026-09-28T00:43:31.208+0000] {processor.py:178} INFO - Processing /home/airflow/.local/lib/python3.7/site-packages/airflow/example_dags/example_short_circuit_operator.py took 0.150 seconds
[2026-09-28T00:44:01.469+0000] {processor.py:156} INFO - Started process (PID=31828) to work on /home/airflow/.local/lib/python3.7/site-packages/airflow/example_dags/example_short_circuit_operator.py
[2026-09-28T00:44:01.471+0000] {processor.py:799} INFO - Processing file /home/airflow/.local/lib/python3.7/site-packages/airflow/example_dags/example_short_circuit_operator.py for tasks to queue
[2026-09-28T00:44:01.472+0000] {logging_mixin.py:149} INFO - [2026-09-28T00:44:01.472+0000] {dagbag.py:541} INFO - Filling up the DagBag from /home/airflow/.local/lib/python3.7/site-packages/airflow/example_dags/example_short_circuit_operator.py
[2026-09-28T00:44:01.487+0000] {processor.py:809} INFO - DAG(s) dict_keys(['example_short_circuit_operator']) retrieved from /home/airflow/.local/lib/python3.7/site-packages/airflow/example_dags/example_short_circuit_operator.py
[2026-09-28T00:44:01.534+0000] {logging_mixin.py:149} INFO - [2026-09-28T00:44:01.534+0000] {dag.py:2726} INFO - Sync 1 DAGs
[2026-09-28T00:44:01.590+0000] {logging_mixin.py:149} INFO - [2026-09-28T00:44:01.589+0000] {dag.py:3490} INFO - Setting next_dagrun for example_short_circuit_operator to 2026-09-27T00:44:01.589528+00:00, run_after=2026-09-28T00:44:01.589528+00:00
[2026-09-28T00:44:01.631+0000] {processor.py:178} INFO - Processing /home/airflow/.local/lib/python3.7/site-packages/airflow/example_dags/example_short_circuit_operator.py took 0.169 seconds
[2026-09-28T00:44:32.259+0000] {processor.py:156} INFO - Started process (PID=31887) to work on /home/airflow/.local/lib/python3.7/site-packages/airflow/example_dags/example_short_circuit_operator.py
[2026-09-28T00:44:32.261+0000] {processor.py:799} INFO - Processing file /home/airflow/.local/lib/python3.7/site-packages/airflow/example_dags/example_short_circuit_operator.py for tasks to queue
[2026-09-28T00:44:32.263+0000] {logging_mixin.py:149} INFO - [2026-09-28T00:44:32.263+0000] {dagbag.py:541} INFO - Filling up the DagBag from /home/airflow/.local/lib/python3.7/site-packages/airflow/example_dags/example_short_circuit_operator.py
[2026-09-28T00:44:32.280+0000] {processor.py:809} INFO - DAG(s) dict_keys(['example_short_circuit_operator']) retrieved from /home/airflow/.local/lib/python3.7/site-packages/airflow/example_dags/example_short_circuit_operator.py
[2026-09-28T00:44:32.334+0000] {logging_mixin.py:149} INFO - [2026-09-28T00:44:32.334+0000] {dag.py:2726} INFO - Sync 1 DAGs
[2026-09-28T00:44:32.381+0000] {logging_mixin.py:149} INFO - [2026-09-28T00:44:32.381+0000] {dag.py:3490} INFO - Setting next_dagrun for example_short_circuit_operator to 2026-09-27T00:44:32.381032+00:00, run_after=2026-09-28T00:44:32.381032+00:00
[2026-09-28T00:44:32.415+0000] {processor.py:178} INFO - Processing /home/airflow/.local/lib/python3.7/site-packages/airflow/example_dags/example_short_circuit_operator.py took 0.163 seconds
[2026-09-28T00:45:03.076+0000] {processor.py:156} INFO - Started process (PID=31946) to work on /home/airflow/.local/lib/python3.7/site-packages/airflow/example_dags/example_short_circuit_operator.py
[2026-09-28T00:45:03.080+0000] {processor.py:799} INFO - Processing file /home/airflow/.local/lib/python3.7/site-packages/airflow/example_dags/example_short_circuit_operator.py for tasks to queue
[2026-09-28T00:45:03.081+0000] {logging_mixin.py:149} INFO - [2026-09-28T00:45:03.081+0000] {dagbag.py:541} INFO - Filling up the DagBag from /home/airflow/.local/lib/python3.7/site-packages/airflow/example_dags/example_short_circuit_operator.py
[2026-09-28T00:45:03.097+0000] {processor.py:809} INFO - DAG(s) dict_keys(['example_short_circuit_operator']) retrieved from /home/airflow/.local/lib/python3.7/site-packages/airflow/example_dags/example_short_circuit_operator.py
[2026-09-28T00:45:03.144+0000] {logging_mixin.py:149} INFO - [2026-09-28T00:45:03.144+0000] {dag.py:2726} INFO - Sync 1 DAGs
[2026-09-28T00:45:03.189+0000] {logging_mixin.py:149} INFO - [2026-09-28T00:45:03.188+0000] {dag.py:3490} INFO - Setting next_dagrun for example_short_circuit_operator to 2026-09-27T00:45:03.188472+00:00, run_after=2026-09-28T00:45:03.188472+00:00
[2026-09-28T00:45:03.217+0000] {processor.py:178} INFO - Processing /home/airflow/.local/lib/python3.7/site-packages/airflow/example_dags/example_short_circuit_operator.py took 0.151 seconds
[2026-09-28T00:45:33.764+0000] {processor.py:156} INFO - Started process (PID=32004) to work on /home/airflow/.local/lib/python3.7/site-packages/airflow/example_dags/example_short_circuit_operator.py
[2026-09-28T00:45:33.766+0000] {processor.py:799} INFO - Processing file /home/airflow/.local/lib/python3.7/site-packages/airflow/example_dags/example_short_circuit_operator.py for tasks to queue
[2026-09-28T00:45:33.767+0000] {logging_mixin.py:149} INFO - [2026-09-28T00:45:33.767+0000] {dagbag.py:541} INFO - Filling up the DagBag from /home/airflow/.local/lib/python3.7/site-packages/airflow/example_dags/example_short_circuit_operator.py
[2026-09-28T00:45:33.782+0000] {processor.py:809} INFO - DAG(s) dict_keys(['example_short_circuit_operator']) retrieved from /home/airflow/.local/lib/python3.7/site-packages/airflow/example_dags/example_short_circuit_operator.py
[2026-09-28T00:45:33.832+0000] {logging_mixin.py:149} INFO - [2026-09-28T00:45:33.831+0000] {dag.py:2726} INFO - Sync 1 DAGs
[2026-09-28T00:45:33.886+0000] {logging_mixin.py:149} INFO - [2026-09-28T00:45:33.886+0000] {dag.py:3490} INFO - Setting next_dagrun for example_short_circuit_operator to 2026-09-27T00:45:33.885625+00:00, run_after=2026-09-28T00:45:33.885625+00:00
[2026-09-28T00:45:33.916+0000] {processor.py:178} INFO - Processing /home/airflow/.local/lib/python3.7/site-packages/airflow/example_dags/example_short_circuit_operator.py took 0.158 seconds
[2026-09-28T00:46:04.811+0000] {processor.py:156} INFO - Started process (PID=32063) to work on /home/airflow/.local/lib/python3.7/site-packages/airflow/example_dags/example_short_circuit_operator.py
[2026-09-28T00:46:04.813+0000] {processor.py:799} INFO - Processing file /home/airflow/.local/lib/python3.7/site-packages/airflow/example_dags/example_short_circuit_operator.py for tasks to queue
[2026-09-28T00:46:04.815+0000] {logging_mixin.py:149} INFO - [2026-09-28T00:46:04.814+0000] {dagbag.py:541} INFO - Filling up the DagBag from /home/airflow/.local/lib/python3.7/site-packages/airflow/example_dags/example_short_circuit_operator.py
[2026-09-28T00:46:04.831+0000] {processor.py:809} INFO - DAG(s) dict_keys(['example_short_circuit_operator']) retrieved from /home/airflow/.local/lib/python3.7/site-packages/airflow/example_dags/example_short_circuit_operator.py
[2026-09-28T00:46:04.883+0000] {logging_mixin.py:149} INFO - [2026-09-28T00:46:04.883+0000] {dag.py:2726} INFO - Sync 1 DAGs
[2026-09-28T00:46:04.928+0000] {logging_mixin.py:149} INFO - [2026-09-28T00:46:04.928+0000] {dag.py:3490} INFO - Setting next_dagrun for example_short_circuit_operator to 2026-09-27T00:46:04.927847+00:00, run_after=2026-09-28T00:46:04.927847+00:00
[2026-09-28T00:46:04.972+0000] {processor.py:178} INFO - Processing /home/airflow/.local/lib/python3.7/site-packages/airflow/example_dags/example_short_circuit_operator.py took 0.168 seconds
[2026-09-28T00:46:36.200+0000] {processor.py:156} INFO - Started process (PID=32130) to work on /home/airflow/.local/lib/python3.7/site-packages/airflow/example_dags/example_short_circuit_operator.py
[2026-09-28T00:46:36.203+0000] {processor.py:799} INFO - Processing file /home/airflow/.local/lib/python3.7/site-packages/airflow/example_dags/example_short_circuit_operator.py for tasks to queue
[2026-09-28T00:46:36.204+0000] {logging_mixin.py:149} INFO - [2026-09-28T00:46:36.204+0000] {dagbag.py:541} INFO - Filling up the DagBag from /home/airflow/.local/lib/python3.7/site-packages/airflow/example_dags/example_short_circuit_operator.py
[2026-09-28T00:46:36.224+0000] {processor.py:809} INFO - DAG(s) dict_keys(['example_short_circuit_operator']) retrieved from /home/airflow/.local/lib/python3.7/site-packages/airflow/example_dags/example_short_circuit_operator.py
[2026-09-28T00:46:36.274+0000] {logging_mixin.py:149} INFO - [2026-09-28T00:46:36.274+0000] {dag.py:2726} INFO - Sync 1 DAGs
[2026-09-28T00:46:36.321+0000] {logging_mixin.py:149} INFO - [2026-09-28T00:46:36.321+0000] {dag.py:3490} INFO - Setting next_dagrun for example_short_circuit_operator to 2026-09-27T00:46:36.320928+00:00, run_after=2026-09-28T00:46:36.320928+00:00
[2026-09-28T00:46:36.352+0000] {processor.py:178} INFO - Processing /home/airflow/.local/lib/python3.7/site-packages/airflow/example_dags/example_short_circuit_operator.py took 0.158 seconds
[2026-09-28T00:47:07.634+0000] {processor.py:156} INFO - Started process (PID=32188) to work on /home/airflow/.local/lib/python3.7/site-packages/airflow/example_dags/example_short_circuit_operator.py
[2026-09-28T00:47:07.636+0000] {processor.py:799} INFO - Processing file /home/airflow/.local/lib/python3.7/site-packages/airflow/example_dags/example_short_circuit_operator.py for tasks to queue
[2026-09-28T00:47:07.637+0000] {logging_mixin.py:149} INFO - [2026-09-28T00:47:07.637+0000] {dagbag.py:541} INFO - Filling up the DagBag from /home/airflow/.local/lib/python3.7/site-packages/airflow/example_dags/example_short_circuit_operator.py
[2026-09-28T00:47:07.650+0000] {processor.py:809} INFO - DAG(s) dict_keys(['example_short_circuit_operator']) retrieved from /home/airflow/.local/lib/python3.7/site-packages/airflow/example_dags/example_short_circuit_operator.py
[2026-09-28T00:47:07.693+0000] {logging_mixin.py:149} INFO - [2026-09-28T00:47:07.693+0000] {dag.py:2726} INFO - Sync 1 DAGs
[2026-09-28T00:47:07.734+0000] {logging_mixin.py:149} INFO - [2026-09-28T00:47:07.733+0000] {dag.py:3490} INFO - Setting next_dagrun for example_short_circuit_operator to 2026-09-27T00:47:07.733467+00:00, run_after=2026-09-28T00:47:07.733467+00:00
[2026-09-28T00:47:07.769+0000] {processor.py:178} INFO - Processing /home/airflow/.local/lib/python3.7/site-packages/airflow/example_dags/example_short_circuit_operator.py took 0.141 seconds
[2026-09-28T00:47:38.443+0000] {processor.py:156} INFO - Started process (PID=32243) to work on /home/airflow/.local/lib/python3.7/site-packages/airflow/example_dags/example_short_circuit_operator.py
[2026-09-28T00:47:38.453+0000] {processor.py:799} INFO - Processing file /home/airflow/.local/lib/python3.7/site-packages/airflow/example_dags/example_short_circuit_operator.py for tasks to queue
[2026-09-28T00:47:38.454+0000] {logging_mixin.py:149} INFO - [2026-09-28T00:47:38.454+0000] {dagbag.py:541} INFO - Filling up the DagBag from /home/airflow/.local/lib/python3.7/site-packages/airflow/example_dags/example_short_circuit_operator.py
[2026-09-28T00:47:38.671+0000] {processor.py:809} INFO - DAG(s) dict_keys(['example_short_circuit_operator']) retrieved from /home/airflow/.local/lib/python3.7/site-packages/airflow/example_dags/example_short_circuit_operator.py
[2026-09-28T00:47:38.711+0000] {logging_mixin.py:149} INFO - [2026-09-28T00:47:38.710+0000] {dag.py:2726} INFO - Sync 1 DAGs
[2026-09-28T00:47:38.757+0000] {logging_mixin.py:149} INFO - [2026-09-28T00:47:38.756+0000] {dag.py:3490} INFO - Setting next_dagrun for example_short_circuit_operator to 2026-09-27T00:47:38.756482+00:00, run_after=2026-09-28T00:47:38.756482+00:00
[2026-09-28T00:47:38.787+0000] {processor.py:178} INFO - Processing /home/airflow/.local/lib/python3.7/site-packages/airflow/example_dags/example_short_circuit_operator.py took 0.353 seconds
[2026-09-28T00:48:08.933+0000] {processor.py:156} INFO - Started process (PID=32302) to work on /home/airflow/.local/lib/python3.7/site-packages/airflow/example_dags/example_short_circuit_operator.py
[2026-09-28T00:48:08.934+0000] {processor.py:799} INFO - Processing file /home/airflow/.local/lib/python3.7/site-packages/airflow/example_dags/example_short_circuit_operator.py for tasks to queue
[2026-09-28T00:48:08.936+0000] {logging_mixin.py:149} INFO - [2026-09-28T00:48:08.935+0000] {dagbag.py:541} INFO - Filling up the DagBag from /home/airflow/.local/lib/python3.7/site-packages/airflow/example_dags/example_short_circuit_operator.py
[2026-09-28T00:48:08.950+0000] {processor.py:809} INFO - DAG(s) dict_keys(['example_short_circuit_operator']) retrieved from /home/airflow/.local/lib/python3.7/site-packages/airflow/example_dags/example_short_circuit_operator.py
[2026-09-28T00:48:08.996+0000] {logging_mixin.py:149} INFO - [2026-09-28T00:48:08.996+0000] {dag.py:2726} INFO - Sync 1 DAGs
[2026-09-28T00:48:09.037+0000] {logging_mixin.py:149} INFO - [2026-09-28T00:48:09.037+0000] {dag.py:3490} INFO - Setting next_dagrun for example_short_circuit_operator to 2026-09-27T00:48:09.036740+00:00, run_after=2026-09-28T00:48:09.036740+00:00
[2026-09-28T00:48:09.068+0000] {processor.py:178} INFO - Processing /home/airflow/.local/lib/python3.7/site-packages/airflow/example_dags/example_short_circuit_operator.py took 0.141 seconds
[2026-09-28T00:48:39.656+0000] {processor.py:156} INFO - Started process (PID=32361) to work on /home/airflow/.local/lib/python3.7/site-packages/airflow/example_dags/example_short_circuit_operator.py
[2026-09-28T00:48:39.658+0000] {processor.py:799} INFO - Processing file /home/airflow/.local/lib/python3.7/site-packages/airflow/example_dags/example_short_circuit_operator.py for tasks to queue
[2026-09-28T00:48:39.660+0000] {logging_mixin.py:149} INFO - [2026-09-28T00:48:39.659+0000] {dagbag.py:541} INFO - Filling up the DagBag from /home/airflow/.local/lib/python3.7/site-packages/airflow/example_dags/example_short_circuit_operator.py
[2026-09-28T00:48:39.676+0000] {processor.py:809} INFO - DAG(s) dict_keys(['example_short_circuit_operator']) retrieved from /home/airflow/.local/lib/python3.7/site-packages/airflow/example_dags/example_short_circuit_operator.py
[2026-09-28T00:48:39.728+0000] {logging_mixin.py:149} INFO - [2026-09-28T00:48:39.728+0000] {dag.py:2726} INFO - Sync 1 DAGs
[2026-09-28T00:48:39.774+0000] {logging_mixin.py:149} INFO - [2026-09-28T00:48:39.774+0000] {dag.py:3490} INFO - Setting next_dagrun for example_short_circuit_operator to 2026-09-27T00:48:39.773690+00:00, run_after=2026-09-28T00:48:39.773690+00:00
[2026-09-28T00:48:39.808+0000] {processor.py:178} INFO - Processing /home/airflow/.local/lib/python3.7/site-packages/airflow/example_dags/example_short_circuit_operator.py took 0.159 seconds
[2026-09-28T00:49:09.963+0000] {processor.py:156} INFO - Started process (PID=32421) to work on /home/airflow/.local/lib/python3.7/site-packages/airflow/example_dags/example_short_circuit_operator.py
[2026-09-28T00:49:09.965+0000] {processor.py:799} INFO - Processing file /home/airflow/.local/lib/python3.7/site-packages/airflow/example_dags/example_short_circuit_operator.py for tasks to queue
[2026-09-28T00:49:09.966+0000] {logging_mixin.py:149} INFO - [2026-09-28T00:49:09.966+0000] {dagbag.py:541} INFO - Filling up the DagBag from /home/airflow/.local/lib/python3.7/site-packages/airflow/example_dags/example_short_circuit_operator.py
[2026-09-28T00:49:09.983+0000] {processor.py:809} INFO - DAG(s) dict_keys(['example_short_circuit_operator']) retrieved from /home/airflow/.local/lib/python3.7/site-packages/airflow/example_dags/example_short_circuit_operator.py
[2026-09-28T00:49:10.039+0000] {logging_mixin.py:149} INFO - [2026-09-28T00:49:10.039+0000] {dag.py:2726} INFO - Sync 1 DAGs
[2026-09-28T00:49:10.088+0000] {logging_mixin.py:149} INFO - [2026-09-28T00:49:10.088+0000] {dag.py:3490} INFO - Setting next_dagrun for example_short_circuit_operator to 2026-09-27T00:49:10.087642+00:00, run_after=2026-09-28T00:49:10.087642+00:00
[2026-09-28T00:49:10.122+0000] {processor.py:178} INFO - Processing /home/airflow/.local/lib/python3.7/site-packages/airflow/example_dags/example_short_circuit_operator.py took 0.166 seconds
[2026-09-28T00:49:40.314+0000] {processor.py:156} INFO - Started process (PID=32480) to work on /home/airflow/.local/lib/python3.7/site-packages/airflow/example_dags/example_short_circuit_operator.py
[2026-09-28T00:49:40.316+0000] {processor.py:799} INFO - Processing file /home/airflow/.local/lib/python3.7/site-packages/airflow/example_dags/example_short_circuit_operator.py for tasks to queue
[2026-09-28T00:49:40.317+0000] {logging_mixin.py:149} INFO - [2026-09-28T00:49:40.317+0000] {dagbag.py:541} INFO - Filling up the DagBag from /home/airflow/.local/lib/python3.7/site-packages/airflow/example_dags/example_short_circuit_operator.py
[2026-09-28T00:49:40.333+0000] {processor.py:809} INFO - DAG(s) dict_keys(['example_short_circuit_operator']) retrieved from /home/airflow/.local/lib/python3.7/site-packages/airflow/example_dags/example_short_circuit_operator.py
[2026-09-28T00:49:40.386+0000] {logging_mixin.py:149} INFO - [2026-09-28T00:49:40.385+0000] {dag.py:2726} INFO - Sync 1 DAGs
[2026-09-28T00:49:40.440+0000] {logging_mixin.py:149} INFO - [2026-09-28T00:49:40.440+0000] {dag.py:3490} INFO - Setting next_dagrun for example_short_circuit_operator to 2026-09-27T00:49:40.439589+00:00, run_after=2026-09-28T00:49:40.439589+00:00
[2026-09-28T00:49:40.472+0000] {processor.py:178} INFO - Processing /home/airflow/.local/lib/python3.7/site-packages/airflow/example_dags/example_short_circuit_operator.py took 0.165 seconds
[2026-09-28T00:50:10.699+0000] {processor.py:156} INFO - Started process (PID=32539) to work on /home/airflow/.local/lib/python3.7/site-packages/airflow/example_dags/example_short_circuit_operator.py
[2026-09-28T00:50:10.701+0000] {processor.py:799} INFO - Processing file /home/airflow/.local/lib/python3.7/site-packages/airflow/example_dags/example_short_circuit_operator.py for tasks to queue
[2026-09-28T00:50:10.702+0000] {logging_mixin.py:149} INFO - [2026-09-28T00:50:10.702+0000] {dagbag.py:541} INFO - Filling up the DagBag from /home/airflow/.local/lib/python3.7/site-packages/airflow/example_dags/example_short_circuit_operator.py
[2026-09-28T00:50:10.718+0000] {processor.py:809} INFO - DAG(s) dict_keys(['example_short_circuit_operator']) retrieved from /home/airflow/.local/lib/python3.7/site-packages/airflow/example_dags/example_short_circuit_operator.py
[2026-09-28T00:50:10.772+0000] {logging_mixin.py:149} INFO - [2026-09-28T00:50:10.771+0000] {dag.py:2726} INFO - Sync 1 DAGs
[2026-09-28T00:50:10.821+0000] {logging_mixin.py:149} INFO - [2026-09-28T00:50:10.821+0000] {dag.py:3490} INFO - Setting next_dagrun for example_short_circuit_operator to 2026-09-27T00:50:10.820743+00:00, run_after=2026-09-28T00:50:10.820743+00:00
[2026-09-28T00:50:10.865+0000] {processor.py:178} INFO - Processing /home/airflow/.local/lib/python3.7/site-packages/airflow/example_dags/example_short_circuit_operator.py took 0.172 seconds
[2026-09-28T00:50:41.111+0000] {processor.py:156} INFO - Started process (PID=32597) to work on /home/airflow/.local/lib/python3.7/site-packages/airflow/example_dags/example_short_circuit_operator.py
[2026-09-28T00:50:41.116+0000] {processor.py:799} INFO - Processing file /home/airflow/.local/lib/python3.7/site-packages/airflow/example_dags/example_short_circuit_operator.py for tasks to queue
[2026-09-28T00:50:41.117+0000] {logging_mixin.py:149} INFO - [2026-09-28T00:50:41.117+0000] {dagbag.py:541} INFO - Filling up the DagBag from /home/airflow/.local/lib/python3.7/site-packages/airflow/example_dags/example_short_circuit_operator.py
[2026-09-28T00:50:41.133+0000] {processor.py:809} INFO - DAG(s) dict_keys(['example_short_circuit_operator']) retrieved from /home/airflow/.local/lib/python3.7/site-packages/airflow/example_dags/example_short_circuit_operator.py
[2026-09-28T00:50:41.183+0000] {logging_mixin.py:149} INFO - [2026-09-28T00:50:41.183+0000] {dag.py:2726} INFO - Sync 1 DAGs
[2026-09-28T00:50:41.230+0000] {logging_mixin.py:149} INFO - [2026-09-28T00:50:41.230+0000] {dag.py:3490} INFO - Setting next_dagrun for example_short_circuit_operator to 2026-09-27T00:50:41.229535+00:00, run_after=2026-09-28T00:50:41.229535+00:00
[2026-09-28T00:50:41.275+0000] {processor.py:178} INFO - Processing /home/airflow/.local/lib/python3.7/site-packages/airflow/example_dags/example_short_circuit_operator.py took 0.171 seconds
[2026-09-28T00:51:11.383+0000] {processor.py:156} INFO - Started process (PID=32656) to work on /home/airflow/.local/lib/python3.7/site-packages/airflow/example_dags/example_short_circuit_operator.py
[2026-09-28T00:51:11.385+0000] {processor.py:799} INFO - Processing file /home/airflow/.local/lib/python3.7/site-packages/airflow/example_dags/example_short_circuit_operator.py for tasks to queue
[2026-09-28T00:51:11.387+0000] {logging_mixin.py:149} INFO - [2026-09-28T00:51:11.386+0000] {dagbag.py:541} INFO - Filling up the DagBag from /home/airflow/.local/lib/python3.7/site-packages/airflow/example_dags/example_short_circuit_operator.py
[2026-09-28T00:51:11.402+0000] {processor.py:809} INFO - DAG(s) dict_keys(['example_short_circuit_operator']) retrieved from /home/airflow/.local/lib/python3.7/site-packages/airflow/example_dags/example_short_circuit_operator.py
[2026-09-28T00:51:11.453+0000] {logging_mixin.py:149} INFO - [2026-09-28T00:51:11.453+0000] {dag.py:2726} INFO - Sync 1 DAGs
[2026-09-28T00:51:11.494+0000] {logging_mixin.py:149} INFO - [2026-09-28T00:51:11.493+0000] {dag.py:3490} INFO - Setting next_dagrun for example_short_circuit_operator to 2026-09-27T00:51:11.493603+00:00, run_after=2026-09-28T00:51:11.493603+00:00
[2026-09-28T00:51:11.525+0000] {processor.py:178} INFO - Processing /home/airflow/.local/lib/python3.7/site-packages/airflow/example_dags/example_short_circuit_operator.py took 0.148 seconds
[2026-09-28T00:51:41.803+0000] {processor.py:156} INFO - Started process (PID=32715) to work on /home/airflow/.local/lib/python3.7/site-packages/airflow/example_dags/example_short_circuit_operator.py
[2026-09-28T00:51:41.805+0000] {processor.py:799} INFO - Processing file /home/airflow/.local/lib/python3.7/site-packages/airflow/example_dags/example_short_circuit_operator.py for tasks to queue
[2026-09-28T00:51:41.807+0000] {logging_mixin.py:149} INFO - [2026-09-28T00:51:41.806+0000] {dagbag.py:541} INFO - Filling up the DagBag from /home/airflow/.local/lib/python3.7/site-packages/airflow/example_dags/example_short_circuit_operator.py
[2026-09-28T00:51:41.822+0000] {processor.py:809} INFO - DAG(s) dict_keys(['example_short_circuit_operator']) retrieved from /home/airflow/.local/lib/python3.7/site-packages/airflow/example_dags/example_short_circuit_operator.py
[2026-09-28T00:51:41.882+0000] {logging_mixin.py:149} INFO - [2026-09-28T00:51:41.881+0000] {dag.py:2726} INFO - Sync 1 DAGs
[2026-09-28T00:51:41.939+0000] {logging_mixin.py:149} INFO - [2026-09-28T00:51:41.939+0000] {dag.py:3490} INFO - Setting next_dagrun for example_short_circuit_operator to 2026-09-27T00:51:41.938663+00:00, run_after=2026-09-28T00:51:41.938663+00:00
[2026-09-28T00:51:41.970+0000] {processor.py:178} INFO - Processing /home/airflow/.local/lib/python3.7/site-packages/airflow/example_dags/example_short_circuit_operator.py took 0.176 seconds
[2026-09-28T00:52:13.851+0000] {processor.py:156} INFO - Started process (PID=32776) to work on /home/airflow/.local/lib/python3.7/site-packages/airflow/example_dags/example_short_circuit_operator.py
[2026-09-28T00:52:13.854+0000] {processor.py:799} INFO - Processing file /home/airflow/.local/lib/python3.7/site-packages/airflow/example_dags/example_short_circuit_operator.py for tasks to queue
[2026-09-28T00:52:13.855+0000] {logging_mixin.py:149} INFO - [2026-09-28T00:52:13.855+0000] {dagbag.py:541} INFO - Filling up the DagBag from /home/airflow/.local/lib/python3.7/site-packages/airflow/example_dags/example_short_circuit_operator.py
[2026-09-28T00:52:13.874+0000] {processor.py:809} INFO - DAG(s) dict_keys(['example_short_circuit_operator']) retrieved from /home/airflow/.local/lib/python3.7/site-packages/airflow/example_dags/example_short_circuit_operator.py
[2026-09-28T00:52:13.922+0000] {logging_mixin.py:149} INFO - [2026-09-28T00:52:13.922+0000] {dag.py:2726} INFO - Sync 1 DAGs
[2026-09-28T00:52:13.968+0000] {logging_mixin.py:149} INFO - [2026-09-28T00:52:13.968+0000] {dag.py:3490} INFO - Setting next_dagrun for example_short_circuit_operator to 2026-09-27T00:52:13.967903+00:00, run_after=2026-09-28T00:52:13.967903+00:00
[2026-09-28T00:52:14.030+0000] {processor.py:178} INFO - Processing /home/airflow/.local/lib/python3.7/site-packages/airflow/example_dags/example_short_circuit_operator.py took 0.187 seconds
[2026-09-28T00:52:45.488+0000] {processor.py:156} INFO - Started process (PID=32837) to work on /home/airflow/.local/lib/python3.7/site-packages/airflow/example_dags/example_short_circuit_operator.py
[2026-09-28T00:52:45.490+0000] {processor.py:799} INFO - Processing file /home/airflow/.local/lib/python3.7/site-packages/airflow/example_dags/example_short_circuit_operator.py for tasks to queue
[2026-09-28T00:52:45.491+0000] {logging_mixin.py:149} INFO - [2026-09-28T00:52:45.491+0000] {dagbag.py:541} INFO - Filling up the DagBag from /home/airflow/.local/lib/python3.7/site-packages/airflow/example_dags/example_short_circuit_operator.py
[2026-09-28T00:52:45.507+0000] {processor.py:809} INFO - DAG(s) dict_keys(['example_short_circuit_operator']) retrieved from /home/airflow/.local/lib/python3.7/site-packages/airflow/example_dags/example_short_circuit_operator.py
[2026-09-28T00:52:45.563+0000] {logging_mixin.py:149} INFO - [2026-09-28T00:52:45.562+0000] {dag.py:2726} INFO - Sync 1 DAGs
[2026-09-28T00:52:45.612+0000] {logging_mixin.py:149} INFO - [2026-09-28T00:52:45.612+0000] {dag.py:3490} INFO - Setting next_dagrun for example_short_circuit_operator to 2026-09-27T00:52:45.611774+00:00, run_after=2026-09-28T00:52:45.611774+00:00
[2026-09-28T00:52:45.644+0000] {processor.py:178} INFO - Processing /home/airflow/.local/lib/python3.7/site-packages/airflow/example_dags/example_short_circuit_operator.py took 0.162 seconds
[2026-09-28T00:53:16.815+0000] {processor.py:156} INFO - Started process (PID=32896) to work on /home/airflow/.local/lib/python3.7/site-packages/airflow/example_dags/example_short_circuit_operator.py
[2026-09-28T00:53:16.817+0000] {processor.py:799} INFO - Processing file /home/airflow/.local/lib/python3.7/site-packages/airflow/example_dags/example_short_circuit_operator.py for tasks to queue
[2026-09-28T00:53:16.818+0000] {logging_mixin.py:149} INFO - [2026-09-28T00:53:16.818+0000] {dagbag.py:541} INFO - Filling up the DagBag from /home/airflow/.local/lib/python3.7/site-packages/airflow/example_dags/example_short_circuit_operator.py
[2026-09-28T00:53:16.832+0000] {processor.py:809} INFO - DAG(s) dict_keys(['example_short_circuit_operator']) retrieved from /home/airflow/.local/lib/python3.7/site-packages/airflow/example_dags/example_short_circuit_operator.py
[2026-09-28T00:53:16.882+0000] {logging_mixin.py:149} INFO - [2026-09-28T00:53:16.882+0000] {dag.py:2726} INFO - Sync 1 DAGs
[2026-09-28T00:53:16.931+0000] {logging_mixin.py:149} INFO - [2026-09-28T00:53:16.931+0000] {dag.py:3490} INFO - Setting next_dagrun for example_short_circuit_operator to 2026-09-27T00:53:16.930748+00:00, run_after=2026-09-28T00:53:16.930748+00:00
[2026-09-28T00:53:16.976+0000] {processor.py:178} INFO - Processing /home/airflow/.local/lib/python3.7/site-packages/airflow/example_dags/example_short_circuit_operator.py took 0.168 seconds
[2026-09-28T00:53:48.290+0000] {processor.py:156} INFO - Started process (PID=32956) to work on /home/airflow/.local/lib/python3.7/site-packages/airflow/example_dags/example_short_circuit_operator.py
[2026-09-28T00:53:48.291+0000] {processor.py:799} INFO - Processing file /home/airflow/.local/lib/python3.7/site-packages/airflow/example_dags/example_short_circuit_operator.py for tasks to queue
[2026-09-28T00:53:48.292+0000] {logging_mixin.py:149} INFO - [2026-09-28T00:53:48.291+0000] {dagbag.py:541} INFO - Filling up the DagBag from /home/airflow/.local/lib/python3.7/site-packages/airflow/example_dags/example_short_circuit_operator.py
[2026-09-28T00:53:48.306+0000] {processor.py:809} INFO - DAG(s) dict_keys(['example_short_circuit_operator']) retrieved from /home/airflow/.local/lib/python3.7/site-packages/airflow/example_dags/example_short_circuit_operator.py
[2026-09-28T00:53:48.358+0000] {logging_mixin.py:149} INFO - [2026-09-28T00:53:48.358+0000] {dag.py:2726} INFO - Sync 1 DAGs
[2026-09-28T00:53:48.406+0000] {logging_mixin.py:149} INFO - [2026-09-28T00:53:48.406+0000] {dag.py:3490} INFO - Setting next_dagrun for example_short_circuit_operator to 2026-09-27T00:53:48.406015+00:00, run_after=2026-09-28T00:53:48.406015+00:00
[2026-09-28T00:53:48.441+0000] {processor.py:178} INFO - Processing /home/airflow/.local/lib/python3.7/site-packages/airflow/example_dags/example_short_circuit_operator.py took 0.158 seconds
[2026-09-28T00:54:19.346+0000] {processor.py:156} INFO - Started process (PID=33015) to work on /home/airflow/.local/lib/python3.7/site-packages/airflow/example_dags/example_short_circuit_operator.py
[2026-09-28T00:54:19.349+0000] {processor.py:799} INFO - Processing file /home/airflow/.local/lib/python3.7/site-packages/airflow/example_dags/example_short_circuit_operator.py for tasks to queue
[2026-09-28T00:54:19.350+0000] {logging_mixin.py:149} INFO - [2026-09-28T00:54:19.350+0000] {dagbag.py:541} INFO - Filling up the DagBag from /home/airflow/.local/lib/python3.7/site-packages/airflow/example_dags/example_short_circuit_operator.py
[2026-09-28T00:54:19.363+0000] {processor.py:809} INFO - DAG(s) dict_keys(['example_short_circuit_operator']) retrieved from /home/airflow/.local/lib/python3.7/site-packages/airflow/example_dags/example_short_circuit_operator.py
[2026-09-28T00:54:19.417+0000] {logging_mixin.py:149} INFO - [2026-09-28T00:54:19.417+0000] {dag.py:2726} INFO - Sync 1 DAGs
[2026-09-28T00:54:19.463+0000] {logging_mixin.py:149} INFO - [2026-09-28T00:54:19.463+0000] {dag.py:3490} INFO - Setting next_dagrun for example_short_circuit_operator to 2026-09-27T00:54:19.462890+00:00, run_after=2026-09-28T00:54:19.462890+00:00
[2026-09-28T00:54:19.497+0000] {processor.py:178} INFO - Processing /home/airflow/.local/lib/python3.7/site-packages/airflow/example_dags/example_short_circuit_operator.py took 0.156 seconds
[2026-09-28T00:54:51.488+0000] {processor.py:156} INFO - Started process (PID=33077) to work on /home/airflow/.local/lib/python3.7/site-packages/airflow/example_dags/example_short_circuit_operator.py
[2026-09-28T00:54:51.489+0000] {processor.py:799} INFO - Processing file /home/airflow/.local/lib/python3.7/site-packages/airflow/example_dags/example_short_circuit_operator.py for tasks to queue
[2026-09-28T00:54:51.490+0000] {logging_mixin.py:149} INFO - [2026-09-28T00:54:51.490+0000] {dagbag.py:541} INFO - Filling up the DagBag from /home/airflow/.local/lib/python3.7/site-packages/airflow/example_dags/example_short_circuit_operator.py
[2026-09-28T00:54:51.503+0000] {processor.py:809} INFO - DAG(s) dict_keys(['example_short_circuit_operator']) retrieved from /home/airflow/.local/lib/python3.7/site-packages/airflow/example_dags/example_short_circuit_operator.py
[2026-09-28T00:54:51.547+0000] {logging_mixin.py:149} INFO - [2026-09-28T00:54:51.547+0000] {dag.py:2726} INFO - Sync 1 DAGs
[2026-09-28T00:54:51.591+0000] {logging_mixin.py:149} INFO - [2026-09-28T00:54:51.590+0000] {dag.py:3490} INFO - Setting next_dagrun for example_short_circuit_operator to 2026-09-27T00:54:51.590507+00:00, run_after=2026-09-28T00:54:51.590507+00:00
[2026-09-28T00:54:51.621+0000] {processor.py:178} INFO - Processing /home/airflow/.local/lib/python3.7/site-packages/airflow/example_dags/example_short_circuit_operator.py took 0.139 seconds
[2026-09-28T00:55:22.103+0000] {processor.py:156} INFO - Started process (PID=33135) to work on /home/airflow/.local/lib/python3.7/site-packages/airflow/example_dags/example_short_circuit_operator.py
[2026-09-28T00:55:22.142+0000] {processor.py:799} INFO - Processing file /home/airflow/.local/lib/python3.7/site-packages/airflow/example_dags/example_short_circuit_operator.py for tasks to queue
[2026-09-28T00:55:22.143+0000] {logging_mixin.py:149} INFO - [2026-09-28T00:55:22.143+0000] {dagbag.py:541} INFO - Filling up the DagBag from /home/airflow/.local/lib/python3.7/site-packages/airflow/example_dags/example_short_circuit_operator.py
[2026-09-28T00:55:22.158+0000] {processor.py:809} INFO - DAG(s) dict_keys(['example_short_circuit_operator']) retrieved from /home/airflow/.local/lib/python3.7/site-packages/airflow/example_dags/example_short_circuit_operator.py
[2026-09-28T00:55:22.208+0000] {logging_mixin.py:149} INFO - [2026-09-28T00:55:22.208+0000] {dag.py:2726} INFO - Sync 1 DAGs
[2026-09-28T00:55:22.256+0000] {logging_mixin.py:149} INFO - [2026-09-28T00:55:22.255+0000] {dag.py:3490} INFO - Setting next_dagrun for example_short_circuit_operator to 2026-09-27T00:55:22.255454+00:00, run_after=2026-09-28T00:55:22.255454+00:00
[2026-09-28T00:55:22.287+0000] {processor.py:178} INFO - Processing /home/airflow/.local/lib/python3.7/site-packages/airflow/example_dags/example_short_circuit_operator.py took 0.191 seconds
[2026-09-28T00:55:53.078+0000] {processor.py:156} INFO - Started process (PID=33193) to work on /home/airflow/.local/lib/python3.7/site-packages/airflow/example_dags/example_short_circuit_operator.py
[2026-09-28T00:55:53.080+0000] {processor.py:799} INFO - Processing file /home/airflow/.local/lib/python3.7/site-packages/airflow/example_dags/example_short_circuit_operator.py for tasks to queue
[2026-09-28T00:55:53.081+0000] {logging_mixin.py:149} INFO - [2026-09-28T00:55:53.081+0000] {dagbag.py:541} INFO - Filling up the DagBag from /home/airflow/.local/lib/python3.7/site-packages/airflow/example_dags/example_short_circuit_operator.py
[2026-09-28T00:55:53.095+0000] {processor.py:809} INFO - DAG(s) dict_keys(['example_short_circuit_operator']) retrieved from /home/airflow/.local/lib/python3.7/site-packages/airflow/example_dags/example_short_circuit_operator.py
[2026-09-28T00:55:53.145+0000] {logging_mixin.py:149} INFO - [2026-09-28T00:55:53.145+0000] {dag.py:2726} INFO - Sync 1 DAGs
[2026-09-28T00:55:53.191+0000] {logging_mixin.py:149} INFO - [2026-09-28T00:55:53.190+0000] {dag.py:3490} INFO - Setting next_dagrun for example_short_circuit_operator to 2026-09-27T00:55:53.190502+00:00, run_after=2026-09-28T00:55:53.190502+00:00
[2026-09-28T00:55:53.229+0000] {processor.py:178} INFO - Processing /home/airflow/.local/lib/python3.7/site-packages/airflow/example_dags/example_short_circuit_operator.py took 0.157 seconds
[2026-09-28T00:56:24.064+0000] {processor.py:156} INFO - Started process (PID=33252) to work on /home/airflow/.local/lib/python3.7/site-packages/airflow/example_dags/example_short_circuit_operator.py
[2026-09-28T00:56:24.066+0000] {processor.py:799} INFO - Processing file /home/airflow/.local/lib/python3.7/site-packages/airflow/example_dags/example_short_circuit_operator.py for tasks to queue
[2026-09-28T00:56:24.067+0000] {logging_mixin.py:149} INFO - [2026-09-28T00:56:24.067+0000] {dagbag.py:541} INFO - Filling up the DagBag from /home/airflow/.local/lib/python3.7/site-packages/airflow/example_dags/example_short_circuit_operator.py
[2026-09-28T00:56:24.081+0000] {processor.py:809} INFO - DAG(s) dict_keys(['example_short_circuit_operator']) retrieved from /home/airflow/.local/lib/python3.7/site-packages/airflow/example_dags/example_short_circuit_operator.py
[2026-09-28T00:56:24.125+0000] {logging_mixin.py:149} INFO - [2026-09-28T00:56:24.125+0000] {dag.py:2726} INFO - Sync 1 DAGs
[2026-09-28T00:56:24.178+0000] {logging_mixin.py:149} INFO - [2026-09-28T00:56:24.177+0000] {dag.py:3490} INFO - Setting next_dagrun for example_short_circuit_operator to 2026-09-27T00:56:24.177435+00:00, run_after=2026-09-28T00:56:24.177435+00:00
[2026-09-28T00:56:24.208+0000] {processor.py:178} INFO - Processing /home/airflow/.local/lib/python3.7/site-packages/airflow/example_dags/example_short_circuit_operator.py took 0.149 seconds
[2026-09-28T00:56:55.323+0000] {processor.py:156} INFO - Started process (PID=33311) to work on /home/airflow/.local/lib/python3.7/site-packages/airflow/example_dags/example_short_circuit_operator.py
[2026-09-28T00:56:55.324+0000] {processor.py:799} INFO - Processing file /home/airflow/.local/lib/python3.7/site-packages/airflow/example_dags/example_short_circuit_operator.py for tasks to queue
[2026-09-28T00:56:55.326+0000] {logging_mixin.py:149} INFO - [2026-09-28T00:56:55.326+0000] {dagbag.py:541} INFO - Filling up the DagBag from /home/airflow/.local/lib/python3.7/site-packages/airflow/example_dags/example_short_circuit_operator.py
[2026-09-28T00:56:55.347+0000] {processor.py:809} INFO - DAG(s) dict_keys(['example_short_circuit_operator']) retrieved from /home/airflow/.local/lib/python3.7/site-packages/airflow/example_dags/example_short_circuit_operator.py
[2026-09-28T00:56:55.397+0000] {logging_mixin.py:149} INFO - [2026-09-28T00:56:55.397+0000] {dag.py:2726} INFO - Sync 1 DAGs
[2026-09-28T00:56:55.438+0000] {logging_mixin.py:149} INFO - [2026-09-28T00:56:55.438+0000] {dag.py:3490} INFO - Setting next_dagrun for example_short_circuit_operator to 2026-09-27T00:56:55.438012+00:00, run_after=2026-09-28T00:56:55.438012+00:00
[2026-09-28T00:56:55.470+0000] {processor.py:178} INFO - Processing /home/airflow/.local/lib/python3.7/site-packages/airflow/example_dags/example_short_circuit_operator.py took 0.153 seconds
[2026-09-28T00:57:26.513+0000] {processor.py:156} INFO - Started process (PID=33370) to work on /home/airflow/.local/lib/python3.7/site-packages/airflow/example_dags/example_short_circuit_operator.py
[2026-09-28T00:57:26.515+0000] {processor.py:799} INFO - Processing file /home/airflow/.local/lib/python3.7/site-packages/airflow/example_dags/example_short_circuit_operator.py for tasks to queue
[2026-09-28T00:57:26.517+0000] {logging_mixin.py:149} INFO - [2026-09-28T00:57:26.517+0000] {dagbag.py:541} INFO - Filling up the DagBag from /home/airflow/.local/lib/python3.7/site-packages/airflow/example_dags/example_short_circuit_operator.py
[2026-09-28T00:57:26.533+0000] {processor.py:809} INFO - DAG(s) dict_keys(['example_short_circuit_operator']) retrieved from /home/airflow/.local/lib/python3.7/site-packages/airflow/example_dags/example_short_circuit_operator.py
[2026-09-28T00:57:26.583+0000] {logging_mixin.py:149} INFO - [2026-09-28T00:57:26.583+0000] {dag.py:2726} INFO - Sync 1 DAGs
[2026-09-28T00:57:26.627+0000] {logging_mixin.py:149} INFO - [2026-09-28T00:57:26.626+0000] {dag.py:3490} INFO - Setting next_dagrun for example_short_circuit_operator to 2026-09-27T00:57:26.626417+00:00, run_after=2026-09-28T00:57:26.626417+00:00
[2026-09-28T00:57:26.662+0000] {processor.py:178} INFO - Processing /home/airflow/.local/lib/python3.7/site-packages/airflow/example_dags/example_short_circuit_operator.py took 0.155 seconds
[2026-09-28T00:57:57.228+0000] {processor.py:156} INFO - Started process (PID=33429) to work on /home/airflow/.local/lib/python3.7/site-packages/airflow/example_dags/example_short_circuit_operator.py
[2026-09-28T00:57:57.231+0000] {processor.py:799} INFO - Processing file /home/airflow/.local/lib/python3.7/site-packages/airflow/example_dags/example_short_circuit_operator.py for tasks to queue
[2026-09-28T00:57:57.233+0000] {logging_mixin.py:149} INFO - [2026-09-28T00:57:57.232+0000] {dagbag.py:541} INFO - Filling up the DagBag from /home/airflow/.local/lib/python3.7/site-packages/airflow/example_dags/example_short_circuit_operator.py
[2026-09-28T00:57:57.246+0000] {processor.py:809} INFO - DAG(s) dict_keys(['example_short_circuit_operator']) retrieved from /home/airflow/.local/lib/python3.7/site-packages/airflow/example_dags/example_short_circuit_operator.py
[2026-09-28T00:57:57.293+0000] {logging_mixin.py:149} INFO - [2026-09-28T00:57:57.293+0000] {dag.py:2726} INFO - Sync 1 DAGs
[2026-09-28T00:57:57.348+0000] {logging_mixin.py:149} INFO - [2026-09-28T00:57:57.347+0000] {dag.py:3490} INFO - Setting next_dagrun for example_short_circuit_operator to 2026-09-27T00:57:57.347334+00:00, run_after=2026-09-28T00:57:57.347334+00:00
[2026-09-28T00:57:57.381+0000] {processor.py:178} INFO - Processing /home/airflow/.local/lib/python3.7/site-packages/airflow/example_dags/example_short_circuit_operator.py took 0.159 seconds
[2026-09-28T00:58:28.410+0000] {processor.py:156} INFO - Started process (PID=33488) to work on /home/airflow/.local/lib/python3.7/site-packages/airflow/example_dags/example_short_circuit_operator.py
[2026-09-28T00:58:28.413+0000] {processor.py:799} INFO - Processing file /home/airflow/.local/lib/python3.7/site-packages/airflow/example_dags/example_short_circuit_operator.py for tasks to queue
[2026-09-28T00:58:28.414+0000] {logging_mixin.py:149} INFO - [2026-09-28T00:58:28.413+0000] {dagbag.py:541} INFO - Filling up the DagBag from /home/airflow/.local/lib/python3.7/site-packages/airflow/example_dags/example_short_circuit_operator.py
[2026-09-28T00:58:28.430+0000] {processor.py:809} INFO - DAG(s) dict_keys(['example_short_circuit_operator']) retrieved from /home/airflow/.local/lib/python3.7/site-packages/airflow/example_dags/example_short_circuit_operator.py
[2026-09-28T00:58:28.474+0000] {logging_mixin.py:149} INFO - [2026-09-28T00:58:28.474+0000] {dag.py:2726} INFO - Sync 1 DAGs
[2026-09-28T00:58:28.518+0000] {logging_mixin.py:149} INFO - [2026-09-28T00:58:28.517+0000] {dag.py:3490} INFO - Setting next_dagrun for example_short_circuit_operator to 2026-09-27T00:58:28.517386+00:00, run_after=2026-09-28T00:58:28.517386+00:00
[2026-09-28T00:58:28.549+0000] {processor.py:178} INFO - Processing /home/airflow/.local/lib/python3.7/site-packages/airflow/example_dags/example_short_circuit_operator.py took 0.145 seconds
[2026-09-28T00:58:59.109+0000] {processor.py:156} INFO - Started process (PID=33547) to work on /home/airflow/.local/lib/python3.7/site-packages/airflow/example_dags/example_short_circuit_operator.py
[2026-09-28T00:58:59.111+0000] {processor.py:799} INFO - Processing file /home/airflow/.local/lib/python3.7/site-packages/airflow/example_dags/example_short_circuit_operator.py for tasks to queue
[2026-09-28T00:58:59.112+0000] {logging_mixin.py:149} INFO - [2026-09-28T00:58:59.112+0000] {dagbag.py:541} INFO - Filling up the DagBag from /home/airflow/.local/lib/python3.7/site-packages/airflow/example_dags/example_short_circuit_operator.py
[2026-09-28T00:58:59.129+0000] {processor.py:809} INFO - DAG(s) dict_keys(['example_short_circuit_operator']) retrieved from /home/airflow/.local/lib/python3.7/site-packages/airflow/example_dags/example_short_circuit_operator.py
[2026-09-28T00:58:59.176+0000] {logging_mixin.py:149} INFO - [2026-09-28T00:58:59.175+0000] {dag.py:2726} INFO - Sync 1 DAGs
[2026-09-28T00:58:59.225+0000] {logging_mixin.py:149} INFO - [2026-09-28T00:58:59.224+0000] {dag.py:3490} INFO - Setting next_dagrun for example_short_circuit_operator to 2026-09-27T00:58:59.224287+00:00, run_after=2026-09-28T00:58:59.224287+00:00
[2026-09-28T00:58:59.259+0000] {processor.py:178} INFO - Processing /home/airflow/.local/lib/python3.7/site-packages/airflow/example_dags/example_short_circuit_operator.py took 0.156 seconds
[2026-09-28T00:59:30.479+0000] {processor.py:156} INFO - Started process (PID=33606) to work on /home/airflow/.local/lib/python3.7/site-packages/airflow/example_dags/example_short_circuit_operator.py
[2026-09-28T00:59:30.482+0000] {processor.py:799} INFO - Processing file /home/airflow/.local/lib/python3.7/site-packages/airflow/example_dags/example_short_circuit_operator.py for tasks to queue
[2026-09-28T00:59:30.485+0000] {logging_mixin.py:149} INFO - [2026-09-28T00:59:30.484+0000] {dagbag.py:541} INFO - Filling up the DagBag from /home/airflow/.local/lib/python3.7/site-packages/airflow/example_dags/example_short_circuit_operator.py
[2026-09-28T00:59:30.502+0000] {processor.py:809} INFO - DAG(s) dict_keys(['example_short_circuit_operator']) retrieved from /home/airflow/.local/lib/python3.7/site-packages/airflow/example_dags/example_short_circuit_operator.py
[2026-09-28T00:59:30.551+0000] {logging_mixin.py:149} INFO - [2026-09-28T00:59:30.551+0000] {dag.py:2726} INFO - Sync 1 DAGs
[2026-09-28T00:59:30.602+0000] {logging_mixin.py:149} INFO - [2026-09-28T00:59:30.602+0000] {dag.py:3490} INFO - Setting next_dagrun for example_short_circuit_operator to 2026-09-27T00:59:30.602215+00:00, run_after=2026-09-28T00:59:30.602215+00:00
[2026-09-28T00:59:30.637+0000] {processor.py:178} INFO - Processing /home/airflow/.local/lib/python3.7/site-packages/airflow/example_dags/example_short_circuit_operator.py took 0.166 seconds
[2026-09-28T01:00:01.245+0000] {processor.py:156} INFO - Started process (PID=33665) to work on /home/airflow/.local/lib/python3.7/site-packages/airflow/example_dags/example_short_circuit_operator.py
[2026-09-28T01:00:01.247+0000] {processor.py:799} INFO - Processing file /home/airflow/.local/lib/python3.7/site-packages/airflow/example_dags/example_short_circuit_operator.py for tasks to queue
[2026-09-28T01:00:01.248+0000] {logging_mixin.py:149} INFO - [2026-09-28T01:00:01.248+0000] {dagbag.py:541} INFO - Filling up the DagBag from /home/airflow/.local/lib/python3.7/site-packages/airflow/example_dags/example_short_circuit_operator.py
[2026-09-28T01:00:01.263+0000] {processor.py:809} INFO - DAG(s) dict_keys(['example_short_circuit_operator']) retrieved from /home/airflow/.local/lib/python3.7/site-packages/airflow/example_dags/example_short_circuit_operator.py
[2026-09-28T01:00:01.320+0000] {logging_mixin.py:149} INFO - [2026-09-28T01:00:01.319+0000] {dag.py:2726} INFO - Sync 1 DAGs
[2026-09-28T01:00:01.367+0000] {logging_mixin.py:149} INFO - [2026-09-28T01:00:01.367+0000] {dag.py:3490} INFO - Setting next_dagrun for example_short_circuit_operator to 2026-09-27T01:00:01.366524+00:00, run_after=2026-09-28T01:00:01.366524+00:00
[2026-09-28T01:00:01.405+0000] {processor.py:178} INFO - Processing /home/airflow/.local/lib/python3.7/site-packages/airflow/example_dags/example_short_circuit_operator.py took 0.167 seconds
[2026-09-28T01:00:32.518+0000] {processor.py:156} INFO - Started process (PID=33723) to work on /home/airflow/.local/lib/python3.7/site-packages/airflow/example_dags/example_short_circuit_operator.py
[2026-09-28T01:00:32.520+0000] {processor.py:799} INFO - Processing file /home/airflow/.local/lib/python3.7/site-packages/airflow/example_dags/example_short_circuit_operator.py for tasks to queue
[2026-09-28T01:00:32.521+0000] {logging_mixin.py:149} INFO - [2026-09-28T01:00:32.521+0000] {dagbag.py:541} INFO - Filling up the DagBag from /home/airflow/.local/lib/python3.7/site-packages/airflow/example_dags/example_short_circuit_operator.py
[2026-09-28T01:00:32.537+0000] {processor.py:809} INFO - DAG(s) dict_keys(['example_short_circuit_operator']) retrieved from /home/airflow/.local/lib/python3.7/site-packages/airflow/example_dags/example_short_circuit_operator.py
[2026-09-28T01:00:32.593+0000] {logging_mixin.py:149} INFO - [2026-09-28T01:00:32.592+0000] {dag.py:2726} INFO - Sync 1 DAGs
[2026-09-28T01:00:32.644+0000] {logging_mixin.py:149} INFO - [2026-09-28T01:00:32.644+0000] {dag.py:3490} INFO - Setting next_dagrun for example_short_circuit_operator to 2026-09-27T01:00:32.643685+00:00, run_after=2026-09-28T01:00:32.643685+00:00
[2026-09-28T01:00:32.679+0000] {processor.py:178} INFO - Processing /home/airflow/.local/lib/python3.7/site-packages/airflow/example_dags/example_short_circuit_operator.py took 0.168 seconds
[2026-09-28T01:01:03.860+0000] {processor.py:156} INFO - Started process (PID=33782) to work on /home/airflow/.local/lib/python3.7/site-packages/airflow/example_dags/example_short_circuit_operator.py
[2026-09-28T01:01:03.861+0000] {processor.py:799} INFO - Processing file /home/airflow/.local/lib/python3.7/site-packages/airflow/example_dags/example_short_circuit_operator.py for tasks to queue
[2026-09-28T01:01:03.862+0000] {logging_mixin.py:149} INFO - [2026-09-28T01:01:03.862+0000] {dagbag.py:541} INFO - Filling up the DagBag from /home/airflow/.local/lib/python3.7/site-packages/airflow/example_dags/example_short_circuit_operator.py
[2026-09-28T01:01:03.878+0000] {processor.py:809} INFO - DAG(s) dict_keys(['example_short_circuit_operator']) retrieved from /home/airflow/.local/lib/python3.7/site-packages/airflow/example_dags/example_short_circuit_operator.py
[2026-09-28T01:01:03.927+0000] {logging_mixin.py:149} INFO - [2026-09-28T01:01:03.926+0000] {dag.py:2726} INFO - Sync 1 DAGs
[2026-09-28T01:01:03.977+0000] {logging_mixin.py:149} INFO - [2026-09-28T01:01:03.977+0000] {dag.py:3490} INFO - Setting next_dagrun for example_short_circuit_operator to 2026-09-27T01:01:03.977054+00:00, run_after=2026-09-28T01:01:03.977054+00:00
[2026-09-28T01:01:04.010+0000] {processor.py:178} INFO - Processing /home/airflow/.local/lib/python3.7/site-packages/airflow/example_dags/example_short_circuit_operator.py took 0.156 seconds
[2026-09-28T01:01:34.525+0000] {processor.py:156} INFO - Started process (PID=33841) to work on /home/airflow/.local/lib/python3.7/site-packages/airflow/example_dags/example_short_circuit_operator.py
[2026-09-28T01:01:34.527+0000] {processor.py:799} INFO - Processing file /home/airflow/.local/lib/python3.7/site-packages/airflow/example_dags/example_short_circuit_operator.py for tasks to queue
[2026-09-28T01:01:34.529+0000] {logging_mixin.py:149} INFO - [2026-09-28T01:01:34.528+0000] {dagbag.py:541} INFO - Filling up the DagBag from /home/airflow/.local/lib/python3.7/site-packages/airflow/example_dags/example_short_circuit_operator.py
[2026-09-28T01:01:34.546+0000] {processor.py:809} INFO - DAG(s) dict_keys(['example_short_circuit_operator']) retrieved from /home/airflow/.local/lib/python3.7/site-packages/airflow/example_dags/example_short_circuit_operator.py
[2026-09-28T01:01:34.593+0000] {logging_mixin.py:149} INFO - [2026-09-28T01:01:34.592+0000] {dag.py:2726} INFO - Sync 1 DAGs
[2026-09-28T01:01:34.636+0000] {logging_mixin.py:149} INFO - [2026-09-28T01:01:34.636+0000] {dag.py:3490} INFO - Setting next_dagrun for example_short_circuit_operator to 2026-09-27T01:01:34.635714+00:00, run_after=2026-09-28T01:01:34.635714+00:00
[2026-09-28T01:01:34.668+0000] {processor.py:178} INFO - Processing /home/airflow/.local/lib/python3.7/site-packages/airflow/example_dags/example_short_circuit_operator.py took 0.150 seconds
[2026-09-28T01:02:05.639+0000] {processor.py:156} INFO - Started process (PID=33900) to work on /home/airflow/.local/lib/python3.7/site-packages/airflow/example_dags/example_short_circuit_operator.py
[2026-09-28T01:02:05.641+0000] {processor.py:799} INFO - Processing file /home/airflow/.local/lib/python3.7/site-packages/airflow/example_dags/example_short_circuit_operator.py for tasks to queue
[2026-09-28T01:02:05.642+0000] {logging_mixin.py:149} INFO - [2026-09-28T01:02:05.642+0000] {dagbag.py:541} INFO - Filling up the DagBag from /home/airflow/.local/lib/python3.7/site-packages/airflow/example_dags/example_short_circuit_operator.py
[2026-09-28T01:02:05.657+0000] {processor.py:809} INFO - DAG(s) dict_keys(['example_short_circuit_operator']) retrieved from /home/airflow/.local/lib/python3.7/site-packages/airflow/example_dags/example_short_circuit_operator.py
[2026-09-28T01:02:05.706+0000] {logging_mixin.py:149} INFO - [2026-09-28T01:02:05.706+0000] {dag.py:2726} INFO - Sync 1 DAGs
[2026-09-28T01:02:05.751+0000] {logging_mixin.py:149} INFO - [2026-09-28T01:02:05.751+0000] {dag.py:3490} INFO - Setting next_dagrun for example_short_circuit_operator to 2026-09-27T01:02:05.751128+00:00, run_after=2026-09-28T01:02:05.751128+00:00
[2026-09-28T01:02:05.782+0000] {processor.py:178} INFO - Processing /home/airflow/.local/lib/python3.7/site-packages/airflow/example_dags/example_short_circuit_operator.py took 0.150 seconds
[2026-09-28T01:02:36.341+0000] {processor.py:156} INFO - Started process (PID=33959) to work on /home/airflow/.local/lib/python3.7/site-packages/airflow/example_dags/example_short_circuit_operator.py
[2026-09-28T01:02:36.343+0000] {processor.py:799} INFO - Processing file /home/airflow/.local/lib/python3.7/site-packages/airflow/example_dags/example_short_circuit_operator.py for tasks to queue
[2026-09-28T01:02:36.344+0000] {logging_mixin.py:149} INFO - [2026-09-28T01:02:36.344+0000] {dagbag.py:541} INFO - Filling up the DagBag from /home/airflow/.local/lib/python3.7/site-packages/airflow/example_dags/example_short_circuit_operator.py
[2026-09-28T01:02:36.357+0000] {processor.py:809} INFO - DAG(s) dict_keys(['example_short_circuit_operator']) retrieved from /home/airflow/.local/lib/python3.7/site-packages/airflow/example_dags/example_short_circuit_operator.py
[2026-09-28T01:02:36.404+0000] {logging_mixin.py:149} INFO - [2026-09-28T01:02:36.404+0000] {dag.py:2726} INFO - Sync 1 DAGs
[2026-09-28T01:02:36.448+0000] {logging_mixin.py:149} INFO - [2026-09-28T01:02:36.448+0000] {dag.py:3490} INFO - Setting next_dagrun for example_short_circuit_operator to 2026-09-27T01:02:36.448083+00:00, run_after=2026-09-28T01:02:36.448083+00:00
[2026-09-28T01:02:36.478+0000] {processor.py:178} INFO - Processing /home/airflow/.local/lib/python3.7/site-packages/airflow/example_dags/example_short_circuit_operator.py took 0.143 seconds
[2026-09-28T01:03:07.512+0000] {processor.py:156} INFO - Started process (PID=34019) to work on /home/airflow/.local/lib/python3.7/site-packages/airflow/example_dags/example_short_circuit_operator.py
[2026-09-28T01:03:07.514+0000] {processor.py:799} INFO - Processing file /home/airflow/.local/lib/python3.7/site-packages/airflow/example_dags/example_short_circuit_operator.py for tasks to queue
[2026-09-28T01:03:07.516+0000] {logging_mixin.py:149} INFO - [2026-09-28T01:03:07.515+0000] {dagbag.py:541} INFO - Filling up the DagBag from /home/airflow/.local/lib/python3.7/site-packages/airflow/example_dags/example_short_circuit_operator.py
[2026-09-28T01:03:07.535+0000] {processor.py:809} INFO - DAG(s) dict_keys(['example_short_circuit_operator']) retrieved from /home/airflow/.local/lib/python3.7/site-packages/airflow/example_dags/example_short_circuit_operator.py
[2026-09-28T01:03:07.601+0000] {logging_mixin.py:149} INFO - [2026-09-28T01:03:07.600+0000] {dag.py:2726} INFO - Sync 1 DAGs
[2026-09-28T01:03:07.657+0000] {logging_mixin.py:149} INFO - [2026-09-28T01:03:07.657+0000] {dag.py:3490} INFO - Setting next_dagrun for example_short_circuit_operator to 2026-09-27T01:03:07.656562+00:00, run_after=2026-09-28T01:03:07.656562+00:00
[2026-09-28T01:03:07.712+0000] {processor.py:178} INFO - Processing /home/airflow/.local/lib/python3.7/site-packages/airflow/example_dags/example_short_circuit_operator.py took 0.205 seconds
[2026-09-28T01:03:38.342+0000] {processor.py:156} INFO - Started process (PID=34078) to work on /home/airflow/.local/lib/python3.7/site-packages/airflow/example_dags/example_short_circuit_operator.py
[2026-09-28T01:03:38.344+0000] {processor.py:799} INFO - Processing file /home/airflow/.local/lib/python3.7/site-packages/airflow/example_dags/example_short_circuit_operator.py for tasks to queue
[2026-09-28T01:03:38.345+0000] {logging_mixin.py:149} INFO - [2026-09-28T01:03:38.345+0000] {dagbag.py:541} INFO - Filling up the DagBag from /home/airflow/.local/lib/python3.7/site-packages/airflow/example_dags/example_short_circuit_operator.py
[2026-09-28T01:03:38.361+0000] {processor.py:809} INFO - DAG(s) dict_keys(['example_short_circuit_operator']) retrieved from /home/airflow/.local/lib/python3.7/site-packages/airflow/example_dags/example_short_circuit_operator.py
[2026-09-28T01:03:38.414+0000] {logging_mixin.py:149} INFO - [2026-09-28T01:03:38.413+0000] {dag.py:2726} INFO - Sync 1 DAGs
[2026-09-28T01:03:38.461+0000] {logging_mixin.py:149} INFO - [2026-09-28T01:03:38.460+0000] {dag.py:3490} INFO - Setting next_dagrun for example_short_circuit_operator to 2026-09-27T01:03:38.460363+00:00, run_after=2026-09-28T01:03:38.460363+00:00
[2026-09-28T01:03:38.492+0000] {processor.py:178} INFO - Processing /home/airflow/.local/lib/python3.7/site-packages/airflow/example_dags/example_short_circuit_operator.py took 0.157 seconds
[2026-09-28T01:04:09.132+0000] {processor.py:156} INFO - Started process (PID=34137) to work on /home/airflow/.local/lib/python3.7/site-packages/airflow/example_dags/example_short_circuit_operator.py
[2026-09-28T01:04:09.134+0000] {processor.py:799} INFO - Processing file /home/airflow/.local/lib/python3.7/site-packages/airflow/example_dags/example_short_circuit_operator.py for tasks to queue
[2026-09-28T01:04:09.135+0000] {logging_mixin.py:149} INFO - [2026-09-28T01:04:09.135+0000] {dagbag.py:541} INFO - Filling up the DagBag from /home/airflow/.local/lib/python3.7/site-packages/airflow/example_dags/example_short_circuit_operator.py
[2026-09-28T01:04:09.149+0000] {processor.py:809} INFO - DAG(s) dict_keys(['example_short_circuit_operator']) retrieved from /home/airflow/.local/lib/python3.7/site-packages/airflow/example_dags/example_short_circuit_operator.py
[2026-09-28T01:04:09.199+0000] {logging_mixin.py:149} INFO - [2026-09-28T01:04:09.198+0000] {dag.py:2726} INFO - Sync 1 DAGs
[2026-09-28T01:04:09.247+0000] {logging_mixin.py:149} INFO - [2026-09-28T01:04:09.246+0000] {dag.py:3490} INFO - Setting next_dagrun for example_short_circuit_operator to 2026-09-27T01:04:09.246433+00:00, run_after=2026-09-28T01:04:09.246433+00:00
[2026-09-28T01:04:09.282+0000] {processor.py:178} INFO - Processing /home/airflow/.local/lib/python3.7/site-packages/airflow/example_dags/example_short_circuit_operator.py took 0.155 seconds
[2026-09-28T01:04:40.575+0000] {processor.py:156} INFO - Started process (PID=34203) to work on /home/airflow/.local/lib/python3.7/site-packages/airflow/example_dags/example_short_circuit_operator.py
[2026-09-28T01:04:40.578+0000] {processor.py:799} INFO - Processing file /home/airflow/.local/lib/python3.7/site-packages/airflow/example_dags/example_short_circuit_operator.py for tasks to queue
[2026-09-28T01:04:40.579+0000] {logging_mixin.py:149} INFO - [2026-09-28T01:04:40.579+0000] {dagbag.py:541} INFO - Filling up the DagBag from /home/airflow/.local/lib/python3.7/site-packages/airflow/example_dags/example_short_circuit_operator.py
[2026-09-28T01:04:40.596+0000] {processor.py:809} INFO - DAG(s) dict_keys(['example_short_circuit_operator']) retrieved from /home/airflow/.local/lib/python3.7/site-packages/airflow/example_dags/example_short_circuit_operator.py
[2026-09-28T01:04:40.655+0000] {logging_mixin.py:149} INFO - [2026-09-28T01:04:40.655+0000] {dag.py:2726} INFO - Sync 1 DAGs
[2026-09-28T01:04:40.705+0000] {logging_mixin.py:149} INFO - [2026-09-28T01:04:40.705+0000] {dag.py:3490} INFO - Setting next_dagrun for example_short_circuit_operator to 2026-09-27T01:04:40.704845+00:00, run_after=2026-09-28T01:04:40.704845+00:00
[2026-09-28T01:04:40.737+0000] {processor.py:178} INFO - Processing /home/airflow/.local/lib/python3.7/site-packages/airflow/example_dags/example_short_circuit_operator.py took 0.168 seconds
[2026-09-28T01:05:10.813+0000] {processor.py:156} INFO - Started process (PID=34262) to work on /home/airflow/.local/lib/python3.7/site-packages/airflow/example_dags/example_short_circuit_operator.py
[2026-09-28T01:05:10.815+0000] {processor.py:799} INFO - Processing file /home/airflow/.local/lib/python3.7/site-packages/airflow/example_dags/example_short_circuit_operator.py for tasks to queue
[2026-09-28T01:05:10.816+0000] {logging_mixin.py:149} INFO - [2026-09-28T01:05:10.816+0000] {dagbag.py:541} INFO - Filling up the DagBag from /home/airflow/.local/lib/python3.7/site-packages/airflow/example_dags/example_short_circuit_operator.py
[2026-09-28T01:05:10.833+0000] {processor.py:809} INFO - DAG(s) dict_keys(['example_short_circuit_operator']) retrieved from /home/airflow/.local/lib/python3.7/site-packages/airflow/example_dags/example_short_circuit_operator.py
[2026-09-28T01:05:10.889+0000] {logging_mixin.py:149} INFO - [2026-09-28T01:05:10.889+0000] {dag.py:2726} INFO - Sync 1 DAGs
[2026-09-28T01:05:10.943+0000] {logging_mixin.py:149} INFO - [2026-09-28T01:05:10.943+0000] {dag.py:3490} INFO - Setting next_dagrun for example_short_circuit_operator to 2026-09-27T01:05:10.942845+00:00, run_after=2026-09-28T01:05:10.942845+00:00
[2026-09-28T01:05:10.980+0000] {processor.py:178} INFO - Processing /home/airflow/.local/lib/python3.7/site-packages/airflow/example_dags/example_short_circuit_operator.py took 0.174 seconds
[2026-09-28T01:05:42.057+0000] {processor.py:156} INFO - Started process (PID=34321) to work on /home/airflow/.local/lib/python3.7/site-packages/airflow/example_dags/example_short_circuit_operator.py
[2026-09-28T01:05:42.059+0000] {processor.py:799} INFO - Processing file /home/airflow/.local/lib/python3.7/site-packages/airflow/example_dags/example_short_circuit_operator.py for tasks to queue
[2026-09-28T01:05:42.060+0000] {logging_mixin.py:149} INFO - [2026-09-28T01:05:42.060+0000] {dagbag.py:541} INFO - Filling up the DagBag from /home/airflow/.local/lib/python3.7/site-packages/airflow/example_dags/example_short_circuit_operator.py
[2026-09-28T01:05:42.074+0000] {processor.py:809} INFO - DAG(s) dict_keys(['example_short_circuit_operator']) retrieved from /home/airflow/.local/lib/python3.7/site-packages/airflow/example_dags/example_short_circuit_operator.py
[2026-09-28T01:05:42.125+0000] {logging_mixin.py:149} INFO - [2026-09-28T01:05:42.125+0000] {dag.py:2726} INFO - Sync 1 DAGs
[2026-09-28T01:05:42.173+0000] {logging_mixin.py:149} INFO - [2026-09-28T01:05:42.173+0000] {dag.py:3490} INFO - Setting next_dagrun for example_short_circuit_operator to 2026-09-27T01:05:42.172830+00:00, run_after=2026-09-28T01:05:42.172830+00:00
[2026-09-28T01:05:42.206+0000] {processor.py:178} INFO - Processing /home/airflow/.local/lib/python3.7/site-packages/airflow/example_dags/example_short_circuit_operator.py took 0.154 seconds
[2026-09-28T01:06:12.708+0000] {processor.py:156} INFO - Started process (PID=34380) to work on /home/airflow/.local/lib/python3.7/site-packages/airflow/example_dags/example_short_circuit_operator.py
[2026-09-28T01:06:12.710+0000] {processor.py:799} INFO - Processing file /home/airflow/.local/lib/python3.7/site-packages/airflow/example_dags/example_short_circuit_operator.py for tasks to queue
[2026-09-28T01:06:12.711+0000] {logging_mixin.py:149} INFO - [2026-09-28T01:06:12.711+0000] {dagbag.py:541} INFO - Filling up the DagBag from /home/airflow/.local/lib/python3.7/site-packages/airflow/example_dags/example_short_circuit_operator.py
[2026-09-28T01:06:12.725+0000] {processor.py:809} INFO - DAG(s) dict_keys(['example_short_circuit_operator']) retrieved from /home/airflow/.local/lib/python3.7/site-packages/airflow/example_dags/example_short_circuit_operator.py
[2026-09-28T01:06:12.772+0000] {logging_mixin.py:149} INFO - [2026-09-28T01:06:12.772+0000] {dag.py:2726} INFO - Sync 1 DAGs
[2026-09-28T01:06:12.818+0000] {logging_mixin.py:149} INFO - [2026-09-28T01:06:12.818+0000] {dag.py:3490} INFO - Setting next_dagrun for example_short_circuit_operator to 2026-09-27T01:06:12.817563+00:00, run_after=2026-09-28T01:06:12.817563+00:00
[2026-09-28T01:06:12.851+0000] {processor.py:178} INFO - Processing /home/airflow/.local/lib/python3.7/site-packages/airflow/example_dags/example_short_circuit_operator.py took 0.150 seconds
[2026-09-28T01:06:43.737+0000] {processor.py:156} INFO - Started process (PID=34439) to work on /home/airflow/.local/lib/python3.7/site-packages/airflow/example_dags/example_short_circuit_operator.py
[2026-09-28T01:06:43.739+0000] {processor.py:799} INFO - Processing file /home/airflow/.local/lib/python3.7/site-packages/airflow/example_dags/example_short_circuit_operator.py for tasks to queue
[2026-09-28T01:06:43.740+0000] {logging_mixin.py:149} INFO - [2026-09-28T01:06:43.740+0000] {dagbag.py:541} INFO - Filling up the DagBag from /home/airflow/.local/lib/python3.7/site-packages/airflow/example_dags/example_short_circuit_operator.py
[2026-09-28T01:06:43.756+0000] {processor.py:809} INFO - DAG(s) dict_keys(['example_short_circuit_operator']) retrieved from /home/airflow/.local/lib/python3.7/site-packages/airflow/example_dags/example_short_circuit_operator.py
[2026-09-28T01:06:43.801+0000] {logging_mixin.py:149} INFO - [2026-09-28T01:06:43.801+0000] {dag.py:2726} INFO - Sync 1 DAGs
[2026-09-28T01:06:43.843+0000] {logging_mixin.py:149} INFO - [2026-09-28T01:06:43.843+0000] {dag.py:3490} INFO - Setting next_dagrun for example_short_circuit_operator to 2026-09-27T01:06:43.842957+00:00, run_after=2026-09-28T01:06:43.842957+00:00
[2026-09-28T01:06:43.878+0000] {processor.py:178} INFO - Processing /home/airflow/.local/lib/python3.7/site-packages/airflow/example_dags/example_short_circuit_operator.py took 0.146 seconds
[2026-09-28T01:07:14.934+0000] {processor.py:156} INFO - Started process (PID=34498) to work on /home/airflow/.local/lib/python3.7/site-packages/airflow/example_dags/example_short_circuit_operator.py
[2026-09-28T01:07:14.941+0000] {processor.py:799} INFO - Processing file /home/airflow/.local/lib/python3.7/site-packages/airflow/example_dags/example_short_circuit_operator.py for tasks to queue
[2026-09-28T01:07:14.942+0000] {logging_mixin.py:149} INFO - [2026-09-28T01:07:14.942+0000] {dagbag.py:541} INFO - Filling up the DagBag from /home/airflow/.local/lib/python3.7/site-packages/airflow/example_dags/example_short_circuit_operator.py
[2026-09-28T01:07:14.959+0000] {processor.py:809} INFO - DAG(s) dict_keys(['example_short_circuit_operator']) retrieved from /home/airflow/.local/lib/python3.7/site-packages/airflow/example_dags/example_short_circuit_operator.py
[2026-09-28T01:07:15.002+0000] {logging_mixin.py:149} INFO - [2026-09-28T01:07:15.002+0000] {dag.py:2726} INFO - Sync 1 DAGs
[2026-09-28T01:07:15.044+0000] {logging_mixin.py:149} INFO - [2026-09-28T01:07:15.044+0000] {dag.py:3490} INFO - Setting next_dagrun for example_short_circuit_operator to 2026-09-27T01:07:15.043888+00:00, run_after=2026-09-28T01:07:15.043888+00:00
[2026-09-28T01:07:15.084+0000] {processor.py:178} INFO - Processing /home/airflow/.local/lib/python3.7/site-packages/airflow/example_dags/example_short_circuit_operator.py took 0.155 seconds
[2026-09-28T01:07:46.550+0000] {processor.py:156} INFO - Started process (PID=34557) to work on /home/airflow/.local/lib/python3.7/site-packages/airflow/example_dags/example_short_circuit_operator.py
[2026-09-28T01:07:46.552+0000] {processor.py:799} INFO - Processing file /home/airflow/.local/lib/python3.7/site-packages/airflow/example_dags/example_short_circuit_operator.py for tasks to queue
[2026-09-28T01:07:46.553+0000] {logging_mixin.py:149} INFO - [2026-09-28T01:07:46.552+0000] {dagbag.py:541} INFO - Filling up the DagBag from /home/airflow/.local/lib/python3.7/site-packages/airflow/example_dags/example_short_circuit_operator.py
[2026-09-28T01:07:46.567+0000] {processor.py:809} INFO - DAG(s) dict_keys(['example_short_circuit_operator']) retrieved from /home/airflow/.local/lib/python3.7/site-packages/airflow/example_dags/example_short_circuit_operator.py
[2026-09-28T01:07:46.618+0000] {logging_mixin.py:149} INFO - [2026-09-28T01:07:46.618+0000] {dag.py:2726} INFO - Sync 1 DAGs
[2026-09-28T01:07:46.664+0000] {logging_mixin.py:149} INFO - [2026-09-28T01:07:46.664+0000] {dag.py:3490} INFO - Setting next_dagrun for example_short_circuit_operator to 2026-09-27T01:07:46.663916+00:00, run_after=2026-09-28T01:07:46.663916+00:00
[2026-09-28T01:07:46.694+0000] {processor.py:178} INFO - Processing /home/airflow/.local/lib/python3.7/site-packages/airflow/example_dags/example_short_circuit_operator.py took 0.150 seconds
[2026-09-28T01:08:17.656+0000] {processor.py:156} INFO - Started process (PID=34616) to work on /home/airflow/.local/lib/python3.7/site-packages/airflow/example_dags/example_short_circuit_operator.py
[2026-09-28T01:08:17.660+0000] {processor.py:799} INFO - Processing file /home/airflow/.local/lib/python3.7/site-packages/airflow/example_dags/example_short_circuit_operator.py for tasks to queue
[2026-09-28T01:08:17.662+0000] {logging_mixin.py:149} INFO - [2026-09-28T01:08:17.661+0000] {dagbag.py:541} INFO - Filling up the DagBag from /home/airflow/.local/lib/python3.7/site-packages/airflow/example_dags/example_short_circuit_operator.py
[2026-09-28T01:08:17.679+0000] {processor.py:809} INFO - DAG(s) dict_keys(['example_short_circuit_operator']) retrieved from /home/airflow/.local/lib/python3.7/site-packages/airflow/example_dags/example_short_circuit_operator.py
[2026-09-28T01:08:17.727+0000] {logging_mixin.py:149} INFO - [2026-09-28T01:08:17.727+0000] {dag.py:2726} INFO - Sync 1 DAGs
[2026-09-28T01:08:17.775+0000] {logging_mixin.py:149} INFO - [2026-09-28T01:08:17.775+0000] {dag.py:3490} INFO - Setting next_dagrun for example_short_circuit_operator to 2026-09-27T01:08:17.775294+00:00, run_after=2026-09-28T01:08:17.775294+00:00
[2026-09-28T01:08:17.807+0000] {processor.py:178} INFO - Processing /home/airflow/.local/lib/python3.7/site-packages/airflow/example_dags/example_short_circuit_operator.py took 0.157 seconds
[2026-09-28T01:08:48.395+0000] {processor.py:156} INFO - Started process (PID=34675) to work on /home/airflow/.local/lib/python3.7/site-packages/airflow/example_dags/example_short_circuit_operator.py
[2026-09-28T01:08:48.398+0000] {processor.py:799} INFO - Processing file /home/airflow/.local/lib/python3.7/site-packages/airflow/example_dags/example_short_circuit_operator.py for tasks to queue
[2026-09-28T01:08:48.399+0000] {logging_mixin.py:149} INFO - [2026-09-28T01:08:48.399+0000] {dagbag.py:541} INFO - Filling up the DagBag from /home/airflow/.local/lib/python3.7/site-packages/airflow/example_dags/example_short_circuit_operator.py
[2026-09-28T01:08:48.417+0000] {processor.py:809} INFO - DAG(s) dict_keys(['example_short_circuit_operator']) retrieved from /home/airflow/.local/lib/python3.7/site-packages/airflow/example_dags/example_short_circuit_operator.py
[2026-09-28T01:08:48.472+0000] {logging_mixin.py:149} INFO - [2026-09-28T01:08:48.471+0000] {dag.py:2726} INFO - Sync 1 DAGs
[2026-09-28T01:08:48.520+0000] {logging_mixin.py:149} INFO - [2026-09-28T01:08:48.519+0000] {dag.py:3490} INFO - Setting next_dagrun for example_short_circuit_operator to 2026-09-27T01:08:48.519303+00:00, run_after=2026-09-28T01:08:48.519303+00:00
[2026-09-28T01:08:48.557+0000] {processor.py:178} INFO - Processing /home/airflow/.local/lib/python3.7/site-packages/airflow/example_dags/example_short_circuit_operator.py took 0.168 seconds
[2026-09-28T01:09:19.081+0000] {processor.py:156} INFO - Started process (PID=34734) to work on /home/airflow/.local/lib/python3.7/site-packages/airflow/example_dags/example_short_circuit_operator.py
[2026-09-28T01:09:19.083+0000] {processor.py:799} INFO - Processing file /home/airflow/.local/lib/python3.7/site-packages/airflow/example_dags/example_short_circuit_operator.py for tasks to queue
[2026-09-28T01:09:19.084+0000] {logging_mixin.py:149} INFO - [2026-09-28T01:09:19.084+0000] {dagbag.py:541} INFO - Filling up the DagBag from /home/airflow/.local/lib/python3.7/site-packages/airflow/example_dags/example_short_circuit_operator.py
[2026-09-28T01:09:19.099+0000] {processor.py:809} INFO - DAG(s) dict_keys(['example_short_circuit_operator']) retrieved from /home/airflow/.local/lib/python3.7/site-packages/airflow/example_dags/example_short_circuit_operator.py
[2026-09-28T01:09:19.149+0000] {logging_mixin.py:149} INFO - [2026-09-28T01:09:19.149+0000] {dag.py:2726} INFO - Sync 1 DAGs
[2026-09-28T01:09:19.200+0000] {logging_mixin.py:149} INFO - [2026-09-28T01:09:19.199+0000] {dag.py:3490} INFO - Setting next_dagrun for example_short_circuit_operator to 2026-09-27T01:09:19.199505+00:00, run_after=2026-09-28T01:09:19.199505+00:00
[2026-09-28T01:09:19.241+0000] {processor.py:178} INFO - Processing /home/airflow/.local/lib/python3.7/site-packages/airflow/example_dags/example_short_circuit_operator.py took 0.166 seconds
[2026-09-28T01:09:50.479+0000] {processor.py:156} INFO - Started process (PID=34793) to work on /home/airflow/.local/lib/python3.7/site-packages/airflow/example_dags/example_short_circuit_operator.py
[2026-09-28T01:09:50.481+0000] {processor.py:799} INFO - Processing file /home/airflow/.local/lib/python3.7/site-packages/airflow/example_dags/example_short_circuit_operator.py for tasks to queue
[2026-09-28T01:09:50.482+0000] {logging_mixin.py:149} INFO - [2026-09-28T01:09:50.482+0000] {dagbag.py:541} INFO - Filling up the DagBag from /home/airflow/.local/lib/python3.7/site-packages/airflow/example_dags/example_short_circuit_operator.py
[2026-09-28T01:09:50.498+0000] {processor.py:809} INFO - DAG(s) dict_keys(['example_short_circuit_operator']) retrieved from /home/airflow/.local/lib/python3.7/site-packages/airflow/example_dags/example_short_circuit_operator.py
[2026-09-28T01:09:50.552+0000] {logging_mixin.py:149} INFO - [2026-09-28T01:09:50.552+0000] {dag.py:2726} INFO - Sync 1 DAGs
[2026-09-28T01:09:50.596+0000] {logging_mixin.py:149} INFO - [2026-09-28T01:09:50.596+0000] {dag.py:3490} INFO - Setting next_dagrun for example_short_circuit_operator to 2026-09-27T01:09:50.596144+00:00, run_after=2026-09-28T01:09:50.596144+00:00
[2026-09-28T01:09:50.629+0000] {processor.py:178} INFO - Processing /home/airflow/.local/lib/python3.7/site-packages/airflow/example_dags/example_short_circuit_operator.py took 0.156 seconds
[2026-09-28T01:10:21.837+0000] {processor.py:156} INFO - Started process (PID=34853) to work on /home/airflow/.local/lib/python3.7/site-packages/airflow/example_dags/example_short_circuit_operator.py
[2026-09-28T01:10:21.842+0000] {processor.py:799} INFO - Processing file /home/airflow/.local/lib/python3.7/site-packages/airflow/example_dags/example_short_circuit_operator.py for tasks to queue
[2026-09-28T01:10:21.843+0000] {logging_mixin.py:149} INFO - [2026-09-28T01:10:21.843+0000] {dagbag.py:541} INFO - Filling up the DagBag from /home/airflow/.local/lib/python3.7/site-packages/airflow/example_dags/example_short_circuit_operator.py
[2026-09-28T01:10:21.858+0000] {processor.py:809} INFO - DAG(s) dict_keys(['example_short_circuit_operator']) retrieved from /home/airflow/.local/lib/python3.7/site-packages/airflow/example_dags/example_short_circuit_operator.py
[2026-09-28T01:10:21.910+0000] {logging_mixin.py:149} INFO - [2026-09-28T01:10:21.910+0000] {dag.py:2726} INFO - Sync 1 DAGs
[2026-09-28T01:10:21.962+0000] {logging_mixin.py:149} INFO - [2026-09-28T01:10:21.962+0000] {dag.py:3490} INFO - Setting next_dagrun for example_short_circuit_operator to 2026-09-27T01:10:21.962199+00:00, run_after=2026-09-28T01:10:21.962199+00:00
[2026-09-28T01:10:22.000+0000] {processor.py:178} INFO - Processing /home/airflow/.local/lib/python3.7/site-packages/airflow/example_dags/example_short_circuit_operator.py took 0.169 seconds
[2026-09-28T01:10:53.238+0000] {processor.py:156} INFO - Started process (PID=34912) to work on /home/airflow/.local/lib/python3.7/site-packages/airflow/example_dags/example_short_circuit_operator.py
[2026-09-28T01:10:53.245+0000] {processor.py:799} INFO - Processing file /home/airflow/.local/lib/python3.7/site-packages/airflow/example_dags/example_short_circuit_operator.py for tasks to queue
[2026-09-28T01:10:53.246+0000] {logging_mixin.py:149} INFO - [2026-09-28T01:10:53.245+0000] {dagbag.py:541} INFO - Filling up the DagBag from /home/airflow/.local/lib/python3.7/site-packages/airflow/example_dags/example_short_circuit_operator.py
[2026-09-28T01:10:53.260+0000] {processor.py:809} INFO - DAG(s) dict_keys(['example_short_circuit_operator']) retrieved from /home/airflow/.local/lib/python3.7/site-packages/airflow/example_dags/example_short_circuit_operator.py
[2026-09-28T01:10:53.313+0000] {logging_mixin.py:149} INFO - [2026-09-28T01:10:53.313+0000] {dag.py:2726} INFO - Sync 1 DAGs
[2026-09-28T01:10:53.362+0000] {logging_mixin.py:149} INFO - [2026-09-28T01:10:53.362+0000] {dag.py:3490} INFO - Setting next_dagrun for example_short_circuit_operator to 2026-09-27T01:10:53.361691+00:00, run_after=2026-09-28T01:10:53.361691+00:00
[2026-09-28T01:10:53.399+0000] {processor.py:178} INFO - Processing /home/airflow/.local/lib/python3.7/site-packages/airflow/example_dags/example_short_circuit_operator.py took 0.166 seconds
[2026-09-28T01:11:24.624+0000] {processor.py:156} INFO - Started process (PID=34970) to work on /home/airflow/.local/lib/python3.7/site-packages/airflow/example_dags/example_short_circuit_operator.py
[2026-09-28T01:11:24.626+0000] {processor.py:799} INFO - Processing file /home/airflow/.local/lib/python3.7/site-packages/airflow/example_dags/example_short_circuit_operator.py for tasks to queue
[2026-09-28T01:11:24.628+0000] {logging_mixin.py:149} INFO - [2026-09-28T01:11:24.627+0000] {dagbag.py:541} INFO - Filling up the DagBag from /home/airflow/.local/lib/python3.7/site-packages/airflow/example_dags/example_short_circuit_operator.py
[2026-09-28T01:11:24.646+0000] {processor.py:809} INFO - DAG(s) dict_keys(['example_short_circuit_operator']) retrieved from /home/airflow/.local/lib/python3.7/site-packages/airflow/example_dags/example_short_circuit_operator.py
[2026-09-28T01:11:24.700+0000] {logging_mixin.py:149} INFO - [2026-09-28T01:11:24.700+0000] {dag.py:2726} INFO - Sync 1 DAGs
[2026-09-28T01:11:24.748+0000] {logging_mixin.py:149} INFO - [2026-09-28T01:11:24.748+0000] {dag.py:3490} INFO - Setting next_dagrun for example_short_circuit_operator to 2026-09-27T01:11:24.748253+00:00, run_after=2026-09-28T01:11:24.748253+00:00
[2026-09-28T01:11:24.779+0000] {processor.py:178} INFO - Processing /home/airflow/.local/lib/python3.7/site-packages/airflow/example_dags/example_short_circuit_operator.py took 0.160 seconds
[2026-09-28T01:11:55.489+0000] {processor.py:156} INFO - Started process (PID=35029) to work on /home/airflow/.local/lib/python3.7/site-packages/airflow/example_dags/example_short_circuit_operator.py
[2026-09-28T01:11:55.495+0000] {processor.py:799} INFO - Processing file /home/airflow/.local/lib/python3.7/site-packages/airflow/example_dags/example_short_circuit_operator.py for tasks to queue
[2026-09-28T01:11:55.497+0000] {logging_mixin.py:149} INFO - [2026-09-28T01:11:55.496+0000] {dagbag.py:541} INFO - Filling up the DagBag from /home/airflow/.local/lib/python3.7/site-packages/airflow/example_dags/example_short_circuit_operator.py
[2026-09-28T01:11:55.520+0000] {processor.py:809} INFO - DAG(s) dict_keys(['example_short_circuit_operator']) retrieved from /home/airflow/.local/lib/python3.7/site-packages/airflow/example_dags/example_short_circuit_operator.py
[2026-09-28T01:11:55.578+0000] {logging_mixin.py:149} INFO - [2026-09-28T01:11:55.578+0000] {dag.py:2726} INFO - Sync 1 DAGs
[2026-09-28T01:11:55.626+0000] {logging_mixin.py:149} INFO - [2026-09-28T01:11:55.626+0000] {dag.py:3490} INFO - Setting next_dagrun for example_short_circuit_operator to 2026-09-27T01:11:55.626106+00:00, run_after=2026-09-28T01:11:55.626106+00:00
[2026-09-28T01:11:55.663+0000] {processor.py:178} INFO - Processing /home/airflow/.local/lib/python3.7/site-packages/airflow/example_dags/example_short_circuit_operator.py took 0.182 seconds
[2026-09-28T01:12:26.797+0000] {processor.py:156} INFO - Started process (PID=35088) to work on /home/airflow/.local/lib/python3.7/site-packages/airflow/example_dags/example_short_circuit_operator.py
[2026-09-28T01:12:26.799+0000] {processor.py:799} INFO - Processing file /home/airflow/.local/lib/python3.7/site-packages/airflow/example_dags/example_short_circuit_operator.py for tasks to queue
[2026-09-28T01:12:26.800+0000] {logging_mixin.py:149} INFO - [2026-09-28T01:12:26.800+0000] {dagbag.py:541} INFO - Filling up the DagBag from /home/airflow/.local/lib/python3.7/site-packages/airflow/example_dags/example_short_circuit_operator.py
[2026-09-28T01:12:26.815+0000] {processor.py:809} INFO - DAG(s) dict_keys(['example_short_circuit_operator']) retrieved from /home/airflow/.local/lib/python3.7/site-packages/airflow/example_dags/example_short_circuit_operator.py
[2026-09-28T01:12:26.863+0000] {logging_mixin.py:149} INFO - [2026-09-28T01:12:26.863+0000] {dag.py:2726} INFO - Sync 1 DAGs
[2026-09-28T01:12:26.918+0000] {logging_mixin.py:149} INFO - [2026-09-28T01:12:26.917+0000] {dag.py:3490} INFO - Setting next_dagrun for example_short_circuit_operator to 2026-09-27T01:12:26.917334+00:00, run_after=2026-09-28T01:12:26.917334+00:00
[2026-09-28T01:12:26.950+0000] {processor.py:178} INFO - Processing /home/airflow/.local/lib/python3.7/site-packages/airflow/example_dags/example_short_circuit_operator.py took 0.160 seconds
[2026-09-28T01:12:58.405+0000] {processor.py:156} INFO - Started process (PID=35147) to work on /home/airflow/.local/lib/python3.7/site-packages/airflow/example_dags/example_short_circuit_operator.py
[2026-09-28T01:12:58.407+0000] {processor.py:799} INFO - Processing file /home/airflow/.local/lib/python3.7/site-packages/airflow/example_dags/example_short_circuit_operator.py for tasks to queue
[2026-09-28T01:12:58.408+0000] {logging_mixin.py:149} INFO - [2026-09-28T01:12:58.408+0000] {dagbag.py:541} INFO - Filling up the DagBag from /home/airflow/.local/lib/python3.7/site-packages/airflow/example_dags/example_short_circuit_operator.py
[2026-09-28T01:12:58.425+0000] {processor.py:809} INFO - DAG(s) dict_keys(['example_short_circuit_operator']) retrieved from /home/airflow/.local/lib/python3.7/site-packages/airflow/example_dags/example_short_circuit_operator.py
[2026-09-28T01:12:58.471+0000] {logging_mixin.py:149} INFO - [2026-09-28T01:12:58.471+0000] {dag.py:2726} INFO - Sync 1 DAGs
[2026-09-28T01:12:58.512+0000] {logging_mixin.py:149} INFO - [2026-09-28T01:12:58.511+0000] {dag.py:3490} INFO - Setting next_dagrun for example_short_circuit_operator to 2026-09-27T01:12:58.511386+00:00, run_after=2026-09-28T01:12:58.511386+00:00
[2026-09-28T01:12:58.542+0000] {processor.py:178} INFO - Processing /home/airflow/.local/lib/python3.7/site-packages/airflow/example_dags/example_short_circuit_operator.py took 0.146 seconds
[2026-09-28T01:13:29.871+0000] {processor.py:156} INFO - Started process (PID=35207) to work on /home/airflow/.local/lib/python3.7/site-packages/airflow/example_dags/example_short_circuit_operator.py
[2026-09-28T01:13:29.873+0000] {processor.py:799} INFO - Processing file /home/airflow/.local/lib/python3.7/site-packages/airflow/example_dags/example_short_circuit_operator.py for tasks to queue
[2026-09-28T01:13:29.874+0000] {logging_mixin.py:149} INFO - [2026-09-28T01:13:29.873+0000] {dagbag.py:541} INFO - Filling up the DagBag from /home/airflow/.local/lib/python3.7/site-packages/airflow/example_dags/example_short_circuit_operator.py
[2026-09-28T01:13:29.889+0000] {processor.py:809} INFO - DAG(s) dict_keys(['example_short_circuit_operator']) retrieved from /home/airflow/.local/lib/python3.7/site-packages/airflow/example_dags/example_short_circuit_operator.py
[2026-09-28T01:13:29.931+0000] {logging_mixin.py:149} INFO - [2026-09-28T01:13:29.931+0000] {dag.py:2726} INFO - Sync 1 DAGs
[2026-09-28T01:13:29.979+0000] {logging_mixin.py:149} INFO - [2026-09-28T01:13:29.978+0000] {dag.py:3490} INFO - Setting next_dagrun for example_short_circuit_operator to 2026-09-27T01:13:29.978464+00:00, run_after=2026-09-28T01:13:29.978464+00:00
[2026-09-28T01:13:30.016+0000] {processor.py:178} INFO - Processing /home/airflow/.local/lib/python3.7/site-packages/airflow/example_dags/example_short_circuit_operator.py took 0.150 seconds
[2026-09-28T01:14:00.817+0000] {processor.py:156} INFO - Started process (PID=35266) to work on /home/airflow/.local/lib/python3.7/site-packages/airflow/example_dags/example_short_circuit_operator.py
[2026-09-28T01:14:00.819+0000] {processor.py:799} INFO - Processing file /home/airflow/.local/lib/python3.7/site-packages/airflow/example_dags/example_short_circuit_operator.py for tasks to queue
[2026-09-28T01:14:00.820+0000] {logging_mixin.py:149} INFO - [2026-09-28T01:14:00.819+0000] {dagbag.py:541} INFO - Filling up the DagBag from /home/airflow/.local/lib/python3.7/site-packages/airflow/example_dags/example_short_circuit_operator.py
[2026-09-28T01:14:00.837+0000] {processor.py:809} INFO - DAG(s) dict_keys(['example_short_circuit_operator']) retrieved from /home/airflow/.local/lib/python3.7/site-packages/airflow/example_dags/example_short_circuit_operator.py
[2026-09-28T01:14:00.881+0000] {logging_mixin.py:149} INFO - [2026-09-28T01:14:00.881+0000] {dag.py:2726} INFO - Sync 1 DAGs
[2026-09-28T01:14:00.922+0000] {logging_mixin.py:149} INFO - [2026-09-28T01:14:00.922+0000] {dag.py:3490} INFO - Setting next_dagrun for example_short_circuit_operator to 2026-09-27T01:14:00.921568+00:00, run_after=2026-09-28T01:14:00.921568+00:00
[2026-09-28T01:14:00.953+0000] {processor.py:178} INFO - Processing /home/airflow/.local/lib/python3.7/site-packages/airflow/example_dags/example_short_circuit_operator.py took 0.142 seconds
[2026-09-28T01:14:31.734+0000] {processor.py:156} INFO - Started process (PID=35325) to work on /home/airflow/.local/lib/python3.7/site-packages/airflow/example_dags/example_short_circuit_operator.py
[2026-09-28T01:14:31.736+0000] {processor.py:799} INFO - Processing file /home/airflow/.local/lib/python3.7/site-packages/airflow/example_dags/example_short_circuit_operator.py for tasks to queue
[2026-09-28T01:14:31.737+0000] {logging_mixin.py:149} INFO - [2026-09-28T01:14:31.737+0000] {dagbag.py:541} INFO - Filling up the DagBag from /home/airflow/.local/lib/python3.7/site-packages/airflow/example_dags/example_short_circuit_operator.py
[2026-09-28T01:14:31.753+0000] {processor.py:809} INFO - DAG(s) dict_keys(['example_short_circuit_operator']) retrieved from /home/airflow/.local/lib/python3.7/site-packages/airflow/example_dags/example_short_circuit_operator.py
[2026-09-28T01:14:31.805+0000] {logging_mixin.py:149} INFO - [2026-09-28T01:14:31.805+0000] {dag.py:2726} INFO - Sync 1 DAGs
[2026-09-28T01:14:31.854+0000] {logging_mixin.py:149} INFO - [2026-09-28T01:14:31.854+0000] {dag.py:3490} INFO - Setting next_dagrun for example_short_circuit_operator to 2026-09-27T01:14:31.853996+00:00, run_after=2026-09-28T01:14:31.853996+00:00
[2026-09-28T01:14:31.887+0000] {processor.py:178} INFO - Processing /home/airflow/.local/lib/python3.7/site-packages/airflow/example_dags/example_short_circuit_operator.py took 0.160 seconds
[2026-09-28T01:15:03.128+0000] {processor.py:156} INFO - Started process (PID=35384) to work on /home/airflow/.local/lib/python3.7/site-packages/airflow/example_dags/example_short_circuit_operator.py
[2026-09-28T01:15:03.130+0000] {processor.py:799} INFO - Processing file /home/airflow/.local/lib/python3.7/site-packages/airflow/example_dags/example_short_circuit_operator.py for tasks to queue
[2026-09-28T01:15:03.131+0000] {logging_mixin.py:149} INFO - [2026-09-28T01:15:03.131+0000] {dagbag.py:541} INFO - Filling up the DagBag from /home/airflow/.local/lib/python3.7/site-packages/airflow/example_dags/example_short_circuit_operator.py
[2026-09-28T01:15:03.149+0000] {processor.py:809} INFO - DAG(s) dict_keys(['example_short_circuit_operator']) retrieved from /home/airflow/.local/lib/python3.7/site-packages/airflow/example_dags/example_short_circuit_operator.py
[2026-09-28T01:15:03.200+0000] {logging_mixin.py:149} INFO - [2026-09-28T01:15:03.199+0000] {dag.py:2726} INFO - Sync 1 DAGs
[2026-09-28T01:15:03.250+0000] {logging_mixin.py:149} INFO - [2026-09-28T01:15:03.250+0000] {dag.py:3490} INFO - Setting next_dagrun for example_short_circuit_operator to 2026-09-27T01:15:03.249655+00:00, run_after=2026-09-28T01:15:03.249655+00:00
[2026-09-28T01:15:03.284+0000] {processor.py:178} INFO - Processing /home/airflow/.local/lib/python3.7/site-packages/airflow/example_dags/example_short_circuit_operator.py took 0.164 seconds
[2026-09-28T01:15:34.511+0000] {processor.py:156} INFO - Started process (PID=35443) to work on /home/airflow/.local/lib/python3.7/site-packages/airflow/example_dags/example_short_circuit_operator.py
[2026-09-28T01:15:34.514+0000] {processor.py:799} INFO - Processing file /home/airflow/.local/lib/python3.7/site-packages/airflow/example_dags/example_short_circuit_operator.py for tasks to queue
[2026-09-28T01:15:34.516+0000] {logging_mixin.py:149} INFO - [2026-09-28T01:15:34.516+0000] {dagbag.py:541} INFO - Filling up the DagBag from /home/airflow/.local/lib/python3.7/site-packages/airflow/example_dags/example_short_circuit_operator.py
[2026-09-28T01:15:34.537+0000] {processor.py:809} INFO - DAG(s) dict_keys(['example_short_circuit_operator']) retrieved from /home/airflow/.local/lib/python3.7/site-packages/airflow/example_dags/example_short_circuit_operator.py
[2026-09-28T01:15:34.601+0000] {logging_mixin.py:149} INFO - [2026-09-28T01:15:34.600+0000] {dag.py:2726} INFO - Sync 1 DAGs
[2026-09-28T01:15:34.653+0000] {logging_mixin.py:149} INFO - [2026-09-28T01:15:34.653+0000] {dag.py:3490} INFO - Setting next_dagrun for example_short_circuit_operator to 2026-09-27T01:15:34.653157+00:00, run_after=2026-09-28T01:15:34.653157+00:00
[2026-09-28T01:15:34.687+0000] {processor.py:178} INFO - Processing /home/airflow/.local/lib/python3.7/site-packages/airflow/example_dags/example_short_circuit_operator.py took 0.182 seconds
[2026-09-28T01:16:06.246+0000] {processor.py:156} INFO - Started process (PID=35502) to work on /home/airflow/.local/lib/python3.7/site-packages/airflow/example_dags/example_short_circuit_operator.py
[2026-09-28T01:16:06.248+0000] {processor.py:799} INFO - Processing file /home/airflow/.local/lib/python3.7/site-packages/airflow/example_dags/example_short_circuit_operator.py for tasks to queue
[2026-09-28T01:16:06.249+0000] {logging_mixin.py:149} INFO - [2026-09-28T01:16:06.249+0000] {dagbag.py:541} INFO - Filling up the DagBag from /home/airflow/.local/lib/python3.7/site-packages/airflow/example_dags/example_short_circuit_operator.py
[2026-09-28T01:16:06.264+0000] {processor.py:809} INFO - DAG(s) dict_keys(['example_short_circuit_operator']) retrieved from /home/airflow/.local/lib/python3.7/site-packages/airflow/example_dags/example_short_circuit_operator.py
[2026-09-28T01:16:06.324+0000] {logging_mixin.py:149} INFO - [2026-09-28T01:16:06.324+0000] {dag.py:2726} INFO - Sync 1 DAGs
[2026-09-28T01:16:06.372+0000] {logging_mixin.py:149} INFO - [2026-09-28T01:16:06.372+0000] {dag.py:3490} INFO - Setting next_dagrun for example_short_circuit_operator to 2026-09-27T01:16:06.371661+00:00, run_after=2026-09-28T01:16:06.371661+00:00
[2026-09-28T01:16:06.405+0000] {processor.py:178} INFO - Processing /home/airflow/.local/lib/python3.7/site-packages/airflow/example_dags/example_short_circuit_operator.py took 0.166 seconds
[2026-09-28T01:16:37.876+0000] {processor.py:156} INFO - Started process (PID=35564) to work on /home/airflow/.local/lib/python3.7/site-packages/airflow/example_dags/example_short_circuit_operator.py
[2026-09-28T01:16:37.878+0000] {processor.py:799} INFO - Processing file /home/airflow/.local/lib/python3.7/site-packages/airflow/example_dags/example_short_circuit_operator.py for tasks to queue
[2026-09-28T01:16:37.879+0000] {logging_mixin.py:149} INFO - [2026-09-28T01:16:37.879+0000] {dagbag.py:541} INFO - Filling up the DagBag from /home/airflow/.local/lib/python3.7/site-packages/airflow/example_dags/example_short_circuit_operator.py
[2026-09-28T01:16:37.895+0000] {processor.py:809} INFO - DAG(s) dict_keys(['example_short_circuit_operator']) retrieved from /home/airflow/.local/lib/python3.7/site-packages/airflow/example_dags/example_short_circuit_operator.py
[2026-09-28T01:16:37.944+0000] {logging_mixin.py:149} INFO - [2026-09-28T01:16:37.944+0000] {dag.py:2726} INFO - Sync 1 DAGs
[2026-09-28T01:16:37.992+0000] {logging_mixin.py:149} INFO - [2026-09-28T01:16:37.992+0000] {dag.py:3490} INFO - Setting next_dagrun for example_short_circuit_operator to 2026-09-27T01:16:37.991966+00:00, run_after=2026-09-28T01:16:37.991966+00:00
[2026-09-28T01:16:38.027+0000] {processor.py:178} INFO - Processing /home/airflow/.local/lib/python3.7/site-packages/airflow/example_dags/example_short_circuit_operator.py took 0.157 seconds
[2026-09-28T01:17:09.469+0000] {processor.py:156} INFO - Started process (PID=35624) to work on /home/airflow/.local/lib/python3.7/site-packages/airflow/example_dags/example_short_circuit_operator.py
[2026-09-28T01:17:09.471+0000] {processor.py:799} INFO - Processing file /home/airflow/.local/lib/python3.7/site-packages/airflow/example_dags/example_short_circuit_operator.py for tasks to queue
[2026-09-28T01:17:09.472+0000] {logging_mixin.py:149} INFO - [2026-09-28T01:17:09.472+0000] {dagbag.py:541} INFO - Filling up the DagBag from /home/airflow/.local/lib/python3.7/site-packages/airflow/example_dags/example_short_circuit_operator.py
[2026-09-28T01:17:09.488+0000] {processor.py:809} INFO - DAG(s) dict_keys(['example_short_circuit_operator']) retrieved from /home/airflow/.local/lib/python3.7/site-packages/airflow/example_dags/example_short_circuit_operator.py
[2026-09-28T01:17:09.543+0000] {logging_mixin.py:149} INFO - [2026-09-28T01:17:09.543+0000] {dag.py:2726} INFO - Sync 1 DAGs
[2026-09-28T01:17:09.597+0000] {logging_mixin.py:149} INFO - [2026-09-28T01:17:09.597+0000] {dag.py:3490} INFO - Setting next_dagrun for example_short_circuit_operator to 2026-09-27T01:17:09.596722+00:00, run_after=2026-09-28T01:17:09.596722+00:00
[2026-09-28T01:17:09.626+0000] {processor.py:178} INFO - Processing /home/airflow/.local/lib/python3.7/site-packages/airflow/example_dags/example_short_circuit_operator.py took 0.165 seconds
[2026-09-28T01:17:40.067+0000] {processor.py:156} INFO - Started process (PID=35682) to work on /home/airflow/.local/lib/python3.7/site-packages/airflow/example_dags/example_short_circuit_operator.py
[2026-09-28T01:17:40.068+0000] {processor.py:799} INFO - Processing file /home/airflow/.local/lib/python3.7/site-packages/airflow/example_dags/example_short_circuit_operator.py for tasks to queue
[2026-09-28T01:17:40.069+0000] {logging_mixin.py:149} INFO - [2026-09-28T01:17:40.069+0000] {dagbag.py:541} INFO - Filling up the DagBag from /home/airflow/.local/lib/python3.7/site-packages/airflow/example_dags/example_short_circuit_operator.py
[2026-09-28T01:17:40.087+0000] {processor.py:809} INFO - DAG(s) dict_keys(['example_short_circuit_operator']) retrieved from /home/airflow/.local/lib/python3.7/site-packages/airflow/example_dags/example_short_circuit_operator.py
[2026-09-28T01:17:40.134+0000] {logging_mixin.py:149} INFO - [2026-09-28T01:17:40.134+0000] {dag.py:2726} INFO - Sync 1 DAGs
[2026-09-28T01:17:40.179+0000] {logging_mixin.py:149} INFO - [2026-09-28T01:17:40.179+0000] {dag.py:3490} INFO - Setting next_dagrun for example_short_circuit_operator to 2026-09-27T01:17:40.178629+00:00, run_after=2026-09-28T01:17:40.178629+00:00
[2026-09-28T01:17:40.209+0000] {processor.py:178} INFO - Processing /home/airflow/.local/lib/python3.7/site-packages/airflow/example_dags/example_short_circuit_operator.py took 0.148 seconds
[2026-09-28T01:18:11.637+0000] {processor.py:156} INFO - Started process (PID=35743) to work on /home/airflow/.local/lib/python3.7/site-packages/airflow/example_dags/example_short_circuit_operator.py
[2026-09-28T01:18:11.638+0000] {processor.py:799} INFO - Processing file /home/airflow/.local/lib/python3.7/site-packages/airflow/example_dags/example_short_circuit_operator.py for tasks to queue
[2026-09-28T01:18:11.639+0000] {logging_mixin.py:149} INFO - [2026-09-28T01:18:11.639+0000] {dagbag.py:541} INFO - Filling up the DagBag from /home/airflow/.local/lib/python3.7/site-packages/airflow/example_dags/example_short_circuit_operator.py
[2026-09-28T01:18:11.653+0000] {processor.py:809} INFO - DAG(s) dict_keys(['example_short_circuit_operator']) retrieved from /home/airflow/.local/lib/python3.7/site-packages/airflow/example_dags/example_short_circuit_operator.py
[2026-09-28T01:18:11.697+0000] {logging_mixin.py:149} INFO - [2026-09-28T01:18:11.696+0000] {dag.py:2726} INFO - Sync 1 DAGs
[2026-09-28T01:18:11.755+0000] {logging_mixin.py:149} INFO - [2026-09-28T01:18:11.754+0000] {dag.py:3490} INFO - Setting next_dagrun for example_short_circuit_operator to 2026-09-27T01:18:11.754409+00:00, run_after=2026-09-28T01:18:11.754409+00:00
[2026-09-28T01:18:11.798+0000] {processor.py:178} INFO - Processing /home/airflow/.local/lib/python3.7/site-packages/airflow/example_dags/example_short_circuit_operator.py took 0.167 seconds
[2026-09-28T01:18:43.534+0000] {processor.py:156} INFO - Started process (PID=35810) to work on /home/airflow/.local/lib/python3.7/site-packages/airflow/example_dags/example_short_circuit_operator.py
[2026-09-28T01:18:43.535+0000] {processor.py:799} INFO - Processing file /home/airflow/.local/lib/python3.7/site-packages/airflow/example_dags/example_short_circuit_operator.py for tasks to queue
[2026-09-28T01:18:43.536+0000] {logging_mixin.py:149} INFO - [2026-09-28T01:18:43.536+0000] {dagbag.py:541} INFO - Filling up the DagBag from /home/airflow/.local/lib/python3.7/site-packages/airflow/example_dags/example_short_circuit_operator.py
[2026-09-28T01:18:43.557+0000] {processor.py:809} INFO - DAG(s) dict_keys(['example_short_circuit_operator']) retrieved from /home/airflow/.local/lib/python3.7/site-packages/airflow/example_dags/example_short_circuit_operator.py
[2026-09-28T01:18:43.607+0000] {logging_mixin.py:149} INFO - [2026-09-28T01:18:43.607+0000] {dag.py:2726} INFO - Sync 1 DAGs
[2026-09-28T01:18:43.663+0000] {logging_mixin.py:149} INFO - [2026-09-28T01:18:43.663+0000] {dag.py:3490} INFO - Setting next_dagrun for example_short_circuit_operator to 2026-09-27T01:18:43.662658+00:00, run_after=2026-09-28T01:18:43.662658+00:00
[2026-09-28T01:18:43.695+0000] {processor.py:178} INFO - Processing /home/airflow/.local/lib/python3.7/site-packages/airflow/example_dags/example_short_circuit_operator.py took 0.170 seconds
[2026-09-28T01:19:14.438+0000] {processor.py:156} INFO - Started process (PID=35869) to work on /home/airflow/.local/lib/python3.7/site-packages/airflow/example_dags/example_short_circuit_operator.py
[2026-09-28T01:19:14.441+0000] {processor.py:799} INFO - Processing file /home/airflow/.local/lib/python3.7/site-packages/airflow/example_dags/example_short_circuit_operator.py for tasks to queue
[2026-09-28T01:19:14.442+0000] {logging_mixin.py:149} INFO - [2026-09-28T01:19:14.442+0000] {dagbag.py:541} INFO - Filling up the DagBag from /home/airflow/.local/lib/python3.7/site-packages/airflow/example_dags/example_short_circuit_operator.py
[2026-09-28T01:19:14.459+0000] {processor.py:809} INFO - DAG(s) dict_keys(['example_short_circuit_operator']) retrieved from /home/airflow/.local/lib/python3.7/site-packages/airflow/example_dags/example_short_circuit_operator.py
[2026-09-28T01:19:14.510+0000] {logging_mixin.py:149} INFO - [2026-09-28T01:19:14.510+0000] {dag.py:2726} INFO - Sync 1 DAGs
[2026-09-28T01:19:14.561+0000] {logging_mixin.py:149} INFO - [2026-09-28T01:19:14.560+0000] {dag.py:3490} INFO - Setting next_dagrun for example_short_circuit_operator to 2026-09-27T01:19:14.560356+00:00, run_after=2026-09-28T01:19:14.560356+00:00
[2026-09-28T01:19:14.599+0000] {processor.py:178} INFO - Processing /home/airflow/.local/lib/python3.7/site-packages/airflow/example_dags/example_short_circuit_operator.py took 0.167 seconds
[2026-09-28T01:19:45.401+0000] {processor.py:156} INFO - Started process (PID=35928) to work on /home/airflow/.local/lib/python3.7/site-packages/airflow/example_dags/example_short_circuit_operator.py
[2026-09-28T01:19:45.402+0000] {processor.py:799} INFO - Processing file /home/airflow/.local/lib/python3.7/site-packages/airflow/example_dags/example_short_circuit_operator.py for tasks to queue
[2026-09-28T01:19:45.403+0000] {logging_mixin.py:149} INFO - [2026-09-28T01:19:45.403+0000] {dagbag.py:541} INFO - Filling up the DagBag from /home/airflow/.local/lib/python3.7/site-packages/airflow/example_dags/example_short_circuit_operator.py
[2026-09-28T01:19:45.419+0000] {processor.py:809} INFO - DAG(s) dict_keys(['example_short_circuit_operator']) retrieved from /home/airflow/.local/lib/python3.7/site-packages/airflow/example_dags/example_short_circuit_operator.py
[2026-09-28T01:19:45.470+0000] {logging_mixin.py:149} INFO - [2026-09-28T01:19:45.469+0000] {dag.py:2726} INFO - Sync 1 DAGs
[2026-09-28T01:19:45.515+0000] {logging_mixin.py:149} INFO - [2026-09-28T01:19:45.515+0000] {dag.py:3490} INFO - Setting next_dagrun for example_short_circuit_operator to 2026-09-27T01:19:45.514867+00:00, run_after=2026-09-28T01:19:45.514867+00:00
[2026-09-28T01:19:45.544+0000] {processor.py:178} INFO - Processing /home/airflow/.local/lib/python3.7/site-packages/airflow/example_dags/example_short_circuit_operator.py took 0.149 seconds
[2026-09-28T01:20:16.268+0000] {processor.py:156} INFO - Started process (PID=35987) to work on /home/airflow/.local/lib/python3.7/site-packages/airflow/example_dags/example_short_circuit_operator.py
[2026-09-28T01:20:16.270+0000] {processor.py:799} INFO - Processing file /home/airflow/.local/lib/python3.7/site-packages/airflow/example_dags/example_short_circuit_operator.py for tasks to queue
[2026-09-28T01:20:16.272+0000] {logging_mixin.py:149} INFO - [2026-09-28T01:20:16.271+0000] {dagbag.py:541} INFO - Filling up the DagBag from /home/airflow/.local/lib/python3.7/site-packages/airflow/example_dags/example_short_circuit_operator.py
[2026-09-28T01:20:16.290+0000] {processor.py:809} INFO - DAG(s) dict_keys(['example_short_circuit_operator']) retrieved from /home/airflow/.local/lib/python3.7/site-packages/airflow/example_dags/example_short_circuit_operator.py
[2026-09-28T01:20:16.346+0000] {logging_mixin.py:149} INFO - [2026-09-28T01:20:16.345+0000] {dag.py:2726} INFO - Sync 1 DAGs
[2026-09-28T01:20:16.394+0000] {logging_mixin.py:149} INFO - [2026-09-28T01:20:16.393+0000] {dag.py:3490} INFO - Setting next_dagrun for example_short_circuit_operator to 2026-09-27T01:20:16.393460+00:00, run_after=2026-09-28T01:20:16.393460+00:00
[2026-09-28T01:20:16.424+0000] {processor.py:178} INFO - Processing /home/airflow/.local/lib/python3.7/site-packages/airflow/example_dags/example_short_circuit_operator.py took 0.163 seconds
[2026-09-28T01:20:47.955+0000] {processor.py:156} INFO - Started process (PID=36046) to work on /home/airflow/.local/lib/python3.7/site-packages/airflow/example_dags/example_short_circuit_operator.py
[2026-09-28T01:20:47.957+0000] {processor.py:799} INFO - Processing file /home/airflow/.local/lib/python3.7/site-packages/airflow/example_dags/example_short_circuit_operator.py for tasks to queue
[2026-09-28T01:20:47.958+0000] {logging_mixin.py:149} INFO - [2026-09-28T01:20:47.958+0000] {dagbag.py:541} INFO - Filling up the DagBag from /home/airflow/.local/lib/python3.7/site-packages/airflow/example_dags/example_short_circuit_operator.py
[2026-09-28T01:20:47.973+0000] {processor.py:809} INFO - DAG(s) dict_keys(['example_short_circuit_operator']) retrieved from /home/airflow/.local/lib/python3.7/site-packages/airflow/example_dags/example_short_circuit_operator.py
[2026-09-28T01:20:48.018+0000] {logging_mixin.py:149} INFO - [2026-09-28T01:20:48.017+0000] {dag.py:2726} INFO - Sync 1 DAGs
[2026-09-28T01:20:48.061+0000] {logging_mixin.py:149} INFO - [2026-09-28T01:20:48.061+0000] {dag.py:3490} INFO - Setting next_dagrun for example_short_circuit_operator to 2026-09-27T01:20:48.060988+00:00, run_after=2026-09-28T01:20:48.060988+00:00
[2026-09-28T01:20:48.092+0000] {processor.py:178} INFO - Processing /home/airflow/.local/lib/python3.7/site-packages/airflow/example_dags/example_short_circuit_operator.py took 0.143 seconds
[2026-09-28T01:21:19.055+0000] {processor.py:156} INFO - Started process (PID=36105) to work on /home/airflow/.local/lib/python3.7/site-packages/airflow/example_dags/example_short_circuit_operator.py
[2026-09-28T01:21:19.057+0000] {processor.py:799} INFO - Processing file /home/airflow/.local/lib/python3.7/site-packages/airflow/example_dags/example_short_circuit_operator.py for tasks to queue
[2026-09-28T01:21:19.058+0000] {logging_mixin.py:149} INFO - [2026-09-28T01:21:19.058+0000] {dagbag.py:541} INFO - Filling up the DagBag from /home/airflow/.local/lib/python3.7/site-packages/airflow/example_dags/example_short_circuit_operator.py
[2026-09-28T01:21:19.072+0000] {processor.py:809} INFO - DAG(s) dict_keys(['example_short_circuit_operator']) retrieved from /home/airflow/.local/lib/python3.7/site-packages/airflow/example_dags/example_short_circuit_operator.py
[2026-09-28T01:21:19.119+0000] {logging_mixin.py:149} INFO - [2026-09-28T01:21:19.119+0000] {dag.py:2726} INFO - Sync 1 DAGs
[2026-09-28T01:21:19.357+0000] {logging_mixin.py:149} INFO - [2026-09-28T01:21:19.357+0000] {dag.py:3490} INFO - Setting next_dagrun for example_short_circuit_operator to 2026-09-27T01:21:19.357047+00:00, run_after=2026-09-28T01:21:19.357047+00:00
[2026-09-28T01:21:19.391+0000] {processor.py:178} INFO - Processing /home/airflow/.local/lib/python3.7/site-packages/airflow/example_dags/example_short_circuit_operator.py took 0.342 seconds
[2026-09-28T01:21:50.058+0000] {processor.py:156} INFO - Started process (PID=36163) to work on /home/airflow/.local/lib/python3.7/site-packages/airflow/example_dags/example_short_circuit_operator.py
[2026-09-28T01:21:50.061+0000] {processor.py:799} INFO - Processing file /home/airflow/.local/lib/python3.7/site-packages/airflow/example_dags/example_short_circuit_operator.py for tasks to queue
[2026-09-28T01:21:50.062+0000] {logging_mixin.py:149} INFO - [2026-09-28T01:21:50.062+0000] {dagbag.py:541} INFO - Filling up the DagBag from /home/airflow/.local/lib/python3.7/site-packages/airflow/example_dags/example_short_circuit_operator.py
[2026-09-28T01:21:50.077+0000] {processor.py:809} INFO - DAG(s) dict_keys(['example_short_circuit_operator']) retrieved from /home/airflow/.local/lib/python3.7/site-packages/airflow/example_dags/example_short_circuit_operator.py
[2026-09-28T01:21:50.127+0000] {logging_mixin.py:149} INFO - [2026-09-28T01:21:50.126+0000] {dag.py:2726} INFO - Sync 1 DAGs
[2026-09-28T01:21:50.363+0000] {logging_mixin.py:149} INFO - [2026-09-28T01:21:50.363+0000] {dag.py:3490} INFO - Setting next_dagrun for example_short_circuit_operator to 2026-09-27T01:21:50.362922+00:00, run_after=2026-09-28T01:21:50.362922+00:00
[2026-09-28T01:21:50.398+0000] {processor.py:178} INFO - Processing /home/airflow/.local/lib/python3.7/site-packages/airflow/example_dags/example_short_circuit_operator.py took 0.347 seconds
[2026-09-28T01:22:21.333+0000] {processor.py:156} INFO - Started process (PID=36223) to work on /home/airflow/.local/lib/python3.7/site-packages/airflow/example_dags/example_short_circuit_operator.py
[2026-09-28T01:22:21.349+0000] {processor.py:799} INFO - Processing file /home/airflow/.local/lib/python3.7/site-packages/airflow/example_dags/example_short_circuit_operator.py for tasks to queue
[2026-09-28T01:22:21.350+0000] {logging_mixin.py:149} INFO - [2026-09-28T01:22:21.350+0000] {dagbag.py:541} INFO - Filling up the DagBag from /home/airflow/.local/lib/python3.7/site-packages/airflow/example_dags/example_short_circuit_operator.py
[2026-09-28T01:22:21.366+0000] {processor.py:809} INFO - DAG(s) dict_keys(['example_short_circuit_operator']) retrieved from /home/airflow/.local/lib/python3.7/site-packages/airflow/example_dags/example_short_circuit_operator.py
[2026-09-28T01:22:21.426+0000] {logging_mixin.py:149} INFO - [2026-09-28T01:22:21.426+0000] {dag.py:2726} INFO - Sync 1 DAGs
[2026-09-28T01:22:21.693+0000] {logging_mixin.py:149} INFO - [2026-09-28T01:22:21.693+0000] {dag.py:3490} INFO - Setting next_dagrun for example_short_circuit_operator to 2026-09-27T01:22:21.692705+00:00, run_after=2026-09-28T01:22:21.692705+00:00
[2026-09-28T01:22:21.728+0000] {processor.py:178} INFO - Processing /home/airflow/.local/lib/python3.7/site-packages/airflow/example_dags/example_short_circuit_operator.py took 0.401 seconds
[2026-09-28T01:22:51.962+0000] {processor.py:156} INFO - Started process (PID=36283) to work on /home/airflow/.local/lib/python3.7/site-packages/airflow/example_dags/example_short_circuit_operator.py
[2026-09-28T01:22:51.964+0000] {processor.py:799} INFO - Processing file /home/airflow/.local/lib/python3.7/site-packages/airflow/example_dags/example_short_circuit_operator.py for tasks to queue
[2026-09-28T01:22:51.965+0000] {logging_mixin.py:149} INFO - [2026-09-28T01:22:51.965+0000] {dagbag.py:541} INFO - Filling up the DagBag from /home/airflow/.local/lib/python3.7/site-packages/airflow/example_dags/example_short_circuit_operator.py
[2026-09-28T01:22:51.980+0000] {processor.py:809} INFO - DAG(s) dict_keys(['example_short_circuit_operator']) retrieved from /home/airflow/.local/lib/python3.7/site-packages/airflow/example_dags/example_short_circuit_operator.py
[2026-09-28T01:22:52.033+0000] {logging_mixin.py:149} INFO - [2026-09-28T01:22:52.032+0000] {dag.py:2726} INFO - Sync 1 DAGs
[2026-09-28T01:22:52.084+0000] {logging_mixin.py:149} INFO - [2026-09-28T01:22:52.083+0000] {dag.py:3490} INFO - Setting next_dagrun for example_short_circuit_operator to 2026-09-27T01:22:52.083463+00:00, run_after=2026-09-28T01:22:52.083463+00:00
[2026-09-28T01:22:52.118+0000] {processor.py:178} INFO - Processing /home/airflow/.local/lib/python3.7/site-packages/airflow/example_dags/example_short_circuit_operator.py took 0.162 seconds
