[2026-09-20T00:00:30.661+0000] {processor.py:156} INFO - Started process (PID=19792) to work on /home/airflow/.local/lib/python3.7/site-packages/airflow/example_dags/example_sla_dag.py
[2026-09-20T00:00:30.663+0000] {processor.py:799} INFO - Processing file /home/airflow/.local/lib/python3.7/site-packages/airflow/example_dags/example_sla_dag.py for tasks to queue
[2026-09-20T00:00:30.665+0000] {logging_mixin.py:149} INFO - [2026-09-20T00:00:30.665+0000] {dagbag.py:541} INFO - Filling up the DagBag from /home/airflow/.local/lib/python3.7/site-packages/airflow/example_dags/example_sla_dag.py
[2026-09-20T00:00:30.680+0000] {processor.py:809} INFO - DAG(s) dict_keys(['example_sla_dag']) retrieved from /home/airflow/.local/lib/python3.7/site-packages/airflow/example_dags/example_sla_dag.py
[2026-09-20T00:00:30.727+0000] {logging_mixin.py:149} INFO - [2026-09-20T00:00:30.726+0000] {dag.py:2726} INFO - Sync 1 DAGs
[2026-09-20T00:00:30.777+0000] {logging_mixin.py:149} INFO - [2026-09-20T00:00:30.776+0000] {dag.py:3490} INFO - Setting next_dagrun for example_sla_dag to 2026-09-19T23:58:00+00:00, run_after=2026-09-20T00:00:00+00:00
[2026-09-20T00:00:30.808+0000] {processor.py:178} INFO - Processing /home/airflow/.local/lib/python3.7/site-packages/airflow/example_dags/example_sla_dag.py took 0.153 seconds
[2026-09-20T00:01:01.620+0000] {processor.py:156} INFO - Started process (PID=19848) to work on /home/airflow/.local/lib/python3.7/site-packages/airflow/example_dags/example_sla_dag.py
[2026-09-20T00:01:01.622+0000] {processor.py:799} INFO - Processing file /home/airflow/.local/lib/python3.7/site-packages/airflow/example_dags/example_sla_dag.py for tasks to queue
[2026-09-20T00:01:01.623+0000] {logging_mixin.py:149} INFO - [2026-09-20T00:01:01.623+0000] {dagbag.py:541} INFO - Filling up the DagBag from /home/airflow/.local/lib/python3.7/site-packages/airflow/example_dags/example_sla_dag.py
[2026-09-20T00:01:01.638+0000] {processor.py:809} INFO - DAG(s) dict_keys(['example_sla_dag']) retrieved from /home/airflow/.local/lib/python3.7/site-packages/airflow/example_dags/example_sla_dag.py
[2026-09-20T00:01:01.682+0000] {logging_mixin.py:149} INFO - [2026-09-20T00:01:01.681+0000] {dag.py:2726} INFO - Sync 1 DAGs
[2026-09-20T00:01:01.733+0000] {logging_mixin.py:149} INFO - [2026-09-20T00:01:01.733+0000] {dag.py:3490} INFO - Setting next_dagrun for example_sla_dag to 2026-09-19T23:58:00+00:00, run_after=2026-09-20T00:00:00+00:00
[2026-09-20T00:01:01.765+0000] {processor.py:178} INFO - Processing /home/airflow/.local/lib/python3.7/site-packages/airflow/example_dags/example_sla_dag.py took 0.150 seconds
[2026-09-20T00:01:33.462+0000] {processor.py:156} INFO - Started process (PID=19904) to work on /home/airflow/.local/lib/python3.7/site-packages/airflow/example_dags/example_sla_dag.py
[2026-09-20T00:01:33.463+0000] {processor.py:799} INFO - Processing file /home/airflow/.local/lib/python3.7/site-packages/airflow/example_dags/example_sla_dag.py for tasks to queue
[2026-09-20T00:01:33.464+0000] {logging_mixin.py:149} INFO - [2026-09-20T00:01:33.464+0000] {dagbag.py:541} INFO - Filling up the DagBag from /home/airflow/.local/lib/python3.7/site-packages/airflow/example_dags/example_sla_dag.py
[2026-09-20T00:01:33.478+0000] {processor.py:809} INFO - DAG(s) dict_keys(['example_sla_dag']) retrieved from /home/airflow/.local/lib/python3.7/site-packages/airflow/example_dags/example_sla_dag.py
[2026-09-20T00:01:33.521+0000] {logging_mixin.py:149} INFO - [2026-09-20T00:01:33.521+0000] {dag.py:2726} INFO - Sync 1 DAGs
[2026-09-20T00:01:33.574+0000] {logging_mixin.py:149} INFO - [2026-09-20T00:01:33.573+0000] {dag.py:3490} INFO - Setting next_dagrun for example_sla_dag to 2026-09-19T23:58:00+00:00, run_after=2026-09-20T00:00:00+00:00
[2026-09-20T00:01:33.605+0000] {processor.py:178} INFO - Processing /home/airflow/.local/lib/python3.7/site-packages/airflow/example_dags/example_sla_dag.py took 0.149 seconds
[2026-09-20T00:02:04.448+0000] {processor.py:156} INFO - Started process (PID=19961) to work on /home/airflow/.local/lib/python3.7/site-packages/airflow/example_dags/example_sla_dag.py
[2026-09-20T00:02:04.449+0000] {processor.py:799} INFO - Processing file /home/airflow/.local/lib/python3.7/site-packages/airflow/example_dags/example_sla_dag.py for tasks to queue
[2026-09-20T00:02:04.451+0000] {logging_mixin.py:149} INFO - [2026-09-20T00:02:04.450+0000] {dagbag.py:541} INFO - Filling up the DagBag from /home/airflow/.local/lib/python3.7/site-packages/airflow/example_dags/example_sla_dag.py
[2026-09-20T00:02:04.466+0000] {processor.py:809} INFO - DAG(s) dict_keys(['example_sla_dag']) retrieved from /home/airflow/.local/lib/python3.7/site-packages/airflow/example_dags/example_sla_dag.py
[2026-09-20T00:02:04.517+0000] {logging_mixin.py:149} INFO - [2026-09-20T00:02:04.517+0000] {dag.py:2726} INFO - Sync 1 DAGs
[2026-09-20T00:02:04.572+0000] {logging_mixin.py:149} INFO - [2026-09-20T00:02:04.572+0000] {dag.py:3490} INFO - Setting next_dagrun for example_sla_dag to 2026-09-20T00:00:00+00:00, run_after=2026-09-20T00:02:00+00:00
[2026-09-20T00:02:04.606+0000] {processor.py:178} INFO - Processing /home/airflow/.local/lib/python3.7/site-packages/airflow/example_dags/example_sla_dag.py took 0.165 seconds
[2026-09-20T00:02:35.768+0000] {processor.py:156} INFO - Started process (PID=20016) to work on /home/airflow/.local/lib/python3.7/site-packages/airflow/example_dags/example_sla_dag.py
[2026-09-20T00:02:35.792+0000] {processor.py:799} INFO - Processing file /home/airflow/.local/lib/python3.7/site-packages/airflow/example_dags/example_sla_dag.py for tasks to queue
[2026-09-20T00:02:35.793+0000] {logging_mixin.py:149} INFO - [2026-09-20T00:02:35.793+0000] {dagbag.py:541} INFO - Filling up the DagBag from /home/airflow/.local/lib/python3.7/site-packages/airflow/example_dags/example_sla_dag.py
[2026-09-20T00:02:35.808+0000] {processor.py:809} INFO - DAG(s) dict_keys(['example_sla_dag']) retrieved from /home/airflow/.local/lib/python3.7/site-packages/airflow/example_dags/example_sla_dag.py
[2026-09-20T00:02:35.857+0000] {logging_mixin.py:149} INFO - [2026-09-20T00:02:35.857+0000] {dag.py:2726} INFO - Sync 1 DAGs
[2026-09-20T00:02:35.905+0000] {logging_mixin.py:149} INFO - [2026-09-20T00:02:35.905+0000] {dag.py:3490} INFO - Setting next_dagrun for example_sla_dag to 2026-09-20T00:00:00+00:00, run_after=2026-09-20T00:02:00+00:00
[2026-09-20T00:02:35.935+0000] {processor.py:178} INFO - Processing /home/airflow/.local/lib/python3.7/site-packages/airflow/example_dags/example_sla_dag.py took 0.173 seconds
[2026-09-20T00:03:07.175+0000] {processor.py:156} INFO - Started process (PID=20073) to work on /home/airflow/.local/lib/python3.7/site-packages/airflow/example_dags/example_sla_dag.py
[2026-09-20T00:03:07.177+0000] {processor.py:799} INFO - Processing file /home/airflow/.local/lib/python3.7/site-packages/airflow/example_dags/example_sla_dag.py for tasks to queue
[2026-09-20T00:03:07.178+0000] {logging_mixin.py:149} INFO - [2026-09-20T00:03:07.177+0000] {dagbag.py:541} INFO - Filling up the DagBag from /home/airflow/.local/lib/python3.7/site-packages/airflow/example_dags/example_sla_dag.py
[2026-09-20T00:03:07.192+0000] {processor.py:809} INFO - DAG(s) dict_keys(['example_sla_dag']) retrieved from /home/airflow/.local/lib/python3.7/site-packages/airflow/example_dags/example_sla_dag.py
[2026-09-20T00:03:07.233+0000] {logging_mixin.py:149} INFO - [2026-09-20T00:03:07.233+0000] {dag.py:2726} INFO - Sync 1 DAGs
[2026-09-20T00:03:07.281+0000] {logging_mixin.py:149} INFO - [2026-09-20T00:03:07.281+0000] {dag.py:3490} INFO - Setting next_dagrun for example_sla_dag to 2026-09-20T00:00:00+00:00, run_after=2026-09-20T00:02:00+00:00
[2026-09-20T00:03:07.309+0000] {processor.py:178} INFO - Processing /home/airflow/.local/lib/python3.7/site-packages/airflow/example_dags/example_sla_dag.py took 0.140 seconds
[2026-09-20T00:03:37.954+0000] {processor.py:156} INFO - Started process (PID=20129) to work on /home/airflow/.local/lib/python3.7/site-packages/airflow/example_dags/example_sla_dag.py
[2026-09-20T00:03:37.955+0000] {processor.py:799} INFO - Processing file /home/airflow/.local/lib/python3.7/site-packages/airflow/example_dags/example_sla_dag.py for tasks to queue
[2026-09-20T00:03:37.956+0000] {logging_mixin.py:149} INFO - [2026-09-20T00:03:37.956+0000] {dagbag.py:541} INFO - Filling up the DagBag from /home/airflow/.local/lib/python3.7/site-packages/airflow/example_dags/example_sla_dag.py
[2026-09-20T00:03:37.970+0000] {processor.py:809} INFO - DAG(s) dict_keys(['example_sla_dag']) retrieved from /home/airflow/.local/lib/python3.7/site-packages/airflow/example_dags/example_sla_dag.py
[2026-09-20T00:03:38.011+0000] {logging_mixin.py:149} INFO - [2026-09-20T00:03:38.011+0000] {dag.py:2726} INFO - Sync 1 DAGs
[2026-09-20T00:03:38.061+0000] {logging_mixin.py:149} INFO - [2026-09-20T00:03:38.061+0000] {dag.py:3490} INFO - Setting next_dagrun for example_sla_dag to 2026-09-20T00:00:00+00:00, run_after=2026-09-20T00:02:00+00:00
[2026-09-20T00:03:38.094+0000] {processor.py:178} INFO - Processing /home/airflow/.local/lib/python3.7/site-packages/airflow/example_dags/example_sla_dag.py took 0.147 seconds
[2026-09-20T00:04:08.587+0000] {processor.py:156} INFO - Started process (PID=20185) to work on /home/airflow/.local/lib/python3.7/site-packages/airflow/example_dags/example_sla_dag.py
[2026-09-20T00:04:08.588+0000] {processor.py:799} INFO - Processing file /home/airflow/.local/lib/python3.7/site-packages/airflow/example_dags/example_sla_dag.py for tasks to queue
[2026-09-20T00:04:08.590+0000] {logging_mixin.py:149} INFO - [2026-09-20T00:04:08.590+0000] {dagbag.py:541} INFO - Filling up the DagBag from /home/airflow/.local/lib/python3.7/site-packages/airflow/example_dags/example_sla_dag.py
[2026-09-20T00:04:08.607+0000] {processor.py:809} INFO - DAG(s) dict_keys(['example_sla_dag']) retrieved from /home/airflow/.local/lib/python3.7/site-packages/airflow/example_dags/example_sla_dag.py
[2026-09-20T00:04:08.651+0000] {logging_mixin.py:149} INFO - [2026-09-20T00:04:08.651+0000] {dag.py:2726} INFO - Sync 1 DAGs
[2026-09-20T00:04:08.706+0000] {logging_mixin.py:149} INFO - [2026-09-20T00:04:08.706+0000] {dag.py:3490} INFO - Setting next_dagrun for example_sla_dag to 2026-09-20T00:02:00+00:00, run_after=2026-09-20T00:04:00+00:00
[2026-09-20T00:04:08.745+0000] {processor.py:178} INFO - Processing /home/airflow/.local/lib/python3.7/site-packages/airflow/example_dags/example_sla_dag.py took 0.164 seconds
[2026-09-20T00:04:39.219+0000] {processor.py:156} INFO - Started process (PID=20241) to work on /home/airflow/.local/lib/python3.7/site-packages/airflow/example_dags/example_sla_dag.py
[2026-09-20T00:04:39.222+0000] {processor.py:799} INFO - Processing file /home/airflow/.local/lib/python3.7/site-packages/airflow/example_dags/example_sla_dag.py for tasks to queue
[2026-09-20T00:04:39.223+0000] {logging_mixin.py:149} INFO - [2026-09-20T00:04:39.222+0000] {dagbag.py:541} INFO - Filling up the DagBag from /home/airflow/.local/lib/python3.7/site-packages/airflow/example_dags/example_sla_dag.py
[2026-09-20T00:04:39.238+0000] {processor.py:809} INFO - DAG(s) dict_keys(['example_sla_dag']) retrieved from /home/airflow/.local/lib/python3.7/site-packages/airflow/example_dags/example_sla_dag.py
[2026-09-20T00:04:39.280+0000] {logging_mixin.py:149} INFO - [2026-09-20T00:04:39.280+0000] {dag.py:2726} INFO - Sync 1 DAGs
[2026-09-20T00:04:39.328+0000] {logging_mixin.py:149} INFO - [2026-09-20T00:04:39.327+0000] {dag.py:3490} INFO - Setting next_dagrun for example_sla_dag to 2026-09-20T00:02:00+00:00, run_after=2026-09-20T00:04:00+00:00
[2026-09-20T00:04:39.357+0000] {processor.py:178} INFO - Processing /home/airflow/.local/lib/python3.7/site-packages/airflow/example_dags/example_sla_dag.py took 0.145 seconds
[2026-09-20T00:05:09.947+0000] {processor.py:156} INFO - Started process (PID=20297) to work on /home/airflow/.local/lib/python3.7/site-packages/airflow/example_dags/example_sla_dag.py
[2026-09-20T00:05:09.948+0000] {processor.py:799} INFO - Processing file /home/airflow/.local/lib/python3.7/site-packages/airflow/example_dags/example_sla_dag.py for tasks to queue
[2026-09-20T00:05:09.949+0000] {logging_mixin.py:149} INFO - [2026-09-20T00:05:09.949+0000] {dagbag.py:541} INFO - Filling up the DagBag from /home/airflow/.local/lib/python3.7/site-packages/airflow/example_dags/example_sla_dag.py
[2026-09-20T00:05:09.963+0000] {processor.py:809} INFO - DAG(s) dict_keys(['example_sla_dag']) retrieved from /home/airflow/.local/lib/python3.7/site-packages/airflow/example_dags/example_sla_dag.py
[2026-09-20T00:05:10.008+0000] {logging_mixin.py:149} INFO - [2026-09-20T00:05:10.008+0000] {dag.py:2726} INFO - Sync 1 DAGs
[2026-09-20T00:05:10.061+0000] {logging_mixin.py:149} INFO - [2026-09-20T00:05:10.061+0000] {dag.py:3490} INFO - Setting next_dagrun for example_sla_dag to 2026-09-20T00:02:00+00:00, run_after=2026-09-20T00:04:00+00:00
[2026-09-20T00:05:10.098+0000] {processor.py:178} INFO - Processing /home/airflow/.local/lib/python3.7/site-packages/airflow/example_dags/example_sla_dag.py took 0.158 seconds
[2026-09-20T00:05:40.771+0000] {processor.py:156} INFO - Started process (PID=20352) to work on /home/airflow/.local/lib/python3.7/site-packages/airflow/example_dags/example_sla_dag.py
[2026-09-20T00:05:40.778+0000] {processor.py:799} INFO - Processing file /home/airflow/.local/lib/python3.7/site-packages/airflow/example_dags/example_sla_dag.py for tasks to queue
[2026-09-20T00:05:40.779+0000] {logging_mixin.py:149} INFO - [2026-09-20T00:05:40.779+0000] {dagbag.py:541} INFO - Filling up the DagBag from /home/airflow/.local/lib/python3.7/site-packages/airflow/example_dags/example_sla_dag.py
[2026-09-20T00:05:40.797+0000] {processor.py:809} INFO - DAG(s) dict_keys(['example_sla_dag']) retrieved from /home/airflow/.local/lib/python3.7/site-packages/airflow/example_dags/example_sla_dag.py
[2026-09-20T00:05:40.847+0000] {logging_mixin.py:149} INFO - [2026-09-20T00:05:40.846+0000] {dag.py:2726} INFO - Sync 1 DAGs
[2026-09-20T00:05:40.902+0000] {logging_mixin.py:149} INFO - [2026-09-20T00:05:40.902+0000] {dag.py:3490} INFO - Setting next_dagrun for example_sla_dag to 2026-09-20T00:02:00+00:00, run_after=2026-09-20T00:04:00+00:00
[2026-09-20T00:05:40.938+0000] {processor.py:178} INFO - Processing /home/airflow/.local/lib/python3.7/site-packages/airflow/example_dags/example_sla_dag.py took 0.172 seconds
[2026-09-20T00:06:11.934+0000] {processor.py:156} INFO - Started process (PID=20408) to work on /home/airflow/.local/lib/python3.7/site-packages/airflow/example_dags/example_sla_dag.py
[2026-09-20T00:06:11.936+0000] {processor.py:799} INFO - Processing file /home/airflow/.local/lib/python3.7/site-packages/airflow/example_dags/example_sla_dag.py for tasks to queue
[2026-09-20T00:06:11.938+0000] {logging_mixin.py:149} INFO - [2026-09-20T00:06:11.937+0000] {dagbag.py:541} INFO - Filling up the DagBag from /home/airflow/.local/lib/python3.7/site-packages/airflow/example_dags/example_sla_dag.py
[2026-09-20T00:06:11.954+0000] {processor.py:809} INFO - DAG(s) dict_keys(['example_sla_dag']) retrieved from /home/airflow/.local/lib/python3.7/site-packages/airflow/example_dags/example_sla_dag.py
[2026-09-20T00:06:11.998+0000] {logging_mixin.py:149} INFO - [2026-09-20T00:06:11.998+0000] {dag.py:2726} INFO - Sync 1 DAGs
[2026-09-20T00:06:12.051+0000] {logging_mixin.py:149} INFO - [2026-09-20T00:06:12.050+0000] {dag.py:3490} INFO - Setting next_dagrun for example_sla_dag to 2026-09-20T00:04:00+00:00, run_after=2026-09-20T00:06:00+00:00
[2026-09-20T00:06:12.086+0000] {processor.py:178} INFO - Processing /home/airflow/.local/lib/python3.7/site-packages/airflow/example_dags/example_sla_dag.py took 0.157 seconds
[2026-09-20T00:06:42.906+0000] {processor.py:156} INFO - Started process (PID=20464) to work on /home/airflow/.local/lib/python3.7/site-packages/airflow/example_dags/example_sla_dag.py
[2026-09-20T00:06:42.909+0000] {processor.py:799} INFO - Processing file /home/airflow/.local/lib/python3.7/site-packages/airflow/example_dags/example_sla_dag.py for tasks to queue
[2026-09-20T00:06:42.910+0000] {logging_mixin.py:149} INFO - [2026-09-20T00:06:42.910+0000] {dagbag.py:541} INFO - Filling up the DagBag from /home/airflow/.local/lib/python3.7/site-packages/airflow/example_dags/example_sla_dag.py
[2026-09-20T00:06:42.926+0000] {processor.py:809} INFO - DAG(s) dict_keys(['example_sla_dag']) retrieved from /home/airflow/.local/lib/python3.7/site-packages/airflow/example_dags/example_sla_dag.py
[2026-09-20T00:06:42.972+0000] {logging_mixin.py:149} INFO - [2026-09-20T00:06:42.972+0000] {dag.py:2726} INFO - Sync 1 DAGs
[2026-09-20T00:06:43.025+0000] {logging_mixin.py:149} INFO - [2026-09-20T00:06:43.025+0000] {dag.py:3490} INFO - Setting next_dagrun for example_sla_dag to 2026-09-20T00:04:00+00:00, run_after=2026-09-20T00:06:00+00:00
[2026-09-20T00:06:43.059+0000] {processor.py:178} INFO - Processing /home/airflow/.local/lib/python3.7/site-packages/airflow/example_dags/example_sla_dag.py took 0.160 seconds
[2026-09-20T00:07:14.255+0000] {processor.py:156} INFO - Started process (PID=20520) to work on /home/airflow/.local/lib/python3.7/site-packages/airflow/example_dags/example_sla_dag.py
[2026-09-20T00:07:14.257+0000] {processor.py:799} INFO - Processing file /home/airflow/.local/lib/python3.7/site-packages/airflow/example_dags/example_sla_dag.py for tasks to queue
[2026-09-20T00:07:14.258+0000] {logging_mixin.py:149} INFO - [2026-09-20T00:07:14.258+0000] {dagbag.py:541} INFO - Filling up the DagBag from /home/airflow/.local/lib/python3.7/site-packages/airflow/example_dags/example_sla_dag.py
[2026-09-20T00:07:14.279+0000] {processor.py:809} INFO - DAG(s) dict_keys(['example_sla_dag']) retrieved from /home/airflow/.local/lib/python3.7/site-packages/airflow/example_dags/example_sla_dag.py
[2026-09-20T00:07:14.327+0000] {logging_mixin.py:149} INFO - [2026-09-20T00:07:14.326+0000] {dag.py:2726} INFO - Sync 1 DAGs
[2026-09-20T00:07:14.381+0000] {logging_mixin.py:149} INFO - [2026-09-20T00:07:14.381+0000] {dag.py:3490} INFO - Setting next_dagrun for example_sla_dag to 2026-09-20T00:04:00+00:00, run_after=2026-09-20T00:06:00+00:00
[2026-09-20T00:07:14.426+0000] {processor.py:178} INFO - Processing /home/airflow/.local/lib/python3.7/site-packages/airflow/example_dags/example_sla_dag.py took 0.177 seconds
[2026-09-20T00:07:45.523+0000] {processor.py:156} INFO - Started process (PID=20576) to work on /home/airflow/.local/lib/python3.7/site-packages/airflow/example_dags/example_sla_dag.py
[2026-09-20T00:07:45.527+0000] {processor.py:799} INFO - Processing file /home/airflow/.local/lib/python3.7/site-packages/airflow/example_dags/example_sla_dag.py for tasks to queue
[2026-09-20T00:07:45.528+0000] {logging_mixin.py:149} INFO - [2026-09-20T00:07:45.528+0000] {dagbag.py:541} INFO - Filling up the DagBag from /home/airflow/.local/lib/python3.7/site-packages/airflow/example_dags/example_sla_dag.py
[2026-09-20T00:07:45.544+0000] {processor.py:809} INFO - DAG(s) dict_keys(['example_sla_dag']) retrieved from /home/airflow/.local/lib/python3.7/site-packages/airflow/example_dags/example_sla_dag.py
[2026-09-20T00:07:45.591+0000] {logging_mixin.py:149} INFO - [2026-09-20T00:07:45.591+0000] {dag.py:2726} INFO - Sync 1 DAGs
[2026-09-20T00:07:45.641+0000] {logging_mixin.py:149} INFO - [2026-09-20T00:07:45.641+0000] {dag.py:3490} INFO - Setting next_dagrun for example_sla_dag to 2026-09-20T00:04:00+00:00, run_after=2026-09-20T00:06:00+00:00
[2026-09-20T00:07:45.672+0000] {processor.py:178} INFO - Processing /home/airflow/.local/lib/python3.7/site-packages/airflow/example_dags/example_sla_dag.py took 0.155 seconds
[2026-09-20T00:08:16.593+0000] {processor.py:156} INFO - Started process (PID=20632) to work on /home/airflow/.local/lib/python3.7/site-packages/airflow/example_dags/example_sla_dag.py
[2026-09-20T00:08:16.595+0000] {processor.py:799} INFO - Processing file /home/airflow/.local/lib/python3.7/site-packages/airflow/example_dags/example_sla_dag.py for tasks to queue
[2026-09-20T00:08:16.596+0000] {logging_mixin.py:149} INFO - [2026-09-20T00:08:16.596+0000] {dagbag.py:541} INFO - Filling up the DagBag from /home/airflow/.local/lib/python3.7/site-packages/airflow/example_dags/example_sla_dag.py
[2026-09-20T00:08:16.610+0000] {processor.py:809} INFO - DAG(s) dict_keys(['example_sla_dag']) retrieved from /home/airflow/.local/lib/python3.7/site-packages/airflow/example_dags/example_sla_dag.py
[2026-09-20T00:08:16.653+0000] {logging_mixin.py:149} INFO - [2026-09-20T00:08:16.653+0000] {dag.py:2726} INFO - Sync 1 DAGs
[2026-09-20T00:08:16.703+0000] {logging_mixin.py:149} INFO - [2026-09-20T00:08:16.703+0000] {dag.py:3490} INFO - Setting next_dagrun for example_sla_dag to 2026-09-20T00:06:00+00:00, run_after=2026-09-20T00:08:00+00:00
[2026-09-20T00:08:16.734+0000] {processor.py:178} INFO - Processing /home/airflow/.local/lib/python3.7/site-packages/airflow/example_dags/example_sla_dag.py took 0.149 seconds
[2026-09-20T00:08:47.706+0000] {processor.py:156} INFO - Started process (PID=20688) to work on /home/airflow/.local/lib/python3.7/site-packages/airflow/example_dags/example_sla_dag.py
[2026-09-20T00:08:47.716+0000] {processor.py:799} INFO - Processing file /home/airflow/.local/lib/python3.7/site-packages/airflow/example_dags/example_sla_dag.py for tasks to queue
[2026-09-20T00:08:47.717+0000] {logging_mixin.py:149} INFO - [2026-09-20T00:08:47.717+0000] {dagbag.py:541} INFO - Filling up the DagBag from /home/airflow/.local/lib/python3.7/site-packages/airflow/example_dags/example_sla_dag.py
[2026-09-20T00:08:47.733+0000] {processor.py:809} INFO - DAG(s) dict_keys(['example_sla_dag']) retrieved from /home/airflow/.local/lib/python3.7/site-packages/airflow/example_dags/example_sla_dag.py
[2026-09-20T00:08:47.776+0000] {logging_mixin.py:149} INFO - [2026-09-20T00:08:47.776+0000] {dag.py:2726} INFO - Sync 1 DAGs
[2026-09-20T00:08:47.829+0000] {logging_mixin.py:149} INFO - [2026-09-20T00:08:47.829+0000] {dag.py:3490} INFO - Setting next_dagrun for example_sla_dag to 2026-09-20T00:06:00+00:00, run_after=2026-09-20T00:08:00+00:00
[2026-09-20T00:08:47.859+0000] {processor.py:178} INFO - Processing /home/airflow/.local/lib/python3.7/site-packages/airflow/example_dags/example_sla_dag.py took 0.160 seconds
[2026-09-20T00:09:18.534+0000] {processor.py:156} INFO - Started process (PID=20744) to work on /home/airflow/.local/lib/python3.7/site-packages/airflow/example_dags/example_sla_dag.py
[2026-09-20T00:09:18.535+0000] {processor.py:799} INFO - Processing file /home/airflow/.local/lib/python3.7/site-packages/airflow/example_dags/example_sla_dag.py for tasks to queue
[2026-09-20T00:09:18.536+0000] {logging_mixin.py:149} INFO - [2026-09-20T00:09:18.536+0000] {dagbag.py:541} INFO - Filling up the DagBag from /home/airflow/.local/lib/python3.7/site-packages/airflow/example_dags/example_sla_dag.py
[2026-09-20T00:09:18.554+0000] {processor.py:809} INFO - DAG(s) dict_keys(['example_sla_dag']) retrieved from /home/airflow/.local/lib/python3.7/site-packages/airflow/example_dags/example_sla_dag.py
[2026-09-20T00:09:18.602+0000] {logging_mixin.py:149} INFO - [2026-09-20T00:09:18.602+0000] {dag.py:2726} INFO - Sync 1 DAGs
[2026-09-20T00:09:18.650+0000] {logging_mixin.py:149} INFO - [2026-09-20T00:09:18.650+0000] {dag.py:3490} INFO - Setting next_dagrun for example_sla_dag to 2026-09-20T00:06:00+00:00, run_after=2026-09-20T00:08:00+00:00
[2026-09-20T00:09:18.688+0000] {processor.py:178} INFO - Processing /home/airflow/.local/lib/python3.7/site-packages/airflow/example_dags/example_sla_dag.py took 0.162 seconds
[2026-09-20T00:09:49.358+0000] {processor.py:156} INFO - Started process (PID=20800) to work on /home/airflow/.local/lib/python3.7/site-packages/airflow/example_dags/example_sla_dag.py
[2026-09-20T00:09:49.360+0000] {processor.py:799} INFO - Processing file /home/airflow/.local/lib/python3.7/site-packages/airflow/example_dags/example_sla_dag.py for tasks to queue
[2026-09-20T00:09:49.362+0000] {logging_mixin.py:149} INFO - [2026-09-20T00:09:49.362+0000] {dagbag.py:541} INFO - Filling up the DagBag from /home/airflow/.local/lib/python3.7/site-packages/airflow/example_dags/example_sla_dag.py
[2026-09-20T00:09:49.378+0000] {processor.py:809} INFO - DAG(s) dict_keys(['example_sla_dag']) retrieved from /home/airflow/.local/lib/python3.7/site-packages/airflow/example_dags/example_sla_dag.py
[2026-09-20T00:09:49.421+0000] {logging_mixin.py:149} INFO - [2026-09-20T00:09:49.421+0000] {dag.py:2726} INFO - Sync 1 DAGs
[2026-09-20T00:09:49.470+0000] {logging_mixin.py:149} INFO - [2026-09-20T00:09:49.470+0000] {dag.py:3490} INFO - Setting next_dagrun for example_sla_dag to 2026-09-20T00:06:00+00:00, run_after=2026-09-20T00:08:00+00:00
[2026-09-20T00:09:49.503+0000] {processor.py:178} INFO - Processing /home/airflow/.local/lib/python3.7/site-packages/airflow/example_dags/example_sla_dag.py took 0.153 seconds
[2026-09-20T00:10:20.097+0000] {processor.py:156} INFO - Started process (PID=20862) to work on /home/airflow/.local/lib/python3.7/site-packages/airflow/example_dags/example_sla_dag.py
[2026-09-20T00:10:20.098+0000] {processor.py:799} INFO - Processing file /home/airflow/.local/lib/python3.7/site-packages/airflow/example_dags/example_sla_dag.py for tasks to queue
[2026-09-20T00:10:20.100+0000] {logging_mixin.py:149} INFO - [2026-09-20T00:10:20.100+0000] {dagbag.py:541} INFO - Filling up the DagBag from /home/airflow/.local/lib/python3.7/site-packages/airflow/example_dags/example_sla_dag.py
[2026-09-20T00:10:20.119+0000] {processor.py:809} INFO - DAG(s) dict_keys(['example_sla_dag']) retrieved from /home/airflow/.local/lib/python3.7/site-packages/airflow/example_dags/example_sla_dag.py
[2026-09-20T00:10:20.168+0000] {logging_mixin.py:149} INFO - [2026-09-20T00:10:20.167+0000] {dag.py:2726} INFO - Sync 1 DAGs
[2026-09-20T00:10:20.221+0000] {logging_mixin.py:149} INFO - [2026-09-20T00:10:20.220+0000] {dag.py:3490} INFO - Setting next_dagrun for example_sla_dag to 2026-09-20T00:08:00+00:00, run_after=2026-09-20T00:10:00+00:00
[2026-09-20T00:10:20.250+0000] {processor.py:178} INFO - Processing /home/airflow/.local/lib/python3.7/site-packages/airflow/example_dags/example_sla_dag.py took 0.161 seconds
[2026-09-20T00:10:51.085+0000] {processor.py:156} INFO - Started process (PID=20919) to work on /home/airflow/.local/lib/python3.7/site-packages/airflow/example_dags/example_sla_dag.py
[2026-09-20T00:10:51.087+0000] {processor.py:799} INFO - Processing file /home/airflow/.local/lib/python3.7/site-packages/airflow/example_dags/example_sla_dag.py for tasks to queue
[2026-09-20T00:10:51.088+0000] {logging_mixin.py:149} INFO - [2026-09-20T00:10:51.088+0000] {dagbag.py:541} INFO - Filling up the DagBag from /home/airflow/.local/lib/python3.7/site-packages/airflow/example_dags/example_sla_dag.py
[2026-09-20T00:10:51.103+0000] {processor.py:809} INFO - DAG(s) dict_keys(['example_sla_dag']) retrieved from /home/airflow/.local/lib/python3.7/site-packages/airflow/example_dags/example_sla_dag.py
[2026-09-20T00:10:51.150+0000] {logging_mixin.py:149} INFO - [2026-09-20T00:10:51.150+0000] {dag.py:2726} INFO - Sync 1 DAGs
[2026-09-20T00:10:51.211+0000] {logging_mixin.py:149} INFO - [2026-09-20T00:10:51.211+0000] {dag.py:3490} INFO - Setting next_dagrun for example_sla_dag to 2026-09-20T00:08:00+00:00, run_after=2026-09-20T00:10:00+00:00
[2026-09-20T00:10:51.242+0000] {processor.py:178} INFO - Processing /home/airflow/.local/lib/python3.7/site-packages/airflow/example_dags/example_sla_dag.py took 0.163 seconds
[2026-09-20T00:11:23.110+0000] {processor.py:156} INFO - Started process (PID=20975) to work on /home/airflow/.local/lib/python3.7/site-packages/airflow/example_dags/example_sla_dag.py
[2026-09-20T00:11:23.112+0000] {processor.py:799} INFO - Processing file /home/airflow/.local/lib/python3.7/site-packages/airflow/example_dags/example_sla_dag.py for tasks to queue
[2026-09-20T00:11:23.112+0000] {logging_mixin.py:149} INFO - [2026-09-20T00:11:23.112+0000] {dagbag.py:541} INFO - Filling up the DagBag from /home/airflow/.local/lib/python3.7/site-packages/airflow/example_dags/example_sla_dag.py
[2026-09-20T00:11:23.127+0000] {processor.py:809} INFO - DAG(s) dict_keys(['example_sla_dag']) retrieved from /home/airflow/.local/lib/python3.7/site-packages/airflow/example_dags/example_sla_dag.py
[2026-09-20T00:11:23.170+0000] {logging_mixin.py:149} INFO - [2026-09-20T00:11:23.170+0000] {dag.py:2726} INFO - Sync 1 DAGs
[2026-09-20T00:11:23.216+0000] {logging_mixin.py:149} INFO - [2026-09-20T00:11:23.216+0000] {dag.py:3490} INFO - Setting next_dagrun for example_sla_dag to 2026-09-20T00:08:00+00:00, run_after=2026-09-20T00:10:00+00:00
[2026-09-20T00:11:23.246+0000] {processor.py:178} INFO - Processing /home/airflow/.local/lib/python3.7/site-packages/airflow/example_dags/example_sla_dag.py took 0.143 seconds
[2026-09-20T00:11:54.361+0000] {processor.py:156} INFO - Started process (PID=21032) to work on /home/airflow/.local/lib/python3.7/site-packages/airflow/example_dags/example_sla_dag.py
[2026-09-20T00:11:54.363+0000] {processor.py:799} INFO - Processing file /home/airflow/.local/lib/python3.7/site-packages/airflow/example_dags/example_sla_dag.py for tasks to queue
[2026-09-20T00:11:54.364+0000] {logging_mixin.py:149} INFO - [2026-09-20T00:11:54.364+0000] {dagbag.py:541} INFO - Filling up the DagBag from /home/airflow/.local/lib/python3.7/site-packages/airflow/example_dags/example_sla_dag.py
[2026-09-20T00:11:54.379+0000] {processor.py:809} INFO - DAG(s) dict_keys(['example_sla_dag']) retrieved from /home/airflow/.local/lib/python3.7/site-packages/airflow/example_dags/example_sla_dag.py
[2026-09-20T00:11:54.428+0000] {logging_mixin.py:149} INFO - [2026-09-20T00:11:54.428+0000] {dag.py:2726} INFO - Sync 1 DAGs
[2026-09-20T00:11:54.481+0000] {logging_mixin.py:149} INFO - [2026-09-20T00:11:54.481+0000] {dag.py:3490} INFO - Setting next_dagrun for example_sla_dag to 2026-09-20T00:08:00+00:00, run_after=2026-09-20T00:10:00+00:00
[2026-09-20T00:11:54.526+0000] {processor.py:178} INFO - Processing /home/airflow/.local/lib/python3.7/site-packages/airflow/example_dags/example_sla_dag.py took 0.172 seconds
[2026-09-20T00:12:25.413+0000] {processor.py:156} INFO - Started process (PID=21088) to work on /home/airflow/.local/lib/python3.7/site-packages/airflow/example_dags/example_sla_dag.py
[2026-09-20T00:12:25.415+0000] {processor.py:799} INFO - Processing file /home/airflow/.local/lib/python3.7/site-packages/airflow/example_dags/example_sla_dag.py for tasks to queue
[2026-09-20T00:12:25.416+0000] {logging_mixin.py:149} INFO - [2026-09-20T00:12:25.416+0000] {dagbag.py:541} INFO - Filling up the DagBag from /home/airflow/.local/lib/python3.7/site-packages/airflow/example_dags/example_sla_dag.py
[2026-09-20T00:12:25.431+0000] {processor.py:809} INFO - DAG(s) dict_keys(['example_sla_dag']) retrieved from /home/airflow/.local/lib/python3.7/site-packages/airflow/example_dags/example_sla_dag.py
[2026-09-20T00:12:25.473+0000] {logging_mixin.py:149} INFO - [2026-09-20T00:12:25.472+0000] {dag.py:2726} INFO - Sync 1 DAGs
[2026-09-20T00:12:25.524+0000] {logging_mixin.py:149} INFO - [2026-09-20T00:12:25.523+0000] {dag.py:3490} INFO - Setting next_dagrun for example_sla_dag to 2026-09-20T00:10:00+00:00, run_after=2026-09-20T00:12:00+00:00
[2026-09-20T00:12:25.562+0000] {processor.py:178} INFO - Processing /home/airflow/.local/lib/python3.7/site-packages/airflow/example_dags/example_sla_dag.py took 0.154 seconds
[2026-09-20T00:12:56.945+0000] {processor.py:156} INFO - Started process (PID=21144) to work on /home/airflow/.local/lib/python3.7/site-packages/airflow/example_dags/example_sla_dag.py
[2026-09-20T00:12:56.948+0000] {processor.py:799} INFO - Processing file /home/airflow/.local/lib/python3.7/site-packages/airflow/example_dags/example_sla_dag.py for tasks to queue
[2026-09-20T00:12:56.949+0000] {logging_mixin.py:149} INFO - [2026-09-20T00:12:56.949+0000] {dagbag.py:541} INFO - Filling up the DagBag from /home/airflow/.local/lib/python3.7/site-packages/airflow/example_dags/example_sla_dag.py
[2026-09-20T00:12:56.975+0000] {processor.py:809} INFO - DAG(s) dict_keys(['example_sla_dag']) retrieved from /home/airflow/.local/lib/python3.7/site-packages/airflow/example_dags/example_sla_dag.py
[2026-09-20T00:12:57.027+0000] {logging_mixin.py:149} INFO - [2026-09-20T00:12:57.027+0000] {dag.py:2726} INFO - Sync 1 DAGs
[2026-09-20T00:12:57.154+0000] {logging_mixin.py:149} INFO - [2026-09-20T00:12:57.150+0000] {dag.py:3490} INFO - Setting next_dagrun for example_sla_dag to 2026-09-20T00:10:00+00:00, run_after=2026-09-20T00:12:00+00:00
[2026-09-20T00:12:57.238+0000] {processor.py:178} INFO - Processing /home/airflow/.local/lib/python3.7/site-packages/airflow/example_dags/example_sla_dag.py took 0.305 seconds
[2026-09-20T00:13:27.912+0000] {processor.py:156} INFO - Started process (PID=21200) to work on /home/airflow/.local/lib/python3.7/site-packages/airflow/example_dags/example_sla_dag.py
[2026-09-20T00:13:27.916+0000] {processor.py:799} INFO - Processing file /home/airflow/.local/lib/python3.7/site-packages/airflow/example_dags/example_sla_dag.py for tasks to queue
[2026-09-20T00:13:27.917+0000] {logging_mixin.py:149} INFO - [2026-09-20T00:13:27.917+0000] {dagbag.py:541} INFO - Filling up the DagBag from /home/airflow/.local/lib/python3.7/site-packages/airflow/example_dags/example_sla_dag.py
[2026-09-20T00:13:27.932+0000] {processor.py:809} INFO - DAG(s) dict_keys(['example_sla_dag']) retrieved from /home/airflow/.local/lib/python3.7/site-packages/airflow/example_dags/example_sla_dag.py
[2026-09-20T00:13:27.988+0000] {logging_mixin.py:149} INFO - [2026-09-20T00:13:27.988+0000] {dag.py:2726} INFO - Sync 1 DAGs
[2026-09-20T00:13:28.057+0000] {logging_mixin.py:149} INFO - [2026-09-20T00:13:28.057+0000] {dag.py:3490} INFO - Setting next_dagrun for example_sla_dag to 2026-09-20T00:10:00+00:00, run_after=2026-09-20T00:12:00+00:00
[2026-09-20T00:13:28.093+0000] {processor.py:178} INFO - Processing /home/airflow/.local/lib/python3.7/site-packages/airflow/example_dags/example_sla_dag.py took 0.186 seconds
[2026-09-20T00:13:58.852+0000] {processor.py:156} INFO - Started process (PID=21256) to work on /home/airflow/.local/lib/python3.7/site-packages/airflow/example_dags/example_sla_dag.py
[2026-09-20T00:13:58.856+0000] {processor.py:799} INFO - Processing file /home/airflow/.local/lib/python3.7/site-packages/airflow/example_dags/example_sla_dag.py for tasks to queue
[2026-09-20T00:13:58.857+0000] {logging_mixin.py:149} INFO - [2026-09-20T00:13:58.857+0000] {dagbag.py:541} INFO - Filling up the DagBag from /home/airflow/.local/lib/python3.7/site-packages/airflow/example_dags/example_sla_dag.py
[2026-09-20T00:13:58.874+0000] {processor.py:809} INFO - DAG(s) dict_keys(['example_sla_dag']) retrieved from /home/airflow/.local/lib/python3.7/site-packages/airflow/example_dags/example_sla_dag.py
[2026-09-20T00:13:58.925+0000] {logging_mixin.py:149} INFO - [2026-09-20T00:13:58.925+0000] {dag.py:2726} INFO - Sync 1 DAGs
[2026-09-20T00:13:58.973+0000] {logging_mixin.py:149} INFO - [2026-09-20T00:13:58.972+0000] {dag.py:3490} INFO - Setting next_dagrun for example_sla_dag to 2026-09-20T00:10:00+00:00, run_after=2026-09-20T00:12:00+00:00
[2026-09-20T00:13:59.005+0000] {processor.py:178} INFO - Processing /home/airflow/.local/lib/python3.7/site-packages/airflow/example_dags/example_sla_dag.py took 0.158 seconds
[2026-09-20T00:14:30.461+0000] {processor.py:156} INFO - Started process (PID=21313) to work on /home/airflow/.local/lib/python3.7/site-packages/airflow/example_dags/example_sla_dag.py
[2026-09-20T00:14:30.463+0000] {processor.py:799} INFO - Processing file /home/airflow/.local/lib/python3.7/site-packages/airflow/example_dags/example_sla_dag.py for tasks to queue
[2026-09-20T00:14:30.464+0000] {logging_mixin.py:149} INFO - [2026-09-20T00:14:30.464+0000] {dagbag.py:541} INFO - Filling up the DagBag from /home/airflow/.local/lib/python3.7/site-packages/airflow/example_dags/example_sla_dag.py
[2026-09-20T00:14:30.481+0000] {processor.py:809} INFO - DAG(s) dict_keys(['example_sla_dag']) retrieved from /home/airflow/.local/lib/python3.7/site-packages/airflow/example_dags/example_sla_dag.py
[2026-09-20T00:14:30.533+0000] {logging_mixin.py:149} INFO - [2026-09-20T00:14:30.533+0000] {dag.py:2726} INFO - Sync 1 DAGs
[2026-09-20T00:14:30.591+0000] {logging_mixin.py:149} INFO - [2026-09-20T00:14:30.591+0000] {dag.py:3490} INFO - Setting next_dagrun for example_sla_dag to 2026-09-20T00:12:00+00:00, run_after=2026-09-20T00:14:00+00:00
[2026-09-20T00:14:30.625+0000] {processor.py:178} INFO - Processing /home/airflow/.local/lib/python3.7/site-packages/airflow/example_dags/example_sla_dag.py took 0.171 seconds
[2026-09-20T00:15:01.203+0000] {processor.py:156} INFO - Started process (PID=21369) to work on /home/airflow/.local/lib/python3.7/site-packages/airflow/example_dags/example_sla_dag.py
[2026-09-20T00:15:01.205+0000] {processor.py:799} INFO - Processing file /home/airflow/.local/lib/python3.7/site-packages/airflow/example_dags/example_sla_dag.py for tasks to queue
[2026-09-20T00:15:01.206+0000] {logging_mixin.py:149} INFO - [2026-09-20T00:15:01.206+0000] {dagbag.py:541} INFO - Filling up the DagBag from /home/airflow/.local/lib/python3.7/site-packages/airflow/example_dags/example_sla_dag.py
[2026-09-20T00:15:01.220+0000] {processor.py:809} INFO - DAG(s) dict_keys(['example_sla_dag']) retrieved from /home/airflow/.local/lib/python3.7/site-packages/airflow/example_dags/example_sla_dag.py
[2026-09-20T00:15:01.261+0000] {logging_mixin.py:149} INFO - [2026-09-20T00:15:01.261+0000] {dag.py:2726} INFO - Sync 1 DAGs
[2026-09-20T00:15:01.316+0000] {logging_mixin.py:149} INFO - [2026-09-20T00:15:01.316+0000] {dag.py:3490} INFO - Setting next_dagrun for example_sla_dag to 2026-09-20T00:12:00+00:00, run_after=2026-09-20T00:14:00+00:00
[2026-09-20T00:15:01.354+0000] {processor.py:178} INFO - Processing /home/airflow/.local/lib/python3.7/site-packages/airflow/example_dags/example_sla_dag.py took 0.157 seconds
[2026-09-20T00:15:32.347+0000] {processor.py:156} INFO - Started process (PID=21425) to work on /home/airflow/.local/lib/python3.7/site-packages/airflow/example_dags/example_sla_dag.py
[2026-09-20T00:15:32.349+0000] {processor.py:799} INFO - Processing file /home/airflow/.local/lib/python3.7/site-packages/airflow/example_dags/example_sla_dag.py for tasks to queue
[2026-09-20T00:15:32.350+0000] {logging_mixin.py:149} INFO - [2026-09-20T00:15:32.350+0000] {dagbag.py:541} INFO - Filling up the DagBag from /home/airflow/.local/lib/python3.7/site-packages/airflow/example_dags/example_sla_dag.py
[2026-09-20T00:15:32.365+0000] {processor.py:809} INFO - DAG(s) dict_keys(['example_sla_dag']) retrieved from /home/airflow/.local/lib/python3.7/site-packages/airflow/example_dags/example_sla_dag.py
[2026-09-20T00:15:32.407+0000] {logging_mixin.py:149} INFO - [2026-09-20T00:15:32.407+0000] {dag.py:2726} INFO - Sync 1 DAGs
[2026-09-20T00:15:32.456+0000] {logging_mixin.py:149} INFO - [2026-09-20T00:15:32.455+0000] {dag.py:3490} INFO - Setting next_dagrun for example_sla_dag to 2026-09-20T00:12:00+00:00, run_after=2026-09-20T00:14:00+00:00
[2026-09-20T00:15:32.490+0000] {processor.py:178} INFO - Processing /home/airflow/.local/lib/python3.7/site-packages/airflow/example_dags/example_sla_dag.py took 0.150 seconds
[2026-09-20T00:16:03.648+0000] {processor.py:156} INFO - Started process (PID=21482) to work on /home/airflow/.local/lib/python3.7/site-packages/airflow/example_dags/example_sla_dag.py
[2026-09-20T00:16:03.652+0000] {processor.py:799} INFO - Processing file /home/airflow/.local/lib/python3.7/site-packages/airflow/example_dags/example_sla_dag.py for tasks to queue
[2026-09-20T00:16:03.653+0000] {logging_mixin.py:149} INFO - [2026-09-20T00:16:03.653+0000] {dagbag.py:541} INFO - Filling up the DagBag from /home/airflow/.local/lib/python3.7/site-packages/airflow/example_dags/example_sla_dag.py
[2026-09-20T00:16:03.668+0000] {processor.py:809} INFO - DAG(s) dict_keys(['example_sla_dag']) retrieved from /home/airflow/.local/lib/python3.7/site-packages/airflow/example_dags/example_sla_dag.py
[2026-09-20T00:16:03.713+0000] {logging_mixin.py:149} INFO - [2026-09-20T00:16:03.713+0000] {dag.py:2726} INFO - Sync 1 DAGs
[2026-09-20T00:16:03.764+0000] {logging_mixin.py:149} INFO - [2026-09-20T00:16:03.764+0000] {dag.py:3490} INFO - Setting next_dagrun for example_sla_dag to 2026-09-20T00:14:00+00:00, run_after=2026-09-20T00:16:00+00:00
[2026-09-20T00:16:03.801+0000] {processor.py:178} INFO - Processing /home/airflow/.local/lib/python3.7/site-packages/airflow/example_dags/example_sla_dag.py took 0.158 seconds
[2026-09-20T00:16:34.757+0000] {processor.py:156} INFO - Started process (PID=21538) to work on /home/airflow/.local/lib/python3.7/site-packages/airflow/example_dags/example_sla_dag.py
[2026-09-20T00:16:34.766+0000] {processor.py:799} INFO - Processing file /home/airflow/.local/lib/python3.7/site-packages/airflow/example_dags/example_sla_dag.py for tasks to queue
[2026-09-20T00:16:34.767+0000] {logging_mixin.py:149} INFO - [2026-09-20T00:16:34.767+0000] {dagbag.py:541} INFO - Filling up the DagBag from /home/airflow/.local/lib/python3.7/site-packages/airflow/example_dags/example_sla_dag.py
[2026-09-20T00:16:34.783+0000] {processor.py:809} INFO - DAG(s) dict_keys(['example_sla_dag']) retrieved from /home/airflow/.local/lib/python3.7/site-packages/airflow/example_dags/example_sla_dag.py
[2026-09-20T00:16:34.833+0000] {logging_mixin.py:149} INFO - [2026-09-20T00:16:34.833+0000] {dag.py:2726} INFO - Sync 1 DAGs
[2026-09-20T00:16:34.890+0000] {logging_mixin.py:149} INFO - [2026-09-20T00:16:34.890+0000] {dag.py:3490} INFO - Setting next_dagrun for example_sla_dag to 2026-09-20T00:14:00+00:00, run_after=2026-09-20T00:16:00+00:00
[2026-09-20T00:16:34.927+0000] {processor.py:178} INFO - Processing /home/airflow/.local/lib/python3.7/site-packages/airflow/example_dags/example_sla_dag.py took 0.179 seconds
[2026-09-20T00:17:05.988+0000] {processor.py:156} INFO - Started process (PID=21594) to work on /home/airflow/.local/lib/python3.7/site-packages/airflow/example_dags/example_sla_dag.py
[2026-09-20T00:17:05.990+0000] {processor.py:799} INFO - Processing file /home/airflow/.local/lib/python3.7/site-packages/airflow/example_dags/example_sla_dag.py for tasks to queue
[2026-09-20T00:17:05.991+0000] {logging_mixin.py:149} INFO - [2026-09-20T00:17:05.991+0000] {dagbag.py:541} INFO - Filling up the DagBag from /home/airflow/.local/lib/python3.7/site-packages/airflow/example_dags/example_sla_dag.py
[2026-09-20T00:17:06.007+0000] {processor.py:809} INFO - DAG(s) dict_keys(['example_sla_dag']) retrieved from /home/airflow/.local/lib/python3.7/site-packages/airflow/example_dags/example_sla_dag.py
[2026-09-20T00:17:06.051+0000] {logging_mixin.py:149} INFO - [2026-09-20T00:17:06.051+0000] {dag.py:2726} INFO - Sync 1 DAGs
[2026-09-20T00:17:06.098+0000] {logging_mixin.py:149} INFO - [2026-09-20T00:17:06.098+0000] {dag.py:3490} INFO - Setting next_dagrun for example_sla_dag to 2026-09-20T00:14:00+00:00, run_after=2026-09-20T00:16:00+00:00
[2026-09-20T00:17:06.129+0000] {processor.py:178} INFO - Processing /home/airflow/.local/lib/python3.7/site-packages/airflow/example_dags/example_sla_dag.py took 0.147 seconds
[2026-09-20T00:17:37.346+0000] {processor.py:156} INFO - Started process (PID=21650) to work on /home/airflow/.local/lib/python3.7/site-packages/airflow/example_dags/example_sla_dag.py
[2026-09-20T00:17:37.351+0000] {processor.py:799} INFO - Processing file /home/airflow/.local/lib/python3.7/site-packages/airflow/example_dags/example_sla_dag.py for tasks to queue
[2026-09-20T00:17:37.353+0000] {logging_mixin.py:149} INFO - [2026-09-20T00:17:37.352+0000] {dagbag.py:541} INFO - Filling up the DagBag from /home/airflow/.local/lib/python3.7/site-packages/airflow/example_dags/example_sla_dag.py
[2026-09-20T00:17:37.370+0000] {processor.py:809} INFO - DAG(s) dict_keys(['example_sla_dag']) retrieved from /home/airflow/.local/lib/python3.7/site-packages/airflow/example_dags/example_sla_dag.py
[2026-09-20T00:17:37.415+0000] {logging_mixin.py:149} INFO - [2026-09-20T00:17:37.415+0000] {dag.py:2726} INFO - Sync 1 DAGs
[2026-09-20T00:17:37.463+0000] {logging_mixin.py:149} INFO - [2026-09-20T00:17:37.463+0000] {dag.py:3490} INFO - Setting next_dagrun for example_sla_dag to 2026-09-20T00:14:00+00:00, run_after=2026-09-20T00:16:00+00:00
[2026-09-20T00:17:37.497+0000] {processor.py:178} INFO - Processing /home/airflow/.local/lib/python3.7/site-packages/airflow/example_dags/example_sla_dag.py took 0.158 seconds
[2026-09-20T00:18:08.701+0000] {processor.py:156} INFO - Started process (PID=21706) to work on /home/airflow/.local/lib/python3.7/site-packages/airflow/example_dags/example_sla_dag.py
[2026-09-20T00:18:08.703+0000] {processor.py:799} INFO - Processing file /home/airflow/.local/lib/python3.7/site-packages/airflow/example_dags/example_sla_dag.py for tasks to queue
[2026-09-20T00:18:08.704+0000] {logging_mixin.py:149} INFO - [2026-09-20T00:18:08.704+0000] {dagbag.py:541} INFO - Filling up the DagBag from /home/airflow/.local/lib/python3.7/site-packages/airflow/example_dags/example_sla_dag.py
[2026-09-20T00:18:08.718+0000] {processor.py:809} INFO - DAG(s) dict_keys(['example_sla_dag']) retrieved from /home/airflow/.local/lib/python3.7/site-packages/airflow/example_dags/example_sla_dag.py
[2026-09-20T00:18:08.766+0000] {logging_mixin.py:149} INFO - [2026-09-20T00:18:08.766+0000] {dag.py:2726} INFO - Sync 1 DAGs
[2026-09-20T00:18:08.816+0000] {logging_mixin.py:149} INFO - [2026-09-20T00:18:08.815+0000] {dag.py:3490} INFO - Setting next_dagrun for example_sla_dag to 2026-09-20T00:16:00+00:00, run_after=2026-09-20T00:18:00+00:00
[2026-09-20T00:18:08.848+0000] {processor.py:178} INFO - Processing /home/airflow/.local/lib/python3.7/site-packages/airflow/example_dags/example_sla_dag.py took 0.154 seconds
[2026-09-20T00:18:39.875+0000] {processor.py:156} INFO - Started process (PID=21762) to work on /home/airflow/.local/lib/python3.7/site-packages/airflow/example_dags/example_sla_dag.py
[2026-09-20T00:18:39.881+0000] {processor.py:799} INFO - Processing file /home/airflow/.local/lib/python3.7/site-packages/airflow/example_dags/example_sla_dag.py for tasks to queue
[2026-09-20T00:18:39.882+0000] {logging_mixin.py:149} INFO - [2026-09-20T00:18:39.882+0000] {dagbag.py:541} INFO - Filling up the DagBag from /home/airflow/.local/lib/python3.7/site-packages/airflow/example_dags/example_sla_dag.py
[2026-09-20T00:18:39.896+0000] {processor.py:809} INFO - DAG(s) dict_keys(['example_sla_dag']) retrieved from /home/airflow/.local/lib/python3.7/site-packages/airflow/example_dags/example_sla_dag.py
[2026-09-20T00:18:39.948+0000] {logging_mixin.py:149} INFO - [2026-09-20T00:18:39.948+0000] {dag.py:2726} INFO - Sync 1 DAGs
[2026-09-20T00:18:40.006+0000] {logging_mixin.py:149} INFO - [2026-09-20T00:18:40.006+0000] {dag.py:3490} INFO - Setting next_dagrun for example_sla_dag to 2026-09-20T00:16:00+00:00, run_after=2026-09-20T00:18:00+00:00
[2026-09-20T00:18:40.045+0000] {processor.py:178} INFO - Processing /home/airflow/.local/lib/python3.7/site-packages/airflow/example_dags/example_sla_dag.py took 0.177 seconds
[2026-09-20T00:19:11.260+0000] {processor.py:156} INFO - Started process (PID=21818) to work on /home/airflow/.local/lib/python3.7/site-packages/airflow/example_dags/example_sla_dag.py
[2026-09-20T00:19:11.265+0000] {processor.py:799} INFO - Processing file /home/airflow/.local/lib/python3.7/site-packages/airflow/example_dags/example_sla_dag.py for tasks to queue
[2026-09-20T00:19:11.266+0000] {logging_mixin.py:149} INFO - [2026-09-20T00:19:11.265+0000] {dagbag.py:541} INFO - Filling up the DagBag from /home/airflow/.local/lib/python3.7/site-packages/airflow/example_dags/example_sla_dag.py
[2026-09-20T00:19:11.282+0000] {processor.py:809} INFO - DAG(s) dict_keys(['example_sla_dag']) retrieved from /home/airflow/.local/lib/python3.7/site-packages/airflow/example_dags/example_sla_dag.py
[2026-09-20T00:19:11.321+0000] {logging_mixin.py:149} INFO - [2026-09-20T00:19:11.321+0000] {dag.py:2726} INFO - Sync 1 DAGs
[2026-09-20T00:19:11.372+0000] {logging_mixin.py:149} INFO - [2026-09-20T00:19:11.372+0000] {dag.py:3490} INFO - Setting next_dagrun for example_sla_dag to 2026-09-20T00:16:00+00:00, run_after=2026-09-20T00:18:00+00:00
[2026-09-20T00:19:11.407+0000] {processor.py:178} INFO - Processing /home/airflow/.local/lib/python3.7/site-packages/airflow/example_dags/example_sla_dag.py took 0.157 seconds
[2026-09-20T00:19:42.685+0000] {processor.py:156} INFO - Started process (PID=21874) to work on /home/airflow/.local/lib/python3.7/site-packages/airflow/example_dags/example_sla_dag.py
[2026-09-20T00:19:42.687+0000] {processor.py:799} INFO - Processing file /home/airflow/.local/lib/python3.7/site-packages/airflow/example_dags/example_sla_dag.py for tasks to queue
[2026-09-20T00:19:42.688+0000] {logging_mixin.py:149} INFO - [2026-09-20T00:19:42.687+0000] {dagbag.py:541} INFO - Filling up the DagBag from /home/airflow/.local/lib/python3.7/site-packages/airflow/example_dags/example_sla_dag.py
[2026-09-20T00:19:42.702+0000] {processor.py:809} INFO - DAG(s) dict_keys(['example_sla_dag']) retrieved from /home/airflow/.local/lib/python3.7/site-packages/airflow/example_dags/example_sla_dag.py
[2026-09-20T00:19:42.747+0000] {logging_mixin.py:149} INFO - [2026-09-20T00:19:42.746+0000] {dag.py:2726} INFO - Sync 1 DAGs
[2026-09-20T00:19:42.797+0000] {logging_mixin.py:149} INFO - [2026-09-20T00:19:42.796+0000] {dag.py:3490} INFO - Setting next_dagrun for example_sla_dag to 2026-09-20T00:16:00+00:00, run_after=2026-09-20T00:18:00+00:00
[2026-09-20T00:19:42.827+0000] {processor.py:178} INFO - Processing /home/airflow/.local/lib/python3.7/site-packages/airflow/example_dags/example_sla_dag.py took 0.149 seconds
[2026-09-20T00:20:14.242+0000] {processor.py:156} INFO - Started process (PID=21930) to work on /home/airflow/.local/lib/python3.7/site-packages/airflow/example_dags/example_sla_dag.py
[2026-09-20T00:20:14.244+0000] {processor.py:799} INFO - Processing file /home/airflow/.local/lib/python3.7/site-packages/airflow/example_dags/example_sla_dag.py for tasks to queue
[2026-09-20T00:20:14.245+0000] {logging_mixin.py:149} INFO - [2026-09-20T00:20:14.245+0000] {dagbag.py:541} INFO - Filling up the DagBag from /home/airflow/.local/lib/python3.7/site-packages/airflow/example_dags/example_sla_dag.py
[2026-09-20T00:20:14.259+0000] {processor.py:809} INFO - DAG(s) dict_keys(['example_sla_dag']) retrieved from /home/airflow/.local/lib/python3.7/site-packages/airflow/example_dags/example_sla_dag.py
[2026-09-20T00:20:14.318+0000] {logging_mixin.py:149} INFO - [2026-09-20T00:20:14.317+0000] {dag.py:2726} INFO - Sync 1 DAGs
[2026-09-20T00:20:14.374+0000] {logging_mixin.py:149} INFO - [2026-09-20T00:20:14.374+0000] {dag.py:3490} INFO - Setting next_dagrun for example_sla_dag to 2026-09-20T00:18:00+00:00, run_after=2026-09-20T00:20:00+00:00
[2026-09-20T00:20:14.412+0000] {processor.py:178} INFO - Processing /home/airflow/.local/lib/python3.7/site-packages/airflow/example_dags/example_sla_dag.py took 0.177 seconds
[2026-09-20T00:20:45.415+0000] {processor.py:156} INFO - Started process (PID=21986) to work on /home/airflow/.local/lib/python3.7/site-packages/airflow/example_dags/example_sla_dag.py
[2026-09-20T00:20:45.416+0000] {processor.py:799} INFO - Processing file /home/airflow/.local/lib/python3.7/site-packages/airflow/example_dags/example_sla_dag.py for tasks to queue
[2026-09-20T00:20:45.418+0000] {logging_mixin.py:149} INFO - [2026-09-20T00:20:45.417+0000] {dagbag.py:541} INFO - Filling up the DagBag from /home/airflow/.local/lib/python3.7/site-packages/airflow/example_dags/example_sla_dag.py
[2026-09-20T00:20:45.432+0000] {processor.py:809} INFO - DAG(s) dict_keys(['example_sla_dag']) retrieved from /home/airflow/.local/lib/python3.7/site-packages/airflow/example_dags/example_sla_dag.py
[2026-09-20T00:20:45.475+0000] {logging_mixin.py:149} INFO - [2026-09-20T00:20:45.474+0000] {dag.py:2726} INFO - Sync 1 DAGs
[2026-09-20T00:20:45.527+0000] {logging_mixin.py:149} INFO - [2026-09-20T00:20:45.526+0000] {dag.py:3490} INFO - Setting next_dagrun for example_sla_dag to 2026-09-20T00:18:00+00:00, run_after=2026-09-20T00:20:00+00:00
[2026-09-20T00:20:45.561+0000] {processor.py:178} INFO - Processing /home/airflow/.local/lib/python3.7/site-packages/airflow/example_dags/example_sla_dag.py took 0.154 seconds
[2026-09-20T00:21:16.851+0000] {processor.py:156} INFO - Started process (PID=22041) to work on /home/airflow/.local/lib/python3.7/site-packages/airflow/example_dags/example_sla_dag.py
[2026-09-20T00:21:16.853+0000] {processor.py:799} INFO - Processing file /home/airflow/.local/lib/python3.7/site-packages/airflow/example_dags/example_sla_dag.py for tasks to queue
[2026-09-20T00:21:16.854+0000] {logging_mixin.py:149} INFO - [2026-09-20T00:21:16.854+0000] {dagbag.py:541} INFO - Filling up the DagBag from /home/airflow/.local/lib/python3.7/site-packages/airflow/example_dags/example_sla_dag.py
[2026-09-20T00:21:16.868+0000] {processor.py:809} INFO - DAG(s) dict_keys(['example_sla_dag']) retrieved from /home/airflow/.local/lib/python3.7/site-packages/airflow/example_dags/example_sla_dag.py
[2026-09-20T00:21:16.908+0000] {logging_mixin.py:149} INFO - [2026-09-20T00:21:16.908+0000] {dag.py:2726} INFO - Sync 1 DAGs
[2026-09-20T00:21:16.958+0000] {logging_mixin.py:149} INFO - [2026-09-20T00:21:16.957+0000] {dag.py:3490} INFO - Setting next_dagrun for example_sla_dag to 2026-09-20T00:18:00+00:00, run_after=2026-09-20T00:20:00+00:00
[2026-09-20T00:21:16.993+0000] {processor.py:178} INFO - Processing /home/airflow/.local/lib/python3.7/site-packages/airflow/example_dags/example_sla_dag.py took 0.148 seconds
[2026-09-20T00:21:48.189+0000] {processor.py:156} INFO - Started process (PID=22097) to work on /home/airflow/.local/lib/python3.7/site-packages/airflow/example_dags/example_sla_dag.py
[2026-09-20T00:21:48.190+0000] {processor.py:799} INFO - Processing file /home/airflow/.local/lib/python3.7/site-packages/airflow/example_dags/example_sla_dag.py for tasks to queue
[2026-09-20T00:21:48.191+0000] {logging_mixin.py:149} INFO - [2026-09-20T00:21:48.191+0000] {dagbag.py:541} INFO - Filling up the DagBag from /home/airflow/.local/lib/python3.7/site-packages/airflow/example_dags/example_sla_dag.py
[2026-09-20T00:21:48.206+0000] {processor.py:809} INFO - DAG(s) dict_keys(['example_sla_dag']) retrieved from /home/airflow/.local/lib/python3.7/site-packages/airflow/example_dags/example_sla_dag.py
[2026-09-20T00:21:48.249+0000] {logging_mixin.py:149} INFO - [2026-09-20T00:21:48.249+0000] {dag.py:2726} INFO - Sync 1 DAGs
[2026-09-20T00:21:48.299+0000] {logging_mixin.py:149} INFO - [2026-09-20T00:21:48.299+0000] {dag.py:3490} INFO - Setting next_dagrun for example_sla_dag to 2026-09-20T00:18:00+00:00, run_after=2026-09-20T00:20:00+00:00
[2026-09-20T00:21:48.327+0000] {processor.py:178} INFO - Processing /home/airflow/.local/lib/python3.7/site-packages/airflow/example_dags/example_sla_dag.py took 0.144 seconds
[2026-09-20T00:22:19.577+0000] {processor.py:156} INFO - Started process (PID=22153) to work on /home/airflow/.local/lib/python3.7/site-packages/airflow/example_dags/example_sla_dag.py
[2026-09-20T00:22:19.579+0000] {processor.py:799} INFO - Processing file /home/airflow/.local/lib/python3.7/site-packages/airflow/example_dags/example_sla_dag.py for tasks to queue
[2026-09-20T00:22:19.580+0000] {logging_mixin.py:149} INFO - [2026-09-20T00:22:19.580+0000] {dagbag.py:541} INFO - Filling up the DagBag from /home/airflow/.local/lib/python3.7/site-packages/airflow/example_dags/example_sla_dag.py
[2026-09-20T00:22:19.596+0000] {processor.py:809} INFO - DAG(s) dict_keys(['example_sla_dag']) retrieved from /home/airflow/.local/lib/python3.7/site-packages/airflow/example_dags/example_sla_dag.py
[2026-09-20T00:22:19.638+0000] {logging_mixin.py:149} INFO - [2026-09-20T00:22:19.638+0000] {dag.py:2726} INFO - Sync 1 DAGs
[2026-09-20T00:22:19.688+0000] {logging_mixin.py:149} INFO - [2026-09-20T00:22:19.688+0000] {dag.py:3490} INFO - Setting next_dagrun for example_sla_dag to 2026-09-20T00:20:00+00:00, run_after=2026-09-20T00:22:00+00:00
[2026-09-20T00:22:19.726+0000] {processor.py:178} INFO - Processing /home/airflow/.local/lib/python3.7/site-packages/airflow/example_dags/example_sla_dag.py took 0.156 seconds
[2026-09-20T00:22:50.476+0000] {processor.py:156} INFO - Started process (PID=22209) to work on /home/airflow/.local/lib/python3.7/site-packages/airflow/example_dags/example_sla_dag.py
[2026-09-20T00:22:50.478+0000] {processor.py:799} INFO - Processing file /home/airflow/.local/lib/python3.7/site-packages/airflow/example_dags/example_sla_dag.py for tasks to queue
[2026-09-20T00:22:50.479+0000] {logging_mixin.py:149} INFO - [2026-09-20T00:22:50.479+0000] {dagbag.py:541} INFO - Filling up the DagBag from /home/airflow/.local/lib/python3.7/site-packages/airflow/example_dags/example_sla_dag.py
[2026-09-20T00:22:50.496+0000] {processor.py:809} INFO - DAG(s) dict_keys(['example_sla_dag']) retrieved from /home/airflow/.local/lib/python3.7/site-packages/airflow/example_dags/example_sla_dag.py
[2026-09-20T00:22:50.540+0000] {logging_mixin.py:149} INFO - [2026-09-20T00:22:50.540+0000] {dag.py:2726} INFO - Sync 1 DAGs
[2026-09-20T00:22:50.599+0000] {logging_mixin.py:149} INFO - [2026-09-20T00:22:50.599+0000] {dag.py:3490} INFO - Setting next_dagrun for example_sla_dag to 2026-09-20T00:20:00+00:00, run_after=2026-09-20T00:22:00+00:00
[2026-09-20T00:22:50.633+0000] {processor.py:178} INFO - Processing /home/airflow/.local/lib/python3.7/site-packages/airflow/example_dags/example_sla_dag.py took 0.164 seconds
[2026-09-20T00:23:22.443+0000] {processor.py:156} INFO - Started process (PID=22275) to work on /home/airflow/.local/lib/python3.7/site-packages/airflow/example_dags/example_sla_dag.py
[2026-09-20T00:23:22.445+0000] {processor.py:799} INFO - Processing file /home/airflow/.local/lib/python3.7/site-packages/airflow/example_dags/example_sla_dag.py for tasks to queue
[2026-09-20T00:23:22.446+0000] {logging_mixin.py:149} INFO - [2026-09-20T00:23:22.446+0000] {dagbag.py:541} INFO - Filling up the DagBag from /home/airflow/.local/lib/python3.7/site-packages/airflow/example_dags/example_sla_dag.py
[2026-09-20T00:23:22.465+0000] {processor.py:809} INFO - DAG(s) dict_keys(['example_sla_dag']) retrieved from /home/airflow/.local/lib/python3.7/site-packages/airflow/example_dags/example_sla_dag.py
[2026-09-20T00:23:22.508+0000] {logging_mixin.py:149} INFO - [2026-09-20T00:23:22.508+0000] {dag.py:2726} INFO - Sync 1 DAGs
[2026-09-20T00:23:22.558+0000] {logging_mixin.py:149} INFO - [2026-09-20T00:23:22.558+0000] {dag.py:3490} INFO - Setting next_dagrun for example_sla_dag to 2026-09-20T00:20:00+00:00, run_after=2026-09-20T00:22:00+00:00
[2026-09-20T00:23:22.596+0000] {processor.py:178} INFO - Processing /home/airflow/.local/lib/python3.7/site-packages/airflow/example_dags/example_sla_dag.py took 0.161 seconds
[2026-09-20T00:23:53.800+0000] {processor.py:156} INFO - Started process (PID=22335) to work on /home/airflow/.local/lib/python3.7/site-packages/airflow/example_dags/example_sla_dag.py
[2026-09-20T00:23:53.801+0000] {processor.py:799} INFO - Processing file /home/airflow/.local/lib/python3.7/site-packages/airflow/example_dags/example_sla_dag.py for tasks to queue
[2026-09-20T00:23:53.802+0000] {logging_mixin.py:149} INFO - [2026-09-20T00:23:53.802+0000] {dagbag.py:541} INFO - Filling up the DagBag from /home/airflow/.local/lib/python3.7/site-packages/airflow/example_dags/example_sla_dag.py
[2026-09-20T00:23:53.816+0000] {processor.py:809} INFO - DAG(s) dict_keys(['example_sla_dag']) retrieved from /home/airflow/.local/lib/python3.7/site-packages/airflow/example_dags/example_sla_dag.py
[2026-09-20T00:23:53.858+0000] {logging_mixin.py:149} INFO - [2026-09-20T00:23:53.858+0000] {dag.py:2726} INFO - Sync 1 DAGs
[2026-09-20T00:23:53.910+0000] {logging_mixin.py:149} INFO - [2026-09-20T00:23:53.909+0000] {dag.py:3490} INFO - Setting next_dagrun for example_sla_dag to 2026-09-20T00:20:00+00:00, run_after=2026-09-20T00:22:00+00:00
[2026-09-20T00:23:53.940+0000] {processor.py:178} INFO - Processing /home/airflow/.local/lib/python3.7/site-packages/airflow/example_dags/example_sla_dag.py took 0.146 seconds
[2026-09-20T00:24:24.804+0000] {processor.py:156} INFO - Started process (PID=22391) to work on /home/airflow/.local/lib/python3.7/site-packages/airflow/example_dags/example_sla_dag.py
[2026-09-20T00:24:24.819+0000] {processor.py:799} INFO - Processing file /home/airflow/.local/lib/python3.7/site-packages/airflow/example_dags/example_sla_dag.py for tasks to queue
[2026-09-20T00:24:24.821+0000] {logging_mixin.py:149} INFO - [2026-09-20T00:24:24.820+0000] {dagbag.py:541} INFO - Filling up the DagBag from /home/airflow/.local/lib/python3.7/site-packages/airflow/example_dags/example_sla_dag.py
[2026-09-20T00:24:24.837+0000] {processor.py:809} INFO - DAG(s) dict_keys(['example_sla_dag']) retrieved from /home/airflow/.local/lib/python3.7/site-packages/airflow/example_dags/example_sla_dag.py
[2026-09-20T00:24:24.877+0000] {logging_mixin.py:149} INFO - [2026-09-20T00:24:24.876+0000] {dag.py:2726} INFO - Sync 1 DAGs
[2026-09-20T00:24:24.923+0000] {logging_mixin.py:149} INFO - [2026-09-20T00:24:24.923+0000] {dag.py:3490} INFO - Setting next_dagrun for example_sla_dag to 2026-09-20T00:22:00+00:00, run_after=2026-09-20T00:24:00+00:00
[2026-09-20T00:24:24.954+0000] {processor.py:178} INFO - Processing /home/airflow/.local/lib/python3.7/site-packages/airflow/example_dags/example_sla_dag.py took 0.155 seconds
[2026-09-20T00:24:55.839+0000] {processor.py:156} INFO - Started process (PID=22447) to work on /home/airflow/.local/lib/python3.7/site-packages/airflow/example_dags/example_sla_dag.py
[2026-09-20T00:24:55.840+0000] {processor.py:799} INFO - Processing file /home/airflow/.local/lib/python3.7/site-packages/airflow/example_dags/example_sla_dag.py for tasks to queue
[2026-09-20T00:24:55.842+0000] {logging_mixin.py:149} INFO - [2026-09-20T00:24:55.841+0000] {dagbag.py:541} INFO - Filling up the DagBag from /home/airflow/.local/lib/python3.7/site-packages/airflow/example_dags/example_sla_dag.py
[2026-09-20T00:24:55.856+0000] {processor.py:809} INFO - DAG(s) dict_keys(['example_sla_dag']) retrieved from /home/airflow/.local/lib/python3.7/site-packages/airflow/example_dags/example_sla_dag.py
[2026-09-20T00:24:55.904+0000] {logging_mixin.py:149} INFO - [2026-09-20T00:24:55.904+0000] {dag.py:2726} INFO - Sync 1 DAGs
[2026-09-20T00:24:55.955+0000] {logging_mixin.py:149} INFO - [2026-09-20T00:24:55.954+0000] {dag.py:3490} INFO - Setting next_dagrun for example_sla_dag to 2026-09-20T00:22:00+00:00, run_after=2026-09-20T00:24:00+00:00
[2026-09-20T00:24:55.986+0000] {processor.py:178} INFO - Processing /home/airflow/.local/lib/python3.7/site-packages/airflow/example_dags/example_sla_dag.py took 0.153 seconds
[2026-09-20T00:25:27.508+0000] {processor.py:156} INFO - Started process (PID=22504) to work on /home/airflow/.local/lib/python3.7/site-packages/airflow/example_dags/example_sla_dag.py
[2026-09-20T00:25:27.513+0000] {processor.py:799} INFO - Processing file /home/airflow/.local/lib/python3.7/site-packages/airflow/example_dags/example_sla_dag.py for tasks to queue
[2026-09-20T00:25:27.514+0000] {logging_mixin.py:149} INFO - [2026-09-20T00:25:27.514+0000] {dagbag.py:541} INFO - Filling up the DagBag from /home/airflow/.local/lib/python3.7/site-packages/airflow/example_dags/example_sla_dag.py
[2026-09-20T00:25:27.532+0000] {processor.py:809} INFO - DAG(s) dict_keys(['example_sla_dag']) retrieved from /home/airflow/.local/lib/python3.7/site-packages/airflow/example_dags/example_sla_dag.py
[2026-09-20T00:25:27.581+0000] {logging_mixin.py:149} INFO - [2026-09-20T00:25:27.580+0000] {dag.py:2726} INFO - Sync 1 DAGs
[2026-09-20T00:25:27.630+0000] {logging_mixin.py:149} INFO - [2026-09-20T00:25:27.630+0000] {dag.py:3490} INFO - Setting next_dagrun for example_sla_dag to 2026-09-20T00:22:00+00:00, run_after=2026-09-20T00:24:00+00:00
[2026-09-20T00:25:27.668+0000] {processor.py:178} INFO - Processing /home/airflow/.local/lib/python3.7/site-packages/airflow/example_dags/example_sla_dag.py took 0.165 seconds
[2026-09-20T00:25:58.435+0000] {processor.py:156} INFO - Started process (PID=22559) to work on /home/airflow/.local/lib/python3.7/site-packages/airflow/example_dags/example_sla_dag.py
[2026-09-20T00:25:58.441+0000] {processor.py:799} INFO - Processing file /home/airflow/.local/lib/python3.7/site-packages/airflow/example_dags/example_sla_dag.py for tasks to queue
[2026-09-20T00:25:58.443+0000] {logging_mixin.py:149} INFO - [2026-09-20T00:25:58.443+0000] {dagbag.py:541} INFO - Filling up the DagBag from /home/airflow/.local/lib/python3.7/site-packages/airflow/example_dags/example_sla_dag.py
[2026-09-20T00:25:58.459+0000] {processor.py:809} INFO - DAG(s) dict_keys(['example_sla_dag']) retrieved from /home/airflow/.local/lib/python3.7/site-packages/airflow/example_dags/example_sla_dag.py
[2026-09-20T00:25:58.509+0000] {logging_mixin.py:149} INFO - [2026-09-20T00:25:58.509+0000] {dag.py:2726} INFO - Sync 1 DAGs
[2026-09-20T00:25:58.558+0000] {logging_mixin.py:149} INFO - [2026-09-20T00:25:58.558+0000] {dag.py:3490} INFO - Setting next_dagrun for example_sla_dag to 2026-09-20T00:22:00+00:00, run_after=2026-09-20T00:24:00+00:00
[2026-09-20T00:25:58.594+0000] {processor.py:178} INFO - Processing /home/airflow/.local/lib/python3.7/site-packages/airflow/example_dags/example_sla_dag.py took 0.167 seconds
[2026-09-20T00:26:30.356+0000] {processor.py:156} INFO - Started process (PID=22615) to work on /home/airflow/.local/lib/python3.7/site-packages/airflow/example_dags/example_sla_dag.py
[2026-09-20T00:26:30.357+0000] {processor.py:799} INFO - Processing file /home/airflow/.local/lib/python3.7/site-packages/airflow/example_dags/example_sla_dag.py for tasks to queue
[2026-09-20T00:26:30.358+0000] {logging_mixin.py:149} INFO - [2026-09-20T00:26:30.358+0000] {dagbag.py:541} INFO - Filling up the DagBag from /home/airflow/.local/lib/python3.7/site-packages/airflow/example_dags/example_sla_dag.py
[2026-09-20T00:26:30.373+0000] {processor.py:809} INFO - DAG(s) dict_keys(['example_sla_dag']) retrieved from /home/airflow/.local/lib/python3.7/site-packages/airflow/example_dags/example_sla_dag.py
[2026-09-20T00:26:30.421+0000] {logging_mixin.py:149} INFO - [2026-09-20T00:26:30.420+0000] {dag.py:2726} INFO - Sync 1 DAGs
[2026-09-20T00:26:30.478+0000] {logging_mixin.py:149} INFO - [2026-09-20T00:26:30.478+0000] {dag.py:3490} INFO - Setting next_dagrun for example_sla_dag to 2026-09-20T00:24:00+00:00, run_after=2026-09-20T00:26:00+00:00
[2026-09-20T00:26:30.511+0000] {processor.py:178} INFO - Processing /home/airflow/.local/lib/python3.7/site-packages/airflow/example_dags/example_sla_dag.py took 0.162 seconds
[2026-09-20T00:27:01.737+0000] {processor.py:156} INFO - Started process (PID=22674) to work on /home/airflow/.local/lib/python3.7/site-packages/airflow/example_dags/example_sla_dag.py
[2026-09-20T00:27:01.740+0000] {processor.py:799} INFO - Processing file /home/airflow/.local/lib/python3.7/site-packages/airflow/example_dags/example_sla_dag.py for tasks to queue
[2026-09-20T00:27:01.741+0000] {logging_mixin.py:149} INFO - [2026-09-20T00:27:01.741+0000] {dagbag.py:541} INFO - Filling up the DagBag from /home/airflow/.local/lib/python3.7/site-packages/airflow/example_dags/example_sla_dag.py
[2026-09-20T00:27:01.756+0000] {processor.py:809} INFO - DAG(s) dict_keys(['example_sla_dag']) retrieved from /home/airflow/.local/lib/python3.7/site-packages/airflow/example_dags/example_sla_dag.py
[2026-09-20T00:27:01.800+0000] {logging_mixin.py:149} INFO - [2026-09-20T00:27:01.800+0000] {dag.py:2726} INFO - Sync 1 DAGs
[2026-09-20T00:27:01.850+0000] {logging_mixin.py:149} INFO - [2026-09-20T00:27:01.849+0000] {dag.py:3490} INFO - Setting next_dagrun for example_sla_dag to 2026-09-20T00:24:00+00:00, run_after=2026-09-20T00:26:00+00:00
[2026-09-20T00:27:01.880+0000] {processor.py:178} INFO - Processing /home/airflow/.local/lib/python3.7/site-packages/airflow/example_dags/example_sla_dag.py took 0.150 seconds
[2026-09-20T00:27:33.014+0000] {processor.py:156} INFO - Started process (PID=22732) to work on /home/airflow/.local/lib/python3.7/site-packages/airflow/example_dags/example_sla_dag.py
[2026-09-20T00:27:33.016+0000] {processor.py:799} INFO - Processing file /home/airflow/.local/lib/python3.7/site-packages/airflow/example_dags/example_sla_dag.py for tasks to queue
[2026-09-20T00:27:33.017+0000] {logging_mixin.py:149} INFO - [2026-09-20T00:27:33.017+0000] {dagbag.py:541} INFO - Filling up the DagBag from /home/airflow/.local/lib/python3.7/site-packages/airflow/example_dags/example_sla_dag.py
[2026-09-20T00:27:33.031+0000] {processor.py:809} INFO - DAG(s) dict_keys(['example_sla_dag']) retrieved from /home/airflow/.local/lib/python3.7/site-packages/airflow/example_dags/example_sla_dag.py
[2026-09-20T00:27:33.072+0000] {logging_mixin.py:149} INFO - [2026-09-20T00:27:33.072+0000] {dag.py:2726} INFO - Sync 1 DAGs
[2026-09-20T00:27:33.119+0000] {logging_mixin.py:149} INFO - [2026-09-20T00:27:33.118+0000] {dag.py:3490} INFO - Setting next_dagrun for example_sla_dag to 2026-09-20T00:24:00+00:00, run_after=2026-09-20T00:26:00+00:00
[2026-09-20T00:27:33.152+0000] {processor.py:178} INFO - Processing /home/airflow/.local/lib/python3.7/site-packages/airflow/example_dags/example_sla_dag.py took 0.143 seconds
[2026-09-20T00:28:03.725+0000] {processor.py:156} INFO - Started process (PID=22788) to work on /home/airflow/.local/lib/python3.7/site-packages/airflow/example_dags/example_sla_dag.py
[2026-09-20T00:28:03.729+0000] {processor.py:799} INFO - Processing file /home/airflow/.local/lib/python3.7/site-packages/airflow/example_dags/example_sla_dag.py for tasks to queue
[2026-09-20T00:28:03.730+0000] {logging_mixin.py:149} INFO - [2026-09-20T00:28:03.730+0000] {dagbag.py:541} INFO - Filling up the DagBag from /home/airflow/.local/lib/python3.7/site-packages/airflow/example_dags/example_sla_dag.py
[2026-09-20T00:28:03.744+0000] {processor.py:809} INFO - DAG(s) dict_keys(['example_sla_dag']) retrieved from /home/airflow/.local/lib/python3.7/site-packages/airflow/example_dags/example_sla_dag.py
[2026-09-20T00:28:03.787+0000] {logging_mixin.py:149} INFO - [2026-09-20T00:28:03.787+0000] {dag.py:2726} INFO - Sync 1 DAGs
[2026-09-20T00:28:03.833+0000] {logging_mixin.py:149} INFO - [2026-09-20T00:28:03.833+0000] {dag.py:3490} INFO - Setting next_dagrun for example_sla_dag to 2026-09-20T00:26:00+00:00, run_after=2026-09-20T00:28:00+00:00
[2026-09-20T00:28:03.863+0000] {processor.py:178} INFO - Processing /home/airflow/.local/lib/python3.7/site-packages/airflow/example_dags/example_sla_dag.py took 0.144 seconds
[2026-09-20T00:28:34.813+0000] {processor.py:156} INFO - Started process (PID=22845) to work on /home/airflow/.local/lib/python3.7/site-packages/airflow/example_dags/example_sla_dag.py
[2026-09-20T00:28:34.816+0000] {processor.py:799} INFO - Processing file /home/airflow/.local/lib/python3.7/site-packages/airflow/example_dags/example_sla_dag.py for tasks to queue
[2026-09-20T00:28:34.819+0000] {logging_mixin.py:149} INFO - [2026-09-20T00:28:34.818+0000] {dagbag.py:541} INFO - Filling up the DagBag from /home/airflow/.local/lib/python3.7/site-packages/airflow/example_dags/example_sla_dag.py
[2026-09-20T00:28:34.836+0000] {processor.py:809} INFO - DAG(s) dict_keys(['example_sla_dag']) retrieved from /home/airflow/.local/lib/python3.7/site-packages/airflow/example_dags/example_sla_dag.py
[2026-09-20T00:28:34.885+0000] {logging_mixin.py:149} INFO - [2026-09-20T00:28:34.885+0000] {dag.py:2726} INFO - Sync 1 DAGs
[2026-09-20T00:28:34.936+0000] {logging_mixin.py:149} INFO - [2026-09-20T00:28:34.936+0000] {dag.py:3490} INFO - Setting next_dagrun for example_sla_dag to 2026-09-20T00:26:00+00:00, run_after=2026-09-20T00:28:00+00:00
[2026-09-20T00:28:34.973+0000] {processor.py:178} INFO - Processing /home/airflow/.local/lib/python3.7/site-packages/airflow/example_dags/example_sla_dag.py took 0.169 seconds
[2026-09-20T00:29:05.436+0000] {processor.py:156} INFO - Started process (PID=22901) to work on /home/airflow/.local/lib/python3.7/site-packages/airflow/example_dags/example_sla_dag.py
[2026-09-20T00:29:05.438+0000] {processor.py:799} INFO - Processing file /home/airflow/.local/lib/python3.7/site-packages/airflow/example_dags/example_sla_dag.py for tasks to queue
[2026-09-20T00:29:05.439+0000] {logging_mixin.py:149} INFO - [2026-09-20T00:29:05.439+0000] {dagbag.py:541} INFO - Filling up the DagBag from /home/airflow/.local/lib/python3.7/site-packages/airflow/example_dags/example_sla_dag.py
[2026-09-20T00:29:05.458+0000] {processor.py:809} INFO - DAG(s) dict_keys(['example_sla_dag']) retrieved from /home/airflow/.local/lib/python3.7/site-packages/airflow/example_dags/example_sla_dag.py
[2026-09-20T00:29:05.502+0000] {logging_mixin.py:149} INFO - [2026-09-20T00:29:05.501+0000] {dag.py:2726} INFO - Sync 1 DAGs
[2026-09-20T00:29:05.555+0000] {logging_mixin.py:149} INFO - [2026-09-20T00:29:05.555+0000] {dag.py:3490} INFO - Setting next_dagrun for example_sla_dag to 2026-09-20T00:26:00+00:00, run_after=2026-09-20T00:28:00+00:00
[2026-09-20T00:29:05.589+0000] {processor.py:178} INFO - Processing /home/airflow/.local/lib/python3.7/site-packages/airflow/example_dags/example_sla_dag.py took 0.161 seconds
[2026-09-20T00:29:36.527+0000] {processor.py:156} INFO - Started process (PID=22957) to work on /home/airflow/.local/lib/python3.7/site-packages/airflow/example_dags/example_sla_dag.py
[2026-09-20T00:29:36.531+0000] {processor.py:799} INFO - Processing file /home/airflow/.local/lib/python3.7/site-packages/airflow/example_dags/example_sla_dag.py for tasks to queue
[2026-09-20T00:29:36.532+0000] {logging_mixin.py:149} INFO - [2026-09-20T00:29:36.532+0000] {dagbag.py:541} INFO - Filling up the DagBag from /home/airflow/.local/lib/python3.7/site-packages/airflow/example_dags/example_sla_dag.py
[2026-09-20T00:29:36.547+0000] {processor.py:809} INFO - DAG(s) dict_keys(['example_sla_dag']) retrieved from /home/airflow/.local/lib/python3.7/site-packages/airflow/example_dags/example_sla_dag.py
[2026-09-20T00:29:36.592+0000] {logging_mixin.py:149} INFO - [2026-09-20T00:29:36.592+0000] {dag.py:2726} INFO - Sync 1 DAGs
[2026-09-20T00:29:36.647+0000] {logging_mixin.py:149} INFO - [2026-09-20T00:29:36.647+0000] {dag.py:3490} INFO - Setting next_dagrun for example_sla_dag to 2026-09-20T00:26:00+00:00, run_after=2026-09-20T00:28:00+00:00
[2026-09-20T00:29:36.681+0000] {processor.py:178} INFO - Processing /home/airflow/.local/lib/python3.7/site-packages/airflow/example_dags/example_sla_dag.py took 0.161 seconds
[2026-09-20T00:30:07.655+0000] {processor.py:156} INFO - Started process (PID=23013) to work on /home/airflow/.local/lib/python3.7/site-packages/airflow/example_dags/example_sla_dag.py
[2026-09-20T00:30:07.656+0000] {processor.py:799} INFO - Processing file /home/airflow/.local/lib/python3.7/site-packages/airflow/example_dags/example_sla_dag.py for tasks to queue
[2026-09-20T00:30:07.657+0000] {logging_mixin.py:149} INFO - [2026-09-20T00:30:07.657+0000] {dagbag.py:541} INFO - Filling up the DagBag from /home/airflow/.local/lib/python3.7/site-packages/airflow/example_dags/example_sla_dag.py
[2026-09-20T00:30:07.671+0000] {processor.py:809} INFO - DAG(s) dict_keys(['example_sla_dag']) retrieved from /home/airflow/.local/lib/python3.7/site-packages/airflow/example_dags/example_sla_dag.py
[2026-09-20T00:30:07.714+0000] {logging_mixin.py:149} INFO - [2026-09-20T00:30:07.714+0000] {dag.py:2726} INFO - Sync 1 DAGs
[2026-09-20T00:30:07.762+0000] {logging_mixin.py:149} INFO - [2026-09-20T00:30:07.762+0000] {dag.py:3490} INFO - Setting next_dagrun for example_sla_dag to 2026-09-20T00:28:00+00:00, run_after=2026-09-20T00:30:00+00:00
[2026-09-20T00:30:07.794+0000] {processor.py:178} INFO - Processing /home/airflow/.local/lib/python3.7/site-packages/airflow/example_dags/example_sla_dag.py took 0.147 seconds
[2026-09-20T00:30:38.937+0000] {processor.py:156} INFO - Started process (PID=23069) to work on /home/airflow/.local/lib/python3.7/site-packages/airflow/example_dags/example_sla_dag.py
[2026-09-20T00:30:38.939+0000] {processor.py:799} INFO - Processing file /home/airflow/.local/lib/python3.7/site-packages/airflow/example_dags/example_sla_dag.py for tasks to queue
[2026-09-20T00:30:38.941+0000] {logging_mixin.py:149} INFO - [2026-09-20T00:30:38.940+0000] {dagbag.py:541} INFO - Filling up the DagBag from /home/airflow/.local/lib/python3.7/site-packages/airflow/example_dags/example_sla_dag.py
[2026-09-20T00:30:38.956+0000] {processor.py:809} INFO - DAG(s) dict_keys(['example_sla_dag']) retrieved from /home/airflow/.local/lib/python3.7/site-packages/airflow/example_dags/example_sla_dag.py
[2026-09-20T00:30:39.005+0000] {logging_mixin.py:149} INFO - [2026-09-20T00:30:39.005+0000] {dag.py:2726} INFO - Sync 1 DAGs
[2026-09-20T00:30:39.060+0000] {logging_mixin.py:149} INFO - [2026-09-20T00:30:39.060+0000] {dag.py:3490} INFO - Setting next_dagrun for example_sla_dag to 2026-09-20T00:28:00+00:00, run_after=2026-09-20T00:30:00+00:00
[2026-09-20T00:30:39.095+0000] {processor.py:178} INFO - Processing /home/airflow/.local/lib/python3.7/site-packages/airflow/example_dags/example_sla_dag.py took 0.165 seconds
[2026-09-20T00:31:09.418+0000] {processor.py:156} INFO - Started process (PID=23125) to work on /home/airflow/.local/lib/python3.7/site-packages/airflow/example_dags/example_sla_dag.py
[2026-09-20T00:31:09.420+0000] {processor.py:799} INFO - Processing file /home/airflow/.local/lib/python3.7/site-packages/airflow/example_dags/example_sla_dag.py for tasks to queue
[2026-09-20T00:31:09.421+0000] {logging_mixin.py:149} INFO - [2026-09-20T00:31:09.421+0000] {dagbag.py:541} INFO - Filling up the DagBag from /home/airflow/.local/lib/python3.7/site-packages/airflow/example_dags/example_sla_dag.py
[2026-09-20T00:31:09.440+0000] {processor.py:809} INFO - DAG(s) dict_keys(['example_sla_dag']) retrieved from /home/airflow/.local/lib/python3.7/site-packages/airflow/example_dags/example_sla_dag.py
[2026-09-20T00:31:09.488+0000] {logging_mixin.py:149} INFO - [2026-09-20T00:31:09.487+0000] {dag.py:2726} INFO - Sync 1 DAGs
[2026-09-20T00:31:09.539+0000] {logging_mixin.py:149} INFO - [2026-09-20T00:31:09.539+0000] {dag.py:3490} INFO - Setting next_dagrun for example_sla_dag to 2026-09-20T00:28:00+00:00, run_after=2026-09-20T00:30:00+00:00
[2026-09-20T00:31:09.577+0000] {processor.py:178} INFO - Processing /home/airflow/.local/lib/python3.7/site-packages/airflow/example_dags/example_sla_dag.py took 0.168 seconds
[2026-09-20T00:31:39.984+0000] {processor.py:156} INFO - Started process (PID=23181) to work on /home/airflow/.local/lib/python3.7/site-packages/airflow/example_dags/example_sla_dag.py
[2026-09-20T00:31:39.986+0000] {processor.py:799} INFO - Processing file /home/airflow/.local/lib/python3.7/site-packages/airflow/example_dags/example_sla_dag.py for tasks to queue
[2026-09-20T00:31:39.987+0000] {logging_mixin.py:149} INFO - [2026-09-20T00:31:39.987+0000] {dagbag.py:541} INFO - Filling up the DagBag from /home/airflow/.local/lib/python3.7/site-packages/airflow/example_dags/example_sla_dag.py
[2026-09-20T00:31:40.004+0000] {processor.py:809} INFO - DAG(s) dict_keys(['example_sla_dag']) retrieved from /home/airflow/.local/lib/python3.7/site-packages/airflow/example_dags/example_sla_dag.py
[2026-09-20T00:31:40.054+0000] {logging_mixin.py:149} INFO - [2026-09-20T00:31:40.054+0000] {dag.py:2726} INFO - Sync 1 DAGs
[2026-09-20T00:31:40.108+0000] {logging_mixin.py:149} INFO - [2026-09-20T00:31:40.108+0000] {dag.py:3490} INFO - Setting next_dagrun for example_sla_dag to 2026-09-20T00:28:00+00:00, run_after=2026-09-20T00:30:00+00:00
[2026-09-20T00:31:40.145+0000] {processor.py:178} INFO - Processing /home/airflow/.local/lib/python3.7/site-packages/airflow/example_dags/example_sla_dag.py took 0.168 seconds
[2026-09-20T00:32:11.605+0000] {processor.py:156} INFO - Started process (PID=23237) to work on /home/airflow/.local/lib/python3.7/site-packages/airflow/example_dags/example_sla_dag.py
[2026-09-20T00:32:11.606+0000] {processor.py:799} INFO - Processing file /home/airflow/.local/lib/python3.7/site-packages/airflow/example_dags/example_sla_dag.py for tasks to queue
[2026-09-20T00:32:11.608+0000] {logging_mixin.py:149} INFO - [2026-09-20T00:32:11.607+0000] {dagbag.py:541} INFO - Filling up the DagBag from /home/airflow/.local/lib/python3.7/site-packages/airflow/example_dags/example_sla_dag.py
[2026-09-20T00:32:11.631+0000] {processor.py:809} INFO - DAG(s) dict_keys(['example_sla_dag']) retrieved from /home/airflow/.local/lib/python3.7/site-packages/airflow/example_dags/example_sla_dag.py
[2026-09-20T00:32:11.706+0000] {logging_mixin.py:149} INFO - [2026-09-20T00:32:11.706+0000] {dag.py:2726} INFO - Sync 1 DAGs
[2026-09-20T00:32:11.777+0000] {logging_mixin.py:149} INFO - [2026-09-20T00:32:11.777+0000] {dag.py:3490} INFO - Setting next_dagrun for example_sla_dag to 2026-09-20T00:30:00+00:00, run_after=2026-09-20T00:32:00+00:00
[2026-09-20T00:32:11.837+0000] {processor.py:178} INFO - Processing /home/airflow/.local/lib/python3.7/site-packages/airflow/example_dags/example_sla_dag.py took 0.238 seconds
[2026-09-20T00:32:42.534+0000] {processor.py:156} INFO - Started process (PID=23293) to work on /home/airflow/.local/lib/python3.7/site-packages/airflow/example_dags/example_sla_dag.py
[2026-09-20T00:32:42.537+0000] {processor.py:799} INFO - Processing file /home/airflow/.local/lib/python3.7/site-packages/airflow/example_dags/example_sla_dag.py for tasks to queue
[2026-09-20T00:32:42.538+0000] {logging_mixin.py:149} INFO - [2026-09-20T00:32:42.537+0000] {dagbag.py:541} INFO - Filling up the DagBag from /home/airflow/.local/lib/python3.7/site-packages/airflow/example_dags/example_sla_dag.py
[2026-09-20T00:32:42.553+0000] {processor.py:809} INFO - DAG(s) dict_keys(['example_sla_dag']) retrieved from /home/airflow/.local/lib/python3.7/site-packages/airflow/example_dags/example_sla_dag.py
[2026-09-20T00:32:42.601+0000] {logging_mixin.py:149} INFO - [2026-09-20T00:32:42.601+0000] {dag.py:2726} INFO - Sync 1 DAGs
[2026-09-20T00:32:42.684+0000] {logging_mixin.py:149} INFO - [2026-09-20T00:32:42.684+0000] {dag.py:3490} INFO - Setting next_dagrun for example_sla_dag to 2026-09-20T00:30:00+00:00, run_after=2026-09-20T00:32:00+00:00
[2026-09-20T00:32:42.747+0000] {processor.py:178} INFO - Processing /home/airflow/.local/lib/python3.7/site-packages/airflow/example_dags/example_sla_dag.py took 0.220 seconds
[2026-09-20T00:33:13.071+0000] {processor.py:156} INFO - Started process (PID=23349) to work on /home/airflow/.local/lib/python3.7/site-packages/airflow/example_dags/example_sla_dag.py
[2026-09-20T00:33:13.072+0000] {processor.py:799} INFO - Processing file /home/airflow/.local/lib/python3.7/site-packages/airflow/example_dags/example_sla_dag.py for tasks to queue
[2026-09-20T00:33:13.073+0000] {logging_mixin.py:149} INFO - [2026-09-20T00:33:13.073+0000] {dagbag.py:541} INFO - Filling up the DagBag from /home/airflow/.local/lib/python3.7/site-packages/airflow/example_dags/example_sla_dag.py
[2026-09-20T00:33:13.088+0000] {processor.py:809} INFO - DAG(s) dict_keys(['example_sla_dag']) retrieved from /home/airflow/.local/lib/python3.7/site-packages/airflow/example_dags/example_sla_dag.py
[2026-09-20T00:33:13.142+0000] {logging_mixin.py:149} INFO - [2026-09-20T00:33:13.142+0000] {dag.py:2726} INFO - Sync 1 DAGs
[2026-09-20T00:33:13.200+0000] {logging_mixin.py:149} INFO - [2026-09-20T00:33:13.200+0000] {dag.py:3490} INFO - Setting next_dagrun for example_sla_dag to 2026-09-20T00:30:00+00:00, run_after=2026-09-20T00:32:00+00:00
[2026-09-20T00:33:13.239+0000] {processor.py:178} INFO - Processing /home/airflow/.local/lib/python3.7/site-packages/airflow/example_dags/example_sla_dag.py took 0.174 seconds
[2026-09-20T00:33:43.736+0000] {processor.py:156} INFO - Started process (PID=23404) to work on /home/airflow/.local/lib/python3.7/site-packages/airflow/example_dags/example_sla_dag.py
[2026-09-20T00:33:43.739+0000] {processor.py:799} INFO - Processing file /home/airflow/.local/lib/python3.7/site-packages/airflow/example_dags/example_sla_dag.py for tasks to queue
[2026-09-20T00:33:43.740+0000] {logging_mixin.py:149} INFO - [2026-09-20T00:33:43.740+0000] {dagbag.py:541} INFO - Filling up the DagBag from /home/airflow/.local/lib/python3.7/site-packages/airflow/example_dags/example_sla_dag.py
[2026-09-20T00:33:43.754+0000] {processor.py:809} INFO - DAG(s) dict_keys(['example_sla_dag']) retrieved from /home/airflow/.local/lib/python3.7/site-packages/airflow/example_dags/example_sla_dag.py
[2026-09-20T00:33:43.803+0000] {logging_mixin.py:149} INFO - [2026-09-20T00:33:43.802+0000] {dag.py:2726} INFO - Sync 1 DAGs
[2026-09-20T00:33:43.859+0000] {logging_mixin.py:149} INFO - [2026-09-20T00:33:43.858+0000] {dag.py:3490} INFO - Setting next_dagrun for example_sla_dag to 2026-09-20T00:30:00+00:00, run_after=2026-09-20T00:32:00+00:00
[2026-09-20T00:33:43.892+0000] {processor.py:178} INFO - Processing /home/airflow/.local/lib/python3.7/site-packages/airflow/example_dags/example_sla_dag.py took 0.162 seconds
[2026-09-20T00:45:23.108+0000] {processor.py:156} INFO - Started process (PID=106) to work on /home/airflow/.local/lib/python3.7/site-packages/airflow/example_dags/example_sla_dag.py
[2026-09-20T00:45:23.127+0000] {processor.py:799} INFO - Processing file /home/airflow/.local/lib/python3.7/site-packages/airflow/example_dags/example_sla_dag.py for tasks to queue
[2026-09-20T00:45:23.128+0000] {logging_mixin.py:149} INFO - [2026-09-20T00:45:23.128+0000] {dagbag.py:541} INFO - Filling up the DagBag from /home/airflow/.local/lib/python3.7/site-packages/airflow/example_dags/example_sla_dag.py
[2026-09-20T00:45:23.147+0000] {processor.py:809} INFO - DAG(s) dict_keys(['example_sla_dag']) retrieved from /home/airflow/.local/lib/python3.7/site-packages/airflow/example_dags/example_sla_dag.py
[2026-09-20T00:45:23.233+0000] {logging_mixin.py:149} INFO - [2026-09-20T00:45:23.233+0000] {dag.py:2726} INFO - Sync 1 DAGs
[2026-09-20T00:45:23.301+0000] {logging_mixin.py:149} INFO - [2026-09-20T00:45:23.301+0000] {dag.py:3490} INFO - Setting next_dagrun for example_sla_dag to 2026-09-20T00:42:00+00:00, run_after=2026-09-20T00:44:00+00:00
[2026-09-20T00:45:23.353+0000] {processor.py:178} INFO - Processing /home/airflow/.local/lib/python3.7/site-packages/airflow/example_dags/example_sla_dag.py took 0.267 seconds
[2026-09-20T00:45:53.875+0000] {processor.py:156} INFO - Started process (PID=162) to work on /home/airflow/.local/lib/python3.7/site-packages/airflow/example_dags/example_sla_dag.py
[2026-09-20T00:45:53.877+0000] {processor.py:799} INFO - Processing file /home/airflow/.local/lib/python3.7/site-packages/airflow/example_dags/example_sla_dag.py for tasks to queue
[2026-09-20T00:45:53.878+0000] {logging_mixin.py:149} INFO - [2026-09-20T00:45:53.878+0000] {dagbag.py:541} INFO - Filling up the DagBag from /home/airflow/.local/lib/python3.7/site-packages/airflow/example_dags/example_sla_dag.py
[2026-09-20T00:45:53.894+0000] {processor.py:809} INFO - DAG(s) dict_keys(['example_sla_dag']) retrieved from /home/airflow/.local/lib/python3.7/site-packages/airflow/example_dags/example_sla_dag.py
[2026-09-20T00:45:53.940+0000] {logging_mixin.py:149} INFO - [2026-09-20T00:45:53.940+0000] {dag.py:2726} INFO - Sync 1 DAGs
[2026-09-20T00:45:53.991+0000] {logging_mixin.py:149} INFO - [2026-09-20T00:45:53.990+0000] {dag.py:3490} INFO - Setting next_dagrun for example_sla_dag to 2026-09-20T00:42:00+00:00, run_after=2026-09-20T00:44:00+00:00
[2026-09-20T00:45:54.025+0000] {processor.py:178} INFO - Processing /home/airflow/.local/lib/python3.7/site-packages/airflow/example_dags/example_sla_dag.py took 0.155 seconds
[2026-09-20T00:46:25.003+0000] {processor.py:156} INFO - Started process (PID=218) to work on /home/airflow/.local/lib/python3.7/site-packages/airflow/example_dags/example_sla_dag.py
[2026-09-20T00:46:25.017+0000] {processor.py:799} INFO - Processing file /home/airflow/.local/lib/python3.7/site-packages/airflow/example_dags/example_sla_dag.py for tasks to queue
[2026-09-20T00:46:25.018+0000] {logging_mixin.py:149} INFO - [2026-09-20T00:46:25.018+0000] {dagbag.py:541} INFO - Filling up the DagBag from /home/airflow/.local/lib/python3.7/site-packages/airflow/example_dags/example_sla_dag.py
[2026-09-20T00:46:25.032+0000] {processor.py:809} INFO - DAG(s) dict_keys(['example_sla_dag']) retrieved from /home/airflow/.local/lib/python3.7/site-packages/airflow/example_dags/example_sla_dag.py
[2026-09-20T00:46:25.076+0000] {logging_mixin.py:149} INFO - [2026-09-20T00:46:25.075+0000] {dag.py:2726} INFO - Sync 1 DAGs
[2026-09-20T00:46:25.133+0000] {logging_mixin.py:149} INFO - [2026-09-20T00:46:25.133+0000] {dag.py:3490} INFO - Setting next_dagrun for example_sla_dag to 2026-09-20T00:44:00+00:00, run_after=2026-09-20T00:46:00+00:00
[2026-09-20T00:46:25.162+0000] {processor.py:178} INFO - Processing /home/airflow/.local/lib/python3.7/site-packages/airflow/example_dags/example_sla_dag.py took 0.165 seconds
[2026-09-20T00:46:55.930+0000] {processor.py:156} INFO - Started process (PID=274) to work on /home/airflow/.local/lib/python3.7/site-packages/airflow/example_dags/example_sla_dag.py
[2026-09-20T00:46:55.932+0000] {processor.py:799} INFO - Processing file /home/airflow/.local/lib/python3.7/site-packages/airflow/example_dags/example_sla_dag.py for tasks to queue
[2026-09-20T00:46:55.933+0000] {logging_mixin.py:149} INFO - [2026-09-20T00:46:55.933+0000] {dagbag.py:541} INFO - Filling up the DagBag from /home/airflow/.local/lib/python3.7/site-packages/airflow/example_dags/example_sla_dag.py
[2026-09-20T00:46:55.950+0000] {processor.py:809} INFO - DAG(s) dict_keys(['example_sla_dag']) retrieved from /home/airflow/.local/lib/python3.7/site-packages/airflow/example_dags/example_sla_dag.py
[2026-09-20T00:46:55.996+0000] {logging_mixin.py:149} INFO - [2026-09-20T00:46:55.996+0000] {dag.py:2726} INFO - Sync 1 DAGs
[2026-09-20T00:46:56.049+0000] {logging_mixin.py:149} INFO - [2026-09-20T00:46:56.048+0000] {dag.py:3490} INFO - Setting next_dagrun for example_sla_dag to 2026-09-20T00:44:00+00:00, run_after=2026-09-20T00:46:00+00:00
[2026-09-20T00:46:56.082+0000] {processor.py:178} INFO - Processing /home/airflow/.local/lib/python3.7/site-packages/airflow/example_dags/example_sla_dag.py took 0.158 seconds
[2026-09-20T00:47:26.899+0000] {processor.py:156} INFO - Started process (PID=330) to work on /home/airflow/.local/lib/python3.7/site-packages/airflow/example_dags/example_sla_dag.py
[2026-09-20T00:47:26.902+0000] {processor.py:799} INFO - Processing file /home/airflow/.local/lib/python3.7/site-packages/airflow/example_dags/example_sla_dag.py for tasks to queue
[2026-09-20T00:47:26.903+0000] {logging_mixin.py:149} INFO - [2026-09-20T00:47:26.903+0000] {dagbag.py:541} INFO - Filling up the DagBag from /home/airflow/.local/lib/python3.7/site-packages/airflow/example_dags/example_sla_dag.py
[2026-09-20T00:47:26.920+0000] {processor.py:809} INFO - DAG(s) dict_keys(['example_sla_dag']) retrieved from /home/airflow/.local/lib/python3.7/site-packages/airflow/example_dags/example_sla_dag.py
[2026-09-20T00:47:26.961+0000] {logging_mixin.py:149} INFO - [2026-09-20T00:47:26.961+0000] {dag.py:2726} INFO - Sync 1 DAGs
[2026-09-20T00:47:27.012+0000] {logging_mixin.py:149} INFO - [2026-09-20T00:47:27.012+0000] {dag.py:3490} INFO - Setting next_dagrun for example_sla_dag to 2026-09-20T00:44:00+00:00, run_after=2026-09-20T00:46:00+00:00
[2026-09-20T00:47:27.045+0000] {processor.py:178} INFO - Processing /home/airflow/.local/lib/python3.7/site-packages/airflow/example_dags/example_sla_dag.py took 0.152 seconds
[2026-09-20T19:33:17.250+0000] {processor.py:156} INFO - Started process (PID=79) to work on /home/airflow/.local/lib/python3.10/site-packages/airflow/example_dags/example_sla_dag.py
[2026-09-20T19:33:17.255+0000] {processor.py:799} INFO - Processing file /home/airflow/.local/lib/python3.10/site-packages/airflow/example_dags/example_sla_dag.py for tasks to queue
[2026-09-20T19:33:17.256+0000] {logging_mixin.py:149} INFO - [2026-09-20T19:33:17.256+0000] {dagbag.py:541} INFO - Filling up the DagBag from /home/airflow/.local/lib/python3.10/site-packages/airflow/example_dags/example_sla_dag.py
[2026-09-20T19:33:17.296+0000] {processor.py:809} INFO - DAG(s) dict_keys(['example_sla_dag']) retrieved from /home/airflow/.local/lib/python3.10/site-packages/airflow/example_dags/example_sla_dag.py
[2026-09-20T19:33:17.372+0000] {logging_mixin.py:149} INFO - [2026-09-20T19:33:17.372+0000] {dag.py:2726} INFO - Sync 1 DAGs
[2026-09-20T19:33:17.410+0000] {logging_mixin.py:149} INFO - [2026-09-20T19:33:17.409+0000] {dag.py:3486} INFO - Setting next_dagrun for example_sla_dag to 2026-09-20T19:30:00+00:00, run_after=2026-09-20T19:32:00+00:00
[2026-09-20T19:33:17.454+0000] {processor.py:178} INFO - Processing /home/airflow/.local/lib/python3.10/site-packages/airflow/example_dags/example_sla_dag.py took 0.216 seconds
[2026-09-20T19:33:47.538+0000] {processor.py:156} INFO - Started process (PID=137) to work on /home/airflow/.local/lib/python3.10/site-packages/airflow/example_dags/example_sla_dag.py
[2026-09-20T19:33:47.541+0000] {processor.py:799} INFO - Processing file /home/airflow/.local/lib/python3.10/site-packages/airflow/example_dags/example_sla_dag.py for tasks to queue
[2026-09-20T19:33:47.542+0000] {logging_mixin.py:149} INFO - [2026-09-20T19:33:47.541+0000] {dagbag.py:541} INFO - Filling up the DagBag from /home/airflow/.local/lib/python3.10/site-packages/airflow/example_dags/example_sla_dag.py
[2026-09-20T19:33:47.555+0000] {processor.py:809} INFO - DAG(s) dict_keys(['example_sla_dag']) retrieved from /home/airflow/.local/lib/python3.10/site-packages/airflow/example_dags/example_sla_dag.py
[2026-09-20T19:33:47.599+0000] {logging_mixin.py:149} INFO - [2026-09-20T19:33:47.599+0000] {dag.py:2726} INFO - Sync 1 DAGs
[2026-09-20T19:33:47.652+0000] {logging_mixin.py:149} INFO - [2026-09-20T19:33:47.652+0000] {dag.py:3486} INFO - Setting next_dagrun for example_sla_dag to 2026-09-20T19:30:00+00:00, run_after=2026-09-20T19:32:00+00:00
[2026-09-20T19:33:47.680+0000] {processor.py:178} INFO - Processing /home/airflow/.local/lib/python3.10/site-packages/airflow/example_dags/example_sla_dag.py took 0.148 seconds
[2026-09-20T19:34:18.226+0000] {processor.py:156} INFO - Started process (PID=195) to work on /home/airflow/.local/lib/python3.10/site-packages/airflow/example_dags/example_sla_dag.py
[2026-09-20T19:34:18.234+0000] {processor.py:799} INFO - Processing file /home/airflow/.local/lib/python3.10/site-packages/airflow/example_dags/example_sla_dag.py for tasks to queue
[2026-09-20T19:34:18.237+0000] {logging_mixin.py:149} INFO - [2026-09-20T19:34:18.237+0000] {dagbag.py:541} INFO - Filling up the DagBag from /home/airflow/.local/lib/python3.10/site-packages/airflow/example_dags/example_sla_dag.py
[2026-09-20T19:34:18.249+0000] {processor.py:809} INFO - DAG(s) dict_keys(['example_sla_dag']) retrieved from /home/airflow/.local/lib/python3.10/site-packages/airflow/example_dags/example_sla_dag.py
[2026-09-20T19:34:18.292+0000] {logging_mixin.py:149} INFO - [2026-09-20T19:34:18.291+0000] {dag.py:2726} INFO - Sync 1 DAGs
[2026-09-20T19:34:18.336+0000] {logging_mixin.py:149} INFO - [2026-09-20T19:34:18.336+0000] {dag.py:3486} INFO - Setting next_dagrun for example_sla_dag to 2026-09-20T19:32:00+00:00, run_after=2026-09-20T19:34:00+00:00
[2026-09-20T19:34:18.368+0000] {processor.py:178} INFO - Processing /home/airflow/.local/lib/python3.10/site-packages/airflow/example_dags/example_sla_dag.py took 0.147 seconds
[2026-09-20T19:34:49.097+0000] {processor.py:156} INFO - Started process (PID=253) to work on /home/airflow/.local/lib/python3.10/site-packages/airflow/example_dags/example_sla_dag.py
[2026-09-20T19:34:49.104+0000] {processor.py:799} INFO - Processing file /home/airflow/.local/lib/python3.10/site-packages/airflow/example_dags/example_sla_dag.py for tasks to queue
[2026-09-20T19:34:49.106+0000] {logging_mixin.py:149} INFO - [2026-09-20T19:34:49.105+0000] {dagbag.py:541} INFO - Filling up the DagBag from /home/airflow/.local/lib/python3.10/site-packages/airflow/example_dags/example_sla_dag.py
[2026-09-20T19:34:49.121+0000] {processor.py:809} INFO - DAG(s) dict_keys(['example_sla_dag']) retrieved from /home/airflow/.local/lib/python3.10/site-packages/airflow/example_dags/example_sla_dag.py
[2026-09-20T19:34:49.161+0000] {logging_mixin.py:149} INFO - [2026-09-20T19:34:49.161+0000] {dag.py:2726} INFO - Sync 1 DAGs
[2026-09-20T19:34:49.203+0000] {logging_mixin.py:149} INFO - [2026-09-20T19:34:49.203+0000] {dag.py:3486} INFO - Setting next_dagrun for example_sla_dag to 2026-09-20T19:32:00+00:00, run_after=2026-09-20T19:34:00+00:00
[2026-09-20T19:34:49.230+0000] {processor.py:178} INFO - Processing /home/airflow/.local/lib/python3.10/site-packages/airflow/example_dags/example_sla_dag.py took 0.140 seconds
[2026-09-20T19:35:20.547+0000] {processor.py:156} INFO - Started process (PID=311) to work on /home/airflow/.local/lib/python3.10/site-packages/airflow/example_dags/example_sla_dag.py
[2026-09-20T19:35:20.549+0000] {processor.py:799} INFO - Processing file /home/airflow/.local/lib/python3.10/site-packages/airflow/example_dags/example_sla_dag.py for tasks to queue
[2026-09-20T19:35:20.550+0000] {logging_mixin.py:149} INFO - [2026-09-20T19:35:20.549+0000] {dagbag.py:541} INFO - Filling up the DagBag from /home/airflow/.local/lib/python3.10/site-packages/airflow/example_dags/example_sla_dag.py
[2026-09-20T19:35:20.565+0000] {processor.py:809} INFO - DAG(s) dict_keys(['example_sla_dag']) retrieved from /home/airflow/.local/lib/python3.10/site-packages/airflow/example_dags/example_sla_dag.py
[2026-09-20T19:35:20.607+0000] {logging_mixin.py:149} INFO - [2026-09-20T19:35:20.606+0000] {dag.py:2726} INFO - Sync 1 DAGs
[2026-09-20T19:35:20.646+0000] {logging_mixin.py:149} INFO - [2026-09-20T19:35:20.646+0000] {dag.py:3486} INFO - Setting next_dagrun for example_sla_dag to 2026-09-20T19:32:00+00:00, run_after=2026-09-20T19:34:00+00:00
[2026-09-20T19:35:20.675+0000] {processor.py:178} INFO - Processing /home/airflow/.local/lib/python3.10/site-packages/airflow/example_dags/example_sla_dag.py took 0.136 seconds
[2026-09-20T19:35:52.017+0000] {processor.py:156} INFO - Started process (PID=369) to work on /home/airflow/.local/lib/python3.10/site-packages/airflow/example_dags/example_sla_dag.py
[2026-09-20T19:35:52.019+0000] {processor.py:799} INFO - Processing file /home/airflow/.local/lib/python3.10/site-packages/airflow/example_dags/example_sla_dag.py for tasks to queue
[2026-09-20T19:35:52.020+0000] {logging_mixin.py:149} INFO - [2026-09-20T19:35:52.020+0000] {dagbag.py:541} INFO - Filling up the DagBag from /home/airflow/.local/lib/python3.10/site-packages/airflow/example_dags/example_sla_dag.py
[2026-09-20T19:35:52.036+0000] {processor.py:809} INFO - DAG(s) dict_keys(['example_sla_dag']) retrieved from /home/airflow/.local/lib/python3.10/site-packages/airflow/example_dags/example_sla_dag.py
[2026-09-20T19:35:52.080+0000] {logging_mixin.py:149} INFO - [2026-09-20T19:35:52.080+0000] {dag.py:2726} INFO - Sync 1 DAGs
[2026-09-20T19:35:52.122+0000] {logging_mixin.py:149} INFO - [2026-09-20T19:35:52.121+0000] {dag.py:3486} INFO - Setting next_dagrun for example_sla_dag to 2026-09-20T19:32:00+00:00, run_after=2026-09-20T19:34:00+00:00
[2026-09-20T19:35:52.149+0000] {processor.py:178} INFO - Processing /home/airflow/.local/lib/python3.10/site-packages/airflow/example_dags/example_sla_dag.py took 0.137 seconds
[2026-09-20T19:36:23.417+0000] {processor.py:156} INFO - Started process (PID=427) to work on /home/airflow/.local/lib/python3.10/site-packages/airflow/example_dags/example_sla_dag.py
[2026-09-20T19:36:23.419+0000] {processor.py:799} INFO - Processing file /home/airflow/.local/lib/python3.10/site-packages/airflow/example_dags/example_sla_dag.py for tasks to queue
[2026-09-20T19:36:23.420+0000] {logging_mixin.py:149} INFO - [2026-09-20T19:36:23.420+0000] {dagbag.py:541} INFO - Filling up the DagBag from /home/airflow/.local/lib/python3.10/site-packages/airflow/example_dags/example_sla_dag.py
[2026-09-20T19:36:23.437+0000] {processor.py:809} INFO - DAG(s) dict_keys(['example_sla_dag']) retrieved from /home/airflow/.local/lib/python3.10/site-packages/airflow/example_dags/example_sla_dag.py
[2026-09-20T19:36:23.487+0000] {logging_mixin.py:149} INFO - [2026-09-20T19:36:23.487+0000] {dag.py:2726} INFO - Sync 1 DAGs
[2026-09-20T19:36:23.527+0000] {logging_mixin.py:149} INFO - [2026-09-20T19:36:23.527+0000] {dag.py:3486} INFO - Setting next_dagrun for example_sla_dag to 2026-09-20T19:34:00+00:00, run_after=2026-09-20T19:36:00+00:00
[2026-09-20T19:36:23.556+0000] {processor.py:178} INFO - Processing /home/airflow/.local/lib/python3.10/site-packages/airflow/example_dags/example_sla_dag.py took 0.146 seconds
[2026-09-20T19:36:54.743+0000] {processor.py:156} INFO - Started process (PID=485) to work on /home/airflow/.local/lib/python3.10/site-packages/airflow/example_dags/example_sla_dag.py
[2026-09-20T19:36:54.747+0000] {processor.py:799} INFO - Processing file /home/airflow/.local/lib/python3.10/site-packages/airflow/example_dags/example_sla_dag.py for tasks to queue
[2026-09-20T19:36:54.748+0000] {logging_mixin.py:149} INFO - [2026-09-20T19:36:54.747+0000] {dagbag.py:541} INFO - Filling up the DagBag from /home/airflow/.local/lib/python3.10/site-packages/airflow/example_dags/example_sla_dag.py
[2026-09-20T19:36:54.762+0000] {processor.py:809} INFO - DAG(s) dict_keys(['example_sla_dag']) retrieved from /home/airflow/.local/lib/python3.10/site-packages/airflow/example_dags/example_sla_dag.py
[2026-09-20T19:36:54.797+0000] {logging_mixin.py:149} INFO - [2026-09-20T19:36:54.797+0000] {dag.py:2726} INFO - Sync 1 DAGs
[2026-09-20T19:36:54.838+0000] {logging_mixin.py:149} INFO - [2026-09-20T19:36:54.838+0000] {dag.py:3486} INFO - Setting next_dagrun for example_sla_dag to 2026-09-20T19:34:00+00:00, run_after=2026-09-20T19:36:00+00:00
[2026-09-20T19:36:54.865+0000] {processor.py:178} INFO - Processing /home/airflow/.local/lib/python3.10/site-packages/airflow/example_dags/example_sla_dag.py took 0.128 seconds
[2026-09-20T19:37:26.425+0000] {processor.py:156} INFO - Started process (PID=543) to work on /home/airflow/.local/lib/python3.10/site-packages/airflow/example_dags/example_sla_dag.py
[2026-09-20T19:37:26.430+0000] {processor.py:799} INFO - Processing file /home/airflow/.local/lib/python3.10/site-packages/airflow/example_dags/example_sla_dag.py for tasks to queue
[2026-09-20T19:37:26.431+0000] {logging_mixin.py:149} INFO - [2026-09-20T19:37:26.430+0000] {dagbag.py:541} INFO - Filling up the DagBag from /home/airflow/.local/lib/python3.10/site-packages/airflow/example_dags/example_sla_dag.py
[2026-09-20T19:37:26.444+0000] {processor.py:809} INFO - DAG(s) dict_keys(['example_sla_dag']) retrieved from /home/airflow/.local/lib/python3.10/site-packages/airflow/example_dags/example_sla_dag.py
[2026-09-20T19:37:26.482+0000] {logging_mixin.py:149} INFO - [2026-09-20T19:37:26.482+0000] {dag.py:2726} INFO - Sync 1 DAGs
[2026-09-20T19:37:26.526+0000] {logging_mixin.py:149} INFO - [2026-09-20T19:37:26.525+0000] {dag.py:3486} INFO - Setting next_dagrun for example_sla_dag to 2026-09-20T19:34:00+00:00, run_after=2026-09-20T19:36:00+00:00
[2026-09-20T19:37:26.554+0000] {processor.py:178} INFO - Processing /home/airflow/.local/lib/python3.10/site-packages/airflow/example_dags/example_sla_dag.py took 0.134 seconds
[2026-09-20T19:37:57.873+0000] {processor.py:156} INFO - Started process (PID=602) to work on /home/airflow/.local/lib/python3.10/site-packages/airflow/example_dags/example_sla_dag.py
[2026-09-20T19:37:57.876+0000] {processor.py:799} INFO - Processing file /home/airflow/.local/lib/python3.10/site-packages/airflow/example_dags/example_sla_dag.py for tasks to queue
[2026-09-20T19:37:57.877+0000] {logging_mixin.py:149} INFO - [2026-09-20T19:37:57.876+0000] {dagbag.py:541} INFO - Filling up the DagBag from /home/airflow/.local/lib/python3.10/site-packages/airflow/example_dags/example_sla_dag.py
[2026-09-20T19:37:57.890+0000] {processor.py:809} INFO - DAG(s) dict_keys(['example_sla_dag']) retrieved from /home/airflow/.local/lib/python3.10/site-packages/airflow/example_dags/example_sla_dag.py
[2026-09-20T19:37:57.930+0000] {logging_mixin.py:149} INFO - [2026-09-20T19:37:57.930+0000] {dag.py:2726} INFO - Sync 1 DAGs
[2026-09-20T19:37:57.969+0000] {logging_mixin.py:149} INFO - [2026-09-20T19:37:57.968+0000] {dag.py:3486} INFO - Setting next_dagrun for example_sla_dag to 2026-09-20T19:34:00+00:00, run_after=2026-09-20T19:36:00+00:00
[2026-09-20T19:37:57.999+0000] {processor.py:178} INFO - Processing /home/airflow/.local/lib/python3.10/site-packages/airflow/example_dags/example_sla_dag.py took 0.132 seconds
[2026-09-20T19:38:29.014+0000] {processor.py:156} INFO - Started process (PID=659) to work on /home/airflow/.local/lib/python3.10/site-packages/airflow/example_dags/example_sla_dag.py
[2026-09-20T19:38:29.016+0000] {processor.py:799} INFO - Processing file /home/airflow/.local/lib/python3.10/site-packages/airflow/example_dags/example_sla_dag.py for tasks to queue
[2026-09-20T19:38:29.017+0000] {logging_mixin.py:149} INFO - [2026-09-20T19:38:29.017+0000] {dagbag.py:541} INFO - Filling up the DagBag from /home/airflow/.local/lib/python3.10/site-packages/airflow/example_dags/example_sla_dag.py
[2026-09-20T19:38:29.031+0000] {processor.py:809} INFO - DAG(s) dict_keys(['example_sla_dag']) retrieved from /home/airflow/.local/lib/python3.10/site-packages/airflow/example_dags/example_sla_dag.py
[2026-09-20T19:38:29.072+0000] {logging_mixin.py:149} INFO - [2026-09-20T19:38:29.072+0000] {dag.py:2726} INFO - Sync 1 DAGs
[2026-09-20T19:38:29.109+0000] {logging_mixin.py:149} INFO - [2026-09-20T19:38:29.109+0000] {dag.py:3486} INFO - Setting next_dagrun for example_sla_dag to 2026-09-20T19:36:00+00:00, run_after=2026-09-20T19:38:00+00:00
[2026-09-20T19:38:29.131+0000] {processor.py:178} INFO - Processing /home/airflow/.local/lib/python3.10/site-packages/airflow/example_dags/example_sla_dag.py took 0.124 seconds
[2026-09-20T20:12:59.856+0000] {processor.py:156} INFO - Started process (PID=81) to work on /home/airflow/.local/lib/python3.10/site-packages/airflow/example_dags/example_sla_dag.py
[2026-09-20T20:12:59.858+0000] {processor.py:799} INFO - Processing file /home/airflow/.local/lib/python3.10/site-packages/airflow/example_dags/example_sla_dag.py for tasks to queue
[2026-09-20T20:12:59.859+0000] {logging_mixin.py:149} INFO - [2026-09-20T20:12:59.859+0000] {dagbag.py:541} INFO - Filling up the DagBag from /home/airflow/.local/lib/python3.10/site-packages/airflow/example_dags/example_sla_dag.py
[2026-09-20T20:12:59.878+0000] {processor.py:809} INFO - DAG(s) dict_keys(['example_sla_dag']) retrieved from /home/airflow/.local/lib/python3.10/site-packages/airflow/example_dags/example_sla_dag.py
[2026-09-20T20:12:59.950+0000] {logging_mixin.py:149} INFO - [2026-09-20T20:12:59.950+0000] {dag.py:2726} INFO - Sync 1 DAGs
[2026-09-20T20:13:00.001+0000] {logging_mixin.py:149} INFO - [2026-09-20T20:13:00.000+0000] {dag.py:3486} INFO - Setting next_dagrun for example_sla_dag to 2026-09-20T20:10:00+00:00, run_after=2026-09-20T20:12:00+00:00
[2026-09-20T20:13:00.024+0000] {processor.py:178} INFO - Processing /home/airflow/.local/lib/python3.10/site-packages/airflow/example_dags/example_sla_dag.py took 0.184 seconds
[2026-09-20T20:13:30.661+0000] {processor.py:156} INFO - Started process (PID=139) to work on /home/airflow/.local/lib/python3.10/site-packages/airflow/example_dags/example_sla_dag.py
[2026-09-20T20:13:30.663+0000] {processor.py:799} INFO - Processing file /home/airflow/.local/lib/python3.10/site-packages/airflow/example_dags/example_sla_dag.py for tasks to queue
[2026-09-20T20:13:30.664+0000] {logging_mixin.py:149} INFO - [2026-09-20T20:13:30.664+0000] {dagbag.py:541} INFO - Filling up the DagBag from /home/airflow/.local/lib/python3.10/site-packages/airflow/example_dags/example_sla_dag.py
[2026-09-20T20:13:30.679+0000] {processor.py:809} INFO - DAG(s) dict_keys(['example_sla_dag']) retrieved from /home/airflow/.local/lib/python3.10/site-packages/airflow/example_dags/example_sla_dag.py
[2026-09-20T20:13:30.731+0000] {logging_mixin.py:149} INFO - [2026-09-20T20:13:30.731+0000] {dag.py:2726} INFO - Sync 1 DAGs
[2026-09-20T20:13:30.776+0000] {logging_mixin.py:149} INFO - [2026-09-20T20:13:30.776+0000] {dag.py:3486} INFO - Setting next_dagrun for example_sla_dag to 2026-09-20T20:10:00+00:00, run_after=2026-09-20T20:12:00+00:00
[2026-09-20T20:13:30.802+0000] {processor.py:178} INFO - Processing /home/airflow/.local/lib/python3.10/site-packages/airflow/example_dags/example_sla_dag.py took 0.147 seconds
[2026-09-20T20:14:01.918+0000] {processor.py:156} INFO - Started process (PID=197) to work on /home/airflow/.local/lib/python3.10/site-packages/airflow/example_dags/example_sla_dag.py
[2026-09-20T20:14:01.920+0000] {processor.py:799} INFO - Processing file /home/airflow/.local/lib/python3.10/site-packages/airflow/example_dags/example_sla_dag.py for tasks to queue
[2026-09-20T20:14:01.921+0000] {logging_mixin.py:149} INFO - [2026-09-20T20:14:01.921+0000] {dagbag.py:541} INFO - Filling up the DagBag from /home/airflow/.local/lib/python3.10/site-packages/airflow/example_dags/example_sla_dag.py
[2026-09-20T20:14:01.935+0000] {processor.py:809} INFO - DAG(s) dict_keys(['example_sla_dag']) retrieved from /home/airflow/.local/lib/python3.10/site-packages/airflow/example_dags/example_sla_dag.py
[2026-09-20T20:14:01.975+0000] {logging_mixin.py:149} INFO - [2026-09-20T20:14:01.974+0000] {dag.py:2726} INFO - Sync 1 DAGs
[2026-09-20T20:14:02.013+0000] {logging_mixin.py:149} INFO - [2026-09-20T20:14:02.013+0000] {dag.py:3486} INFO - Setting next_dagrun for example_sla_dag to 2026-09-20T20:12:00+00:00, run_after=2026-09-20T20:14:00+00:00
[2026-09-20T20:14:02.036+0000] {processor.py:178} INFO - Processing /home/airflow/.local/lib/python3.10/site-packages/airflow/example_dags/example_sla_dag.py took 0.126 seconds
[2026-09-20T20:14:33.666+0000] {processor.py:156} INFO - Started process (PID=255) to work on /home/airflow/.local/lib/python3.10/site-packages/airflow/example_dags/example_sla_dag.py
[2026-09-20T20:14:33.668+0000] {processor.py:799} INFO - Processing file /home/airflow/.local/lib/python3.10/site-packages/airflow/example_dags/example_sla_dag.py for tasks to queue
[2026-09-20T20:14:33.669+0000] {logging_mixin.py:149} INFO - [2026-09-20T20:14:33.669+0000] {dagbag.py:541} INFO - Filling up the DagBag from /home/airflow/.local/lib/python3.10/site-packages/airflow/example_dags/example_sla_dag.py
[2026-09-20T20:14:33.685+0000] {processor.py:809} INFO - DAG(s) dict_keys(['example_sla_dag']) retrieved from /home/airflow/.local/lib/python3.10/site-packages/airflow/example_dags/example_sla_dag.py
[2026-09-20T20:14:33.731+0000] {logging_mixin.py:149} INFO - [2026-09-20T20:14:33.731+0000] {dag.py:2726} INFO - Sync 1 DAGs
[2026-09-20T20:14:33.772+0000] {logging_mixin.py:149} INFO - [2026-09-20T20:14:33.772+0000] {dag.py:3486} INFO - Setting next_dagrun for example_sla_dag to 2026-09-20T20:12:00+00:00, run_after=2026-09-20T20:14:00+00:00
[2026-09-20T20:14:33.800+0000] {processor.py:178} INFO - Processing /home/airflow/.local/lib/python3.10/site-packages/airflow/example_dags/example_sla_dag.py took 0.141 seconds
[2026-09-20T20:15:04.275+0000] {processor.py:156} INFO - Started process (PID=313) to work on /home/airflow/.local/lib/python3.10/site-packages/airflow/example_dags/example_sla_dag.py
[2026-09-20T20:15:04.279+0000] {processor.py:799} INFO - Processing file /home/airflow/.local/lib/python3.10/site-packages/airflow/example_dags/example_sla_dag.py for tasks to queue
[2026-09-20T20:15:04.280+0000] {logging_mixin.py:149} INFO - [2026-09-20T20:15:04.280+0000] {dagbag.py:541} INFO - Filling up the DagBag from /home/airflow/.local/lib/python3.10/site-packages/airflow/example_dags/example_sla_dag.py
[2026-09-20T20:15:04.294+0000] {processor.py:809} INFO - DAG(s) dict_keys(['example_sla_dag']) retrieved from /home/airflow/.local/lib/python3.10/site-packages/airflow/example_dags/example_sla_dag.py
[2026-09-20T20:15:04.337+0000] {logging_mixin.py:149} INFO - [2026-09-20T20:15:04.336+0000] {dag.py:2726} INFO - Sync 1 DAGs
[2026-09-20T20:15:04.387+0000] {logging_mixin.py:149} INFO - [2026-09-20T20:15:04.387+0000] {dag.py:3486} INFO - Setting next_dagrun for example_sla_dag to 2026-09-20T20:12:00+00:00, run_after=2026-09-20T20:14:00+00:00
[2026-09-20T20:15:04.421+0000] {processor.py:178} INFO - Processing /home/airflow/.local/lib/python3.10/site-packages/airflow/example_dags/example_sla_dag.py took 0.153 seconds
[2026-09-20T20:15:35.891+0000] {processor.py:156} INFO - Started process (PID=371) to work on /home/airflow/.local/lib/python3.10/site-packages/airflow/example_dags/example_sla_dag.py
[2026-09-20T20:15:35.892+0000] {processor.py:799} INFO - Processing file /home/airflow/.local/lib/python3.10/site-packages/airflow/example_dags/example_sla_dag.py for tasks to queue
[2026-09-20T20:15:35.893+0000] {logging_mixin.py:149} INFO - [2026-09-20T20:15:35.893+0000] {dagbag.py:541} INFO - Filling up the DagBag from /home/airflow/.local/lib/python3.10/site-packages/airflow/example_dags/example_sla_dag.py
[2026-09-20T20:15:35.907+0000] {processor.py:809} INFO - DAG(s) dict_keys(['example_sla_dag']) retrieved from /home/airflow/.local/lib/python3.10/site-packages/airflow/example_dags/example_sla_dag.py
[2026-09-20T20:15:35.950+0000] {logging_mixin.py:149} INFO - [2026-09-20T20:15:35.949+0000] {dag.py:2726} INFO - Sync 1 DAGs
[2026-09-20T20:15:35.988+0000] {logging_mixin.py:149} INFO - [2026-09-20T20:15:35.987+0000] {dag.py:3486} INFO - Setting next_dagrun for example_sla_dag to 2026-09-20T20:12:00+00:00, run_after=2026-09-20T20:14:00+00:00
[2026-09-20T20:15:36.018+0000] {processor.py:178} INFO - Processing /home/airflow/.local/lib/python3.10/site-packages/airflow/example_dags/example_sla_dag.py took 0.132 seconds
[2026-09-20T20:16:07.218+0000] {processor.py:156} INFO - Started process (PID=429) to work on /home/airflow/.local/lib/python3.10/site-packages/airflow/example_dags/example_sla_dag.py
[2026-09-20T20:16:07.224+0000] {processor.py:799} INFO - Processing file /home/airflow/.local/lib/python3.10/site-packages/airflow/example_dags/example_sla_dag.py for tasks to queue
[2026-09-20T20:16:07.225+0000] {logging_mixin.py:149} INFO - [2026-09-20T20:16:07.225+0000] {dagbag.py:541} INFO - Filling up the DagBag from /home/airflow/.local/lib/python3.10/site-packages/airflow/example_dags/example_sla_dag.py
[2026-09-20T20:16:07.247+0000] {processor.py:809} INFO - DAG(s) dict_keys(['example_sla_dag']) retrieved from /home/airflow/.local/lib/python3.10/site-packages/airflow/example_dags/example_sla_dag.py
[2026-09-20T20:16:07.295+0000] {logging_mixin.py:149} INFO - [2026-09-20T20:16:07.295+0000] {dag.py:2726} INFO - Sync 1 DAGs
[2026-09-20T20:16:07.335+0000] {logging_mixin.py:149} INFO - [2026-09-20T20:16:07.335+0000] {dag.py:3486} INFO - Setting next_dagrun for example_sla_dag to 2026-09-20T20:14:00+00:00, run_after=2026-09-20T20:16:00+00:00
[2026-09-20T20:16:07.364+0000] {processor.py:178} INFO - Processing /home/airflow/.local/lib/python3.10/site-packages/airflow/example_dags/example_sla_dag.py took 0.153 seconds
[2026-09-20T20:16:38.796+0000] {processor.py:156} INFO - Started process (PID=487) to work on /home/airflow/.local/lib/python3.10/site-packages/airflow/example_dags/example_sla_dag.py
[2026-09-20T20:16:38.799+0000] {processor.py:799} INFO - Processing file /home/airflow/.local/lib/python3.10/site-packages/airflow/example_dags/example_sla_dag.py for tasks to queue
[2026-09-20T20:16:38.800+0000] {logging_mixin.py:149} INFO - [2026-09-20T20:16:38.800+0000] {dagbag.py:541} INFO - Filling up the DagBag from /home/airflow/.local/lib/python3.10/site-packages/airflow/example_dags/example_sla_dag.py
[2026-09-20T20:16:38.817+0000] {processor.py:809} INFO - DAG(s) dict_keys(['example_sla_dag']) retrieved from /home/airflow/.local/lib/python3.10/site-packages/airflow/example_dags/example_sla_dag.py
[2026-09-20T20:16:38.879+0000] {logging_mixin.py:149} INFO - [2026-09-20T20:16:38.878+0000] {dag.py:2726} INFO - Sync 1 DAGs
[2026-09-20T20:16:38.946+0000] {logging_mixin.py:149} INFO - [2026-09-20T20:16:38.946+0000] {dag.py:3486} INFO - Setting next_dagrun for example_sla_dag to 2026-09-20T20:14:00+00:00, run_after=2026-09-20T20:16:00+00:00
[2026-09-20T20:16:38.969+0000] {processor.py:178} INFO - Processing /home/airflow/.local/lib/python3.10/site-packages/airflow/example_dags/example_sla_dag.py took 0.179 seconds
[2026-09-20T20:17:10.266+0000] {processor.py:156} INFO - Started process (PID=545) to work on /home/airflow/.local/lib/python3.10/site-packages/airflow/example_dags/example_sla_dag.py
[2026-09-20T20:17:10.268+0000] {processor.py:799} INFO - Processing file /home/airflow/.local/lib/python3.10/site-packages/airflow/example_dags/example_sla_dag.py for tasks to queue
[2026-09-20T20:17:10.269+0000] {logging_mixin.py:149} INFO - [2026-09-20T20:17:10.268+0000] {dagbag.py:541} INFO - Filling up the DagBag from /home/airflow/.local/lib/python3.10/site-packages/airflow/example_dags/example_sla_dag.py
[2026-09-20T20:17:10.283+0000] {processor.py:809} INFO - DAG(s) dict_keys(['example_sla_dag']) retrieved from /home/airflow/.local/lib/python3.10/site-packages/airflow/example_dags/example_sla_dag.py
[2026-09-20T20:17:10.331+0000] {logging_mixin.py:149} INFO - [2026-09-20T20:17:10.331+0000] {dag.py:2726} INFO - Sync 1 DAGs
[2026-09-20T20:17:10.372+0000] {logging_mixin.py:149} INFO - [2026-09-20T20:17:10.372+0000] {dag.py:3486} INFO - Setting next_dagrun for example_sla_dag to 2026-09-20T20:14:00+00:00, run_after=2026-09-20T20:16:00+00:00
[2026-09-20T20:17:10.400+0000] {processor.py:178} INFO - Processing /home/airflow/.local/lib/python3.10/site-packages/airflow/example_dags/example_sla_dag.py took 0.140 seconds
[2026-09-20T20:17:41.661+0000] {processor.py:156} INFO - Started process (PID=603) to work on /home/airflow/.local/lib/python3.10/site-packages/airflow/example_dags/example_sla_dag.py
[2026-09-20T20:17:41.663+0000] {processor.py:799} INFO - Processing file /home/airflow/.local/lib/python3.10/site-packages/airflow/example_dags/example_sla_dag.py for tasks to queue
[2026-09-20T20:17:41.664+0000] {logging_mixin.py:149} INFO - [2026-09-20T20:17:41.664+0000] {dagbag.py:541} INFO - Filling up the DagBag from /home/airflow/.local/lib/python3.10/site-packages/airflow/example_dags/example_sla_dag.py
[2026-09-20T20:17:41.683+0000] {processor.py:809} INFO - DAG(s) dict_keys(['example_sla_dag']) retrieved from /home/airflow/.local/lib/python3.10/site-packages/airflow/example_dags/example_sla_dag.py
[2026-09-20T20:17:41.732+0000] {logging_mixin.py:149} INFO - [2026-09-20T20:17:41.732+0000] {dag.py:2726} INFO - Sync 1 DAGs
[2026-09-20T20:17:41.771+0000] {logging_mixin.py:149} INFO - [2026-09-20T20:17:41.771+0000] {dag.py:3486} INFO - Setting next_dagrun for example_sla_dag to 2026-09-20T20:14:00+00:00, run_after=2026-09-20T20:16:00+00:00
[2026-09-20T20:17:41.796+0000] {processor.py:178} INFO - Processing /home/airflow/.local/lib/python3.10/site-packages/airflow/example_dags/example_sla_dag.py took 0.144 seconds
[2026-09-20T20:18:13.204+0000] {processor.py:156} INFO - Started process (PID=661) to work on /home/airflow/.local/lib/python3.10/site-packages/airflow/example_dags/example_sla_dag.py
[2026-09-20T20:18:13.206+0000] {processor.py:799} INFO - Processing file /home/airflow/.local/lib/python3.10/site-packages/airflow/example_dags/example_sla_dag.py for tasks to queue
[2026-09-20T20:18:13.207+0000] {logging_mixin.py:149} INFO - [2026-09-20T20:18:13.207+0000] {dagbag.py:541} INFO - Filling up the DagBag from /home/airflow/.local/lib/python3.10/site-packages/airflow/example_dags/example_sla_dag.py
[2026-09-20T20:18:13.221+0000] {processor.py:809} INFO - DAG(s) dict_keys(['example_sla_dag']) retrieved from /home/airflow/.local/lib/python3.10/site-packages/airflow/example_dags/example_sla_dag.py
[2026-09-20T20:18:13.265+0000] {logging_mixin.py:149} INFO - [2026-09-20T20:18:13.264+0000] {dag.py:2726} INFO - Sync 1 DAGs
[2026-09-20T20:18:13.303+0000] {logging_mixin.py:149} INFO - [2026-09-20T20:18:13.302+0000] {dag.py:3486} INFO - Setting next_dagrun for example_sla_dag to 2026-09-20T20:16:00+00:00, run_after=2026-09-20T20:18:00+00:00
[2026-09-20T20:18:13.328+0000] {processor.py:178} INFO - Processing /home/airflow/.local/lib/python3.10/site-packages/airflow/example_dags/example_sla_dag.py took 0.130 seconds
[2026-09-20T20:18:44.367+0000] {processor.py:156} INFO - Started process (PID=719) to work on /home/airflow/.local/lib/python3.10/site-packages/airflow/example_dags/example_sla_dag.py
[2026-09-20T20:18:44.369+0000] {processor.py:799} INFO - Processing file /home/airflow/.local/lib/python3.10/site-packages/airflow/example_dags/example_sla_dag.py for tasks to queue
[2026-09-20T20:18:44.370+0000] {logging_mixin.py:149} INFO - [2026-09-20T20:18:44.370+0000] {dagbag.py:541} INFO - Filling up the DagBag from /home/airflow/.local/lib/python3.10/site-packages/airflow/example_dags/example_sla_dag.py
[2026-09-20T20:18:44.387+0000] {processor.py:809} INFO - DAG(s) dict_keys(['example_sla_dag']) retrieved from /home/airflow/.local/lib/python3.10/site-packages/airflow/example_dags/example_sla_dag.py
[2026-09-20T20:18:44.429+0000] {logging_mixin.py:149} INFO - [2026-09-20T20:18:44.429+0000] {dag.py:2726} INFO - Sync 1 DAGs
[2026-09-20T20:18:44.468+0000] {logging_mixin.py:149} INFO - [2026-09-20T20:18:44.468+0000] {dag.py:3486} INFO - Setting next_dagrun for example_sla_dag to 2026-09-20T20:16:00+00:00, run_after=2026-09-20T20:18:00+00:00
[2026-09-20T20:18:44.497+0000] {processor.py:178} INFO - Processing /home/airflow/.local/lib/python3.10/site-packages/airflow/example_dags/example_sla_dag.py took 0.136 seconds
[2026-09-20T20:19:15.561+0000] {processor.py:156} INFO - Started process (PID=777) to work on /home/airflow/.local/lib/python3.10/site-packages/airflow/example_dags/example_sla_dag.py
[2026-09-20T20:19:15.562+0000] {processor.py:799} INFO - Processing file /home/airflow/.local/lib/python3.10/site-packages/airflow/example_dags/example_sla_dag.py for tasks to queue
[2026-09-20T20:19:15.563+0000] {logging_mixin.py:149} INFO - [2026-09-20T20:19:15.563+0000] {dagbag.py:541} INFO - Filling up the DagBag from /home/airflow/.local/lib/python3.10/site-packages/airflow/example_dags/example_sla_dag.py
[2026-09-20T20:19:15.577+0000] {processor.py:809} INFO - DAG(s) dict_keys(['example_sla_dag']) retrieved from /home/airflow/.local/lib/python3.10/site-packages/airflow/example_dags/example_sla_dag.py
[2026-09-20T20:19:15.616+0000] {logging_mixin.py:149} INFO - [2026-09-20T20:19:15.616+0000] {dag.py:2726} INFO - Sync 1 DAGs
[2026-09-20T20:19:15.659+0000] {logging_mixin.py:149} INFO - [2026-09-20T20:19:15.659+0000] {dag.py:3486} INFO - Setting next_dagrun for example_sla_dag to 2026-09-20T20:16:00+00:00, run_after=2026-09-20T20:18:00+00:00
[2026-09-20T20:19:15.684+0000] {processor.py:178} INFO - Processing /home/airflow/.local/lib/python3.10/site-packages/airflow/example_dags/example_sla_dag.py took 0.133 seconds
[2026-09-20T20:19:46.674+0000] {processor.py:156} INFO - Started process (PID=835) to work on /home/airflow/.local/lib/python3.10/site-packages/airflow/example_dags/example_sla_dag.py
[2026-09-20T20:19:46.676+0000] {processor.py:799} INFO - Processing file /home/airflow/.local/lib/python3.10/site-packages/airflow/example_dags/example_sla_dag.py for tasks to queue
[2026-09-20T20:19:46.677+0000] {logging_mixin.py:149} INFO - [2026-09-20T20:19:46.677+0000] {dagbag.py:541} INFO - Filling up the DagBag from /home/airflow/.local/lib/python3.10/site-packages/airflow/example_dags/example_sla_dag.py
[2026-09-20T20:19:46.691+0000] {processor.py:809} INFO - DAG(s) dict_keys(['example_sla_dag']) retrieved from /home/airflow/.local/lib/python3.10/site-packages/airflow/example_dags/example_sla_dag.py
[2026-09-20T20:19:46.730+0000] {logging_mixin.py:149} INFO - [2026-09-20T20:19:46.730+0000] {dag.py:2726} INFO - Sync 1 DAGs
[2026-09-20T20:19:46.774+0000] {logging_mixin.py:149} INFO - [2026-09-20T20:19:46.774+0000] {dag.py:3486} INFO - Setting next_dagrun for example_sla_dag to 2026-09-20T20:16:00+00:00, run_after=2026-09-20T20:18:00+00:00
[2026-09-20T20:19:46.801+0000] {processor.py:178} INFO - Processing /home/airflow/.local/lib/python3.10/site-packages/airflow/example_dags/example_sla_dag.py took 0.134 seconds
[2026-09-20T20:20:18.045+0000] {processor.py:156} INFO - Started process (PID=893) to work on /home/airflow/.local/lib/python3.10/site-packages/airflow/example_dags/example_sla_dag.py
[2026-09-20T20:20:18.046+0000] {processor.py:799} INFO - Processing file /home/airflow/.local/lib/python3.10/site-packages/airflow/example_dags/example_sla_dag.py for tasks to queue
[2026-09-20T20:20:18.047+0000] {logging_mixin.py:149} INFO - [2026-09-20T20:20:18.047+0000] {dagbag.py:541} INFO - Filling up the DagBag from /home/airflow/.local/lib/python3.10/site-packages/airflow/example_dags/example_sla_dag.py
[2026-09-20T20:20:18.060+0000] {processor.py:809} INFO - DAG(s) dict_keys(['example_sla_dag']) retrieved from /home/airflow/.local/lib/python3.10/site-packages/airflow/example_dags/example_sla_dag.py
[2026-09-20T20:20:18.101+0000] {logging_mixin.py:149} INFO - [2026-09-20T20:20:18.101+0000] {dag.py:2726} INFO - Sync 1 DAGs
[2026-09-20T20:20:18.139+0000] {logging_mixin.py:149} INFO - [2026-09-20T20:20:18.139+0000] {dag.py:3486} INFO - Setting next_dagrun for example_sla_dag to 2026-09-20T20:18:00+00:00, run_after=2026-09-20T20:20:00+00:00
[2026-09-20T20:20:18.164+0000] {processor.py:178} INFO - Processing /home/airflow/.local/lib/python3.10/site-packages/airflow/example_dags/example_sla_dag.py took 0.125 seconds
[2026-09-20T20:20:49.590+0000] {processor.py:156} INFO - Started process (PID=951) to work on /home/airflow/.local/lib/python3.10/site-packages/airflow/example_dags/example_sla_dag.py
[2026-09-20T20:20:49.591+0000] {processor.py:799} INFO - Processing file /home/airflow/.local/lib/python3.10/site-packages/airflow/example_dags/example_sla_dag.py for tasks to queue
[2026-09-20T20:20:49.592+0000] {logging_mixin.py:149} INFO - [2026-09-20T20:20:49.592+0000] {dagbag.py:541} INFO - Filling up the DagBag from /home/airflow/.local/lib/python3.10/site-packages/airflow/example_dags/example_sla_dag.py
[2026-09-20T20:20:49.606+0000] {processor.py:809} INFO - DAG(s) dict_keys(['example_sla_dag']) retrieved from /home/airflow/.local/lib/python3.10/site-packages/airflow/example_dags/example_sla_dag.py
[2026-09-20T20:20:49.649+0000] {logging_mixin.py:149} INFO - [2026-09-20T20:20:49.648+0000] {dag.py:2726} INFO - Sync 1 DAGs
[2026-09-20T20:20:49.689+0000] {logging_mixin.py:149} INFO - [2026-09-20T20:20:49.689+0000] {dag.py:3486} INFO - Setting next_dagrun for example_sla_dag to 2026-09-20T20:18:00+00:00, run_after=2026-09-20T20:20:00+00:00
[2026-09-20T20:20:49.722+0000] {processor.py:178} INFO - Processing /home/airflow/.local/lib/python3.10/site-packages/airflow/example_dags/example_sla_dag.py took 0.137 seconds
[2026-09-20T20:21:20.956+0000] {processor.py:156} INFO - Started process (PID=1009) to work on /home/airflow/.local/lib/python3.10/site-packages/airflow/example_dags/example_sla_dag.py
[2026-09-20T20:21:20.957+0000] {processor.py:799} INFO - Processing file /home/airflow/.local/lib/python3.10/site-packages/airflow/example_dags/example_sla_dag.py for tasks to queue
[2026-09-20T20:21:20.958+0000] {logging_mixin.py:149} INFO - [2026-09-20T20:21:20.958+0000] {dagbag.py:541} INFO - Filling up the DagBag from /home/airflow/.local/lib/python3.10/site-packages/airflow/example_dags/example_sla_dag.py
[2026-09-20T20:21:20.978+0000] {processor.py:809} INFO - DAG(s) dict_keys(['example_sla_dag']) retrieved from /home/airflow/.local/lib/python3.10/site-packages/airflow/example_dags/example_sla_dag.py
[2026-09-20T20:21:21.017+0000] {logging_mixin.py:149} INFO - [2026-09-20T20:21:21.017+0000] {dag.py:2726} INFO - Sync 1 DAGs
[2026-09-20T20:21:21.062+0000] {logging_mixin.py:149} INFO - [2026-09-20T20:21:21.061+0000] {dag.py:3486} INFO - Setting next_dagrun for example_sla_dag to 2026-09-20T20:18:00+00:00, run_after=2026-09-20T20:20:00+00:00
[2026-09-20T20:21:21.097+0000] {processor.py:178} INFO - Processing /home/airflow/.local/lib/python3.10/site-packages/airflow/example_dags/example_sla_dag.py took 0.147 seconds
[2026-09-20T20:21:52.682+0000] {processor.py:156} INFO - Started process (PID=1066) to work on /home/airflow/.local/lib/python3.10/site-packages/airflow/example_dags/example_sla_dag.py
[2026-09-20T20:21:52.684+0000] {processor.py:799} INFO - Processing file /home/airflow/.local/lib/python3.10/site-packages/airflow/example_dags/example_sla_dag.py for tasks to queue
[2026-09-20T20:21:52.685+0000] {logging_mixin.py:149} INFO - [2026-09-20T20:21:52.685+0000] {dagbag.py:541} INFO - Filling up the DagBag from /home/airflow/.local/lib/python3.10/site-packages/airflow/example_dags/example_sla_dag.py
[2026-09-20T20:21:52.702+0000] {processor.py:809} INFO - DAG(s) dict_keys(['example_sla_dag']) retrieved from /home/airflow/.local/lib/python3.10/site-packages/airflow/example_dags/example_sla_dag.py
[2026-09-20T20:21:52.747+0000] {logging_mixin.py:149} INFO - [2026-09-20T20:21:52.746+0000] {dag.py:2726} INFO - Sync 1 DAGs
[2026-09-20T20:21:52.789+0000] {logging_mixin.py:149} INFO - [2026-09-20T20:21:52.789+0000] {dag.py:3486} INFO - Setting next_dagrun for example_sla_dag to 2026-09-20T20:18:00+00:00, run_after=2026-09-20T20:20:00+00:00
[2026-09-20T20:21:52.815+0000] {processor.py:178} INFO - Processing /home/airflow/.local/lib/python3.10/site-packages/airflow/example_dags/example_sla_dag.py took 0.141 seconds
[2026-09-20T20:22:24.005+0000] {processor.py:156} INFO - Started process (PID=1124) to work on /home/airflow/.local/lib/python3.10/site-packages/airflow/example_dags/example_sla_dag.py
[2026-09-20T20:22:24.007+0000] {processor.py:799} INFO - Processing file /home/airflow/.local/lib/python3.10/site-packages/airflow/example_dags/example_sla_dag.py for tasks to queue
[2026-09-20T20:22:24.008+0000] {logging_mixin.py:149} INFO - [2026-09-20T20:22:24.008+0000] {dagbag.py:541} INFO - Filling up the DagBag from /home/airflow/.local/lib/python3.10/site-packages/airflow/example_dags/example_sla_dag.py
[2026-09-20T20:22:24.021+0000] {processor.py:809} INFO - DAG(s) dict_keys(['example_sla_dag']) retrieved from /home/airflow/.local/lib/python3.10/site-packages/airflow/example_dags/example_sla_dag.py
[2026-09-20T20:22:24.059+0000] {logging_mixin.py:149} INFO - [2026-09-20T20:22:24.058+0000] {dag.py:2726} INFO - Sync 1 DAGs
[2026-09-20T20:22:24.102+0000] {logging_mixin.py:149} INFO - [2026-09-20T20:22:24.101+0000] {dag.py:3486} INFO - Setting next_dagrun for example_sla_dag to 2026-09-20T20:20:00+00:00, run_after=2026-09-20T20:22:00+00:00
[2026-09-20T20:22:24.127+0000] {processor.py:178} INFO - Processing /home/airflow/.local/lib/python3.10/site-packages/airflow/example_dags/example_sla_dag.py took 0.127 seconds
[2026-09-20T20:22:55.451+0000] {processor.py:156} INFO - Started process (PID=1182) to work on /home/airflow/.local/lib/python3.10/site-packages/airflow/example_dags/example_sla_dag.py
[2026-09-20T20:22:55.452+0000] {processor.py:799} INFO - Processing file /home/airflow/.local/lib/python3.10/site-packages/airflow/example_dags/example_sla_dag.py for tasks to queue
[2026-09-20T20:22:55.453+0000] {logging_mixin.py:149} INFO - [2026-09-20T20:22:55.453+0000] {dagbag.py:541} INFO - Filling up the DagBag from /home/airflow/.local/lib/python3.10/site-packages/airflow/example_dags/example_sla_dag.py
[2026-09-20T20:22:55.470+0000] {processor.py:809} INFO - DAG(s) dict_keys(['example_sla_dag']) retrieved from /home/airflow/.local/lib/python3.10/site-packages/airflow/example_dags/example_sla_dag.py
[2026-09-20T20:22:55.508+0000] {logging_mixin.py:149} INFO - [2026-09-20T20:22:55.508+0000] {dag.py:2726} INFO - Sync 1 DAGs
[2026-09-20T20:22:55.551+0000] {logging_mixin.py:149} INFO - [2026-09-20T20:22:55.551+0000] {dag.py:3486} INFO - Setting next_dagrun for example_sla_dag to 2026-09-20T20:20:00+00:00, run_after=2026-09-20T20:22:00+00:00
[2026-09-20T20:22:55.582+0000] {processor.py:178} INFO - Processing /home/airflow/.local/lib/python3.10/site-packages/airflow/example_dags/example_sla_dag.py took 0.137 seconds
[2026-09-20T20:23:27.064+0000] {processor.py:156} INFO - Started process (PID=1240) to work on /home/airflow/.local/lib/python3.10/site-packages/airflow/example_dags/example_sla_dag.py
[2026-09-20T20:23:27.073+0000] {processor.py:799} INFO - Processing file /home/airflow/.local/lib/python3.10/site-packages/airflow/example_dags/example_sla_dag.py for tasks to queue
[2026-09-20T20:23:27.074+0000] {logging_mixin.py:149} INFO - [2026-09-20T20:23:27.074+0000] {dagbag.py:541} INFO - Filling up the DagBag from /home/airflow/.local/lib/python3.10/site-packages/airflow/example_dags/example_sla_dag.py
[2026-09-20T20:23:27.090+0000] {processor.py:809} INFO - DAG(s) dict_keys(['example_sla_dag']) retrieved from /home/airflow/.local/lib/python3.10/site-packages/airflow/example_dags/example_sla_dag.py
[2026-09-20T20:23:27.129+0000] {logging_mixin.py:149} INFO - [2026-09-20T20:23:27.129+0000] {dag.py:2726} INFO - Sync 1 DAGs
[2026-09-20T20:23:27.169+0000] {logging_mixin.py:149} INFO - [2026-09-20T20:23:27.169+0000] {dag.py:3486} INFO - Setting next_dagrun for example_sla_dag to 2026-09-20T20:20:00+00:00, run_after=2026-09-20T20:22:00+00:00
[2026-09-20T20:23:27.202+0000] {processor.py:178} INFO - Processing /home/airflow/.local/lib/python3.10/site-packages/airflow/example_dags/example_sla_dag.py took 0.147 seconds
[2026-09-20T20:23:57.759+0000] {processor.py:156} INFO - Started process (PID=1298) to work on /home/airflow/.local/lib/python3.10/site-packages/airflow/example_dags/example_sla_dag.py
[2026-09-20T20:23:57.762+0000] {processor.py:799} INFO - Processing file /home/airflow/.local/lib/python3.10/site-packages/airflow/example_dags/example_sla_dag.py for tasks to queue
[2026-09-20T20:23:57.763+0000] {logging_mixin.py:149} INFO - [2026-09-20T20:23:57.763+0000] {dagbag.py:541} INFO - Filling up the DagBag from /home/airflow/.local/lib/python3.10/site-packages/airflow/example_dags/example_sla_dag.py
[2026-09-20T20:23:57.777+0000] {processor.py:809} INFO - DAG(s) dict_keys(['example_sla_dag']) retrieved from /home/airflow/.local/lib/python3.10/site-packages/airflow/example_dags/example_sla_dag.py
[2026-09-20T20:23:57.812+0000] {logging_mixin.py:149} INFO - [2026-09-20T20:23:57.812+0000] {dag.py:2726} INFO - Sync 1 DAGs
[2026-09-20T20:23:57.852+0000] {logging_mixin.py:149} INFO - [2026-09-20T20:23:57.852+0000] {dag.py:3486} INFO - Setting next_dagrun for example_sla_dag to 2026-09-20T20:20:00+00:00, run_after=2026-09-20T20:22:00+00:00
[2026-09-20T20:23:57.881+0000] {processor.py:178} INFO - Processing /home/airflow/.local/lib/python3.10/site-packages/airflow/example_dags/example_sla_dag.py took 0.129 seconds
[2026-09-20T20:24:28.333+0000] {processor.py:156} INFO - Started process (PID=1356) to work on /home/airflow/.local/lib/python3.10/site-packages/airflow/example_dags/example_sla_dag.py
[2026-09-20T20:24:28.335+0000] {processor.py:799} INFO - Processing file /home/airflow/.local/lib/python3.10/site-packages/airflow/example_dags/example_sla_dag.py for tasks to queue
[2026-09-20T20:24:28.336+0000] {logging_mixin.py:149} INFO - [2026-09-20T20:24:28.335+0000] {dagbag.py:541} INFO - Filling up the DagBag from /home/airflow/.local/lib/python3.10/site-packages/airflow/example_dags/example_sla_dag.py
[2026-09-20T20:24:28.348+0000] {processor.py:809} INFO - DAG(s) dict_keys(['example_sla_dag']) retrieved from /home/airflow/.local/lib/python3.10/site-packages/airflow/example_dags/example_sla_dag.py
[2026-09-20T20:24:28.391+0000] {logging_mixin.py:149} INFO - [2026-09-20T20:24:28.391+0000] {dag.py:2726} INFO - Sync 1 DAGs
[2026-09-20T20:24:28.430+0000] {logging_mixin.py:149} INFO - [2026-09-20T20:24:28.430+0000] {dag.py:3486} INFO - Setting next_dagrun for example_sla_dag to 2026-09-20T20:22:00+00:00, run_after=2026-09-20T20:24:00+00:00
[2026-09-20T20:24:28.458+0000] {processor.py:178} INFO - Processing /home/airflow/.local/lib/python3.10/site-packages/airflow/example_dags/example_sla_dag.py took 0.131 seconds
[2026-09-20T20:24:59.601+0000] {processor.py:156} INFO - Started process (PID=1422) to work on /home/airflow/.local/lib/python3.10/site-packages/airflow/example_dags/example_sla_dag.py
[2026-09-20T20:24:59.609+0000] {processor.py:799} INFO - Processing file /home/airflow/.local/lib/python3.10/site-packages/airflow/example_dags/example_sla_dag.py for tasks to queue
[2026-09-20T20:24:59.610+0000] {logging_mixin.py:149} INFO - [2026-09-20T20:24:59.610+0000] {dagbag.py:541} INFO - Filling up the DagBag from /home/airflow/.local/lib/python3.10/site-packages/airflow/example_dags/example_sla_dag.py
[2026-09-20T20:24:59.624+0000] {processor.py:809} INFO - DAG(s) dict_keys(['example_sla_dag']) retrieved from /home/airflow/.local/lib/python3.10/site-packages/airflow/example_dags/example_sla_dag.py
[2026-09-20T20:24:59.660+0000] {logging_mixin.py:149} INFO - [2026-09-20T20:24:59.660+0000] {dag.py:2726} INFO - Sync 1 DAGs
[2026-09-20T20:24:59.697+0000] {logging_mixin.py:149} INFO - [2026-09-20T20:24:59.697+0000] {dag.py:3486} INFO - Setting next_dagrun for example_sla_dag to 2026-09-20T20:22:00+00:00, run_after=2026-09-20T20:24:00+00:00
[2026-09-20T20:24:59.720+0000] {processor.py:178} INFO - Processing /home/airflow/.local/lib/python3.10/site-packages/airflow/example_dags/example_sla_dag.py took 0.127 seconds
[2026-09-20T20:25:30.686+0000] {processor.py:156} INFO - Started process (PID=1480) to work on /home/airflow/.local/lib/python3.10/site-packages/airflow/example_dags/example_sla_dag.py
[2026-09-20T20:25:30.687+0000] {processor.py:799} INFO - Processing file /home/airflow/.local/lib/python3.10/site-packages/airflow/example_dags/example_sla_dag.py for tasks to queue
[2026-09-20T20:25:30.689+0000] {logging_mixin.py:149} INFO - [2026-09-20T20:25:30.689+0000] {dagbag.py:541} INFO - Filling up the DagBag from /home/airflow/.local/lib/python3.10/site-packages/airflow/example_dags/example_sla_dag.py
[2026-09-20T20:25:30.708+0000] {processor.py:809} INFO - DAG(s) dict_keys(['example_sla_dag']) retrieved from /home/airflow/.local/lib/python3.10/site-packages/airflow/example_dags/example_sla_dag.py
[2026-09-20T20:25:30.749+0000] {logging_mixin.py:149} INFO - [2026-09-20T20:25:30.749+0000] {dag.py:2726} INFO - Sync 1 DAGs
[2026-09-20T20:25:30.803+0000] {logging_mixin.py:149} INFO - [2026-09-20T20:25:30.803+0000] {dag.py:3486} INFO - Setting next_dagrun for example_sla_dag to 2026-09-20T20:22:00+00:00, run_after=2026-09-20T20:24:00+00:00
[2026-09-20T20:25:30.830+0000] {processor.py:178} INFO - Processing /home/airflow/.local/lib/python3.10/site-packages/airflow/example_dags/example_sla_dag.py took 0.151 seconds
[2026-09-20T20:26:01.372+0000] {processor.py:156} INFO - Started process (PID=1538) to work on /home/airflow/.local/lib/python3.10/site-packages/airflow/example_dags/example_sla_dag.py
[2026-09-20T20:26:01.375+0000] {processor.py:799} INFO - Processing file /home/airflow/.local/lib/python3.10/site-packages/airflow/example_dags/example_sla_dag.py for tasks to queue
[2026-09-20T20:26:01.376+0000] {logging_mixin.py:149} INFO - [2026-09-20T20:26:01.376+0000] {dagbag.py:541} INFO - Filling up the DagBag from /home/airflow/.local/lib/python3.10/site-packages/airflow/example_dags/example_sla_dag.py
[2026-09-20T20:26:01.391+0000] {processor.py:809} INFO - DAG(s) dict_keys(['example_sla_dag']) retrieved from /home/airflow/.local/lib/python3.10/site-packages/airflow/example_dags/example_sla_dag.py
[2026-09-20T20:26:01.437+0000] {logging_mixin.py:149} INFO - [2026-09-20T20:26:01.437+0000] {dag.py:2726} INFO - Sync 1 DAGs
[2026-09-20T20:26:01.479+0000] {logging_mixin.py:149} INFO - [2026-09-20T20:26:01.479+0000] {dag.py:3486} INFO - Setting next_dagrun for example_sla_dag to 2026-09-20T20:24:00+00:00, run_after=2026-09-20T20:26:00+00:00
[2026-09-20T20:26:01.504+0000] {processor.py:178} INFO - Processing /home/airflow/.local/lib/python3.10/site-packages/airflow/example_dags/example_sla_dag.py took 0.138 seconds
[2026-09-20T20:26:32.548+0000] {processor.py:156} INFO - Started process (PID=1596) to work on /home/airflow/.local/lib/python3.10/site-packages/airflow/example_dags/example_sla_dag.py
[2026-09-20T20:26:32.550+0000] {processor.py:799} INFO - Processing file /home/airflow/.local/lib/python3.10/site-packages/airflow/example_dags/example_sla_dag.py for tasks to queue
[2026-09-20T20:26:32.551+0000] {logging_mixin.py:149} INFO - [2026-09-20T20:26:32.551+0000] {dagbag.py:541} INFO - Filling up the DagBag from /home/airflow/.local/lib/python3.10/site-packages/airflow/example_dags/example_sla_dag.py
[2026-09-20T20:26:32.565+0000] {processor.py:809} INFO - DAG(s) dict_keys(['example_sla_dag']) retrieved from /home/airflow/.local/lib/python3.10/site-packages/airflow/example_dags/example_sla_dag.py
[2026-09-20T20:26:32.613+0000] {logging_mixin.py:149} INFO - [2026-09-20T20:26:32.613+0000] {dag.py:2726} INFO - Sync 1 DAGs
[2026-09-20T20:26:32.653+0000] {logging_mixin.py:149} INFO - [2026-09-20T20:26:32.653+0000] {dag.py:3486} INFO - Setting next_dagrun for example_sla_dag to 2026-09-20T20:24:00+00:00, run_after=2026-09-20T20:26:00+00:00
[2026-09-20T20:26:32.682+0000] {processor.py:178} INFO - Processing /home/airflow/.local/lib/python3.10/site-packages/airflow/example_dags/example_sla_dag.py took 0.140 seconds
[2026-09-20T20:27:03.362+0000] {processor.py:156} INFO - Started process (PID=1654) to work on /home/airflow/.local/lib/python3.10/site-packages/airflow/example_dags/example_sla_dag.py
[2026-09-20T20:27:03.364+0000] {processor.py:799} INFO - Processing file /home/airflow/.local/lib/python3.10/site-packages/airflow/example_dags/example_sla_dag.py for tasks to queue
[2026-09-20T20:27:03.364+0000] {logging_mixin.py:149} INFO - [2026-09-20T20:27:03.364+0000] {dagbag.py:541} INFO - Filling up the DagBag from /home/airflow/.local/lib/python3.10/site-packages/airflow/example_dags/example_sla_dag.py
[2026-09-20T20:27:03.381+0000] {processor.py:809} INFO - DAG(s) dict_keys(['example_sla_dag']) retrieved from /home/airflow/.local/lib/python3.10/site-packages/airflow/example_dags/example_sla_dag.py
[2026-09-20T20:27:03.421+0000] {logging_mixin.py:149} INFO - [2026-09-20T20:27:03.420+0000] {dag.py:2726} INFO - Sync 1 DAGs
[2026-09-20T20:27:03.493+0000] {logging_mixin.py:149} INFO - [2026-09-20T20:27:03.492+0000] {dag.py:3486} INFO - Setting next_dagrun for example_sla_dag to 2026-09-20T20:24:00+00:00, run_after=2026-09-20T20:26:00+00:00
[2026-09-20T20:27:03.542+0000] {processor.py:178} INFO - Processing /home/airflow/.local/lib/python3.10/site-packages/airflow/example_dags/example_sla_dag.py took 0.187 seconds
[2026-09-20T20:27:34.202+0000] {processor.py:156} INFO - Started process (PID=1712) to work on /home/airflow/.local/lib/python3.10/site-packages/airflow/example_dags/example_sla_dag.py
[2026-09-20T20:27:34.204+0000] {processor.py:799} INFO - Processing file /home/airflow/.local/lib/python3.10/site-packages/airflow/example_dags/example_sla_dag.py for tasks to queue
[2026-09-20T20:27:34.205+0000] {logging_mixin.py:149} INFO - [2026-09-20T20:27:34.204+0000] {dagbag.py:541} INFO - Filling up the DagBag from /home/airflow/.local/lib/python3.10/site-packages/airflow/example_dags/example_sla_dag.py
[2026-09-20T20:27:34.222+0000] {processor.py:809} INFO - DAG(s) dict_keys(['example_sla_dag']) retrieved from /home/airflow/.local/lib/python3.10/site-packages/airflow/example_dags/example_sla_dag.py
[2026-09-20T20:27:34.264+0000] {logging_mixin.py:149} INFO - [2026-09-20T20:27:34.264+0000] {dag.py:2726} INFO - Sync 1 DAGs
[2026-09-20T20:27:34.312+0000] {logging_mixin.py:149} INFO - [2026-09-20T20:27:34.311+0000] {dag.py:3486} INFO - Setting next_dagrun for example_sla_dag to 2026-09-20T20:24:00+00:00, run_after=2026-09-20T20:26:00+00:00
[2026-09-20T20:27:34.338+0000] {processor.py:178} INFO - Processing /home/airflow/.local/lib/python3.10/site-packages/airflow/example_dags/example_sla_dag.py took 0.144 seconds
