[2026-09-27T02:06:45.826+0000] {processor.py:156} INFO - Started process (PID=88) to work on /home/airflow/.local/lib/python3.7/site-packages/airflow/example_dags/example_xcomargs.py
[2026-09-27T02:06:45.841+0000] {processor.py:799} INFO - Processing file /home/airflow/.local/lib/python3.7/site-packages/airflow/example_dags/example_xcomargs.py for tasks to queue
[2026-09-27T02:06:45.843+0000] {logging_mixin.py:149} INFO - [2026-09-27T02:06:45.842+0000] {dagbag.py:541} INFO - Filling up the DagBag from /home/airflow/.local/lib/python3.7/site-packages/airflow/example_dags/example_xcomargs.py
[2026-09-27T02:06:45.893+0000] {processor.py:809} INFO - DAG(s) dict_keys(['example_xcom_args_with_operators', 'example_xcom_args']) retrieved from /home/airflow/.local/lib/python3.7/site-packages/airflow/example_dags/example_xcomargs.py
[2026-09-27T02:06:46.028+0000] {logging_mixin.py:149} INFO - [2026-09-27T02:06:46.028+0000] {dag.py:2726} INFO - Sync 2 DAGs
[2026-09-27T02:06:46.098+0000] {logging_mixin.py:149} INFO - [2026-09-27T02:06:46.097+0000] {dag.py:3490} INFO - Setting next_dagrun for example_xcom_args to None, run_after=None
[2026-09-27T02:06:46.112+0000] {logging_mixin.py:149} INFO - [2026-09-27T02:06:46.111+0000] {dag.py:3490} INFO - Setting next_dagrun for example_xcom_args_with_operators to None, run_after=None
[2026-09-27T02:06:46.165+0000] {processor.py:178} INFO - Processing /home/airflow/.local/lib/python3.7/site-packages/airflow/example_dags/example_xcomargs.py took 0.352 seconds
[2026-09-27T02:07:16.238+0000] {processor.py:156} INFO - Started process (PID=144) to work on /home/airflow/.local/lib/python3.7/site-packages/airflow/example_dags/example_xcomargs.py
[2026-09-27T02:07:16.244+0000] {processor.py:799} INFO - Processing file /home/airflow/.local/lib/python3.7/site-packages/airflow/example_dags/example_xcomargs.py for tasks to queue
[2026-09-27T02:07:16.245+0000] {logging_mixin.py:149} INFO - [2026-09-27T02:07:16.244+0000] {dagbag.py:541} INFO - Filling up the DagBag from /home/airflow/.local/lib/python3.7/site-packages/airflow/example_dags/example_xcomargs.py
[2026-09-27T02:07:16.260+0000] {processor.py:809} INFO - DAG(s) dict_keys(['example_xcom_args', 'example_xcom_args_with_operators']) retrieved from /home/airflow/.local/lib/python3.7/site-packages/airflow/example_dags/example_xcomargs.py
[2026-09-27T02:07:16.314+0000] {logging_mixin.py:149} INFO - [2026-09-27T02:07:16.313+0000] {dag.py:2726} INFO - Sync 2 DAGs
[2026-09-27T02:07:16.364+0000] {logging_mixin.py:149} INFO - [2026-09-27T02:07:16.364+0000] {dag.py:3490} INFO - Setting next_dagrun for example_xcom_args to None, run_after=None
[2026-09-27T02:07:16.370+0000] {logging_mixin.py:149} INFO - [2026-09-27T02:07:16.370+0000] {dag.py:3490} INFO - Setting next_dagrun for example_xcom_args_with_operators to None, run_after=None
[2026-09-27T02:07:16.398+0000] {processor.py:178} INFO - Processing /home/airflow/.local/lib/python3.7/site-packages/airflow/example_dags/example_xcomargs.py took 0.166 seconds
[2026-09-27T02:07:47.263+0000] {processor.py:156} INFO - Started process (PID=200) to work on /home/airflow/.local/lib/python3.7/site-packages/airflow/example_dags/example_xcomargs.py
[2026-09-27T02:07:47.265+0000] {processor.py:799} INFO - Processing file /home/airflow/.local/lib/python3.7/site-packages/airflow/example_dags/example_xcomargs.py for tasks to queue
[2026-09-27T02:07:47.267+0000] {logging_mixin.py:149} INFO - [2026-09-27T02:07:47.266+0000] {dagbag.py:541} INFO - Filling up the DagBag from /home/airflow/.local/lib/python3.7/site-packages/airflow/example_dags/example_xcomargs.py
[2026-09-27T02:07:47.288+0000] {processor.py:809} INFO - DAG(s) dict_keys(['example_xcom_args_with_operators', 'example_xcom_args']) retrieved from /home/airflow/.local/lib/python3.7/site-packages/airflow/example_dags/example_xcomargs.py
[2026-09-27T02:07:47.333+0000] {logging_mixin.py:149} INFO - [2026-09-27T02:07:47.332+0000] {dag.py:2726} INFO - Sync 2 DAGs
[2026-09-27T02:07:47.374+0000] {logging_mixin.py:149} INFO - [2026-09-27T02:07:47.374+0000] {dag.py:3490} INFO - Setting next_dagrun for example_xcom_args to None, run_after=None
[2026-09-27T02:07:47.381+0000] {logging_mixin.py:149} INFO - [2026-09-27T02:07:47.381+0000] {dag.py:3490} INFO - Setting next_dagrun for example_xcom_args_with_operators to None, run_after=None
[2026-09-27T02:07:47.409+0000] {processor.py:178} INFO - Processing /home/airflow/.local/lib/python3.7/site-packages/airflow/example_dags/example_xcomargs.py took 0.153 seconds
[2026-09-27T02:08:18.103+0000] {processor.py:156} INFO - Started process (PID=256) to work on /home/airflow/.local/lib/python3.7/site-packages/airflow/example_dags/example_xcomargs.py
[2026-09-27T02:08:18.105+0000] {processor.py:799} INFO - Processing file /home/airflow/.local/lib/python3.7/site-packages/airflow/example_dags/example_xcomargs.py for tasks to queue
[2026-09-27T02:08:18.106+0000] {logging_mixin.py:149} INFO - [2026-09-27T02:08:18.106+0000] {dagbag.py:541} INFO - Filling up the DagBag from /home/airflow/.local/lib/python3.7/site-packages/airflow/example_dags/example_xcomargs.py
[2026-09-27T02:08:18.121+0000] {processor.py:809} INFO - DAG(s) dict_keys(['example_xcom_args_with_operators', 'example_xcom_args']) retrieved from /home/airflow/.local/lib/python3.7/site-packages/airflow/example_dags/example_xcomargs.py
[2026-09-27T02:08:18.169+0000] {logging_mixin.py:149} INFO - [2026-09-27T02:08:18.168+0000] {dag.py:2726} INFO - Sync 2 DAGs
[2026-09-27T02:08:18.217+0000] {logging_mixin.py:149} INFO - [2026-09-27T02:08:18.217+0000] {dag.py:3490} INFO - Setting next_dagrun for example_xcom_args to None, run_after=None
[2026-09-27T02:08:18.224+0000] {logging_mixin.py:149} INFO - [2026-09-27T02:08:18.224+0000] {dag.py:3490} INFO - Setting next_dagrun for example_xcom_args_with_operators to None, run_after=None
[2026-09-27T02:08:18.251+0000] {processor.py:178} INFO - Processing /home/airflow/.local/lib/python3.7/site-packages/airflow/example_dags/example_xcomargs.py took 0.154 seconds
[2026-09-27T02:08:49.497+0000] {processor.py:156} INFO - Started process (PID=312) to work on /home/airflow/.local/lib/python3.7/site-packages/airflow/example_dags/example_xcomargs.py
[2026-09-27T02:08:49.499+0000] {processor.py:799} INFO - Processing file /home/airflow/.local/lib/python3.7/site-packages/airflow/example_dags/example_xcomargs.py for tasks to queue
[2026-09-27T02:08:49.500+0000] {logging_mixin.py:149} INFO - [2026-09-27T02:08:49.500+0000] {dagbag.py:541} INFO - Filling up the DagBag from /home/airflow/.local/lib/python3.7/site-packages/airflow/example_dags/example_xcomargs.py
[2026-09-27T02:08:49.516+0000] {processor.py:809} INFO - DAG(s) dict_keys(['example_xcom_args', 'example_xcom_args_with_operators']) retrieved from /home/airflow/.local/lib/python3.7/site-packages/airflow/example_dags/example_xcomargs.py
[2026-09-27T02:08:49.573+0000] {logging_mixin.py:149} INFO - [2026-09-27T02:08:49.573+0000] {dag.py:2726} INFO - Sync 2 DAGs
[2026-09-27T02:08:49.622+0000] {logging_mixin.py:149} INFO - [2026-09-27T02:08:49.622+0000] {dag.py:3490} INFO - Setting next_dagrun for example_xcom_args to None, run_after=None
[2026-09-27T02:08:49.629+0000] {logging_mixin.py:149} INFO - [2026-09-27T02:08:49.629+0000] {dag.py:3490} INFO - Setting next_dagrun for example_xcom_args_with_operators to None, run_after=None
[2026-09-27T02:08:49.661+0000] {processor.py:178} INFO - Processing /home/airflow/.local/lib/python3.7/site-packages/airflow/example_dags/example_xcomargs.py took 0.171 seconds
[2026-09-27T02:09:20.153+0000] {processor.py:156} INFO - Started process (PID=368) to work on /home/airflow/.local/lib/python3.7/site-packages/airflow/example_dags/example_xcomargs.py
[2026-09-27T02:09:20.157+0000] {processor.py:799} INFO - Processing file /home/airflow/.local/lib/python3.7/site-packages/airflow/example_dags/example_xcomargs.py for tasks to queue
[2026-09-27T02:09:20.158+0000] {logging_mixin.py:149} INFO - [2026-09-27T02:09:20.158+0000] {dagbag.py:541} INFO - Filling up the DagBag from /home/airflow/.local/lib/python3.7/site-packages/airflow/example_dags/example_xcomargs.py
[2026-09-27T02:09:20.174+0000] {processor.py:809} INFO - DAG(s) dict_keys(['example_xcom_args', 'example_xcom_args_with_operators']) retrieved from /home/airflow/.local/lib/python3.7/site-packages/airflow/example_dags/example_xcomargs.py
[2026-09-27T02:09:20.224+0000] {logging_mixin.py:149} INFO - [2026-09-27T02:09:20.224+0000] {dag.py:2726} INFO - Sync 2 DAGs
[2026-09-27T02:09:20.273+0000] {logging_mixin.py:149} INFO - [2026-09-27T02:09:20.272+0000] {dag.py:3490} INFO - Setting next_dagrun for example_xcom_args to None, run_after=None
[2026-09-27T02:09:20.280+0000] {logging_mixin.py:149} INFO - [2026-09-27T02:09:20.280+0000] {dag.py:3490} INFO - Setting next_dagrun for example_xcom_args_with_operators to None, run_after=None
[2026-09-27T02:09:20.313+0000] {processor.py:178} INFO - Processing /home/airflow/.local/lib/python3.7/site-packages/airflow/example_dags/example_xcomargs.py took 0.167 seconds
[2026-09-27T02:09:51.792+0000] {processor.py:156} INFO - Started process (PID=424) to work on /home/airflow/.local/lib/python3.7/site-packages/airflow/example_dags/example_xcomargs.py
[2026-09-27T02:09:51.794+0000] {processor.py:799} INFO - Processing file /home/airflow/.local/lib/python3.7/site-packages/airflow/example_dags/example_xcomargs.py for tasks to queue
[2026-09-27T02:09:51.795+0000] {logging_mixin.py:149} INFO - [2026-09-27T02:09:51.795+0000] {dagbag.py:541} INFO - Filling up the DagBag from /home/airflow/.local/lib/python3.7/site-packages/airflow/example_dags/example_xcomargs.py
[2026-09-27T02:09:51.810+0000] {processor.py:809} INFO - DAG(s) dict_keys(['example_xcom_args', 'example_xcom_args_with_operators']) retrieved from /home/airflow/.local/lib/python3.7/site-packages/airflow/example_dags/example_xcomargs.py
[2026-09-27T02:09:51.868+0000] {logging_mixin.py:149} INFO - [2026-09-27T02:09:51.868+0000] {dag.py:2726} INFO - Sync 2 DAGs
[2026-09-27T02:09:51.915+0000] {logging_mixin.py:149} INFO - [2026-09-27T02:09:51.914+0000] {dag.py:3490} INFO - Setting next_dagrun for example_xcom_args to None, run_after=None
[2026-09-27T02:09:51.921+0000] {logging_mixin.py:149} INFO - [2026-09-27T02:09:51.921+0000] {dag.py:3490} INFO - Setting next_dagrun for example_xcom_args_with_operators to None, run_after=None
[2026-09-27T02:09:51.946+0000] {processor.py:178} INFO - Processing /home/airflow/.local/lib/python3.7/site-packages/airflow/example_dags/example_xcomargs.py took 0.160 seconds
[2026-09-27T02:10:22.632+0000] {processor.py:156} INFO - Started process (PID=480) to work on /home/airflow/.local/lib/python3.7/site-packages/airflow/example_dags/example_xcomargs.py
[2026-09-27T02:10:22.634+0000] {processor.py:799} INFO - Processing file /home/airflow/.local/lib/python3.7/site-packages/airflow/example_dags/example_xcomargs.py for tasks to queue
[2026-09-27T02:10:22.635+0000] {logging_mixin.py:149} INFO - [2026-09-27T02:10:22.635+0000] {dagbag.py:541} INFO - Filling up the DagBag from /home/airflow/.local/lib/python3.7/site-packages/airflow/example_dags/example_xcomargs.py
[2026-09-27T02:10:22.648+0000] {processor.py:809} INFO - DAG(s) dict_keys(['example_xcom_args_with_operators', 'example_xcom_args']) retrieved from /home/airflow/.local/lib/python3.7/site-packages/airflow/example_dags/example_xcomargs.py
[2026-09-27T02:10:22.698+0000] {logging_mixin.py:149} INFO - [2026-09-27T02:10:22.698+0000] {dag.py:2726} INFO - Sync 2 DAGs
[2026-09-27T02:10:22.739+0000] {logging_mixin.py:149} INFO - [2026-09-27T02:10:22.739+0000] {dag.py:3490} INFO - Setting next_dagrun for example_xcom_args to None, run_after=None
[2026-09-27T02:10:22.744+0000] {logging_mixin.py:149} INFO - [2026-09-27T02:10:22.743+0000] {dag.py:3490} INFO - Setting next_dagrun for example_xcom_args_with_operators to None, run_after=None
[2026-09-27T02:10:22.770+0000] {processor.py:178} INFO - Processing /home/airflow/.local/lib/python3.7/site-packages/airflow/example_dags/example_xcomargs.py took 0.144 seconds
[2026-09-27T02:10:53.211+0000] {processor.py:156} INFO - Started process (PID=536) to work on /home/airflow/.local/lib/python3.7/site-packages/airflow/example_dags/example_xcomargs.py
[2026-09-27T02:10:53.212+0000] {processor.py:799} INFO - Processing file /home/airflow/.local/lib/python3.7/site-packages/airflow/example_dags/example_xcomargs.py for tasks to queue
[2026-09-27T02:10:53.213+0000] {logging_mixin.py:149} INFO - [2026-09-27T02:10:53.213+0000] {dagbag.py:541} INFO - Filling up the DagBag from /home/airflow/.local/lib/python3.7/site-packages/airflow/example_dags/example_xcomargs.py
[2026-09-27T02:10:53.226+0000] {processor.py:809} INFO - DAG(s) dict_keys(['example_xcom_args', 'example_xcom_args_with_operators']) retrieved from /home/airflow/.local/lib/python3.7/site-packages/airflow/example_dags/example_xcomargs.py
[2026-09-27T02:10:53.284+0000] {logging_mixin.py:149} INFO - [2026-09-27T02:10:53.284+0000] {dag.py:2726} INFO - Sync 2 DAGs
[2026-09-27T02:10:53.326+0000] {logging_mixin.py:149} INFO - [2026-09-27T02:10:53.326+0000] {dag.py:3490} INFO - Setting next_dagrun for example_xcom_args to None, run_after=None
[2026-09-27T02:10:53.331+0000] {logging_mixin.py:149} INFO - [2026-09-27T02:10:53.331+0000] {dag.py:3490} INFO - Setting next_dagrun for example_xcom_args_with_operators to None, run_after=None
[2026-09-27T02:10:53.356+0000] {processor.py:178} INFO - Processing /home/airflow/.local/lib/python3.7/site-packages/airflow/example_dags/example_xcomargs.py took 0.150 seconds
[2026-09-27T02:11:24.266+0000] {processor.py:156} INFO - Started process (PID=592) to work on /home/airflow/.local/lib/python3.7/site-packages/airflow/example_dags/example_xcomargs.py
[2026-09-27T02:11:24.268+0000] {processor.py:799} INFO - Processing file /home/airflow/.local/lib/python3.7/site-packages/airflow/example_dags/example_xcomargs.py for tasks to queue
[2026-09-27T02:11:24.269+0000] {logging_mixin.py:149} INFO - [2026-09-27T02:11:24.269+0000] {dagbag.py:541} INFO - Filling up the DagBag from /home/airflow/.local/lib/python3.7/site-packages/airflow/example_dags/example_xcomargs.py
[2026-09-27T02:11:24.282+0000] {processor.py:809} INFO - DAG(s) dict_keys(['example_xcom_args_with_operators', 'example_xcom_args']) retrieved from /home/airflow/.local/lib/python3.7/site-packages/airflow/example_dags/example_xcomargs.py
[2026-09-27T02:11:24.337+0000] {logging_mixin.py:149} INFO - [2026-09-27T02:11:24.337+0000] {dag.py:2726} INFO - Sync 2 DAGs
[2026-09-27T02:11:24.389+0000] {logging_mixin.py:149} INFO - [2026-09-27T02:11:24.388+0000] {dag.py:3490} INFO - Setting next_dagrun for example_xcom_args to None, run_after=None
[2026-09-27T02:11:24.394+0000] {logging_mixin.py:149} INFO - [2026-09-27T02:11:24.394+0000] {dag.py:3490} INFO - Setting next_dagrun for example_xcom_args_with_operators to None, run_after=None
[2026-09-27T02:11:24.425+0000] {processor.py:178} INFO - Processing /home/airflow/.local/lib/python3.7/site-packages/airflow/example_dags/example_xcomargs.py took 0.165 seconds
[2026-09-27T02:11:55.091+0000] {processor.py:156} INFO - Started process (PID=648) to work on /home/airflow/.local/lib/python3.7/site-packages/airflow/example_dags/example_xcomargs.py
[2026-09-27T02:11:55.093+0000] {processor.py:799} INFO - Processing file /home/airflow/.local/lib/python3.7/site-packages/airflow/example_dags/example_xcomargs.py for tasks to queue
[2026-09-27T02:11:55.094+0000] {logging_mixin.py:149} INFO - [2026-09-27T02:11:55.094+0000] {dagbag.py:541} INFO - Filling up the DagBag from /home/airflow/.local/lib/python3.7/site-packages/airflow/example_dags/example_xcomargs.py
[2026-09-27T02:11:55.107+0000] {processor.py:809} INFO - DAG(s) dict_keys(['example_xcom_args_with_operators', 'example_xcom_args']) retrieved from /home/airflow/.local/lib/python3.7/site-packages/airflow/example_dags/example_xcomargs.py
[2026-09-27T02:11:55.156+0000] {logging_mixin.py:149} INFO - [2026-09-27T02:11:55.156+0000] {dag.py:2726} INFO - Sync 2 DAGs
[2026-09-27T02:11:55.202+0000] {logging_mixin.py:149} INFO - [2026-09-27T02:11:55.201+0000] {dag.py:3490} INFO - Setting next_dagrun for example_xcom_args to None, run_after=None
[2026-09-27T02:11:55.207+0000] {logging_mixin.py:149} INFO - [2026-09-27T02:11:55.207+0000] {dag.py:3490} INFO - Setting next_dagrun for example_xcom_args_with_operators to None, run_after=None
[2026-09-27T02:11:55.233+0000] {processor.py:178} INFO - Processing /home/airflow/.local/lib/python3.7/site-packages/airflow/example_dags/example_xcomargs.py took 0.147 seconds
[2026-09-27T02:12:25.940+0000] {processor.py:156} INFO - Started process (PID=704) to work on /home/airflow/.local/lib/python3.7/site-packages/airflow/example_dags/example_xcomargs.py
[2026-09-27T02:12:25.947+0000] {processor.py:799} INFO - Processing file /home/airflow/.local/lib/python3.7/site-packages/airflow/example_dags/example_xcomargs.py for tasks to queue
[2026-09-27T02:12:25.948+0000] {logging_mixin.py:149} INFO - [2026-09-27T02:12:25.948+0000] {dagbag.py:541} INFO - Filling up the DagBag from /home/airflow/.local/lib/python3.7/site-packages/airflow/example_dags/example_xcomargs.py
[2026-09-27T02:12:25.963+0000] {processor.py:809} INFO - DAG(s) dict_keys(['example_xcom_args', 'example_xcom_args_with_operators']) retrieved from /home/airflow/.local/lib/python3.7/site-packages/airflow/example_dags/example_xcomargs.py
[2026-09-27T02:12:26.014+0000] {logging_mixin.py:149} INFO - [2026-09-27T02:12:26.014+0000] {dag.py:2726} INFO - Sync 2 DAGs
[2026-09-27T02:12:26.075+0000] {logging_mixin.py:149} INFO - [2026-09-27T02:12:26.075+0000] {dag.py:3490} INFO - Setting next_dagrun for example_xcom_args to None, run_after=None
[2026-09-27T02:12:26.080+0000] {logging_mixin.py:149} INFO - [2026-09-27T02:12:26.080+0000] {dag.py:3490} INFO - Setting next_dagrun for example_xcom_args_with_operators to None, run_after=None
[2026-09-27T02:12:26.105+0000] {processor.py:178} INFO - Processing /home/airflow/.local/lib/python3.7/site-packages/airflow/example_dags/example_xcomargs.py took 0.173 seconds
[2026-09-27T02:12:56.682+0000] {processor.py:156} INFO - Started process (PID=760) to work on /home/airflow/.local/lib/python3.7/site-packages/airflow/example_dags/example_xcomargs.py
[2026-09-27T02:12:56.685+0000] {processor.py:799} INFO - Processing file /home/airflow/.local/lib/python3.7/site-packages/airflow/example_dags/example_xcomargs.py for tasks to queue
[2026-09-27T02:12:56.686+0000] {logging_mixin.py:149} INFO - [2026-09-27T02:12:56.686+0000] {dagbag.py:541} INFO - Filling up the DagBag from /home/airflow/.local/lib/python3.7/site-packages/airflow/example_dags/example_xcomargs.py
[2026-09-27T02:12:56.703+0000] {processor.py:809} INFO - DAG(s) dict_keys(['example_xcom_args_with_operators', 'example_xcom_args']) retrieved from /home/airflow/.local/lib/python3.7/site-packages/airflow/example_dags/example_xcomargs.py
[2026-09-27T02:12:56.754+0000] {logging_mixin.py:149} INFO - [2026-09-27T02:12:56.754+0000] {dag.py:2726} INFO - Sync 2 DAGs
[2026-09-27T02:12:56.799+0000] {logging_mixin.py:149} INFO - [2026-09-27T02:12:56.799+0000] {dag.py:3490} INFO - Setting next_dagrun for example_xcom_args to None, run_after=None
[2026-09-27T02:12:56.805+0000] {logging_mixin.py:149} INFO - [2026-09-27T02:12:56.805+0000] {dag.py:3490} INFO - Setting next_dagrun for example_xcom_args_with_operators to None, run_after=None
[2026-09-27T02:12:56.835+0000] {processor.py:178} INFO - Processing /home/airflow/.local/lib/python3.7/site-packages/airflow/example_dags/example_xcomargs.py took 0.159 seconds
[2026-09-27T02:13:27.897+0000] {processor.py:156} INFO - Started process (PID=816) to work on /home/airflow/.local/lib/python3.7/site-packages/airflow/example_dags/example_xcomargs.py
[2026-09-27T02:13:27.899+0000] {processor.py:799} INFO - Processing file /home/airflow/.local/lib/python3.7/site-packages/airflow/example_dags/example_xcomargs.py for tasks to queue
[2026-09-27T02:13:27.900+0000] {logging_mixin.py:149} INFO - [2026-09-27T02:13:27.900+0000] {dagbag.py:541} INFO - Filling up the DagBag from /home/airflow/.local/lib/python3.7/site-packages/airflow/example_dags/example_xcomargs.py
[2026-09-27T02:13:27.914+0000] {processor.py:809} INFO - DAG(s) dict_keys(['example_xcom_args', 'example_xcom_args_with_operators']) retrieved from /home/airflow/.local/lib/python3.7/site-packages/airflow/example_dags/example_xcomargs.py
[2026-09-27T02:13:27.963+0000] {logging_mixin.py:149} INFO - [2026-09-27T02:13:27.963+0000] {dag.py:2726} INFO - Sync 2 DAGs
[2026-09-27T02:13:28.005+0000] {logging_mixin.py:149} INFO - [2026-09-27T02:13:28.005+0000] {dag.py:3490} INFO - Setting next_dagrun for example_xcom_args to None, run_after=None
[2026-09-27T02:13:28.010+0000] {logging_mixin.py:149} INFO - [2026-09-27T02:13:28.010+0000] {dag.py:3490} INFO - Setting next_dagrun for example_xcom_args_with_operators to None, run_after=None
[2026-09-27T02:13:28.037+0000] {processor.py:178} INFO - Processing /home/airflow/.local/lib/python3.7/site-packages/airflow/example_dags/example_xcomargs.py took 0.145 seconds
[2026-09-27T02:13:58.675+0000] {processor.py:156} INFO - Started process (PID=872) to work on /home/airflow/.local/lib/python3.7/site-packages/airflow/example_dags/example_xcomargs.py
[2026-09-27T02:13:58.677+0000] {processor.py:799} INFO - Processing file /home/airflow/.local/lib/python3.7/site-packages/airflow/example_dags/example_xcomargs.py for tasks to queue
[2026-09-27T02:13:58.679+0000] {logging_mixin.py:149} INFO - [2026-09-27T02:13:58.678+0000] {dagbag.py:541} INFO - Filling up the DagBag from /home/airflow/.local/lib/python3.7/site-packages/airflow/example_dags/example_xcomargs.py
[2026-09-27T02:13:58.693+0000] {processor.py:809} INFO - DAG(s) dict_keys(['example_xcom_args_with_operators', 'example_xcom_args']) retrieved from /home/airflow/.local/lib/python3.7/site-packages/airflow/example_dags/example_xcomargs.py
[2026-09-27T02:13:58.744+0000] {logging_mixin.py:149} INFO - [2026-09-27T02:13:58.743+0000] {dag.py:2726} INFO - Sync 2 DAGs
[2026-09-27T02:13:58.793+0000] {logging_mixin.py:149} INFO - [2026-09-27T02:13:58.793+0000] {dag.py:3490} INFO - Setting next_dagrun for example_xcom_args to None, run_after=None
[2026-09-27T02:13:58.798+0000] {logging_mixin.py:149} INFO - [2026-09-27T02:13:58.798+0000] {dag.py:3490} INFO - Setting next_dagrun for example_xcom_args_with_operators to None, run_after=None
[2026-09-27T02:13:58.823+0000] {processor.py:178} INFO - Processing /home/airflow/.local/lib/python3.7/site-packages/airflow/example_dags/example_xcomargs.py took 0.153 seconds
[2026-09-27T02:14:29.684+0000] {processor.py:156} INFO - Started process (PID=928) to work on /home/airflow/.local/lib/python3.7/site-packages/airflow/example_dags/example_xcomargs.py
[2026-09-27T02:14:29.686+0000] {processor.py:799} INFO - Processing file /home/airflow/.local/lib/python3.7/site-packages/airflow/example_dags/example_xcomargs.py for tasks to queue
[2026-09-27T02:14:29.687+0000] {logging_mixin.py:149} INFO - [2026-09-27T02:14:29.687+0000] {dagbag.py:541} INFO - Filling up the DagBag from /home/airflow/.local/lib/python3.7/site-packages/airflow/example_dags/example_xcomargs.py
[2026-09-27T02:14:29.701+0000] {processor.py:809} INFO - DAG(s) dict_keys(['example_xcom_args', 'example_xcom_args_with_operators']) retrieved from /home/airflow/.local/lib/python3.7/site-packages/airflow/example_dags/example_xcomargs.py
[2026-09-27T02:14:29.752+0000] {logging_mixin.py:149} INFO - [2026-09-27T02:14:29.752+0000] {dag.py:2726} INFO - Sync 2 DAGs
[2026-09-27T02:14:29.801+0000] {logging_mixin.py:149} INFO - [2026-09-27T02:14:29.801+0000] {dag.py:3490} INFO - Setting next_dagrun for example_xcom_args to None, run_after=None
[2026-09-27T02:14:29.807+0000] {logging_mixin.py:149} INFO - [2026-09-27T02:14:29.807+0000] {dag.py:3490} INFO - Setting next_dagrun for example_xcom_args_with_operators to None, run_after=None
[2026-09-27T02:14:29.834+0000] {processor.py:178} INFO - Processing /home/airflow/.local/lib/python3.7/site-packages/airflow/example_dags/example_xcomargs.py took 0.156 seconds
[2026-09-27T02:15:00.056+0000] {processor.py:156} INFO - Started process (PID=984) to work on /home/airflow/.local/lib/python3.7/site-packages/airflow/example_dags/example_xcomargs.py
[2026-09-27T02:15:00.058+0000] {processor.py:799} INFO - Processing file /home/airflow/.local/lib/python3.7/site-packages/airflow/example_dags/example_xcomargs.py for tasks to queue
[2026-09-27T02:15:00.059+0000] {logging_mixin.py:149} INFO - [2026-09-27T02:15:00.059+0000] {dagbag.py:541} INFO - Filling up the DagBag from /home/airflow/.local/lib/python3.7/site-packages/airflow/example_dags/example_xcomargs.py
[2026-09-27T02:15:00.074+0000] {processor.py:809} INFO - DAG(s) dict_keys(['example_xcom_args_with_operators', 'example_xcom_args']) retrieved from /home/airflow/.local/lib/python3.7/site-packages/airflow/example_dags/example_xcomargs.py
[2026-09-27T02:15:00.123+0000] {logging_mixin.py:149} INFO - [2026-09-27T02:15:00.123+0000] {dag.py:2726} INFO - Sync 2 DAGs
[2026-09-27T02:15:00.168+0000] {logging_mixin.py:149} INFO - [2026-09-27T02:15:00.168+0000] {dag.py:3490} INFO - Setting next_dagrun for example_xcom_args to None, run_after=None
[2026-09-27T02:15:00.182+0000] {logging_mixin.py:149} INFO - [2026-09-27T02:15:00.181+0000] {dag.py:3490} INFO - Setting next_dagrun for example_xcom_args_with_operators to None, run_after=None
[2026-09-27T02:15:00.213+0000] {processor.py:178} INFO - Processing /home/airflow/.local/lib/python3.7/site-packages/airflow/example_dags/example_xcomargs.py took 0.164 seconds
[2026-09-27T02:15:31.418+0000] {processor.py:156} INFO - Started process (PID=1040) to work on /home/airflow/.local/lib/python3.7/site-packages/airflow/example_dags/example_xcomargs.py
[2026-09-27T02:15:31.423+0000] {processor.py:799} INFO - Processing file /home/airflow/.local/lib/python3.7/site-packages/airflow/example_dags/example_xcomargs.py for tasks to queue
[2026-09-27T02:15:31.424+0000] {logging_mixin.py:149} INFO - [2026-09-27T02:15:31.424+0000] {dagbag.py:541} INFO - Filling up the DagBag from /home/airflow/.local/lib/python3.7/site-packages/airflow/example_dags/example_xcomargs.py
[2026-09-27T02:15:31.440+0000] {processor.py:809} INFO - DAG(s) dict_keys(['example_xcom_args_with_operators', 'example_xcom_args']) retrieved from /home/airflow/.local/lib/python3.7/site-packages/airflow/example_dags/example_xcomargs.py
[2026-09-27T02:15:31.492+0000] {logging_mixin.py:149} INFO - [2026-09-27T02:15:31.492+0000] {dag.py:2726} INFO - Sync 2 DAGs
[2026-09-27T02:15:31.544+0000] {logging_mixin.py:149} INFO - [2026-09-27T02:15:31.544+0000] {dag.py:3490} INFO - Setting next_dagrun for example_xcom_args to None, run_after=None
[2026-09-27T02:15:31.550+0000] {logging_mixin.py:149} INFO - [2026-09-27T02:15:31.549+0000] {dag.py:3490} INFO - Setting next_dagrun for example_xcom_args_with_operators to None, run_after=None
[2026-09-27T02:15:31.577+0000] {processor.py:178} INFO - Processing /home/airflow/.local/lib/python3.7/site-packages/airflow/example_dags/example_xcomargs.py took 0.164 seconds
[2026-09-27T02:16:02.590+0000] {processor.py:156} INFO - Started process (PID=1096) to work on /home/airflow/.local/lib/python3.7/site-packages/airflow/example_dags/example_xcomargs.py
[2026-09-27T02:16:02.592+0000] {processor.py:799} INFO - Processing file /home/airflow/.local/lib/python3.7/site-packages/airflow/example_dags/example_xcomargs.py for tasks to queue
[2026-09-27T02:16:02.593+0000] {logging_mixin.py:149} INFO - [2026-09-27T02:16:02.593+0000] {dagbag.py:541} INFO - Filling up the DagBag from /home/airflow/.local/lib/python3.7/site-packages/airflow/example_dags/example_xcomargs.py
[2026-09-27T02:16:02.607+0000] {processor.py:809} INFO - DAG(s) dict_keys(['example_xcom_args', 'example_xcom_args_with_operators']) retrieved from /home/airflow/.local/lib/python3.7/site-packages/airflow/example_dags/example_xcomargs.py
[2026-09-27T02:16:02.654+0000] {logging_mixin.py:149} INFO - [2026-09-27T02:16:02.654+0000] {dag.py:2726} INFO - Sync 2 DAGs
[2026-09-27T02:16:02.698+0000] {logging_mixin.py:149} INFO - [2026-09-27T02:16:02.698+0000] {dag.py:3490} INFO - Setting next_dagrun for example_xcom_args to None, run_after=None
[2026-09-27T02:16:02.705+0000] {logging_mixin.py:149} INFO - [2026-09-27T02:16:02.704+0000] {dag.py:3490} INFO - Setting next_dagrun for example_xcom_args_with_operators to None, run_after=None
[2026-09-27T02:16:02.733+0000] {processor.py:178} INFO - Processing /home/airflow/.local/lib/python3.7/site-packages/airflow/example_dags/example_xcomargs.py took 0.150 seconds
[2026-09-27T02:16:34.320+0000] {processor.py:156} INFO - Started process (PID=1152) to work on /home/airflow/.local/lib/python3.7/site-packages/airflow/example_dags/example_xcomargs.py
[2026-09-27T02:16:34.322+0000] {processor.py:799} INFO - Processing file /home/airflow/.local/lib/python3.7/site-packages/airflow/example_dags/example_xcomargs.py for tasks to queue
[2026-09-27T02:16:34.323+0000] {logging_mixin.py:149} INFO - [2026-09-27T02:16:34.323+0000] {dagbag.py:541} INFO - Filling up the DagBag from /home/airflow/.local/lib/python3.7/site-packages/airflow/example_dags/example_xcomargs.py
[2026-09-27T02:16:34.336+0000] {processor.py:809} INFO - DAG(s) dict_keys(['example_xcom_args', 'example_xcom_args_with_operators']) retrieved from /home/airflow/.local/lib/python3.7/site-packages/airflow/example_dags/example_xcomargs.py
[2026-09-27T02:16:34.386+0000] {logging_mixin.py:149} INFO - [2026-09-27T02:16:34.386+0000] {dag.py:2726} INFO - Sync 2 DAGs
[2026-09-27T02:16:34.439+0000] {logging_mixin.py:149} INFO - [2026-09-27T02:16:34.439+0000] {dag.py:3490} INFO - Setting next_dagrun for example_xcom_args to None, run_after=None
[2026-09-27T02:16:34.447+0000] {logging_mixin.py:149} INFO - [2026-09-27T02:16:34.447+0000] {dag.py:3490} INFO - Setting next_dagrun for example_xcom_args_with_operators to None, run_after=None
[2026-09-27T02:16:34.475+0000] {processor.py:178} INFO - Processing /home/airflow/.local/lib/python3.7/site-packages/airflow/example_dags/example_xcomargs.py took 0.161 seconds
[2026-09-27T02:17:05.111+0000] {processor.py:156} INFO - Started process (PID=1208) to work on /home/airflow/.local/lib/python3.7/site-packages/airflow/example_dags/example_xcomargs.py
[2026-09-27T02:17:05.120+0000] {processor.py:799} INFO - Processing file /home/airflow/.local/lib/python3.7/site-packages/airflow/example_dags/example_xcomargs.py for tasks to queue
[2026-09-27T02:17:05.121+0000] {logging_mixin.py:149} INFO - [2026-09-27T02:17:05.121+0000] {dagbag.py:541} INFO - Filling up the DagBag from /home/airflow/.local/lib/python3.7/site-packages/airflow/example_dags/example_xcomargs.py
[2026-09-27T02:17:05.138+0000] {processor.py:809} INFO - DAG(s) dict_keys(['example_xcom_args_with_operators', 'example_xcom_args']) retrieved from /home/airflow/.local/lib/python3.7/site-packages/airflow/example_dags/example_xcomargs.py
[2026-09-27T02:17:05.190+0000] {logging_mixin.py:149} INFO - [2026-09-27T02:17:05.190+0000] {dag.py:2726} INFO - Sync 2 DAGs
[2026-09-27T02:17:05.239+0000] {logging_mixin.py:149} INFO - [2026-09-27T02:17:05.239+0000] {dag.py:3490} INFO - Setting next_dagrun for example_xcom_args to None, run_after=None
[2026-09-27T02:17:05.247+0000] {logging_mixin.py:149} INFO - [2026-09-27T02:17:05.247+0000] {dag.py:3490} INFO - Setting next_dagrun for example_xcom_args_with_operators to None, run_after=None
[2026-09-27T02:17:05.281+0000] {processor.py:178} INFO - Processing /home/airflow/.local/lib/python3.7/site-packages/airflow/example_dags/example_xcomargs.py took 0.176 seconds
[2026-09-27T02:17:36.003+0000] {processor.py:156} INFO - Started process (PID=1265) to work on /home/airflow/.local/lib/python3.7/site-packages/airflow/example_dags/example_xcomargs.py
[2026-09-27T02:17:36.005+0000] {processor.py:799} INFO - Processing file /home/airflow/.local/lib/python3.7/site-packages/airflow/example_dags/example_xcomargs.py for tasks to queue
[2026-09-27T02:17:36.006+0000] {logging_mixin.py:149} INFO - [2026-09-27T02:17:36.006+0000] {dagbag.py:541} INFO - Filling up the DagBag from /home/airflow/.local/lib/python3.7/site-packages/airflow/example_dags/example_xcomargs.py
[2026-09-27T02:17:36.021+0000] {processor.py:809} INFO - DAG(s) dict_keys(['example_xcom_args_with_operators', 'example_xcom_args']) retrieved from /home/airflow/.local/lib/python3.7/site-packages/airflow/example_dags/example_xcomargs.py
[2026-09-27T02:17:36.073+0000] {logging_mixin.py:149} INFO - [2026-09-27T02:17:36.073+0000] {dag.py:2726} INFO - Sync 2 DAGs
[2026-09-27T02:17:36.120+0000] {logging_mixin.py:149} INFO - [2026-09-27T02:17:36.119+0000] {dag.py:3490} INFO - Setting next_dagrun for example_xcom_args to None, run_after=None
[2026-09-27T02:17:36.126+0000] {logging_mixin.py:149} INFO - [2026-09-27T02:17:36.126+0000] {dag.py:3490} INFO - Setting next_dagrun for example_xcom_args_with_operators to None, run_after=None
[2026-09-27T02:17:36.156+0000] {processor.py:178} INFO - Processing /home/airflow/.local/lib/python3.7/site-packages/airflow/example_dags/example_xcomargs.py took 0.160 seconds
[2026-09-27T02:18:07.238+0000] {processor.py:156} INFO - Started process (PID=1321) to work on /home/airflow/.local/lib/python3.7/site-packages/airflow/example_dags/example_xcomargs.py
[2026-09-27T02:18:07.241+0000] {processor.py:799} INFO - Processing file /home/airflow/.local/lib/python3.7/site-packages/airflow/example_dags/example_xcomargs.py for tasks to queue
[2026-09-27T02:18:07.242+0000] {logging_mixin.py:149} INFO - [2026-09-27T02:18:07.242+0000] {dagbag.py:541} INFO - Filling up the DagBag from /home/airflow/.local/lib/python3.7/site-packages/airflow/example_dags/example_xcomargs.py
[2026-09-27T02:18:07.259+0000] {processor.py:809} INFO - DAG(s) dict_keys(['example_xcom_args', 'example_xcom_args_with_operators']) retrieved from /home/airflow/.local/lib/python3.7/site-packages/airflow/example_dags/example_xcomargs.py
[2026-09-27T02:18:07.318+0000] {logging_mixin.py:149} INFO - [2026-09-27T02:18:07.317+0000] {dag.py:2726} INFO - Sync 2 DAGs
[2026-09-27T02:18:07.374+0000] {logging_mixin.py:149} INFO - [2026-09-27T02:18:07.373+0000] {dag.py:3490} INFO - Setting next_dagrun for example_xcom_args to None, run_after=None
[2026-09-27T02:18:07.383+0000] {logging_mixin.py:149} INFO - [2026-09-27T02:18:07.383+0000] {dag.py:3490} INFO - Setting next_dagrun for example_xcom_args_with_operators to None, run_after=None
[2026-09-27T02:18:07.437+0000] {processor.py:178} INFO - Processing /home/airflow/.local/lib/python3.7/site-packages/airflow/example_dags/example_xcomargs.py took 0.205 seconds
[2026-09-27T02:18:38.283+0000] {processor.py:156} INFO - Started process (PID=1378) to work on /home/airflow/.local/lib/python3.7/site-packages/airflow/example_dags/example_xcomargs.py
[2026-09-27T02:18:38.284+0000] {processor.py:799} INFO - Processing file /home/airflow/.local/lib/python3.7/site-packages/airflow/example_dags/example_xcomargs.py for tasks to queue
[2026-09-27T02:18:38.285+0000] {logging_mixin.py:149} INFO - [2026-09-27T02:18:38.285+0000] {dagbag.py:541} INFO - Filling up the DagBag from /home/airflow/.local/lib/python3.7/site-packages/airflow/example_dags/example_xcomargs.py
[2026-09-27T02:18:38.297+0000] {processor.py:809} INFO - DAG(s) dict_keys(['example_xcom_args', 'example_xcom_args_with_operators']) retrieved from /home/airflow/.local/lib/python3.7/site-packages/airflow/example_dags/example_xcomargs.py
[2026-09-27T02:18:38.350+0000] {logging_mixin.py:149} INFO - [2026-09-27T02:18:38.350+0000] {dag.py:2726} INFO - Sync 2 DAGs
[2026-09-27T02:18:38.399+0000] {logging_mixin.py:149} INFO - [2026-09-27T02:18:38.399+0000] {dag.py:3490} INFO - Setting next_dagrun for example_xcom_args to None, run_after=None
[2026-09-27T02:18:38.405+0000] {logging_mixin.py:149} INFO - [2026-09-27T02:18:38.404+0000] {dag.py:3490} INFO - Setting next_dagrun for example_xcom_args_with_operators to None, run_after=None
[2026-09-27T02:18:38.430+0000] {processor.py:178} INFO - Processing /home/airflow/.local/lib/python3.7/site-packages/airflow/example_dags/example_xcomargs.py took 0.153 seconds
[2026-09-27T02:19:09.758+0000] {processor.py:156} INFO - Started process (PID=1441) to work on /home/airflow/.local/lib/python3.7/site-packages/airflow/example_dags/example_xcomargs.py
[2026-09-27T02:19:09.759+0000] {processor.py:799} INFO - Processing file /home/airflow/.local/lib/python3.7/site-packages/airflow/example_dags/example_xcomargs.py for tasks to queue
[2026-09-27T02:19:09.760+0000] {logging_mixin.py:149} INFO - [2026-09-27T02:19:09.760+0000] {dagbag.py:541} INFO - Filling up the DagBag from /home/airflow/.local/lib/python3.7/site-packages/airflow/example_dags/example_xcomargs.py
[2026-09-27T02:19:09.774+0000] {processor.py:809} INFO - DAG(s) dict_keys(['example_xcom_args', 'example_xcom_args_with_operators']) retrieved from /home/airflow/.local/lib/python3.7/site-packages/airflow/example_dags/example_xcomargs.py
[2026-09-27T02:19:09.820+0000] {logging_mixin.py:149} INFO - [2026-09-27T02:19:09.820+0000] {dag.py:2726} INFO - Sync 2 DAGs
[2026-09-27T02:19:09.870+0000] {logging_mixin.py:149} INFO - [2026-09-27T02:19:09.870+0000] {dag.py:3490} INFO - Setting next_dagrun for example_xcom_args to None, run_after=None
[2026-09-27T02:19:09.876+0000] {logging_mixin.py:149} INFO - [2026-09-27T02:19:09.876+0000] {dag.py:3490} INFO - Setting next_dagrun for example_xcom_args_with_operators to None, run_after=None
[2026-09-27T02:19:09.903+0000] {processor.py:178} INFO - Processing /home/airflow/.local/lib/python3.7/site-packages/airflow/example_dags/example_xcomargs.py took 0.152 seconds
[2026-09-27T02:19:41.054+0000] {processor.py:156} INFO - Started process (PID=1498) to work on /home/airflow/.local/lib/python3.7/site-packages/airflow/example_dags/example_xcomargs.py
[2026-09-27T02:19:41.056+0000] {processor.py:799} INFO - Processing file /home/airflow/.local/lib/python3.7/site-packages/airflow/example_dags/example_xcomargs.py for tasks to queue
[2026-09-27T02:19:41.057+0000] {logging_mixin.py:149} INFO - [2026-09-27T02:19:41.057+0000] {dagbag.py:541} INFO - Filling up the DagBag from /home/airflow/.local/lib/python3.7/site-packages/airflow/example_dags/example_xcomargs.py
[2026-09-27T02:19:41.071+0000] {processor.py:809} INFO - DAG(s) dict_keys(['example_xcom_args', 'example_xcom_args_with_operators']) retrieved from /home/airflow/.local/lib/python3.7/site-packages/airflow/example_dags/example_xcomargs.py
[2026-09-27T02:19:41.123+0000] {logging_mixin.py:149} INFO - [2026-09-27T02:19:41.123+0000] {dag.py:2726} INFO - Sync 2 DAGs
[2026-09-27T02:19:41.176+0000] {logging_mixin.py:149} INFO - [2026-09-27T02:19:41.176+0000] {dag.py:3490} INFO - Setting next_dagrun for example_xcom_args to None, run_after=None
[2026-09-27T02:19:41.183+0000] {logging_mixin.py:149} INFO - [2026-09-27T02:19:41.183+0000] {dag.py:3490} INFO - Setting next_dagrun for example_xcom_args_with_operators to None, run_after=None
[2026-09-27T02:19:41.212+0000] {processor.py:178} INFO - Processing /home/airflow/.local/lib/python3.7/site-packages/airflow/example_dags/example_xcomargs.py took 0.164 seconds
[2026-09-27T02:20:12.893+0000] {processor.py:156} INFO - Started process (PID=1553) to work on /home/airflow/.local/lib/python3.7/site-packages/airflow/example_dags/example_xcomargs.py
[2026-09-27T02:20:12.894+0000] {processor.py:799} INFO - Processing file /home/airflow/.local/lib/python3.7/site-packages/airflow/example_dags/example_xcomargs.py for tasks to queue
[2026-09-27T02:20:12.895+0000] {logging_mixin.py:149} INFO - [2026-09-27T02:20:12.895+0000] {dagbag.py:541} INFO - Filling up the DagBag from /home/airflow/.local/lib/python3.7/site-packages/airflow/example_dags/example_xcomargs.py
[2026-09-27T02:20:12.909+0000] {processor.py:809} INFO - DAG(s) dict_keys(['example_xcom_args', 'example_xcom_args_with_operators']) retrieved from /home/airflow/.local/lib/python3.7/site-packages/airflow/example_dags/example_xcomargs.py
[2026-09-27T02:20:12.963+0000] {logging_mixin.py:149} INFO - [2026-09-27T02:20:12.963+0000] {dag.py:2726} INFO - Sync 2 DAGs
[2026-09-27T02:20:13.016+0000] {logging_mixin.py:149} INFO - [2026-09-27T02:20:13.016+0000] {dag.py:3490} INFO - Setting next_dagrun for example_xcom_args to None, run_after=None
[2026-09-27T02:20:13.023+0000] {logging_mixin.py:149} INFO - [2026-09-27T02:20:13.023+0000] {dag.py:3490} INFO - Setting next_dagrun for example_xcom_args_with_operators to None, run_after=None
[2026-09-27T02:20:13.050+0000] {processor.py:178} INFO - Processing /home/airflow/.local/lib/python3.7/site-packages/airflow/example_dags/example_xcomargs.py took 0.163 seconds
[2026-09-27T02:20:43.713+0000] {processor.py:156} INFO - Started process (PID=1609) to work on /home/airflow/.local/lib/python3.7/site-packages/airflow/example_dags/example_xcomargs.py
[2026-09-27T02:20:43.715+0000] {processor.py:799} INFO - Processing file /home/airflow/.local/lib/python3.7/site-packages/airflow/example_dags/example_xcomargs.py for tasks to queue
[2026-09-27T02:20:43.716+0000] {logging_mixin.py:149} INFO - [2026-09-27T02:20:43.716+0000] {dagbag.py:541} INFO - Filling up the DagBag from /home/airflow/.local/lib/python3.7/site-packages/airflow/example_dags/example_xcomargs.py
[2026-09-27T02:20:43.730+0000] {processor.py:809} INFO - DAG(s) dict_keys(['example_xcom_args', 'example_xcom_args_with_operators']) retrieved from /home/airflow/.local/lib/python3.7/site-packages/airflow/example_dags/example_xcomargs.py
[2026-09-27T02:20:43.783+0000] {logging_mixin.py:149} INFO - [2026-09-27T02:20:43.783+0000] {dag.py:2726} INFO - Sync 2 DAGs
[2026-09-27T02:20:43.827+0000] {logging_mixin.py:149} INFO - [2026-09-27T02:20:43.827+0000] {dag.py:3490} INFO - Setting next_dagrun for example_xcom_args to None, run_after=None
[2026-09-27T02:20:43.837+0000] {logging_mixin.py:149} INFO - [2026-09-27T02:20:43.837+0000] {dag.py:3490} INFO - Setting next_dagrun for example_xcom_args_with_operators to None, run_after=None
[2026-09-27T02:20:43.868+0000] {processor.py:178} INFO - Processing /home/airflow/.local/lib/python3.7/site-packages/airflow/example_dags/example_xcomargs.py took 0.161 seconds
[2026-09-27T02:21:15.261+0000] {processor.py:156} INFO - Started process (PID=1666) to work on /home/airflow/.local/lib/python3.7/site-packages/airflow/example_dags/example_xcomargs.py
[2026-09-27T02:21:15.263+0000] {processor.py:799} INFO - Processing file /home/airflow/.local/lib/python3.7/site-packages/airflow/example_dags/example_xcomargs.py for tasks to queue
[2026-09-27T02:21:15.264+0000] {logging_mixin.py:149} INFO - [2026-09-27T02:21:15.264+0000] {dagbag.py:541} INFO - Filling up the DagBag from /home/airflow/.local/lib/python3.7/site-packages/airflow/example_dags/example_xcomargs.py
[2026-09-27T02:21:15.280+0000] {processor.py:809} INFO - DAG(s) dict_keys(['example_xcom_args_with_operators', 'example_xcom_args']) retrieved from /home/airflow/.local/lib/python3.7/site-packages/airflow/example_dags/example_xcomargs.py
[2026-09-27T02:21:15.329+0000] {logging_mixin.py:149} INFO - [2026-09-27T02:21:15.329+0000] {dag.py:2726} INFO - Sync 2 DAGs
[2026-09-27T02:21:15.390+0000] {logging_mixin.py:149} INFO - [2026-09-27T02:21:15.390+0000] {dag.py:3490} INFO - Setting next_dagrun for example_xcom_args to None, run_after=None
[2026-09-27T02:21:15.398+0000] {logging_mixin.py:149} INFO - [2026-09-27T02:21:15.398+0000] {dag.py:3490} INFO - Setting next_dagrun for example_xcom_args_with_operators to None, run_after=None
[2026-09-27T02:21:15.429+0000] {processor.py:178} INFO - Processing /home/airflow/.local/lib/python3.7/site-packages/airflow/example_dags/example_xcomargs.py took 0.173 seconds
[2026-09-27T02:21:46.561+0000] {processor.py:156} INFO - Started process (PID=1722) to work on /home/airflow/.local/lib/python3.7/site-packages/airflow/example_dags/example_xcomargs.py
[2026-09-27T02:21:46.568+0000] {processor.py:799} INFO - Processing file /home/airflow/.local/lib/python3.7/site-packages/airflow/example_dags/example_xcomargs.py for tasks to queue
[2026-09-27T02:21:46.569+0000] {logging_mixin.py:149} INFO - [2026-09-27T02:21:46.569+0000] {dagbag.py:541} INFO - Filling up the DagBag from /home/airflow/.local/lib/python3.7/site-packages/airflow/example_dags/example_xcomargs.py
[2026-09-27T02:21:46.584+0000] {processor.py:809} INFO - DAG(s) dict_keys(['example_xcom_args', 'example_xcom_args_with_operators']) retrieved from /home/airflow/.local/lib/python3.7/site-packages/airflow/example_dags/example_xcomargs.py
[2026-09-27T02:21:46.632+0000] {logging_mixin.py:149} INFO - [2026-09-27T02:21:46.632+0000] {dag.py:2726} INFO - Sync 2 DAGs
[2026-09-27T02:21:46.674+0000] {logging_mixin.py:149} INFO - [2026-09-27T02:21:46.674+0000] {dag.py:3490} INFO - Setting next_dagrun for example_xcom_args to None, run_after=None
[2026-09-27T02:21:46.680+0000] {logging_mixin.py:149} INFO - [2026-09-27T02:21:46.680+0000] {dag.py:3490} INFO - Setting next_dagrun for example_xcom_args_with_operators to None, run_after=None
[2026-09-27T02:21:46.709+0000] {processor.py:178} INFO - Processing /home/airflow/.local/lib/python3.7/site-packages/airflow/example_dags/example_xcomargs.py took 0.153 seconds
[2026-09-27T02:22:17.834+0000] {processor.py:156} INFO - Started process (PID=1777) to work on /home/airflow/.local/lib/python3.7/site-packages/airflow/example_dags/example_xcomargs.py
[2026-09-27T02:22:17.835+0000] {processor.py:799} INFO - Processing file /home/airflow/.local/lib/python3.7/site-packages/airflow/example_dags/example_xcomargs.py for tasks to queue
[2026-09-27T02:22:17.836+0000] {logging_mixin.py:149} INFO - [2026-09-27T02:22:17.836+0000] {dagbag.py:541} INFO - Filling up the DagBag from /home/airflow/.local/lib/python3.7/site-packages/airflow/example_dags/example_xcomargs.py
[2026-09-27T02:22:17.850+0000] {processor.py:809} INFO - DAG(s) dict_keys(['example_xcom_args_with_operators', 'example_xcom_args']) retrieved from /home/airflow/.local/lib/python3.7/site-packages/airflow/example_dags/example_xcomargs.py
[2026-09-27T02:22:17.898+0000] {logging_mixin.py:149} INFO - [2026-09-27T02:22:17.898+0000] {dag.py:2726} INFO - Sync 2 DAGs
[2026-09-27T02:22:17.943+0000] {logging_mixin.py:149} INFO - [2026-09-27T02:22:17.943+0000] {dag.py:3490} INFO - Setting next_dagrun for example_xcom_args to None, run_after=None
[2026-09-27T02:22:17.954+0000] {logging_mixin.py:149} INFO - [2026-09-27T02:22:17.954+0000] {dag.py:3490} INFO - Setting next_dagrun for example_xcom_args_with_operators to None, run_after=None
[2026-09-27T02:22:17.981+0000] {processor.py:178} INFO - Processing /home/airflow/.local/lib/python3.7/site-packages/airflow/example_dags/example_xcomargs.py took 0.154 seconds
[2026-09-27T02:22:49.300+0000] {processor.py:156} INFO - Started process (PID=1833) to work on /home/airflow/.local/lib/python3.7/site-packages/airflow/example_dags/example_xcomargs.py
[2026-09-27T02:22:49.303+0000] {processor.py:799} INFO - Processing file /home/airflow/.local/lib/python3.7/site-packages/airflow/example_dags/example_xcomargs.py for tasks to queue
[2026-09-27T02:22:49.304+0000] {logging_mixin.py:149} INFO - [2026-09-27T02:22:49.304+0000] {dagbag.py:541} INFO - Filling up the DagBag from /home/airflow/.local/lib/python3.7/site-packages/airflow/example_dags/example_xcomargs.py
[2026-09-27T02:22:49.318+0000] {processor.py:809} INFO - DAG(s) dict_keys(['example_xcom_args', 'example_xcom_args_with_operators']) retrieved from /home/airflow/.local/lib/python3.7/site-packages/airflow/example_dags/example_xcomargs.py
[2026-09-27T02:22:49.370+0000] {logging_mixin.py:149} INFO - [2026-09-27T02:22:49.370+0000] {dag.py:2726} INFO - Sync 2 DAGs
[2026-09-27T02:22:49.415+0000] {logging_mixin.py:149} INFO - [2026-09-27T02:22:49.414+0000] {dag.py:3490} INFO - Setting next_dagrun for example_xcom_args to None, run_after=None
[2026-09-27T02:22:49.420+0000] {logging_mixin.py:149} INFO - [2026-09-27T02:22:49.420+0000] {dag.py:3490} INFO - Setting next_dagrun for example_xcom_args_with_operators to None, run_after=None
[2026-09-27T02:22:49.449+0000] {processor.py:178} INFO - Processing /home/airflow/.local/lib/python3.7/site-packages/airflow/example_dags/example_xcomargs.py took 0.156 seconds
[2026-09-27T02:23:20.538+0000] {processor.py:156} INFO - Started process (PID=1889) to work on /home/airflow/.local/lib/python3.7/site-packages/airflow/example_dags/example_xcomargs.py
[2026-09-27T02:23:20.540+0000] {processor.py:799} INFO - Processing file /home/airflow/.local/lib/python3.7/site-packages/airflow/example_dags/example_xcomargs.py for tasks to queue
[2026-09-27T02:23:20.541+0000] {logging_mixin.py:149} INFO - [2026-09-27T02:23:20.541+0000] {dagbag.py:541} INFO - Filling up the DagBag from /home/airflow/.local/lib/python3.7/site-packages/airflow/example_dags/example_xcomargs.py
[2026-09-27T02:23:20.554+0000] {processor.py:809} INFO - DAG(s) dict_keys(['example_xcom_args_with_operators', 'example_xcom_args']) retrieved from /home/airflow/.local/lib/python3.7/site-packages/airflow/example_dags/example_xcomargs.py
[2026-09-27T02:23:20.602+0000] {logging_mixin.py:149} INFO - [2026-09-27T02:23:20.602+0000] {dag.py:2726} INFO - Sync 2 DAGs
[2026-09-27T02:23:20.647+0000] {logging_mixin.py:149} INFO - [2026-09-27T02:23:20.647+0000] {dag.py:3490} INFO - Setting next_dagrun for example_xcom_args to None, run_after=None
[2026-09-27T02:23:20.653+0000] {logging_mixin.py:149} INFO - [2026-09-27T02:23:20.653+0000] {dag.py:3490} INFO - Setting next_dagrun for example_xcom_args_with_operators to None, run_after=None
[2026-09-27T02:23:20.680+0000] {processor.py:178} INFO - Processing /home/airflow/.local/lib/python3.7/site-packages/airflow/example_dags/example_xcomargs.py took 0.148 seconds
[2026-09-27T02:23:52.152+0000] {processor.py:156} INFO - Started process (PID=1945) to work on /home/airflow/.local/lib/python3.7/site-packages/airflow/example_dags/example_xcomargs.py
[2026-09-27T02:23:52.154+0000] {processor.py:799} INFO - Processing file /home/airflow/.local/lib/python3.7/site-packages/airflow/example_dags/example_xcomargs.py for tasks to queue
[2026-09-27T02:23:52.155+0000] {logging_mixin.py:149} INFO - [2026-09-27T02:23:52.155+0000] {dagbag.py:541} INFO - Filling up the DagBag from /home/airflow/.local/lib/python3.7/site-packages/airflow/example_dags/example_xcomargs.py
[2026-09-27T02:23:52.171+0000] {processor.py:809} INFO - DAG(s) dict_keys(['example_xcom_args_with_operators', 'example_xcom_args']) retrieved from /home/airflow/.local/lib/python3.7/site-packages/airflow/example_dags/example_xcomargs.py
[2026-09-27T02:23:52.224+0000] {logging_mixin.py:149} INFO - [2026-09-27T02:23:52.223+0000] {dag.py:2726} INFO - Sync 2 DAGs
[2026-09-27T02:23:52.278+0000] {logging_mixin.py:149} INFO - [2026-09-27T02:23:52.278+0000] {dag.py:3490} INFO - Setting next_dagrun for example_xcom_args to None, run_after=None
[2026-09-27T02:23:52.283+0000] {logging_mixin.py:149} INFO - [2026-09-27T02:23:52.283+0000] {dag.py:3490} INFO - Setting next_dagrun for example_xcom_args_with_operators to None, run_after=None
[2026-09-27T02:23:52.314+0000] {processor.py:178} INFO - Processing /home/airflow/.local/lib/python3.7/site-packages/airflow/example_dags/example_xcomargs.py took 0.169 seconds
[2026-09-27T02:24:23.644+0000] {processor.py:156} INFO - Started process (PID=2005) to work on /home/airflow/.local/lib/python3.7/site-packages/airflow/example_dags/example_xcomargs.py
[2026-09-27T02:24:23.645+0000] {processor.py:799} INFO - Processing file /home/airflow/.local/lib/python3.7/site-packages/airflow/example_dags/example_xcomargs.py for tasks to queue
[2026-09-27T02:24:23.646+0000] {logging_mixin.py:149} INFO - [2026-09-27T02:24:23.646+0000] {dagbag.py:541} INFO - Filling up the DagBag from /home/airflow/.local/lib/python3.7/site-packages/airflow/example_dags/example_xcomargs.py
[2026-09-27T02:24:23.660+0000] {processor.py:809} INFO - DAG(s) dict_keys(['example_xcom_args_with_operators', 'example_xcom_args']) retrieved from /home/airflow/.local/lib/python3.7/site-packages/airflow/example_dags/example_xcomargs.py
[2026-09-27T02:24:23.710+0000] {logging_mixin.py:149} INFO - [2026-09-27T02:24:23.709+0000] {dag.py:2726} INFO - Sync 2 DAGs
[2026-09-27T02:24:23.768+0000] {logging_mixin.py:149} INFO - [2026-09-27T02:24:23.768+0000] {dag.py:3490} INFO - Setting next_dagrun for example_xcom_args to None, run_after=None
[2026-09-27T02:24:23.774+0000] {logging_mixin.py:149} INFO - [2026-09-27T02:24:23.774+0000] {dag.py:3490} INFO - Setting next_dagrun for example_xcom_args_with_operators to None, run_after=None
[2026-09-27T02:24:23.802+0000] {processor.py:178} INFO - Processing /home/airflow/.local/lib/python3.7/site-packages/airflow/example_dags/example_xcomargs.py took 0.165 seconds
[2026-09-27T02:24:55.247+0000] {processor.py:156} INFO - Started process (PID=2063) to work on /home/airflow/.local/lib/python3.7/site-packages/airflow/example_dags/example_xcomargs.py
[2026-09-27T02:24:55.249+0000] {processor.py:799} INFO - Processing file /home/airflow/.local/lib/python3.7/site-packages/airflow/example_dags/example_xcomargs.py for tasks to queue
[2026-09-27T02:24:55.250+0000] {logging_mixin.py:149} INFO - [2026-09-27T02:24:55.250+0000] {dagbag.py:541} INFO - Filling up the DagBag from /home/airflow/.local/lib/python3.7/site-packages/airflow/example_dags/example_xcomargs.py
[2026-09-27T02:24:55.265+0000] {processor.py:809} INFO - DAG(s) dict_keys(['example_xcom_args_with_operators', 'example_xcom_args']) retrieved from /home/airflow/.local/lib/python3.7/site-packages/airflow/example_dags/example_xcomargs.py
[2026-09-27T02:24:55.322+0000] {logging_mixin.py:149} INFO - [2026-09-27T02:24:55.322+0000] {dag.py:2726} INFO - Sync 2 DAGs
[2026-09-27T02:24:55.373+0000] {logging_mixin.py:149} INFO - [2026-09-27T02:24:55.373+0000] {dag.py:3490} INFO - Setting next_dagrun for example_xcom_args to None, run_after=None
[2026-09-27T02:24:55.379+0000] {logging_mixin.py:149} INFO - [2026-09-27T02:24:55.379+0000] {dag.py:3490} INFO - Setting next_dagrun for example_xcom_args_with_operators to None, run_after=None
[2026-09-27T02:24:55.408+0000] {processor.py:178} INFO - Processing /home/airflow/.local/lib/python3.7/site-packages/airflow/example_dags/example_xcomargs.py took 0.169 seconds
[2026-09-27T02:25:26.219+0000] {processor.py:156} INFO - Started process (PID=2119) to work on /home/airflow/.local/lib/python3.7/site-packages/airflow/example_dags/example_xcomargs.py
[2026-09-27T02:25:26.221+0000] {processor.py:799} INFO - Processing file /home/airflow/.local/lib/python3.7/site-packages/airflow/example_dags/example_xcomargs.py for tasks to queue
[2026-09-27T02:25:26.222+0000] {logging_mixin.py:149} INFO - [2026-09-27T02:25:26.222+0000] {dagbag.py:541} INFO - Filling up the DagBag from /home/airflow/.local/lib/python3.7/site-packages/airflow/example_dags/example_xcomargs.py
[2026-09-27T02:25:26.236+0000] {processor.py:809} INFO - DAG(s) dict_keys(['example_xcom_args', 'example_xcom_args_with_operators']) retrieved from /home/airflow/.local/lib/python3.7/site-packages/airflow/example_dags/example_xcomargs.py
[2026-09-27T02:25:26.287+0000] {logging_mixin.py:149} INFO - [2026-09-27T02:25:26.287+0000] {dag.py:2726} INFO - Sync 2 DAGs
[2026-09-27T02:25:26.330+0000] {logging_mixin.py:149} INFO - [2026-09-27T02:25:26.330+0000] {dag.py:3490} INFO - Setting next_dagrun for example_xcom_args to None, run_after=None
[2026-09-27T02:25:26.336+0000] {logging_mixin.py:149} INFO - [2026-09-27T02:25:26.336+0000] {dag.py:3490} INFO - Setting next_dagrun for example_xcom_args_with_operators to None, run_after=None
[2026-09-27T02:25:26.361+0000] {processor.py:178} INFO - Processing /home/airflow/.local/lib/python3.7/site-packages/airflow/example_dags/example_xcomargs.py took 0.149 seconds
[2026-09-27T02:25:57.153+0000] {processor.py:156} INFO - Started process (PID=2175) to work on /home/airflow/.local/lib/python3.7/site-packages/airflow/example_dags/example_xcomargs.py
[2026-09-27T02:25:57.155+0000] {processor.py:799} INFO - Processing file /home/airflow/.local/lib/python3.7/site-packages/airflow/example_dags/example_xcomargs.py for tasks to queue
[2026-09-27T02:25:57.156+0000] {logging_mixin.py:149} INFO - [2026-09-27T02:25:57.155+0000] {dagbag.py:541} INFO - Filling up the DagBag from /home/airflow/.local/lib/python3.7/site-packages/airflow/example_dags/example_xcomargs.py
[2026-09-27T02:25:57.172+0000] {processor.py:809} INFO - DAG(s) dict_keys(['example_xcom_args_with_operators', 'example_xcom_args']) retrieved from /home/airflow/.local/lib/python3.7/site-packages/airflow/example_dags/example_xcomargs.py
[2026-09-27T02:25:57.228+0000] {logging_mixin.py:149} INFO - [2026-09-27T02:25:57.228+0000] {dag.py:2726} INFO - Sync 2 DAGs
[2026-09-27T02:25:57.271+0000] {logging_mixin.py:149} INFO - [2026-09-27T02:25:57.271+0000] {dag.py:3490} INFO - Setting next_dagrun for example_xcom_args to None, run_after=None
[2026-09-27T02:25:57.280+0000] {logging_mixin.py:149} INFO - [2026-09-27T02:25:57.279+0000] {dag.py:3490} INFO - Setting next_dagrun for example_xcom_args_with_operators to None, run_after=None
[2026-09-27T02:25:57.310+0000] {processor.py:178} INFO - Processing /home/airflow/.local/lib/python3.7/site-packages/airflow/example_dags/example_xcomargs.py took 0.164 seconds
[2026-09-27T02:26:27.897+0000] {processor.py:156} INFO - Started process (PID=2233) to work on /home/airflow/.local/lib/python3.7/site-packages/airflow/example_dags/example_xcomargs.py
[2026-09-27T02:26:27.898+0000] {processor.py:799} INFO - Processing file /home/airflow/.local/lib/python3.7/site-packages/airflow/example_dags/example_xcomargs.py for tasks to queue
[2026-09-27T02:26:27.900+0000] {logging_mixin.py:149} INFO - [2026-09-27T02:26:27.899+0000] {dagbag.py:541} INFO - Filling up the DagBag from /home/airflow/.local/lib/python3.7/site-packages/airflow/example_dags/example_xcomargs.py
[2026-09-27T02:26:27.913+0000] {processor.py:809} INFO - DAG(s) dict_keys(['example_xcom_args', 'example_xcom_args_with_operators']) retrieved from /home/airflow/.local/lib/python3.7/site-packages/airflow/example_dags/example_xcomargs.py
[2026-09-27T02:26:27.963+0000] {logging_mixin.py:149} INFO - [2026-09-27T02:26:27.962+0000] {dag.py:2726} INFO - Sync 2 DAGs
[2026-09-27T02:26:28.008+0000] {logging_mixin.py:149} INFO - [2026-09-27T02:26:28.008+0000] {dag.py:3490} INFO - Setting next_dagrun for example_xcom_args to None, run_after=None
[2026-09-27T02:26:28.014+0000] {logging_mixin.py:149} INFO - [2026-09-27T02:26:28.014+0000] {dag.py:3490} INFO - Setting next_dagrun for example_xcom_args_with_operators to None, run_after=None
[2026-09-27T02:26:28.041+0000] {processor.py:178} INFO - Processing /home/airflow/.local/lib/python3.7/site-packages/airflow/example_dags/example_xcomargs.py took 0.152 seconds
[2026-09-27T02:37:20.020+0000] {processor.py:156} INFO - Started process (PID=86) to work on /home/airflow/.local/lib/python3.7/site-packages/airflow/example_dags/example_xcomargs.py
[2026-09-27T02:37:20.034+0000] {processor.py:799} INFO - Processing file /home/airflow/.local/lib/python3.7/site-packages/airflow/example_dags/example_xcomargs.py for tasks to queue
[2026-09-27T02:37:20.035+0000] {logging_mixin.py:149} INFO - [2026-09-27T02:37:20.035+0000] {dagbag.py:541} INFO - Filling up the DagBag from /home/airflow/.local/lib/python3.7/site-packages/airflow/example_dags/example_xcomargs.py
[2026-09-27T02:37:20.054+0000] {processor.py:809} INFO - DAG(s) dict_keys(['example_xcom_args', 'example_xcom_args_with_operators']) retrieved from /home/airflow/.local/lib/python3.7/site-packages/airflow/example_dags/example_xcomargs.py
[2026-09-27T02:37:20.135+0000] {logging_mixin.py:149} INFO - [2026-09-27T02:37:20.134+0000] {dag.py:2726} INFO - Sync 2 DAGs
[2026-09-27T02:37:20.185+0000] {logging_mixin.py:149} INFO - [2026-09-27T02:37:20.185+0000] {dag.py:3490} INFO - Setting next_dagrun for example_xcom_args to None, run_after=None
[2026-09-27T02:37:20.190+0000] {logging_mixin.py:149} INFO - [2026-09-27T02:37:20.190+0000] {dag.py:3490} INFO - Setting next_dagrun for example_xcom_args_with_operators to None, run_after=None
[2026-09-27T02:37:20.215+0000] {processor.py:178} INFO - Processing /home/airflow/.local/lib/python3.7/site-packages/airflow/example_dags/example_xcomargs.py took 0.199 seconds
[2026-09-27T02:37:51.213+0000] {processor.py:156} INFO - Started process (PID=142) to work on /home/airflow/.local/lib/python3.7/site-packages/airflow/example_dags/example_xcomargs.py
[2026-09-27T02:37:51.215+0000] {processor.py:799} INFO - Processing file /home/airflow/.local/lib/python3.7/site-packages/airflow/example_dags/example_xcomargs.py for tasks to queue
[2026-09-27T02:37:51.216+0000] {logging_mixin.py:149} INFO - [2026-09-27T02:37:51.216+0000] {dagbag.py:541} INFO - Filling up the DagBag from /home/airflow/.local/lib/python3.7/site-packages/airflow/example_dags/example_xcomargs.py
[2026-09-27T02:37:51.229+0000] {processor.py:809} INFO - DAG(s) dict_keys(['example_xcom_args_with_operators', 'example_xcom_args']) retrieved from /home/airflow/.local/lib/python3.7/site-packages/airflow/example_dags/example_xcomargs.py
[2026-09-27T02:37:51.274+0000] {logging_mixin.py:149} INFO - [2026-09-27T02:37:51.274+0000] {dag.py:2726} INFO - Sync 2 DAGs
[2026-09-27T02:37:51.352+0000] {logging_mixin.py:149} INFO - [2026-09-27T02:37:51.352+0000] {dag.py:3490} INFO - Setting next_dagrun for example_xcom_args to None, run_after=None
[2026-09-27T02:37:51.361+0000] {logging_mixin.py:149} INFO - [2026-09-27T02:37:51.361+0000] {dag.py:3490} INFO - Setting next_dagrun for example_xcom_args_with_operators to None, run_after=None
[2026-09-27T02:37:51.417+0000] {processor.py:178} INFO - Processing /home/airflow/.local/lib/python3.7/site-packages/airflow/example_dags/example_xcomargs.py took 0.211 seconds
[2026-09-27T02:38:21.663+0000] {processor.py:156} INFO - Started process (PID=198) to work on /home/airflow/.local/lib/python3.7/site-packages/airflow/example_dags/example_xcomargs.py
[2026-09-27T02:38:21.665+0000] {processor.py:799} INFO - Processing file /home/airflow/.local/lib/python3.7/site-packages/airflow/example_dags/example_xcomargs.py for tasks to queue
[2026-09-27T02:38:21.666+0000] {logging_mixin.py:149} INFO - [2026-09-27T02:38:21.665+0000] {dagbag.py:541} INFO - Filling up the DagBag from /home/airflow/.local/lib/python3.7/site-packages/airflow/example_dags/example_xcomargs.py
[2026-09-27T02:38:21.678+0000] {processor.py:809} INFO - DAG(s) dict_keys(['example_xcom_args_with_operators', 'example_xcom_args']) retrieved from /home/airflow/.local/lib/python3.7/site-packages/airflow/example_dags/example_xcomargs.py
[2026-09-27T02:38:21.729+0000] {logging_mixin.py:149} INFO - [2026-09-27T02:38:21.729+0000] {dag.py:2726} INFO - Sync 2 DAGs
[2026-09-27T02:38:21.770+0000] {logging_mixin.py:149} INFO - [2026-09-27T02:38:21.770+0000] {dag.py:3490} INFO - Setting next_dagrun for example_xcom_args to None, run_after=None
[2026-09-27T02:38:21.777+0000] {logging_mixin.py:149} INFO - [2026-09-27T02:38:21.776+0000] {dag.py:3490} INFO - Setting next_dagrun for example_xcom_args_with_operators to None, run_after=None
[2026-09-27T02:38:21.804+0000] {processor.py:178} INFO - Processing /home/airflow/.local/lib/python3.7/site-packages/airflow/example_dags/example_xcomargs.py took 0.147 seconds
[2026-09-27T02:38:52.348+0000] {processor.py:156} INFO - Started process (PID=254) to work on /home/airflow/.local/lib/python3.7/site-packages/airflow/example_dags/example_xcomargs.py
[2026-09-27T02:38:52.350+0000] {processor.py:799} INFO - Processing file /home/airflow/.local/lib/python3.7/site-packages/airflow/example_dags/example_xcomargs.py for tasks to queue
[2026-09-27T02:38:52.351+0000] {logging_mixin.py:149} INFO - [2026-09-27T02:38:52.351+0000] {dagbag.py:541} INFO - Filling up the DagBag from /home/airflow/.local/lib/python3.7/site-packages/airflow/example_dags/example_xcomargs.py
[2026-09-27T02:38:52.366+0000] {processor.py:809} INFO - DAG(s) dict_keys(['example_xcom_args', 'example_xcom_args_with_operators']) retrieved from /home/airflow/.local/lib/python3.7/site-packages/airflow/example_dags/example_xcomargs.py
[2026-09-27T02:38:52.415+0000] {logging_mixin.py:149} INFO - [2026-09-27T02:38:52.415+0000] {dag.py:2726} INFO - Sync 2 DAGs
[2026-09-27T02:38:52.459+0000] {logging_mixin.py:149} INFO - [2026-09-27T02:38:52.459+0000] {dag.py:3490} INFO - Setting next_dagrun for example_xcom_args to None, run_after=None
[2026-09-27T02:38:52.465+0000] {logging_mixin.py:149} INFO - [2026-09-27T02:38:52.465+0000] {dag.py:3490} INFO - Setting next_dagrun for example_xcom_args_with_operators to None, run_after=None
[2026-09-27T02:38:52.490+0000] {processor.py:178} INFO - Processing /home/airflow/.local/lib/python3.7/site-packages/airflow/example_dags/example_xcomargs.py took 0.149 seconds
[2026-09-27T02:39:22.529+0000] {processor.py:156} INFO - Started process (PID=310) to work on /home/airflow/.local/lib/python3.7/site-packages/airflow/example_dags/example_xcomargs.py
[2026-09-27T02:39:22.531+0000] {processor.py:799} INFO - Processing file /home/airflow/.local/lib/python3.7/site-packages/airflow/example_dags/example_xcomargs.py for tasks to queue
[2026-09-27T02:39:22.532+0000] {logging_mixin.py:149} INFO - [2026-09-27T02:39:22.532+0000] {dagbag.py:541} INFO - Filling up the DagBag from /home/airflow/.local/lib/python3.7/site-packages/airflow/example_dags/example_xcomargs.py
[2026-09-27T02:39:22.544+0000] {processor.py:809} INFO - DAG(s) dict_keys(['example_xcom_args_with_operators', 'example_xcom_args']) retrieved from /home/airflow/.local/lib/python3.7/site-packages/airflow/example_dags/example_xcomargs.py
[2026-09-27T02:39:22.596+0000] {logging_mixin.py:149} INFO - [2026-09-27T02:39:22.596+0000] {dag.py:2726} INFO - Sync 2 DAGs
[2026-09-27T02:39:22.644+0000] {logging_mixin.py:149} INFO - [2026-09-27T02:39:22.644+0000] {dag.py:3490} INFO - Setting next_dagrun for example_xcom_args to None, run_after=None
[2026-09-27T02:39:22.649+0000] {logging_mixin.py:149} INFO - [2026-09-27T02:39:22.649+0000] {dag.py:3490} INFO - Setting next_dagrun for example_xcom_args_with_operators to None, run_after=None
[2026-09-27T02:39:22.675+0000] {processor.py:178} INFO - Processing /home/airflow/.local/lib/python3.7/site-packages/airflow/example_dags/example_xcomargs.py took 0.152 seconds
[2026-09-27T02:39:53.380+0000] {processor.py:156} INFO - Started process (PID=366) to work on /home/airflow/.local/lib/python3.7/site-packages/airflow/example_dags/example_xcomargs.py
[2026-09-27T02:39:53.382+0000] {processor.py:799} INFO - Processing file /home/airflow/.local/lib/python3.7/site-packages/airflow/example_dags/example_xcomargs.py for tasks to queue
[2026-09-27T02:39:53.382+0000] {logging_mixin.py:149} INFO - [2026-09-27T02:39:53.382+0000] {dagbag.py:541} INFO - Filling up the DagBag from /home/airflow/.local/lib/python3.7/site-packages/airflow/example_dags/example_xcomargs.py
[2026-09-27T02:39:53.396+0000] {processor.py:809} INFO - DAG(s) dict_keys(['example_xcom_args', 'example_xcom_args_with_operators']) retrieved from /home/airflow/.local/lib/python3.7/site-packages/airflow/example_dags/example_xcomargs.py
[2026-09-27T02:39:53.444+0000] {logging_mixin.py:149} INFO - [2026-09-27T02:39:53.444+0000] {dag.py:2726} INFO - Sync 2 DAGs
[2026-09-27T02:39:53.487+0000] {logging_mixin.py:149} INFO - [2026-09-27T02:39:53.486+0000] {dag.py:3490} INFO - Setting next_dagrun for example_xcom_args to None, run_after=None
[2026-09-27T02:39:53.492+0000] {logging_mixin.py:149} INFO - [2026-09-27T02:39:53.492+0000] {dag.py:3490} INFO - Setting next_dagrun for example_xcom_args_with_operators to None, run_after=None
[2026-09-27T02:39:53.522+0000] {processor.py:178} INFO - Processing /home/airflow/.local/lib/python3.7/site-packages/airflow/example_dags/example_xcomargs.py took 0.147 seconds
[2026-09-27T02:45:05.095+0000] {processor.py:156} INFO - Started process (PID=87) to work on /home/airflow/.local/lib/python3.7/site-packages/airflow/example_dags/example_xcomargs.py
[2026-09-27T02:45:05.101+0000] {processor.py:799} INFO - Processing file /home/airflow/.local/lib/python3.7/site-packages/airflow/example_dags/example_xcomargs.py for tasks to queue
[2026-09-27T02:45:05.102+0000] {logging_mixin.py:149} INFO - [2026-09-27T02:45:05.102+0000] {dagbag.py:541} INFO - Filling up the DagBag from /home/airflow/.local/lib/python3.7/site-packages/airflow/example_dags/example_xcomargs.py
[2026-09-27T02:45:05.129+0000] {processor.py:809} INFO - DAG(s) dict_keys(['example_xcom_args_with_operators', 'example_xcom_args']) retrieved from /home/airflow/.local/lib/python3.7/site-packages/airflow/example_dags/example_xcomargs.py
[2026-09-27T02:45:05.219+0000] {logging_mixin.py:149} INFO - [2026-09-27T02:45:05.218+0000] {dag.py:2726} INFO - Sync 2 DAGs
[2026-09-27T02:45:05.312+0000] {logging_mixin.py:149} INFO - [2026-09-27T02:45:05.312+0000] {dag.py:3490} INFO - Setting next_dagrun for example_xcom_args to None, run_after=None
[2026-09-27T02:45:05.320+0000] {logging_mixin.py:149} INFO - [2026-09-27T02:45:05.320+0000] {dag.py:3490} INFO - Setting next_dagrun for example_xcom_args_with_operators to None, run_after=None
[2026-09-27T02:45:05.397+0000] {processor.py:178} INFO - Processing /home/airflow/.local/lib/python3.7/site-packages/airflow/example_dags/example_xcomargs.py took 0.314 seconds
[2026-09-27T02:45:35.777+0000] {processor.py:156} INFO - Started process (PID=143) to work on /home/airflow/.local/lib/python3.7/site-packages/airflow/example_dags/example_xcomargs.py
[2026-09-27T02:45:35.782+0000] {processor.py:799} INFO - Processing file /home/airflow/.local/lib/python3.7/site-packages/airflow/example_dags/example_xcomargs.py for tasks to queue
[2026-09-27T02:45:35.783+0000] {logging_mixin.py:149} INFO - [2026-09-27T02:45:35.783+0000] {dagbag.py:541} INFO - Filling up the DagBag from /home/airflow/.local/lib/python3.7/site-packages/airflow/example_dags/example_xcomargs.py
[2026-09-27T02:45:35.798+0000] {processor.py:809} INFO - DAG(s) dict_keys(['example_xcom_args', 'example_xcom_args_with_operators']) retrieved from /home/airflow/.local/lib/python3.7/site-packages/airflow/example_dags/example_xcomargs.py
[2026-09-27T02:45:35.848+0000] {logging_mixin.py:149} INFO - [2026-09-27T02:45:35.847+0000] {dag.py:2726} INFO - Sync 2 DAGs
[2026-09-27T02:45:35.893+0000] {logging_mixin.py:149} INFO - [2026-09-27T02:45:35.893+0000] {dag.py:3490} INFO - Setting next_dagrun for example_xcom_args to None, run_after=None
[2026-09-27T02:45:35.899+0000] {logging_mixin.py:149} INFO - [2026-09-27T02:45:35.899+0000] {dag.py:3490} INFO - Setting next_dagrun for example_xcom_args_with_operators to None, run_after=None
[2026-09-27T02:45:35.930+0000] {processor.py:178} INFO - Processing /home/airflow/.local/lib/python3.7/site-packages/airflow/example_dags/example_xcomargs.py took 0.161 seconds
[2026-09-27T02:46:06.886+0000] {processor.py:156} INFO - Started process (PID=199) to work on /home/airflow/.local/lib/python3.7/site-packages/airflow/example_dags/example_xcomargs.py
[2026-09-27T02:46:06.888+0000] {processor.py:799} INFO - Processing file /home/airflow/.local/lib/python3.7/site-packages/airflow/example_dags/example_xcomargs.py for tasks to queue
[2026-09-27T02:46:06.889+0000] {logging_mixin.py:149} INFO - [2026-09-27T02:46:06.889+0000] {dagbag.py:541} INFO - Filling up the DagBag from /home/airflow/.local/lib/python3.7/site-packages/airflow/example_dags/example_xcomargs.py
[2026-09-27T02:46:06.902+0000] {processor.py:809} INFO - DAG(s) dict_keys(['example_xcom_args', 'example_xcom_args_with_operators']) retrieved from /home/airflow/.local/lib/python3.7/site-packages/airflow/example_dags/example_xcomargs.py
[2026-09-27T02:46:06.948+0000] {logging_mixin.py:149} INFO - [2026-09-27T02:46:06.948+0000] {dag.py:2726} INFO - Sync 2 DAGs
[2026-09-27T02:46:06.991+0000] {logging_mixin.py:149} INFO - [2026-09-27T02:46:06.990+0000] {dag.py:3490} INFO - Setting next_dagrun for example_xcom_args to None, run_after=None
[2026-09-27T02:46:06.995+0000] {logging_mixin.py:149} INFO - [2026-09-27T02:46:06.995+0000] {dag.py:3490} INFO - Setting next_dagrun for example_xcom_args_with_operators to None, run_after=None
[2026-09-27T02:46:07.021+0000] {processor.py:178} INFO - Processing /home/airflow/.local/lib/python3.7/site-packages/airflow/example_dags/example_xcomargs.py took 0.142 seconds
[2026-09-27T02:46:37.450+0000] {processor.py:156} INFO - Started process (PID=255) to work on /home/airflow/.local/lib/python3.7/site-packages/airflow/example_dags/example_xcomargs.py
[2026-09-27T02:46:37.455+0000] {processor.py:799} INFO - Processing file /home/airflow/.local/lib/python3.7/site-packages/airflow/example_dags/example_xcomargs.py for tasks to queue
[2026-09-27T02:46:37.457+0000] {logging_mixin.py:149} INFO - [2026-09-27T02:46:37.456+0000] {dagbag.py:541} INFO - Filling up the DagBag from /home/airflow/.local/lib/python3.7/site-packages/airflow/example_dags/example_xcomargs.py
[2026-09-27T02:46:37.472+0000] {processor.py:809} INFO - DAG(s) dict_keys(['example_xcom_args', 'example_xcom_args_with_operators']) retrieved from /home/airflow/.local/lib/python3.7/site-packages/airflow/example_dags/example_xcomargs.py
[2026-09-27T02:46:37.522+0000] {logging_mixin.py:149} INFO - [2026-09-27T02:46:37.522+0000] {dag.py:2726} INFO - Sync 2 DAGs
[2026-09-27T02:46:37.571+0000] {logging_mixin.py:149} INFO - [2026-09-27T02:46:37.571+0000] {dag.py:3490} INFO - Setting next_dagrun for example_xcom_args to None, run_after=None
[2026-09-27T02:46:37.577+0000] {logging_mixin.py:149} INFO - [2026-09-27T02:46:37.577+0000] {dag.py:3490} INFO - Setting next_dagrun for example_xcom_args_with_operators to None, run_after=None
[2026-09-27T02:46:37.612+0000] {processor.py:178} INFO - Processing /home/airflow/.local/lib/python3.7/site-packages/airflow/example_dags/example_xcomargs.py took 0.170 seconds
[2026-09-27T02:47:08.148+0000] {processor.py:156} INFO - Started process (PID=312) to work on /home/airflow/.local/lib/python3.7/site-packages/airflow/example_dags/example_xcomargs.py
[2026-09-27T02:47:08.150+0000] {processor.py:799} INFO - Processing file /home/airflow/.local/lib/python3.7/site-packages/airflow/example_dags/example_xcomargs.py for tasks to queue
[2026-09-27T02:47:08.151+0000] {logging_mixin.py:149} INFO - [2026-09-27T02:47:08.151+0000] {dagbag.py:541} INFO - Filling up the DagBag from /home/airflow/.local/lib/python3.7/site-packages/airflow/example_dags/example_xcomargs.py
[2026-09-27T02:47:08.167+0000] {processor.py:809} INFO - DAG(s) dict_keys(['example_xcom_args_with_operators', 'example_xcom_args']) retrieved from /home/airflow/.local/lib/python3.7/site-packages/airflow/example_dags/example_xcomargs.py
[2026-09-27T02:47:08.222+0000] {logging_mixin.py:149} INFO - [2026-09-27T02:47:08.222+0000] {dag.py:2726} INFO - Sync 2 DAGs
[2026-09-27T02:47:08.266+0000] {logging_mixin.py:149} INFO - [2026-09-27T02:47:08.266+0000] {dag.py:3490} INFO - Setting next_dagrun for example_xcom_args to None, run_after=None
[2026-09-27T02:47:08.272+0000] {logging_mixin.py:149} INFO - [2026-09-27T02:47:08.272+0000] {dag.py:3490} INFO - Setting next_dagrun for example_xcom_args_with_operators to None, run_after=None
[2026-09-27T02:47:08.298+0000] {processor.py:178} INFO - Processing /home/airflow/.local/lib/python3.7/site-packages/airflow/example_dags/example_xcomargs.py took 0.156 seconds
[2026-09-27T02:47:38.578+0000] {processor.py:156} INFO - Started process (PID=368) to work on /home/airflow/.local/lib/python3.7/site-packages/airflow/example_dags/example_xcomargs.py
[2026-09-27T02:47:38.581+0000] {processor.py:799} INFO - Processing file /home/airflow/.local/lib/python3.7/site-packages/airflow/example_dags/example_xcomargs.py for tasks to queue
[2026-09-27T02:47:38.582+0000] {logging_mixin.py:149} INFO - [2026-09-27T02:47:38.582+0000] {dagbag.py:541} INFO - Filling up the DagBag from /home/airflow/.local/lib/python3.7/site-packages/airflow/example_dags/example_xcomargs.py
[2026-09-27T02:47:38.599+0000] {processor.py:809} INFO - DAG(s) dict_keys(['example_xcom_args', 'example_xcom_args_with_operators']) retrieved from /home/airflow/.local/lib/python3.7/site-packages/airflow/example_dags/example_xcomargs.py
[2026-09-27T02:47:38.662+0000] {logging_mixin.py:149} INFO - [2026-09-27T02:47:38.662+0000] {dag.py:2726} INFO - Sync 2 DAGs
[2026-09-27T02:47:38.718+0000] {logging_mixin.py:149} INFO - [2026-09-27T02:47:38.718+0000] {dag.py:3490} INFO - Setting next_dagrun for example_xcom_args to None, run_after=None
[2026-09-27T02:47:38.726+0000] {logging_mixin.py:149} INFO - [2026-09-27T02:47:38.726+0000] {dag.py:3490} INFO - Setting next_dagrun for example_xcom_args_with_operators to None, run_after=None
[2026-09-27T02:47:38.755+0000] {processor.py:178} INFO - Processing /home/airflow/.local/lib/python3.7/site-packages/airflow/example_dags/example_xcomargs.py took 0.184 seconds
[2026-09-27T02:48:09.710+0000] {processor.py:156} INFO - Started process (PID=424) to work on /home/airflow/.local/lib/python3.7/site-packages/airflow/example_dags/example_xcomargs.py
[2026-09-27T02:48:09.713+0000] {processor.py:799} INFO - Processing file /home/airflow/.local/lib/python3.7/site-packages/airflow/example_dags/example_xcomargs.py for tasks to queue
[2026-09-27T02:48:09.715+0000] {logging_mixin.py:149} INFO - [2026-09-27T02:48:09.715+0000] {dagbag.py:541} INFO - Filling up the DagBag from /home/airflow/.local/lib/python3.7/site-packages/airflow/example_dags/example_xcomargs.py
[2026-09-27T02:48:09.730+0000] {processor.py:809} INFO - DAG(s) dict_keys(['example_xcom_args', 'example_xcom_args_with_operators']) retrieved from /home/airflow/.local/lib/python3.7/site-packages/airflow/example_dags/example_xcomargs.py
[2026-09-27T02:48:09.779+0000] {logging_mixin.py:149} INFO - [2026-09-27T02:48:09.779+0000] {dag.py:2726} INFO - Sync 2 DAGs
[2026-09-27T02:48:09.822+0000] {logging_mixin.py:149} INFO - [2026-09-27T02:48:09.822+0000] {dag.py:3490} INFO - Setting next_dagrun for example_xcom_args to None, run_after=None
[2026-09-27T02:48:09.830+0000] {logging_mixin.py:149} INFO - [2026-09-27T02:48:09.830+0000] {dag.py:3490} INFO - Setting next_dagrun for example_xcom_args_with_operators to None, run_after=None
[2026-09-27T02:48:09.857+0000] {processor.py:178} INFO - Processing /home/airflow/.local/lib/python3.7/site-packages/airflow/example_dags/example_xcomargs.py took 0.153 seconds
[2026-09-27T02:48:40.648+0000] {processor.py:156} INFO - Started process (PID=480) to work on /home/airflow/.local/lib/python3.7/site-packages/airflow/example_dags/example_xcomargs.py
[2026-09-27T02:48:40.651+0000] {processor.py:799} INFO - Processing file /home/airflow/.local/lib/python3.7/site-packages/airflow/example_dags/example_xcomargs.py for tasks to queue
[2026-09-27T02:48:40.652+0000] {logging_mixin.py:149} INFO - [2026-09-27T02:48:40.652+0000] {dagbag.py:541} INFO - Filling up the DagBag from /home/airflow/.local/lib/python3.7/site-packages/airflow/example_dags/example_xcomargs.py
[2026-09-27T02:48:40.668+0000] {processor.py:809} INFO - DAG(s) dict_keys(['example_xcom_args_with_operators', 'example_xcom_args']) retrieved from /home/airflow/.local/lib/python3.7/site-packages/airflow/example_dags/example_xcomargs.py
[2026-09-27T02:48:40.718+0000] {logging_mixin.py:149} INFO - [2026-09-27T02:48:40.718+0000] {dag.py:2726} INFO - Sync 2 DAGs
[2026-09-27T02:48:40.758+0000] {logging_mixin.py:149} INFO - [2026-09-27T02:48:40.758+0000] {dag.py:3490} INFO - Setting next_dagrun for example_xcom_args to None, run_after=None
[2026-09-27T02:48:40.763+0000] {logging_mixin.py:149} INFO - [2026-09-27T02:48:40.763+0000] {dag.py:3490} INFO - Setting next_dagrun for example_xcom_args_with_operators to None, run_after=None
[2026-09-27T02:48:40.787+0000] {processor.py:178} INFO - Processing /home/airflow/.local/lib/python3.7/site-packages/airflow/example_dags/example_xcomargs.py took 0.147 seconds
[2026-09-27T02:49:11.808+0000] {processor.py:156} INFO - Started process (PID=535) to work on /home/airflow/.local/lib/python3.7/site-packages/airflow/example_dags/example_xcomargs.py
[2026-09-27T02:49:11.810+0000] {processor.py:799} INFO - Processing file /home/airflow/.local/lib/python3.7/site-packages/airflow/example_dags/example_xcomargs.py for tasks to queue
[2026-09-27T02:49:11.811+0000] {logging_mixin.py:149} INFO - [2026-09-27T02:49:11.811+0000] {dagbag.py:541} INFO - Filling up the DagBag from /home/airflow/.local/lib/python3.7/site-packages/airflow/example_dags/example_xcomargs.py
[2026-09-27T02:49:11.824+0000] {processor.py:809} INFO - DAG(s) dict_keys(['example_xcom_args', 'example_xcom_args_with_operators']) retrieved from /home/airflow/.local/lib/python3.7/site-packages/airflow/example_dags/example_xcomargs.py
[2026-09-27T02:49:11.871+0000] {logging_mixin.py:149} INFO - [2026-09-27T02:49:11.870+0000] {dag.py:2726} INFO - Sync 2 DAGs
[2026-09-27T02:49:11.918+0000] {logging_mixin.py:149} INFO - [2026-09-27T02:49:11.918+0000] {dag.py:3490} INFO - Setting next_dagrun for example_xcom_args to None, run_after=None
[2026-09-27T02:49:11.924+0000] {logging_mixin.py:149} INFO - [2026-09-27T02:49:11.924+0000] {dag.py:3490} INFO - Setting next_dagrun for example_xcom_args_with_operators to None, run_after=None
[2026-09-27T02:49:11.950+0000] {processor.py:178} INFO - Processing /home/airflow/.local/lib/python3.7/site-packages/airflow/example_dags/example_xcomargs.py took 0.148 seconds
[2026-09-27T02:49:43.348+0000] {processor.py:156} INFO - Started process (PID=591) to work on /home/airflow/.local/lib/python3.7/site-packages/airflow/example_dags/example_xcomargs.py
[2026-09-27T02:49:43.350+0000] {processor.py:799} INFO - Processing file /home/airflow/.local/lib/python3.7/site-packages/airflow/example_dags/example_xcomargs.py for tasks to queue
[2026-09-27T02:49:43.352+0000] {logging_mixin.py:149} INFO - [2026-09-27T02:49:43.352+0000] {dagbag.py:541} INFO - Filling up the DagBag from /home/airflow/.local/lib/python3.7/site-packages/airflow/example_dags/example_xcomargs.py
[2026-09-27T02:49:43.379+0000] {processor.py:809} INFO - DAG(s) dict_keys(['example_xcom_args', 'example_xcom_args_with_operators']) retrieved from /home/airflow/.local/lib/python3.7/site-packages/airflow/example_dags/example_xcomargs.py
[2026-09-27T02:49:43.458+0000] {logging_mixin.py:149} INFO - [2026-09-27T02:49:43.458+0000] {dag.py:2726} INFO - Sync 2 DAGs
[2026-09-27T02:49:43.504+0000] {logging_mixin.py:149} INFO - [2026-09-27T02:49:43.504+0000] {dag.py:3490} INFO - Setting next_dagrun for example_xcom_args to None, run_after=None
[2026-09-27T02:49:43.510+0000] {logging_mixin.py:149} INFO - [2026-09-27T02:49:43.510+0000] {dag.py:3490} INFO - Setting next_dagrun for example_xcom_args_with_operators to None, run_after=None
[2026-09-27T02:49:43.535+0000] {processor.py:178} INFO - Processing /home/airflow/.local/lib/python3.7/site-packages/airflow/example_dags/example_xcomargs.py took 0.197 seconds
[2026-09-27T02:50:13.733+0000] {processor.py:156} INFO - Started process (PID=647) to work on /home/airflow/.local/lib/python3.7/site-packages/airflow/example_dags/example_xcomargs.py
[2026-09-27T02:50:13.735+0000] {processor.py:799} INFO - Processing file /home/airflow/.local/lib/python3.7/site-packages/airflow/example_dags/example_xcomargs.py for tasks to queue
[2026-09-27T02:50:13.736+0000] {logging_mixin.py:149} INFO - [2026-09-27T02:50:13.736+0000] {dagbag.py:541} INFO - Filling up the DagBag from /home/airflow/.local/lib/python3.7/site-packages/airflow/example_dags/example_xcomargs.py
[2026-09-27T02:50:13.749+0000] {processor.py:809} INFO - DAG(s) dict_keys(['example_xcom_args_with_operators', 'example_xcom_args']) retrieved from /home/airflow/.local/lib/python3.7/site-packages/airflow/example_dags/example_xcomargs.py
[2026-09-27T02:50:13.802+0000] {logging_mixin.py:149} INFO - [2026-09-27T02:50:13.802+0000] {dag.py:2726} INFO - Sync 2 DAGs
[2026-09-27T02:50:13.856+0000] {logging_mixin.py:149} INFO - [2026-09-27T02:50:13.856+0000] {dag.py:3490} INFO - Setting next_dagrun for example_xcom_args to None, run_after=None
[2026-09-27T02:50:13.862+0000] {logging_mixin.py:149} INFO - [2026-09-27T02:50:13.862+0000] {dag.py:3490} INFO - Setting next_dagrun for example_xcom_args_with_operators to None, run_after=None
[2026-09-27T02:50:13.890+0000] {processor.py:178} INFO - Processing /home/airflow/.local/lib/python3.7/site-packages/airflow/example_dags/example_xcomargs.py took 0.163 seconds
[2026-09-27T02:50:44.204+0000] {processor.py:156} INFO - Started process (PID=703) to work on /home/airflow/.local/lib/python3.7/site-packages/airflow/example_dags/example_xcomargs.py
[2026-09-27T02:50:44.205+0000] {processor.py:799} INFO - Processing file /home/airflow/.local/lib/python3.7/site-packages/airflow/example_dags/example_xcomargs.py for tasks to queue
[2026-09-27T02:50:44.207+0000] {logging_mixin.py:149} INFO - [2026-09-27T02:50:44.206+0000] {dagbag.py:541} INFO - Filling up the DagBag from /home/airflow/.local/lib/python3.7/site-packages/airflow/example_dags/example_xcomargs.py
[2026-09-27T02:50:44.220+0000] {processor.py:809} INFO - DAG(s) dict_keys(['example_xcom_args_with_operators', 'example_xcom_args']) retrieved from /home/airflow/.local/lib/python3.7/site-packages/airflow/example_dags/example_xcomargs.py
[2026-09-27T02:50:44.268+0000] {logging_mixin.py:149} INFO - [2026-09-27T02:50:44.268+0000] {dag.py:2726} INFO - Sync 2 DAGs
[2026-09-27T02:50:44.310+0000] {logging_mixin.py:149} INFO - [2026-09-27T02:50:44.310+0000] {dag.py:3490} INFO - Setting next_dagrun for example_xcom_args to None, run_after=None
[2026-09-27T02:50:44.316+0000] {logging_mixin.py:149} INFO - [2026-09-27T02:50:44.316+0000] {dag.py:3490} INFO - Setting next_dagrun for example_xcom_args_with_operators to None, run_after=None
[2026-09-27T02:50:44.341+0000] {processor.py:178} INFO - Processing /home/airflow/.local/lib/python3.7/site-packages/airflow/example_dags/example_xcomargs.py took 0.144 seconds
[2026-09-27T02:51:15.275+0000] {processor.py:156} INFO - Started process (PID=759) to work on /home/airflow/.local/lib/python3.7/site-packages/airflow/example_dags/example_xcomargs.py
[2026-09-27T02:51:15.277+0000] {processor.py:799} INFO - Processing file /home/airflow/.local/lib/python3.7/site-packages/airflow/example_dags/example_xcomargs.py for tasks to queue
[2026-09-27T02:51:15.278+0000] {logging_mixin.py:149} INFO - [2026-09-27T02:51:15.278+0000] {dagbag.py:541} INFO - Filling up the DagBag from /home/airflow/.local/lib/python3.7/site-packages/airflow/example_dags/example_xcomargs.py
[2026-09-27T02:51:15.295+0000] {processor.py:809} INFO - DAG(s) dict_keys(['example_xcom_args_with_operators', 'example_xcom_args']) retrieved from /home/airflow/.local/lib/python3.7/site-packages/airflow/example_dags/example_xcomargs.py
[2026-09-27T02:51:15.346+0000] {logging_mixin.py:149} INFO - [2026-09-27T02:51:15.346+0000] {dag.py:2726} INFO - Sync 2 DAGs
[2026-09-27T02:51:15.389+0000] {logging_mixin.py:149} INFO - [2026-09-27T02:51:15.388+0000] {dag.py:3490} INFO - Setting next_dagrun for example_xcom_args to None, run_after=None
[2026-09-27T02:51:15.394+0000] {logging_mixin.py:149} INFO - [2026-09-27T02:51:15.394+0000] {dag.py:3490} INFO - Setting next_dagrun for example_xcom_args_with_operators to None, run_after=None
[2026-09-27T02:51:15.422+0000] {processor.py:178} INFO - Processing /home/airflow/.local/lib/python3.7/site-packages/airflow/example_dags/example_xcomargs.py took 0.155 seconds
[2026-09-27T02:51:46.074+0000] {processor.py:156} INFO - Started process (PID=815) to work on /home/airflow/.local/lib/python3.7/site-packages/airflow/example_dags/example_xcomargs.py
[2026-09-27T02:51:46.075+0000] {processor.py:799} INFO - Processing file /home/airflow/.local/lib/python3.7/site-packages/airflow/example_dags/example_xcomargs.py for tasks to queue
[2026-09-27T02:51:46.077+0000] {logging_mixin.py:149} INFO - [2026-09-27T02:51:46.076+0000] {dagbag.py:541} INFO - Filling up the DagBag from /home/airflow/.local/lib/python3.7/site-packages/airflow/example_dags/example_xcomargs.py
[2026-09-27T02:51:46.092+0000] {processor.py:809} INFO - DAG(s) dict_keys(['example_xcom_args_with_operators', 'example_xcom_args']) retrieved from /home/airflow/.local/lib/python3.7/site-packages/airflow/example_dags/example_xcomargs.py
[2026-09-27T02:51:46.143+0000] {logging_mixin.py:149} INFO - [2026-09-27T02:51:46.143+0000] {dag.py:2726} INFO - Sync 2 DAGs
[2026-09-27T02:51:46.190+0000] {logging_mixin.py:149} INFO - [2026-09-27T02:51:46.190+0000] {dag.py:3490} INFO - Setting next_dagrun for example_xcom_args to None, run_after=None
[2026-09-27T02:51:46.195+0000] {logging_mixin.py:149} INFO - [2026-09-27T02:51:46.195+0000] {dag.py:3490} INFO - Setting next_dagrun for example_xcom_args_with_operators to None, run_after=None
[2026-09-27T02:51:46.227+0000] {processor.py:178} INFO - Processing /home/airflow/.local/lib/python3.7/site-packages/airflow/example_dags/example_xcomargs.py took 0.159 seconds
[2026-09-27T02:52:17.323+0000] {processor.py:156} INFO - Started process (PID=871) to work on /home/airflow/.local/lib/python3.7/site-packages/airflow/example_dags/example_xcomargs.py
[2026-09-27T02:52:17.325+0000] {processor.py:799} INFO - Processing file /home/airflow/.local/lib/python3.7/site-packages/airflow/example_dags/example_xcomargs.py for tasks to queue
[2026-09-27T02:52:17.326+0000] {logging_mixin.py:149} INFO - [2026-09-27T02:52:17.326+0000] {dagbag.py:541} INFO - Filling up the DagBag from /home/airflow/.local/lib/python3.7/site-packages/airflow/example_dags/example_xcomargs.py
[2026-09-27T02:52:17.341+0000] {processor.py:809} INFO - DAG(s) dict_keys(['example_xcom_args_with_operators', 'example_xcom_args']) retrieved from /home/airflow/.local/lib/python3.7/site-packages/airflow/example_dags/example_xcomargs.py
[2026-09-27T02:52:17.395+0000] {logging_mixin.py:149} INFO - [2026-09-27T02:52:17.395+0000] {dag.py:2726} INFO - Sync 2 DAGs
[2026-09-27T02:52:17.445+0000] {logging_mixin.py:149} INFO - [2026-09-27T02:52:17.445+0000] {dag.py:3490} INFO - Setting next_dagrun for example_xcom_args to None, run_after=None
[2026-09-27T02:52:17.451+0000] {logging_mixin.py:149} INFO - [2026-09-27T02:52:17.451+0000] {dag.py:3490} INFO - Setting next_dagrun for example_xcom_args_with_operators to None, run_after=None
[2026-09-27T02:52:17.480+0000] {processor.py:178} INFO - Processing /home/airflow/.local/lib/python3.7/site-packages/airflow/example_dags/example_xcomargs.py took 0.164 seconds
[2026-09-27T02:52:47.831+0000] {processor.py:156} INFO - Started process (PID=927) to work on /home/airflow/.local/lib/python3.7/site-packages/airflow/example_dags/example_xcomargs.py
[2026-09-27T02:52:47.832+0000] {processor.py:799} INFO - Processing file /home/airflow/.local/lib/python3.7/site-packages/airflow/example_dags/example_xcomargs.py for tasks to queue
[2026-09-27T02:52:47.833+0000] {logging_mixin.py:149} INFO - [2026-09-27T02:52:47.833+0000] {dagbag.py:541} INFO - Filling up the DagBag from /home/airflow/.local/lib/python3.7/site-packages/airflow/example_dags/example_xcomargs.py
[2026-09-27T02:52:47.846+0000] {processor.py:809} INFO - DAG(s) dict_keys(['example_xcom_args', 'example_xcom_args_with_operators']) retrieved from /home/airflow/.local/lib/python3.7/site-packages/airflow/example_dags/example_xcomargs.py
[2026-09-27T02:52:47.912+0000] {logging_mixin.py:149} INFO - [2026-09-27T02:52:47.911+0000] {dag.py:2726} INFO - Sync 2 DAGs
[2026-09-27T02:52:47.962+0000] {logging_mixin.py:149} INFO - [2026-09-27T02:52:47.962+0000] {dag.py:3490} INFO - Setting next_dagrun for example_xcom_args to None, run_after=None
[2026-09-27T02:52:47.968+0000] {logging_mixin.py:149} INFO - [2026-09-27T02:52:47.968+0000] {dag.py:3490} INFO - Setting next_dagrun for example_xcom_args_with_operators to None, run_after=None
[2026-09-27T02:52:47.997+0000] {processor.py:178} INFO - Processing /home/airflow/.local/lib/python3.7/site-packages/airflow/example_dags/example_xcomargs.py took 0.173 seconds
[2026-09-27T02:53:18.604+0000] {processor.py:156} INFO - Started process (PID=983) to work on /home/airflow/.local/lib/python3.7/site-packages/airflow/example_dags/example_xcomargs.py
[2026-09-27T02:53:18.606+0000] {processor.py:799} INFO - Processing file /home/airflow/.local/lib/python3.7/site-packages/airflow/example_dags/example_xcomargs.py for tasks to queue
[2026-09-27T02:53:18.607+0000] {logging_mixin.py:149} INFO - [2026-09-27T02:53:18.607+0000] {dagbag.py:541} INFO - Filling up the DagBag from /home/airflow/.local/lib/python3.7/site-packages/airflow/example_dags/example_xcomargs.py
[2026-09-27T02:53:18.623+0000] {processor.py:809} INFO - DAG(s) dict_keys(['example_xcom_args_with_operators', 'example_xcom_args']) retrieved from /home/airflow/.local/lib/python3.7/site-packages/airflow/example_dags/example_xcomargs.py
[2026-09-27T02:53:18.676+0000] {logging_mixin.py:149} INFO - [2026-09-27T02:53:18.676+0000] {dag.py:2726} INFO - Sync 2 DAGs
[2026-09-27T02:53:18.726+0000] {logging_mixin.py:149} INFO - [2026-09-27T02:53:18.726+0000] {dag.py:3490} INFO - Setting next_dagrun for example_xcom_args to None, run_after=None
[2026-09-27T02:53:18.733+0000] {logging_mixin.py:149} INFO - [2026-09-27T02:53:18.732+0000] {dag.py:3490} INFO - Setting next_dagrun for example_xcom_args_with_operators to None, run_after=None
[2026-09-27T02:53:18.760+0000] {processor.py:178} INFO - Processing /home/airflow/.local/lib/python3.7/site-packages/airflow/example_dags/example_xcomargs.py took 0.163 seconds
[2026-09-27T02:53:50.095+0000] {processor.py:156} INFO - Started process (PID=1039) to work on /home/airflow/.local/lib/python3.7/site-packages/airflow/example_dags/example_xcomargs.py
[2026-09-27T02:53:50.096+0000] {processor.py:799} INFO - Processing file /home/airflow/.local/lib/python3.7/site-packages/airflow/example_dags/example_xcomargs.py for tasks to queue
[2026-09-27T02:53:50.097+0000] {logging_mixin.py:149} INFO - [2026-09-27T02:53:50.097+0000] {dagbag.py:541} INFO - Filling up the DagBag from /home/airflow/.local/lib/python3.7/site-packages/airflow/example_dags/example_xcomargs.py
[2026-09-27T02:53:50.112+0000] {processor.py:809} INFO - DAG(s) dict_keys(['example_xcom_args_with_operators', 'example_xcom_args']) retrieved from /home/airflow/.local/lib/python3.7/site-packages/airflow/example_dags/example_xcomargs.py
[2026-09-27T02:53:50.164+0000] {logging_mixin.py:149} INFO - [2026-09-27T02:53:50.163+0000] {dag.py:2726} INFO - Sync 2 DAGs
[2026-09-27T02:53:50.210+0000] {logging_mixin.py:149} INFO - [2026-09-27T02:53:50.210+0000] {dag.py:3490} INFO - Setting next_dagrun for example_xcom_args to None, run_after=None
[2026-09-27T02:53:50.216+0000] {logging_mixin.py:149} INFO - [2026-09-27T02:53:50.215+0000] {dag.py:3490} INFO - Setting next_dagrun for example_xcom_args_with_operators to None, run_after=None
[2026-09-27T02:53:50.239+0000] {processor.py:178} INFO - Processing /home/airflow/.local/lib/python3.7/site-packages/airflow/example_dags/example_xcomargs.py took 0.151 seconds
[2026-09-27T02:54:21.564+0000] {processor.py:156} INFO - Started process (PID=1095) to work on /home/airflow/.local/lib/python3.7/site-packages/airflow/example_dags/example_xcomargs.py
[2026-09-27T02:54:21.567+0000] {processor.py:799} INFO - Processing file /home/airflow/.local/lib/python3.7/site-packages/airflow/example_dags/example_xcomargs.py for tasks to queue
[2026-09-27T02:54:21.568+0000] {logging_mixin.py:149} INFO - [2026-09-27T02:54:21.568+0000] {dagbag.py:541} INFO - Filling up the DagBag from /home/airflow/.local/lib/python3.7/site-packages/airflow/example_dags/example_xcomargs.py
[2026-09-27T02:54:21.582+0000] {processor.py:809} INFO - DAG(s) dict_keys(['example_xcom_args', 'example_xcom_args_with_operators']) retrieved from /home/airflow/.local/lib/python3.7/site-packages/airflow/example_dags/example_xcomargs.py
[2026-09-27T02:54:21.628+0000] {logging_mixin.py:149} INFO - [2026-09-27T02:54:21.627+0000] {dag.py:2726} INFO - Sync 2 DAGs
[2026-09-27T02:54:21.668+0000] {logging_mixin.py:149} INFO - [2026-09-27T02:54:21.668+0000] {dag.py:3490} INFO - Setting next_dagrun for example_xcom_args to None, run_after=None
[2026-09-27T02:54:21.674+0000] {logging_mixin.py:149} INFO - [2026-09-27T02:54:21.673+0000] {dag.py:3490} INFO - Setting next_dagrun for example_xcom_args_with_operators to None, run_after=None
[2026-09-27T02:54:21.698+0000] {processor.py:178} INFO - Processing /home/airflow/.local/lib/python3.7/site-packages/airflow/example_dags/example_xcomargs.py took 0.141 seconds
[2026-09-27T02:54:52.370+0000] {processor.py:156} INFO - Started process (PID=1151) to work on /home/airflow/.local/lib/python3.7/site-packages/airflow/example_dags/example_xcomargs.py
[2026-09-27T02:54:52.372+0000] {processor.py:799} INFO - Processing file /home/airflow/.local/lib/python3.7/site-packages/airflow/example_dags/example_xcomargs.py for tasks to queue
[2026-09-27T02:54:52.373+0000] {logging_mixin.py:149} INFO - [2026-09-27T02:54:52.372+0000] {dagbag.py:541} INFO - Filling up the DagBag from /home/airflow/.local/lib/python3.7/site-packages/airflow/example_dags/example_xcomargs.py
[2026-09-27T02:54:52.386+0000] {processor.py:809} INFO - DAG(s) dict_keys(['example_xcom_args_with_operators', 'example_xcom_args']) retrieved from /home/airflow/.local/lib/python3.7/site-packages/airflow/example_dags/example_xcomargs.py
[2026-09-27T02:54:52.444+0000] {logging_mixin.py:149} INFO - [2026-09-27T02:54:52.444+0000] {dag.py:2726} INFO - Sync 2 DAGs
[2026-09-27T02:54:52.492+0000] {logging_mixin.py:149} INFO - [2026-09-27T02:54:52.492+0000] {dag.py:3490} INFO - Setting next_dagrun for example_xcom_args to None, run_after=None
[2026-09-27T02:54:52.497+0000] {logging_mixin.py:149} INFO - [2026-09-27T02:54:52.497+0000] {dag.py:3490} INFO - Setting next_dagrun for example_xcom_args_with_operators to None, run_after=None
[2026-09-27T02:54:52.526+0000] {processor.py:178} INFO - Processing /home/airflow/.local/lib/python3.7/site-packages/airflow/example_dags/example_xcomargs.py took 0.163 seconds
[2026-09-27T02:55:23.029+0000] {processor.py:156} INFO - Started process (PID=1208) to work on /home/airflow/.local/lib/python3.7/site-packages/airflow/example_dags/example_xcomargs.py
[2026-09-27T02:55:23.031+0000] {processor.py:799} INFO - Processing file /home/airflow/.local/lib/python3.7/site-packages/airflow/example_dags/example_xcomargs.py for tasks to queue
[2026-09-27T02:55:23.032+0000] {logging_mixin.py:149} INFO - [2026-09-27T02:55:23.032+0000] {dagbag.py:541} INFO - Filling up the DagBag from /home/airflow/.local/lib/python3.7/site-packages/airflow/example_dags/example_xcomargs.py
[2026-09-27T02:55:23.047+0000] {processor.py:809} INFO - DAG(s) dict_keys(['example_xcom_args_with_operators', 'example_xcom_args']) retrieved from /home/airflow/.local/lib/python3.7/site-packages/airflow/example_dags/example_xcomargs.py
[2026-09-27T02:55:23.104+0000] {logging_mixin.py:149} INFO - [2026-09-27T02:55:23.104+0000] {dag.py:2726} INFO - Sync 2 DAGs
[2026-09-27T02:55:23.150+0000] {logging_mixin.py:149} INFO - [2026-09-27T02:55:23.149+0000] {dag.py:3490} INFO - Setting next_dagrun for example_xcom_args to None, run_after=None
[2026-09-27T02:55:23.155+0000] {logging_mixin.py:149} INFO - [2026-09-27T02:55:23.155+0000] {dag.py:3490} INFO - Setting next_dagrun for example_xcom_args_with_operators to None, run_after=None
[2026-09-27T02:55:23.182+0000] {processor.py:178} INFO - Processing /home/airflow/.local/lib/python3.7/site-packages/airflow/example_dags/example_xcomargs.py took 0.159 seconds
[2026-09-27T02:55:53.620+0000] {processor.py:156} INFO - Started process (PID=1265) to work on /home/airflow/.local/lib/python3.7/site-packages/airflow/example_dags/example_xcomargs.py
[2026-09-27T02:55:53.621+0000] {processor.py:799} INFO - Processing file /home/airflow/.local/lib/python3.7/site-packages/airflow/example_dags/example_xcomargs.py for tasks to queue
[2026-09-27T02:55:53.622+0000] {logging_mixin.py:149} INFO - [2026-09-27T02:55:53.622+0000] {dagbag.py:541} INFO - Filling up the DagBag from /home/airflow/.local/lib/python3.7/site-packages/airflow/example_dags/example_xcomargs.py
[2026-09-27T02:55:53.637+0000] {processor.py:809} INFO - DAG(s) dict_keys(['example_xcom_args', 'example_xcom_args_with_operators']) retrieved from /home/airflow/.local/lib/python3.7/site-packages/airflow/example_dags/example_xcomargs.py
[2026-09-27T02:55:53.688+0000] {logging_mixin.py:149} INFO - [2026-09-27T02:55:53.688+0000] {dag.py:2726} INFO - Sync 2 DAGs
[2026-09-27T02:55:53.741+0000] {logging_mixin.py:149} INFO - [2026-09-27T02:55:53.741+0000] {dag.py:3490} INFO - Setting next_dagrun for example_xcom_args to None, run_after=None
[2026-09-27T02:55:53.747+0000] {logging_mixin.py:149} INFO - [2026-09-27T02:55:53.747+0000] {dag.py:3490} INFO - Setting next_dagrun for example_xcom_args_with_operators to None, run_after=None
[2026-09-27T02:55:53.775+0000] {processor.py:178} INFO - Processing /home/airflow/.local/lib/python3.7/site-packages/airflow/example_dags/example_xcomargs.py took 0.162 seconds
[2026-09-27T02:56:25.098+0000] {processor.py:156} INFO - Started process (PID=1321) to work on /home/airflow/.local/lib/python3.7/site-packages/airflow/example_dags/example_xcomargs.py
[2026-09-27T02:56:25.100+0000] {processor.py:799} INFO - Processing file /home/airflow/.local/lib/python3.7/site-packages/airflow/example_dags/example_xcomargs.py for tasks to queue
[2026-09-27T02:56:25.101+0000] {logging_mixin.py:149} INFO - [2026-09-27T02:56:25.101+0000] {dagbag.py:541} INFO - Filling up the DagBag from /home/airflow/.local/lib/python3.7/site-packages/airflow/example_dags/example_xcomargs.py
[2026-09-27T02:56:25.116+0000] {processor.py:809} INFO - DAG(s) dict_keys(['example_xcom_args_with_operators', 'example_xcom_args']) retrieved from /home/airflow/.local/lib/python3.7/site-packages/airflow/example_dags/example_xcomargs.py
[2026-09-27T02:56:25.165+0000] {logging_mixin.py:149} INFO - [2026-09-27T02:56:25.165+0000] {dag.py:2726} INFO - Sync 2 DAGs
[2026-09-27T02:56:25.213+0000] {logging_mixin.py:149} INFO - [2026-09-27T02:56:25.213+0000] {dag.py:3490} INFO - Setting next_dagrun for example_xcom_args to None, run_after=None
[2026-09-27T02:56:25.219+0000] {logging_mixin.py:149} INFO - [2026-09-27T02:56:25.219+0000] {dag.py:3490} INFO - Setting next_dagrun for example_xcom_args_with_operators to None, run_after=None
[2026-09-27T02:56:25.247+0000] {processor.py:178} INFO - Processing /home/airflow/.local/lib/python3.7/site-packages/airflow/example_dags/example_xcomargs.py took 0.159 seconds
[2026-09-27T02:56:55.909+0000] {processor.py:156} INFO - Started process (PID=1378) to work on /home/airflow/.local/lib/python3.7/site-packages/airflow/example_dags/example_xcomargs.py
[2026-09-27T02:56:55.911+0000] {processor.py:799} INFO - Processing file /home/airflow/.local/lib/python3.7/site-packages/airflow/example_dags/example_xcomargs.py for tasks to queue
[2026-09-27T02:56:55.912+0000] {logging_mixin.py:149} INFO - [2026-09-27T02:56:55.912+0000] {dagbag.py:541} INFO - Filling up the DagBag from /home/airflow/.local/lib/python3.7/site-packages/airflow/example_dags/example_xcomargs.py
[2026-09-27T02:56:55.928+0000] {processor.py:809} INFO - DAG(s) dict_keys(['example_xcom_args', 'example_xcom_args_with_operators']) retrieved from /home/airflow/.local/lib/python3.7/site-packages/airflow/example_dags/example_xcomargs.py
[2026-09-27T02:56:55.983+0000] {logging_mixin.py:149} INFO - [2026-09-27T02:56:55.983+0000] {dag.py:2726} INFO - Sync 2 DAGs
[2026-09-27T02:56:56.033+0000] {logging_mixin.py:149} INFO - [2026-09-27T02:56:56.033+0000] {dag.py:3490} INFO - Setting next_dagrun for example_xcom_args to None, run_after=None
[2026-09-27T02:56:56.039+0000] {logging_mixin.py:149} INFO - [2026-09-27T02:56:56.039+0000] {dag.py:3490} INFO - Setting next_dagrun for example_xcom_args_with_operators to None, run_after=None
[2026-09-27T02:56:56.064+0000] {processor.py:178} INFO - Processing /home/airflow/.local/lib/python3.7/site-packages/airflow/example_dags/example_xcomargs.py took 0.161 seconds
[2026-09-27T02:57:27.225+0000] {processor.py:156} INFO - Started process (PID=1434) to work on /home/airflow/.local/lib/python3.7/site-packages/airflow/example_dags/example_xcomargs.py
[2026-09-27T02:57:27.227+0000] {processor.py:799} INFO - Processing file /home/airflow/.local/lib/python3.7/site-packages/airflow/example_dags/example_xcomargs.py for tasks to queue
[2026-09-27T02:57:27.228+0000] {logging_mixin.py:149} INFO - [2026-09-27T02:57:27.228+0000] {dagbag.py:541} INFO - Filling up the DagBag from /home/airflow/.local/lib/python3.7/site-packages/airflow/example_dags/example_xcomargs.py
[2026-09-27T02:57:27.240+0000] {processor.py:809} INFO - DAG(s) dict_keys(['example_xcom_args_with_operators', 'example_xcom_args']) retrieved from /home/airflow/.local/lib/python3.7/site-packages/airflow/example_dags/example_xcomargs.py
[2026-09-27T02:57:27.288+0000] {logging_mixin.py:149} INFO - [2026-09-27T02:57:27.288+0000] {dag.py:2726} INFO - Sync 2 DAGs
[2026-09-27T02:57:27.335+0000] {logging_mixin.py:149} INFO - [2026-09-27T02:57:27.334+0000] {dag.py:3490} INFO - Setting next_dagrun for example_xcom_args to None, run_after=None
[2026-09-27T02:57:27.341+0000] {logging_mixin.py:149} INFO - [2026-09-27T02:57:27.341+0000] {dag.py:3490} INFO - Setting next_dagrun for example_xcom_args_with_operators to None, run_after=None
[2026-09-27T02:57:27.373+0000] {processor.py:178} INFO - Processing /home/airflow/.local/lib/python3.7/site-packages/airflow/example_dags/example_xcomargs.py took 0.153 seconds
[2026-09-27T02:57:59.095+0000] {processor.py:156} INFO - Started process (PID=1490) to work on /home/airflow/.local/lib/python3.7/site-packages/airflow/example_dags/example_xcomargs.py
[2026-09-27T02:57:59.097+0000] {processor.py:799} INFO - Processing file /home/airflow/.local/lib/python3.7/site-packages/airflow/example_dags/example_xcomargs.py for tasks to queue
[2026-09-27T02:57:59.098+0000] {logging_mixin.py:149} INFO - [2026-09-27T02:57:59.098+0000] {dagbag.py:541} INFO - Filling up the DagBag from /home/airflow/.local/lib/python3.7/site-packages/airflow/example_dags/example_xcomargs.py
[2026-09-27T02:57:59.113+0000] {processor.py:809} INFO - DAG(s) dict_keys(['example_xcom_args_with_operators', 'example_xcom_args']) retrieved from /home/airflow/.local/lib/python3.7/site-packages/airflow/example_dags/example_xcomargs.py
[2026-09-27T02:57:59.172+0000] {logging_mixin.py:149} INFO - [2026-09-27T02:57:59.172+0000] {dag.py:2726} INFO - Sync 2 DAGs
[2026-09-27T02:57:59.217+0000] {logging_mixin.py:149} INFO - [2026-09-27T02:57:59.217+0000] {dag.py:3490} INFO - Setting next_dagrun for example_xcom_args to None, run_after=None
[2026-09-27T02:57:59.223+0000] {logging_mixin.py:149} INFO - [2026-09-27T02:57:59.223+0000] {dag.py:3490} INFO - Setting next_dagrun for example_xcom_args_with_operators to None, run_after=None
[2026-09-27T02:57:59.248+0000] {processor.py:178} INFO - Processing /home/airflow/.local/lib/python3.7/site-packages/airflow/example_dags/example_xcomargs.py took 0.160 seconds
[2026-09-27T02:58:29.725+0000] {processor.py:156} INFO - Started process (PID=1546) to work on /home/airflow/.local/lib/python3.7/site-packages/airflow/example_dags/example_xcomargs.py
[2026-09-27T02:58:29.727+0000] {processor.py:799} INFO - Processing file /home/airflow/.local/lib/python3.7/site-packages/airflow/example_dags/example_xcomargs.py for tasks to queue
[2026-09-27T02:58:29.728+0000] {logging_mixin.py:149} INFO - [2026-09-27T02:58:29.728+0000] {dagbag.py:541} INFO - Filling up the DagBag from /home/airflow/.local/lib/python3.7/site-packages/airflow/example_dags/example_xcomargs.py
[2026-09-27T02:58:29.756+0000] {processor.py:809} INFO - DAG(s) dict_keys(['example_xcom_args', 'example_xcom_args_with_operators']) retrieved from /home/airflow/.local/lib/python3.7/site-packages/airflow/example_dags/example_xcomargs.py
[2026-09-27T02:58:29.805+0000] {logging_mixin.py:149} INFO - [2026-09-27T02:58:29.805+0000] {dag.py:2726} INFO - Sync 2 DAGs
[2026-09-27T02:58:29.849+0000] {logging_mixin.py:149} INFO - [2026-09-27T02:58:29.849+0000] {dag.py:3490} INFO - Setting next_dagrun for example_xcom_args to None, run_after=None
[2026-09-27T02:58:29.857+0000] {logging_mixin.py:149} INFO - [2026-09-27T02:58:29.856+0000] {dag.py:3490} INFO - Setting next_dagrun for example_xcom_args_with_operators to None, run_after=None
[2026-09-27T02:58:29.884+0000] {processor.py:178} INFO - Processing /home/airflow/.local/lib/python3.7/site-packages/airflow/example_dags/example_xcomargs.py took 0.180 seconds
[2026-09-27T02:59:00.097+0000] {processor.py:156} INFO - Started process (PID=1603) to work on /home/airflow/.local/lib/python3.7/site-packages/airflow/example_dags/example_xcomargs.py
[2026-09-27T02:59:00.100+0000] {processor.py:799} INFO - Processing file /home/airflow/.local/lib/python3.7/site-packages/airflow/example_dags/example_xcomargs.py for tasks to queue
[2026-09-27T02:59:00.101+0000] {logging_mixin.py:149} INFO - [2026-09-27T02:59:00.101+0000] {dagbag.py:541} INFO - Filling up the DagBag from /home/airflow/.local/lib/python3.7/site-packages/airflow/example_dags/example_xcomargs.py
[2026-09-27T02:59:00.114+0000] {processor.py:809} INFO - DAG(s) dict_keys(['example_xcom_args_with_operators', 'example_xcom_args']) retrieved from /home/airflow/.local/lib/python3.7/site-packages/airflow/example_dags/example_xcomargs.py
[2026-09-27T02:59:00.177+0000] {logging_mixin.py:149} INFO - [2026-09-27T02:59:00.176+0000] {dag.py:2726} INFO - Sync 2 DAGs
[2026-09-27T02:59:00.232+0000] {logging_mixin.py:149} INFO - [2026-09-27T02:59:00.231+0000] {dag.py:3490} INFO - Setting next_dagrun for example_xcom_args to None, run_after=None
[2026-09-27T02:59:00.239+0000] {logging_mixin.py:149} INFO - [2026-09-27T02:59:00.239+0000] {dag.py:3490} INFO - Setting next_dagrun for example_xcom_args_with_operators to None, run_after=None
[2026-09-27T02:59:00.275+0000] {processor.py:178} INFO - Processing /home/airflow/.local/lib/python3.7/site-packages/airflow/example_dags/example_xcomargs.py took 0.183 seconds
[2026-09-27T02:59:32.010+0000] {processor.py:156} INFO - Started process (PID=1666) to work on /home/airflow/.local/lib/python3.7/site-packages/airflow/example_dags/example_xcomargs.py
[2026-09-27T02:59:32.012+0000] {processor.py:799} INFO - Processing file /home/airflow/.local/lib/python3.7/site-packages/airflow/example_dags/example_xcomargs.py for tasks to queue
[2026-09-27T02:59:32.014+0000] {logging_mixin.py:149} INFO - [2026-09-27T02:59:32.013+0000] {dagbag.py:541} INFO - Filling up the DagBag from /home/airflow/.local/lib/python3.7/site-packages/airflow/example_dags/example_xcomargs.py
[2026-09-27T02:59:32.032+0000] {processor.py:809} INFO - DAG(s) dict_keys(['example_xcom_args', 'example_xcom_args_with_operators']) retrieved from /home/airflow/.local/lib/python3.7/site-packages/airflow/example_dags/example_xcomargs.py
[2026-09-27T02:59:32.080+0000] {logging_mixin.py:149} INFO - [2026-09-27T02:59:32.080+0000] {dag.py:2726} INFO - Sync 2 DAGs
[2026-09-27T02:59:32.124+0000] {logging_mixin.py:149} INFO - [2026-09-27T02:59:32.124+0000] {dag.py:3490} INFO - Setting next_dagrun for example_xcom_args to None, run_after=None
[2026-09-27T02:59:32.130+0000] {logging_mixin.py:149} INFO - [2026-09-27T02:59:32.130+0000] {dag.py:3490} INFO - Setting next_dagrun for example_xcom_args_with_operators to None, run_after=None
[2026-09-27T02:59:32.160+0000] {processor.py:178} INFO - Processing /home/airflow/.local/lib/python3.7/site-packages/airflow/example_dags/example_xcomargs.py took 0.157 seconds
[2026-09-27T03:00:02.712+0000] {processor.py:156} INFO - Started process (PID=1722) to work on /home/airflow/.local/lib/python3.7/site-packages/airflow/example_dags/example_xcomargs.py
[2026-09-27T03:00:02.714+0000] {processor.py:799} INFO - Processing file /home/airflow/.local/lib/python3.7/site-packages/airflow/example_dags/example_xcomargs.py for tasks to queue
[2026-09-27T03:00:02.715+0000] {logging_mixin.py:149} INFO - [2026-09-27T03:00:02.715+0000] {dagbag.py:541} INFO - Filling up the DagBag from /home/airflow/.local/lib/python3.7/site-packages/airflow/example_dags/example_xcomargs.py
[2026-09-27T03:00:02.730+0000] {processor.py:809} INFO - DAG(s) dict_keys(['example_xcom_args', 'example_xcom_args_with_operators']) retrieved from /home/airflow/.local/lib/python3.7/site-packages/airflow/example_dags/example_xcomargs.py
[2026-09-27T03:00:02.786+0000] {logging_mixin.py:149} INFO - [2026-09-27T03:00:02.786+0000] {dag.py:2726} INFO - Sync 2 DAGs
[2026-09-27T03:00:02.836+0000] {logging_mixin.py:149} INFO - [2026-09-27T03:00:02.835+0000] {dag.py:3490} INFO - Setting next_dagrun for example_xcom_args to None, run_after=None
[2026-09-27T03:00:02.844+0000] {logging_mixin.py:149} INFO - [2026-09-27T03:00:02.844+0000] {dag.py:3490} INFO - Setting next_dagrun for example_xcom_args_with_operators to None, run_after=None
[2026-09-27T03:00:02.870+0000] {processor.py:178} INFO - Processing /home/airflow/.local/lib/python3.7/site-packages/airflow/example_dags/example_xcomargs.py took 0.165 seconds
[2026-09-27T03:00:34.046+0000] {processor.py:156} INFO - Started process (PID=1779) to work on /home/airflow/.local/lib/python3.7/site-packages/airflow/example_dags/example_xcomargs.py
[2026-09-27T03:00:34.048+0000] {processor.py:799} INFO - Processing file /home/airflow/.local/lib/python3.7/site-packages/airflow/example_dags/example_xcomargs.py for tasks to queue
[2026-09-27T03:00:34.050+0000] {logging_mixin.py:149} INFO - [2026-09-27T03:00:34.049+0000] {dagbag.py:541} INFO - Filling up the DagBag from /home/airflow/.local/lib/python3.7/site-packages/airflow/example_dags/example_xcomargs.py
[2026-09-27T03:00:34.064+0000] {processor.py:809} INFO - DAG(s) dict_keys(['example_xcom_args', 'example_xcom_args_with_operators']) retrieved from /home/airflow/.local/lib/python3.7/site-packages/airflow/example_dags/example_xcomargs.py
[2026-09-27T03:00:34.115+0000] {logging_mixin.py:149} INFO - [2026-09-27T03:00:34.114+0000] {dag.py:2726} INFO - Sync 2 DAGs
[2026-09-27T03:00:34.161+0000] {logging_mixin.py:149} INFO - [2026-09-27T03:00:34.161+0000] {dag.py:3490} INFO - Setting next_dagrun for example_xcom_args to None, run_after=None
[2026-09-27T03:00:34.167+0000] {logging_mixin.py:149} INFO - [2026-09-27T03:00:34.166+0000] {dag.py:3490} INFO - Setting next_dagrun for example_xcom_args_with_operators to None, run_after=None
[2026-09-27T03:00:34.198+0000] {processor.py:178} INFO - Processing /home/airflow/.local/lib/python3.7/site-packages/airflow/example_dags/example_xcomargs.py took 0.159 seconds
[2026-09-27T03:01:05.426+0000] {processor.py:156} INFO - Started process (PID=1836) to work on /home/airflow/.local/lib/python3.7/site-packages/airflow/example_dags/example_xcomargs.py
[2026-09-27T03:01:05.434+0000] {processor.py:799} INFO - Processing file /home/airflow/.local/lib/python3.7/site-packages/airflow/example_dags/example_xcomargs.py for tasks to queue
[2026-09-27T03:01:05.436+0000] {logging_mixin.py:149} INFO - [2026-09-27T03:01:05.435+0000] {dagbag.py:541} INFO - Filling up the DagBag from /home/airflow/.local/lib/python3.7/site-packages/airflow/example_dags/example_xcomargs.py
[2026-09-27T03:01:05.451+0000] {processor.py:809} INFO - DAG(s) dict_keys(['example_xcom_args_with_operators', 'example_xcom_args']) retrieved from /home/airflow/.local/lib/python3.7/site-packages/airflow/example_dags/example_xcomargs.py
[2026-09-27T03:01:05.503+0000] {logging_mixin.py:149} INFO - [2026-09-27T03:01:05.503+0000] {dag.py:2726} INFO - Sync 2 DAGs
[2026-09-27T03:01:05.545+0000] {logging_mixin.py:149} INFO - [2026-09-27T03:01:05.544+0000] {dag.py:3490} INFO - Setting next_dagrun for example_xcom_args to None, run_after=None
[2026-09-27T03:01:05.550+0000] {logging_mixin.py:149} INFO - [2026-09-27T03:01:05.550+0000] {dag.py:3490} INFO - Setting next_dagrun for example_xcom_args_with_operators to None, run_after=None
[2026-09-27T03:01:05.579+0000] {processor.py:178} INFO - Processing /home/airflow/.local/lib/python3.7/site-packages/airflow/example_dags/example_xcomargs.py took 0.160 seconds
[2026-09-27T03:01:36.208+0000] {processor.py:156} INFO - Started process (PID=1892) to work on /home/airflow/.local/lib/python3.7/site-packages/airflow/example_dags/example_xcomargs.py
[2026-09-27T03:01:36.210+0000] {processor.py:799} INFO - Processing file /home/airflow/.local/lib/python3.7/site-packages/airflow/example_dags/example_xcomargs.py for tasks to queue
[2026-09-27T03:01:36.211+0000] {logging_mixin.py:149} INFO - [2026-09-27T03:01:36.211+0000] {dagbag.py:541} INFO - Filling up the DagBag from /home/airflow/.local/lib/python3.7/site-packages/airflow/example_dags/example_xcomargs.py
[2026-09-27T03:01:36.226+0000] {processor.py:809} INFO - DAG(s) dict_keys(['example_xcom_args', 'example_xcom_args_with_operators']) retrieved from /home/airflow/.local/lib/python3.7/site-packages/airflow/example_dags/example_xcomargs.py
[2026-09-27T03:01:36.279+0000] {logging_mixin.py:149} INFO - [2026-09-27T03:01:36.279+0000] {dag.py:2726} INFO - Sync 2 DAGs
[2026-09-27T03:01:36.328+0000] {logging_mixin.py:149} INFO - [2026-09-27T03:01:36.328+0000] {dag.py:3490} INFO - Setting next_dagrun for example_xcom_args to None, run_after=None
[2026-09-27T03:01:36.336+0000] {logging_mixin.py:149} INFO - [2026-09-27T03:01:36.336+0000] {dag.py:3490} INFO - Setting next_dagrun for example_xcom_args_with_operators to None, run_after=None
[2026-09-27T03:01:36.365+0000] {processor.py:178} INFO - Processing /home/airflow/.local/lib/python3.7/site-packages/airflow/example_dags/example_xcomargs.py took 0.164 seconds
[2026-09-27T03:02:07.112+0000] {processor.py:156} INFO - Started process (PID=1948) to work on /home/airflow/.local/lib/python3.7/site-packages/airflow/example_dags/example_xcomargs.py
[2026-09-27T03:02:07.114+0000] {processor.py:799} INFO - Processing file /home/airflow/.local/lib/python3.7/site-packages/airflow/example_dags/example_xcomargs.py for tasks to queue
[2026-09-27T03:02:07.115+0000] {logging_mixin.py:149} INFO - [2026-09-27T03:02:07.115+0000] {dagbag.py:541} INFO - Filling up the DagBag from /home/airflow/.local/lib/python3.7/site-packages/airflow/example_dags/example_xcomargs.py
[2026-09-27T03:02:07.131+0000] {processor.py:809} INFO - DAG(s) dict_keys(['example_xcom_args_with_operators', 'example_xcom_args']) retrieved from /home/airflow/.local/lib/python3.7/site-packages/airflow/example_dags/example_xcomargs.py
[2026-09-27T03:02:07.182+0000] {logging_mixin.py:149} INFO - [2026-09-27T03:02:07.182+0000] {dag.py:2726} INFO - Sync 2 DAGs
[2026-09-27T03:02:07.226+0000] {logging_mixin.py:149} INFO - [2026-09-27T03:02:07.226+0000] {dag.py:3490} INFO - Setting next_dagrun for example_xcom_args to None, run_after=None
[2026-09-27T03:02:07.231+0000] {logging_mixin.py:149} INFO - [2026-09-27T03:02:07.231+0000] {dag.py:3490} INFO - Setting next_dagrun for example_xcom_args_with_operators to None, run_after=None
[2026-09-27T03:02:07.254+0000] {processor.py:178} INFO - Processing /home/airflow/.local/lib/python3.7/site-packages/airflow/example_dags/example_xcomargs.py took 0.149 seconds
[2026-09-27T03:02:38.032+0000] {processor.py:156} INFO - Started process (PID=2004) to work on /home/airflow/.local/lib/python3.7/site-packages/airflow/example_dags/example_xcomargs.py
[2026-09-27T03:02:38.034+0000] {processor.py:799} INFO - Processing file /home/airflow/.local/lib/python3.7/site-packages/airflow/example_dags/example_xcomargs.py for tasks to queue
[2026-09-27T03:02:38.035+0000] {logging_mixin.py:149} INFO - [2026-09-27T03:02:38.035+0000] {dagbag.py:541} INFO - Filling up the DagBag from /home/airflow/.local/lib/python3.7/site-packages/airflow/example_dags/example_xcomargs.py
[2026-09-27T03:02:38.049+0000] {processor.py:809} INFO - DAG(s) dict_keys(['example_xcom_args', 'example_xcom_args_with_operators']) retrieved from /home/airflow/.local/lib/python3.7/site-packages/airflow/example_dags/example_xcomargs.py
[2026-09-27T03:02:38.098+0000] {logging_mixin.py:149} INFO - [2026-09-27T03:02:38.098+0000] {dag.py:2726} INFO - Sync 2 DAGs
[2026-09-27T03:02:38.147+0000] {logging_mixin.py:149} INFO - [2026-09-27T03:02:38.147+0000] {dag.py:3490} INFO - Setting next_dagrun for example_xcom_args to None, run_after=None
[2026-09-27T03:02:38.153+0000] {logging_mixin.py:149} INFO - [2026-09-27T03:02:38.152+0000] {dag.py:3490} INFO - Setting next_dagrun for example_xcom_args_with_operators to None, run_after=None
[2026-09-27T03:02:38.183+0000] {processor.py:178} INFO - Processing /home/airflow/.local/lib/python3.7/site-packages/airflow/example_dags/example_xcomargs.py took 0.157 seconds
[2026-09-27T03:03:09.665+0000] {processor.py:156} INFO - Started process (PID=2060) to work on /home/airflow/.local/lib/python3.7/site-packages/airflow/example_dags/example_xcomargs.py
[2026-09-27T03:03:09.667+0000] {processor.py:799} INFO - Processing file /home/airflow/.local/lib/python3.7/site-packages/airflow/example_dags/example_xcomargs.py for tasks to queue
[2026-09-27T03:03:09.668+0000] {logging_mixin.py:149} INFO - [2026-09-27T03:03:09.668+0000] {dagbag.py:541} INFO - Filling up the DagBag from /home/airflow/.local/lib/python3.7/site-packages/airflow/example_dags/example_xcomargs.py
[2026-09-27T03:03:09.683+0000] {processor.py:809} INFO - DAG(s) dict_keys(['example_xcom_args_with_operators', 'example_xcom_args']) retrieved from /home/airflow/.local/lib/python3.7/site-packages/airflow/example_dags/example_xcomargs.py
[2026-09-27T03:03:09.728+0000] {logging_mixin.py:149} INFO - [2026-09-27T03:03:09.728+0000] {dag.py:2726} INFO - Sync 2 DAGs
[2026-09-27T03:03:09.772+0000] {logging_mixin.py:149} INFO - [2026-09-27T03:03:09.771+0000] {dag.py:3490} INFO - Setting next_dagrun for example_xcom_args to None, run_after=None
[2026-09-27T03:03:09.777+0000] {logging_mixin.py:149} INFO - [2026-09-27T03:03:09.776+0000] {dag.py:3490} INFO - Setting next_dagrun for example_xcom_args_with_operators to None, run_after=None
[2026-09-27T03:03:09.801+0000] {processor.py:178} INFO - Processing /home/airflow/.local/lib/python3.7/site-packages/airflow/example_dags/example_xcomargs.py took 0.142 seconds
[2026-09-27T03:03:39.956+0000] {processor.py:156} INFO - Started process (PID=2117) to work on /home/airflow/.local/lib/python3.7/site-packages/airflow/example_dags/example_xcomargs.py
[2026-09-27T03:03:39.958+0000] {processor.py:799} INFO - Processing file /home/airflow/.local/lib/python3.7/site-packages/airflow/example_dags/example_xcomargs.py for tasks to queue
[2026-09-27T03:03:39.959+0000] {logging_mixin.py:149} INFO - [2026-09-27T03:03:39.959+0000] {dagbag.py:541} INFO - Filling up the DagBag from /home/airflow/.local/lib/python3.7/site-packages/airflow/example_dags/example_xcomargs.py
[2026-09-27T03:03:39.974+0000] {processor.py:809} INFO - DAG(s) dict_keys(['example_xcom_args_with_operators', 'example_xcom_args']) retrieved from /home/airflow/.local/lib/python3.7/site-packages/airflow/example_dags/example_xcomargs.py
[2026-09-27T03:03:40.025+0000] {logging_mixin.py:149} INFO - [2026-09-27T03:03:40.025+0000] {dag.py:2726} INFO - Sync 2 DAGs
[2026-09-27T03:03:40.070+0000] {logging_mixin.py:149} INFO - [2026-09-27T03:03:40.070+0000] {dag.py:3490} INFO - Setting next_dagrun for example_xcom_args to None, run_after=None
[2026-09-27T03:03:40.075+0000] {logging_mixin.py:149} INFO - [2026-09-27T03:03:40.075+0000] {dag.py:3490} INFO - Setting next_dagrun for example_xcom_args_with_operators to None, run_after=None
[2026-09-27T03:03:40.102+0000] {processor.py:178} INFO - Processing /home/airflow/.local/lib/python3.7/site-packages/airflow/example_dags/example_xcomargs.py took 0.156 seconds
[2026-09-27T03:04:11.466+0000] {processor.py:156} INFO - Started process (PID=2173) to work on /home/airflow/.local/lib/python3.7/site-packages/airflow/example_dags/example_xcomargs.py
[2026-09-27T03:04:11.468+0000] {processor.py:799} INFO - Processing file /home/airflow/.local/lib/python3.7/site-packages/airflow/example_dags/example_xcomargs.py for tasks to queue
[2026-09-27T03:04:11.469+0000] {logging_mixin.py:149} INFO - [2026-09-27T03:04:11.468+0000] {dagbag.py:541} INFO - Filling up the DagBag from /home/airflow/.local/lib/python3.7/site-packages/airflow/example_dags/example_xcomargs.py
[2026-09-27T03:04:11.483+0000] {processor.py:809} INFO - DAG(s) dict_keys(['example_xcom_args', 'example_xcom_args_with_operators']) retrieved from /home/airflow/.local/lib/python3.7/site-packages/airflow/example_dags/example_xcomargs.py
[2026-09-27T03:04:11.529+0000] {logging_mixin.py:149} INFO - [2026-09-27T03:04:11.529+0000] {dag.py:2726} INFO - Sync 2 DAGs
[2026-09-27T03:04:11.579+0000] {logging_mixin.py:149} INFO - [2026-09-27T03:04:11.579+0000] {dag.py:3490} INFO - Setting next_dagrun for example_xcom_args to None, run_after=None
[2026-09-27T03:04:11.586+0000] {logging_mixin.py:149} INFO - [2026-09-27T03:04:11.585+0000] {dag.py:3490} INFO - Setting next_dagrun for example_xcom_args_with_operators to None, run_after=None
[2026-09-27T03:04:11.615+0000] {processor.py:178} INFO - Processing /home/airflow/.local/lib/python3.7/site-packages/airflow/example_dags/example_xcomargs.py took 0.155 seconds
[2026-09-27T03:04:42.818+0000] {processor.py:156} INFO - Started process (PID=2229) to work on /home/airflow/.local/lib/python3.7/site-packages/airflow/example_dags/example_xcomargs.py
[2026-09-27T03:04:42.821+0000] {processor.py:799} INFO - Processing file /home/airflow/.local/lib/python3.7/site-packages/airflow/example_dags/example_xcomargs.py for tasks to queue
[2026-09-27T03:04:42.822+0000] {logging_mixin.py:149} INFO - [2026-09-27T03:04:42.822+0000] {dagbag.py:541} INFO - Filling up the DagBag from /home/airflow/.local/lib/python3.7/site-packages/airflow/example_dags/example_xcomargs.py
[2026-09-27T03:04:42.838+0000] {processor.py:809} INFO - DAG(s) dict_keys(['example_xcom_args', 'example_xcom_args_with_operators']) retrieved from /home/airflow/.local/lib/python3.7/site-packages/airflow/example_dags/example_xcomargs.py
[2026-09-27T03:04:42.891+0000] {logging_mixin.py:149} INFO - [2026-09-27T03:04:42.891+0000] {dag.py:2726} INFO - Sync 2 DAGs
[2026-09-27T03:04:42.944+0000] {logging_mixin.py:149} INFO - [2026-09-27T03:04:42.944+0000] {dag.py:3490} INFO - Setting next_dagrun for example_xcom_args to None, run_after=None
[2026-09-27T03:04:42.949+0000] {logging_mixin.py:149} INFO - [2026-09-27T03:04:42.949+0000] {dag.py:3490} INFO - Setting next_dagrun for example_xcom_args_with_operators to None, run_after=None
[2026-09-27T03:04:42.980+0000] {processor.py:178} INFO - Processing /home/airflow/.local/lib/python3.7/site-packages/airflow/example_dags/example_xcomargs.py took 0.168 seconds
[2026-09-27T03:05:15.046+0000] {processor.py:156} INFO - Started process (PID=2285) to work on /home/airflow/.local/lib/python3.7/site-packages/airflow/example_dags/example_xcomargs.py
[2026-09-27T03:05:15.047+0000] {processor.py:799} INFO - Processing file /home/airflow/.local/lib/python3.7/site-packages/airflow/example_dags/example_xcomargs.py for tasks to queue
[2026-09-27T03:05:15.048+0000] {logging_mixin.py:149} INFO - [2026-09-27T03:05:15.048+0000] {dagbag.py:541} INFO - Filling up the DagBag from /home/airflow/.local/lib/python3.7/site-packages/airflow/example_dags/example_xcomargs.py
[2026-09-27T03:05:15.063+0000] {processor.py:809} INFO - DAG(s) dict_keys(['example_xcom_args_with_operators', 'example_xcom_args']) retrieved from /home/airflow/.local/lib/python3.7/site-packages/airflow/example_dags/example_xcomargs.py
[2026-09-27T03:05:15.115+0000] {logging_mixin.py:149} INFO - [2026-09-27T03:05:15.114+0000] {dag.py:2726} INFO - Sync 2 DAGs
[2026-09-27T03:05:15.157+0000] {logging_mixin.py:149} INFO - [2026-09-27T03:05:15.157+0000] {dag.py:3490} INFO - Setting next_dagrun for example_xcom_args to None, run_after=None
[2026-09-27T03:05:15.167+0000] {logging_mixin.py:149} INFO - [2026-09-27T03:05:15.166+0000] {dag.py:3490} INFO - Setting next_dagrun for example_xcom_args_with_operators to None, run_after=None
[2026-09-27T03:05:15.203+0000] {processor.py:178} INFO - Processing /home/airflow/.local/lib/python3.7/site-packages/airflow/example_dags/example_xcomargs.py took 0.163 seconds
[2026-09-27T03:05:45.592+0000] {processor.py:156} INFO - Started process (PID=2341) to work on /home/airflow/.local/lib/python3.7/site-packages/airflow/example_dags/example_xcomargs.py
[2026-09-27T03:05:45.595+0000] {processor.py:799} INFO - Processing file /home/airflow/.local/lib/python3.7/site-packages/airflow/example_dags/example_xcomargs.py for tasks to queue
[2026-09-27T03:05:45.597+0000] {logging_mixin.py:149} INFO - [2026-09-27T03:05:45.597+0000] {dagbag.py:541} INFO - Filling up the DagBag from /home/airflow/.local/lib/python3.7/site-packages/airflow/example_dags/example_xcomargs.py
[2026-09-27T03:05:45.612+0000] {processor.py:809} INFO - DAG(s) dict_keys(['example_xcom_args_with_operators', 'example_xcom_args']) retrieved from /home/airflow/.local/lib/python3.7/site-packages/airflow/example_dags/example_xcomargs.py
[2026-09-27T03:05:45.668+0000] {logging_mixin.py:149} INFO - [2026-09-27T03:05:45.668+0000] {dag.py:2726} INFO - Sync 2 DAGs
[2026-09-27T03:05:45.710+0000] {logging_mixin.py:149} INFO - [2026-09-27T03:05:45.709+0000] {dag.py:3490} INFO - Setting next_dagrun for example_xcom_args to None, run_after=None
[2026-09-27T03:05:45.715+0000] {logging_mixin.py:149} INFO - [2026-09-27T03:05:45.715+0000] {dag.py:3490} INFO - Setting next_dagrun for example_xcom_args_with_operators to None, run_after=None
[2026-09-27T03:05:45.741+0000] {processor.py:178} INFO - Processing /home/airflow/.local/lib/python3.7/site-packages/airflow/example_dags/example_xcomargs.py took 0.156 seconds
[2026-09-27T03:06:17.017+0000] {processor.py:156} INFO - Started process (PID=2397) to work on /home/airflow/.local/lib/python3.7/site-packages/airflow/example_dags/example_xcomargs.py
[2026-09-27T03:06:17.019+0000] {processor.py:799} INFO - Processing file /home/airflow/.local/lib/python3.7/site-packages/airflow/example_dags/example_xcomargs.py for tasks to queue
[2026-09-27T03:06:17.021+0000] {logging_mixin.py:149} INFO - [2026-09-27T03:06:17.020+0000] {dagbag.py:541} INFO - Filling up the DagBag from /home/airflow/.local/lib/python3.7/site-packages/airflow/example_dags/example_xcomargs.py
[2026-09-27T03:06:17.036+0000] {processor.py:809} INFO - DAG(s) dict_keys(['example_xcom_args', 'example_xcom_args_with_operators']) retrieved from /home/airflow/.local/lib/python3.7/site-packages/airflow/example_dags/example_xcomargs.py
[2026-09-27T03:06:17.085+0000] {logging_mixin.py:149} INFO - [2026-09-27T03:06:17.085+0000] {dag.py:2726} INFO - Sync 2 DAGs
[2026-09-27T03:06:17.135+0000] {logging_mixin.py:149} INFO - [2026-09-27T03:06:17.134+0000] {dag.py:3490} INFO - Setting next_dagrun for example_xcom_args to None, run_after=None
[2026-09-27T03:06:17.140+0000] {logging_mixin.py:149} INFO - [2026-09-27T03:06:17.140+0000] {dag.py:3490} INFO - Setting next_dagrun for example_xcom_args_with_operators to None, run_after=None
[2026-09-27T03:06:17.168+0000] {processor.py:178} INFO - Processing /home/airflow/.local/lib/python3.7/site-packages/airflow/example_dags/example_xcomargs.py took 0.157 seconds
[2026-09-27T03:06:47.677+0000] {processor.py:156} INFO - Started process (PID=2453) to work on /home/airflow/.local/lib/python3.7/site-packages/airflow/example_dags/example_xcomargs.py
[2026-09-27T03:06:47.681+0000] {processor.py:799} INFO - Processing file /home/airflow/.local/lib/python3.7/site-packages/airflow/example_dags/example_xcomargs.py for tasks to queue
[2026-09-27T03:06:47.682+0000] {logging_mixin.py:149} INFO - [2026-09-27T03:06:47.682+0000] {dagbag.py:541} INFO - Filling up the DagBag from /home/airflow/.local/lib/python3.7/site-packages/airflow/example_dags/example_xcomargs.py
[2026-09-27T03:06:47.694+0000] {processor.py:809} INFO - DAG(s) dict_keys(['example_xcom_args_with_operators', 'example_xcom_args']) retrieved from /home/airflow/.local/lib/python3.7/site-packages/airflow/example_dags/example_xcomargs.py
[2026-09-27T03:06:47.741+0000] {logging_mixin.py:149} INFO - [2026-09-27T03:06:47.740+0000] {dag.py:2726} INFO - Sync 2 DAGs
[2026-09-27T03:06:47.783+0000] {logging_mixin.py:149} INFO - [2026-09-27T03:06:47.783+0000] {dag.py:3490} INFO - Setting next_dagrun for example_xcom_args to None, run_after=None
[2026-09-27T03:06:47.789+0000] {logging_mixin.py:149} INFO - [2026-09-27T03:06:47.789+0000] {dag.py:3490} INFO - Setting next_dagrun for example_xcom_args_with_operators to None, run_after=None
[2026-09-27T03:06:47.813+0000] {processor.py:178} INFO - Processing /home/airflow/.local/lib/python3.7/site-packages/airflow/example_dags/example_xcomargs.py took 0.142 seconds
[2026-09-27T03:07:18.469+0000] {processor.py:156} INFO - Started process (PID=2509) to work on /home/airflow/.local/lib/python3.7/site-packages/airflow/example_dags/example_xcomargs.py
[2026-09-27T03:07:18.471+0000] {processor.py:799} INFO - Processing file /home/airflow/.local/lib/python3.7/site-packages/airflow/example_dags/example_xcomargs.py for tasks to queue
[2026-09-27T03:07:18.472+0000] {logging_mixin.py:149} INFO - [2026-09-27T03:07:18.472+0000] {dagbag.py:541} INFO - Filling up the DagBag from /home/airflow/.local/lib/python3.7/site-packages/airflow/example_dags/example_xcomargs.py
[2026-09-27T03:07:18.491+0000] {processor.py:809} INFO - DAG(s) dict_keys(['example_xcom_args_with_operators', 'example_xcom_args']) retrieved from /home/airflow/.local/lib/python3.7/site-packages/airflow/example_dags/example_xcomargs.py
[2026-09-27T03:07:18.545+0000] {logging_mixin.py:149} INFO - [2026-09-27T03:07:18.545+0000] {dag.py:2726} INFO - Sync 2 DAGs
[2026-09-27T03:07:18.592+0000] {logging_mixin.py:149} INFO - [2026-09-27T03:07:18.592+0000] {dag.py:3490} INFO - Setting next_dagrun for example_xcom_args to None, run_after=None
[2026-09-27T03:07:18.598+0000] {logging_mixin.py:149} INFO - [2026-09-27T03:07:18.598+0000] {dag.py:3490} INFO - Setting next_dagrun for example_xcom_args_with_operators to None, run_after=None
[2026-09-27T03:07:18.630+0000] {processor.py:178} INFO - Processing /home/airflow/.local/lib/python3.7/site-packages/airflow/example_dags/example_xcomargs.py took 0.169 seconds
[2026-09-27T03:07:49.127+0000] {processor.py:156} INFO - Started process (PID=2565) to work on /home/airflow/.local/lib/python3.7/site-packages/airflow/example_dags/example_xcomargs.py
[2026-09-27T03:07:49.130+0000] {processor.py:799} INFO - Processing file /home/airflow/.local/lib/python3.7/site-packages/airflow/example_dags/example_xcomargs.py for tasks to queue
[2026-09-27T03:07:49.131+0000] {logging_mixin.py:149} INFO - [2026-09-27T03:07:49.131+0000] {dagbag.py:541} INFO - Filling up the DagBag from /home/airflow/.local/lib/python3.7/site-packages/airflow/example_dags/example_xcomargs.py
[2026-09-27T03:07:49.143+0000] {processor.py:809} INFO - DAG(s) dict_keys(['example_xcom_args_with_operators', 'example_xcom_args']) retrieved from /home/airflow/.local/lib/python3.7/site-packages/airflow/example_dags/example_xcomargs.py
[2026-09-27T03:07:49.191+0000] {logging_mixin.py:149} INFO - [2026-09-27T03:07:49.190+0000] {dag.py:2726} INFO - Sync 2 DAGs
[2026-09-27T03:07:49.239+0000] {logging_mixin.py:149} INFO - [2026-09-27T03:07:49.239+0000] {dag.py:3490} INFO - Setting next_dagrun for example_xcom_args to None, run_after=None
[2026-09-27T03:07:49.245+0000] {logging_mixin.py:149} INFO - [2026-09-27T03:07:49.245+0000] {dag.py:3490} INFO - Setting next_dagrun for example_xcom_args_with_operators to None, run_after=None
[2026-09-27T03:07:49.275+0000] {processor.py:178} INFO - Processing /home/airflow/.local/lib/python3.7/site-packages/airflow/example_dags/example_xcomargs.py took 0.154 seconds
[2026-09-27T03:08:19.710+0000] {processor.py:156} INFO - Started process (PID=2621) to work on /home/airflow/.local/lib/python3.7/site-packages/airflow/example_dags/example_xcomargs.py
[2026-09-27T03:08:19.712+0000] {processor.py:799} INFO - Processing file /home/airflow/.local/lib/python3.7/site-packages/airflow/example_dags/example_xcomargs.py for tasks to queue
[2026-09-27T03:08:19.713+0000] {logging_mixin.py:149} INFO - [2026-09-27T03:08:19.713+0000] {dagbag.py:541} INFO - Filling up the DagBag from /home/airflow/.local/lib/python3.7/site-packages/airflow/example_dags/example_xcomargs.py
[2026-09-27T03:08:19.727+0000] {processor.py:809} INFO - DAG(s) dict_keys(['example_xcom_args_with_operators', 'example_xcom_args']) retrieved from /home/airflow/.local/lib/python3.7/site-packages/airflow/example_dags/example_xcomargs.py
[2026-09-27T03:08:19.775+0000] {logging_mixin.py:149} INFO - [2026-09-27T03:08:19.775+0000] {dag.py:2726} INFO - Sync 2 DAGs
[2026-09-27T03:08:19.824+0000] {logging_mixin.py:149} INFO - [2026-09-27T03:08:19.824+0000] {dag.py:3490} INFO - Setting next_dagrun for example_xcom_args to None, run_after=None
[2026-09-27T03:08:19.831+0000] {logging_mixin.py:149} INFO - [2026-09-27T03:08:19.831+0000] {dag.py:3490} INFO - Setting next_dagrun for example_xcom_args_with_operators to None, run_after=None
[2026-09-27T03:08:19.864+0000] {processor.py:178} INFO - Processing /home/airflow/.local/lib/python3.7/site-packages/airflow/example_dags/example_xcomargs.py took 0.161 seconds
[2026-09-27T03:08:51.014+0000] {processor.py:156} INFO - Started process (PID=2677) to work on /home/airflow/.local/lib/python3.7/site-packages/airflow/example_dags/example_xcomargs.py
[2026-09-27T03:08:51.016+0000] {processor.py:799} INFO - Processing file /home/airflow/.local/lib/python3.7/site-packages/airflow/example_dags/example_xcomargs.py for tasks to queue
[2026-09-27T03:08:51.017+0000] {logging_mixin.py:149} INFO - [2026-09-27T03:08:51.017+0000] {dagbag.py:541} INFO - Filling up the DagBag from /home/airflow/.local/lib/python3.7/site-packages/airflow/example_dags/example_xcomargs.py
[2026-09-27T03:08:51.031+0000] {processor.py:809} INFO - DAG(s) dict_keys(['example_xcom_args_with_operators', 'example_xcom_args']) retrieved from /home/airflow/.local/lib/python3.7/site-packages/airflow/example_dags/example_xcomargs.py
[2026-09-27T03:08:51.083+0000] {logging_mixin.py:149} INFO - [2026-09-27T03:08:51.082+0000] {dag.py:2726} INFO - Sync 2 DAGs
[2026-09-27T03:08:51.123+0000] {logging_mixin.py:149} INFO - [2026-09-27T03:08:51.123+0000] {dag.py:3490} INFO - Setting next_dagrun for example_xcom_args to None, run_after=None
[2026-09-27T03:08:51.129+0000] {logging_mixin.py:149} INFO - [2026-09-27T03:08:51.129+0000] {dag.py:3490} INFO - Setting next_dagrun for example_xcom_args_with_operators to None, run_after=None
[2026-09-27T03:08:51.155+0000] {processor.py:178} INFO - Processing /home/airflow/.local/lib/python3.7/site-packages/airflow/example_dags/example_xcomargs.py took 0.148 seconds
[2026-09-27T03:09:21.901+0000] {processor.py:156} INFO - Started process (PID=2733) to work on /home/airflow/.local/lib/python3.7/site-packages/airflow/example_dags/example_xcomargs.py
[2026-09-27T03:09:21.903+0000] {processor.py:799} INFO - Processing file /home/airflow/.local/lib/python3.7/site-packages/airflow/example_dags/example_xcomargs.py for tasks to queue
[2026-09-27T03:09:21.906+0000] {logging_mixin.py:149} INFO - [2026-09-27T03:09:21.905+0000] {dagbag.py:541} INFO - Filling up the DagBag from /home/airflow/.local/lib/python3.7/site-packages/airflow/example_dags/example_xcomargs.py
[2026-09-27T03:09:21.936+0000] {processor.py:809} INFO - DAG(s) dict_keys(['example_xcom_args', 'example_xcom_args_with_operators']) retrieved from /home/airflow/.local/lib/python3.7/site-packages/airflow/example_dags/example_xcomargs.py
[2026-09-27T03:09:22.009+0000] {logging_mixin.py:149} INFO - [2026-09-27T03:09:22.008+0000] {dag.py:2726} INFO - Sync 2 DAGs
[2026-09-27T03:09:22.067+0000] {logging_mixin.py:149} INFO - [2026-09-27T03:09:22.067+0000] {dag.py:3490} INFO - Setting next_dagrun for example_xcom_args to None, run_after=None
[2026-09-27T03:09:22.073+0000] {logging_mixin.py:149} INFO - [2026-09-27T03:09:22.073+0000] {dag.py:3490} INFO - Setting next_dagrun for example_xcom_args_with_operators to None, run_after=None
[2026-09-27T03:09:22.102+0000] {processor.py:178} INFO - Processing /home/airflow/.local/lib/python3.7/site-packages/airflow/example_dags/example_xcomargs.py took 0.213 seconds
[2026-09-27T03:09:52.810+0000] {processor.py:156} INFO - Started process (PID=2789) to work on /home/airflow/.local/lib/python3.7/site-packages/airflow/example_dags/example_xcomargs.py
[2026-09-27T03:09:52.812+0000] {processor.py:799} INFO - Processing file /home/airflow/.local/lib/python3.7/site-packages/airflow/example_dags/example_xcomargs.py for tasks to queue
[2026-09-27T03:09:52.814+0000] {logging_mixin.py:149} INFO - [2026-09-27T03:09:52.813+0000] {dagbag.py:541} INFO - Filling up the DagBag from /home/airflow/.local/lib/python3.7/site-packages/airflow/example_dags/example_xcomargs.py
[2026-09-27T03:09:52.828+0000] {processor.py:809} INFO - DAG(s) dict_keys(['example_xcom_args_with_operators', 'example_xcom_args']) retrieved from /home/airflow/.local/lib/python3.7/site-packages/airflow/example_dags/example_xcomargs.py
[2026-09-27T03:09:52.872+0000] {logging_mixin.py:149} INFO - [2026-09-27T03:09:52.872+0000] {dag.py:2726} INFO - Sync 2 DAGs
[2026-09-27T03:09:52.922+0000] {logging_mixin.py:149} INFO - [2026-09-27T03:09:52.921+0000] {dag.py:3490} INFO - Setting next_dagrun for example_xcom_args to None, run_after=None
[2026-09-27T03:09:52.928+0000] {logging_mixin.py:149} INFO - [2026-09-27T03:09:52.928+0000] {dag.py:3490} INFO - Setting next_dagrun for example_xcom_args_with_operators to None, run_after=None
[2026-09-27T03:09:52.957+0000] {processor.py:178} INFO - Processing /home/airflow/.local/lib/python3.7/site-packages/airflow/example_dags/example_xcomargs.py took 0.152 seconds
[2026-09-27T03:10:23.581+0000] {processor.py:156} INFO - Started process (PID=2845) to work on /home/airflow/.local/lib/python3.7/site-packages/airflow/example_dags/example_xcomargs.py
[2026-09-27T03:10:23.583+0000] {processor.py:799} INFO - Processing file /home/airflow/.local/lib/python3.7/site-packages/airflow/example_dags/example_xcomargs.py for tasks to queue
[2026-09-27T03:10:23.585+0000] {logging_mixin.py:149} INFO - [2026-09-27T03:10:23.584+0000] {dagbag.py:541} INFO - Filling up the DagBag from /home/airflow/.local/lib/python3.7/site-packages/airflow/example_dags/example_xcomargs.py
[2026-09-27T03:10:23.609+0000] {processor.py:809} INFO - DAG(s) dict_keys(['example_xcom_args_with_operators', 'example_xcom_args']) retrieved from /home/airflow/.local/lib/python3.7/site-packages/airflow/example_dags/example_xcomargs.py
[2026-09-27T03:10:23.660+0000] {logging_mixin.py:149} INFO - [2026-09-27T03:10:23.659+0000] {dag.py:2726} INFO - Sync 2 DAGs
[2026-09-27T03:10:23.713+0000] {logging_mixin.py:149} INFO - [2026-09-27T03:10:23.712+0000] {dag.py:3490} INFO - Setting next_dagrun for example_xcom_args to None, run_after=None
[2026-09-27T03:10:23.718+0000] {logging_mixin.py:149} INFO - [2026-09-27T03:10:23.718+0000] {dag.py:3490} INFO - Setting next_dagrun for example_xcom_args_with_operators to None, run_after=None
[2026-09-27T03:10:23.746+0000] {processor.py:178} INFO - Processing /home/airflow/.local/lib/python3.7/site-packages/airflow/example_dags/example_xcomargs.py took 0.173 seconds
[2026-09-27T03:10:54.108+0000] {processor.py:156} INFO - Started process (PID=2901) to work on /home/airflow/.local/lib/python3.7/site-packages/airflow/example_dags/example_xcomargs.py
[2026-09-27T03:10:54.110+0000] {processor.py:799} INFO - Processing file /home/airflow/.local/lib/python3.7/site-packages/airflow/example_dags/example_xcomargs.py for tasks to queue
[2026-09-27T03:10:54.112+0000] {logging_mixin.py:149} INFO - [2026-09-27T03:10:54.111+0000] {dagbag.py:541} INFO - Filling up the DagBag from /home/airflow/.local/lib/python3.7/site-packages/airflow/example_dags/example_xcomargs.py
[2026-09-27T03:10:54.128+0000] {processor.py:809} INFO - DAG(s) dict_keys(['example_xcom_args_with_operators', 'example_xcom_args']) retrieved from /home/airflow/.local/lib/python3.7/site-packages/airflow/example_dags/example_xcomargs.py
[2026-09-27T03:10:54.178+0000] {logging_mixin.py:149} INFO - [2026-09-27T03:10:54.178+0000] {dag.py:2726} INFO - Sync 2 DAGs
[2026-09-27T03:10:54.234+0000] {logging_mixin.py:149} INFO - [2026-09-27T03:10:54.234+0000] {dag.py:3490} INFO - Setting next_dagrun for example_xcom_args to None, run_after=None
[2026-09-27T03:10:54.240+0000] {logging_mixin.py:149} INFO - [2026-09-27T03:10:54.240+0000] {dag.py:3490} INFO - Setting next_dagrun for example_xcom_args_with_operators to None, run_after=None
[2026-09-27T03:10:54.265+0000] {processor.py:178} INFO - Processing /home/airflow/.local/lib/python3.7/site-packages/airflow/example_dags/example_xcomargs.py took 0.164 seconds
[2026-09-27T03:11:24.772+0000] {processor.py:156} INFO - Started process (PID=2957) to work on /home/airflow/.local/lib/python3.7/site-packages/airflow/example_dags/example_xcomargs.py
[2026-09-27T03:11:24.773+0000] {processor.py:799} INFO - Processing file /home/airflow/.local/lib/python3.7/site-packages/airflow/example_dags/example_xcomargs.py for tasks to queue
[2026-09-27T03:11:24.774+0000] {logging_mixin.py:149} INFO - [2026-09-27T03:11:24.774+0000] {dagbag.py:541} INFO - Filling up the DagBag from /home/airflow/.local/lib/python3.7/site-packages/airflow/example_dags/example_xcomargs.py
[2026-09-27T03:11:24.790+0000] {processor.py:809} INFO - DAG(s) dict_keys(['example_xcom_args_with_operators', 'example_xcom_args']) retrieved from /home/airflow/.local/lib/python3.7/site-packages/airflow/example_dags/example_xcomargs.py
[2026-09-27T03:11:24.845+0000] {logging_mixin.py:149} INFO - [2026-09-27T03:11:24.845+0000] {dag.py:2726} INFO - Sync 2 DAGs
[2026-09-27T03:11:24.888+0000] {logging_mixin.py:149} INFO - [2026-09-27T03:11:24.888+0000] {dag.py:3490} INFO - Setting next_dagrun for example_xcom_args to None, run_after=None
[2026-09-27T03:11:24.894+0000] {logging_mixin.py:149} INFO - [2026-09-27T03:11:24.894+0000] {dag.py:3490} INFO - Setting next_dagrun for example_xcom_args_with_operators to None, run_after=None
[2026-09-27T03:11:24.920+0000] {processor.py:178} INFO - Processing /home/airflow/.local/lib/python3.7/site-packages/airflow/example_dags/example_xcomargs.py took 0.154 seconds
[2026-09-27T03:11:55.762+0000] {processor.py:156} INFO - Started process (PID=3013) to work on /home/airflow/.local/lib/python3.7/site-packages/airflow/example_dags/example_xcomargs.py
[2026-09-27T03:11:55.764+0000] {processor.py:799} INFO - Processing file /home/airflow/.local/lib/python3.7/site-packages/airflow/example_dags/example_xcomargs.py for tasks to queue
[2026-09-27T03:11:55.765+0000] {logging_mixin.py:149} INFO - [2026-09-27T03:11:55.765+0000] {dagbag.py:541} INFO - Filling up the DagBag from /home/airflow/.local/lib/python3.7/site-packages/airflow/example_dags/example_xcomargs.py
[2026-09-27T03:11:55.779+0000] {processor.py:809} INFO - DAG(s) dict_keys(['example_xcom_args', 'example_xcom_args_with_operators']) retrieved from /home/airflow/.local/lib/python3.7/site-packages/airflow/example_dags/example_xcomargs.py
[2026-09-27T03:11:55.833+0000] {logging_mixin.py:149} INFO - [2026-09-27T03:11:55.833+0000] {dag.py:2726} INFO - Sync 2 DAGs
[2026-09-27T03:11:55.882+0000] {logging_mixin.py:149} INFO - [2026-09-27T03:11:55.882+0000] {dag.py:3490} INFO - Setting next_dagrun for example_xcom_args to None, run_after=None
[2026-09-27T03:11:55.889+0000] {logging_mixin.py:149} INFO - [2026-09-27T03:11:55.889+0000] {dag.py:3490} INFO - Setting next_dagrun for example_xcom_args_with_operators to None, run_after=None
[2026-09-27T03:11:55.915+0000] {processor.py:178} INFO - Processing /home/airflow/.local/lib/python3.7/site-packages/airflow/example_dags/example_xcomargs.py took 0.160 seconds
[2026-09-27T03:12:26.546+0000] {processor.py:156} INFO - Started process (PID=3069) to work on /home/airflow/.local/lib/python3.7/site-packages/airflow/example_dags/example_xcomargs.py
[2026-09-27T03:12:26.547+0000] {processor.py:799} INFO - Processing file /home/airflow/.local/lib/python3.7/site-packages/airflow/example_dags/example_xcomargs.py for tasks to queue
[2026-09-27T03:12:26.548+0000] {logging_mixin.py:149} INFO - [2026-09-27T03:12:26.548+0000] {dagbag.py:541} INFO - Filling up the DagBag from /home/airflow/.local/lib/python3.7/site-packages/airflow/example_dags/example_xcomargs.py
[2026-09-27T03:12:26.565+0000] {processor.py:809} INFO - DAG(s) dict_keys(['example_xcom_args', 'example_xcom_args_with_operators']) retrieved from /home/airflow/.local/lib/python3.7/site-packages/airflow/example_dags/example_xcomargs.py
[2026-09-27T03:12:26.616+0000] {logging_mixin.py:149} INFO - [2026-09-27T03:12:26.616+0000] {dag.py:2726} INFO - Sync 2 DAGs
[2026-09-27T03:12:26.662+0000] {logging_mixin.py:149} INFO - [2026-09-27T03:12:26.662+0000] {dag.py:3490} INFO - Setting next_dagrun for example_xcom_args to None, run_after=None
[2026-09-27T03:12:26.668+0000] {logging_mixin.py:149} INFO - [2026-09-27T03:12:26.668+0000] {dag.py:3490} INFO - Setting next_dagrun for example_xcom_args_with_operators to None, run_after=None
[2026-09-27T03:12:26.731+0000] {processor.py:178} INFO - Processing /home/airflow/.local/lib/python3.7/site-packages/airflow/example_dags/example_xcomargs.py took 0.191 seconds
[2026-09-27T03:12:57.283+0000] {processor.py:156} INFO - Started process (PID=3125) to work on /home/airflow/.local/lib/python3.7/site-packages/airflow/example_dags/example_xcomargs.py
[2026-09-27T03:12:57.285+0000] {processor.py:799} INFO - Processing file /home/airflow/.local/lib/python3.7/site-packages/airflow/example_dags/example_xcomargs.py for tasks to queue
[2026-09-27T03:12:57.286+0000] {logging_mixin.py:149} INFO - [2026-09-27T03:12:57.286+0000] {dagbag.py:541} INFO - Filling up the DagBag from /home/airflow/.local/lib/python3.7/site-packages/airflow/example_dags/example_xcomargs.py
[2026-09-27T03:12:57.299+0000] {processor.py:809} INFO - DAG(s) dict_keys(['example_xcom_args', 'example_xcom_args_with_operators']) retrieved from /home/airflow/.local/lib/python3.7/site-packages/airflow/example_dags/example_xcomargs.py
[2026-09-27T03:12:57.353+0000] {logging_mixin.py:149} INFO - [2026-09-27T03:12:57.352+0000] {dag.py:2726} INFO - Sync 2 DAGs
[2026-09-27T03:12:57.407+0000] {logging_mixin.py:149} INFO - [2026-09-27T03:12:57.407+0000] {dag.py:3490} INFO - Setting next_dagrun for example_xcom_args to None, run_after=None
[2026-09-27T03:12:57.412+0000] {logging_mixin.py:149} INFO - [2026-09-27T03:12:57.412+0000] {dag.py:3490} INFO - Setting next_dagrun for example_xcom_args_with_operators to None, run_after=None
[2026-09-27T03:12:57.443+0000] {processor.py:178} INFO - Processing /home/airflow/.local/lib/python3.7/site-packages/airflow/example_dags/example_xcomargs.py took 0.168 seconds
[2026-09-27T03:13:27.990+0000] {processor.py:156} INFO - Started process (PID=3181) to work on /home/airflow/.local/lib/python3.7/site-packages/airflow/example_dags/example_xcomargs.py
[2026-09-27T03:13:27.991+0000] {processor.py:799} INFO - Processing file /home/airflow/.local/lib/python3.7/site-packages/airflow/example_dags/example_xcomargs.py for tasks to queue
[2026-09-27T03:13:27.992+0000] {logging_mixin.py:149} INFO - [2026-09-27T03:13:27.992+0000] {dagbag.py:541} INFO - Filling up the DagBag from /home/airflow/.local/lib/python3.7/site-packages/airflow/example_dags/example_xcomargs.py
[2026-09-27T03:13:28.004+0000] {processor.py:809} INFO - DAG(s) dict_keys(['example_xcom_args', 'example_xcom_args_with_operators']) retrieved from /home/airflow/.local/lib/python3.7/site-packages/airflow/example_dags/example_xcomargs.py
[2026-09-27T03:13:28.050+0000] {logging_mixin.py:149} INFO - [2026-09-27T03:13:28.049+0000] {dag.py:2726} INFO - Sync 2 DAGs
[2026-09-27T03:13:28.098+0000] {logging_mixin.py:149} INFO - [2026-09-27T03:13:28.098+0000] {dag.py:3490} INFO - Setting next_dagrun for example_xcom_args to None, run_after=None
[2026-09-27T03:13:28.103+0000] {logging_mixin.py:149} INFO - [2026-09-27T03:13:28.103+0000] {dag.py:3490} INFO - Setting next_dagrun for example_xcom_args_with_operators to None, run_after=None
[2026-09-27T03:13:28.129+0000] {processor.py:178} INFO - Processing /home/airflow/.local/lib/python3.7/site-packages/airflow/example_dags/example_xcomargs.py took 0.144 seconds
[2026-09-27T03:13:58.668+0000] {processor.py:156} INFO - Started process (PID=3237) to work on /home/airflow/.local/lib/python3.7/site-packages/airflow/example_dags/example_xcomargs.py
[2026-09-27T03:13:58.670+0000] {processor.py:799} INFO - Processing file /home/airflow/.local/lib/python3.7/site-packages/airflow/example_dags/example_xcomargs.py for tasks to queue
[2026-09-27T03:13:58.672+0000] {logging_mixin.py:149} INFO - [2026-09-27T03:13:58.671+0000] {dagbag.py:541} INFO - Filling up the DagBag from /home/airflow/.local/lib/python3.7/site-packages/airflow/example_dags/example_xcomargs.py
[2026-09-27T03:13:58.686+0000] {processor.py:809} INFO - DAG(s) dict_keys(['example_xcom_args', 'example_xcom_args_with_operators']) retrieved from /home/airflow/.local/lib/python3.7/site-packages/airflow/example_dags/example_xcomargs.py
[2026-09-27T03:13:58.735+0000] {logging_mixin.py:149} INFO - [2026-09-27T03:13:58.734+0000] {dag.py:2726} INFO - Sync 2 DAGs
[2026-09-27T03:13:58.778+0000] {logging_mixin.py:149} INFO - [2026-09-27T03:13:58.778+0000] {dag.py:3490} INFO - Setting next_dagrun for example_xcom_args to None, run_after=None
[2026-09-27T03:13:58.783+0000] {logging_mixin.py:149} INFO - [2026-09-27T03:13:58.783+0000] {dag.py:3490} INFO - Setting next_dagrun for example_xcom_args_with_operators to None, run_after=None
[2026-09-27T03:13:58.813+0000] {processor.py:178} INFO - Processing /home/airflow/.local/lib/python3.7/site-packages/airflow/example_dags/example_xcomargs.py took 0.151 seconds
[2026-09-27T03:14:29.465+0000] {processor.py:156} INFO - Started process (PID=3293) to work on /home/airflow/.local/lib/python3.7/site-packages/airflow/example_dags/example_xcomargs.py
[2026-09-27T03:14:29.466+0000] {processor.py:799} INFO - Processing file /home/airflow/.local/lib/python3.7/site-packages/airflow/example_dags/example_xcomargs.py for tasks to queue
[2026-09-27T03:14:29.467+0000] {logging_mixin.py:149} INFO - [2026-09-27T03:14:29.467+0000] {dagbag.py:541} INFO - Filling up the DagBag from /home/airflow/.local/lib/python3.7/site-packages/airflow/example_dags/example_xcomargs.py
[2026-09-27T03:14:29.481+0000] {processor.py:809} INFO - DAG(s) dict_keys(['example_xcom_args', 'example_xcom_args_with_operators']) retrieved from /home/airflow/.local/lib/python3.7/site-packages/airflow/example_dags/example_xcomargs.py
[2026-09-27T03:14:29.529+0000] {logging_mixin.py:149} INFO - [2026-09-27T03:14:29.529+0000] {dag.py:2726} INFO - Sync 2 DAGs
[2026-09-27T03:14:29.589+0000] {logging_mixin.py:149} INFO - [2026-09-27T03:14:29.588+0000] {dag.py:3490} INFO - Setting next_dagrun for example_xcom_args to None, run_after=None
[2026-09-27T03:14:29.595+0000] {logging_mixin.py:149} INFO - [2026-09-27T03:14:29.594+0000] {dag.py:3490} INFO - Setting next_dagrun for example_xcom_args_with_operators to None, run_after=None
[2026-09-27T03:14:29.620+0000] {processor.py:178} INFO - Processing /home/airflow/.local/lib/python3.7/site-packages/airflow/example_dags/example_xcomargs.py took 0.162 seconds
[2026-09-27T03:15:00.366+0000] {processor.py:156} INFO - Started process (PID=3349) to work on /home/airflow/.local/lib/python3.7/site-packages/airflow/example_dags/example_xcomargs.py
[2026-09-27T03:15:00.368+0000] {processor.py:799} INFO - Processing file /home/airflow/.local/lib/python3.7/site-packages/airflow/example_dags/example_xcomargs.py for tasks to queue
[2026-09-27T03:15:00.369+0000] {logging_mixin.py:149} INFO - [2026-09-27T03:15:00.369+0000] {dagbag.py:541} INFO - Filling up the DagBag from /home/airflow/.local/lib/python3.7/site-packages/airflow/example_dags/example_xcomargs.py
[2026-09-27T03:15:00.383+0000] {processor.py:809} INFO - DAG(s) dict_keys(['example_xcom_args_with_operators', 'example_xcom_args']) retrieved from /home/airflow/.local/lib/python3.7/site-packages/airflow/example_dags/example_xcomargs.py
[2026-09-27T03:15:00.430+0000] {logging_mixin.py:149} INFO - [2026-09-27T03:15:00.430+0000] {dag.py:2726} INFO - Sync 2 DAGs
[2026-09-27T03:15:00.475+0000] {logging_mixin.py:149} INFO - [2026-09-27T03:15:00.475+0000] {dag.py:3490} INFO - Setting next_dagrun for example_xcom_args to None, run_after=None
[2026-09-27T03:15:00.483+0000] {logging_mixin.py:149} INFO - [2026-09-27T03:15:00.483+0000] {dag.py:3490} INFO - Setting next_dagrun for example_xcom_args_with_operators to None, run_after=None
[2026-09-27T03:15:00.515+0000] {processor.py:178} INFO - Processing /home/airflow/.local/lib/python3.7/site-packages/airflow/example_dags/example_xcomargs.py took 0.156 seconds
[2026-09-27T03:15:31.070+0000] {processor.py:156} INFO - Started process (PID=3405) to work on /home/airflow/.local/lib/python3.7/site-packages/airflow/example_dags/example_xcomargs.py
[2026-09-27T03:15:31.071+0000] {processor.py:799} INFO - Processing file /home/airflow/.local/lib/python3.7/site-packages/airflow/example_dags/example_xcomargs.py for tasks to queue
[2026-09-27T03:15:31.072+0000] {logging_mixin.py:149} INFO - [2026-09-27T03:15:31.072+0000] {dagbag.py:541} INFO - Filling up the DagBag from /home/airflow/.local/lib/python3.7/site-packages/airflow/example_dags/example_xcomargs.py
[2026-09-27T03:15:31.099+0000] {processor.py:809} INFO - DAG(s) dict_keys(['example_xcom_args', 'example_xcom_args_with_operators']) retrieved from /home/airflow/.local/lib/python3.7/site-packages/airflow/example_dags/example_xcomargs.py
[2026-09-27T03:15:31.165+0000] {logging_mixin.py:149} INFO - [2026-09-27T03:15:31.165+0000] {dag.py:2726} INFO - Sync 2 DAGs
[2026-09-27T03:15:31.211+0000] {logging_mixin.py:149} INFO - [2026-09-27T03:15:31.211+0000] {dag.py:3490} INFO - Setting next_dagrun for example_xcom_args to None, run_after=None
[2026-09-27T03:15:31.217+0000] {logging_mixin.py:149} INFO - [2026-09-27T03:15:31.217+0000] {dag.py:3490} INFO - Setting next_dagrun for example_xcom_args_with_operators to None, run_after=None
[2026-09-27T03:15:31.246+0000] {processor.py:178} INFO - Processing /home/airflow/.local/lib/python3.7/site-packages/airflow/example_dags/example_xcomargs.py took 0.181 seconds
[2026-09-27T03:16:01.562+0000] {processor.py:156} INFO - Started process (PID=3461) to work on /home/airflow/.local/lib/python3.7/site-packages/airflow/example_dags/example_xcomargs.py
[2026-09-27T03:16:01.564+0000] {processor.py:799} INFO - Processing file /home/airflow/.local/lib/python3.7/site-packages/airflow/example_dags/example_xcomargs.py for tasks to queue
[2026-09-27T03:16:01.565+0000] {logging_mixin.py:149} INFO - [2026-09-27T03:16:01.565+0000] {dagbag.py:541} INFO - Filling up the DagBag from /home/airflow/.local/lib/python3.7/site-packages/airflow/example_dags/example_xcomargs.py
[2026-09-27T03:16:01.578+0000] {processor.py:809} INFO - DAG(s) dict_keys(['example_xcom_args', 'example_xcom_args_with_operators']) retrieved from /home/airflow/.local/lib/python3.7/site-packages/airflow/example_dags/example_xcomargs.py
[2026-09-27T03:16:01.628+0000] {logging_mixin.py:149} INFO - [2026-09-27T03:16:01.628+0000] {dag.py:2726} INFO - Sync 2 DAGs
[2026-09-27T03:16:01.669+0000] {logging_mixin.py:149} INFO - [2026-09-27T03:16:01.669+0000] {dag.py:3490} INFO - Setting next_dagrun for example_xcom_args to None, run_after=None
[2026-09-27T03:16:01.675+0000] {logging_mixin.py:149} INFO - [2026-09-27T03:16:01.675+0000] {dag.py:3490} INFO - Setting next_dagrun for example_xcom_args_with_operators to None, run_after=None
[2026-09-27T03:16:01.701+0000] {processor.py:178} INFO - Processing /home/airflow/.local/lib/python3.7/site-packages/airflow/example_dags/example_xcomargs.py took 0.146 seconds
[2026-09-27T03:16:32.716+0000] {processor.py:156} INFO - Started process (PID=3517) to work on /home/airflow/.local/lib/python3.7/site-packages/airflow/example_dags/example_xcomargs.py
[2026-09-27T03:16:32.719+0000] {processor.py:799} INFO - Processing file /home/airflow/.local/lib/python3.7/site-packages/airflow/example_dags/example_xcomargs.py for tasks to queue
[2026-09-27T03:16:32.720+0000] {logging_mixin.py:149} INFO - [2026-09-27T03:16:32.720+0000] {dagbag.py:541} INFO - Filling up the DagBag from /home/airflow/.local/lib/python3.7/site-packages/airflow/example_dags/example_xcomargs.py
[2026-09-27T03:16:32.734+0000] {processor.py:809} INFO - DAG(s) dict_keys(['example_xcom_args', 'example_xcom_args_with_operators']) retrieved from /home/airflow/.local/lib/python3.7/site-packages/airflow/example_dags/example_xcomargs.py
[2026-09-27T03:16:32.787+0000] {logging_mixin.py:149} INFO - [2026-09-27T03:16:32.786+0000] {dag.py:2726} INFO - Sync 2 DAGs
[2026-09-27T03:16:32.831+0000] {logging_mixin.py:149} INFO - [2026-09-27T03:16:32.830+0000] {dag.py:3490} INFO - Setting next_dagrun for example_xcom_args to None, run_after=None
[2026-09-27T03:16:32.835+0000] {logging_mixin.py:149} INFO - [2026-09-27T03:16:32.835+0000] {dag.py:3490} INFO - Setting next_dagrun for example_xcom_args_with_operators to None, run_after=None
[2026-09-27T03:16:32.861+0000] {processor.py:178} INFO - Processing /home/airflow/.local/lib/python3.7/site-packages/airflow/example_dags/example_xcomargs.py took 0.150 seconds
[2026-09-27T03:17:03.493+0000] {processor.py:156} INFO - Started process (PID=3573) to work on /home/airflow/.local/lib/python3.7/site-packages/airflow/example_dags/example_xcomargs.py
[2026-09-27T03:17:03.494+0000] {processor.py:799} INFO - Processing file /home/airflow/.local/lib/python3.7/site-packages/airflow/example_dags/example_xcomargs.py for tasks to queue
[2026-09-27T03:17:03.496+0000] {logging_mixin.py:149} INFO - [2026-09-27T03:17:03.495+0000] {dagbag.py:541} INFO - Filling up the DagBag from /home/airflow/.local/lib/python3.7/site-packages/airflow/example_dags/example_xcomargs.py
[2026-09-27T03:17:03.512+0000] {processor.py:809} INFO - DAG(s) dict_keys(['example_xcom_args_with_operators', 'example_xcom_args']) retrieved from /home/airflow/.local/lib/python3.7/site-packages/airflow/example_dags/example_xcomargs.py
[2026-09-27T03:17:03.564+0000] {logging_mixin.py:149} INFO - [2026-09-27T03:17:03.563+0000] {dag.py:2726} INFO - Sync 2 DAGs
[2026-09-27T03:17:03.607+0000] {logging_mixin.py:149} INFO - [2026-09-27T03:17:03.607+0000] {dag.py:3490} INFO - Setting next_dagrun for example_xcom_args to None, run_after=None
[2026-09-27T03:17:03.612+0000] {logging_mixin.py:149} INFO - [2026-09-27T03:17:03.612+0000] {dag.py:3490} INFO - Setting next_dagrun for example_xcom_args_with_operators to None, run_after=None
[2026-09-27T03:17:03.640+0000] {processor.py:178} INFO - Processing /home/airflow/.local/lib/python3.7/site-packages/airflow/example_dags/example_xcomargs.py took 0.153 seconds
[2026-09-27T03:17:34.782+0000] {processor.py:156} INFO - Started process (PID=3638) to work on /home/airflow/.local/lib/python3.7/site-packages/airflow/example_dags/example_xcomargs.py
[2026-09-27T03:17:34.785+0000] {processor.py:799} INFO - Processing file /home/airflow/.local/lib/python3.7/site-packages/airflow/example_dags/example_xcomargs.py for tasks to queue
[2026-09-27T03:17:34.786+0000] {logging_mixin.py:149} INFO - [2026-09-27T03:17:34.786+0000] {dagbag.py:541} INFO - Filling up the DagBag from /home/airflow/.local/lib/python3.7/site-packages/airflow/example_dags/example_xcomargs.py
[2026-09-27T03:17:34.803+0000] {processor.py:809} INFO - DAG(s) dict_keys(['example_xcom_args_with_operators', 'example_xcom_args']) retrieved from /home/airflow/.local/lib/python3.7/site-packages/airflow/example_dags/example_xcomargs.py
[2026-09-27T03:17:34.857+0000] {logging_mixin.py:149} INFO - [2026-09-27T03:17:34.857+0000] {dag.py:2726} INFO - Sync 2 DAGs
[2026-09-27T03:17:34.908+0000] {logging_mixin.py:149} INFO - [2026-09-27T03:17:34.908+0000] {dag.py:3490} INFO - Setting next_dagrun for example_xcom_args to None, run_after=None
[2026-09-27T03:17:34.915+0000] {logging_mixin.py:149} INFO - [2026-09-27T03:17:34.915+0000] {dag.py:3490} INFO - Setting next_dagrun for example_xcom_args_with_operators to None, run_after=None
[2026-09-27T03:17:34.940+0000] {processor.py:178} INFO - Processing /home/airflow/.local/lib/python3.7/site-packages/airflow/example_dags/example_xcomargs.py took 0.166 seconds
[2026-09-27T03:18:05.481+0000] {processor.py:156} INFO - Started process (PID=3693) to work on /home/airflow/.local/lib/python3.7/site-packages/airflow/example_dags/example_xcomargs.py
[2026-09-27T03:18:05.486+0000] {processor.py:799} INFO - Processing file /home/airflow/.local/lib/python3.7/site-packages/airflow/example_dags/example_xcomargs.py for tasks to queue
[2026-09-27T03:18:05.488+0000] {logging_mixin.py:149} INFO - [2026-09-27T03:18:05.488+0000] {dagbag.py:541} INFO - Filling up the DagBag from /home/airflow/.local/lib/python3.7/site-packages/airflow/example_dags/example_xcomargs.py
[2026-09-27T03:18:05.511+0000] {processor.py:809} INFO - DAG(s) dict_keys(['example_xcom_args_with_operators', 'example_xcom_args']) retrieved from /home/airflow/.local/lib/python3.7/site-packages/airflow/example_dags/example_xcomargs.py
[2026-09-27T03:18:05.569+0000] {logging_mixin.py:149} INFO - [2026-09-27T03:18:05.569+0000] {dag.py:2726} INFO - Sync 2 DAGs
[2026-09-27T03:18:05.627+0000] {logging_mixin.py:149} INFO - [2026-09-27T03:18:05.626+0000] {dag.py:3490} INFO - Setting next_dagrun for example_xcom_args to None, run_after=None
[2026-09-27T03:18:05.634+0000] {logging_mixin.py:149} INFO - [2026-09-27T03:18:05.633+0000] {dag.py:3490} INFO - Setting next_dagrun for example_xcom_args_with_operators to None, run_after=None
[2026-09-27T03:18:05.668+0000] {processor.py:178} INFO - Processing /home/airflow/.local/lib/python3.7/site-packages/airflow/example_dags/example_xcomargs.py took 0.194 seconds
[2026-09-27T03:18:36.366+0000] {processor.py:156} INFO - Started process (PID=3750) to work on /home/airflow/.local/lib/python3.7/site-packages/airflow/example_dags/example_xcomargs.py
[2026-09-27T03:18:36.368+0000] {processor.py:799} INFO - Processing file /home/airflow/.local/lib/python3.7/site-packages/airflow/example_dags/example_xcomargs.py for tasks to queue
[2026-09-27T03:18:36.369+0000] {logging_mixin.py:149} INFO - [2026-09-27T03:18:36.369+0000] {dagbag.py:541} INFO - Filling up the DagBag from /home/airflow/.local/lib/python3.7/site-packages/airflow/example_dags/example_xcomargs.py
[2026-09-27T03:18:36.384+0000] {processor.py:809} INFO - DAG(s) dict_keys(['example_xcom_args', 'example_xcom_args_with_operators']) retrieved from /home/airflow/.local/lib/python3.7/site-packages/airflow/example_dags/example_xcomargs.py
[2026-09-27T03:18:36.431+0000] {logging_mixin.py:149} INFO - [2026-09-27T03:18:36.431+0000] {dag.py:2726} INFO - Sync 2 DAGs
[2026-09-27T03:18:36.475+0000] {logging_mixin.py:149} INFO - [2026-09-27T03:18:36.475+0000] {dag.py:3490} INFO - Setting next_dagrun for example_xcom_args to None, run_after=None
[2026-09-27T03:18:36.480+0000] {logging_mixin.py:149} INFO - [2026-09-27T03:18:36.480+0000] {dag.py:3490} INFO - Setting next_dagrun for example_xcom_args_with_operators to None, run_after=None
[2026-09-27T03:18:36.505+0000] {processor.py:178} INFO - Processing /home/airflow/.local/lib/python3.7/site-packages/airflow/example_dags/example_xcomargs.py took 0.146 seconds
[2026-09-27T03:19:07.158+0000] {processor.py:156} INFO - Started process (PID=3806) to work on /home/airflow/.local/lib/python3.7/site-packages/airflow/example_dags/example_xcomargs.py
[2026-09-27T03:19:07.160+0000] {processor.py:799} INFO - Processing file /home/airflow/.local/lib/python3.7/site-packages/airflow/example_dags/example_xcomargs.py for tasks to queue
[2026-09-27T03:19:07.161+0000] {logging_mixin.py:149} INFO - [2026-09-27T03:19:07.161+0000] {dagbag.py:541} INFO - Filling up the DagBag from /home/airflow/.local/lib/python3.7/site-packages/airflow/example_dags/example_xcomargs.py
[2026-09-27T03:19:07.175+0000] {processor.py:809} INFO - DAG(s) dict_keys(['example_xcom_args', 'example_xcom_args_with_operators']) retrieved from /home/airflow/.local/lib/python3.7/site-packages/airflow/example_dags/example_xcomargs.py
[2026-09-27T03:19:07.221+0000] {logging_mixin.py:149} INFO - [2026-09-27T03:19:07.221+0000] {dag.py:2726} INFO - Sync 2 DAGs
[2026-09-27T03:19:07.265+0000] {logging_mixin.py:149} INFO - [2026-09-27T03:19:07.265+0000] {dag.py:3490} INFO - Setting next_dagrun for example_xcom_args to None, run_after=None
[2026-09-27T03:19:07.271+0000] {logging_mixin.py:149} INFO - [2026-09-27T03:19:07.271+0000] {dag.py:3490} INFO - Setting next_dagrun for example_xcom_args_with_operators to None, run_after=None
[2026-09-27T03:19:07.296+0000] {processor.py:178} INFO - Processing /home/airflow/.local/lib/python3.7/site-packages/airflow/example_dags/example_xcomargs.py took 0.144 seconds
[2026-09-27T03:19:38.851+0000] {processor.py:156} INFO - Started process (PID=3868) to work on /home/airflow/.local/lib/python3.7/site-packages/airflow/example_dags/example_xcomargs.py
[2026-09-27T03:19:38.853+0000] {processor.py:799} INFO - Processing file /home/airflow/.local/lib/python3.7/site-packages/airflow/example_dags/example_xcomargs.py for tasks to queue
[2026-09-27T03:19:38.854+0000] {logging_mixin.py:149} INFO - [2026-09-27T03:19:38.854+0000] {dagbag.py:541} INFO - Filling up the DagBag from /home/airflow/.local/lib/python3.7/site-packages/airflow/example_dags/example_xcomargs.py
[2026-09-27T03:19:38.868+0000] {processor.py:809} INFO - DAG(s) dict_keys(['example_xcom_args', 'example_xcom_args_with_operators']) retrieved from /home/airflow/.local/lib/python3.7/site-packages/airflow/example_dags/example_xcomargs.py
[2026-09-27T03:19:38.919+0000] {logging_mixin.py:149} INFO - [2026-09-27T03:19:38.919+0000] {dag.py:2726} INFO - Sync 2 DAGs
[2026-09-27T03:19:38.976+0000] {logging_mixin.py:149} INFO - [2026-09-27T03:19:38.976+0000] {dag.py:3490} INFO - Setting next_dagrun for example_xcom_args to None, run_after=None
[2026-09-27T03:19:38.982+0000] {logging_mixin.py:149} INFO - [2026-09-27T03:19:38.982+0000] {dag.py:3490} INFO - Setting next_dagrun for example_xcom_args_with_operators to None, run_after=None
[2026-09-27T03:19:39.013+0000] {processor.py:178} INFO - Processing /home/airflow/.local/lib/python3.7/site-packages/airflow/example_dags/example_xcomargs.py took 0.170 seconds
[2026-09-27T03:20:09.801+0000] {processor.py:156} INFO - Started process (PID=3924) to work on /home/airflow/.local/lib/python3.7/site-packages/airflow/example_dags/example_xcomargs.py
[2026-09-27T03:20:09.803+0000] {processor.py:799} INFO - Processing file /home/airflow/.local/lib/python3.7/site-packages/airflow/example_dags/example_xcomargs.py for tasks to queue
[2026-09-27T03:20:09.804+0000] {logging_mixin.py:149} INFO - [2026-09-27T03:20:09.804+0000] {dagbag.py:541} INFO - Filling up the DagBag from /home/airflow/.local/lib/python3.7/site-packages/airflow/example_dags/example_xcomargs.py
[2026-09-27T03:20:09.818+0000] {processor.py:809} INFO - DAG(s) dict_keys(['example_xcom_args_with_operators', 'example_xcom_args']) retrieved from /home/airflow/.local/lib/python3.7/site-packages/airflow/example_dags/example_xcomargs.py
[2026-09-27T03:20:09.878+0000] {logging_mixin.py:149} INFO - [2026-09-27T03:20:09.878+0000] {dag.py:2726} INFO - Sync 2 DAGs
[2026-09-27T03:20:09.922+0000] {logging_mixin.py:149} INFO - [2026-09-27T03:20:09.921+0000] {dag.py:3490} INFO - Setting next_dagrun for example_xcom_args to None, run_after=None
[2026-09-27T03:20:09.927+0000] {logging_mixin.py:149} INFO - [2026-09-27T03:20:09.927+0000] {dag.py:3490} INFO - Setting next_dagrun for example_xcom_args_with_operators to None, run_after=None
[2026-09-27T03:20:09.952+0000] {processor.py:178} INFO - Processing /home/airflow/.local/lib/python3.7/site-packages/airflow/example_dags/example_xcomargs.py took 0.158 seconds
[2026-09-27T03:20:41.125+0000] {processor.py:156} INFO - Started process (PID=3980) to work on /home/airflow/.local/lib/python3.7/site-packages/airflow/example_dags/example_xcomargs.py
[2026-09-27T03:20:41.126+0000] {processor.py:799} INFO - Processing file /home/airflow/.local/lib/python3.7/site-packages/airflow/example_dags/example_xcomargs.py for tasks to queue
[2026-09-27T03:20:41.127+0000] {logging_mixin.py:149} INFO - [2026-09-27T03:20:41.127+0000] {dagbag.py:541} INFO - Filling up the DagBag from /home/airflow/.local/lib/python3.7/site-packages/airflow/example_dags/example_xcomargs.py
[2026-09-27T03:20:41.142+0000] {processor.py:809} INFO - DAG(s) dict_keys(['example_xcom_args_with_operators', 'example_xcom_args']) retrieved from /home/airflow/.local/lib/python3.7/site-packages/airflow/example_dags/example_xcomargs.py
[2026-09-27T03:20:41.193+0000] {logging_mixin.py:149} INFO - [2026-09-27T03:20:41.192+0000] {dag.py:2726} INFO - Sync 2 DAGs
[2026-09-27T03:20:41.244+0000] {logging_mixin.py:149} INFO - [2026-09-27T03:20:41.244+0000] {dag.py:3490} INFO - Setting next_dagrun for example_xcom_args to None, run_after=None
[2026-09-27T03:20:41.250+0000] {logging_mixin.py:149} INFO - [2026-09-27T03:20:41.250+0000] {dag.py:3490} INFO - Setting next_dagrun for example_xcom_args_with_operators to None, run_after=None
[2026-09-27T03:20:41.282+0000] {processor.py:178} INFO - Processing /home/airflow/.local/lib/python3.7/site-packages/airflow/example_dags/example_xcomargs.py took 0.164 seconds
[2026-09-27T03:21:12.036+0000] {processor.py:156} INFO - Started process (PID=4036) to work on /home/airflow/.local/lib/python3.7/site-packages/airflow/example_dags/example_xcomargs.py
[2026-09-27T03:21:12.037+0000] {processor.py:799} INFO - Processing file /home/airflow/.local/lib/python3.7/site-packages/airflow/example_dags/example_xcomargs.py for tasks to queue
[2026-09-27T03:21:12.038+0000] {logging_mixin.py:149} INFO - [2026-09-27T03:21:12.038+0000] {dagbag.py:541} INFO - Filling up the DagBag from /home/airflow/.local/lib/python3.7/site-packages/airflow/example_dags/example_xcomargs.py
[2026-09-27T03:21:12.053+0000] {processor.py:809} INFO - DAG(s) dict_keys(['example_xcom_args', 'example_xcom_args_with_operators']) retrieved from /home/airflow/.local/lib/python3.7/site-packages/airflow/example_dags/example_xcomargs.py
[2026-09-27T03:21:12.102+0000] {logging_mixin.py:149} INFO - [2026-09-27T03:21:12.102+0000] {dag.py:2726} INFO - Sync 2 DAGs
[2026-09-27T03:21:12.149+0000] {logging_mixin.py:149} INFO - [2026-09-27T03:21:12.149+0000] {dag.py:3490} INFO - Setting next_dagrun for example_xcom_args to None, run_after=None
[2026-09-27T03:21:12.155+0000] {logging_mixin.py:149} INFO - [2026-09-27T03:21:12.155+0000] {dag.py:3490} INFO - Setting next_dagrun for example_xcom_args_with_operators to None, run_after=None
[2026-09-27T03:21:12.183+0000] {processor.py:178} INFO - Processing /home/airflow/.local/lib/python3.7/site-packages/airflow/example_dags/example_xcomargs.py took 0.154 seconds
[2026-09-27T03:21:43.154+0000] {processor.py:156} INFO - Started process (PID=4092) to work on /home/airflow/.local/lib/python3.7/site-packages/airflow/example_dags/example_xcomargs.py
[2026-09-27T03:21:43.156+0000] {processor.py:799} INFO - Processing file /home/airflow/.local/lib/python3.7/site-packages/airflow/example_dags/example_xcomargs.py for tasks to queue
[2026-09-27T03:21:43.157+0000] {logging_mixin.py:149} INFO - [2026-09-27T03:21:43.157+0000] {dagbag.py:541} INFO - Filling up the DagBag from /home/airflow/.local/lib/python3.7/site-packages/airflow/example_dags/example_xcomargs.py
[2026-09-27T03:21:43.173+0000] {processor.py:809} INFO - DAG(s) dict_keys(['example_xcom_args', 'example_xcom_args_with_operators']) retrieved from /home/airflow/.local/lib/python3.7/site-packages/airflow/example_dags/example_xcomargs.py
[2026-09-27T03:21:43.223+0000] {logging_mixin.py:149} INFO - [2026-09-27T03:21:43.223+0000] {dag.py:2726} INFO - Sync 2 DAGs
[2026-09-27T03:21:43.266+0000] {logging_mixin.py:149} INFO - [2026-09-27T03:21:43.265+0000] {dag.py:3490} INFO - Setting next_dagrun for example_xcom_args to None, run_after=None
[2026-09-27T03:21:43.271+0000] {logging_mixin.py:149} INFO - [2026-09-27T03:21:43.271+0000] {dag.py:3490} INFO - Setting next_dagrun for example_xcom_args_with_operators to None, run_after=None
[2026-09-27T03:21:43.298+0000] {processor.py:178} INFO - Processing /home/airflow/.local/lib/python3.7/site-packages/airflow/example_dags/example_xcomargs.py took 0.151 seconds
[2026-09-27T03:22:13.943+0000] {processor.py:156} INFO - Started process (PID=4148) to work on /home/airflow/.local/lib/python3.7/site-packages/airflow/example_dags/example_xcomargs.py
[2026-09-27T03:22:13.944+0000] {processor.py:799} INFO - Processing file /home/airflow/.local/lib/python3.7/site-packages/airflow/example_dags/example_xcomargs.py for tasks to queue
[2026-09-27T03:22:13.945+0000] {logging_mixin.py:149} INFO - [2026-09-27T03:22:13.945+0000] {dagbag.py:541} INFO - Filling up the DagBag from /home/airflow/.local/lib/python3.7/site-packages/airflow/example_dags/example_xcomargs.py
[2026-09-27T03:22:13.958+0000] {processor.py:809} INFO - DAG(s) dict_keys(['example_xcom_args', 'example_xcom_args_with_operators']) retrieved from /home/airflow/.local/lib/python3.7/site-packages/airflow/example_dags/example_xcomargs.py
[2026-09-27T03:22:14.007+0000] {logging_mixin.py:149} INFO - [2026-09-27T03:22:14.006+0000] {dag.py:2726} INFO - Sync 2 DAGs
[2026-09-27T03:22:14.047+0000] {logging_mixin.py:149} INFO - [2026-09-27T03:22:14.047+0000] {dag.py:3490} INFO - Setting next_dagrun for example_xcom_args to None, run_after=None
[2026-09-27T03:22:14.052+0000] {logging_mixin.py:149} INFO - [2026-09-27T03:22:14.052+0000] {dag.py:3490} INFO - Setting next_dagrun for example_xcom_args_with_operators to None, run_after=None
[2026-09-27T03:22:14.074+0000] {processor.py:178} INFO - Processing /home/airflow/.local/lib/python3.7/site-packages/airflow/example_dags/example_xcomargs.py took 0.137 seconds
[2026-09-27T03:22:44.918+0000] {processor.py:156} INFO - Started process (PID=4205) to work on /home/airflow/.local/lib/python3.7/site-packages/airflow/example_dags/example_xcomargs.py
[2026-09-27T03:22:44.920+0000] {processor.py:799} INFO - Processing file /home/airflow/.local/lib/python3.7/site-packages/airflow/example_dags/example_xcomargs.py for tasks to queue
[2026-09-27T03:22:44.921+0000] {logging_mixin.py:149} INFO - [2026-09-27T03:22:44.921+0000] {dagbag.py:541} INFO - Filling up the DagBag from /home/airflow/.local/lib/python3.7/site-packages/airflow/example_dags/example_xcomargs.py
[2026-09-27T03:22:44.936+0000] {processor.py:809} INFO - DAG(s) dict_keys(['example_xcom_args', 'example_xcom_args_with_operators']) retrieved from /home/airflow/.local/lib/python3.7/site-packages/airflow/example_dags/example_xcomargs.py
[2026-09-27T03:22:44.987+0000] {logging_mixin.py:149} INFO - [2026-09-27T03:22:44.987+0000] {dag.py:2726} INFO - Sync 2 DAGs
[2026-09-27T03:22:45.032+0000] {logging_mixin.py:149} INFO - [2026-09-27T03:22:45.032+0000] {dag.py:3490} INFO - Setting next_dagrun for example_xcom_args to None, run_after=None
[2026-09-27T03:22:45.038+0000] {logging_mixin.py:149} INFO - [2026-09-27T03:22:45.038+0000] {dag.py:3490} INFO - Setting next_dagrun for example_xcom_args_with_operators to None, run_after=None
[2026-09-27T03:22:45.064+0000] {processor.py:178} INFO - Processing /home/airflow/.local/lib/python3.7/site-packages/airflow/example_dags/example_xcomargs.py took 0.152 seconds
[2026-09-27T03:23:15.811+0000] {processor.py:156} INFO - Started process (PID=4261) to work on /home/airflow/.local/lib/python3.7/site-packages/airflow/example_dags/example_xcomargs.py
[2026-09-27T03:23:15.813+0000] {processor.py:799} INFO - Processing file /home/airflow/.local/lib/python3.7/site-packages/airflow/example_dags/example_xcomargs.py for tasks to queue
[2026-09-27T03:23:15.814+0000] {logging_mixin.py:149} INFO - [2026-09-27T03:23:15.814+0000] {dagbag.py:541} INFO - Filling up the DagBag from /home/airflow/.local/lib/python3.7/site-packages/airflow/example_dags/example_xcomargs.py
[2026-09-27T03:23:15.829+0000] {processor.py:809} INFO - DAG(s) dict_keys(['example_xcom_args_with_operators', 'example_xcom_args']) retrieved from /home/airflow/.local/lib/python3.7/site-packages/airflow/example_dags/example_xcomargs.py
[2026-09-27T03:23:15.885+0000] {logging_mixin.py:149} INFO - [2026-09-27T03:23:15.884+0000] {dag.py:2726} INFO - Sync 2 DAGs
[2026-09-27T03:23:15.935+0000] {logging_mixin.py:149} INFO - [2026-09-27T03:23:15.935+0000] {dag.py:3490} INFO - Setting next_dagrun for example_xcom_args to None, run_after=None
[2026-09-27T03:23:15.942+0000] {logging_mixin.py:149} INFO - [2026-09-27T03:23:15.942+0000] {dag.py:3490} INFO - Setting next_dagrun for example_xcom_args_with_operators to None, run_after=None
[2026-09-27T03:23:15.973+0000] {processor.py:178} INFO - Processing /home/airflow/.local/lib/python3.7/site-packages/airflow/example_dags/example_xcomargs.py took 0.171 seconds
[2026-09-27T03:23:46.566+0000] {processor.py:156} INFO - Started process (PID=4318) to work on /home/airflow/.local/lib/python3.7/site-packages/airflow/example_dags/example_xcomargs.py
[2026-09-27T03:23:46.568+0000] {processor.py:799} INFO - Processing file /home/airflow/.local/lib/python3.7/site-packages/airflow/example_dags/example_xcomargs.py for tasks to queue
[2026-09-27T03:23:46.569+0000] {logging_mixin.py:149} INFO - [2026-09-27T03:23:46.569+0000] {dagbag.py:541} INFO - Filling up the DagBag from /home/airflow/.local/lib/python3.7/site-packages/airflow/example_dags/example_xcomargs.py
[2026-09-27T03:23:46.585+0000] {processor.py:809} INFO - DAG(s) dict_keys(['example_xcom_args_with_operators', 'example_xcom_args']) retrieved from /home/airflow/.local/lib/python3.7/site-packages/airflow/example_dags/example_xcomargs.py
[2026-09-27T03:23:46.630+0000] {logging_mixin.py:149} INFO - [2026-09-27T03:23:46.630+0000] {dag.py:2726} INFO - Sync 2 DAGs
[2026-09-27T03:23:46.676+0000] {logging_mixin.py:149} INFO - [2026-09-27T03:23:46.676+0000] {dag.py:3490} INFO - Setting next_dagrun for example_xcom_args to None, run_after=None
[2026-09-27T03:23:46.682+0000] {logging_mixin.py:149} INFO - [2026-09-27T03:23:46.682+0000] {dag.py:3490} INFO - Setting next_dagrun for example_xcom_args_with_operators to None, run_after=None
[2026-09-27T03:23:46.708+0000] {processor.py:178} INFO - Processing /home/airflow/.local/lib/python3.7/site-packages/airflow/example_dags/example_xcomargs.py took 0.149 seconds
[2026-09-27T03:24:17.402+0000] {processor.py:156} INFO - Started process (PID=4374) to work on /home/airflow/.local/lib/python3.7/site-packages/airflow/example_dags/example_xcomargs.py
[2026-09-27T03:24:17.406+0000] {processor.py:799} INFO - Processing file /home/airflow/.local/lib/python3.7/site-packages/airflow/example_dags/example_xcomargs.py for tasks to queue
[2026-09-27T03:24:17.409+0000] {logging_mixin.py:149} INFO - [2026-09-27T03:24:17.408+0000] {dagbag.py:541} INFO - Filling up the DagBag from /home/airflow/.local/lib/python3.7/site-packages/airflow/example_dags/example_xcomargs.py
[2026-09-27T03:24:17.431+0000] {processor.py:809} INFO - DAG(s) dict_keys(['example_xcom_args', 'example_xcom_args_with_operators']) retrieved from /home/airflow/.local/lib/python3.7/site-packages/airflow/example_dags/example_xcomargs.py
[2026-09-27T03:24:17.478+0000] {logging_mixin.py:149} INFO - [2026-09-27T03:24:17.477+0000] {dag.py:2726} INFO - Sync 2 DAGs
[2026-09-27T03:24:17.520+0000] {logging_mixin.py:149} INFO - [2026-09-27T03:24:17.520+0000] {dag.py:3490} INFO - Setting next_dagrun for example_xcom_args to None, run_after=None
[2026-09-27T03:24:17.525+0000] {logging_mixin.py:149} INFO - [2026-09-27T03:24:17.525+0000] {dag.py:3490} INFO - Setting next_dagrun for example_xcom_args_with_operators to None, run_after=None
[2026-09-27T03:24:17.548+0000] {processor.py:178} INFO - Processing /home/airflow/.local/lib/python3.7/site-packages/airflow/example_dags/example_xcomargs.py took 0.153 seconds
[2026-09-27T03:24:47.862+0000] {processor.py:156} INFO - Started process (PID=4430) to work on /home/airflow/.local/lib/python3.7/site-packages/airflow/example_dags/example_xcomargs.py
[2026-09-27T03:24:47.864+0000] {processor.py:799} INFO - Processing file /home/airflow/.local/lib/python3.7/site-packages/airflow/example_dags/example_xcomargs.py for tasks to queue
[2026-09-27T03:24:47.865+0000] {logging_mixin.py:149} INFO - [2026-09-27T03:24:47.865+0000] {dagbag.py:541} INFO - Filling up the DagBag from /home/airflow/.local/lib/python3.7/site-packages/airflow/example_dags/example_xcomargs.py
[2026-09-27T03:24:47.891+0000] {processor.py:809} INFO - DAG(s) dict_keys(['example_xcom_args', 'example_xcom_args_with_operators']) retrieved from /home/airflow/.local/lib/python3.7/site-packages/airflow/example_dags/example_xcomargs.py
[2026-09-27T03:24:47.937+0000] {logging_mixin.py:149} INFO - [2026-09-27T03:24:47.937+0000] {dag.py:2726} INFO - Sync 2 DAGs
[2026-09-27T03:24:47.978+0000] {logging_mixin.py:149} INFO - [2026-09-27T03:24:47.978+0000] {dag.py:3490} INFO - Setting next_dagrun for example_xcom_args to None, run_after=None
[2026-09-27T03:24:47.984+0000] {logging_mixin.py:149} INFO - [2026-09-27T03:24:47.983+0000] {dag.py:3490} INFO - Setting next_dagrun for example_xcom_args_with_operators to None, run_after=None
[2026-09-27T03:24:48.017+0000] {processor.py:178} INFO - Processing /home/airflow/.local/lib/python3.7/site-packages/airflow/example_dags/example_xcomargs.py took 0.161 seconds
[2026-09-27T03:25:18.635+0000] {processor.py:156} INFO - Started process (PID=4486) to work on /home/airflow/.local/lib/python3.7/site-packages/airflow/example_dags/example_xcomargs.py
[2026-09-27T03:25:18.637+0000] {processor.py:799} INFO - Processing file /home/airflow/.local/lib/python3.7/site-packages/airflow/example_dags/example_xcomargs.py for tasks to queue
[2026-09-27T03:25:18.639+0000] {logging_mixin.py:149} INFO - [2026-09-27T03:25:18.638+0000] {dagbag.py:541} INFO - Filling up the DagBag from /home/airflow/.local/lib/python3.7/site-packages/airflow/example_dags/example_xcomargs.py
[2026-09-27T03:25:18.658+0000] {processor.py:809} INFO - DAG(s) dict_keys(['example_xcom_args', 'example_xcom_args_with_operators']) retrieved from /home/airflow/.local/lib/python3.7/site-packages/airflow/example_dags/example_xcomargs.py
[2026-09-27T03:25:18.710+0000] {logging_mixin.py:149} INFO - [2026-09-27T03:25:18.710+0000] {dag.py:2726} INFO - Sync 2 DAGs
[2026-09-27T03:25:18.758+0000] {logging_mixin.py:149} INFO - [2026-09-27T03:25:18.758+0000] {dag.py:3490} INFO - Setting next_dagrun for example_xcom_args to None, run_after=None
[2026-09-27T03:25:18.764+0000] {logging_mixin.py:149} INFO - [2026-09-27T03:25:18.764+0000] {dag.py:3490} INFO - Setting next_dagrun for example_xcom_args_with_operators to None, run_after=None
[2026-09-27T03:25:18.789+0000] {processor.py:178} INFO - Processing /home/airflow/.local/lib/python3.7/site-packages/airflow/example_dags/example_xcomargs.py took 0.163 seconds
[2026-09-27T03:25:49.561+0000] {processor.py:156} INFO - Started process (PID=4543) to work on /home/airflow/.local/lib/python3.7/site-packages/airflow/example_dags/example_xcomargs.py
[2026-09-27T03:25:49.562+0000] {processor.py:799} INFO - Processing file /home/airflow/.local/lib/python3.7/site-packages/airflow/example_dags/example_xcomargs.py for tasks to queue
[2026-09-27T03:25:49.563+0000] {logging_mixin.py:149} INFO - [2026-09-27T03:25:49.563+0000] {dagbag.py:541} INFO - Filling up the DagBag from /home/airflow/.local/lib/python3.7/site-packages/airflow/example_dags/example_xcomargs.py
[2026-09-27T03:25:49.580+0000] {processor.py:809} INFO - DAG(s) dict_keys(['example_xcom_args_with_operators', 'example_xcom_args']) retrieved from /home/airflow/.local/lib/python3.7/site-packages/airflow/example_dags/example_xcomargs.py
[2026-09-27T03:25:49.632+0000] {logging_mixin.py:149} INFO - [2026-09-27T03:25:49.632+0000] {dag.py:2726} INFO - Sync 2 DAGs
[2026-09-27T03:25:49.675+0000] {logging_mixin.py:149} INFO - [2026-09-27T03:25:49.675+0000] {dag.py:3490} INFO - Setting next_dagrun for example_xcom_args to None, run_after=None
[2026-09-27T03:25:49.681+0000] {logging_mixin.py:149} INFO - [2026-09-27T03:25:49.681+0000] {dag.py:3490} INFO - Setting next_dagrun for example_xcom_args_with_operators to None, run_after=None
[2026-09-27T03:25:49.706+0000] {processor.py:178} INFO - Processing /home/airflow/.local/lib/python3.7/site-packages/airflow/example_dags/example_xcomargs.py took 0.153 seconds
[2026-09-27T03:26:20.112+0000] {processor.py:156} INFO - Started process (PID=4599) to work on /home/airflow/.local/lib/python3.7/site-packages/airflow/example_dags/example_xcomargs.py
[2026-09-27T03:26:20.115+0000] {processor.py:799} INFO - Processing file /home/airflow/.local/lib/python3.7/site-packages/airflow/example_dags/example_xcomargs.py for tasks to queue
[2026-09-27T03:26:20.116+0000] {logging_mixin.py:149} INFO - [2026-09-27T03:26:20.116+0000] {dagbag.py:541} INFO - Filling up the DagBag from /home/airflow/.local/lib/python3.7/site-packages/airflow/example_dags/example_xcomargs.py
[2026-09-27T03:26:20.135+0000] {processor.py:809} INFO - DAG(s) dict_keys(['example_xcom_args_with_operators', 'example_xcom_args']) retrieved from /home/airflow/.local/lib/python3.7/site-packages/airflow/example_dags/example_xcomargs.py
[2026-09-27T03:26:20.189+0000] {logging_mixin.py:149} INFO - [2026-09-27T03:26:20.188+0000] {dag.py:2726} INFO - Sync 2 DAGs
[2026-09-27T03:26:20.235+0000] {logging_mixin.py:149} INFO - [2026-09-27T03:26:20.235+0000] {dag.py:3490} INFO - Setting next_dagrun for example_xcom_args to None, run_after=None
[2026-09-27T03:26:20.241+0000] {logging_mixin.py:149} INFO - [2026-09-27T03:26:20.241+0000] {dag.py:3490} INFO - Setting next_dagrun for example_xcom_args_with_operators to None, run_after=None
[2026-09-27T03:26:20.264+0000] {processor.py:178} INFO - Processing /home/airflow/.local/lib/python3.7/site-packages/airflow/example_dags/example_xcomargs.py took 0.159 seconds
[2026-09-27T03:26:51.187+0000] {processor.py:156} INFO - Started process (PID=4655) to work on /home/airflow/.local/lib/python3.7/site-packages/airflow/example_dags/example_xcomargs.py
[2026-09-27T03:26:51.189+0000] {processor.py:799} INFO - Processing file /home/airflow/.local/lib/python3.7/site-packages/airflow/example_dags/example_xcomargs.py for tasks to queue
[2026-09-27T03:26:51.190+0000] {logging_mixin.py:149} INFO - [2026-09-27T03:26:51.190+0000] {dagbag.py:541} INFO - Filling up the DagBag from /home/airflow/.local/lib/python3.7/site-packages/airflow/example_dags/example_xcomargs.py
[2026-09-27T03:26:51.206+0000] {processor.py:809} INFO - DAG(s) dict_keys(['example_xcom_args_with_operators', 'example_xcom_args']) retrieved from /home/airflow/.local/lib/python3.7/site-packages/airflow/example_dags/example_xcomargs.py
[2026-09-27T03:26:51.256+0000] {logging_mixin.py:149} INFO - [2026-09-27T03:26:51.256+0000] {dag.py:2726} INFO - Sync 2 DAGs
[2026-09-27T03:26:51.301+0000] {logging_mixin.py:149} INFO - [2026-09-27T03:26:51.301+0000] {dag.py:3490} INFO - Setting next_dagrun for example_xcom_args to None, run_after=None
[2026-09-27T03:26:51.306+0000] {logging_mixin.py:149} INFO - [2026-09-27T03:26:51.306+0000] {dag.py:3490} INFO - Setting next_dagrun for example_xcom_args_with_operators to None, run_after=None
[2026-09-27T03:26:51.331+0000] {processor.py:178} INFO - Processing /home/airflow/.local/lib/python3.7/site-packages/airflow/example_dags/example_xcomargs.py took 0.151 seconds
[2026-09-27T03:27:22.445+0000] {processor.py:156} INFO - Started process (PID=4711) to work on /home/airflow/.local/lib/python3.7/site-packages/airflow/example_dags/example_xcomargs.py
[2026-09-27T03:27:22.468+0000] {processor.py:799} INFO - Processing file /home/airflow/.local/lib/python3.7/site-packages/airflow/example_dags/example_xcomargs.py for tasks to queue
[2026-09-27T03:27:22.469+0000] {logging_mixin.py:149} INFO - [2026-09-27T03:27:22.469+0000] {dagbag.py:541} INFO - Filling up the DagBag from /home/airflow/.local/lib/python3.7/site-packages/airflow/example_dags/example_xcomargs.py
[2026-09-27T03:27:22.483+0000] {processor.py:809} INFO - DAG(s) dict_keys(['example_xcom_args_with_operators', 'example_xcom_args']) retrieved from /home/airflow/.local/lib/python3.7/site-packages/airflow/example_dags/example_xcomargs.py
[2026-09-27T03:27:22.528+0000] {logging_mixin.py:149} INFO - [2026-09-27T03:27:22.528+0000] {dag.py:2726} INFO - Sync 2 DAGs
[2026-09-27T03:27:22.571+0000] {logging_mixin.py:149} INFO - [2026-09-27T03:27:22.570+0000] {dag.py:3490} INFO - Setting next_dagrun for example_xcom_args to None, run_after=None
[2026-09-27T03:27:22.576+0000] {logging_mixin.py:149} INFO - [2026-09-27T03:27:22.576+0000] {dag.py:3490} INFO - Setting next_dagrun for example_xcom_args_with_operators to None, run_after=None
[2026-09-27T03:27:22.604+0000] {processor.py:178} INFO - Processing /home/airflow/.local/lib/python3.7/site-packages/airflow/example_dags/example_xcomargs.py took 0.164 seconds
[2026-09-27T03:27:53.849+0000] {processor.py:156} INFO - Started process (PID=4767) to work on /home/airflow/.local/lib/python3.7/site-packages/airflow/example_dags/example_xcomargs.py
[2026-09-27T03:27:53.850+0000] {processor.py:799} INFO - Processing file /home/airflow/.local/lib/python3.7/site-packages/airflow/example_dags/example_xcomargs.py for tasks to queue
[2026-09-27T03:27:53.852+0000] {logging_mixin.py:149} INFO - [2026-09-27T03:27:53.851+0000] {dagbag.py:541} INFO - Filling up the DagBag from /home/airflow/.local/lib/python3.7/site-packages/airflow/example_dags/example_xcomargs.py
[2026-09-27T03:27:53.871+0000] {processor.py:809} INFO - DAG(s) dict_keys(['example_xcom_args_with_operators', 'example_xcom_args']) retrieved from /home/airflow/.local/lib/python3.7/site-packages/airflow/example_dags/example_xcomargs.py
[2026-09-27T03:27:53.930+0000] {logging_mixin.py:149} INFO - [2026-09-27T03:27:53.930+0000] {dag.py:2726} INFO - Sync 2 DAGs
[2026-09-27T03:27:53.983+0000] {logging_mixin.py:149} INFO - [2026-09-27T03:27:53.982+0000] {dag.py:3490} INFO - Setting next_dagrun for example_xcom_args to None, run_after=None
[2026-09-27T03:27:53.991+0000] {logging_mixin.py:149} INFO - [2026-09-27T03:27:53.990+0000] {dag.py:3490} INFO - Setting next_dagrun for example_xcom_args_with_operators to None, run_after=None
[2026-09-27T03:27:54.017+0000] {processor.py:178} INFO - Processing /home/airflow/.local/lib/python3.7/site-packages/airflow/example_dags/example_xcomargs.py took 0.174 seconds
[2026-09-27T03:28:24.743+0000] {processor.py:156} INFO - Started process (PID=4823) to work on /home/airflow/.local/lib/python3.7/site-packages/airflow/example_dags/example_xcomargs.py
[2026-09-27T03:28:24.746+0000] {processor.py:799} INFO - Processing file /home/airflow/.local/lib/python3.7/site-packages/airflow/example_dags/example_xcomargs.py for tasks to queue
[2026-09-27T03:28:24.748+0000] {logging_mixin.py:149} INFO - [2026-09-27T03:28:24.747+0000] {dagbag.py:541} INFO - Filling up the DagBag from /home/airflow/.local/lib/python3.7/site-packages/airflow/example_dags/example_xcomargs.py
[2026-09-27T03:28:24.765+0000] {processor.py:809} INFO - DAG(s) dict_keys(['example_xcom_args_with_operators', 'example_xcom_args']) retrieved from /home/airflow/.local/lib/python3.7/site-packages/airflow/example_dags/example_xcomargs.py
[2026-09-27T03:28:24.822+0000] {logging_mixin.py:149} INFO - [2026-09-27T03:28:24.822+0000] {dag.py:2726} INFO - Sync 2 DAGs
[2026-09-27T03:28:24.869+0000] {logging_mixin.py:149} INFO - [2026-09-27T03:28:24.868+0000] {dag.py:3490} INFO - Setting next_dagrun for example_xcom_args to None, run_after=None
[2026-09-27T03:28:24.874+0000] {logging_mixin.py:149} INFO - [2026-09-27T03:28:24.874+0000] {dag.py:3490} INFO - Setting next_dagrun for example_xcom_args_with_operators to None, run_after=None
[2026-09-27T03:28:24.900+0000] {processor.py:178} INFO - Processing /home/airflow/.local/lib/python3.7/site-packages/airflow/example_dags/example_xcomargs.py took 0.163 seconds
[2026-09-27T03:28:56.024+0000] {processor.py:156} INFO - Started process (PID=4882) to work on /home/airflow/.local/lib/python3.7/site-packages/airflow/example_dags/example_xcomargs.py
[2026-09-27T03:28:56.026+0000] {processor.py:799} INFO - Processing file /home/airflow/.local/lib/python3.7/site-packages/airflow/example_dags/example_xcomargs.py for tasks to queue
[2026-09-27T03:28:56.027+0000] {logging_mixin.py:149} INFO - [2026-09-27T03:28:56.027+0000] {dagbag.py:541} INFO - Filling up the DagBag from /home/airflow/.local/lib/python3.7/site-packages/airflow/example_dags/example_xcomargs.py
[2026-09-27T03:28:56.041+0000] {processor.py:809} INFO - DAG(s) dict_keys(['example_xcom_args_with_operators', 'example_xcom_args']) retrieved from /home/airflow/.local/lib/python3.7/site-packages/airflow/example_dags/example_xcomargs.py
[2026-09-27T03:28:56.090+0000] {logging_mixin.py:149} INFO - [2026-09-27T03:28:56.090+0000] {dag.py:2726} INFO - Sync 2 DAGs
[2026-09-27T03:28:56.135+0000] {logging_mixin.py:149} INFO - [2026-09-27T03:28:56.135+0000] {dag.py:3490} INFO - Setting next_dagrun for example_xcom_args to None, run_after=None
[2026-09-27T03:28:56.140+0000] {logging_mixin.py:149} INFO - [2026-09-27T03:28:56.140+0000] {dag.py:3490} INFO - Setting next_dagrun for example_xcom_args_with_operators to None, run_after=None
[2026-09-27T03:28:56.171+0000] {processor.py:178} INFO - Processing /home/airflow/.local/lib/python3.7/site-packages/airflow/example_dags/example_xcomargs.py took 0.153 seconds
[2026-09-27T03:29:27.798+0000] {processor.py:156} INFO - Started process (PID=4941) to work on /home/airflow/.local/lib/python3.7/site-packages/airflow/example_dags/example_xcomargs.py
[2026-09-27T03:29:27.800+0000] {processor.py:799} INFO - Processing file /home/airflow/.local/lib/python3.7/site-packages/airflow/example_dags/example_xcomargs.py for tasks to queue
[2026-09-27T03:29:27.802+0000] {logging_mixin.py:149} INFO - [2026-09-27T03:29:27.801+0000] {dagbag.py:541} INFO - Filling up the DagBag from /home/airflow/.local/lib/python3.7/site-packages/airflow/example_dags/example_xcomargs.py
[2026-09-27T03:29:27.817+0000] {processor.py:809} INFO - DAG(s) dict_keys(['example_xcom_args', 'example_xcom_args_with_operators']) retrieved from /home/airflow/.local/lib/python3.7/site-packages/airflow/example_dags/example_xcomargs.py
[2026-09-27T03:29:27.867+0000] {logging_mixin.py:149} INFO - [2026-09-27T03:29:27.866+0000] {dag.py:2726} INFO - Sync 2 DAGs
[2026-09-27T03:29:27.909+0000] {logging_mixin.py:149} INFO - [2026-09-27T03:29:27.909+0000] {dag.py:3490} INFO - Setting next_dagrun for example_xcom_args to None, run_after=None
[2026-09-27T03:29:27.915+0000] {logging_mixin.py:149} INFO - [2026-09-27T03:29:27.915+0000] {dag.py:3490} INFO - Setting next_dagrun for example_xcom_args_with_operators to None, run_after=None
[2026-09-27T03:29:27.938+0000] {processor.py:178} INFO - Processing /home/airflow/.local/lib/python3.7/site-packages/airflow/example_dags/example_xcomargs.py took 0.151 seconds
[2026-09-27T03:29:59.315+0000] {processor.py:156} INFO - Started process (PID=4997) to work on /home/airflow/.local/lib/python3.7/site-packages/airflow/example_dags/example_xcomargs.py
[2026-09-27T03:29:59.316+0000] {processor.py:799} INFO - Processing file /home/airflow/.local/lib/python3.7/site-packages/airflow/example_dags/example_xcomargs.py for tasks to queue
[2026-09-27T03:29:59.317+0000] {logging_mixin.py:149} INFO - [2026-09-27T03:29:59.317+0000] {dagbag.py:541} INFO - Filling up the DagBag from /home/airflow/.local/lib/python3.7/site-packages/airflow/example_dags/example_xcomargs.py
[2026-09-27T03:29:59.331+0000] {processor.py:809} INFO - DAG(s) dict_keys(['example_xcom_args_with_operators', 'example_xcom_args']) retrieved from /home/airflow/.local/lib/python3.7/site-packages/airflow/example_dags/example_xcomargs.py
[2026-09-27T03:29:59.380+0000] {logging_mixin.py:149} INFO - [2026-09-27T03:29:59.379+0000] {dag.py:2726} INFO - Sync 2 DAGs
[2026-09-27T03:29:59.426+0000] {logging_mixin.py:149} INFO - [2026-09-27T03:29:59.426+0000] {dag.py:3490} INFO - Setting next_dagrun for example_xcom_args to None, run_after=None
[2026-09-27T03:29:59.432+0000] {logging_mixin.py:149} INFO - [2026-09-27T03:29:59.432+0000] {dag.py:3490} INFO - Setting next_dagrun for example_xcom_args_with_operators to None, run_after=None
[2026-09-27T03:29:59.458+0000] {processor.py:178} INFO - Processing /home/airflow/.local/lib/python3.7/site-packages/airflow/example_dags/example_xcomargs.py took 0.149 seconds
[2026-09-27T03:30:30.213+0000] {processor.py:156} INFO - Started process (PID=5053) to work on /home/airflow/.local/lib/python3.7/site-packages/airflow/example_dags/example_xcomargs.py
[2026-09-27T03:30:30.219+0000] {processor.py:799} INFO - Processing file /home/airflow/.local/lib/python3.7/site-packages/airflow/example_dags/example_xcomargs.py for tasks to queue
[2026-09-27T03:30:30.220+0000] {logging_mixin.py:149} INFO - [2026-09-27T03:30:30.220+0000] {dagbag.py:541} INFO - Filling up the DagBag from /home/airflow/.local/lib/python3.7/site-packages/airflow/example_dags/example_xcomargs.py
[2026-09-27T03:30:30.234+0000] {processor.py:809} INFO - DAG(s) dict_keys(['example_xcom_args', 'example_xcom_args_with_operators']) retrieved from /home/airflow/.local/lib/python3.7/site-packages/airflow/example_dags/example_xcomargs.py
[2026-09-27T03:30:30.286+0000] {logging_mixin.py:149} INFO - [2026-09-27T03:30:30.285+0000] {dag.py:2726} INFO - Sync 2 DAGs
[2026-09-27T03:30:30.339+0000] {logging_mixin.py:149} INFO - [2026-09-27T03:30:30.338+0000] {dag.py:3490} INFO - Setting next_dagrun for example_xcom_args to None, run_after=None
[2026-09-27T03:30:30.345+0000] {logging_mixin.py:149} INFO - [2026-09-27T03:30:30.345+0000] {dag.py:3490} INFO - Setting next_dagrun for example_xcom_args_with_operators to None, run_after=None
[2026-09-27T03:30:30.373+0000] {processor.py:178} INFO - Processing /home/airflow/.local/lib/python3.7/site-packages/airflow/example_dags/example_xcomargs.py took 0.167 seconds
[2026-09-27T03:31:01.831+0000] {processor.py:156} INFO - Started process (PID=5109) to work on /home/airflow/.local/lib/python3.7/site-packages/airflow/example_dags/example_xcomargs.py
[2026-09-27T03:31:01.833+0000] {processor.py:799} INFO - Processing file /home/airflow/.local/lib/python3.7/site-packages/airflow/example_dags/example_xcomargs.py for tasks to queue
[2026-09-27T03:31:01.833+0000] {logging_mixin.py:149} INFO - [2026-09-27T03:31:01.833+0000] {dagbag.py:541} INFO - Filling up the DagBag from /home/airflow/.local/lib/python3.7/site-packages/airflow/example_dags/example_xcomargs.py
[2026-09-27T03:31:01.846+0000] {processor.py:809} INFO - DAG(s) dict_keys(['example_xcom_args', 'example_xcom_args_with_operators']) retrieved from /home/airflow/.local/lib/python3.7/site-packages/airflow/example_dags/example_xcomargs.py
[2026-09-27T03:31:01.898+0000] {logging_mixin.py:149} INFO - [2026-09-27T03:31:01.898+0000] {dag.py:2726} INFO - Sync 2 DAGs
[2026-09-27T03:31:01.940+0000] {logging_mixin.py:149} INFO - [2026-09-27T03:31:01.940+0000] {dag.py:3490} INFO - Setting next_dagrun for example_xcom_args to None, run_after=None
[2026-09-27T03:31:01.947+0000] {logging_mixin.py:149} INFO - [2026-09-27T03:31:01.946+0000] {dag.py:3490} INFO - Setting next_dagrun for example_xcom_args_with_operators to None, run_after=None
[2026-09-27T03:31:01.970+0000] {processor.py:178} INFO - Processing /home/airflow/.local/lib/python3.7/site-packages/airflow/example_dags/example_xcomargs.py took 0.145 seconds
[2026-09-27T03:31:32.251+0000] {processor.py:156} INFO - Started process (PID=5165) to work on /home/airflow/.local/lib/python3.7/site-packages/airflow/example_dags/example_xcomargs.py
[2026-09-27T03:31:32.256+0000] {processor.py:799} INFO - Processing file /home/airflow/.local/lib/python3.7/site-packages/airflow/example_dags/example_xcomargs.py for tasks to queue
[2026-09-27T03:31:32.257+0000] {logging_mixin.py:149} INFO - [2026-09-27T03:31:32.257+0000] {dagbag.py:541} INFO - Filling up the DagBag from /home/airflow/.local/lib/python3.7/site-packages/airflow/example_dags/example_xcomargs.py
[2026-09-27T03:31:32.272+0000] {processor.py:809} INFO - DAG(s) dict_keys(['example_xcom_args', 'example_xcom_args_with_operators']) retrieved from /home/airflow/.local/lib/python3.7/site-packages/airflow/example_dags/example_xcomargs.py
[2026-09-27T03:31:32.323+0000] {logging_mixin.py:149} INFO - [2026-09-27T03:31:32.323+0000] {dag.py:2726} INFO - Sync 2 DAGs
[2026-09-27T03:31:32.375+0000] {logging_mixin.py:149} INFO - [2026-09-27T03:31:32.374+0000] {dag.py:3490} INFO - Setting next_dagrun for example_xcom_args to None, run_after=None
[2026-09-27T03:31:32.380+0000] {logging_mixin.py:149} INFO - [2026-09-27T03:31:32.380+0000] {dag.py:3490} INFO - Setting next_dagrun for example_xcom_args_with_operators to None, run_after=None
[2026-09-27T03:31:32.410+0000] {processor.py:178} INFO - Processing /home/airflow/.local/lib/python3.7/site-packages/airflow/example_dags/example_xcomargs.py took 0.166 seconds
[2026-09-27T03:32:02.866+0000] {processor.py:156} INFO - Started process (PID=5223) to work on /home/airflow/.local/lib/python3.7/site-packages/airflow/example_dags/example_xcomargs.py
[2026-09-27T03:32:02.868+0000] {processor.py:799} INFO - Processing file /home/airflow/.local/lib/python3.7/site-packages/airflow/example_dags/example_xcomargs.py for tasks to queue
[2026-09-27T03:32:02.869+0000] {logging_mixin.py:149} INFO - [2026-09-27T03:32:02.869+0000] {dagbag.py:541} INFO - Filling up the DagBag from /home/airflow/.local/lib/python3.7/site-packages/airflow/example_dags/example_xcomargs.py
[2026-09-27T03:32:02.886+0000] {processor.py:809} INFO - DAG(s) dict_keys(['example_xcom_args', 'example_xcom_args_with_operators']) retrieved from /home/airflow/.local/lib/python3.7/site-packages/airflow/example_dags/example_xcomargs.py
[2026-09-27T03:32:02.939+0000] {logging_mixin.py:149} INFO - [2026-09-27T03:32:02.939+0000] {dag.py:2726} INFO - Sync 2 DAGs
[2026-09-27T03:32:02.984+0000] {logging_mixin.py:149} INFO - [2026-09-27T03:32:02.983+0000] {dag.py:3490} INFO - Setting next_dagrun for example_xcom_args to None, run_after=None
[2026-09-27T03:32:02.989+0000] {logging_mixin.py:149} INFO - [2026-09-27T03:32:02.988+0000] {dag.py:3490} INFO - Setting next_dagrun for example_xcom_args_with_operators to None, run_after=None
[2026-09-27T03:32:03.012+0000] {processor.py:178} INFO - Processing /home/airflow/.local/lib/python3.7/site-packages/airflow/example_dags/example_xcomargs.py took 0.153 seconds
[2026-09-27T03:32:33.770+0000] {processor.py:156} INFO - Started process (PID=5279) to work on /home/airflow/.local/lib/python3.7/site-packages/airflow/example_dags/example_xcomargs.py
[2026-09-27T03:32:33.772+0000] {processor.py:799} INFO - Processing file /home/airflow/.local/lib/python3.7/site-packages/airflow/example_dags/example_xcomargs.py for tasks to queue
[2026-09-27T03:32:33.773+0000] {logging_mixin.py:149} INFO - [2026-09-27T03:32:33.773+0000] {dagbag.py:541} INFO - Filling up the DagBag from /home/airflow/.local/lib/python3.7/site-packages/airflow/example_dags/example_xcomargs.py
[2026-09-27T03:32:33.788+0000] {processor.py:809} INFO - DAG(s) dict_keys(['example_xcom_args_with_operators', 'example_xcom_args']) retrieved from /home/airflow/.local/lib/python3.7/site-packages/airflow/example_dags/example_xcomargs.py
[2026-09-27T03:32:33.843+0000] {logging_mixin.py:149} INFO - [2026-09-27T03:32:33.842+0000] {dag.py:2726} INFO - Sync 2 DAGs
[2026-09-27T03:32:33.890+0000] {logging_mixin.py:149} INFO - [2026-09-27T03:32:33.890+0000] {dag.py:3490} INFO - Setting next_dagrun for example_xcom_args to None, run_after=None
[2026-09-27T03:32:33.896+0000] {logging_mixin.py:149} INFO - [2026-09-27T03:32:33.896+0000] {dag.py:3490} INFO - Setting next_dagrun for example_xcom_args_with_operators to None, run_after=None
[2026-09-27T03:32:33.923+0000] {processor.py:178} INFO - Processing /home/airflow/.local/lib/python3.7/site-packages/airflow/example_dags/example_xcomargs.py took 0.160 seconds
[2026-09-27T03:33:04.975+0000] {processor.py:156} INFO - Started process (PID=5335) to work on /home/airflow/.local/lib/python3.7/site-packages/airflow/example_dags/example_xcomargs.py
[2026-09-27T03:33:04.977+0000] {processor.py:799} INFO - Processing file /home/airflow/.local/lib/python3.7/site-packages/airflow/example_dags/example_xcomargs.py for tasks to queue
[2026-09-27T03:33:04.978+0000] {logging_mixin.py:149} INFO - [2026-09-27T03:33:04.978+0000] {dagbag.py:541} INFO - Filling up the DagBag from /home/airflow/.local/lib/python3.7/site-packages/airflow/example_dags/example_xcomargs.py
[2026-09-27T03:33:04.992+0000] {processor.py:809} INFO - DAG(s) dict_keys(['example_xcom_args_with_operators', 'example_xcom_args']) retrieved from /home/airflow/.local/lib/python3.7/site-packages/airflow/example_dags/example_xcomargs.py
[2026-09-27T03:33:05.040+0000] {logging_mixin.py:149} INFO - [2026-09-27T03:33:05.040+0000] {dag.py:2726} INFO - Sync 2 DAGs
[2026-09-27T03:33:05.086+0000] {logging_mixin.py:149} INFO - [2026-09-27T03:33:05.085+0000] {dag.py:3490} INFO - Setting next_dagrun for example_xcom_args to None, run_after=None
[2026-09-27T03:33:05.091+0000] {logging_mixin.py:149} INFO - [2026-09-27T03:33:05.091+0000] {dag.py:3490} INFO - Setting next_dagrun for example_xcom_args_with_operators to None, run_after=None
[2026-09-27T03:33:05.125+0000] {processor.py:178} INFO - Processing /home/airflow/.local/lib/python3.7/site-packages/airflow/example_dags/example_xcomargs.py took 0.156 seconds
[2026-09-27T03:33:35.615+0000] {processor.py:156} INFO - Started process (PID=5390) to work on /home/airflow/.local/lib/python3.7/site-packages/airflow/example_dags/example_xcomargs.py
[2026-09-27T03:33:35.617+0000] {processor.py:799} INFO - Processing file /home/airflow/.local/lib/python3.7/site-packages/airflow/example_dags/example_xcomargs.py for tasks to queue
[2026-09-27T03:33:35.618+0000] {logging_mixin.py:149} INFO - [2026-09-27T03:33:35.618+0000] {dagbag.py:541} INFO - Filling up the DagBag from /home/airflow/.local/lib/python3.7/site-packages/airflow/example_dags/example_xcomargs.py
[2026-09-27T03:33:35.632+0000] {processor.py:809} INFO - DAG(s) dict_keys(['example_xcom_args', 'example_xcom_args_with_operators']) retrieved from /home/airflow/.local/lib/python3.7/site-packages/airflow/example_dags/example_xcomargs.py
[2026-09-27T03:33:35.678+0000] {logging_mixin.py:149} INFO - [2026-09-27T03:33:35.677+0000] {dag.py:2726} INFO - Sync 2 DAGs
[2026-09-27T03:33:35.720+0000] {logging_mixin.py:149} INFO - [2026-09-27T03:33:35.720+0000] {dag.py:3490} INFO - Setting next_dagrun for example_xcom_args to None, run_after=None
[2026-09-27T03:33:35.726+0000] {logging_mixin.py:149} INFO - [2026-09-27T03:33:35.726+0000] {dag.py:3490} INFO - Setting next_dagrun for example_xcom_args_with_operators to None, run_after=None
[2026-09-27T03:33:35.751+0000] {processor.py:178} INFO - Processing /home/airflow/.local/lib/python3.7/site-packages/airflow/example_dags/example_xcomargs.py took 0.143 seconds
[2026-09-27T03:34:06.359+0000] {processor.py:156} INFO - Started process (PID=5447) to work on /home/airflow/.local/lib/python3.7/site-packages/airflow/example_dags/example_xcomargs.py
[2026-09-27T03:34:06.361+0000] {processor.py:799} INFO - Processing file /home/airflow/.local/lib/python3.7/site-packages/airflow/example_dags/example_xcomargs.py for tasks to queue
[2026-09-27T03:34:06.362+0000] {logging_mixin.py:149} INFO - [2026-09-27T03:34:06.362+0000] {dagbag.py:541} INFO - Filling up the DagBag from /home/airflow/.local/lib/python3.7/site-packages/airflow/example_dags/example_xcomargs.py
[2026-09-27T03:34:06.377+0000] {processor.py:809} INFO - DAG(s) dict_keys(['example_xcom_args', 'example_xcom_args_with_operators']) retrieved from /home/airflow/.local/lib/python3.7/site-packages/airflow/example_dags/example_xcomargs.py
[2026-09-27T03:34:06.429+0000] {logging_mixin.py:149} INFO - [2026-09-27T03:34:06.429+0000] {dag.py:2726} INFO - Sync 2 DAGs
[2026-09-27T03:34:06.472+0000] {logging_mixin.py:149} INFO - [2026-09-27T03:34:06.471+0000] {dag.py:3490} INFO - Setting next_dagrun for example_xcom_args to None, run_after=None
[2026-09-27T03:34:06.478+0000] {logging_mixin.py:149} INFO - [2026-09-27T03:34:06.478+0000] {dag.py:3490} INFO - Setting next_dagrun for example_xcom_args_with_operators to None, run_after=None
[2026-09-27T03:34:06.504+0000] {processor.py:178} INFO - Processing /home/airflow/.local/lib/python3.7/site-packages/airflow/example_dags/example_xcomargs.py took 0.152 seconds
[2026-09-27T03:34:37.249+0000] {processor.py:156} INFO - Started process (PID=5510) to work on /home/airflow/.local/lib/python3.7/site-packages/airflow/example_dags/example_xcomargs.py
[2026-09-27T03:34:37.250+0000] {processor.py:799} INFO - Processing file /home/airflow/.local/lib/python3.7/site-packages/airflow/example_dags/example_xcomargs.py for tasks to queue
[2026-09-27T03:34:37.252+0000] {logging_mixin.py:149} INFO - [2026-09-27T03:34:37.251+0000] {dagbag.py:541} INFO - Filling up the DagBag from /home/airflow/.local/lib/python3.7/site-packages/airflow/example_dags/example_xcomargs.py
[2026-09-27T03:34:37.269+0000] {processor.py:809} INFO - DAG(s) dict_keys(['example_xcom_args', 'example_xcom_args_with_operators']) retrieved from /home/airflow/.local/lib/python3.7/site-packages/airflow/example_dags/example_xcomargs.py
[2026-09-27T03:34:37.327+0000] {logging_mixin.py:149} INFO - [2026-09-27T03:34:37.326+0000] {dag.py:2726} INFO - Sync 2 DAGs
[2026-09-27T03:34:37.376+0000] {logging_mixin.py:149} INFO - [2026-09-27T03:34:37.376+0000] {dag.py:3490} INFO - Setting next_dagrun for example_xcom_args to None, run_after=None
[2026-09-27T03:34:37.382+0000] {logging_mixin.py:149} INFO - [2026-09-27T03:34:37.382+0000] {dag.py:3490} INFO - Setting next_dagrun for example_xcom_args_with_operators to None, run_after=None
[2026-09-27T03:34:37.409+0000] {processor.py:178} INFO - Processing /home/airflow/.local/lib/python3.7/site-packages/airflow/example_dags/example_xcomargs.py took 0.167 seconds
[2026-09-27T03:35:08.397+0000] {processor.py:156} INFO - Started process (PID=5566) to work on /home/airflow/.local/lib/python3.7/site-packages/airflow/example_dags/example_xcomargs.py
[2026-09-27T03:35:08.399+0000] {processor.py:799} INFO - Processing file /home/airflow/.local/lib/python3.7/site-packages/airflow/example_dags/example_xcomargs.py for tasks to queue
[2026-09-27T03:35:08.400+0000] {logging_mixin.py:149} INFO - [2026-09-27T03:35:08.400+0000] {dagbag.py:541} INFO - Filling up the DagBag from /home/airflow/.local/lib/python3.7/site-packages/airflow/example_dags/example_xcomargs.py
[2026-09-27T03:35:08.413+0000] {processor.py:809} INFO - DAG(s) dict_keys(['example_xcom_args_with_operators', 'example_xcom_args']) retrieved from /home/airflow/.local/lib/python3.7/site-packages/airflow/example_dags/example_xcomargs.py
[2026-09-27T03:35:08.467+0000] {logging_mixin.py:149} INFO - [2026-09-27T03:35:08.467+0000] {dag.py:2726} INFO - Sync 2 DAGs
[2026-09-27T03:35:08.512+0000] {logging_mixin.py:149} INFO - [2026-09-27T03:35:08.511+0000] {dag.py:3490} INFO - Setting next_dagrun for example_xcom_args to None, run_after=None
[2026-09-27T03:35:08.517+0000] {logging_mixin.py:149} INFO - [2026-09-27T03:35:08.517+0000] {dag.py:3490} INFO - Setting next_dagrun for example_xcom_args_with_operators to None, run_after=None
[2026-09-27T03:35:08.541+0000] {processor.py:178} INFO - Processing /home/airflow/.local/lib/python3.7/site-packages/airflow/example_dags/example_xcomargs.py took 0.150 seconds
[2026-09-27T03:35:39.123+0000] {processor.py:156} INFO - Started process (PID=5622) to work on /home/airflow/.local/lib/python3.7/site-packages/airflow/example_dags/example_xcomargs.py
[2026-09-27T03:35:39.128+0000] {processor.py:799} INFO - Processing file /home/airflow/.local/lib/python3.7/site-packages/airflow/example_dags/example_xcomargs.py for tasks to queue
[2026-09-27T03:35:39.129+0000] {logging_mixin.py:149} INFO - [2026-09-27T03:35:39.129+0000] {dagbag.py:541} INFO - Filling up the DagBag from /home/airflow/.local/lib/python3.7/site-packages/airflow/example_dags/example_xcomargs.py
[2026-09-27T03:35:39.142+0000] {processor.py:809} INFO - DAG(s) dict_keys(['example_xcom_args', 'example_xcom_args_with_operators']) retrieved from /home/airflow/.local/lib/python3.7/site-packages/airflow/example_dags/example_xcomargs.py
[2026-09-27T03:35:39.192+0000] {logging_mixin.py:149} INFO - [2026-09-27T03:35:39.192+0000] {dag.py:2726} INFO - Sync 2 DAGs
[2026-09-27T03:35:39.234+0000] {logging_mixin.py:149} INFO - [2026-09-27T03:35:39.234+0000] {dag.py:3490} INFO - Setting next_dagrun for example_xcom_args to None, run_after=None
[2026-09-27T03:35:39.240+0000] {logging_mixin.py:149} INFO - [2026-09-27T03:35:39.240+0000] {dag.py:3490} INFO - Setting next_dagrun for example_xcom_args_with_operators to None, run_after=None
[2026-09-27T03:35:39.265+0000] {processor.py:178} INFO - Processing /home/airflow/.local/lib/python3.7/site-packages/airflow/example_dags/example_xcomargs.py took 0.148 seconds
[2026-09-27T03:36:09.724+0000] {processor.py:156} INFO - Started process (PID=5678) to work on /home/airflow/.local/lib/python3.7/site-packages/airflow/example_dags/example_xcomargs.py
[2026-09-27T03:36:09.726+0000] {processor.py:799} INFO - Processing file /home/airflow/.local/lib/python3.7/site-packages/airflow/example_dags/example_xcomargs.py for tasks to queue
[2026-09-27T03:36:09.727+0000] {logging_mixin.py:149} INFO - [2026-09-27T03:36:09.727+0000] {dagbag.py:541} INFO - Filling up the DagBag from /home/airflow/.local/lib/python3.7/site-packages/airflow/example_dags/example_xcomargs.py
[2026-09-27T03:36:09.740+0000] {processor.py:809} INFO - DAG(s) dict_keys(['example_xcom_args_with_operators', 'example_xcom_args']) retrieved from /home/airflow/.local/lib/python3.7/site-packages/airflow/example_dags/example_xcomargs.py
[2026-09-27T03:36:09.787+0000] {logging_mixin.py:149} INFO - [2026-09-27T03:36:09.787+0000] {dag.py:2726} INFO - Sync 2 DAGs
[2026-09-27T03:36:09.829+0000] {logging_mixin.py:149} INFO - [2026-09-27T03:36:09.829+0000] {dag.py:3490} INFO - Setting next_dagrun for example_xcom_args to None, run_after=None
[2026-09-27T03:36:09.835+0000] {logging_mixin.py:149} INFO - [2026-09-27T03:36:09.834+0000] {dag.py:3490} INFO - Setting next_dagrun for example_xcom_args_with_operators to None, run_after=None
[2026-09-27T03:36:09.859+0000] {processor.py:178} INFO - Processing /home/airflow/.local/lib/python3.7/site-packages/airflow/example_dags/example_xcomargs.py took 0.142 seconds
[2026-09-27T03:36:40.590+0000] {processor.py:156} INFO - Started process (PID=5733) to work on /home/airflow/.local/lib/python3.7/site-packages/airflow/example_dags/example_xcomargs.py
[2026-09-27T03:36:40.592+0000] {processor.py:799} INFO - Processing file /home/airflow/.local/lib/python3.7/site-packages/airflow/example_dags/example_xcomargs.py for tasks to queue
[2026-09-27T03:36:40.594+0000] {logging_mixin.py:149} INFO - [2026-09-27T03:36:40.593+0000] {dagbag.py:541} INFO - Filling up the DagBag from /home/airflow/.local/lib/python3.7/site-packages/airflow/example_dags/example_xcomargs.py
[2026-09-27T03:36:40.615+0000] {processor.py:809} INFO - DAG(s) dict_keys(['example_xcom_args', 'example_xcom_args_with_operators']) retrieved from /home/airflow/.local/lib/python3.7/site-packages/airflow/example_dags/example_xcomargs.py
[2026-09-27T03:36:40.670+0000] {logging_mixin.py:149} INFO - [2026-09-27T03:36:40.670+0000] {dag.py:2726} INFO - Sync 2 DAGs
[2026-09-27T03:36:40.716+0000] {logging_mixin.py:149} INFO - [2026-09-27T03:36:40.716+0000] {dag.py:3490} INFO - Setting next_dagrun for example_xcom_args to None, run_after=None
[2026-09-27T03:36:40.721+0000] {logging_mixin.py:149} INFO - [2026-09-27T03:36:40.721+0000] {dag.py:3490} INFO - Setting next_dagrun for example_xcom_args_with_operators to None, run_after=None
[2026-09-27T03:36:40.745+0000] {processor.py:178} INFO - Processing /home/airflow/.local/lib/python3.7/site-packages/airflow/example_dags/example_xcomargs.py took 0.162 seconds
[2026-09-27T03:37:12.196+0000] {processor.py:156} INFO - Started process (PID=5788) to work on /home/airflow/.local/lib/python3.7/site-packages/airflow/example_dags/example_xcomargs.py
[2026-09-27T03:37:12.198+0000] {processor.py:799} INFO - Processing file /home/airflow/.local/lib/python3.7/site-packages/airflow/example_dags/example_xcomargs.py for tasks to queue
[2026-09-27T03:37:12.199+0000] {logging_mixin.py:149} INFO - [2026-09-27T03:37:12.199+0000] {dagbag.py:541} INFO - Filling up the DagBag from /home/airflow/.local/lib/python3.7/site-packages/airflow/example_dags/example_xcomargs.py
[2026-09-27T03:37:12.213+0000] {processor.py:809} INFO - DAG(s) dict_keys(['example_xcom_args', 'example_xcom_args_with_operators']) retrieved from /home/airflow/.local/lib/python3.7/site-packages/airflow/example_dags/example_xcomargs.py
[2026-09-27T03:37:12.264+0000] {logging_mixin.py:149} INFO - [2026-09-27T03:37:12.264+0000] {dag.py:2726} INFO - Sync 2 DAGs
[2026-09-27T03:37:12.312+0000] {logging_mixin.py:149} INFO - [2026-09-27T03:37:12.312+0000] {dag.py:3490} INFO - Setting next_dagrun for example_xcom_args to None, run_after=None
[2026-09-27T03:37:12.318+0000] {logging_mixin.py:149} INFO - [2026-09-27T03:37:12.318+0000] {dag.py:3490} INFO - Setting next_dagrun for example_xcom_args_with_operators to None, run_after=None
[2026-09-27T03:37:12.347+0000] {processor.py:178} INFO - Processing /home/airflow/.local/lib/python3.7/site-packages/airflow/example_dags/example_xcomargs.py took 0.158 seconds
[2026-09-27T03:37:43.533+0000] {processor.py:156} INFO - Started process (PID=5844) to work on /home/airflow/.local/lib/python3.7/site-packages/airflow/example_dags/example_xcomargs.py
[2026-09-27T03:37:43.536+0000] {processor.py:799} INFO - Processing file /home/airflow/.local/lib/python3.7/site-packages/airflow/example_dags/example_xcomargs.py for tasks to queue
[2026-09-27T03:37:43.537+0000] {logging_mixin.py:149} INFO - [2026-09-27T03:37:43.537+0000] {dagbag.py:541} INFO - Filling up the DagBag from /home/airflow/.local/lib/python3.7/site-packages/airflow/example_dags/example_xcomargs.py
[2026-09-27T03:37:43.566+0000] {processor.py:809} INFO - DAG(s) dict_keys(['example_xcom_args_with_operators', 'example_xcom_args']) retrieved from /home/airflow/.local/lib/python3.7/site-packages/airflow/example_dags/example_xcomargs.py
[2026-09-27T03:37:43.637+0000] {logging_mixin.py:149} INFO - [2026-09-27T03:37:43.637+0000] {dag.py:2726} INFO - Sync 2 DAGs
[2026-09-27T03:37:43.715+0000] {logging_mixin.py:149} INFO - [2026-09-27T03:37:43.714+0000] {dag.py:3490} INFO - Setting next_dagrun for example_xcom_args to None, run_after=None
[2026-09-27T03:37:43.731+0000] {logging_mixin.py:149} INFO - [2026-09-27T03:37:43.730+0000] {dag.py:3490} INFO - Setting next_dagrun for example_xcom_args_with_operators to None, run_after=None
[2026-09-27T03:37:43.780+0000] {processor.py:178} INFO - Processing /home/airflow/.local/lib/python3.7/site-packages/airflow/example_dags/example_xcomargs.py took 0.253 seconds
[2026-09-27T03:38:14.430+0000] {processor.py:156} INFO - Started process (PID=5900) to work on /home/airflow/.local/lib/python3.7/site-packages/airflow/example_dags/example_xcomargs.py
[2026-09-27T03:38:14.432+0000] {processor.py:799} INFO - Processing file /home/airflow/.local/lib/python3.7/site-packages/airflow/example_dags/example_xcomargs.py for tasks to queue
[2026-09-27T03:38:14.434+0000] {logging_mixin.py:149} INFO - [2026-09-27T03:38:14.433+0000] {dagbag.py:541} INFO - Filling up the DagBag from /home/airflow/.local/lib/python3.7/site-packages/airflow/example_dags/example_xcomargs.py
[2026-09-27T03:38:14.447+0000] {processor.py:809} INFO - DAG(s) dict_keys(['example_xcom_args', 'example_xcom_args_with_operators']) retrieved from /home/airflow/.local/lib/python3.7/site-packages/airflow/example_dags/example_xcomargs.py
[2026-09-27T03:38:14.492+0000] {logging_mixin.py:149} INFO - [2026-09-27T03:38:14.492+0000] {dag.py:2726} INFO - Sync 2 DAGs
[2026-09-27T03:38:14.540+0000] {logging_mixin.py:149} INFO - [2026-09-27T03:38:14.539+0000] {dag.py:3490} INFO - Setting next_dagrun for example_xcom_args to None, run_after=None
[2026-09-27T03:38:14.545+0000] {logging_mixin.py:149} INFO - [2026-09-27T03:38:14.545+0000] {dag.py:3490} INFO - Setting next_dagrun for example_xcom_args_with_operators to None, run_after=None
[2026-09-27T03:38:14.568+0000] {processor.py:178} INFO - Processing /home/airflow/.local/lib/python3.7/site-packages/airflow/example_dags/example_xcomargs.py took 0.144 seconds
[2026-09-27T03:38:45.273+0000] {processor.py:156} INFO - Started process (PID=5956) to work on /home/airflow/.local/lib/python3.7/site-packages/airflow/example_dags/example_xcomargs.py
[2026-09-27T03:38:45.275+0000] {processor.py:799} INFO - Processing file /home/airflow/.local/lib/python3.7/site-packages/airflow/example_dags/example_xcomargs.py for tasks to queue
[2026-09-27T03:38:45.276+0000] {logging_mixin.py:149} INFO - [2026-09-27T03:38:45.276+0000] {dagbag.py:541} INFO - Filling up the DagBag from /home/airflow/.local/lib/python3.7/site-packages/airflow/example_dags/example_xcomargs.py
[2026-09-27T03:38:45.292+0000] {processor.py:809} INFO - DAG(s) dict_keys(['example_xcom_args_with_operators', 'example_xcom_args']) retrieved from /home/airflow/.local/lib/python3.7/site-packages/airflow/example_dags/example_xcomargs.py
[2026-09-27T03:38:45.346+0000] {logging_mixin.py:149} INFO - [2026-09-27T03:38:45.346+0000] {dag.py:2726} INFO - Sync 2 DAGs
[2026-09-27T03:38:45.396+0000] {logging_mixin.py:149} INFO - [2026-09-27T03:38:45.396+0000] {dag.py:3490} INFO - Setting next_dagrun for example_xcom_args to None, run_after=None
[2026-09-27T03:38:45.405+0000] {logging_mixin.py:149} INFO - [2026-09-27T03:38:45.405+0000] {dag.py:3490} INFO - Setting next_dagrun for example_xcom_args_with_operators to None, run_after=None
[2026-09-27T03:38:45.435+0000] {processor.py:178} INFO - Processing /home/airflow/.local/lib/python3.7/site-packages/airflow/example_dags/example_xcomargs.py took 0.169 seconds
[2026-09-27T03:39:16.690+0000] {processor.py:156} INFO - Started process (PID=6012) to work on /home/airflow/.local/lib/python3.7/site-packages/airflow/example_dags/example_xcomargs.py
[2026-09-27T03:39:16.693+0000] {processor.py:799} INFO - Processing file /home/airflow/.local/lib/python3.7/site-packages/airflow/example_dags/example_xcomargs.py for tasks to queue
[2026-09-27T03:39:16.694+0000] {logging_mixin.py:149} INFO - [2026-09-27T03:39:16.694+0000] {dagbag.py:541} INFO - Filling up the DagBag from /home/airflow/.local/lib/python3.7/site-packages/airflow/example_dags/example_xcomargs.py
[2026-09-27T03:39:16.711+0000] {processor.py:809} INFO - DAG(s) dict_keys(['example_xcom_args', 'example_xcom_args_with_operators']) retrieved from /home/airflow/.local/lib/python3.7/site-packages/airflow/example_dags/example_xcomargs.py
[2026-09-27T03:39:16.766+0000] {logging_mixin.py:149} INFO - [2026-09-27T03:39:16.766+0000] {dag.py:2726} INFO - Sync 2 DAGs
[2026-09-27T03:39:16.815+0000] {logging_mixin.py:149} INFO - [2026-09-27T03:39:16.815+0000] {dag.py:3490} INFO - Setting next_dagrun for example_xcom_args to None, run_after=None
[2026-09-27T03:39:16.823+0000] {logging_mixin.py:149} INFO - [2026-09-27T03:39:16.823+0000] {dag.py:3490} INFO - Setting next_dagrun for example_xcom_args_with_operators to None, run_after=None
[2026-09-27T03:39:16.852+0000] {processor.py:178} INFO - Processing /home/airflow/.local/lib/python3.7/site-packages/airflow/example_dags/example_xcomargs.py took 0.170 seconds
[2026-09-27T03:39:47.541+0000] {processor.py:156} INFO - Started process (PID=6068) to work on /home/airflow/.local/lib/python3.7/site-packages/airflow/example_dags/example_xcomargs.py
[2026-09-27T03:39:47.543+0000] {processor.py:799} INFO - Processing file /home/airflow/.local/lib/python3.7/site-packages/airflow/example_dags/example_xcomargs.py for tasks to queue
[2026-09-27T03:39:47.545+0000] {logging_mixin.py:149} INFO - [2026-09-27T03:39:47.544+0000] {dagbag.py:541} INFO - Filling up the DagBag from /home/airflow/.local/lib/python3.7/site-packages/airflow/example_dags/example_xcomargs.py
[2026-09-27T03:39:47.558+0000] {processor.py:809} INFO - DAG(s) dict_keys(['example_xcom_args_with_operators', 'example_xcom_args']) retrieved from /home/airflow/.local/lib/python3.7/site-packages/airflow/example_dags/example_xcomargs.py
[2026-09-27T03:39:47.608+0000] {logging_mixin.py:149} INFO - [2026-09-27T03:39:47.607+0000] {dag.py:2726} INFO - Sync 2 DAGs
[2026-09-27T03:39:47.659+0000] {logging_mixin.py:149} INFO - [2026-09-27T03:39:47.658+0000] {dag.py:3490} INFO - Setting next_dagrun for example_xcom_args to None, run_after=None
[2026-09-27T03:39:47.665+0000] {logging_mixin.py:149} INFO - [2026-09-27T03:39:47.665+0000] {dag.py:3490} INFO - Setting next_dagrun for example_xcom_args_with_operators to None, run_after=None
[2026-09-27T03:39:47.694+0000] {processor.py:178} INFO - Processing /home/airflow/.local/lib/python3.7/site-packages/airflow/example_dags/example_xcomargs.py took 0.159 seconds
[2026-09-27T03:40:18.547+0000] {processor.py:156} INFO - Started process (PID=6124) to work on /home/airflow/.local/lib/python3.7/site-packages/airflow/example_dags/example_xcomargs.py
[2026-09-27T03:40:18.552+0000] {processor.py:799} INFO - Processing file /home/airflow/.local/lib/python3.7/site-packages/airflow/example_dags/example_xcomargs.py for tasks to queue
[2026-09-27T03:40:18.553+0000] {logging_mixin.py:149} INFO - [2026-09-27T03:40:18.553+0000] {dagbag.py:541} INFO - Filling up the DagBag from /home/airflow/.local/lib/python3.7/site-packages/airflow/example_dags/example_xcomargs.py
[2026-09-27T03:40:18.567+0000] {processor.py:809} INFO - DAG(s) dict_keys(['example_xcom_args', 'example_xcom_args_with_operators']) retrieved from /home/airflow/.local/lib/python3.7/site-packages/airflow/example_dags/example_xcomargs.py
[2026-09-27T03:40:18.621+0000] {logging_mixin.py:149} INFO - [2026-09-27T03:40:18.621+0000] {dag.py:2726} INFO - Sync 2 DAGs
[2026-09-27T03:40:18.671+0000] {logging_mixin.py:149} INFO - [2026-09-27T03:40:18.670+0000] {dag.py:3490} INFO - Setting next_dagrun for example_xcom_args to None, run_after=None
[2026-09-27T03:40:18.677+0000] {logging_mixin.py:149} INFO - [2026-09-27T03:40:18.677+0000] {dag.py:3490} INFO - Setting next_dagrun for example_xcom_args_with_operators to None, run_after=None
[2026-09-27T03:40:18.710+0000] {processor.py:178} INFO - Processing /home/airflow/.local/lib/python3.7/site-packages/airflow/example_dags/example_xcomargs.py took 0.173 seconds
[2026-09-27T03:40:49.367+0000] {processor.py:156} INFO - Started process (PID=6180) to work on /home/airflow/.local/lib/python3.7/site-packages/airflow/example_dags/example_xcomargs.py
[2026-09-27T03:40:49.376+0000] {processor.py:799} INFO - Processing file /home/airflow/.local/lib/python3.7/site-packages/airflow/example_dags/example_xcomargs.py for tasks to queue
[2026-09-27T03:40:49.378+0000] {logging_mixin.py:149} INFO - [2026-09-27T03:40:49.378+0000] {dagbag.py:541} INFO - Filling up the DagBag from /home/airflow/.local/lib/python3.7/site-packages/airflow/example_dags/example_xcomargs.py
[2026-09-27T03:40:49.396+0000] {processor.py:809} INFO - DAG(s) dict_keys(['example_xcom_args_with_operators', 'example_xcom_args']) retrieved from /home/airflow/.local/lib/python3.7/site-packages/airflow/example_dags/example_xcomargs.py
[2026-09-27T03:40:49.457+0000] {logging_mixin.py:149} INFO - [2026-09-27T03:40:49.457+0000] {dag.py:2726} INFO - Sync 2 DAGs
[2026-09-27T03:40:49.505+0000] {logging_mixin.py:149} INFO - [2026-09-27T03:40:49.504+0000] {dag.py:3490} INFO - Setting next_dagrun for example_xcom_args to None, run_after=None
[2026-09-27T03:40:49.510+0000] {logging_mixin.py:149} INFO - [2026-09-27T03:40:49.510+0000] {dag.py:3490} INFO - Setting next_dagrun for example_xcom_args_with_operators to None, run_after=None
[2026-09-27T03:40:49.537+0000] {processor.py:178} INFO - Processing /home/airflow/.local/lib/python3.7/site-packages/airflow/example_dags/example_xcomargs.py took 0.177 seconds
[2026-09-27T03:41:20.363+0000] {processor.py:156} INFO - Started process (PID=6236) to work on /home/airflow/.local/lib/python3.7/site-packages/airflow/example_dags/example_xcomargs.py
[2026-09-27T03:41:20.365+0000] {processor.py:799} INFO - Processing file /home/airflow/.local/lib/python3.7/site-packages/airflow/example_dags/example_xcomargs.py for tasks to queue
[2026-09-27T03:41:20.366+0000] {logging_mixin.py:149} INFO - [2026-09-27T03:41:20.366+0000] {dagbag.py:541} INFO - Filling up the DagBag from /home/airflow/.local/lib/python3.7/site-packages/airflow/example_dags/example_xcomargs.py
[2026-09-27T03:41:20.380+0000] {processor.py:809} INFO - DAG(s) dict_keys(['example_xcom_args_with_operators', 'example_xcom_args']) retrieved from /home/airflow/.local/lib/python3.7/site-packages/airflow/example_dags/example_xcomargs.py
[2026-09-27T03:41:20.432+0000] {logging_mixin.py:149} INFO - [2026-09-27T03:41:20.432+0000] {dag.py:2726} INFO - Sync 2 DAGs
[2026-09-27T03:41:20.478+0000] {logging_mixin.py:149} INFO - [2026-09-27T03:41:20.478+0000] {dag.py:3490} INFO - Setting next_dagrun for example_xcom_args to None, run_after=None
[2026-09-27T03:41:20.483+0000] {logging_mixin.py:149} INFO - [2026-09-27T03:41:20.483+0000] {dag.py:3490} INFO - Setting next_dagrun for example_xcom_args_with_operators to None, run_after=None
[2026-09-27T03:41:20.506+0000] {processor.py:178} INFO - Processing /home/airflow/.local/lib/python3.7/site-packages/airflow/example_dags/example_xcomargs.py took 0.149 seconds
[2026-09-27T03:41:51.151+0000] {processor.py:156} INFO - Started process (PID=6292) to work on /home/airflow/.local/lib/python3.7/site-packages/airflow/example_dags/example_xcomargs.py
[2026-09-27T03:41:51.153+0000] {processor.py:799} INFO - Processing file /home/airflow/.local/lib/python3.7/site-packages/airflow/example_dags/example_xcomargs.py for tasks to queue
[2026-09-27T03:41:51.154+0000] {logging_mixin.py:149} INFO - [2026-09-27T03:41:51.154+0000] {dagbag.py:541} INFO - Filling up the DagBag from /home/airflow/.local/lib/python3.7/site-packages/airflow/example_dags/example_xcomargs.py
[2026-09-27T03:41:51.168+0000] {processor.py:809} INFO - DAG(s) dict_keys(['example_xcom_args_with_operators', 'example_xcom_args']) retrieved from /home/airflow/.local/lib/python3.7/site-packages/airflow/example_dags/example_xcomargs.py
[2026-09-27T03:41:51.223+0000] {logging_mixin.py:149} INFO - [2026-09-27T03:41:51.223+0000] {dag.py:2726} INFO - Sync 2 DAGs
[2026-09-27T03:41:51.271+0000] {logging_mixin.py:149} INFO - [2026-09-27T03:41:51.271+0000] {dag.py:3490} INFO - Setting next_dagrun for example_xcom_args to None, run_after=None
[2026-09-27T03:41:51.277+0000] {logging_mixin.py:149} INFO - [2026-09-27T03:41:51.277+0000] {dag.py:3490} INFO - Setting next_dagrun for example_xcom_args_with_operators to None, run_after=None
[2026-09-27T03:41:51.304+0000] {processor.py:178} INFO - Processing /home/airflow/.local/lib/python3.7/site-packages/airflow/example_dags/example_xcomargs.py took 0.159 seconds
[2026-09-27T03:42:22.277+0000] {processor.py:156} INFO - Started process (PID=6348) to work on /home/airflow/.local/lib/python3.7/site-packages/airflow/example_dags/example_xcomargs.py
[2026-09-27T03:42:22.282+0000] {processor.py:799} INFO - Processing file /home/airflow/.local/lib/python3.7/site-packages/airflow/example_dags/example_xcomargs.py for tasks to queue
[2026-09-27T03:42:22.283+0000] {logging_mixin.py:149} INFO - [2026-09-27T03:42:22.283+0000] {dagbag.py:541} INFO - Filling up the DagBag from /home/airflow/.local/lib/python3.7/site-packages/airflow/example_dags/example_xcomargs.py
[2026-09-27T03:42:22.297+0000] {processor.py:809} INFO - DAG(s) dict_keys(['example_xcom_args_with_operators', 'example_xcom_args']) retrieved from /home/airflow/.local/lib/python3.7/site-packages/airflow/example_dags/example_xcomargs.py
[2026-09-27T03:42:22.350+0000] {logging_mixin.py:149} INFO - [2026-09-27T03:42:22.350+0000] {dag.py:2726} INFO - Sync 2 DAGs
[2026-09-27T03:42:22.400+0000] {logging_mixin.py:149} INFO - [2026-09-27T03:42:22.400+0000] {dag.py:3490} INFO - Setting next_dagrun for example_xcom_args to None, run_after=None
[2026-09-27T03:42:22.408+0000] {logging_mixin.py:149} INFO - [2026-09-27T03:42:22.408+0000] {dag.py:3490} INFO - Setting next_dagrun for example_xcom_args_with_operators to None, run_after=None
[2026-09-27T03:42:22.437+0000] {processor.py:178} INFO - Processing /home/airflow/.local/lib/python3.7/site-packages/airflow/example_dags/example_xcomargs.py took 0.165 seconds
[2026-09-27T03:42:53.030+0000] {processor.py:156} INFO - Started process (PID=6404) to work on /home/airflow/.local/lib/python3.7/site-packages/airflow/example_dags/example_xcomargs.py
[2026-09-27T03:42:53.032+0000] {processor.py:799} INFO - Processing file /home/airflow/.local/lib/python3.7/site-packages/airflow/example_dags/example_xcomargs.py for tasks to queue
[2026-09-27T03:42:53.033+0000] {logging_mixin.py:149} INFO - [2026-09-27T03:42:53.033+0000] {dagbag.py:541} INFO - Filling up the DagBag from /home/airflow/.local/lib/python3.7/site-packages/airflow/example_dags/example_xcomargs.py
[2026-09-27T03:42:53.047+0000] {processor.py:809} INFO - DAG(s) dict_keys(['example_xcom_args', 'example_xcom_args_with_operators']) retrieved from /home/airflow/.local/lib/python3.7/site-packages/airflow/example_dags/example_xcomargs.py
[2026-09-27T03:42:53.094+0000] {logging_mixin.py:149} INFO - [2026-09-27T03:42:53.094+0000] {dag.py:2726} INFO - Sync 2 DAGs
[2026-09-27T03:42:53.134+0000] {logging_mixin.py:149} INFO - [2026-09-27T03:42:53.134+0000] {dag.py:3490} INFO - Setting next_dagrun for example_xcom_args to None, run_after=None
[2026-09-27T03:42:53.140+0000] {logging_mixin.py:149} INFO - [2026-09-27T03:42:53.140+0000] {dag.py:3490} INFO - Setting next_dagrun for example_xcom_args_with_operators to None, run_after=None
[2026-09-27T03:42:53.172+0000] {processor.py:178} INFO - Processing /home/airflow/.local/lib/python3.7/site-packages/airflow/example_dags/example_xcomargs.py took 0.147 seconds
[2026-09-27T03:43:24.276+0000] {processor.py:156} INFO - Started process (PID=6460) to work on /home/airflow/.local/lib/python3.7/site-packages/airflow/example_dags/example_xcomargs.py
[2026-09-27T03:43:24.281+0000] {processor.py:799} INFO - Processing file /home/airflow/.local/lib/python3.7/site-packages/airflow/example_dags/example_xcomargs.py for tasks to queue
[2026-09-27T03:43:24.282+0000] {logging_mixin.py:149} INFO - [2026-09-27T03:43:24.282+0000] {dagbag.py:541} INFO - Filling up the DagBag from /home/airflow/.local/lib/python3.7/site-packages/airflow/example_dags/example_xcomargs.py
[2026-09-27T03:43:24.306+0000] {processor.py:809} INFO - DAG(s) dict_keys(['example_xcom_args_with_operators', 'example_xcom_args']) retrieved from /home/airflow/.local/lib/python3.7/site-packages/airflow/example_dags/example_xcomargs.py
[2026-09-27T03:43:24.362+0000] {logging_mixin.py:149} INFO - [2026-09-27T03:43:24.362+0000] {dag.py:2726} INFO - Sync 2 DAGs
[2026-09-27T03:43:24.412+0000] {logging_mixin.py:149} INFO - [2026-09-27T03:43:24.412+0000] {dag.py:3490} INFO - Setting next_dagrun for example_xcom_args to None, run_after=None
[2026-09-27T03:43:24.420+0000] {logging_mixin.py:149} INFO - [2026-09-27T03:43:24.420+0000] {dag.py:3490} INFO - Setting next_dagrun for example_xcom_args_with_operators to None, run_after=None
[2026-09-27T03:43:24.450+0000] {processor.py:178} INFO - Processing /home/airflow/.local/lib/python3.7/site-packages/airflow/example_dags/example_xcomargs.py took 0.182 seconds
[2026-09-27T03:43:55.467+0000] {processor.py:156} INFO - Started process (PID=6516) to work on /home/airflow/.local/lib/python3.7/site-packages/airflow/example_dags/example_xcomargs.py
[2026-09-27T03:43:55.470+0000] {processor.py:799} INFO - Processing file /home/airflow/.local/lib/python3.7/site-packages/airflow/example_dags/example_xcomargs.py for tasks to queue
[2026-09-27T03:43:55.471+0000] {logging_mixin.py:149} INFO - [2026-09-27T03:43:55.471+0000] {dagbag.py:541} INFO - Filling up the DagBag from /home/airflow/.local/lib/python3.7/site-packages/airflow/example_dags/example_xcomargs.py
[2026-09-27T03:43:55.487+0000] {processor.py:809} INFO - DAG(s) dict_keys(['example_xcom_args_with_operators', 'example_xcom_args']) retrieved from /home/airflow/.local/lib/python3.7/site-packages/airflow/example_dags/example_xcomargs.py
[2026-09-27T03:43:55.532+0000] {logging_mixin.py:149} INFO - [2026-09-27T03:43:55.532+0000] {dag.py:2726} INFO - Sync 2 DAGs
[2026-09-27T03:43:55.574+0000] {logging_mixin.py:149} INFO - [2026-09-27T03:43:55.574+0000] {dag.py:3490} INFO - Setting next_dagrun for example_xcom_args to None, run_after=None
[2026-09-27T03:43:55.580+0000] {logging_mixin.py:149} INFO - [2026-09-27T03:43:55.580+0000] {dag.py:3490} INFO - Setting next_dagrun for example_xcom_args_with_operators to None, run_after=None
[2026-09-27T03:43:55.606+0000] {processor.py:178} INFO - Processing /home/airflow/.local/lib/python3.7/site-packages/airflow/example_dags/example_xcomargs.py took 0.145 seconds
[2026-09-27T03:44:26.385+0000] {processor.py:156} INFO - Started process (PID=6571) to work on /home/airflow/.local/lib/python3.7/site-packages/airflow/example_dags/example_xcomargs.py
[2026-09-27T03:44:26.390+0000] {processor.py:799} INFO - Processing file /home/airflow/.local/lib/python3.7/site-packages/airflow/example_dags/example_xcomargs.py for tasks to queue
[2026-09-27T03:44:26.391+0000] {logging_mixin.py:149} INFO - [2026-09-27T03:44:26.391+0000] {dagbag.py:541} INFO - Filling up the DagBag from /home/airflow/.local/lib/python3.7/site-packages/airflow/example_dags/example_xcomargs.py
[2026-09-27T03:44:26.406+0000] {processor.py:809} INFO - DAG(s) dict_keys(['example_xcom_args', 'example_xcom_args_with_operators']) retrieved from /home/airflow/.local/lib/python3.7/site-packages/airflow/example_dags/example_xcomargs.py
[2026-09-27T03:44:26.461+0000] {logging_mixin.py:149} INFO - [2026-09-27T03:44:26.461+0000] {dag.py:2726} INFO - Sync 2 DAGs
[2026-09-27T03:44:26.513+0000] {logging_mixin.py:149} INFO - [2026-09-27T03:44:26.513+0000] {dag.py:3490} INFO - Setting next_dagrun for example_xcom_args to None, run_after=None
[2026-09-27T03:44:26.519+0000] {logging_mixin.py:149} INFO - [2026-09-27T03:44:26.518+0000] {dag.py:3490} INFO - Setting next_dagrun for example_xcom_args_with_operators to None, run_after=None
[2026-09-27T03:44:26.545+0000] {processor.py:178} INFO - Processing /home/airflow/.local/lib/python3.7/site-packages/airflow/example_dags/example_xcomargs.py took 0.168 seconds
[2026-09-27T03:44:56.658+0000] {processor.py:156} INFO - Started process (PID=6623) to work on /home/airflow/.local/lib/python3.7/site-packages/airflow/example_dags/example_xcomargs.py
[2026-09-27T03:44:56.660+0000] {processor.py:799} INFO - Processing file /home/airflow/.local/lib/python3.7/site-packages/airflow/example_dags/example_xcomargs.py for tasks to queue
[2026-09-27T03:44:56.662+0000] {logging_mixin.py:149} INFO - [2026-09-27T03:44:56.661+0000] {dagbag.py:541} INFO - Filling up the DagBag from /home/airflow/.local/lib/python3.7/site-packages/airflow/example_dags/example_xcomargs.py
[2026-09-27T03:44:56.677+0000] {processor.py:809} INFO - DAG(s) dict_keys(['example_xcom_args', 'example_xcom_args_with_operators']) retrieved from /home/airflow/.local/lib/python3.7/site-packages/airflow/example_dags/example_xcomargs.py
[2026-09-27T03:44:56.724+0000] {logging_mixin.py:149} INFO - [2026-09-27T03:44:56.724+0000] {dag.py:2726} INFO - Sync 2 DAGs
[2026-09-27T03:44:56.770+0000] {logging_mixin.py:149} INFO - [2026-09-27T03:44:56.769+0000] {dag.py:3490} INFO - Setting next_dagrun for example_xcom_args to None, run_after=None
[2026-09-27T03:44:56.776+0000] {logging_mixin.py:149} INFO - [2026-09-27T03:44:56.775+0000] {dag.py:3490} INFO - Setting next_dagrun for example_xcom_args_with_operators to None, run_after=None
[2026-09-27T03:44:56.803+0000] {processor.py:178} INFO - Processing /home/airflow/.local/lib/python3.7/site-packages/airflow/example_dags/example_xcomargs.py took 0.152 seconds
[2026-09-27T03:45:27.253+0000] {processor.py:156} INFO - Started process (PID=6678) to work on /home/airflow/.local/lib/python3.7/site-packages/airflow/example_dags/example_xcomargs.py
[2026-09-27T03:45:27.255+0000] {processor.py:799} INFO - Processing file /home/airflow/.local/lib/python3.7/site-packages/airflow/example_dags/example_xcomargs.py for tasks to queue
[2026-09-27T03:45:27.257+0000] {logging_mixin.py:149} INFO - [2026-09-27T03:45:27.256+0000] {dagbag.py:541} INFO - Filling up the DagBag from /home/airflow/.local/lib/python3.7/site-packages/airflow/example_dags/example_xcomargs.py
[2026-09-27T03:45:27.271+0000] {processor.py:809} INFO - DAG(s) dict_keys(['example_xcom_args', 'example_xcom_args_with_operators']) retrieved from /home/airflow/.local/lib/python3.7/site-packages/airflow/example_dags/example_xcomargs.py
[2026-09-27T03:45:27.330+0000] {logging_mixin.py:149} INFO - [2026-09-27T03:45:27.329+0000] {dag.py:2726} INFO - Sync 2 DAGs
[2026-09-27T03:45:27.378+0000] {logging_mixin.py:149} INFO - [2026-09-27T03:45:27.377+0000] {dag.py:3490} INFO - Setting next_dagrun for example_xcom_args to None, run_after=None
[2026-09-27T03:45:27.383+0000] {logging_mixin.py:149} INFO - [2026-09-27T03:45:27.383+0000] {dag.py:3490} INFO - Setting next_dagrun for example_xcom_args_with_operators to None, run_after=None
[2026-09-27T03:45:27.412+0000] {processor.py:178} INFO - Processing /home/airflow/.local/lib/python3.7/site-packages/airflow/example_dags/example_xcomargs.py took 0.165 seconds
[2026-09-27T03:45:58.151+0000] {processor.py:156} INFO - Started process (PID=6734) to work on /home/airflow/.local/lib/python3.7/site-packages/airflow/example_dags/example_xcomargs.py
[2026-09-27T03:45:58.154+0000] {processor.py:799} INFO - Processing file /home/airflow/.local/lib/python3.7/site-packages/airflow/example_dags/example_xcomargs.py for tasks to queue
[2026-09-27T03:45:58.155+0000] {logging_mixin.py:149} INFO - [2026-09-27T03:45:58.155+0000] {dagbag.py:541} INFO - Filling up the DagBag from /home/airflow/.local/lib/python3.7/site-packages/airflow/example_dags/example_xcomargs.py
[2026-09-27T03:45:58.170+0000] {processor.py:809} INFO - DAG(s) dict_keys(['example_xcom_args_with_operators', 'example_xcom_args']) retrieved from /home/airflow/.local/lib/python3.7/site-packages/airflow/example_dags/example_xcomargs.py
[2026-09-27T03:45:58.235+0000] {logging_mixin.py:149} INFO - [2026-09-27T03:45:58.234+0000] {dag.py:2726} INFO - Sync 2 DAGs
[2026-09-27T03:45:58.286+0000] {logging_mixin.py:149} INFO - [2026-09-27T03:45:58.285+0000] {dag.py:3490} INFO - Setting next_dagrun for example_xcom_args to None, run_after=None
[2026-09-27T03:45:58.291+0000] {logging_mixin.py:149} INFO - [2026-09-27T03:45:58.291+0000] {dag.py:3490} INFO - Setting next_dagrun for example_xcom_args_with_operators to None, run_after=None
[2026-09-27T03:45:58.320+0000] {processor.py:178} INFO - Processing /home/airflow/.local/lib/python3.7/site-packages/airflow/example_dags/example_xcomargs.py took 0.176 seconds
[2026-09-27T03:46:28.378+0000] {processor.py:156} INFO - Started process (PID=6789) to work on /home/airflow/.local/lib/python3.7/site-packages/airflow/example_dags/example_xcomargs.py
[2026-09-27T03:46:28.380+0000] {processor.py:799} INFO - Processing file /home/airflow/.local/lib/python3.7/site-packages/airflow/example_dags/example_xcomargs.py for tasks to queue
[2026-09-27T03:46:28.381+0000] {logging_mixin.py:149} INFO - [2026-09-27T03:46:28.381+0000] {dagbag.py:541} INFO - Filling up the DagBag from /home/airflow/.local/lib/python3.7/site-packages/airflow/example_dags/example_xcomargs.py
[2026-09-27T03:46:28.396+0000] {processor.py:809} INFO - DAG(s) dict_keys(['example_xcom_args_with_operators', 'example_xcom_args']) retrieved from /home/airflow/.local/lib/python3.7/site-packages/airflow/example_dags/example_xcomargs.py
[2026-09-27T03:46:28.448+0000] {logging_mixin.py:149} INFO - [2026-09-27T03:46:28.448+0000] {dag.py:2726} INFO - Sync 2 DAGs
[2026-09-27T03:46:28.502+0000] {logging_mixin.py:149} INFO - [2026-09-27T03:46:28.501+0000] {dag.py:3490} INFO - Setting next_dagrun for example_xcom_args to None, run_after=None
[2026-09-27T03:46:28.509+0000] {logging_mixin.py:149} INFO - [2026-09-27T03:46:28.509+0000] {dag.py:3490} INFO - Setting next_dagrun for example_xcom_args_with_operators to None, run_after=None
[2026-09-27T03:46:28.756+0000] {processor.py:178} INFO - Processing /home/airflow/.local/lib/python3.7/site-packages/airflow/example_dags/example_xcomargs.py took 0.386 seconds
[2026-09-27T03:46:59.249+0000] {processor.py:156} INFO - Started process (PID=6845) to work on /home/airflow/.local/lib/python3.7/site-packages/airflow/example_dags/example_xcomargs.py
[2026-09-27T03:46:59.251+0000] {processor.py:799} INFO - Processing file /home/airflow/.local/lib/python3.7/site-packages/airflow/example_dags/example_xcomargs.py for tasks to queue
[2026-09-27T03:46:59.253+0000] {logging_mixin.py:149} INFO - [2026-09-27T03:46:59.252+0000] {dagbag.py:541} INFO - Filling up the DagBag from /home/airflow/.local/lib/python3.7/site-packages/airflow/example_dags/example_xcomargs.py
[2026-09-27T03:46:59.269+0000] {processor.py:809} INFO - DAG(s) dict_keys(['example_xcom_args_with_operators', 'example_xcom_args']) retrieved from /home/airflow/.local/lib/python3.7/site-packages/airflow/example_dags/example_xcomargs.py
[2026-09-27T03:46:59.322+0000] {logging_mixin.py:149} INFO - [2026-09-27T03:46:59.321+0000] {dag.py:2726} INFO - Sync 2 DAGs
[2026-09-27T03:46:59.372+0000] {logging_mixin.py:149} INFO - [2026-09-27T03:46:59.372+0000] {dag.py:3490} INFO - Setting next_dagrun for example_xcom_args to None, run_after=None
[2026-09-27T03:46:59.380+0000] {logging_mixin.py:149} INFO - [2026-09-27T03:46:59.380+0000] {dag.py:3490} INFO - Setting next_dagrun for example_xcom_args_with_operators to None, run_after=None
[2026-09-27T03:46:59.409+0000] {processor.py:178} INFO - Processing /home/airflow/.local/lib/python3.7/site-packages/airflow/example_dags/example_xcomargs.py took 0.167 seconds
[2026-09-27T03:47:30.721+0000] {processor.py:156} INFO - Started process (PID=6902) to work on /home/airflow/.local/lib/python3.7/site-packages/airflow/example_dags/example_xcomargs.py
[2026-09-27T03:47:30.724+0000] {processor.py:799} INFO - Processing file /home/airflow/.local/lib/python3.7/site-packages/airflow/example_dags/example_xcomargs.py for tasks to queue
[2026-09-27T03:47:30.725+0000] {logging_mixin.py:149} INFO - [2026-09-27T03:47:30.725+0000] {dagbag.py:541} INFO - Filling up the DagBag from /home/airflow/.local/lib/python3.7/site-packages/airflow/example_dags/example_xcomargs.py
[2026-09-27T03:47:30.740+0000] {processor.py:809} INFO - DAG(s) dict_keys(['example_xcom_args_with_operators', 'example_xcom_args']) retrieved from /home/airflow/.local/lib/python3.7/site-packages/airflow/example_dags/example_xcomargs.py
[2026-09-27T03:47:30.805+0000] {logging_mixin.py:149} INFO - [2026-09-27T03:47:30.804+0000] {dag.py:2726} INFO - Sync 2 DAGs
[2026-09-27T03:47:31.054+0000] {logging_mixin.py:149} INFO - [2026-09-27T03:47:31.053+0000] {dag.py:3490} INFO - Setting next_dagrun for example_xcom_args to None, run_after=None
[2026-09-27T03:47:31.059+0000] {logging_mixin.py:149} INFO - [2026-09-27T03:47:31.059+0000] {dag.py:3490} INFO - Setting next_dagrun for example_xcom_args_with_operators to None, run_after=None
[2026-09-27T03:47:31.088+0000] {processor.py:178} INFO - Processing /home/airflow/.local/lib/python3.7/site-packages/airflow/example_dags/example_xcomargs.py took 0.374 seconds
[2026-09-27T03:48:01.825+0000] {processor.py:156} INFO - Started process (PID=6958) to work on /home/airflow/.local/lib/python3.7/site-packages/airflow/example_dags/example_xcomargs.py
[2026-09-27T03:48:01.827+0000] {processor.py:799} INFO - Processing file /home/airflow/.local/lib/python3.7/site-packages/airflow/example_dags/example_xcomargs.py for tasks to queue
[2026-09-27T03:48:01.828+0000] {logging_mixin.py:149} INFO - [2026-09-27T03:48:01.828+0000] {dagbag.py:541} INFO - Filling up the DagBag from /home/airflow/.local/lib/python3.7/site-packages/airflow/example_dags/example_xcomargs.py
[2026-09-27T03:48:01.845+0000] {processor.py:809} INFO - DAG(s) dict_keys(['example_xcom_args_with_operators', 'example_xcom_args']) retrieved from /home/airflow/.local/lib/python3.7/site-packages/airflow/example_dags/example_xcomargs.py
[2026-09-27T03:48:01.903+0000] {logging_mixin.py:149} INFO - [2026-09-27T03:48:01.903+0000] {dag.py:2726} INFO - Sync 2 DAGs
[2026-09-27T03:48:01.949+0000] {logging_mixin.py:149} INFO - [2026-09-27T03:48:01.949+0000] {dag.py:3490} INFO - Setting next_dagrun for example_xcom_args to None, run_after=None
[2026-09-27T03:48:01.956+0000] {logging_mixin.py:149} INFO - [2026-09-27T03:48:01.956+0000] {dag.py:3490} INFO - Setting next_dagrun for example_xcom_args_with_operators to None, run_after=None
[2026-09-27T03:48:01.983+0000] {processor.py:178} INFO - Processing /home/airflow/.local/lib/python3.7/site-packages/airflow/example_dags/example_xcomargs.py took 0.166 seconds
[2026-09-27T03:48:32.319+0000] {processor.py:156} INFO - Started process (PID=7013) to work on /home/airflow/.local/lib/python3.7/site-packages/airflow/example_dags/example_xcomargs.py
[2026-09-27T03:48:32.321+0000] {processor.py:799} INFO - Processing file /home/airflow/.local/lib/python3.7/site-packages/airflow/example_dags/example_xcomargs.py for tasks to queue
[2026-09-27T03:48:32.322+0000] {logging_mixin.py:149} INFO - [2026-09-27T03:48:32.322+0000] {dagbag.py:541} INFO - Filling up the DagBag from /home/airflow/.local/lib/python3.7/site-packages/airflow/example_dags/example_xcomargs.py
[2026-09-27T03:48:32.338+0000] {processor.py:809} INFO - DAG(s) dict_keys(['example_xcom_args_with_operators', 'example_xcom_args']) retrieved from /home/airflow/.local/lib/python3.7/site-packages/airflow/example_dags/example_xcomargs.py
[2026-09-27T03:48:32.390+0000] {logging_mixin.py:149} INFO - [2026-09-27T03:48:32.390+0000] {dag.py:2726} INFO - Sync 2 DAGs
[2026-09-27T03:48:32.449+0000] {logging_mixin.py:149} INFO - [2026-09-27T03:48:32.448+0000] {dag.py:3490} INFO - Setting next_dagrun for example_xcom_args to None, run_after=None
[2026-09-27T03:48:32.458+0000] {logging_mixin.py:149} INFO - [2026-09-27T03:48:32.458+0000] {dag.py:3490} INFO - Setting next_dagrun for example_xcom_args_with_operators to None, run_after=None
[2026-09-27T03:48:32.496+0000] {processor.py:178} INFO - Processing /home/airflow/.local/lib/python3.7/site-packages/airflow/example_dags/example_xcomargs.py took 0.184 seconds
[2026-09-27T03:49:03.024+0000] {processor.py:156} INFO - Started process (PID=7069) to work on /home/airflow/.local/lib/python3.7/site-packages/airflow/example_dags/example_xcomargs.py
[2026-09-27T03:49:03.026+0000] {processor.py:799} INFO - Processing file /home/airflow/.local/lib/python3.7/site-packages/airflow/example_dags/example_xcomargs.py for tasks to queue
[2026-09-27T03:49:03.027+0000] {logging_mixin.py:149} INFO - [2026-09-27T03:49:03.027+0000] {dagbag.py:541} INFO - Filling up the DagBag from /home/airflow/.local/lib/python3.7/site-packages/airflow/example_dags/example_xcomargs.py
[2026-09-27T03:49:03.043+0000] {processor.py:809} INFO - DAG(s) dict_keys(['example_xcom_args', 'example_xcom_args_with_operators']) retrieved from /home/airflow/.local/lib/python3.7/site-packages/airflow/example_dags/example_xcomargs.py
[2026-09-27T03:49:03.094+0000] {logging_mixin.py:149} INFO - [2026-09-27T03:49:03.093+0000] {dag.py:2726} INFO - Sync 2 DAGs
[2026-09-27T03:49:03.323+0000] {logging_mixin.py:149} INFO - [2026-09-27T03:49:03.323+0000] {dag.py:3490} INFO - Setting next_dagrun for example_xcom_args to None, run_after=None
[2026-09-27T03:49:03.328+0000] {logging_mixin.py:149} INFO - [2026-09-27T03:49:03.328+0000] {dag.py:3490} INFO - Setting next_dagrun for example_xcom_args_with_operators to None, run_after=None
[2026-09-27T03:49:03.352+0000] {processor.py:178} INFO - Processing /home/airflow/.local/lib/python3.7/site-packages/airflow/example_dags/example_xcomargs.py took 0.333 seconds
[2026-09-27T03:49:34.271+0000] {processor.py:156} INFO - Started process (PID=7125) to work on /home/airflow/.local/lib/python3.7/site-packages/airflow/example_dags/example_xcomargs.py
[2026-09-27T03:49:34.273+0000] {processor.py:799} INFO - Processing file /home/airflow/.local/lib/python3.7/site-packages/airflow/example_dags/example_xcomargs.py for tasks to queue
[2026-09-27T03:49:34.274+0000] {logging_mixin.py:149} INFO - [2026-09-27T03:49:34.274+0000] {dagbag.py:541} INFO - Filling up the DagBag from /home/airflow/.local/lib/python3.7/site-packages/airflow/example_dags/example_xcomargs.py
[2026-09-27T03:49:34.288+0000] {processor.py:809} INFO - DAG(s) dict_keys(['example_xcom_args_with_operators', 'example_xcom_args']) retrieved from /home/airflow/.local/lib/python3.7/site-packages/airflow/example_dags/example_xcomargs.py
[2026-09-27T03:49:34.340+0000] {logging_mixin.py:149} INFO - [2026-09-27T03:49:34.340+0000] {dag.py:2726} INFO - Sync 2 DAGs
[2026-09-27T03:49:34.388+0000] {logging_mixin.py:149} INFO - [2026-09-27T03:49:34.388+0000] {dag.py:3490} INFO - Setting next_dagrun for example_xcom_args to None, run_after=None
[2026-09-27T03:49:34.395+0000] {logging_mixin.py:149} INFO - [2026-09-27T03:49:34.394+0000] {dag.py:3490} INFO - Setting next_dagrun for example_xcom_args_with_operators to None, run_after=None
[2026-09-27T03:49:34.420+0000] {processor.py:178} INFO - Processing /home/airflow/.local/lib/python3.7/site-packages/airflow/example_dags/example_xcomargs.py took 0.155 seconds
[2026-09-27T03:50:04.827+0000] {processor.py:156} INFO - Started process (PID=7181) to work on /home/airflow/.local/lib/python3.7/site-packages/airflow/example_dags/example_xcomargs.py
[2026-09-27T03:50:04.829+0000] {processor.py:799} INFO - Processing file /home/airflow/.local/lib/python3.7/site-packages/airflow/example_dags/example_xcomargs.py for tasks to queue
[2026-09-27T03:50:04.830+0000] {logging_mixin.py:149} INFO - [2026-09-27T03:50:04.830+0000] {dagbag.py:541} INFO - Filling up the DagBag from /home/airflow/.local/lib/python3.7/site-packages/airflow/example_dags/example_xcomargs.py
[2026-09-27T03:50:04.845+0000] {processor.py:809} INFO - DAG(s) dict_keys(['example_xcom_args_with_operators', 'example_xcom_args']) retrieved from /home/airflow/.local/lib/python3.7/site-packages/airflow/example_dags/example_xcomargs.py
[2026-09-27T03:50:05.105+0000] {logging_mixin.py:149} INFO - [2026-09-27T03:50:05.105+0000] {dag.py:2726} INFO - Sync 2 DAGs
[2026-09-27T03:50:05.142+0000] {logging_mixin.py:149} INFO - [2026-09-27T03:50:05.142+0000] {dag.py:3490} INFO - Setting next_dagrun for example_xcom_args to None, run_after=None
[2026-09-27T03:50:05.147+0000] {logging_mixin.py:149} INFO - [2026-09-27T03:50:05.147+0000] {dag.py:3490} INFO - Setting next_dagrun for example_xcom_args_with_operators to None, run_after=None
[2026-09-27T03:50:05.169+0000] {processor.py:178} INFO - Processing /home/airflow/.local/lib/python3.7/site-packages/airflow/example_dags/example_xcomargs.py took 0.347 seconds
[2026-09-27T03:50:35.591+0000] {processor.py:156} INFO - Started process (PID=7237) to work on /home/airflow/.local/lib/python3.7/site-packages/airflow/example_dags/example_xcomargs.py
[2026-09-27T03:50:35.593+0000] {processor.py:799} INFO - Processing file /home/airflow/.local/lib/python3.7/site-packages/airflow/example_dags/example_xcomargs.py for tasks to queue
[2026-09-27T03:50:35.594+0000] {logging_mixin.py:149} INFO - [2026-09-27T03:50:35.594+0000] {dagbag.py:541} INFO - Filling up the DagBag from /home/airflow/.local/lib/python3.7/site-packages/airflow/example_dags/example_xcomargs.py
[2026-09-27T03:50:35.608+0000] {processor.py:809} INFO - DAG(s) dict_keys(['example_xcom_args', 'example_xcom_args_with_operators']) retrieved from /home/airflow/.local/lib/python3.7/site-packages/airflow/example_dags/example_xcomargs.py
[2026-09-27T03:50:35.656+0000] {logging_mixin.py:149} INFO - [2026-09-27T03:50:35.656+0000] {dag.py:2726} INFO - Sync 2 DAGs
[2026-09-27T03:50:35.893+0000] {logging_mixin.py:149} INFO - [2026-09-27T03:50:35.893+0000] {dag.py:3490} INFO - Setting next_dagrun for example_xcom_args to None, run_after=None
[2026-09-27T03:50:35.898+0000] {logging_mixin.py:149} INFO - [2026-09-27T03:50:35.898+0000] {dag.py:3490} INFO - Setting next_dagrun for example_xcom_args_with_operators to None, run_after=None
[2026-09-27T03:50:35.919+0000] {processor.py:178} INFO - Processing /home/airflow/.local/lib/python3.7/site-packages/airflow/example_dags/example_xcomargs.py took 0.333 seconds
[2026-09-27T03:51:06.180+0000] {processor.py:156} INFO - Started process (PID=7293) to work on /home/airflow/.local/lib/python3.7/site-packages/airflow/example_dags/example_xcomargs.py
[2026-09-27T03:51:06.182+0000] {processor.py:799} INFO - Processing file /home/airflow/.local/lib/python3.7/site-packages/airflow/example_dags/example_xcomargs.py for tasks to queue
[2026-09-27T03:51:06.184+0000] {logging_mixin.py:149} INFO - [2026-09-27T03:51:06.184+0000] {dagbag.py:541} INFO - Filling up the DagBag from /home/airflow/.local/lib/python3.7/site-packages/airflow/example_dags/example_xcomargs.py
[2026-09-27T03:51:06.204+0000] {processor.py:809} INFO - DAG(s) dict_keys(['example_xcom_args', 'example_xcom_args_with_operators']) retrieved from /home/airflow/.local/lib/python3.7/site-packages/airflow/example_dags/example_xcomargs.py
[2026-09-27T03:51:06.267+0000] {logging_mixin.py:149} INFO - [2026-09-27T03:51:06.266+0000] {dag.py:2726} INFO - Sync 2 DAGs
[2026-09-27T03:51:06.320+0000] {logging_mixin.py:149} INFO - [2026-09-27T03:51:06.320+0000] {dag.py:3490} INFO - Setting next_dagrun for example_xcom_args to None, run_after=None
[2026-09-27T03:51:06.328+0000] {logging_mixin.py:149} INFO - [2026-09-27T03:51:06.328+0000] {dag.py:3490} INFO - Setting next_dagrun for example_xcom_args_with_operators to None, run_after=None
[2026-09-27T03:51:06.363+0000] {processor.py:178} INFO - Processing /home/airflow/.local/lib/python3.7/site-packages/airflow/example_dags/example_xcomargs.py took 0.193 seconds
[2026-09-27T03:51:36.824+0000] {processor.py:156} INFO - Started process (PID=7350) to work on /home/airflow/.local/lib/python3.7/site-packages/airflow/example_dags/example_xcomargs.py
[2026-09-27T03:51:36.826+0000] {processor.py:799} INFO - Processing file /home/airflow/.local/lib/python3.7/site-packages/airflow/example_dags/example_xcomargs.py for tasks to queue
[2026-09-27T03:51:36.827+0000] {logging_mixin.py:149} INFO - [2026-09-27T03:51:36.826+0000] {dagbag.py:541} INFO - Filling up the DagBag from /home/airflow/.local/lib/python3.7/site-packages/airflow/example_dags/example_xcomargs.py
[2026-09-27T03:51:36.840+0000] {processor.py:809} INFO - DAG(s) dict_keys(['example_xcom_args_with_operators', 'example_xcom_args']) retrieved from /home/airflow/.local/lib/python3.7/site-packages/airflow/example_dags/example_xcomargs.py
[2026-09-27T03:51:37.101+0000] {logging_mixin.py:149} INFO - [2026-09-27T03:51:37.101+0000] {dag.py:2726} INFO - Sync 2 DAGs
[2026-09-27T03:51:37.145+0000] {logging_mixin.py:149} INFO - [2026-09-27T03:51:37.145+0000] {dag.py:3490} INFO - Setting next_dagrun for example_xcom_args to None, run_after=None
[2026-09-27T03:51:37.150+0000] {logging_mixin.py:149} INFO - [2026-09-27T03:51:37.150+0000] {dag.py:3490} INFO - Setting next_dagrun for example_xcom_args_with_operators to None, run_after=None
[2026-09-27T03:51:37.177+0000] {processor.py:178} INFO - Processing /home/airflow/.local/lib/python3.7/site-packages/airflow/example_dags/example_xcomargs.py took 0.358 seconds
[2026-09-27T03:52:07.512+0000] {processor.py:156} INFO - Started process (PID=7406) to work on /home/airflow/.local/lib/python3.7/site-packages/airflow/example_dags/example_xcomargs.py
[2026-09-27T03:52:07.514+0000] {processor.py:799} INFO - Processing file /home/airflow/.local/lib/python3.7/site-packages/airflow/example_dags/example_xcomargs.py for tasks to queue
[2026-09-27T03:52:07.515+0000] {logging_mixin.py:149} INFO - [2026-09-27T03:52:07.515+0000] {dagbag.py:541} INFO - Filling up the DagBag from /home/airflow/.local/lib/python3.7/site-packages/airflow/example_dags/example_xcomargs.py
[2026-09-27T03:52:07.536+0000] {processor.py:809} INFO - DAG(s) dict_keys(['example_xcom_args', 'example_xcom_args_with_operators']) retrieved from /home/airflow/.local/lib/python3.7/site-packages/airflow/example_dags/example_xcomargs.py
[2026-09-27T03:52:07.593+0000] {logging_mixin.py:149} INFO - [2026-09-27T03:52:07.592+0000] {dag.py:2726} INFO - Sync 2 DAGs
[2026-09-27T03:52:07.860+0000] {logging_mixin.py:149} INFO - [2026-09-27T03:52:07.860+0000] {dag.py:3490} INFO - Setting next_dagrun for example_xcom_args to None, run_after=None
[2026-09-27T03:52:07.866+0000] {logging_mixin.py:149} INFO - [2026-09-27T03:52:07.866+0000] {dag.py:3490} INFO - Setting next_dagrun for example_xcom_args_with_operators to None, run_after=None
[2026-09-27T03:52:07.889+0000] {processor.py:178} INFO - Processing /home/airflow/.local/lib/python3.7/site-packages/airflow/example_dags/example_xcomargs.py took 0.385 seconds
[2026-09-27T03:52:38.364+0000] {processor.py:156} INFO - Started process (PID=7463) to work on /home/airflow/.local/lib/python3.7/site-packages/airflow/example_dags/example_xcomargs.py
[2026-09-27T03:52:38.366+0000] {processor.py:799} INFO - Processing file /home/airflow/.local/lib/python3.7/site-packages/airflow/example_dags/example_xcomargs.py for tasks to queue
[2026-09-27T03:52:38.367+0000] {logging_mixin.py:149} INFO - [2026-09-27T03:52:38.367+0000] {dagbag.py:541} INFO - Filling up the DagBag from /home/airflow/.local/lib/python3.7/site-packages/airflow/example_dags/example_xcomargs.py
[2026-09-27T03:52:38.384+0000] {processor.py:809} INFO - DAG(s) dict_keys(['example_xcom_args', 'example_xcom_args_with_operators']) retrieved from /home/airflow/.local/lib/python3.7/site-packages/airflow/example_dags/example_xcomargs.py
[2026-09-27T03:52:38.431+0000] {logging_mixin.py:149} INFO - [2026-09-27T03:52:38.430+0000] {dag.py:2726} INFO - Sync 2 DAGs
[2026-09-27T03:52:38.476+0000] {logging_mixin.py:149} INFO - [2026-09-27T03:52:38.476+0000] {dag.py:3490} INFO - Setting next_dagrun for example_xcom_args to None, run_after=None
[2026-09-27T03:52:38.482+0000] {logging_mixin.py:149} INFO - [2026-09-27T03:52:38.482+0000] {dag.py:3490} INFO - Setting next_dagrun for example_xcom_args_with_operators to None, run_after=None
[2026-09-27T03:52:38.510+0000] {processor.py:178} INFO - Processing /home/airflow/.local/lib/python3.7/site-packages/airflow/example_dags/example_xcomargs.py took 0.152 seconds
[2026-09-27T03:53:09.122+0000] {processor.py:156} INFO - Started process (PID=7519) to work on /home/airflow/.local/lib/python3.7/site-packages/airflow/example_dags/example_xcomargs.py
[2026-09-27T03:53:09.124+0000] {processor.py:799} INFO - Processing file /home/airflow/.local/lib/python3.7/site-packages/airflow/example_dags/example_xcomargs.py for tasks to queue
[2026-09-27T03:53:09.126+0000] {logging_mixin.py:149} INFO - [2026-09-27T03:53:09.126+0000] {dagbag.py:541} INFO - Filling up the DagBag from /home/airflow/.local/lib/python3.7/site-packages/airflow/example_dags/example_xcomargs.py
[2026-09-27T03:53:09.144+0000] {processor.py:809} INFO - DAG(s) dict_keys(['example_xcom_args', 'example_xcom_args_with_operators']) retrieved from /home/airflow/.local/lib/python3.7/site-packages/airflow/example_dags/example_xcomargs.py
[2026-09-27T03:53:09.207+0000] {logging_mixin.py:149} INFO - [2026-09-27T03:53:09.207+0000] {dag.py:2726} INFO - Sync 2 DAGs
[2026-09-27T03:53:09.285+0000] {logging_mixin.py:149} INFO - [2026-09-27T03:53:09.285+0000] {dag.py:3490} INFO - Setting next_dagrun for example_xcom_args to None, run_after=None
[2026-09-27T03:53:09.295+0000] {logging_mixin.py:149} INFO - [2026-09-27T03:53:09.294+0000] {dag.py:3490} INFO - Setting next_dagrun for example_xcom_args_with_operators to None, run_after=None
[2026-09-27T03:53:09.372+0000] {processor.py:178} INFO - Processing /home/airflow/.local/lib/python3.7/site-packages/airflow/example_dags/example_xcomargs.py took 0.256 seconds
[2026-09-27T03:53:39.924+0000] {processor.py:156} INFO - Started process (PID=7575) to work on /home/airflow/.local/lib/python3.7/site-packages/airflow/example_dags/example_xcomargs.py
[2026-09-27T03:53:39.925+0000] {processor.py:799} INFO - Processing file /home/airflow/.local/lib/python3.7/site-packages/airflow/example_dags/example_xcomargs.py for tasks to queue
[2026-09-27T03:53:39.926+0000] {logging_mixin.py:149} INFO - [2026-09-27T03:53:39.926+0000] {dagbag.py:541} INFO - Filling up the DagBag from /home/airflow/.local/lib/python3.7/site-packages/airflow/example_dags/example_xcomargs.py
[2026-09-27T03:53:39.942+0000] {processor.py:809} INFO - DAG(s) dict_keys(['example_xcom_args', 'example_xcom_args_with_operators']) retrieved from /home/airflow/.local/lib/python3.7/site-packages/airflow/example_dags/example_xcomargs.py
[2026-09-27T03:53:39.987+0000] {logging_mixin.py:149} INFO - [2026-09-27T03:53:39.987+0000] {dag.py:2726} INFO - Sync 2 DAGs
[2026-09-27T03:53:40.027+0000] {logging_mixin.py:149} INFO - [2026-09-27T03:53:40.027+0000] {dag.py:3490} INFO - Setting next_dagrun for example_xcom_args to None, run_after=None
[2026-09-27T03:53:40.032+0000] {logging_mixin.py:149} INFO - [2026-09-27T03:53:40.032+0000] {dag.py:3490} INFO - Setting next_dagrun for example_xcom_args_with_operators to None, run_after=None
[2026-09-27T03:53:40.056+0000] {processor.py:178} INFO - Processing /home/airflow/.local/lib/python3.7/site-packages/airflow/example_dags/example_xcomargs.py took 0.139 seconds
[2026-09-27T04:16:06.683+0000] {processor.py:156} INFO - Started process (PID=94) to work on /home/airflow/.local/lib/python3.7/site-packages/airflow/example_dags/example_xcomargs.py
[2026-09-27T04:16:06.691+0000] {processor.py:799} INFO - Processing file /home/airflow/.local/lib/python3.7/site-packages/airflow/example_dags/example_xcomargs.py for tasks to queue
[2026-09-27T04:16:06.692+0000] {logging_mixin.py:149} INFO - [2026-09-27T04:16:06.692+0000] {dagbag.py:541} INFO - Filling up the DagBag from /home/airflow/.local/lib/python3.7/site-packages/airflow/example_dags/example_xcomargs.py
[2026-09-27T04:16:06.729+0000] {processor.py:809} INFO - DAG(s) dict_keys(['example_xcom_args', 'example_xcom_args_with_operators']) retrieved from /home/airflow/.local/lib/python3.7/site-packages/airflow/example_dags/example_xcomargs.py
[2026-09-27T04:16:06.802+0000] {logging_mixin.py:149} INFO - [2026-09-27T04:16:06.802+0000] {dag.py:2726} INFO - Sync 2 DAGs
[2026-09-27T04:16:06.861+0000] {logging_mixin.py:149} INFO - [2026-09-27T04:16:06.861+0000] {dag.py:3490} INFO - Setting next_dagrun for example_xcom_args to None, run_after=None
[2026-09-27T04:16:06.870+0000] {logging_mixin.py:149} INFO - [2026-09-27T04:16:06.870+0000] {dag.py:3490} INFO - Setting next_dagrun for example_xcom_args_with_operators to None, run_after=None
[2026-09-27T04:16:06.915+0000] {processor.py:178} INFO - Processing /home/airflow/.local/lib/python3.7/site-packages/airflow/example_dags/example_xcomargs.py took 0.238 seconds
[2026-09-27T04:16:37.460+0000] {processor.py:156} INFO - Started process (PID=153) to work on /home/airflow/.local/lib/python3.7/site-packages/airflow/example_dags/example_xcomargs.py
[2026-09-27T04:16:37.462+0000] {processor.py:799} INFO - Processing file /home/airflow/.local/lib/python3.7/site-packages/airflow/example_dags/example_xcomargs.py for tasks to queue
[2026-09-27T04:16:37.463+0000] {logging_mixin.py:149} INFO - [2026-09-27T04:16:37.463+0000] {dagbag.py:541} INFO - Filling up the DagBag from /home/airflow/.local/lib/python3.7/site-packages/airflow/example_dags/example_xcomargs.py
[2026-09-27T04:16:37.476+0000] {processor.py:809} INFO - DAG(s) dict_keys(['example_xcom_args_with_operators', 'example_xcom_args']) retrieved from /home/airflow/.local/lib/python3.7/site-packages/airflow/example_dags/example_xcomargs.py
[2026-09-27T04:16:37.524+0000] {logging_mixin.py:149} INFO - [2026-09-27T04:16:37.523+0000] {dag.py:2726} INFO - Sync 2 DAGs
[2026-09-27T04:16:37.573+0000] {logging_mixin.py:149} INFO - [2026-09-27T04:16:37.573+0000] {dag.py:3490} INFO - Setting next_dagrun for example_xcom_args to None, run_after=None
[2026-09-27T04:16:37.579+0000] {logging_mixin.py:149} INFO - [2026-09-27T04:16:37.579+0000] {dag.py:3490} INFO - Setting next_dagrun for example_xcom_args_with_operators to None, run_after=None
[2026-09-27T04:16:37.623+0000] {processor.py:178} INFO - Processing /home/airflow/.local/lib/python3.7/site-packages/airflow/example_dags/example_xcomargs.py took 0.171 seconds
[2026-09-27T04:17:08.066+0000] {processor.py:156} INFO - Started process (PID=209) to work on /home/airflow/.local/lib/python3.7/site-packages/airflow/example_dags/example_xcomargs.py
[2026-09-27T04:17:08.069+0000] {processor.py:799} INFO - Processing file /home/airflow/.local/lib/python3.7/site-packages/airflow/example_dags/example_xcomargs.py for tasks to queue
[2026-09-27T04:17:08.070+0000] {logging_mixin.py:149} INFO - [2026-09-27T04:17:08.069+0000] {dagbag.py:541} INFO - Filling up the DagBag from /home/airflow/.local/lib/python3.7/site-packages/airflow/example_dags/example_xcomargs.py
[2026-09-27T04:17:08.084+0000] {processor.py:809} INFO - DAG(s) dict_keys(['example_xcom_args', 'example_xcom_args_with_operators']) retrieved from /home/airflow/.local/lib/python3.7/site-packages/airflow/example_dags/example_xcomargs.py
[2026-09-27T04:17:08.130+0000] {logging_mixin.py:149} INFO - [2026-09-27T04:17:08.130+0000] {dag.py:2726} INFO - Sync 2 DAGs
[2026-09-27T04:17:08.173+0000] {logging_mixin.py:149} INFO - [2026-09-27T04:17:08.173+0000] {dag.py:3490} INFO - Setting next_dagrun for example_xcom_args to None, run_after=None
[2026-09-27T04:17:08.180+0000] {logging_mixin.py:149} INFO - [2026-09-27T04:17:08.180+0000] {dag.py:3490} INFO - Setting next_dagrun for example_xcom_args_with_operators to None, run_after=None
[2026-09-27T04:17:08.210+0000] {processor.py:178} INFO - Processing /home/airflow/.local/lib/python3.7/site-packages/airflow/example_dags/example_xcomargs.py took 0.150 seconds
[2026-09-27T04:17:38.494+0000] {processor.py:156} INFO - Started process (PID=265) to work on /home/airflow/.local/lib/python3.7/site-packages/airflow/example_dags/example_xcomargs.py
[2026-09-27T04:17:38.497+0000] {processor.py:799} INFO - Processing file /home/airflow/.local/lib/python3.7/site-packages/airflow/example_dags/example_xcomargs.py for tasks to queue
[2026-09-27T04:17:38.498+0000] {logging_mixin.py:149} INFO - [2026-09-27T04:17:38.498+0000] {dagbag.py:541} INFO - Filling up the DagBag from /home/airflow/.local/lib/python3.7/site-packages/airflow/example_dags/example_xcomargs.py
[2026-09-27T04:17:38.512+0000] {processor.py:809} INFO - DAG(s) dict_keys(['example_xcom_args_with_operators', 'example_xcom_args']) retrieved from /home/airflow/.local/lib/python3.7/site-packages/airflow/example_dags/example_xcomargs.py
[2026-09-27T04:17:38.562+0000] {logging_mixin.py:149} INFO - [2026-09-27T04:17:38.561+0000] {dag.py:2726} INFO - Sync 2 DAGs
[2026-09-27T04:17:38.611+0000] {logging_mixin.py:149} INFO - [2026-09-27T04:17:38.611+0000] {dag.py:3490} INFO - Setting next_dagrun for example_xcom_args to None, run_after=None
[2026-09-27T04:17:38.617+0000] {logging_mixin.py:149} INFO - [2026-09-27T04:17:38.617+0000] {dag.py:3490} INFO - Setting next_dagrun for example_xcom_args_with_operators to None, run_after=None
[2026-09-27T04:17:38.642+0000] {processor.py:178} INFO - Processing /home/airflow/.local/lib/python3.7/site-packages/airflow/example_dags/example_xcomargs.py took 0.154 seconds
[2026-09-27T04:18:09.207+0000] {processor.py:156} INFO - Started process (PID=321) to work on /home/airflow/.local/lib/python3.7/site-packages/airflow/example_dags/example_xcomargs.py
[2026-09-27T04:18:09.211+0000] {processor.py:799} INFO - Processing file /home/airflow/.local/lib/python3.7/site-packages/airflow/example_dags/example_xcomargs.py for tasks to queue
[2026-09-27T04:18:09.212+0000] {logging_mixin.py:149} INFO - [2026-09-27T04:18:09.212+0000] {dagbag.py:541} INFO - Filling up the DagBag from /home/airflow/.local/lib/python3.7/site-packages/airflow/example_dags/example_xcomargs.py
[2026-09-27T04:18:09.224+0000] {processor.py:809} INFO - DAG(s) dict_keys(['example_xcom_args', 'example_xcom_args_with_operators']) retrieved from /home/airflow/.local/lib/python3.7/site-packages/airflow/example_dags/example_xcomargs.py
[2026-09-27T04:18:09.270+0000] {logging_mixin.py:149} INFO - [2026-09-27T04:18:09.270+0000] {dag.py:2726} INFO - Sync 2 DAGs
[2026-09-27T04:18:09.326+0000] {logging_mixin.py:149} INFO - [2026-09-27T04:18:09.326+0000] {dag.py:3490} INFO - Setting next_dagrun for example_xcom_args to None, run_after=None
[2026-09-27T04:18:09.332+0000] {logging_mixin.py:149} INFO - [2026-09-27T04:18:09.331+0000] {dag.py:3490} INFO - Setting next_dagrun for example_xcom_args_with_operators to None, run_after=None
[2026-09-27T04:18:09.356+0000] {processor.py:178} INFO - Processing /home/airflow/.local/lib/python3.7/site-packages/airflow/example_dags/example_xcomargs.py took 0.154 seconds
[2026-09-27T04:18:40.590+0000] {processor.py:156} INFO - Started process (PID=378) to work on /home/airflow/.local/lib/python3.7/site-packages/airflow/example_dags/example_xcomargs.py
[2026-09-27T04:18:40.593+0000] {processor.py:799} INFO - Processing file /home/airflow/.local/lib/python3.7/site-packages/airflow/example_dags/example_xcomargs.py for tasks to queue
[2026-09-27T04:18:40.594+0000] {logging_mixin.py:149} INFO - [2026-09-27T04:18:40.594+0000] {dagbag.py:541} INFO - Filling up the DagBag from /home/airflow/.local/lib/python3.7/site-packages/airflow/example_dags/example_xcomargs.py
[2026-09-27T04:18:40.610+0000] {processor.py:809} INFO - DAG(s) dict_keys(['example_xcom_args', 'example_xcom_args_with_operators']) retrieved from /home/airflow/.local/lib/python3.7/site-packages/airflow/example_dags/example_xcomargs.py
[2026-09-27T04:18:40.657+0000] {logging_mixin.py:149} INFO - [2026-09-27T04:18:40.657+0000] {dag.py:2726} INFO - Sync 2 DAGs
[2026-09-27T04:18:40.702+0000] {logging_mixin.py:149} INFO - [2026-09-27T04:18:40.702+0000] {dag.py:3490} INFO - Setting next_dagrun for example_xcom_args to None, run_after=None
[2026-09-27T04:18:40.711+0000] {logging_mixin.py:149} INFO - [2026-09-27T04:18:40.710+0000] {dag.py:3490} INFO - Setting next_dagrun for example_xcom_args_with_operators to None, run_after=None
[2026-09-27T04:18:40.743+0000] {processor.py:178} INFO - Processing /home/airflow/.local/lib/python3.7/site-packages/airflow/example_dags/example_xcomargs.py took 0.161 seconds
[2026-09-27T04:19:11.542+0000] {processor.py:156} INFO - Started process (PID=434) to work on /home/airflow/.local/lib/python3.7/site-packages/airflow/example_dags/example_xcomargs.py
[2026-09-27T04:19:11.545+0000] {processor.py:799} INFO - Processing file /home/airflow/.local/lib/python3.7/site-packages/airflow/example_dags/example_xcomargs.py for tasks to queue
[2026-09-27T04:19:11.546+0000] {logging_mixin.py:149} INFO - [2026-09-27T04:19:11.546+0000] {dagbag.py:541} INFO - Filling up the DagBag from /home/airflow/.local/lib/python3.7/site-packages/airflow/example_dags/example_xcomargs.py
[2026-09-27T04:19:11.561+0000] {processor.py:809} INFO - DAG(s) dict_keys(['example_xcom_args_with_operators', 'example_xcom_args']) retrieved from /home/airflow/.local/lib/python3.7/site-packages/airflow/example_dags/example_xcomargs.py
[2026-09-27T04:19:11.611+0000] {logging_mixin.py:149} INFO - [2026-09-27T04:19:11.611+0000] {dag.py:2726} INFO - Sync 2 DAGs
[2026-09-27T04:19:11.656+0000] {logging_mixin.py:149} INFO - [2026-09-27T04:19:11.656+0000] {dag.py:3490} INFO - Setting next_dagrun for example_xcom_args to None, run_after=None
[2026-09-27T04:19:11.662+0000] {logging_mixin.py:149} INFO - [2026-09-27T04:19:11.661+0000] {dag.py:3490} INFO - Setting next_dagrun for example_xcom_args_with_operators to None, run_after=None
[2026-09-27T04:19:11.695+0000] {processor.py:178} INFO - Processing /home/airflow/.local/lib/python3.7/site-packages/airflow/example_dags/example_xcomargs.py took 0.159 seconds
[2026-09-27T04:19:42.515+0000] {processor.py:156} INFO - Started process (PID=490) to work on /home/airflow/.local/lib/python3.7/site-packages/airflow/example_dags/example_xcomargs.py
[2026-09-27T04:19:42.518+0000] {processor.py:799} INFO - Processing file /home/airflow/.local/lib/python3.7/site-packages/airflow/example_dags/example_xcomargs.py for tasks to queue
[2026-09-27T04:19:42.519+0000] {logging_mixin.py:149} INFO - [2026-09-27T04:19:42.519+0000] {dagbag.py:541} INFO - Filling up the DagBag from /home/airflow/.local/lib/python3.7/site-packages/airflow/example_dags/example_xcomargs.py
[2026-09-27T04:19:42.535+0000] {processor.py:809} INFO - DAG(s) dict_keys(['example_xcom_args', 'example_xcom_args_with_operators']) retrieved from /home/airflow/.local/lib/python3.7/site-packages/airflow/example_dags/example_xcomargs.py
[2026-09-27T04:19:42.589+0000] {logging_mixin.py:149} INFO - [2026-09-27T04:19:42.589+0000] {dag.py:2726} INFO - Sync 2 DAGs
[2026-09-27T04:19:42.639+0000] {logging_mixin.py:149} INFO - [2026-09-27T04:19:42.638+0000] {dag.py:3490} INFO - Setting next_dagrun for example_xcom_args to None, run_after=None
[2026-09-27T04:19:42.645+0000] {logging_mixin.py:149} INFO - [2026-09-27T04:19:42.645+0000] {dag.py:3490} INFO - Setting next_dagrun for example_xcom_args_with_operators to None, run_after=None
[2026-09-27T04:19:42.675+0000] {processor.py:178} INFO - Processing /home/airflow/.local/lib/python3.7/site-packages/airflow/example_dags/example_xcomargs.py took 0.167 seconds
[2026-09-27T04:20:13.132+0000] {processor.py:156} INFO - Started process (PID=547) to work on /home/airflow/.local/lib/python3.7/site-packages/airflow/example_dags/example_xcomargs.py
[2026-09-27T04:20:13.135+0000] {processor.py:799} INFO - Processing file /home/airflow/.local/lib/python3.7/site-packages/airflow/example_dags/example_xcomargs.py for tasks to queue
[2026-09-27T04:20:13.136+0000] {logging_mixin.py:149} INFO - [2026-09-27T04:20:13.136+0000] {dagbag.py:541} INFO - Filling up the DagBag from /home/airflow/.local/lib/python3.7/site-packages/airflow/example_dags/example_xcomargs.py
[2026-09-27T04:20:13.152+0000] {processor.py:809} INFO - DAG(s) dict_keys(['example_xcom_args', 'example_xcom_args_with_operators']) retrieved from /home/airflow/.local/lib/python3.7/site-packages/airflow/example_dags/example_xcomargs.py
[2026-09-27T04:20:13.208+0000] {logging_mixin.py:149} INFO - [2026-09-27T04:20:13.208+0000] {dag.py:2726} INFO - Sync 2 DAGs
[2026-09-27T04:20:13.263+0000] {logging_mixin.py:149} INFO - [2026-09-27T04:20:13.263+0000] {dag.py:3490} INFO - Setting next_dagrun for example_xcom_args to None, run_after=None
[2026-09-27T04:20:13.269+0000] {logging_mixin.py:149} INFO - [2026-09-27T04:20:13.269+0000] {dag.py:3490} INFO - Setting next_dagrun for example_xcom_args_with_operators to None, run_after=None
[2026-09-27T04:20:13.299+0000] {processor.py:178} INFO - Processing /home/airflow/.local/lib/python3.7/site-packages/airflow/example_dags/example_xcomargs.py took 0.175 seconds
[2026-09-27T04:20:44.558+0000] {processor.py:156} INFO - Started process (PID=603) to work on /home/airflow/.local/lib/python3.7/site-packages/airflow/example_dags/example_xcomargs.py
[2026-09-27T04:20:44.561+0000] {processor.py:799} INFO - Processing file /home/airflow/.local/lib/python3.7/site-packages/airflow/example_dags/example_xcomargs.py for tasks to queue
[2026-09-27T04:20:44.562+0000] {logging_mixin.py:149} INFO - [2026-09-27T04:20:44.562+0000] {dagbag.py:541} INFO - Filling up the DagBag from /home/airflow/.local/lib/python3.7/site-packages/airflow/example_dags/example_xcomargs.py
[2026-09-27T04:20:44.575+0000] {processor.py:809} INFO - DAG(s) dict_keys(['example_xcom_args_with_operators', 'example_xcom_args']) retrieved from /home/airflow/.local/lib/python3.7/site-packages/airflow/example_dags/example_xcomargs.py
[2026-09-27T04:20:44.624+0000] {logging_mixin.py:149} INFO - [2026-09-27T04:20:44.624+0000] {dag.py:2726} INFO - Sync 2 DAGs
[2026-09-27T04:20:44.669+0000] {logging_mixin.py:149} INFO - [2026-09-27T04:20:44.669+0000] {dag.py:3490} INFO - Setting next_dagrun for example_xcom_args to None, run_after=None
[2026-09-27T04:20:44.676+0000] {logging_mixin.py:149} INFO - [2026-09-27T04:20:44.675+0000] {dag.py:3490} INFO - Setting next_dagrun for example_xcom_args_with_operators to None, run_after=None
[2026-09-27T04:20:44.700+0000] {processor.py:178} INFO - Processing /home/airflow/.local/lib/python3.7/site-packages/airflow/example_dags/example_xcomargs.py took 0.150 seconds
[2026-09-27T04:21:15.182+0000] {processor.py:156} INFO - Started process (PID=659) to work on /home/airflow/.local/lib/python3.7/site-packages/airflow/example_dags/example_xcomargs.py
[2026-09-27T04:21:15.184+0000] {processor.py:799} INFO - Processing file /home/airflow/.local/lib/python3.7/site-packages/airflow/example_dags/example_xcomargs.py for tasks to queue
[2026-09-27T04:21:15.186+0000] {logging_mixin.py:149} INFO - [2026-09-27T04:21:15.185+0000] {dagbag.py:541} INFO - Filling up the DagBag from /home/airflow/.local/lib/python3.7/site-packages/airflow/example_dags/example_xcomargs.py
[2026-09-27T04:21:15.202+0000] {processor.py:809} INFO - DAG(s) dict_keys(['example_xcom_args', 'example_xcom_args_with_operators']) retrieved from /home/airflow/.local/lib/python3.7/site-packages/airflow/example_dags/example_xcomargs.py
[2026-09-27T04:21:15.257+0000] {logging_mixin.py:149} INFO - [2026-09-27T04:21:15.257+0000] {dag.py:2726} INFO - Sync 2 DAGs
[2026-09-27T04:21:15.302+0000] {logging_mixin.py:149} INFO - [2026-09-27T04:21:15.302+0000] {dag.py:3490} INFO - Setting next_dagrun for example_xcom_args to None, run_after=None
[2026-09-27T04:21:15.308+0000] {logging_mixin.py:149} INFO - [2026-09-27T04:21:15.307+0000] {dag.py:3490} INFO - Setting next_dagrun for example_xcom_args_with_operators to None, run_after=None
[2026-09-27T04:21:15.335+0000] {processor.py:178} INFO - Processing /home/airflow/.local/lib/python3.7/site-packages/airflow/example_dags/example_xcomargs.py took 0.160 seconds
[2026-09-27T04:21:46.640+0000] {processor.py:156} INFO - Started process (PID=715) to work on /home/airflow/.local/lib/python3.7/site-packages/airflow/example_dags/example_xcomargs.py
[2026-09-27T04:21:46.643+0000] {processor.py:799} INFO - Processing file /home/airflow/.local/lib/python3.7/site-packages/airflow/example_dags/example_xcomargs.py for tasks to queue
[2026-09-27T04:21:46.644+0000] {logging_mixin.py:149} INFO - [2026-09-27T04:21:46.644+0000] {dagbag.py:541} INFO - Filling up the DagBag from /home/airflow/.local/lib/python3.7/site-packages/airflow/example_dags/example_xcomargs.py
[2026-09-27T04:21:46.658+0000] {processor.py:809} INFO - DAG(s) dict_keys(['example_xcom_args', 'example_xcom_args_with_operators']) retrieved from /home/airflow/.local/lib/python3.7/site-packages/airflow/example_dags/example_xcomargs.py
[2026-09-27T04:21:46.710+0000] {logging_mixin.py:149} INFO - [2026-09-27T04:21:46.710+0000] {dag.py:2726} INFO - Sync 2 DAGs
[2026-09-27T04:21:46.760+0000] {logging_mixin.py:149} INFO - [2026-09-27T04:21:46.760+0000] {dag.py:3490} INFO - Setting next_dagrun for example_xcom_args to None, run_after=None
[2026-09-27T04:21:46.765+0000] {logging_mixin.py:149} INFO - [2026-09-27T04:21:46.765+0000] {dag.py:3490} INFO - Setting next_dagrun for example_xcom_args_with_operators to None, run_after=None
[2026-09-27T04:21:46.790+0000] {processor.py:178} INFO - Processing /home/airflow/.local/lib/python3.7/site-packages/airflow/example_dags/example_xcomargs.py took 0.156 seconds
[2026-09-27T04:22:17.220+0000] {processor.py:156} INFO - Started process (PID=771) to work on /home/airflow/.local/lib/python3.7/site-packages/airflow/example_dags/example_xcomargs.py
[2026-09-27T04:22:17.222+0000] {processor.py:799} INFO - Processing file /home/airflow/.local/lib/python3.7/site-packages/airflow/example_dags/example_xcomargs.py for tasks to queue
[2026-09-27T04:22:17.223+0000] {logging_mixin.py:149} INFO - [2026-09-27T04:22:17.223+0000] {dagbag.py:541} INFO - Filling up the DagBag from /home/airflow/.local/lib/python3.7/site-packages/airflow/example_dags/example_xcomargs.py
[2026-09-27T04:22:17.241+0000] {processor.py:809} INFO - DAG(s) dict_keys(['example_xcom_args', 'example_xcom_args_with_operators']) retrieved from /home/airflow/.local/lib/python3.7/site-packages/airflow/example_dags/example_xcomargs.py
[2026-09-27T04:22:17.297+0000] {logging_mixin.py:149} INFO - [2026-09-27T04:22:17.297+0000] {dag.py:2726} INFO - Sync 2 DAGs
[2026-09-27T04:22:17.347+0000] {logging_mixin.py:149} INFO - [2026-09-27T04:22:17.346+0000] {dag.py:3490} INFO - Setting next_dagrun for example_xcom_args to None, run_after=None
[2026-09-27T04:22:17.356+0000] {logging_mixin.py:149} INFO - [2026-09-27T04:22:17.356+0000] {dag.py:3490} INFO - Setting next_dagrun for example_xcom_args_with_operators to None, run_after=None
[2026-09-27T04:22:17.385+0000] {processor.py:178} INFO - Processing /home/airflow/.local/lib/python3.7/site-packages/airflow/example_dags/example_xcomargs.py took 0.171 seconds
[2026-09-27T04:22:48.644+0000] {processor.py:156} INFO - Started process (PID=827) to work on /home/airflow/.local/lib/python3.7/site-packages/airflow/example_dags/example_xcomargs.py
[2026-09-27T04:22:48.646+0000] {processor.py:799} INFO - Processing file /home/airflow/.local/lib/python3.7/site-packages/airflow/example_dags/example_xcomargs.py for tasks to queue
[2026-09-27T04:22:48.647+0000] {logging_mixin.py:149} INFO - [2026-09-27T04:22:48.646+0000] {dagbag.py:541} INFO - Filling up the DagBag from /home/airflow/.local/lib/python3.7/site-packages/airflow/example_dags/example_xcomargs.py
[2026-09-27T04:22:48.660+0000] {processor.py:809} INFO - DAG(s) dict_keys(['example_xcom_args', 'example_xcom_args_with_operators']) retrieved from /home/airflow/.local/lib/python3.7/site-packages/airflow/example_dags/example_xcomargs.py
[2026-09-27T04:22:48.710+0000] {logging_mixin.py:149} INFO - [2026-09-27T04:22:48.709+0000] {dag.py:2726} INFO - Sync 2 DAGs
[2026-09-27T04:22:48.755+0000] {logging_mixin.py:149} INFO - [2026-09-27T04:22:48.755+0000] {dag.py:3490} INFO - Setting next_dagrun for example_xcom_args to None, run_after=None
[2026-09-27T04:22:48.761+0000] {logging_mixin.py:149} INFO - [2026-09-27T04:22:48.761+0000] {dag.py:3490} INFO - Setting next_dagrun for example_xcom_args_with_operators to None, run_after=None
[2026-09-27T04:22:48.791+0000] {processor.py:178} INFO - Processing /home/airflow/.local/lib/python3.7/site-packages/airflow/example_dags/example_xcomargs.py took 0.153 seconds
[2026-09-27T04:23:19.275+0000] {processor.py:156} INFO - Started process (PID=884) to work on /home/airflow/.local/lib/python3.7/site-packages/airflow/example_dags/example_xcomargs.py
[2026-09-27T04:23:19.277+0000] {processor.py:799} INFO - Processing file /home/airflow/.local/lib/python3.7/site-packages/airflow/example_dags/example_xcomargs.py for tasks to queue
[2026-09-27T04:23:19.279+0000] {logging_mixin.py:149} INFO - [2026-09-27T04:23:19.278+0000] {dagbag.py:541} INFO - Filling up the DagBag from /home/airflow/.local/lib/python3.7/site-packages/airflow/example_dags/example_xcomargs.py
[2026-09-27T04:23:19.295+0000] {processor.py:809} INFO - DAG(s) dict_keys(['example_xcom_args', 'example_xcom_args_with_operators']) retrieved from /home/airflow/.local/lib/python3.7/site-packages/airflow/example_dags/example_xcomargs.py
[2026-09-27T04:23:19.347+0000] {logging_mixin.py:149} INFO - [2026-09-27T04:23:19.347+0000] {dag.py:2726} INFO - Sync 2 DAGs
[2026-09-27T04:23:19.401+0000] {logging_mixin.py:149} INFO - [2026-09-27T04:23:19.400+0000] {dag.py:3490} INFO - Setting next_dagrun for example_xcom_args to None, run_after=None
[2026-09-27T04:23:19.406+0000] {logging_mixin.py:149} INFO - [2026-09-27T04:23:19.406+0000] {dag.py:3490} INFO - Setting next_dagrun for example_xcom_args_with_operators to None, run_after=None
[2026-09-27T04:23:19.429+0000] {processor.py:178} INFO - Processing /home/airflow/.local/lib/python3.7/site-packages/airflow/example_dags/example_xcomargs.py took 0.163 seconds
[2026-09-27T04:23:49.962+0000] {processor.py:156} INFO - Started process (PID=940) to work on /home/airflow/.local/lib/python3.7/site-packages/airflow/example_dags/example_xcomargs.py
[2026-09-27T04:23:49.966+0000] {processor.py:799} INFO - Processing file /home/airflow/.local/lib/python3.7/site-packages/airflow/example_dags/example_xcomargs.py for tasks to queue
[2026-09-27T04:23:49.968+0000] {logging_mixin.py:149} INFO - [2026-09-27T04:23:49.967+0000] {dagbag.py:541} INFO - Filling up the DagBag from /home/airflow/.local/lib/python3.7/site-packages/airflow/example_dags/example_xcomargs.py
[2026-09-27T04:23:49.985+0000] {processor.py:809} INFO - DAG(s) dict_keys(['example_xcom_args', 'example_xcom_args_with_operators']) retrieved from /home/airflow/.local/lib/python3.7/site-packages/airflow/example_dags/example_xcomargs.py
[2026-09-27T04:23:50.032+0000] {logging_mixin.py:149} INFO - [2026-09-27T04:23:50.032+0000] {dag.py:2726} INFO - Sync 2 DAGs
[2026-09-27T04:23:50.080+0000] {logging_mixin.py:149} INFO - [2026-09-27T04:23:50.079+0000] {dag.py:3490} INFO - Setting next_dagrun for example_xcom_args to None, run_after=None
[2026-09-27T04:23:50.086+0000] {logging_mixin.py:149} INFO - [2026-09-27T04:23:50.085+0000] {dag.py:3490} INFO - Setting next_dagrun for example_xcom_args_with_operators to None, run_after=None
[2026-09-27T04:23:50.114+0000] {processor.py:178} INFO - Processing /home/airflow/.local/lib/python3.7/site-packages/airflow/example_dags/example_xcomargs.py took 0.159 seconds
[2026-09-27T04:24:20.620+0000] {processor.py:156} INFO - Started process (PID=996) to work on /home/airflow/.local/lib/python3.7/site-packages/airflow/example_dags/example_xcomargs.py
[2026-09-27T04:24:20.622+0000] {processor.py:799} INFO - Processing file /home/airflow/.local/lib/python3.7/site-packages/airflow/example_dags/example_xcomargs.py for tasks to queue
[2026-09-27T04:24:20.623+0000] {logging_mixin.py:149} INFO - [2026-09-27T04:24:20.623+0000] {dagbag.py:541} INFO - Filling up the DagBag from /home/airflow/.local/lib/python3.7/site-packages/airflow/example_dags/example_xcomargs.py
[2026-09-27T04:24:20.636+0000] {processor.py:809} INFO - DAG(s) dict_keys(['example_xcom_args', 'example_xcom_args_with_operators']) retrieved from /home/airflow/.local/lib/python3.7/site-packages/airflow/example_dags/example_xcomargs.py
[2026-09-27T04:24:20.689+0000] {logging_mixin.py:149} INFO - [2026-09-27T04:24:20.689+0000] {dag.py:2726} INFO - Sync 2 DAGs
[2026-09-27T04:24:20.730+0000] {logging_mixin.py:149} INFO - [2026-09-27T04:24:20.729+0000] {dag.py:3490} INFO - Setting next_dagrun for example_xcom_args to None, run_after=None
[2026-09-27T04:24:20.736+0000] {logging_mixin.py:149} INFO - [2026-09-27T04:24:20.736+0000] {dag.py:3490} INFO - Setting next_dagrun for example_xcom_args_with_operators to None, run_after=None
[2026-09-27T04:24:20.760+0000] {processor.py:178} INFO - Processing /home/airflow/.local/lib/python3.7/site-packages/airflow/example_dags/example_xcomargs.py took 0.146 seconds
[2026-09-27T04:24:51.971+0000] {processor.py:156} INFO - Started process (PID=1052) to work on /home/airflow/.local/lib/python3.7/site-packages/airflow/example_dags/example_xcomargs.py
[2026-09-27T04:24:51.974+0000] {processor.py:799} INFO - Processing file /home/airflow/.local/lib/python3.7/site-packages/airflow/example_dags/example_xcomargs.py for tasks to queue
[2026-09-27T04:24:51.975+0000] {logging_mixin.py:149} INFO - [2026-09-27T04:24:51.975+0000] {dagbag.py:541} INFO - Filling up the DagBag from /home/airflow/.local/lib/python3.7/site-packages/airflow/example_dags/example_xcomargs.py
[2026-09-27T04:24:51.993+0000] {processor.py:809} INFO - DAG(s) dict_keys(['example_xcom_args_with_operators', 'example_xcom_args']) retrieved from /home/airflow/.local/lib/python3.7/site-packages/airflow/example_dags/example_xcomargs.py
[2026-09-27T04:24:52.051+0000] {logging_mixin.py:149} INFO - [2026-09-27T04:24:52.051+0000] {dag.py:2726} INFO - Sync 2 DAGs
[2026-09-27T04:24:52.100+0000] {logging_mixin.py:149} INFO - [2026-09-27T04:24:52.100+0000] {dag.py:3490} INFO - Setting next_dagrun for example_xcom_args to None, run_after=None
[2026-09-27T04:24:52.105+0000] {logging_mixin.py:149} INFO - [2026-09-27T04:24:52.105+0000] {dag.py:3490} INFO - Setting next_dagrun for example_xcom_args_with_operators to None, run_after=None
[2026-09-27T04:24:52.131+0000] {processor.py:178} INFO - Processing /home/airflow/.local/lib/python3.7/site-packages/airflow/example_dags/example_xcomargs.py took 0.170 seconds
[2026-09-27T04:25:23.838+0000] {processor.py:156} INFO - Started process (PID=1108) to work on /home/airflow/.local/lib/python3.7/site-packages/airflow/example_dags/example_xcomargs.py
[2026-09-27T04:25:23.841+0000] {processor.py:799} INFO - Processing file /home/airflow/.local/lib/python3.7/site-packages/airflow/example_dags/example_xcomargs.py for tasks to queue
[2026-09-27T04:25:23.842+0000] {logging_mixin.py:149} INFO - [2026-09-27T04:25:23.842+0000] {dagbag.py:541} INFO - Filling up the DagBag from /home/airflow/.local/lib/python3.7/site-packages/airflow/example_dags/example_xcomargs.py
[2026-09-27T04:25:23.859+0000] {processor.py:809} INFO - DAG(s) dict_keys(['example_xcom_args_with_operators', 'example_xcom_args']) retrieved from /home/airflow/.local/lib/python3.7/site-packages/airflow/example_dags/example_xcomargs.py
[2026-09-27T04:25:23.920+0000] {logging_mixin.py:149} INFO - [2026-09-27T04:25:23.920+0000] {dag.py:2726} INFO - Sync 2 DAGs
[2026-09-27T04:25:23.969+0000] {logging_mixin.py:149} INFO - [2026-09-27T04:25:23.969+0000] {dag.py:3490} INFO - Setting next_dagrun for example_xcom_args to None, run_after=None
[2026-09-27T04:25:23.975+0000] {logging_mixin.py:149} INFO - [2026-09-27T04:25:23.975+0000] {dag.py:3490} INFO - Setting next_dagrun for example_xcom_args_with_operators to None, run_after=None
[2026-09-27T04:25:24.003+0000] {processor.py:178} INFO - Processing /home/airflow/.local/lib/python3.7/site-packages/airflow/example_dags/example_xcomargs.py took 0.172 seconds
[2026-09-27T04:25:54.538+0000] {processor.py:156} INFO - Started process (PID=1164) to work on /home/airflow/.local/lib/python3.7/site-packages/airflow/example_dags/example_xcomargs.py
[2026-09-27T04:25:54.541+0000] {processor.py:799} INFO - Processing file /home/airflow/.local/lib/python3.7/site-packages/airflow/example_dags/example_xcomargs.py for tasks to queue
[2026-09-27T04:25:54.542+0000] {logging_mixin.py:149} INFO - [2026-09-27T04:25:54.542+0000] {dagbag.py:541} INFO - Filling up the DagBag from /home/airflow/.local/lib/python3.7/site-packages/airflow/example_dags/example_xcomargs.py
[2026-09-27T04:25:54.556+0000] {processor.py:809} INFO - DAG(s) dict_keys(['example_xcom_args', 'example_xcom_args_with_operators']) retrieved from /home/airflow/.local/lib/python3.7/site-packages/airflow/example_dags/example_xcomargs.py
[2026-09-27T04:25:54.608+0000] {logging_mixin.py:149} INFO - [2026-09-27T04:25:54.608+0000] {dag.py:2726} INFO - Sync 2 DAGs
[2026-09-27T04:25:54.664+0000] {logging_mixin.py:149} INFO - [2026-09-27T04:25:54.664+0000] {dag.py:3490} INFO - Setting next_dagrun for example_xcom_args to None, run_after=None
[2026-09-27T04:25:54.670+0000] {logging_mixin.py:149} INFO - [2026-09-27T04:25:54.670+0000] {dag.py:3490} INFO - Setting next_dagrun for example_xcom_args_with_operators to None, run_after=None
[2026-09-27T04:25:54.699+0000] {processor.py:178} INFO - Processing /home/airflow/.local/lib/python3.7/site-packages/airflow/example_dags/example_xcomargs.py took 0.168 seconds
[2026-09-27T04:26:25.581+0000] {processor.py:156} INFO - Started process (PID=1220) to work on /home/airflow/.local/lib/python3.7/site-packages/airflow/example_dags/example_xcomargs.py
[2026-09-27T04:26:25.587+0000] {processor.py:799} INFO - Processing file /home/airflow/.local/lib/python3.7/site-packages/airflow/example_dags/example_xcomargs.py for tasks to queue
[2026-09-27T04:26:25.588+0000] {logging_mixin.py:149} INFO - [2026-09-27T04:26:25.588+0000] {dagbag.py:541} INFO - Filling up the DagBag from /home/airflow/.local/lib/python3.7/site-packages/airflow/example_dags/example_xcomargs.py
[2026-09-27T04:26:25.603+0000] {processor.py:809} INFO - DAG(s) dict_keys(['example_xcom_args', 'example_xcom_args_with_operators']) retrieved from /home/airflow/.local/lib/python3.7/site-packages/airflow/example_dags/example_xcomargs.py
[2026-09-27T04:26:25.662+0000] {logging_mixin.py:149} INFO - [2026-09-27T04:26:25.661+0000] {dag.py:2726} INFO - Sync 2 DAGs
[2026-09-27T04:26:25.713+0000] {logging_mixin.py:149} INFO - [2026-09-27T04:26:25.713+0000] {dag.py:3490} INFO - Setting next_dagrun for example_xcom_args to None, run_after=None
[2026-09-27T04:26:25.719+0000] {logging_mixin.py:149} INFO - [2026-09-27T04:26:25.719+0000] {dag.py:3490} INFO - Setting next_dagrun for example_xcom_args_with_operators to None, run_after=None
[2026-09-27T04:26:25.751+0000] {processor.py:178} INFO - Processing /home/airflow/.local/lib/python3.7/site-packages/airflow/example_dags/example_xcomargs.py took 0.176 seconds
[2026-09-27T04:26:56.356+0000] {processor.py:156} INFO - Started process (PID=1276) to work on /home/airflow/.local/lib/python3.7/site-packages/airflow/example_dags/example_xcomargs.py
[2026-09-27T04:26:56.358+0000] {processor.py:799} INFO - Processing file /home/airflow/.local/lib/python3.7/site-packages/airflow/example_dags/example_xcomargs.py for tasks to queue
[2026-09-27T04:26:56.360+0000] {logging_mixin.py:149} INFO - [2026-09-27T04:26:56.359+0000] {dagbag.py:541} INFO - Filling up the DagBag from /home/airflow/.local/lib/python3.7/site-packages/airflow/example_dags/example_xcomargs.py
[2026-09-27T04:26:56.374+0000] {processor.py:809} INFO - DAG(s) dict_keys(['example_xcom_args_with_operators', 'example_xcom_args']) retrieved from /home/airflow/.local/lib/python3.7/site-packages/airflow/example_dags/example_xcomargs.py
[2026-09-27T04:26:56.424+0000] {logging_mixin.py:149} INFO - [2026-09-27T04:26:56.424+0000] {dag.py:2726} INFO - Sync 2 DAGs
[2026-09-27T04:26:56.471+0000] {logging_mixin.py:149} INFO - [2026-09-27T04:26:56.471+0000] {dag.py:3490} INFO - Setting next_dagrun for example_xcom_args to None, run_after=None
[2026-09-27T04:26:56.480+0000] {logging_mixin.py:149} INFO - [2026-09-27T04:26:56.480+0000] {dag.py:3490} INFO - Setting next_dagrun for example_xcom_args_with_operators to None, run_after=None
[2026-09-27T04:26:56.509+0000] {processor.py:178} INFO - Processing /home/airflow/.local/lib/python3.7/site-packages/airflow/example_dags/example_xcomargs.py took 0.159 seconds
[2026-09-27T04:27:27.116+0000] {processor.py:156} INFO - Started process (PID=1332) to work on /home/airflow/.local/lib/python3.7/site-packages/airflow/example_dags/example_xcomargs.py
[2026-09-27T04:27:27.122+0000] {processor.py:799} INFO - Processing file /home/airflow/.local/lib/python3.7/site-packages/airflow/example_dags/example_xcomargs.py for tasks to queue
[2026-09-27T04:27:27.123+0000] {logging_mixin.py:149} INFO - [2026-09-27T04:27:27.123+0000] {dagbag.py:541} INFO - Filling up the DagBag from /home/airflow/.local/lib/python3.7/site-packages/airflow/example_dags/example_xcomargs.py
[2026-09-27T04:27:27.139+0000] {processor.py:809} INFO - DAG(s) dict_keys(['example_xcom_args_with_operators', 'example_xcom_args']) retrieved from /home/airflow/.local/lib/python3.7/site-packages/airflow/example_dags/example_xcomargs.py
[2026-09-27T04:27:27.201+0000] {logging_mixin.py:149} INFO - [2026-09-27T04:27:27.201+0000] {dag.py:2726} INFO - Sync 2 DAGs
[2026-09-27T04:27:27.252+0000] {logging_mixin.py:149} INFO - [2026-09-27T04:27:27.252+0000] {dag.py:3490} INFO - Setting next_dagrun for example_xcom_args to None, run_after=None
[2026-09-27T04:27:27.259+0000] {logging_mixin.py:149} INFO - [2026-09-27T04:27:27.258+0000] {dag.py:3490} INFO - Setting next_dagrun for example_xcom_args_with_operators to None, run_after=None
[2026-09-27T04:27:27.288+0000] {processor.py:178} INFO - Processing /home/airflow/.local/lib/python3.7/site-packages/airflow/example_dags/example_xcomargs.py took 0.178 seconds
[2026-09-27T04:27:58.417+0000] {processor.py:156} INFO - Started process (PID=1389) to work on /home/airflow/.local/lib/python3.7/site-packages/airflow/example_dags/example_xcomargs.py
[2026-09-27T04:27:58.419+0000] {processor.py:799} INFO - Processing file /home/airflow/.local/lib/python3.7/site-packages/airflow/example_dags/example_xcomargs.py for tasks to queue
[2026-09-27T04:27:58.421+0000] {logging_mixin.py:149} INFO - [2026-09-27T04:27:58.420+0000] {dagbag.py:541} INFO - Filling up the DagBag from /home/airflow/.local/lib/python3.7/site-packages/airflow/example_dags/example_xcomargs.py
[2026-09-27T04:27:58.437+0000] {processor.py:809} INFO - DAG(s) dict_keys(['example_xcom_args', 'example_xcom_args_with_operators']) retrieved from /home/airflow/.local/lib/python3.7/site-packages/airflow/example_dags/example_xcomargs.py
[2026-09-27T04:27:58.490+0000] {logging_mixin.py:149} INFO - [2026-09-27T04:27:58.490+0000] {dag.py:2726} INFO - Sync 2 DAGs
[2026-09-27T04:27:58.541+0000] {logging_mixin.py:149} INFO - [2026-09-27T04:27:58.541+0000] {dag.py:3490} INFO - Setting next_dagrun for example_xcom_args to None, run_after=None
[2026-09-27T04:27:58.548+0000] {logging_mixin.py:149} INFO - [2026-09-27T04:27:58.547+0000] {dag.py:3490} INFO - Setting next_dagrun for example_xcom_args_with_operators to None, run_after=None
[2026-09-27T04:27:58.574+0000] {processor.py:178} INFO - Processing /home/airflow/.local/lib/python3.7/site-packages/airflow/example_dags/example_xcomargs.py took 0.166 seconds
[2026-09-27T04:28:29.875+0000] {processor.py:156} INFO - Started process (PID=1445) to work on /home/airflow/.local/lib/python3.7/site-packages/airflow/example_dags/example_xcomargs.py
[2026-09-27T04:28:29.876+0000] {processor.py:799} INFO - Processing file /home/airflow/.local/lib/python3.7/site-packages/airflow/example_dags/example_xcomargs.py for tasks to queue
[2026-09-27T04:28:29.877+0000] {logging_mixin.py:149} INFO - [2026-09-27T04:28:29.877+0000] {dagbag.py:541} INFO - Filling up the DagBag from /home/airflow/.local/lib/python3.7/site-packages/airflow/example_dags/example_xcomargs.py
[2026-09-27T04:28:29.890+0000] {processor.py:809} INFO - DAG(s) dict_keys(['example_xcom_args_with_operators', 'example_xcom_args']) retrieved from /home/airflow/.local/lib/python3.7/site-packages/airflow/example_dags/example_xcomargs.py
[2026-09-27T04:28:29.943+0000] {logging_mixin.py:149} INFO - [2026-09-27T04:28:29.943+0000] {dag.py:2726} INFO - Sync 2 DAGs
[2026-09-27T04:28:29.991+0000] {logging_mixin.py:149} INFO - [2026-09-27T04:28:29.990+0000] {dag.py:3490} INFO - Setting next_dagrun for example_xcom_args to None, run_after=None
[2026-09-27T04:28:29.998+0000] {logging_mixin.py:149} INFO - [2026-09-27T04:28:29.998+0000] {dag.py:3490} INFO - Setting next_dagrun for example_xcom_args_with_operators to None, run_after=None
[2026-09-27T04:28:30.035+0000] {processor.py:178} INFO - Processing /home/airflow/.local/lib/python3.7/site-packages/airflow/example_dags/example_xcomargs.py took 0.167 seconds
[2026-09-27T04:29:01.259+0000] {processor.py:156} INFO - Started process (PID=1508) to work on /home/airflow/.local/lib/python3.7/site-packages/airflow/example_dags/example_xcomargs.py
[2026-09-27T04:29:01.263+0000] {processor.py:799} INFO - Processing file /home/airflow/.local/lib/python3.7/site-packages/airflow/example_dags/example_xcomargs.py for tasks to queue
[2026-09-27T04:29:01.265+0000] {logging_mixin.py:149} INFO - [2026-09-27T04:29:01.264+0000] {dagbag.py:541} INFO - Filling up the DagBag from /home/airflow/.local/lib/python3.7/site-packages/airflow/example_dags/example_xcomargs.py
[2026-09-27T04:29:01.285+0000] {processor.py:809} INFO - DAG(s) dict_keys(['example_xcom_args_with_operators', 'example_xcom_args']) retrieved from /home/airflow/.local/lib/python3.7/site-packages/airflow/example_dags/example_xcomargs.py
[2026-09-27T04:29:01.374+0000] {logging_mixin.py:149} INFO - [2026-09-27T04:29:01.373+0000] {dag.py:2726} INFO - Sync 2 DAGs
[2026-09-27T04:29:01.420+0000] {logging_mixin.py:149} INFO - [2026-09-27T04:29:01.420+0000] {dag.py:3490} INFO - Setting next_dagrun for example_xcom_args to None, run_after=None
[2026-09-27T04:29:01.427+0000] {logging_mixin.py:149} INFO - [2026-09-27T04:29:01.427+0000] {dag.py:3490} INFO - Setting next_dagrun for example_xcom_args_with_operators to None, run_after=None
[2026-09-27T04:29:01.464+0000] {processor.py:178} INFO - Processing /home/airflow/.local/lib/python3.7/site-packages/airflow/example_dags/example_xcomargs.py took 0.220 seconds
[2026-09-27T04:29:32.860+0000] {processor.py:156} INFO - Started process (PID=1564) to work on /home/airflow/.local/lib/python3.7/site-packages/airflow/example_dags/example_xcomargs.py
[2026-09-27T04:29:32.862+0000] {processor.py:799} INFO - Processing file /home/airflow/.local/lib/python3.7/site-packages/airflow/example_dags/example_xcomargs.py for tasks to queue
[2026-09-27T04:29:32.863+0000] {logging_mixin.py:149} INFO - [2026-09-27T04:29:32.862+0000] {dagbag.py:541} INFO - Filling up the DagBag from /home/airflow/.local/lib/python3.7/site-packages/airflow/example_dags/example_xcomargs.py
[2026-09-27T04:29:32.878+0000] {processor.py:809} INFO - DAG(s) dict_keys(['example_xcom_args_with_operators', 'example_xcom_args']) retrieved from /home/airflow/.local/lib/python3.7/site-packages/airflow/example_dags/example_xcomargs.py
[2026-09-27T04:29:32.938+0000] {logging_mixin.py:149} INFO - [2026-09-27T04:29:32.937+0000] {dag.py:2726} INFO - Sync 2 DAGs
[2026-09-27T04:29:32.994+0000] {logging_mixin.py:149} INFO - [2026-09-27T04:29:32.994+0000] {dag.py:3490} INFO - Setting next_dagrun for example_xcom_args to None, run_after=None
[2026-09-27T04:29:33.000+0000] {logging_mixin.py:149} INFO - [2026-09-27T04:29:33.000+0000] {dag.py:3490} INFO - Setting next_dagrun for example_xcom_args_with_operators to None, run_after=None
[2026-09-27T04:29:33.029+0000] {processor.py:178} INFO - Processing /home/airflow/.local/lib/python3.7/site-packages/airflow/example_dags/example_xcomargs.py took 0.176 seconds
[2026-09-27T04:30:04.198+0000] {processor.py:156} INFO - Started process (PID=1620) to work on /home/airflow/.local/lib/python3.7/site-packages/airflow/example_dags/example_xcomargs.py
[2026-09-27T04:30:04.201+0000] {processor.py:799} INFO - Processing file /home/airflow/.local/lib/python3.7/site-packages/airflow/example_dags/example_xcomargs.py for tasks to queue
[2026-09-27T04:30:04.202+0000] {logging_mixin.py:149} INFO - [2026-09-27T04:30:04.202+0000] {dagbag.py:541} INFO - Filling up the DagBag from /home/airflow/.local/lib/python3.7/site-packages/airflow/example_dags/example_xcomargs.py
[2026-09-27T04:30:04.219+0000] {processor.py:809} INFO - DAG(s) dict_keys(['example_xcom_args', 'example_xcom_args_with_operators']) retrieved from /home/airflow/.local/lib/python3.7/site-packages/airflow/example_dags/example_xcomargs.py
[2026-09-27T04:30:04.270+0000] {logging_mixin.py:149} INFO - [2026-09-27T04:30:04.270+0000] {dag.py:2726} INFO - Sync 2 DAGs
[2026-09-27T04:30:04.320+0000] {logging_mixin.py:149} INFO - [2026-09-27T04:30:04.320+0000] {dag.py:3490} INFO - Setting next_dagrun for example_xcom_args to None, run_after=None
[2026-09-27T04:30:04.326+0000] {logging_mixin.py:149} INFO - [2026-09-27T04:30:04.326+0000] {dag.py:3490} INFO - Setting next_dagrun for example_xcom_args_with_operators to None, run_after=None
[2026-09-27T04:30:04.356+0000] {processor.py:178} INFO - Processing /home/airflow/.local/lib/python3.7/site-packages/airflow/example_dags/example_xcomargs.py took 0.168 seconds
