[2026-09-27T02:06:40.331+0000] {processor.py:156} INFO - Started process (PID=67) to work on /home/airflow/.local/lib/python3.7/site-packages/airflow/example_dags/example_local_kubernetes_executor.py
[2026-09-27T02:06:40.332+0000] {processor.py:799} INFO - Processing file /home/airflow/.local/lib/python3.7/site-packages/airflow/example_dags/example_local_kubernetes_executor.py for tasks to queue
[2026-09-27T02:06:40.333+0000] {logging_mixin.py:149} INFO - [2026-09-27T02:06:40.333+0000] {dagbag.py:541} INFO - Filling up the DagBag from /home/airflow/.local/lib/python3.7/site-packages/airflow/example_dags/example_local_kubernetes_executor.py
[2026-09-27T02:06:42.330+0000] {processor.py:809} INFO - DAG(s) dict_keys(['example_local_kubernetes_executor']) retrieved from /home/airflow/.local/lib/python3.7/site-packages/airflow/example_dags/example_local_kubernetes_executor.py
[2026-09-27T02:06:42.479+0000] {logging_mixin.py:149} INFO - [2026-09-27T02:06:42.479+0000] {dag.py:2726} INFO - Sync 1 DAGs
[2026-09-27T02:06:42.611+0000] {logging_mixin.py:149} INFO - [2026-09-27T02:06:42.610+0000] {dag.py:3490} INFO - Setting next_dagrun for example_local_kubernetes_executor to None, run_after=None
[2026-09-27T02:06:42.663+0000] {processor.py:178} INFO - Processing /home/airflow/.local/lib/python3.7/site-packages/airflow/example_dags/example_local_kubernetes_executor.py took 2.346 seconds
[2026-09-27T02:07:13.344+0000] {processor.py:156} INFO - Started process (PID=123) to work on /home/airflow/.local/lib/python3.7/site-packages/airflow/example_dags/example_local_kubernetes_executor.py
[2026-09-27T02:07:13.346+0000] {processor.py:799} INFO - Processing file /home/airflow/.local/lib/python3.7/site-packages/airflow/example_dags/example_local_kubernetes_executor.py for tasks to queue
[2026-09-27T02:07:13.348+0000] {logging_mixin.py:149} INFO - [2026-09-27T02:07:13.347+0000] {dagbag.py:541} INFO - Filling up the DagBag from /home/airflow/.local/lib/python3.7/site-packages/airflow/example_dags/example_local_kubernetes_executor.py
[2026-09-27T02:07:13.759+0000] {processor.py:809} INFO - DAG(s) dict_keys(['example_local_kubernetes_executor']) retrieved from /home/airflow/.local/lib/python3.7/site-packages/airflow/example_dags/example_local_kubernetes_executor.py
[2026-09-27T02:07:13.816+0000] {logging_mixin.py:149} INFO - [2026-09-27T02:07:13.816+0000] {dag.py:2726} INFO - Sync 1 DAGs
[2026-09-27T02:07:13.871+0000] {logging_mixin.py:149} INFO - [2026-09-27T02:07:13.871+0000] {dag.py:3490} INFO - Setting next_dagrun for example_local_kubernetes_executor to None, run_after=None
[2026-09-27T02:07:13.900+0000] {processor.py:178} INFO - Processing /home/airflow/.local/lib/python3.7/site-packages/airflow/example_dags/example_local_kubernetes_executor.py took 0.564 seconds
[2026-09-27T02:07:44.746+0000] {processor.py:156} INFO - Started process (PID=179) to work on /home/airflow/.local/lib/python3.7/site-packages/airflow/example_dags/example_local_kubernetes_executor.py
[2026-09-27T02:07:44.747+0000] {processor.py:799} INFO - Processing file /home/airflow/.local/lib/python3.7/site-packages/airflow/example_dags/example_local_kubernetes_executor.py for tasks to queue
[2026-09-27T02:07:44.748+0000] {logging_mixin.py:149} INFO - [2026-09-27T02:07:44.748+0000] {dagbag.py:541} INFO - Filling up the DagBag from /home/airflow/.local/lib/python3.7/site-packages/airflow/example_dags/example_local_kubernetes_executor.py
[2026-09-27T02:07:45.140+0000] {processor.py:809} INFO - DAG(s) dict_keys(['example_local_kubernetes_executor']) retrieved from /home/airflow/.local/lib/python3.7/site-packages/airflow/example_dags/example_local_kubernetes_executor.py
[2026-09-27T02:07:45.202+0000] {logging_mixin.py:149} INFO - [2026-09-27T02:07:45.202+0000] {dag.py:2726} INFO - Sync 1 DAGs
[2026-09-27T02:07:45.248+0000] {logging_mixin.py:149} INFO - [2026-09-27T02:07:45.248+0000] {dag.py:3490} INFO - Setting next_dagrun for example_local_kubernetes_executor to None, run_after=None
[2026-09-27T02:07:45.284+0000] {processor.py:178} INFO - Processing /home/airflow/.local/lib/python3.7/site-packages/airflow/example_dags/example_local_kubernetes_executor.py took 0.545 seconds
[2026-09-27T02:08:15.881+0000] {processor.py:156} INFO - Started process (PID=235) to work on /home/airflow/.local/lib/python3.7/site-packages/airflow/example_dags/example_local_kubernetes_executor.py
[2026-09-27T02:08:15.883+0000] {processor.py:799} INFO - Processing file /home/airflow/.local/lib/python3.7/site-packages/airflow/example_dags/example_local_kubernetes_executor.py for tasks to queue
[2026-09-27T02:08:15.885+0000] {logging_mixin.py:149} INFO - [2026-09-27T02:08:15.884+0000] {dagbag.py:541} INFO - Filling up the DagBag from /home/airflow/.local/lib/python3.7/site-packages/airflow/example_dags/example_local_kubernetes_executor.py
[2026-09-27T02:08:16.246+0000] {processor.py:809} INFO - DAG(s) dict_keys(['example_local_kubernetes_executor']) retrieved from /home/airflow/.local/lib/python3.7/site-packages/airflow/example_dags/example_local_kubernetes_executor.py
[2026-09-27T02:08:16.305+0000] {logging_mixin.py:149} INFO - [2026-09-27T02:08:16.305+0000] {dag.py:2726} INFO - Sync 1 DAGs
[2026-09-27T02:08:16.351+0000] {logging_mixin.py:149} INFO - [2026-09-27T02:08:16.351+0000] {dag.py:3490} INFO - Setting next_dagrun for example_local_kubernetes_executor to None, run_after=None
[2026-09-27T02:08:16.381+0000] {processor.py:178} INFO - Processing /home/airflow/.local/lib/python3.7/site-packages/airflow/example_dags/example_local_kubernetes_executor.py took 0.506 seconds
[2026-09-27T02:08:46.665+0000] {processor.py:156} INFO - Started process (PID=291) to work on /home/airflow/.local/lib/python3.7/site-packages/airflow/example_dags/example_local_kubernetes_executor.py
[2026-09-27T02:08:46.672+0000] {processor.py:799} INFO - Processing file /home/airflow/.local/lib/python3.7/site-packages/airflow/example_dags/example_local_kubernetes_executor.py for tasks to queue
[2026-09-27T02:08:46.673+0000] {logging_mixin.py:149} INFO - [2026-09-27T02:08:46.673+0000] {dagbag.py:541} INFO - Filling up the DagBag from /home/airflow/.local/lib/python3.7/site-packages/airflow/example_dags/example_local_kubernetes_executor.py
[2026-09-27T02:08:47.054+0000] {processor.py:809} INFO - DAG(s) dict_keys(['example_local_kubernetes_executor']) retrieved from /home/airflow/.local/lib/python3.7/site-packages/airflow/example_dags/example_local_kubernetes_executor.py
[2026-09-27T02:08:47.114+0000] {logging_mixin.py:149} INFO - [2026-09-27T02:08:47.114+0000] {dag.py:2726} INFO - Sync 1 DAGs
[2026-09-27T02:08:47.168+0000] {logging_mixin.py:149} INFO - [2026-09-27T02:08:47.167+0000] {dag.py:3490} INFO - Setting next_dagrun for example_local_kubernetes_executor to None, run_after=None
[2026-09-27T02:08:47.207+0000] {processor.py:178} INFO - Processing /home/airflow/.local/lib/python3.7/site-packages/airflow/example_dags/example_local_kubernetes_executor.py took 0.555 seconds
[2026-09-27T02:09:17.766+0000] {processor.py:156} INFO - Started process (PID=347) to work on /home/airflow/.local/lib/python3.7/site-packages/airflow/example_dags/example_local_kubernetes_executor.py
[2026-09-27T02:09:17.769+0000] {processor.py:799} INFO - Processing file /home/airflow/.local/lib/python3.7/site-packages/airflow/example_dags/example_local_kubernetes_executor.py for tasks to queue
[2026-09-27T02:09:17.770+0000] {logging_mixin.py:149} INFO - [2026-09-27T02:09:17.770+0000] {dagbag.py:541} INFO - Filling up the DagBag from /home/airflow/.local/lib/python3.7/site-packages/airflow/example_dags/example_local_kubernetes_executor.py
[2026-09-27T02:09:18.139+0000] {processor.py:809} INFO - DAG(s) dict_keys(['example_local_kubernetes_executor']) retrieved from /home/airflow/.local/lib/python3.7/site-packages/airflow/example_dags/example_local_kubernetes_executor.py
[2026-09-27T02:09:18.201+0000] {logging_mixin.py:149} INFO - [2026-09-27T02:09:18.201+0000] {dag.py:2726} INFO - Sync 1 DAGs
[2026-09-27T02:09:18.247+0000] {logging_mixin.py:149} INFO - [2026-09-27T02:09:18.247+0000] {dag.py:3490} INFO - Setting next_dagrun for example_local_kubernetes_executor to None, run_after=None
[2026-09-27T02:09:18.294+0000] {processor.py:178} INFO - Processing /home/airflow/.local/lib/python3.7/site-packages/airflow/example_dags/example_local_kubernetes_executor.py took 0.536 seconds
[2026-09-27T02:09:49.111+0000] {processor.py:156} INFO - Started process (PID=403) to work on /home/airflow/.local/lib/python3.7/site-packages/airflow/example_dags/example_local_kubernetes_executor.py
[2026-09-27T02:09:49.113+0000] {processor.py:799} INFO - Processing file /home/airflow/.local/lib/python3.7/site-packages/airflow/example_dags/example_local_kubernetes_executor.py for tasks to queue
[2026-09-27T02:09:49.114+0000] {logging_mixin.py:149} INFO - [2026-09-27T02:09:49.114+0000] {dagbag.py:541} INFO - Filling up the DagBag from /home/airflow/.local/lib/python3.7/site-packages/airflow/example_dags/example_local_kubernetes_executor.py
[2026-09-27T02:09:49.489+0000] {processor.py:809} INFO - DAG(s) dict_keys(['example_local_kubernetes_executor']) retrieved from /home/airflow/.local/lib/python3.7/site-packages/airflow/example_dags/example_local_kubernetes_executor.py
[2026-09-27T02:09:49.551+0000] {logging_mixin.py:149} INFO - [2026-09-27T02:09:49.550+0000] {dag.py:2726} INFO - Sync 1 DAGs
[2026-09-27T02:09:49.589+0000] {logging_mixin.py:149} INFO - [2026-09-27T02:09:49.589+0000] {dag.py:3490} INFO - Setting next_dagrun for example_local_kubernetes_executor to None, run_after=None
[2026-09-27T02:09:49.616+0000] {processor.py:178} INFO - Processing /home/airflow/.local/lib/python3.7/site-packages/airflow/example_dags/example_local_kubernetes_executor.py took 0.511 seconds
[2026-09-27T02:10:19.744+0000] {processor.py:156} INFO - Started process (PID=459) to work on /home/airflow/.local/lib/python3.7/site-packages/airflow/example_dags/example_local_kubernetes_executor.py
[2026-09-27T02:10:19.749+0000] {processor.py:799} INFO - Processing file /home/airflow/.local/lib/python3.7/site-packages/airflow/example_dags/example_local_kubernetes_executor.py for tasks to queue
[2026-09-27T02:10:19.750+0000] {logging_mixin.py:149} INFO - [2026-09-27T02:10:19.750+0000] {dagbag.py:541} INFO - Filling up the DagBag from /home/airflow/.local/lib/python3.7/site-packages/airflow/example_dags/example_local_kubernetes_executor.py
[2026-09-27T02:10:20.135+0000] {processor.py:809} INFO - DAG(s) dict_keys(['example_local_kubernetes_executor']) retrieved from /home/airflow/.local/lib/python3.7/site-packages/airflow/example_dags/example_local_kubernetes_executor.py
[2026-09-27T02:10:20.188+0000] {logging_mixin.py:149} INFO - [2026-09-27T02:10:20.188+0000] {dag.py:2726} INFO - Sync 1 DAGs
[2026-09-27T02:10:20.229+0000] {logging_mixin.py:149} INFO - [2026-09-27T02:10:20.229+0000] {dag.py:3490} INFO - Setting next_dagrun for example_local_kubernetes_executor to None, run_after=None
[2026-09-27T02:10:20.258+0000] {processor.py:178} INFO - Processing /home/airflow/.local/lib/python3.7/site-packages/airflow/example_dags/example_local_kubernetes_executor.py took 0.520 seconds
[2026-09-27T02:10:50.354+0000] {processor.py:156} INFO - Started process (PID=515) to work on /home/airflow/.local/lib/python3.7/site-packages/airflow/example_dags/example_local_kubernetes_executor.py
[2026-09-27T02:10:50.355+0000] {processor.py:799} INFO - Processing file /home/airflow/.local/lib/python3.7/site-packages/airflow/example_dags/example_local_kubernetes_executor.py for tasks to queue
[2026-09-27T02:10:50.356+0000] {logging_mixin.py:149} INFO - [2026-09-27T02:10:50.356+0000] {dagbag.py:541} INFO - Filling up the DagBag from /home/airflow/.local/lib/python3.7/site-packages/airflow/example_dags/example_local_kubernetes_executor.py
[2026-09-27T02:10:50.717+0000] {processor.py:809} INFO - DAG(s) dict_keys(['example_local_kubernetes_executor']) retrieved from /home/airflow/.local/lib/python3.7/site-packages/airflow/example_dags/example_local_kubernetes_executor.py
[2026-09-27T02:10:50.786+0000] {logging_mixin.py:149} INFO - [2026-09-27T02:10:50.786+0000] {dag.py:2726} INFO - Sync 1 DAGs
[2026-09-27T02:10:50.837+0000] {logging_mixin.py:149} INFO - [2026-09-27T02:10:50.836+0000] {dag.py:3490} INFO - Setting next_dagrun for example_local_kubernetes_executor to None, run_after=None
[2026-09-27T02:10:50.870+0000] {processor.py:178} INFO - Processing /home/airflow/.local/lib/python3.7/site-packages/airflow/example_dags/example_local_kubernetes_executor.py took 0.523 seconds
[2026-09-27T02:11:21.877+0000] {processor.py:156} INFO - Started process (PID=571) to work on /home/airflow/.local/lib/python3.7/site-packages/airflow/example_dags/example_local_kubernetes_executor.py
[2026-09-27T02:11:21.879+0000] {processor.py:799} INFO - Processing file /home/airflow/.local/lib/python3.7/site-packages/airflow/example_dags/example_local_kubernetes_executor.py for tasks to queue
[2026-09-27T02:11:21.881+0000] {logging_mixin.py:149} INFO - [2026-09-27T02:11:21.880+0000] {dagbag.py:541} INFO - Filling up the DagBag from /home/airflow/.local/lib/python3.7/site-packages/airflow/example_dags/example_local_kubernetes_executor.py
[2026-09-27T02:11:22.266+0000] {processor.py:809} INFO - DAG(s) dict_keys(['example_local_kubernetes_executor']) retrieved from /home/airflow/.local/lib/python3.7/site-packages/airflow/example_dags/example_local_kubernetes_executor.py
[2026-09-27T02:11:22.320+0000] {logging_mixin.py:149} INFO - [2026-09-27T02:11:22.320+0000] {dag.py:2726} INFO - Sync 1 DAGs
[2026-09-27T02:11:22.362+0000] {logging_mixin.py:149} INFO - [2026-09-27T02:11:22.362+0000] {dag.py:3490} INFO - Setting next_dagrun for example_local_kubernetes_executor to None, run_after=None
[2026-09-27T02:11:22.394+0000] {processor.py:178} INFO - Processing /home/airflow/.local/lib/python3.7/site-packages/airflow/example_dags/example_local_kubernetes_executor.py took 0.527 seconds
[2026-09-27T02:11:52.467+0000] {processor.py:156} INFO - Started process (PID=627) to work on /home/airflow/.local/lib/python3.7/site-packages/airflow/example_dags/example_local_kubernetes_executor.py
[2026-09-27T02:11:52.469+0000] {processor.py:799} INFO - Processing file /home/airflow/.local/lib/python3.7/site-packages/airflow/example_dags/example_local_kubernetes_executor.py for tasks to queue
[2026-09-27T02:11:52.470+0000] {logging_mixin.py:149} INFO - [2026-09-27T02:11:52.470+0000] {dagbag.py:541} INFO - Filling up the DagBag from /home/airflow/.local/lib/python3.7/site-packages/airflow/example_dags/example_local_kubernetes_executor.py
[2026-09-27T02:11:52.825+0000] {processor.py:809} INFO - DAG(s) dict_keys(['example_local_kubernetes_executor']) retrieved from /home/airflow/.local/lib/python3.7/site-packages/airflow/example_dags/example_local_kubernetes_executor.py
[2026-09-27T02:11:52.900+0000] {logging_mixin.py:149} INFO - [2026-09-27T02:11:52.900+0000] {dag.py:2726} INFO - Sync 1 DAGs
[2026-09-27T02:11:52.944+0000] {logging_mixin.py:149} INFO - [2026-09-27T02:11:52.944+0000] {dag.py:3490} INFO - Setting next_dagrun for example_local_kubernetes_executor to None, run_after=None
[2026-09-27T02:11:52.973+0000] {processor.py:178} INFO - Processing /home/airflow/.local/lib/python3.7/site-packages/airflow/example_dags/example_local_kubernetes_executor.py took 0.513 seconds
[2026-09-27T02:12:23.014+0000] {processor.py:156} INFO - Started process (PID=682) to work on /home/airflow/.local/lib/python3.7/site-packages/airflow/example_dags/example_local_kubernetes_executor.py
[2026-09-27T02:12:23.020+0000] {processor.py:799} INFO - Processing file /home/airflow/.local/lib/python3.7/site-packages/airflow/example_dags/example_local_kubernetes_executor.py for tasks to queue
[2026-09-27T02:12:23.021+0000] {logging_mixin.py:149} INFO - [2026-09-27T02:12:23.021+0000] {dagbag.py:541} INFO - Filling up the DagBag from /home/airflow/.local/lib/python3.7/site-packages/airflow/example_dags/example_local_kubernetes_executor.py
[2026-09-27T02:12:23.403+0000] {processor.py:809} INFO - DAG(s) dict_keys(['example_local_kubernetes_executor']) retrieved from /home/airflow/.local/lib/python3.7/site-packages/airflow/example_dags/example_local_kubernetes_executor.py
[2026-09-27T02:12:23.462+0000] {logging_mixin.py:149} INFO - [2026-09-27T02:12:23.462+0000] {dag.py:2726} INFO - Sync 1 DAGs
[2026-09-27T02:12:23.506+0000] {logging_mixin.py:149} INFO - [2026-09-27T02:12:23.506+0000] {dag.py:3490} INFO - Setting next_dagrun for example_local_kubernetes_executor to None, run_after=None
[2026-09-27T02:12:23.535+0000] {processor.py:178} INFO - Processing /home/airflow/.local/lib/python3.7/site-packages/airflow/example_dags/example_local_kubernetes_executor.py took 0.528 seconds
[2026-09-27T02:12:54.337+0000] {processor.py:156} INFO - Started process (PID=739) to work on /home/airflow/.local/lib/python3.7/site-packages/airflow/example_dags/example_local_kubernetes_executor.py
[2026-09-27T02:12:54.339+0000] {processor.py:799} INFO - Processing file /home/airflow/.local/lib/python3.7/site-packages/airflow/example_dags/example_local_kubernetes_executor.py for tasks to queue
[2026-09-27T02:12:54.340+0000] {logging_mixin.py:149} INFO - [2026-09-27T02:12:54.340+0000] {dagbag.py:541} INFO - Filling up the DagBag from /home/airflow/.local/lib/python3.7/site-packages/airflow/example_dags/example_local_kubernetes_executor.py
[2026-09-27T02:12:54.716+0000] {processor.py:809} INFO - DAG(s) dict_keys(['example_local_kubernetes_executor']) retrieved from /home/airflow/.local/lib/python3.7/site-packages/airflow/example_dags/example_local_kubernetes_executor.py
[2026-09-27T02:12:54.775+0000] {logging_mixin.py:149} INFO - [2026-09-27T02:12:54.775+0000] {dag.py:2726} INFO - Sync 1 DAGs
[2026-09-27T02:12:54.819+0000] {logging_mixin.py:149} INFO - [2026-09-27T02:12:54.819+0000] {dag.py:3490} INFO - Setting next_dagrun for example_local_kubernetes_executor to None, run_after=None
[2026-09-27T02:12:54.858+0000] {processor.py:178} INFO - Processing /home/airflow/.local/lib/python3.7/site-packages/airflow/example_dags/example_local_kubernetes_executor.py took 0.528 seconds
[2026-09-27T02:13:25.184+0000] {processor.py:156} INFO - Started process (PID=795) to work on /home/airflow/.local/lib/python3.7/site-packages/airflow/example_dags/example_local_kubernetes_executor.py
[2026-09-27T02:13:25.186+0000] {processor.py:799} INFO - Processing file /home/airflow/.local/lib/python3.7/site-packages/airflow/example_dags/example_local_kubernetes_executor.py for tasks to queue
[2026-09-27T02:13:25.187+0000] {logging_mixin.py:149} INFO - [2026-09-27T02:13:25.187+0000] {dagbag.py:541} INFO - Filling up the DagBag from /home/airflow/.local/lib/python3.7/site-packages/airflow/example_dags/example_local_kubernetes_executor.py
[2026-09-27T02:13:25.548+0000] {processor.py:809} INFO - DAG(s) dict_keys(['example_local_kubernetes_executor']) retrieved from /home/airflow/.local/lib/python3.7/site-packages/airflow/example_dags/example_local_kubernetes_executor.py
[2026-09-27T02:13:25.600+0000] {logging_mixin.py:149} INFO - [2026-09-27T02:13:25.600+0000] {dag.py:2726} INFO - Sync 1 DAGs
[2026-09-27T02:13:25.642+0000] {logging_mixin.py:149} INFO - [2026-09-27T02:13:25.641+0000] {dag.py:3490} INFO - Setting next_dagrun for example_local_kubernetes_executor to None, run_after=None
[2026-09-27T02:13:25.675+0000] {processor.py:178} INFO - Processing /home/airflow/.local/lib/python3.7/site-packages/airflow/example_dags/example_local_kubernetes_executor.py took 0.500 seconds
[2026-09-27T02:13:55.798+0000] {processor.py:156} INFO - Started process (PID=851) to work on /home/airflow/.local/lib/python3.7/site-packages/airflow/example_dags/example_local_kubernetes_executor.py
[2026-09-27T02:13:55.800+0000] {processor.py:799} INFO - Processing file /home/airflow/.local/lib/python3.7/site-packages/airflow/example_dags/example_local_kubernetes_executor.py for tasks to queue
[2026-09-27T02:13:55.802+0000] {logging_mixin.py:149} INFO - [2026-09-27T02:13:55.801+0000] {dagbag.py:541} INFO - Filling up the DagBag from /home/airflow/.local/lib/python3.7/site-packages/airflow/example_dags/example_local_kubernetes_executor.py
[2026-09-27T02:13:56.199+0000] {processor.py:809} INFO - DAG(s) dict_keys(['example_local_kubernetes_executor']) retrieved from /home/airflow/.local/lib/python3.7/site-packages/airflow/example_dags/example_local_kubernetes_executor.py
[2026-09-27T02:13:56.268+0000] {logging_mixin.py:149} INFO - [2026-09-27T02:13:56.267+0000] {dag.py:2726} INFO - Sync 1 DAGs
[2026-09-27T02:13:56.321+0000] {logging_mixin.py:149} INFO - [2026-09-27T02:13:56.320+0000] {dag.py:3490} INFO - Setting next_dagrun for example_local_kubernetes_executor to None, run_after=None
[2026-09-27T02:13:56.376+0000] {processor.py:178} INFO - Processing /home/airflow/.local/lib/python3.7/site-packages/airflow/example_dags/example_local_kubernetes_executor.py took 0.587 seconds
[2026-09-27T02:14:26.892+0000] {processor.py:156} INFO - Started process (PID=907) to work on /home/airflow/.local/lib/python3.7/site-packages/airflow/example_dags/example_local_kubernetes_executor.py
[2026-09-27T02:14:26.893+0000] {processor.py:799} INFO - Processing file /home/airflow/.local/lib/python3.7/site-packages/airflow/example_dags/example_local_kubernetes_executor.py for tasks to queue
[2026-09-27T02:14:26.894+0000] {logging_mixin.py:149} INFO - [2026-09-27T02:14:26.894+0000] {dagbag.py:541} INFO - Filling up the DagBag from /home/airflow/.local/lib/python3.7/site-packages/airflow/example_dags/example_local_kubernetes_executor.py
[2026-09-27T02:14:27.261+0000] {processor.py:809} INFO - DAG(s) dict_keys(['example_local_kubernetes_executor']) retrieved from /home/airflow/.local/lib/python3.7/site-packages/airflow/example_dags/example_local_kubernetes_executor.py
[2026-09-27T02:14:27.318+0000] {logging_mixin.py:149} INFO - [2026-09-27T02:14:27.318+0000] {dag.py:2726} INFO - Sync 1 DAGs
[2026-09-27T02:14:27.359+0000] {logging_mixin.py:149} INFO - [2026-09-27T02:14:27.359+0000] {dag.py:3490} INFO - Setting next_dagrun for example_local_kubernetes_executor to None, run_after=None
[2026-09-27T02:14:27.394+0000] {processor.py:178} INFO - Processing /home/airflow/.local/lib/python3.7/site-packages/airflow/example_dags/example_local_kubernetes_executor.py took 0.509 seconds
[2026-09-27T02:14:57.453+0000] {processor.py:156} INFO - Started process (PID=963) to work on /home/airflow/.local/lib/python3.7/site-packages/airflow/example_dags/example_local_kubernetes_executor.py
[2026-09-27T02:14:57.454+0000] {processor.py:799} INFO - Processing file /home/airflow/.local/lib/python3.7/site-packages/airflow/example_dags/example_local_kubernetes_executor.py for tasks to queue
[2026-09-27T02:14:57.455+0000] {logging_mixin.py:149} INFO - [2026-09-27T02:14:57.455+0000] {dagbag.py:541} INFO - Filling up the DagBag from /home/airflow/.local/lib/python3.7/site-packages/airflow/example_dags/example_local_kubernetes_executor.py
[2026-09-27T02:14:57.808+0000] {processor.py:809} INFO - DAG(s) dict_keys(['example_local_kubernetes_executor']) retrieved from /home/airflow/.local/lib/python3.7/site-packages/airflow/example_dags/example_local_kubernetes_executor.py
[2026-09-27T02:14:57.872+0000] {logging_mixin.py:149} INFO - [2026-09-27T02:14:57.872+0000] {dag.py:2726} INFO - Sync 1 DAGs
[2026-09-27T02:14:57.919+0000] {logging_mixin.py:149} INFO - [2026-09-27T02:14:57.918+0000] {dag.py:3490} INFO - Setting next_dagrun for example_local_kubernetes_executor to None, run_after=None
[2026-09-27T02:14:57.947+0000] {processor.py:178} INFO - Processing /home/airflow/.local/lib/python3.7/site-packages/airflow/example_dags/example_local_kubernetes_executor.py took 0.502 seconds
[2026-09-27T02:15:28.809+0000] {processor.py:156} INFO - Started process (PID=1019) to work on /home/airflow/.local/lib/python3.7/site-packages/airflow/example_dags/example_local_kubernetes_executor.py
[2026-09-27T02:15:28.811+0000] {processor.py:799} INFO - Processing file /home/airflow/.local/lib/python3.7/site-packages/airflow/example_dags/example_local_kubernetes_executor.py for tasks to queue
[2026-09-27T02:15:28.812+0000] {logging_mixin.py:149} INFO - [2026-09-27T02:15:28.812+0000] {dagbag.py:541} INFO - Filling up the DagBag from /home/airflow/.local/lib/python3.7/site-packages/airflow/example_dags/example_local_kubernetes_executor.py
[2026-09-27T02:15:29.173+0000] {processor.py:809} INFO - DAG(s) dict_keys(['example_local_kubernetes_executor']) retrieved from /home/airflow/.local/lib/python3.7/site-packages/airflow/example_dags/example_local_kubernetes_executor.py
[2026-09-27T02:15:29.231+0000] {logging_mixin.py:149} INFO - [2026-09-27T02:15:29.230+0000] {dag.py:2726} INFO - Sync 1 DAGs
[2026-09-27T02:15:29.274+0000] {logging_mixin.py:149} INFO - [2026-09-27T02:15:29.274+0000] {dag.py:3490} INFO - Setting next_dagrun for example_local_kubernetes_executor to None, run_after=None
[2026-09-27T02:15:29.303+0000] {processor.py:178} INFO - Processing /home/airflow/.local/lib/python3.7/site-packages/airflow/example_dags/example_local_kubernetes_executor.py took 0.501 seconds
[2026-09-27T02:16:00.143+0000] {processor.py:156} INFO - Started process (PID=1075) to work on /home/airflow/.local/lib/python3.7/site-packages/airflow/example_dags/example_local_kubernetes_executor.py
[2026-09-27T02:16:00.145+0000] {processor.py:799} INFO - Processing file /home/airflow/.local/lib/python3.7/site-packages/airflow/example_dags/example_local_kubernetes_executor.py for tasks to queue
[2026-09-27T02:16:00.146+0000] {logging_mixin.py:149} INFO - [2026-09-27T02:16:00.146+0000] {dagbag.py:541} INFO - Filling up the DagBag from /home/airflow/.local/lib/python3.7/site-packages/airflow/example_dags/example_local_kubernetes_executor.py
[2026-09-27T02:16:00.531+0000] {processor.py:809} INFO - DAG(s) dict_keys(['example_local_kubernetes_executor']) retrieved from /home/airflow/.local/lib/python3.7/site-packages/airflow/example_dags/example_local_kubernetes_executor.py
[2026-09-27T02:16:00.598+0000] {logging_mixin.py:149} INFO - [2026-09-27T02:16:00.597+0000] {dag.py:2726} INFO - Sync 1 DAGs
[2026-09-27T02:16:00.646+0000] {logging_mixin.py:149} INFO - [2026-09-27T02:16:00.645+0000] {dag.py:3490} INFO - Setting next_dagrun for example_local_kubernetes_executor to None, run_after=None
[2026-09-27T02:16:00.678+0000] {processor.py:178} INFO - Processing /home/airflow/.local/lib/python3.7/site-packages/airflow/example_dags/example_local_kubernetes_executor.py took 0.543 seconds
[2026-09-27T02:16:31.697+0000] {processor.py:156} INFO - Started process (PID=1131) to work on /home/airflow/.local/lib/python3.7/site-packages/airflow/example_dags/example_local_kubernetes_executor.py
[2026-09-27T02:16:31.700+0000] {processor.py:799} INFO - Processing file /home/airflow/.local/lib/python3.7/site-packages/airflow/example_dags/example_local_kubernetes_executor.py for tasks to queue
[2026-09-27T02:16:31.702+0000] {logging_mixin.py:149} INFO - [2026-09-27T02:16:31.702+0000] {dagbag.py:541} INFO - Filling up the DagBag from /home/airflow/.local/lib/python3.7/site-packages/airflow/example_dags/example_local_kubernetes_executor.py
[2026-09-27T02:16:32.074+0000] {processor.py:809} INFO - DAG(s) dict_keys(['example_local_kubernetes_executor']) retrieved from /home/airflow/.local/lib/python3.7/site-packages/airflow/example_dags/example_local_kubernetes_executor.py
[2026-09-27T02:16:32.135+0000] {logging_mixin.py:149} INFO - [2026-09-27T02:16:32.135+0000] {dag.py:2726} INFO - Sync 1 DAGs
[2026-09-27T02:16:32.181+0000] {logging_mixin.py:149} INFO - [2026-09-27T02:16:32.181+0000] {dag.py:3490} INFO - Setting next_dagrun for example_local_kubernetes_executor to None, run_after=None
[2026-09-27T02:16:32.212+0000] {processor.py:178} INFO - Processing /home/airflow/.local/lib/python3.7/site-packages/airflow/example_dags/example_local_kubernetes_executor.py took 0.523 seconds
[2026-09-27T02:17:02.384+0000] {processor.py:156} INFO - Started process (PID=1187) to work on /home/airflow/.local/lib/python3.7/site-packages/airflow/example_dags/example_local_kubernetes_executor.py
[2026-09-27T02:17:02.386+0000] {processor.py:799} INFO - Processing file /home/airflow/.local/lib/python3.7/site-packages/airflow/example_dags/example_local_kubernetes_executor.py for tasks to queue
[2026-09-27T02:17:02.387+0000] {logging_mixin.py:149} INFO - [2026-09-27T02:17:02.387+0000] {dagbag.py:541} INFO - Filling up the DagBag from /home/airflow/.local/lib/python3.7/site-packages/airflow/example_dags/example_local_kubernetes_executor.py
[2026-09-27T02:17:02.778+0000] {processor.py:809} INFO - DAG(s) dict_keys(['example_local_kubernetes_executor']) retrieved from /home/airflow/.local/lib/python3.7/site-packages/airflow/example_dags/example_local_kubernetes_executor.py
[2026-09-27T02:17:02.834+0000] {logging_mixin.py:149} INFO - [2026-09-27T02:17:02.833+0000] {dag.py:2726} INFO - Sync 1 DAGs
[2026-09-27T02:17:02.876+0000] {logging_mixin.py:149} INFO - [2026-09-27T02:17:02.876+0000] {dag.py:3490} INFO - Setting next_dagrun for example_local_kubernetes_executor to None, run_after=None
[2026-09-27T02:17:02.902+0000] {processor.py:178} INFO - Processing /home/airflow/.local/lib/python3.7/site-packages/airflow/example_dags/example_local_kubernetes_executor.py took 0.524 seconds
[2026-09-27T02:17:33.045+0000] {processor.py:156} INFO - Started process (PID=1244) to work on /home/airflow/.local/lib/python3.7/site-packages/airflow/example_dags/example_local_kubernetes_executor.py
[2026-09-27T02:17:33.047+0000] {processor.py:799} INFO - Processing file /home/airflow/.local/lib/python3.7/site-packages/airflow/example_dags/example_local_kubernetes_executor.py for tasks to queue
[2026-09-27T02:17:33.048+0000] {logging_mixin.py:149} INFO - [2026-09-27T02:17:33.048+0000] {dagbag.py:541} INFO - Filling up the DagBag from /home/airflow/.local/lib/python3.7/site-packages/airflow/example_dags/example_local_kubernetes_executor.py
[2026-09-27T02:17:33.429+0000] {processor.py:809} INFO - DAG(s) dict_keys(['example_local_kubernetes_executor']) retrieved from /home/airflow/.local/lib/python3.7/site-packages/airflow/example_dags/example_local_kubernetes_executor.py
[2026-09-27T02:17:33.488+0000] {logging_mixin.py:149} INFO - [2026-09-27T02:17:33.487+0000] {dag.py:2726} INFO - Sync 1 DAGs
[2026-09-27T02:17:33.532+0000] {logging_mixin.py:149} INFO - [2026-09-27T02:17:33.532+0000] {dag.py:3490} INFO - Setting next_dagrun for example_local_kubernetes_executor to None, run_after=None
[2026-09-27T02:17:33.557+0000] {processor.py:178} INFO - Processing /home/airflow/.local/lib/python3.7/site-packages/airflow/example_dags/example_local_kubernetes_executor.py took 0.518 seconds
[2026-09-27T02:18:04.352+0000] {processor.py:156} INFO - Started process (PID=1300) to work on /home/airflow/.local/lib/python3.7/site-packages/airflow/example_dags/example_local_kubernetes_executor.py
[2026-09-27T02:18:04.358+0000] {processor.py:799} INFO - Processing file /home/airflow/.local/lib/python3.7/site-packages/airflow/example_dags/example_local_kubernetes_executor.py for tasks to queue
[2026-09-27T02:18:04.360+0000] {logging_mixin.py:149} INFO - [2026-09-27T02:18:04.360+0000] {dagbag.py:541} INFO - Filling up the DagBag from /home/airflow/.local/lib/python3.7/site-packages/airflow/example_dags/example_local_kubernetes_executor.py
[2026-09-27T02:18:04.753+0000] {processor.py:809} INFO - DAG(s) dict_keys(['example_local_kubernetes_executor']) retrieved from /home/airflow/.local/lib/python3.7/site-packages/airflow/example_dags/example_local_kubernetes_executor.py
[2026-09-27T02:18:04.812+0000] {logging_mixin.py:149} INFO - [2026-09-27T02:18:04.812+0000] {dag.py:2726} INFO - Sync 1 DAGs
[2026-09-27T02:18:04.853+0000] {logging_mixin.py:149} INFO - [2026-09-27T02:18:04.852+0000] {dag.py:3490} INFO - Setting next_dagrun for example_local_kubernetes_executor to None, run_after=None
[2026-09-27T02:18:04.883+0000] {processor.py:178} INFO - Processing /home/airflow/.local/lib/python3.7/site-packages/airflow/example_dags/example_local_kubernetes_executor.py took 0.540 seconds
[2026-09-27T02:18:35.719+0000] {processor.py:156} INFO - Started process (PID=1357) to work on /home/airflow/.local/lib/python3.7/site-packages/airflow/example_dags/example_local_kubernetes_executor.py
[2026-09-27T02:18:35.721+0000] {processor.py:799} INFO - Processing file /home/airflow/.local/lib/python3.7/site-packages/airflow/example_dags/example_local_kubernetes_executor.py for tasks to queue
[2026-09-27T02:18:35.722+0000] {logging_mixin.py:149} INFO - [2026-09-27T02:18:35.722+0000] {dagbag.py:541} INFO - Filling up the DagBag from /home/airflow/.local/lib/python3.7/site-packages/airflow/example_dags/example_local_kubernetes_executor.py
[2026-09-27T02:18:36.076+0000] {processor.py:809} INFO - DAG(s) dict_keys(['example_local_kubernetes_executor']) retrieved from /home/airflow/.local/lib/python3.7/site-packages/airflow/example_dags/example_local_kubernetes_executor.py
[2026-09-27T02:18:36.135+0000] {logging_mixin.py:149} INFO - [2026-09-27T02:18:36.134+0000] {dag.py:2726} INFO - Sync 1 DAGs
[2026-09-27T02:18:36.178+0000] {logging_mixin.py:149} INFO - [2026-09-27T02:18:36.177+0000] {dag.py:3490} INFO - Setting next_dagrun for example_local_kubernetes_executor to None, run_after=None
[2026-09-27T02:18:36.207+0000] {processor.py:178} INFO - Processing /home/airflow/.local/lib/python3.7/site-packages/airflow/example_dags/example_local_kubernetes_executor.py took 0.495 seconds
[2026-09-27T02:19:07.161+0000] {processor.py:156} INFO - Started process (PID=1413) to work on /home/airflow/.local/lib/python3.7/site-packages/airflow/example_dags/example_local_kubernetes_executor.py
[2026-09-27T02:19:07.163+0000] {processor.py:799} INFO - Processing file /home/airflow/.local/lib/python3.7/site-packages/airflow/example_dags/example_local_kubernetes_executor.py for tasks to queue
[2026-09-27T02:19:07.164+0000] {logging_mixin.py:149} INFO - [2026-09-27T02:19:07.164+0000] {dagbag.py:541} INFO - Filling up the DagBag from /home/airflow/.local/lib/python3.7/site-packages/airflow/example_dags/example_local_kubernetes_executor.py
[2026-09-27T02:19:07.552+0000] {processor.py:809} INFO - DAG(s) dict_keys(['example_local_kubernetes_executor']) retrieved from /home/airflow/.local/lib/python3.7/site-packages/airflow/example_dags/example_local_kubernetes_executor.py
[2026-09-27T02:19:07.613+0000] {logging_mixin.py:149} INFO - [2026-09-27T02:19:07.613+0000] {dag.py:2726} INFO - Sync 1 DAGs
[2026-09-27T02:19:07.661+0000] {logging_mixin.py:149} INFO - [2026-09-27T02:19:07.660+0000] {dag.py:3490} INFO - Setting next_dagrun for example_local_kubernetes_executor to None, run_after=None
[2026-09-27T02:19:07.691+0000] {processor.py:178} INFO - Processing /home/airflow/.local/lib/python3.7/site-packages/airflow/example_dags/example_local_kubernetes_executor.py took 0.535 seconds
[2026-09-27T02:19:38.500+0000] {processor.py:156} INFO - Started process (PID=1469) to work on /home/airflow/.local/lib/python3.7/site-packages/airflow/example_dags/example_local_kubernetes_executor.py
[2026-09-27T02:19:38.502+0000] {processor.py:799} INFO - Processing file /home/airflow/.local/lib/python3.7/site-packages/airflow/example_dags/example_local_kubernetes_executor.py for tasks to queue
[2026-09-27T02:19:38.503+0000] {logging_mixin.py:149} INFO - [2026-09-27T02:19:38.503+0000] {dagbag.py:541} INFO - Filling up the DagBag from /home/airflow/.local/lib/python3.7/site-packages/airflow/example_dags/example_local_kubernetes_executor.py
[2026-09-27T02:19:38.850+0000] {processor.py:809} INFO - DAG(s) dict_keys(['example_local_kubernetes_executor']) retrieved from /home/airflow/.local/lib/python3.7/site-packages/airflow/example_dags/example_local_kubernetes_executor.py
[2026-09-27T02:19:38.911+0000] {logging_mixin.py:149} INFO - [2026-09-27T02:19:38.910+0000] {dag.py:2726} INFO - Sync 1 DAGs
[2026-09-27T02:19:38.956+0000] {logging_mixin.py:149} INFO - [2026-09-27T02:19:38.955+0000] {dag.py:3490} INFO - Setting next_dagrun for example_local_kubernetes_executor to None, run_after=None
[2026-09-27T02:19:38.985+0000] {processor.py:178} INFO - Processing /home/airflow/.local/lib/python3.7/site-packages/airflow/example_dags/example_local_kubernetes_executor.py took 0.492 seconds
[2026-09-27T02:20:09.924+0000] {processor.py:156} INFO - Started process (PID=1532) to work on /home/airflow/.local/lib/python3.7/site-packages/airflow/example_dags/example_local_kubernetes_executor.py
[2026-09-27T02:20:09.925+0000] {processor.py:799} INFO - Processing file /home/airflow/.local/lib/python3.7/site-packages/airflow/example_dags/example_local_kubernetes_executor.py for tasks to queue
[2026-09-27T02:20:09.926+0000] {logging_mixin.py:149} INFO - [2026-09-27T02:20:09.926+0000] {dagbag.py:541} INFO - Filling up the DagBag from /home/airflow/.local/lib/python3.7/site-packages/airflow/example_dags/example_local_kubernetes_executor.py
[2026-09-27T02:20:10.310+0000] {processor.py:809} INFO - DAG(s) dict_keys(['example_local_kubernetes_executor']) retrieved from /home/airflow/.local/lib/python3.7/site-packages/airflow/example_dags/example_local_kubernetes_executor.py
[2026-09-27T02:20:10.370+0000] {logging_mixin.py:149} INFO - [2026-09-27T02:20:10.370+0000] {dag.py:2726} INFO - Sync 1 DAGs
[2026-09-27T02:20:10.426+0000] {logging_mixin.py:149} INFO - [2026-09-27T02:20:10.425+0000] {dag.py:3490} INFO - Setting next_dagrun for example_local_kubernetes_executor to None, run_after=None
[2026-09-27T02:20:10.455+0000] {processor.py:178} INFO - Processing /home/airflow/.local/lib/python3.7/site-packages/airflow/example_dags/example_local_kubernetes_executor.py took 0.537 seconds
[2026-09-27T02:20:41.234+0000] {processor.py:156} INFO - Started process (PID=1588) to work on /home/airflow/.local/lib/python3.7/site-packages/airflow/example_dags/example_local_kubernetes_executor.py
[2026-09-27T02:20:41.236+0000] {processor.py:799} INFO - Processing file /home/airflow/.local/lib/python3.7/site-packages/airflow/example_dags/example_local_kubernetes_executor.py for tasks to queue
[2026-09-27T02:20:41.237+0000] {logging_mixin.py:149} INFO - [2026-09-27T02:20:41.237+0000] {dagbag.py:541} INFO - Filling up the DagBag from /home/airflow/.local/lib/python3.7/site-packages/airflow/example_dags/example_local_kubernetes_executor.py
[2026-09-27T02:20:41.592+0000] {processor.py:809} INFO - DAG(s) dict_keys(['example_local_kubernetes_executor']) retrieved from /home/airflow/.local/lib/python3.7/site-packages/airflow/example_dags/example_local_kubernetes_executor.py
[2026-09-27T02:20:41.652+0000] {logging_mixin.py:149} INFO - [2026-09-27T02:20:41.652+0000] {dag.py:2726} INFO - Sync 1 DAGs
[2026-09-27T02:20:41.697+0000] {logging_mixin.py:149} INFO - [2026-09-27T02:20:41.697+0000] {dag.py:3490} INFO - Setting next_dagrun for example_local_kubernetes_executor to None, run_after=None
[2026-09-27T02:20:41.726+0000] {processor.py:178} INFO - Processing /home/airflow/.local/lib/python3.7/site-packages/airflow/example_dags/example_local_kubernetes_executor.py took 0.499 seconds
[2026-09-27T02:21:12.560+0000] {processor.py:156} INFO - Started process (PID=1645) to work on /home/airflow/.local/lib/python3.7/site-packages/airflow/example_dags/example_local_kubernetes_executor.py
[2026-09-27T02:21:12.562+0000] {processor.py:799} INFO - Processing file /home/airflow/.local/lib/python3.7/site-packages/airflow/example_dags/example_local_kubernetes_executor.py for tasks to queue
[2026-09-27T02:21:12.562+0000] {logging_mixin.py:149} INFO - [2026-09-27T02:21:12.562+0000] {dagbag.py:541} INFO - Filling up the DagBag from /home/airflow/.local/lib/python3.7/site-packages/airflow/example_dags/example_local_kubernetes_executor.py
[2026-09-27T02:21:12.930+0000] {processor.py:809} INFO - DAG(s) dict_keys(['example_local_kubernetes_executor']) retrieved from /home/airflow/.local/lib/python3.7/site-packages/airflow/example_dags/example_local_kubernetes_executor.py
[2026-09-27T02:21:12.989+0000] {logging_mixin.py:149} INFO - [2026-09-27T02:21:12.989+0000] {dag.py:2726} INFO - Sync 1 DAGs
[2026-09-27T02:21:13.032+0000] {logging_mixin.py:149} INFO - [2026-09-27T02:21:13.032+0000] {dag.py:3490} INFO - Setting next_dagrun for example_local_kubernetes_executor to None, run_after=None
[2026-09-27T02:21:13.065+0000] {processor.py:178} INFO - Processing /home/airflow/.local/lib/python3.7/site-packages/airflow/example_dags/example_local_kubernetes_executor.py took 0.512 seconds
[2026-09-27T02:21:44.022+0000] {processor.py:156} INFO - Started process (PID=1701) to work on /home/airflow/.local/lib/python3.7/site-packages/airflow/example_dags/example_local_kubernetes_executor.py
[2026-09-27T02:21:44.024+0000] {processor.py:799} INFO - Processing file /home/airflow/.local/lib/python3.7/site-packages/airflow/example_dags/example_local_kubernetes_executor.py for tasks to queue
[2026-09-27T02:21:44.025+0000] {logging_mixin.py:149} INFO - [2026-09-27T02:21:44.025+0000] {dagbag.py:541} INFO - Filling up the DagBag from /home/airflow/.local/lib/python3.7/site-packages/airflow/example_dags/example_local_kubernetes_executor.py
[2026-09-27T02:21:44.378+0000] {processor.py:809} INFO - DAG(s) dict_keys(['example_local_kubernetes_executor']) retrieved from /home/airflow/.local/lib/python3.7/site-packages/airflow/example_dags/example_local_kubernetes_executor.py
[2026-09-27T02:21:44.436+0000] {logging_mixin.py:149} INFO - [2026-09-27T02:21:44.436+0000] {dag.py:2726} INFO - Sync 1 DAGs
[2026-09-27T02:21:44.479+0000] {logging_mixin.py:149} INFO - [2026-09-27T02:21:44.479+0000] {dag.py:3490} INFO - Setting next_dagrun for example_local_kubernetes_executor to None, run_after=None
[2026-09-27T02:21:44.509+0000] {processor.py:178} INFO - Processing /home/airflow/.local/lib/python3.7/site-packages/airflow/example_dags/example_local_kubernetes_executor.py took 0.493 seconds
[2026-09-27T02:22:15.339+0000] {processor.py:156} INFO - Started process (PID=1756) to work on /home/airflow/.local/lib/python3.7/site-packages/airflow/example_dags/example_local_kubernetes_executor.py
[2026-09-27T02:22:15.342+0000] {processor.py:799} INFO - Processing file /home/airflow/.local/lib/python3.7/site-packages/airflow/example_dags/example_local_kubernetes_executor.py for tasks to queue
[2026-09-27T02:22:15.344+0000] {logging_mixin.py:149} INFO - [2026-09-27T02:22:15.343+0000] {dagbag.py:541} INFO - Filling up the DagBag from /home/airflow/.local/lib/python3.7/site-packages/airflow/example_dags/example_local_kubernetes_executor.py
[2026-09-27T02:22:15.765+0000] {processor.py:809} INFO - DAG(s) dict_keys(['example_local_kubernetes_executor']) retrieved from /home/airflow/.local/lib/python3.7/site-packages/airflow/example_dags/example_local_kubernetes_executor.py
[2026-09-27T02:22:15.820+0000] {logging_mixin.py:149} INFO - [2026-09-27T02:22:15.820+0000] {dag.py:2726} INFO - Sync 1 DAGs
[2026-09-27T02:22:15.864+0000] {logging_mixin.py:149} INFO - [2026-09-27T02:22:15.864+0000] {dag.py:3490} INFO - Setting next_dagrun for example_local_kubernetes_executor to None, run_after=None
[2026-09-27T02:22:15.896+0000] {processor.py:178} INFO - Processing /home/airflow/.local/lib/python3.7/site-packages/airflow/example_dags/example_local_kubernetes_executor.py took 0.566 seconds
[2026-09-27T02:22:46.641+0000] {processor.py:156} INFO - Started process (PID=1812) to work on /home/airflow/.local/lib/python3.7/site-packages/airflow/example_dags/example_local_kubernetes_executor.py
[2026-09-27T02:22:46.644+0000] {processor.py:799} INFO - Processing file /home/airflow/.local/lib/python3.7/site-packages/airflow/example_dags/example_local_kubernetes_executor.py for tasks to queue
[2026-09-27T02:22:46.645+0000] {logging_mixin.py:149} INFO - [2026-09-27T02:22:46.645+0000] {dagbag.py:541} INFO - Filling up the DagBag from /home/airflow/.local/lib/python3.7/site-packages/airflow/example_dags/example_local_kubernetes_executor.py
[2026-09-27T02:22:47.038+0000] {processor.py:809} INFO - DAG(s) dict_keys(['example_local_kubernetes_executor']) retrieved from /home/airflow/.local/lib/python3.7/site-packages/airflow/example_dags/example_local_kubernetes_executor.py
[2026-09-27T02:22:47.098+0000] {logging_mixin.py:149} INFO - [2026-09-27T02:22:47.098+0000] {dag.py:2726} INFO - Sync 1 DAGs
[2026-09-27T02:22:47.141+0000] {logging_mixin.py:149} INFO - [2026-09-27T02:22:47.141+0000] {dag.py:3490} INFO - Setting next_dagrun for example_local_kubernetes_executor to None, run_after=None
[2026-09-27T02:22:47.174+0000] {processor.py:178} INFO - Processing /home/airflow/.local/lib/python3.7/site-packages/airflow/example_dags/example_local_kubernetes_executor.py took 0.539 seconds
[2026-09-27T02:23:17.934+0000] {processor.py:156} INFO - Started process (PID=1868) to work on /home/airflow/.local/lib/python3.7/site-packages/airflow/example_dags/example_local_kubernetes_executor.py
[2026-09-27T02:23:17.936+0000] {processor.py:799} INFO - Processing file /home/airflow/.local/lib/python3.7/site-packages/airflow/example_dags/example_local_kubernetes_executor.py for tasks to queue
[2026-09-27T02:23:17.937+0000] {logging_mixin.py:149} INFO - [2026-09-27T02:23:17.937+0000] {dagbag.py:541} INFO - Filling up the DagBag from /home/airflow/.local/lib/python3.7/site-packages/airflow/example_dags/example_local_kubernetes_executor.py
[2026-09-27T02:23:18.325+0000] {processor.py:809} INFO - DAG(s) dict_keys(['example_local_kubernetes_executor']) retrieved from /home/airflow/.local/lib/python3.7/site-packages/airflow/example_dags/example_local_kubernetes_executor.py
[2026-09-27T02:23:18.388+0000] {logging_mixin.py:149} INFO - [2026-09-27T02:23:18.388+0000] {dag.py:2726} INFO - Sync 1 DAGs
[2026-09-27T02:23:18.437+0000] {logging_mixin.py:149} INFO - [2026-09-27T02:23:18.436+0000] {dag.py:3490} INFO - Setting next_dagrun for example_local_kubernetes_executor to None, run_after=None
[2026-09-27T02:23:18.471+0000] {processor.py:178} INFO - Processing /home/airflow/.local/lib/python3.7/site-packages/airflow/example_dags/example_local_kubernetes_executor.py took 0.548 seconds
[2026-09-27T02:23:49.469+0000] {processor.py:156} INFO - Started process (PID=1924) to work on /home/airflow/.local/lib/python3.7/site-packages/airflow/example_dags/example_local_kubernetes_executor.py
[2026-09-27T02:23:49.471+0000] {processor.py:799} INFO - Processing file /home/airflow/.local/lib/python3.7/site-packages/airflow/example_dags/example_local_kubernetes_executor.py for tasks to queue
[2026-09-27T02:23:49.473+0000] {logging_mixin.py:149} INFO - [2026-09-27T02:23:49.472+0000] {dagbag.py:541} INFO - Filling up the DagBag from /home/airflow/.local/lib/python3.7/site-packages/airflow/example_dags/example_local_kubernetes_executor.py
[2026-09-27T02:23:49.867+0000] {processor.py:809} INFO - DAG(s) dict_keys(['example_local_kubernetes_executor']) retrieved from /home/airflow/.local/lib/python3.7/site-packages/airflow/example_dags/example_local_kubernetes_executor.py
[2026-09-27T02:23:49.932+0000] {logging_mixin.py:149} INFO - [2026-09-27T02:23:49.932+0000] {dag.py:2726} INFO - Sync 1 DAGs
[2026-09-27T02:23:49.980+0000] {logging_mixin.py:149} INFO - [2026-09-27T02:23:49.980+0000] {dag.py:3490} INFO - Setting next_dagrun for example_local_kubernetes_executor to None, run_after=None
[2026-09-27T02:23:50.013+0000] {processor.py:178} INFO - Processing /home/airflow/.local/lib/python3.7/site-packages/airflow/example_dags/example_local_kubernetes_executor.py took 0.549 seconds
[2026-09-27T02:24:20.610+0000] {processor.py:156} INFO - Started process (PID=1980) to work on /home/airflow/.local/lib/python3.7/site-packages/airflow/example_dags/example_local_kubernetes_executor.py
[2026-09-27T02:24:20.612+0000] {processor.py:799} INFO - Processing file /home/airflow/.local/lib/python3.7/site-packages/airflow/example_dags/example_local_kubernetes_executor.py for tasks to queue
[2026-09-27T02:24:20.613+0000] {logging_mixin.py:149} INFO - [2026-09-27T02:24:20.613+0000] {dagbag.py:541} INFO - Filling up the DagBag from /home/airflow/.local/lib/python3.7/site-packages/airflow/example_dags/example_local_kubernetes_executor.py
[2026-09-27T02:24:20.998+0000] {processor.py:809} INFO - DAG(s) dict_keys(['example_local_kubernetes_executor']) retrieved from /home/airflow/.local/lib/python3.7/site-packages/airflow/example_dags/example_local_kubernetes_executor.py
[2026-09-27T02:24:21.052+0000] {logging_mixin.py:149} INFO - [2026-09-27T02:24:21.052+0000] {dag.py:2726} INFO - Sync 1 DAGs
[2026-09-27T02:24:21.092+0000] {logging_mixin.py:149} INFO - [2026-09-27T02:24:21.092+0000] {dag.py:3490} INFO - Setting next_dagrun for example_local_kubernetes_executor to None, run_after=None
[2026-09-27T02:24:21.133+0000] {processor.py:178} INFO - Processing /home/airflow/.local/lib/python3.7/site-packages/airflow/example_dags/example_local_kubernetes_executor.py took 0.531 seconds
[2026-09-27T02:24:52.135+0000] {processor.py:156} INFO - Started process (PID=2036) to work on /home/airflow/.local/lib/python3.7/site-packages/airflow/example_dags/example_local_kubernetes_executor.py
[2026-09-27T02:24:52.136+0000] {processor.py:799} INFO - Processing file /home/airflow/.local/lib/python3.7/site-packages/airflow/example_dags/example_local_kubernetes_executor.py for tasks to queue
[2026-09-27T02:24:52.138+0000] {logging_mixin.py:149} INFO - [2026-09-27T02:24:52.137+0000] {dagbag.py:541} INFO - Filling up the DagBag from /home/airflow/.local/lib/python3.7/site-packages/airflow/example_dags/example_local_kubernetes_executor.py
[2026-09-27T02:24:52.531+0000] {processor.py:809} INFO - DAG(s) dict_keys(['example_local_kubernetes_executor']) retrieved from /home/airflow/.local/lib/python3.7/site-packages/airflow/example_dags/example_local_kubernetes_executor.py
[2026-09-27T02:24:52.591+0000] {logging_mixin.py:149} INFO - [2026-09-27T02:24:52.591+0000] {dag.py:2726} INFO - Sync 1 DAGs
[2026-09-27T02:24:52.635+0000] {logging_mixin.py:149} INFO - [2026-09-27T02:24:52.635+0000] {dag.py:3490} INFO - Setting next_dagrun for example_local_kubernetes_executor to None, run_after=None
[2026-09-27T02:24:52.666+0000] {processor.py:178} INFO - Processing /home/airflow/.local/lib/python3.7/site-packages/airflow/example_dags/example_local_kubernetes_executor.py took 0.537 seconds
[2026-09-27T02:25:23.273+0000] {processor.py:156} INFO - Started process (PID=2092) to work on /home/airflow/.local/lib/python3.7/site-packages/airflow/example_dags/example_local_kubernetes_executor.py
[2026-09-27T02:25:23.276+0000] {processor.py:799} INFO - Processing file /home/airflow/.local/lib/python3.7/site-packages/airflow/example_dags/example_local_kubernetes_executor.py for tasks to queue
[2026-09-27T02:25:23.277+0000] {logging_mixin.py:149} INFO - [2026-09-27T02:25:23.277+0000] {dagbag.py:541} INFO - Filling up the DagBag from /home/airflow/.local/lib/python3.7/site-packages/airflow/example_dags/example_local_kubernetes_executor.py
[2026-09-27T02:25:23.635+0000] {processor.py:809} INFO - DAG(s) dict_keys(['example_local_kubernetes_executor']) retrieved from /home/airflow/.local/lib/python3.7/site-packages/airflow/example_dags/example_local_kubernetes_executor.py
[2026-09-27T02:25:23.693+0000] {logging_mixin.py:149} INFO - [2026-09-27T02:25:23.692+0000] {dag.py:2726} INFO - Sync 1 DAGs
[2026-09-27T02:25:23.741+0000] {logging_mixin.py:149} INFO - [2026-09-27T02:25:23.740+0000] {dag.py:3490} INFO - Setting next_dagrun for example_local_kubernetes_executor to None, run_after=None
[2026-09-27T02:25:23.773+0000] {processor.py:178} INFO - Processing /home/airflow/.local/lib/python3.7/site-packages/airflow/example_dags/example_local_kubernetes_executor.py took 0.507 seconds
[2026-09-27T02:25:53.904+0000] {processor.py:156} INFO - Started process (PID=2148) to work on /home/airflow/.local/lib/python3.7/site-packages/airflow/example_dags/example_local_kubernetes_executor.py
[2026-09-27T02:25:53.907+0000] {processor.py:799} INFO - Processing file /home/airflow/.local/lib/python3.7/site-packages/airflow/example_dags/example_local_kubernetes_executor.py for tasks to queue
[2026-09-27T02:25:53.910+0000] {logging_mixin.py:149} INFO - [2026-09-27T02:25:53.909+0000] {dagbag.py:541} INFO - Filling up the DagBag from /home/airflow/.local/lib/python3.7/site-packages/airflow/example_dags/example_local_kubernetes_executor.py
[2026-09-27T02:25:54.258+0000] {processor.py:809} INFO - DAG(s) dict_keys(['example_local_kubernetes_executor']) retrieved from /home/airflow/.local/lib/python3.7/site-packages/airflow/example_dags/example_local_kubernetes_executor.py
[2026-09-27T02:25:54.331+0000] {logging_mixin.py:149} INFO - [2026-09-27T02:25:54.328+0000] {dag.py:2726} INFO - Sync 1 DAGs
[2026-09-27T02:25:54.379+0000] {logging_mixin.py:149} INFO - [2026-09-27T02:25:54.379+0000] {dag.py:3490} INFO - Setting next_dagrun for example_local_kubernetes_executor to None, run_after=None
[2026-09-27T02:25:54.410+0000] {processor.py:178} INFO - Processing /home/airflow/.local/lib/python3.7/site-packages/airflow/example_dags/example_local_kubernetes_executor.py took 0.517 seconds
[2026-09-27T02:26:24.557+0000] {processor.py:156} INFO - Started process (PID=2204) to work on /home/airflow/.local/lib/python3.7/site-packages/airflow/example_dags/example_local_kubernetes_executor.py
[2026-09-27T02:26:24.559+0000] {processor.py:799} INFO - Processing file /home/airflow/.local/lib/python3.7/site-packages/airflow/example_dags/example_local_kubernetes_executor.py for tasks to queue
[2026-09-27T02:26:24.561+0000] {logging_mixin.py:149} INFO - [2026-09-27T02:26:24.560+0000] {dagbag.py:541} INFO - Filling up the DagBag from /home/airflow/.local/lib/python3.7/site-packages/airflow/example_dags/example_local_kubernetes_executor.py
[2026-09-27T02:26:24.929+0000] {processor.py:809} INFO - DAG(s) dict_keys(['example_local_kubernetes_executor']) retrieved from /home/airflow/.local/lib/python3.7/site-packages/airflow/example_dags/example_local_kubernetes_executor.py
[2026-09-27T02:26:24.993+0000] {logging_mixin.py:149} INFO - [2026-09-27T02:26:24.993+0000] {dag.py:2726} INFO - Sync 1 DAGs
[2026-09-27T02:26:25.036+0000] {logging_mixin.py:149} INFO - [2026-09-27T02:26:25.036+0000] {dag.py:3490} INFO - Setting next_dagrun for example_local_kubernetes_executor to None, run_after=None
[2026-09-27T02:26:25.076+0000] {processor.py:178} INFO - Processing /home/airflow/.local/lib/python3.7/site-packages/airflow/example_dags/example_local_kubernetes_executor.py took 0.526 seconds
[2026-09-27T02:37:14.032+0000] {processor.py:156} INFO - Started process (PID=65) to work on /home/airflow/.local/lib/python3.7/site-packages/airflow/example_dags/example_local_kubernetes_executor.py
[2026-09-27T02:37:14.034+0000] {processor.py:799} INFO - Processing file /home/airflow/.local/lib/python3.7/site-packages/airflow/example_dags/example_local_kubernetes_executor.py for tasks to queue
[2026-09-27T02:37:14.035+0000] {logging_mixin.py:149} INFO - [2026-09-27T02:37:14.035+0000] {dagbag.py:541} INFO - Filling up the DagBag from /home/airflow/.local/lib/python3.7/site-packages/airflow/example_dags/example_local_kubernetes_executor.py
[2026-09-27T02:37:16.508+0000] {processor.py:809} INFO - DAG(s) dict_keys(['example_local_kubernetes_executor']) retrieved from /home/airflow/.local/lib/python3.7/site-packages/airflow/example_dags/example_local_kubernetes_executor.py
[2026-09-27T02:37:16.571+0000] {logging_mixin.py:149} INFO - [2026-09-27T02:37:16.571+0000] {dag.py:2726} INFO - Sync 1 DAGs
[2026-09-27T02:37:16.750+0000] {logging_mixin.py:149} INFO - [2026-09-27T02:37:16.750+0000] {dag.py:3490} INFO - Setting next_dagrun for example_local_kubernetes_executor to None, run_after=None
[2026-09-27T02:37:16.826+0000] {processor.py:178} INFO - Processing /home/airflow/.local/lib/python3.7/site-packages/airflow/example_dags/example_local_kubernetes_executor.py took 2.800 seconds
[2026-09-27T02:37:47.495+0000] {processor.py:156} INFO - Started process (PID=121) to work on /home/airflow/.local/lib/python3.7/site-packages/airflow/example_dags/example_local_kubernetes_executor.py
[2026-09-27T02:37:47.497+0000] {processor.py:799} INFO - Processing file /home/airflow/.local/lib/python3.7/site-packages/airflow/example_dags/example_local_kubernetes_executor.py for tasks to queue
[2026-09-27T02:37:47.498+0000] {logging_mixin.py:149} INFO - [2026-09-27T02:37:47.498+0000] {dagbag.py:541} INFO - Filling up the DagBag from /home/airflow/.local/lib/python3.7/site-packages/airflow/example_dags/example_local_kubernetes_executor.py
[2026-09-27T02:37:47.899+0000] {processor.py:809} INFO - DAG(s) dict_keys(['example_local_kubernetes_executor']) retrieved from /home/airflow/.local/lib/python3.7/site-packages/airflow/example_dags/example_local_kubernetes_executor.py
[2026-09-27T02:37:47.958+0000] {logging_mixin.py:149} INFO - [2026-09-27T02:37:47.957+0000] {dag.py:2726} INFO - Sync 1 DAGs
[2026-09-27T02:37:48.006+0000] {logging_mixin.py:149} INFO - [2026-09-27T02:37:48.005+0000] {dag.py:3490} INFO - Setting next_dagrun for example_local_kubernetes_executor to None, run_after=None
[2026-09-27T02:37:48.034+0000] {processor.py:178} INFO - Processing /home/airflow/.local/lib/python3.7/site-packages/airflow/example_dags/example_local_kubernetes_executor.py took 0.547 seconds
[2026-09-27T02:38:18.097+0000] {processor.py:156} INFO - Started process (PID=177) to work on /home/airflow/.local/lib/python3.7/site-packages/airflow/example_dags/example_local_kubernetes_executor.py
[2026-09-27T02:38:18.101+0000] {processor.py:799} INFO - Processing file /home/airflow/.local/lib/python3.7/site-packages/airflow/example_dags/example_local_kubernetes_executor.py for tasks to queue
[2026-09-27T02:38:18.103+0000] {logging_mixin.py:149} INFO - [2026-09-27T02:38:18.102+0000] {dagbag.py:541} INFO - Filling up the DagBag from /home/airflow/.local/lib/python3.7/site-packages/airflow/example_dags/example_local_kubernetes_executor.py
[2026-09-27T02:38:18.475+0000] {processor.py:809} INFO - DAG(s) dict_keys(['example_local_kubernetes_executor']) retrieved from /home/airflow/.local/lib/python3.7/site-packages/airflow/example_dags/example_local_kubernetes_executor.py
[2026-09-27T02:38:18.532+0000] {logging_mixin.py:149} INFO - [2026-09-27T02:38:18.531+0000] {dag.py:2726} INFO - Sync 1 DAGs
[2026-09-27T02:38:18.571+0000] {logging_mixin.py:149} INFO - [2026-09-27T02:38:18.571+0000] {dag.py:3490} INFO - Setting next_dagrun for example_local_kubernetes_executor to None, run_after=None
[2026-09-27T02:38:18.599+0000] {processor.py:178} INFO - Processing /home/airflow/.local/lib/python3.7/site-packages/airflow/example_dags/example_local_kubernetes_executor.py took 0.511 seconds
[2026-09-27T02:38:49.471+0000] {processor.py:156} INFO - Started process (PID=233) to work on /home/airflow/.local/lib/python3.7/site-packages/airflow/example_dags/example_local_kubernetes_executor.py
[2026-09-27T02:38:49.474+0000] {processor.py:799} INFO - Processing file /home/airflow/.local/lib/python3.7/site-packages/airflow/example_dags/example_local_kubernetes_executor.py for tasks to queue
[2026-09-27T02:38:49.475+0000] {logging_mixin.py:149} INFO - [2026-09-27T02:38:49.474+0000] {dagbag.py:541} INFO - Filling up the DagBag from /home/airflow/.local/lib/python3.7/site-packages/airflow/example_dags/example_local_kubernetes_executor.py
[2026-09-27T02:38:49.831+0000] {processor.py:809} INFO - DAG(s) dict_keys(['example_local_kubernetes_executor']) retrieved from /home/airflow/.local/lib/python3.7/site-packages/airflow/example_dags/example_local_kubernetes_executor.py
[2026-09-27T02:38:49.887+0000] {logging_mixin.py:149} INFO - [2026-09-27T02:38:49.887+0000] {dag.py:2726} INFO - Sync 1 DAGs
[2026-09-27T02:38:49.928+0000] {logging_mixin.py:149} INFO - [2026-09-27T02:38:49.928+0000] {dag.py:3490} INFO - Setting next_dagrun for example_local_kubernetes_executor to None, run_after=None
[2026-09-27T02:38:49.955+0000] {processor.py:178} INFO - Processing /home/airflow/.local/lib/python3.7/site-packages/airflow/example_dags/example_local_kubernetes_executor.py took 0.492 seconds
[2026-09-27T02:39:20.116+0000] {processor.py:156} INFO - Started process (PID=289) to work on /home/airflow/.local/lib/python3.7/site-packages/airflow/example_dags/example_local_kubernetes_executor.py
[2026-09-27T02:39:20.118+0000] {processor.py:799} INFO - Processing file /home/airflow/.local/lib/python3.7/site-packages/airflow/example_dags/example_local_kubernetes_executor.py for tasks to queue
[2026-09-27T02:39:20.119+0000] {logging_mixin.py:149} INFO - [2026-09-27T02:39:20.119+0000] {dagbag.py:541} INFO - Filling up the DagBag from /home/airflow/.local/lib/python3.7/site-packages/airflow/example_dags/example_local_kubernetes_executor.py
[2026-09-27T02:39:20.480+0000] {processor.py:809} INFO - DAG(s) dict_keys(['example_local_kubernetes_executor']) retrieved from /home/airflow/.local/lib/python3.7/site-packages/airflow/example_dags/example_local_kubernetes_executor.py
[2026-09-27T02:39:20.536+0000] {logging_mixin.py:149} INFO - [2026-09-27T02:39:20.536+0000] {dag.py:2726} INFO - Sync 1 DAGs
[2026-09-27T02:39:20.585+0000] {logging_mixin.py:149} INFO - [2026-09-27T02:39:20.585+0000] {dag.py:3490} INFO - Setting next_dagrun for example_local_kubernetes_executor to None, run_after=None
[2026-09-27T02:39:20.621+0000] {processor.py:178} INFO - Processing /home/airflow/.local/lib/python3.7/site-packages/airflow/example_dags/example_local_kubernetes_executor.py took 0.511 seconds
[2026-09-27T02:39:50.810+0000] {processor.py:156} INFO - Started process (PID=345) to work on /home/airflow/.local/lib/python3.7/site-packages/airflow/example_dags/example_local_kubernetes_executor.py
[2026-09-27T02:39:50.812+0000] {processor.py:799} INFO - Processing file /home/airflow/.local/lib/python3.7/site-packages/airflow/example_dags/example_local_kubernetes_executor.py for tasks to queue
[2026-09-27T02:39:50.813+0000] {logging_mixin.py:149} INFO - [2026-09-27T02:39:50.812+0000] {dagbag.py:541} INFO - Filling up the DagBag from /home/airflow/.local/lib/python3.7/site-packages/airflow/example_dags/example_local_kubernetes_executor.py
[2026-09-27T02:39:51.197+0000] {processor.py:809} INFO - DAG(s) dict_keys(['example_local_kubernetes_executor']) retrieved from /home/airflow/.local/lib/python3.7/site-packages/airflow/example_dags/example_local_kubernetes_executor.py
[2026-09-27T02:39:51.249+0000] {logging_mixin.py:149} INFO - [2026-09-27T02:39:51.249+0000] {dag.py:2726} INFO - Sync 1 DAGs
[2026-09-27T02:39:51.289+0000] {logging_mixin.py:149} INFO - [2026-09-27T02:39:51.289+0000] {dag.py:3490} INFO - Setting next_dagrun for example_local_kubernetes_executor to None, run_after=None
[2026-09-27T02:39:51.322+0000] {processor.py:178} INFO - Processing /home/airflow/.local/lib/python3.7/site-packages/airflow/example_dags/example_local_kubernetes_executor.py took 0.518 seconds
[2026-09-27T02:44:59.605+0000] {processor.py:156} INFO - Started process (PID=66) to work on /home/airflow/.local/lib/python3.7/site-packages/airflow/example_dags/example_local_kubernetes_executor.py
[2026-09-27T02:44:59.610+0000] {processor.py:799} INFO - Processing file /home/airflow/.local/lib/python3.7/site-packages/airflow/example_dags/example_local_kubernetes_executor.py for tasks to queue
[2026-09-27T02:44:59.611+0000] {logging_mixin.py:149} INFO - [2026-09-27T02:44:59.611+0000] {dagbag.py:541} INFO - Filling up the DagBag from /home/airflow/.local/lib/python3.7/site-packages/airflow/example_dags/example_local_kubernetes_executor.py
[2026-09-27T02:45:01.955+0000] {processor.py:809} INFO - DAG(s) dict_keys(['example_local_kubernetes_executor']) retrieved from /home/airflow/.local/lib/python3.7/site-packages/airflow/example_dags/example_local_kubernetes_executor.py
[2026-09-27T02:45:02.005+0000] {logging_mixin.py:149} INFO - [2026-09-27T02:45:02.005+0000] {dag.py:2726} INFO - Sync 1 DAGs
[2026-09-27T02:45:02.076+0000] {logging_mixin.py:149} INFO - [2026-09-27T02:45:02.075+0000] {dag.py:3490} INFO - Setting next_dagrun for example_local_kubernetes_executor to None, run_after=None
[2026-09-27T02:45:02.104+0000] {processor.py:178} INFO - Processing /home/airflow/.local/lib/python3.7/site-packages/airflow/example_dags/example_local_kubernetes_executor.py took 2.505 seconds
[2026-09-27T02:45:32.835+0000] {processor.py:156} INFO - Started process (PID=122) to work on /home/airflow/.local/lib/python3.7/site-packages/airflow/example_dags/example_local_kubernetes_executor.py
[2026-09-27T02:45:32.837+0000] {processor.py:799} INFO - Processing file /home/airflow/.local/lib/python3.7/site-packages/airflow/example_dags/example_local_kubernetes_executor.py for tasks to queue
[2026-09-27T02:45:32.838+0000] {logging_mixin.py:149} INFO - [2026-09-27T02:45:32.838+0000] {dagbag.py:541} INFO - Filling up the DagBag from /home/airflow/.local/lib/python3.7/site-packages/airflow/example_dags/example_local_kubernetes_executor.py
[2026-09-27T02:45:33.244+0000] {processor.py:809} INFO - DAG(s) dict_keys(['example_local_kubernetes_executor']) retrieved from /home/airflow/.local/lib/python3.7/site-packages/airflow/example_dags/example_local_kubernetes_executor.py
[2026-09-27T02:45:33.305+0000] {logging_mixin.py:149} INFO - [2026-09-27T02:45:33.304+0000] {dag.py:2726} INFO - Sync 1 DAGs
[2026-09-27T02:45:33.351+0000] {logging_mixin.py:149} INFO - [2026-09-27T02:45:33.351+0000] {dag.py:3490} INFO - Setting next_dagrun for example_local_kubernetes_executor to None, run_after=None
[2026-09-27T02:45:33.378+0000] {processor.py:178} INFO - Processing /home/airflow/.local/lib/python3.7/site-packages/airflow/example_dags/example_local_kubernetes_executor.py took 0.551 seconds
[2026-09-27T02:46:04.168+0000] {processor.py:156} INFO - Started process (PID=178) to work on /home/airflow/.local/lib/python3.7/site-packages/airflow/example_dags/example_local_kubernetes_executor.py
[2026-09-27T02:46:04.173+0000] {processor.py:799} INFO - Processing file /home/airflow/.local/lib/python3.7/site-packages/airflow/example_dags/example_local_kubernetes_executor.py for tasks to queue
[2026-09-27T02:46:04.174+0000] {logging_mixin.py:149} INFO - [2026-09-27T02:46:04.174+0000] {dagbag.py:541} INFO - Filling up the DagBag from /home/airflow/.local/lib/python3.7/site-packages/airflow/example_dags/example_local_kubernetes_executor.py
[2026-09-27T02:46:04.531+0000] {processor.py:809} INFO - DAG(s) dict_keys(['example_local_kubernetes_executor']) retrieved from /home/airflow/.local/lib/python3.7/site-packages/airflow/example_dags/example_local_kubernetes_executor.py
[2026-09-27T02:46:04.588+0000] {logging_mixin.py:149} INFO - [2026-09-27T02:46:04.587+0000] {dag.py:2726} INFO - Sync 1 DAGs
[2026-09-27T02:46:04.633+0000] {logging_mixin.py:149} INFO - [2026-09-27T02:46:04.633+0000] {dag.py:3490} INFO - Setting next_dagrun for example_local_kubernetes_executor to None, run_after=None
[2026-09-27T02:46:04.668+0000] {processor.py:178} INFO - Processing /home/airflow/.local/lib/python3.7/site-packages/airflow/example_dags/example_local_kubernetes_executor.py took 0.508 seconds
[2026-09-27T02:46:34.890+0000] {processor.py:156} INFO - Started process (PID=234) to work on /home/airflow/.local/lib/python3.7/site-packages/airflow/example_dags/example_local_kubernetes_executor.py
[2026-09-27T02:46:34.895+0000] {processor.py:799} INFO - Processing file /home/airflow/.local/lib/python3.7/site-packages/airflow/example_dags/example_local_kubernetes_executor.py for tasks to queue
[2026-09-27T02:46:34.896+0000] {logging_mixin.py:149} INFO - [2026-09-27T02:46:34.896+0000] {dagbag.py:541} INFO - Filling up the DagBag from /home/airflow/.local/lib/python3.7/site-packages/airflow/example_dags/example_local_kubernetes_executor.py
[2026-09-27T02:46:35.271+0000] {processor.py:809} INFO - DAG(s) dict_keys(['example_local_kubernetes_executor']) retrieved from /home/airflow/.local/lib/python3.7/site-packages/airflow/example_dags/example_local_kubernetes_executor.py
[2026-09-27T02:46:35.333+0000] {logging_mixin.py:149} INFO - [2026-09-27T02:46:35.333+0000] {dag.py:2726} INFO - Sync 1 DAGs
[2026-09-27T02:46:35.372+0000] {logging_mixin.py:149} INFO - [2026-09-27T02:46:35.372+0000] {dag.py:3490} INFO - Setting next_dagrun for example_local_kubernetes_executor to None, run_after=None
[2026-09-27T02:46:35.400+0000] {processor.py:178} INFO - Processing /home/airflow/.local/lib/python3.7/site-packages/airflow/example_dags/example_local_kubernetes_executor.py took 0.515 seconds
[2026-09-27T02:47:05.558+0000] {processor.py:156} INFO - Started process (PID=291) to work on /home/airflow/.local/lib/python3.7/site-packages/airflow/example_dags/example_local_kubernetes_executor.py
[2026-09-27T02:47:05.560+0000] {processor.py:799} INFO - Processing file /home/airflow/.local/lib/python3.7/site-packages/airflow/example_dags/example_local_kubernetes_executor.py for tasks to queue
[2026-09-27T02:47:05.561+0000] {logging_mixin.py:149} INFO - [2026-09-27T02:47:05.561+0000] {dagbag.py:541} INFO - Filling up the DagBag from /home/airflow/.local/lib/python3.7/site-packages/airflow/example_dags/example_local_kubernetes_executor.py
[2026-09-27T02:47:05.915+0000] {processor.py:809} INFO - DAG(s) dict_keys(['example_local_kubernetes_executor']) retrieved from /home/airflow/.local/lib/python3.7/site-packages/airflow/example_dags/example_local_kubernetes_executor.py
[2026-09-27T02:47:05.971+0000] {logging_mixin.py:149} INFO - [2026-09-27T02:47:05.971+0000] {dag.py:2726} INFO - Sync 1 DAGs
[2026-09-27T02:47:06.015+0000] {logging_mixin.py:149} INFO - [2026-09-27T02:47:06.014+0000] {dag.py:3490} INFO - Setting next_dagrun for example_local_kubernetes_executor to None, run_after=None
[2026-09-27T02:47:06.048+0000] {processor.py:178} INFO - Processing /home/airflow/.local/lib/python3.7/site-packages/airflow/example_dags/example_local_kubernetes_executor.py took 0.496 seconds
[2026-09-27T02:47:36.124+0000] {processor.py:156} INFO - Started process (PID=347) to work on /home/airflow/.local/lib/python3.7/site-packages/airflow/example_dags/example_local_kubernetes_executor.py
[2026-09-27T02:47:36.126+0000] {processor.py:799} INFO - Processing file /home/airflow/.local/lib/python3.7/site-packages/airflow/example_dags/example_local_kubernetes_executor.py for tasks to queue
[2026-09-27T02:47:36.127+0000] {logging_mixin.py:149} INFO - [2026-09-27T02:47:36.127+0000] {dagbag.py:541} INFO - Filling up the DagBag from /home/airflow/.local/lib/python3.7/site-packages/airflow/example_dags/example_local_kubernetes_executor.py
[2026-09-27T02:47:36.504+0000] {processor.py:809} INFO - DAG(s) dict_keys(['example_local_kubernetes_executor']) retrieved from /home/airflow/.local/lib/python3.7/site-packages/airflow/example_dags/example_local_kubernetes_executor.py
[2026-09-27T02:47:36.566+0000] {logging_mixin.py:149} INFO - [2026-09-27T02:47:36.566+0000] {dag.py:2726} INFO - Sync 1 DAGs
[2026-09-27T02:47:36.608+0000] {logging_mixin.py:149} INFO - [2026-09-27T02:47:36.608+0000] {dag.py:3490} INFO - Setting next_dagrun for example_local_kubernetes_executor to None, run_after=None
[2026-09-27T02:47:36.642+0000] {processor.py:178} INFO - Processing /home/airflow/.local/lib/python3.7/site-packages/airflow/example_dags/example_local_kubernetes_executor.py took 0.525 seconds
[2026-09-27T02:48:07.311+0000] {processor.py:156} INFO - Started process (PID=403) to work on /home/airflow/.local/lib/python3.7/site-packages/airflow/example_dags/example_local_kubernetes_executor.py
[2026-09-27T02:48:07.314+0000] {processor.py:799} INFO - Processing file /home/airflow/.local/lib/python3.7/site-packages/airflow/example_dags/example_local_kubernetes_executor.py for tasks to queue
[2026-09-27T02:48:07.316+0000] {logging_mixin.py:149} INFO - [2026-09-27T02:48:07.316+0000] {dagbag.py:541} INFO - Filling up the DagBag from /home/airflow/.local/lib/python3.7/site-packages/airflow/example_dags/example_local_kubernetes_executor.py
[2026-09-27T02:48:07.776+0000] {processor.py:809} INFO - DAG(s) dict_keys(['example_local_kubernetes_executor']) retrieved from /home/airflow/.local/lib/python3.7/site-packages/airflow/example_dags/example_local_kubernetes_executor.py
[2026-09-27T02:48:07.864+0000] {logging_mixin.py:149} INFO - [2026-09-27T02:48:07.863+0000] {dag.py:2726} INFO - Sync 1 DAGs
[2026-09-27T02:48:07.920+0000] {logging_mixin.py:149} INFO - [2026-09-27T02:48:07.919+0000] {dag.py:3490} INFO - Setting next_dagrun for example_local_kubernetes_executor to None, run_after=None
[2026-09-27T02:48:07.956+0000] {processor.py:178} INFO - Processing /home/airflow/.local/lib/python3.7/site-packages/airflow/example_dags/example_local_kubernetes_executor.py took 0.654 seconds
[2026-09-27T02:48:38.078+0000] {processor.py:156} INFO - Started process (PID=459) to work on /home/airflow/.local/lib/python3.7/site-packages/airflow/example_dags/example_local_kubernetes_executor.py
[2026-09-27T02:48:38.082+0000] {processor.py:799} INFO - Processing file /home/airflow/.local/lib/python3.7/site-packages/airflow/example_dags/example_local_kubernetes_executor.py for tasks to queue
[2026-09-27T02:48:38.084+0000] {logging_mixin.py:149} INFO - [2026-09-27T02:48:38.084+0000] {dagbag.py:541} INFO - Filling up the DagBag from /home/airflow/.local/lib/python3.7/site-packages/airflow/example_dags/example_local_kubernetes_executor.py
[2026-09-27T02:48:38.479+0000] {processor.py:809} INFO - DAG(s) dict_keys(['example_local_kubernetes_executor']) retrieved from /home/airflow/.local/lib/python3.7/site-packages/airflow/example_dags/example_local_kubernetes_executor.py
[2026-09-27T02:48:38.537+0000] {logging_mixin.py:149} INFO - [2026-09-27T02:48:38.537+0000] {dag.py:2726} INFO - Sync 1 DAGs
[2026-09-27T02:48:38.580+0000] {logging_mixin.py:149} INFO - [2026-09-27T02:48:38.580+0000] {dag.py:3490} INFO - Setting next_dagrun for example_local_kubernetes_executor to None, run_after=None
[2026-09-27T02:48:38.610+0000] {processor.py:178} INFO - Processing /home/airflow/.local/lib/python3.7/site-packages/airflow/example_dags/example_local_kubernetes_executor.py took 0.539 seconds
[2026-09-27T02:49:09.300+0000] {processor.py:156} INFO - Started process (PID=514) to work on /home/airflow/.local/lib/python3.7/site-packages/airflow/example_dags/example_local_kubernetes_executor.py
[2026-09-27T02:49:09.302+0000] {processor.py:799} INFO - Processing file /home/airflow/.local/lib/python3.7/site-packages/airflow/example_dags/example_local_kubernetes_executor.py for tasks to queue
[2026-09-27T02:49:09.304+0000] {logging_mixin.py:149} INFO - [2026-09-27T02:49:09.303+0000] {dagbag.py:541} INFO - Filling up the DagBag from /home/airflow/.local/lib/python3.7/site-packages/airflow/example_dags/example_local_kubernetes_executor.py
[2026-09-27T02:49:09.662+0000] {processor.py:809} INFO - DAG(s) dict_keys(['example_local_kubernetes_executor']) retrieved from /home/airflow/.local/lib/python3.7/site-packages/airflow/example_dags/example_local_kubernetes_executor.py
[2026-09-27T02:49:09.719+0000] {logging_mixin.py:149} INFO - [2026-09-27T02:49:09.718+0000] {dag.py:2726} INFO - Sync 1 DAGs
[2026-09-27T02:49:09.760+0000] {logging_mixin.py:149} INFO - [2026-09-27T02:49:09.759+0000] {dag.py:3490} INFO - Setting next_dagrun for example_local_kubernetes_executor to None, run_after=None
[2026-09-27T02:49:09.789+0000] {processor.py:178} INFO - Processing /home/airflow/.local/lib/python3.7/site-packages/airflow/example_dags/example_local_kubernetes_executor.py took 0.495 seconds
[2026-09-27T02:49:40.326+0000] {processor.py:156} INFO - Started process (PID=570) to work on /home/airflow/.local/lib/python3.7/site-packages/airflow/example_dags/example_local_kubernetes_executor.py
[2026-09-27T02:49:40.327+0000] {processor.py:799} INFO - Processing file /home/airflow/.local/lib/python3.7/site-packages/airflow/example_dags/example_local_kubernetes_executor.py for tasks to queue
[2026-09-27T02:49:40.329+0000] {logging_mixin.py:149} INFO - [2026-09-27T02:49:40.329+0000] {dagbag.py:541} INFO - Filling up the DagBag from /home/airflow/.local/lib/python3.7/site-packages/airflow/example_dags/example_local_kubernetes_executor.py
[2026-09-27T02:49:40.694+0000] {processor.py:809} INFO - DAG(s) dict_keys(['example_local_kubernetes_executor']) retrieved from /home/airflow/.local/lib/python3.7/site-packages/airflow/example_dags/example_local_kubernetes_executor.py
[2026-09-27T02:49:40.762+0000] {logging_mixin.py:149} INFO - [2026-09-27T02:49:40.762+0000] {dag.py:2726} INFO - Sync 1 DAGs
[2026-09-27T02:49:40.806+0000] {logging_mixin.py:149} INFO - [2026-09-27T02:49:40.806+0000] {dag.py:3490} INFO - Setting next_dagrun for example_local_kubernetes_executor to None, run_after=None
[2026-09-27T02:49:40.837+0000] {processor.py:178} INFO - Processing /home/airflow/.local/lib/python3.7/site-packages/airflow/example_dags/example_local_kubernetes_executor.py took 0.517 seconds
[2026-09-27T02:50:10.913+0000] {processor.py:156} INFO - Started process (PID=626) to work on /home/airflow/.local/lib/python3.7/site-packages/airflow/example_dags/example_local_kubernetes_executor.py
[2026-09-27T02:50:10.915+0000] {processor.py:799} INFO - Processing file /home/airflow/.local/lib/python3.7/site-packages/airflow/example_dags/example_local_kubernetes_executor.py for tasks to queue
[2026-09-27T02:50:10.916+0000] {logging_mixin.py:149} INFO - [2026-09-27T02:50:10.916+0000] {dagbag.py:541} INFO - Filling up the DagBag from /home/airflow/.local/lib/python3.7/site-packages/airflow/example_dags/example_local_kubernetes_executor.py
[2026-09-27T02:50:11.304+0000] {processor.py:809} INFO - DAG(s) dict_keys(['example_local_kubernetes_executor']) retrieved from /home/airflow/.local/lib/python3.7/site-packages/airflow/example_dags/example_local_kubernetes_executor.py
[2026-09-27T02:50:11.363+0000] {logging_mixin.py:149} INFO - [2026-09-27T02:50:11.362+0000] {dag.py:2726} INFO - Sync 1 DAGs
[2026-09-27T02:50:11.416+0000] {logging_mixin.py:149} INFO - [2026-09-27T02:50:11.416+0000] {dag.py:3490} INFO - Setting next_dagrun for example_local_kubernetes_executor to None, run_after=None
[2026-09-27T02:50:11.452+0000] {processor.py:178} INFO - Processing /home/airflow/.local/lib/python3.7/site-packages/airflow/example_dags/example_local_kubernetes_executor.py took 0.546 seconds
[2026-09-27T02:50:41.546+0000] {processor.py:156} INFO - Started process (PID=682) to work on /home/airflow/.local/lib/python3.7/site-packages/airflow/example_dags/example_local_kubernetes_executor.py
[2026-09-27T02:50:41.547+0000] {processor.py:799} INFO - Processing file /home/airflow/.local/lib/python3.7/site-packages/airflow/example_dags/example_local_kubernetes_executor.py for tasks to queue
[2026-09-27T02:50:41.548+0000] {logging_mixin.py:149} INFO - [2026-09-27T02:50:41.548+0000] {dagbag.py:541} INFO - Filling up the DagBag from /home/airflow/.local/lib/python3.7/site-packages/airflow/example_dags/example_local_kubernetes_executor.py
[2026-09-27T02:50:41.924+0000] {processor.py:809} INFO - DAG(s) dict_keys(['example_local_kubernetes_executor']) retrieved from /home/airflow/.local/lib/python3.7/site-packages/airflow/example_dags/example_local_kubernetes_executor.py
[2026-09-27T02:50:41.984+0000] {logging_mixin.py:149} INFO - [2026-09-27T02:50:41.983+0000] {dag.py:2726} INFO - Sync 1 DAGs
[2026-09-27T02:50:42.027+0000] {logging_mixin.py:149} INFO - [2026-09-27T02:50:42.026+0000] {dag.py:3490} INFO - Setting next_dagrun for example_local_kubernetes_executor to None, run_after=None
[2026-09-27T02:50:42.059+0000] {processor.py:178} INFO - Processing /home/airflow/.local/lib/python3.7/site-packages/airflow/example_dags/example_local_kubernetes_executor.py took 0.520 seconds
[2026-09-27T02:51:12.514+0000] {processor.py:156} INFO - Started process (PID=738) to work on /home/airflow/.local/lib/python3.7/site-packages/airflow/example_dags/example_local_kubernetes_executor.py
[2026-09-27T02:51:12.516+0000] {processor.py:799} INFO - Processing file /home/airflow/.local/lib/python3.7/site-packages/airflow/example_dags/example_local_kubernetes_executor.py for tasks to queue
[2026-09-27T02:51:12.517+0000] {logging_mixin.py:149} INFO - [2026-09-27T02:51:12.517+0000] {dagbag.py:541} INFO - Filling up the DagBag from /home/airflow/.local/lib/python3.7/site-packages/airflow/example_dags/example_local_kubernetes_executor.py
[2026-09-27T02:51:12.865+0000] {processor.py:809} INFO - DAG(s) dict_keys(['example_local_kubernetes_executor']) retrieved from /home/airflow/.local/lib/python3.7/site-packages/airflow/example_dags/example_local_kubernetes_executor.py
[2026-09-27T02:51:12.933+0000] {logging_mixin.py:149} INFO - [2026-09-27T02:51:12.933+0000] {dag.py:2726} INFO - Sync 1 DAGs
[2026-09-27T02:51:12.974+0000] {logging_mixin.py:149} INFO - [2026-09-27T02:51:12.973+0000] {dag.py:3490} INFO - Setting next_dagrun for example_local_kubernetes_executor to None, run_after=None
[2026-09-27T02:51:13.006+0000] {processor.py:178} INFO - Processing /home/airflow/.local/lib/python3.7/site-packages/airflow/example_dags/example_local_kubernetes_executor.py took 0.499 seconds
[2026-09-27T02:51:43.220+0000] {processor.py:156} INFO - Started process (PID=794) to work on /home/airflow/.local/lib/python3.7/site-packages/airflow/example_dags/example_local_kubernetes_executor.py
[2026-09-27T02:51:43.221+0000] {processor.py:799} INFO - Processing file /home/airflow/.local/lib/python3.7/site-packages/airflow/example_dags/example_local_kubernetes_executor.py for tasks to queue
[2026-09-27T02:51:43.223+0000] {logging_mixin.py:149} INFO - [2026-09-27T02:51:43.222+0000] {dagbag.py:541} INFO - Filling up the DagBag from /home/airflow/.local/lib/python3.7/site-packages/airflow/example_dags/example_local_kubernetes_executor.py
[2026-09-27T02:51:43.637+0000] {processor.py:809} INFO - DAG(s) dict_keys(['example_local_kubernetes_executor']) retrieved from /home/airflow/.local/lib/python3.7/site-packages/airflow/example_dags/example_local_kubernetes_executor.py
[2026-09-27T02:51:43.695+0000] {logging_mixin.py:149} INFO - [2026-09-27T02:51:43.695+0000] {dag.py:2726} INFO - Sync 1 DAGs
[2026-09-27T02:51:43.740+0000] {logging_mixin.py:149} INFO - [2026-09-27T02:51:43.739+0000] {dag.py:3490} INFO - Setting next_dagrun for example_local_kubernetes_executor to None, run_after=None
[2026-09-27T02:51:43.769+0000] {processor.py:178} INFO - Processing /home/airflow/.local/lib/python3.7/site-packages/airflow/example_dags/example_local_kubernetes_executor.py took 0.557 seconds
[2026-09-27T02:52:14.550+0000] {processor.py:156} INFO - Started process (PID=850) to work on /home/airflow/.local/lib/python3.7/site-packages/airflow/example_dags/example_local_kubernetes_executor.py
[2026-09-27T02:52:14.553+0000] {processor.py:799} INFO - Processing file /home/airflow/.local/lib/python3.7/site-packages/airflow/example_dags/example_local_kubernetes_executor.py for tasks to queue
[2026-09-27T02:52:14.554+0000] {logging_mixin.py:149} INFO - [2026-09-27T02:52:14.554+0000] {dagbag.py:541} INFO - Filling up the DagBag from /home/airflow/.local/lib/python3.7/site-packages/airflow/example_dags/example_local_kubernetes_executor.py
[2026-09-27T02:52:14.912+0000] {processor.py:809} INFO - DAG(s) dict_keys(['example_local_kubernetes_executor']) retrieved from /home/airflow/.local/lib/python3.7/site-packages/airflow/example_dags/example_local_kubernetes_executor.py
[2026-09-27T02:52:14.977+0000] {logging_mixin.py:149} INFO - [2026-09-27T02:52:14.977+0000] {dag.py:2726} INFO - Sync 1 DAGs
[2026-09-27T02:52:15.024+0000] {logging_mixin.py:149} INFO - [2026-09-27T02:52:15.024+0000] {dag.py:3490} INFO - Setting next_dagrun for example_local_kubernetes_executor to None, run_after=None
[2026-09-27T02:52:15.061+0000] {processor.py:178} INFO - Processing /home/airflow/.local/lib/python3.7/site-packages/airflow/example_dags/example_local_kubernetes_executor.py took 0.517 seconds
[2026-09-27T02:52:45.195+0000] {processor.py:156} INFO - Started process (PID=906) to work on /home/airflow/.local/lib/python3.7/site-packages/airflow/example_dags/example_local_kubernetes_executor.py
[2026-09-27T02:52:45.197+0000] {processor.py:799} INFO - Processing file /home/airflow/.local/lib/python3.7/site-packages/airflow/example_dags/example_local_kubernetes_executor.py for tasks to queue
[2026-09-27T02:52:45.199+0000] {logging_mixin.py:149} INFO - [2026-09-27T02:52:45.198+0000] {dagbag.py:541} INFO - Filling up the DagBag from /home/airflow/.local/lib/python3.7/site-packages/airflow/example_dags/example_local_kubernetes_executor.py
[2026-09-27T02:52:45.578+0000] {processor.py:809} INFO - DAG(s) dict_keys(['example_local_kubernetes_executor']) retrieved from /home/airflow/.local/lib/python3.7/site-packages/airflow/example_dags/example_local_kubernetes_executor.py
[2026-09-27T02:52:45.648+0000] {logging_mixin.py:149} INFO - [2026-09-27T02:52:45.648+0000] {dag.py:2726} INFO - Sync 1 DAGs
[2026-09-27T02:52:45.700+0000] {logging_mixin.py:149} INFO - [2026-09-27T02:52:45.700+0000] {dag.py:3490} INFO - Setting next_dagrun for example_local_kubernetes_executor to None, run_after=None
[2026-09-27T02:52:45.732+0000] {processor.py:178} INFO - Processing /home/airflow/.local/lib/python3.7/site-packages/airflow/example_dags/example_local_kubernetes_executor.py took 0.544 seconds
[2026-09-27T02:53:16.050+0000] {processor.py:156} INFO - Started process (PID=962) to work on /home/airflow/.local/lib/python3.7/site-packages/airflow/example_dags/example_local_kubernetes_executor.py
[2026-09-27T02:53:16.052+0000] {processor.py:799} INFO - Processing file /home/airflow/.local/lib/python3.7/site-packages/airflow/example_dags/example_local_kubernetes_executor.py for tasks to queue
[2026-09-27T02:53:16.053+0000] {logging_mixin.py:149} INFO - [2026-09-27T02:53:16.053+0000] {dagbag.py:541} INFO - Filling up the DagBag from /home/airflow/.local/lib/python3.7/site-packages/airflow/example_dags/example_local_kubernetes_executor.py
[2026-09-27T02:53:16.423+0000] {processor.py:809} INFO - DAG(s) dict_keys(['example_local_kubernetes_executor']) retrieved from /home/airflow/.local/lib/python3.7/site-packages/airflow/example_dags/example_local_kubernetes_executor.py
[2026-09-27T02:53:16.488+0000] {logging_mixin.py:149} INFO - [2026-09-27T02:53:16.488+0000] {dag.py:2726} INFO - Sync 1 DAGs
[2026-09-27T02:53:16.535+0000] {logging_mixin.py:149} INFO - [2026-09-27T02:53:16.534+0000] {dag.py:3490} INFO - Setting next_dagrun for example_local_kubernetes_executor to None, run_after=None
[2026-09-27T02:53:16.568+0000] {processor.py:178} INFO - Processing /home/airflow/.local/lib/python3.7/site-packages/airflow/example_dags/example_local_kubernetes_executor.py took 0.525 seconds
[2026-09-27T02:53:47.481+0000] {processor.py:156} INFO - Started process (PID=1018) to work on /home/airflow/.local/lib/python3.7/site-packages/airflow/example_dags/example_local_kubernetes_executor.py
[2026-09-27T02:53:47.482+0000] {processor.py:799} INFO - Processing file /home/airflow/.local/lib/python3.7/site-packages/airflow/example_dags/example_local_kubernetes_executor.py for tasks to queue
[2026-09-27T02:53:47.484+0000] {logging_mixin.py:149} INFO - [2026-09-27T02:53:47.483+0000] {dagbag.py:541} INFO - Filling up the DagBag from /home/airflow/.local/lib/python3.7/site-packages/airflow/example_dags/example_local_kubernetes_executor.py
[2026-09-27T02:53:47.861+0000] {processor.py:809} INFO - DAG(s) dict_keys(['example_local_kubernetes_executor']) retrieved from /home/airflow/.local/lib/python3.7/site-packages/airflow/example_dags/example_local_kubernetes_executor.py
[2026-09-27T02:53:47.931+0000] {logging_mixin.py:149} INFO - [2026-09-27T02:53:47.931+0000] {dag.py:2726} INFO - Sync 1 DAGs
[2026-09-27T02:53:47.975+0000] {logging_mixin.py:149} INFO - [2026-09-27T02:53:47.975+0000] {dag.py:3490} INFO - Setting next_dagrun for example_local_kubernetes_executor to None, run_after=None
[2026-09-27T02:53:48.005+0000] {processor.py:178} INFO - Processing /home/airflow/.local/lib/python3.7/site-packages/airflow/example_dags/example_local_kubernetes_executor.py took 0.533 seconds
[2026-09-27T02:54:18.930+0000] {processor.py:156} INFO - Started process (PID=1074) to work on /home/airflow/.local/lib/python3.7/site-packages/airflow/example_dags/example_local_kubernetes_executor.py
[2026-09-27T02:54:18.931+0000] {processor.py:799} INFO - Processing file /home/airflow/.local/lib/python3.7/site-packages/airflow/example_dags/example_local_kubernetes_executor.py for tasks to queue
[2026-09-27T02:54:18.933+0000] {logging_mixin.py:149} INFO - [2026-09-27T02:54:18.932+0000] {dagbag.py:541} INFO - Filling up the DagBag from /home/airflow/.local/lib/python3.7/site-packages/airflow/example_dags/example_local_kubernetes_executor.py
[2026-09-27T02:54:19.307+0000] {processor.py:809} INFO - DAG(s) dict_keys(['example_local_kubernetes_executor']) retrieved from /home/airflow/.local/lib/python3.7/site-packages/airflow/example_dags/example_local_kubernetes_executor.py
[2026-09-27T02:54:19.371+0000] {logging_mixin.py:149} INFO - [2026-09-27T02:54:19.371+0000] {dag.py:2726} INFO - Sync 1 DAGs
[2026-09-27T02:54:19.419+0000] {logging_mixin.py:149} INFO - [2026-09-27T02:54:19.419+0000] {dag.py:3490} INFO - Setting next_dagrun for example_local_kubernetes_executor to None, run_after=None
[2026-09-27T02:54:19.452+0000] {processor.py:178} INFO - Processing /home/airflow/.local/lib/python3.7/site-packages/airflow/example_dags/example_local_kubernetes_executor.py took 0.529 seconds
[2026-09-27T02:54:49.649+0000] {processor.py:156} INFO - Started process (PID=1130) to work on /home/airflow/.local/lib/python3.7/site-packages/airflow/example_dags/example_local_kubernetes_executor.py
[2026-09-27T02:54:49.654+0000] {processor.py:799} INFO - Processing file /home/airflow/.local/lib/python3.7/site-packages/airflow/example_dags/example_local_kubernetes_executor.py for tasks to queue
[2026-09-27T02:54:49.655+0000] {logging_mixin.py:149} INFO - [2026-09-27T02:54:49.655+0000] {dagbag.py:541} INFO - Filling up the DagBag from /home/airflow/.local/lib/python3.7/site-packages/airflow/example_dags/example_local_kubernetes_executor.py
[2026-09-27T02:54:50.011+0000] {processor.py:809} INFO - DAG(s) dict_keys(['example_local_kubernetes_executor']) retrieved from /home/airflow/.local/lib/python3.7/site-packages/airflow/example_dags/example_local_kubernetes_executor.py
[2026-09-27T02:54:50.075+0000] {logging_mixin.py:149} INFO - [2026-09-27T02:54:50.075+0000] {dag.py:2726} INFO - Sync 1 DAGs
[2026-09-27T02:54:50.115+0000] {logging_mixin.py:149} INFO - [2026-09-27T02:54:50.115+0000] {dag.py:3490} INFO - Setting next_dagrun for example_local_kubernetes_executor to None, run_after=None
[2026-09-27T02:54:50.141+0000] {processor.py:178} INFO - Processing /home/airflow/.local/lib/python3.7/site-packages/airflow/example_dags/example_local_kubernetes_executor.py took 0.499 seconds
[2026-09-27T02:55:20.380+0000] {processor.py:156} INFO - Started process (PID=1187) to work on /home/airflow/.local/lib/python3.7/site-packages/airflow/example_dags/example_local_kubernetes_executor.py
[2026-09-27T02:55:20.382+0000] {processor.py:799} INFO - Processing file /home/airflow/.local/lib/python3.7/site-packages/airflow/example_dags/example_local_kubernetes_executor.py for tasks to queue
[2026-09-27T02:55:20.384+0000] {logging_mixin.py:149} INFO - [2026-09-27T02:55:20.383+0000] {dagbag.py:541} INFO - Filling up the DagBag from /home/airflow/.local/lib/python3.7/site-packages/airflow/example_dags/example_local_kubernetes_executor.py
[2026-09-27T02:55:20.733+0000] {processor.py:809} INFO - DAG(s) dict_keys(['example_local_kubernetes_executor']) retrieved from /home/airflow/.local/lib/python3.7/site-packages/airflow/example_dags/example_local_kubernetes_executor.py
[2026-09-27T02:55:20.794+0000] {logging_mixin.py:149} INFO - [2026-09-27T02:55:20.794+0000] {dag.py:2726} INFO - Sync 1 DAGs
[2026-09-27T02:55:20.834+0000] {logging_mixin.py:149} INFO - [2026-09-27T02:55:20.833+0000] {dag.py:3490} INFO - Setting next_dagrun for example_local_kubernetes_executor to None, run_after=None
[2026-09-27T02:55:20.863+0000] {processor.py:178} INFO - Processing /home/airflow/.local/lib/python3.7/site-packages/airflow/example_dags/example_local_kubernetes_executor.py took 0.488 seconds
[2026-09-27T02:55:51.084+0000] {processor.py:156} INFO - Started process (PID=1244) to work on /home/airflow/.local/lib/python3.7/site-packages/airflow/example_dags/example_local_kubernetes_executor.py
[2026-09-27T02:55:51.087+0000] {processor.py:799} INFO - Processing file /home/airflow/.local/lib/python3.7/site-packages/airflow/example_dags/example_local_kubernetes_executor.py for tasks to queue
[2026-09-27T02:55:51.089+0000] {logging_mixin.py:149} INFO - [2026-09-27T02:55:51.088+0000] {dagbag.py:541} INFO - Filling up the DagBag from /home/airflow/.local/lib/python3.7/site-packages/airflow/example_dags/example_local_kubernetes_executor.py
[2026-09-27T02:55:51.455+0000] {processor.py:809} INFO - DAG(s) dict_keys(['example_local_kubernetes_executor']) retrieved from /home/airflow/.local/lib/python3.7/site-packages/airflow/example_dags/example_local_kubernetes_executor.py
[2026-09-27T02:55:51.516+0000] {logging_mixin.py:149} INFO - [2026-09-27T02:55:51.516+0000] {dag.py:2726} INFO - Sync 1 DAGs
[2026-09-27T02:55:51.563+0000] {logging_mixin.py:149} INFO - [2026-09-27T02:55:51.563+0000] {dag.py:3490} INFO - Setting next_dagrun for example_local_kubernetes_executor to None, run_after=None
[2026-09-27T02:55:51.593+0000] {processor.py:178} INFO - Processing /home/airflow/.local/lib/python3.7/site-packages/airflow/example_dags/example_local_kubernetes_executor.py took 0.517 seconds
[2026-09-27T02:56:22.540+0000] {processor.py:156} INFO - Started process (PID=1300) to work on /home/airflow/.local/lib/python3.7/site-packages/airflow/example_dags/example_local_kubernetes_executor.py
[2026-09-27T02:56:22.542+0000] {processor.py:799} INFO - Processing file /home/airflow/.local/lib/python3.7/site-packages/airflow/example_dags/example_local_kubernetes_executor.py for tasks to queue
[2026-09-27T02:56:22.544+0000] {logging_mixin.py:149} INFO - [2026-09-27T02:56:22.544+0000] {dagbag.py:541} INFO - Filling up the DagBag from /home/airflow/.local/lib/python3.7/site-packages/airflow/example_dags/example_local_kubernetes_executor.py
[2026-09-27T02:56:22.919+0000] {processor.py:809} INFO - DAG(s) dict_keys(['example_local_kubernetes_executor']) retrieved from /home/airflow/.local/lib/python3.7/site-packages/airflow/example_dags/example_local_kubernetes_executor.py
[2026-09-27T02:56:22.983+0000] {logging_mixin.py:149} INFO - [2026-09-27T02:56:22.983+0000] {dag.py:2726} INFO - Sync 1 DAGs
[2026-09-27T02:56:23.036+0000] {logging_mixin.py:149} INFO - [2026-09-27T02:56:23.036+0000] {dag.py:3490} INFO - Setting next_dagrun for example_local_kubernetes_executor to None, run_after=None
[2026-09-27T02:56:23.069+0000] {processor.py:178} INFO - Processing /home/airflow/.local/lib/python3.7/site-packages/airflow/example_dags/example_local_kubernetes_executor.py took 0.536 seconds
[2026-09-27T02:56:53.372+0000] {processor.py:156} INFO - Started process (PID=1357) to work on /home/airflow/.local/lib/python3.7/site-packages/airflow/example_dags/example_local_kubernetes_executor.py
[2026-09-27T02:56:53.373+0000] {processor.py:799} INFO - Processing file /home/airflow/.local/lib/python3.7/site-packages/airflow/example_dags/example_local_kubernetes_executor.py for tasks to queue
[2026-09-27T02:56:53.374+0000] {logging_mixin.py:149} INFO - [2026-09-27T02:56:53.374+0000] {dagbag.py:541} INFO - Filling up the DagBag from /home/airflow/.local/lib/python3.7/site-packages/airflow/example_dags/example_local_kubernetes_executor.py
[2026-09-27T02:56:53.731+0000] {processor.py:809} INFO - DAG(s) dict_keys(['example_local_kubernetes_executor']) retrieved from /home/airflow/.local/lib/python3.7/site-packages/airflow/example_dags/example_local_kubernetes_executor.py
[2026-09-27T02:56:53.792+0000] {logging_mixin.py:149} INFO - [2026-09-27T02:56:53.792+0000] {dag.py:2726} INFO - Sync 1 DAGs
[2026-09-27T02:56:53.834+0000] {logging_mixin.py:149} INFO - [2026-09-27T02:56:53.834+0000] {dag.py:3490} INFO - Setting next_dagrun for example_local_kubernetes_executor to None, run_after=None
[2026-09-27T02:56:53.864+0000] {processor.py:178} INFO - Processing /home/airflow/.local/lib/python3.7/site-packages/airflow/example_dags/example_local_kubernetes_executor.py took 0.498 seconds
[2026-09-27T02:57:24.707+0000] {processor.py:156} INFO - Started process (PID=1413) to work on /home/airflow/.local/lib/python3.7/site-packages/airflow/example_dags/example_local_kubernetes_executor.py
[2026-09-27T02:57:24.709+0000] {processor.py:799} INFO - Processing file /home/airflow/.local/lib/python3.7/site-packages/airflow/example_dags/example_local_kubernetes_executor.py for tasks to queue
[2026-09-27T02:57:24.711+0000] {logging_mixin.py:149} INFO - [2026-09-27T02:57:24.710+0000] {dagbag.py:541} INFO - Filling up the DagBag from /home/airflow/.local/lib/python3.7/site-packages/airflow/example_dags/example_local_kubernetes_executor.py
[2026-09-27T02:57:25.093+0000] {processor.py:809} INFO - DAG(s) dict_keys(['example_local_kubernetes_executor']) retrieved from /home/airflow/.local/lib/python3.7/site-packages/airflow/example_dags/example_local_kubernetes_executor.py
[2026-09-27T02:57:25.155+0000] {logging_mixin.py:149} INFO - [2026-09-27T02:57:25.155+0000] {dag.py:2726} INFO - Sync 1 DAGs
[2026-09-27T02:57:25.201+0000] {logging_mixin.py:149} INFO - [2026-09-27T02:57:25.201+0000] {dag.py:3490} INFO - Setting next_dagrun for example_local_kubernetes_executor to None, run_after=None
[2026-09-27T02:57:25.230+0000] {processor.py:178} INFO - Processing /home/airflow/.local/lib/python3.7/site-packages/airflow/example_dags/example_local_kubernetes_executor.py took 0.530 seconds
[2026-09-27T02:57:56.152+0000] {processor.py:156} INFO - Started process (PID=1469) to work on /home/airflow/.local/lib/python3.7/site-packages/airflow/example_dags/example_local_kubernetes_executor.py
[2026-09-27T02:57:56.153+0000] {processor.py:799} INFO - Processing file /home/airflow/.local/lib/python3.7/site-packages/airflow/example_dags/example_local_kubernetes_executor.py for tasks to queue
[2026-09-27T02:57:56.154+0000] {logging_mixin.py:149} INFO - [2026-09-27T02:57:56.154+0000] {dagbag.py:541} INFO - Filling up the DagBag from /home/airflow/.local/lib/python3.7/site-packages/airflow/example_dags/example_local_kubernetes_executor.py
[2026-09-27T02:57:56.535+0000] {processor.py:809} INFO - DAG(s) dict_keys(['example_local_kubernetes_executor']) retrieved from /home/airflow/.local/lib/python3.7/site-packages/airflow/example_dags/example_local_kubernetes_executor.py
[2026-09-27T02:57:56.588+0000] {logging_mixin.py:149} INFO - [2026-09-27T02:57:56.588+0000] {dag.py:2726} INFO - Sync 1 DAGs
[2026-09-27T02:57:56.629+0000] {logging_mixin.py:149} INFO - [2026-09-27T02:57:56.629+0000] {dag.py:3490} INFO - Setting next_dagrun for example_local_kubernetes_executor to None, run_after=None
[2026-09-27T02:57:56.659+0000] {processor.py:178} INFO - Processing /home/airflow/.local/lib/python3.7/site-packages/airflow/example_dags/example_local_kubernetes_executor.py took 0.512 seconds
[2026-09-27T02:58:26.966+0000] {processor.py:156} INFO - Started process (PID=1525) to work on /home/airflow/.local/lib/python3.7/site-packages/airflow/example_dags/example_local_kubernetes_executor.py
[2026-09-27T02:58:26.968+0000] {processor.py:799} INFO - Processing file /home/airflow/.local/lib/python3.7/site-packages/airflow/example_dags/example_local_kubernetes_executor.py for tasks to queue
[2026-09-27T02:58:26.969+0000] {logging_mixin.py:149} INFO - [2026-09-27T02:58:26.969+0000] {dagbag.py:541} INFO - Filling up the DagBag from /home/airflow/.local/lib/python3.7/site-packages/airflow/example_dags/example_local_kubernetes_executor.py
[2026-09-27T02:58:27.371+0000] {processor.py:809} INFO - DAG(s) dict_keys(['example_local_kubernetes_executor']) retrieved from /home/airflow/.local/lib/python3.7/site-packages/airflow/example_dags/example_local_kubernetes_executor.py
[2026-09-27T02:58:27.436+0000] {logging_mixin.py:149} INFO - [2026-09-27T02:58:27.436+0000] {dag.py:2726} INFO - Sync 1 DAGs
[2026-09-27T02:58:27.483+0000] {logging_mixin.py:149} INFO - [2026-09-27T02:58:27.482+0000] {dag.py:3490} INFO - Setting next_dagrun for example_local_kubernetes_executor to None, run_after=None
[2026-09-27T02:58:27.513+0000] {processor.py:178} INFO - Processing /home/airflow/.local/lib/python3.7/site-packages/airflow/example_dags/example_local_kubernetes_executor.py took 0.555 seconds
[2026-09-27T02:58:57.573+0000] {processor.py:156} INFO - Started process (PID=1582) to work on /home/airflow/.local/lib/python3.7/site-packages/airflow/example_dags/example_local_kubernetes_executor.py
[2026-09-27T02:58:57.579+0000] {processor.py:799} INFO - Processing file /home/airflow/.local/lib/python3.7/site-packages/airflow/example_dags/example_local_kubernetes_executor.py for tasks to queue
[2026-09-27T02:58:57.580+0000] {logging_mixin.py:149} INFO - [2026-09-27T02:58:57.580+0000] {dagbag.py:541} INFO - Filling up the DagBag from /home/airflow/.local/lib/python3.7/site-packages/airflow/example_dags/example_local_kubernetes_executor.py
[2026-09-27T02:58:57.949+0000] {processor.py:809} INFO - DAG(s) dict_keys(['example_local_kubernetes_executor']) retrieved from /home/airflow/.local/lib/python3.7/site-packages/airflow/example_dags/example_local_kubernetes_executor.py
[2026-09-27T02:58:58.010+0000] {logging_mixin.py:149} INFO - [2026-09-27T02:58:58.010+0000] {dag.py:2726} INFO - Sync 1 DAGs
[2026-09-27T02:58:58.060+0000] {logging_mixin.py:149} INFO - [2026-09-27T02:58:58.060+0000] {dag.py:3490} INFO - Setting next_dagrun for example_local_kubernetes_executor to None, run_after=None
[2026-09-27T02:58:58.090+0000] {processor.py:178} INFO - Processing /home/airflow/.local/lib/python3.7/site-packages/airflow/example_dags/example_local_kubernetes_executor.py took 0.524 seconds
[2026-09-27T02:59:29.023+0000] {processor.py:156} INFO - Started process (PID=1638) to work on /home/airflow/.local/lib/python3.7/site-packages/airflow/example_dags/example_local_kubernetes_executor.py
[2026-09-27T02:59:29.025+0000] {processor.py:799} INFO - Processing file /home/airflow/.local/lib/python3.7/site-packages/airflow/example_dags/example_local_kubernetes_executor.py for tasks to queue
[2026-09-27T02:59:29.026+0000] {logging_mixin.py:149} INFO - [2026-09-27T02:59:29.026+0000] {dagbag.py:541} INFO - Filling up the DagBag from /home/airflow/.local/lib/python3.7/site-packages/airflow/example_dags/example_local_kubernetes_executor.py
[2026-09-27T02:59:29.402+0000] {processor.py:809} INFO - DAG(s) dict_keys(['example_local_kubernetes_executor']) retrieved from /home/airflow/.local/lib/python3.7/site-packages/airflow/example_dags/example_local_kubernetes_executor.py
[2026-09-27T02:59:29.463+0000] {logging_mixin.py:149} INFO - [2026-09-27T02:59:29.463+0000] {dag.py:2726} INFO - Sync 1 DAGs
[2026-09-27T02:59:29.506+0000] {logging_mixin.py:149} INFO - [2026-09-27T02:59:29.505+0000] {dag.py:3490} INFO - Setting next_dagrun for example_local_kubernetes_executor to None, run_after=None
[2026-09-27T02:59:29.540+0000] {processor.py:178} INFO - Processing /home/airflow/.local/lib/python3.7/site-packages/airflow/example_dags/example_local_kubernetes_executor.py took 0.524 seconds
[2026-09-27T03:00:00.144+0000] {processor.py:156} INFO - Started process (PID=1694) to work on /home/airflow/.local/lib/python3.7/site-packages/airflow/example_dags/example_local_kubernetes_executor.py
[2026-09-27T03:00:00.146+0000] {processor.py:799} INFO - Processing file /home/airflow/.local/lib/python3.7/site-packages/airflow/example_dags/example_local_kubernetes_executor.py for tasks to queue
[2026-09-27T03:00:00.148+0000] {logging_mixin.py:149} INFO - [2026-09-27T03:00:00.147+0000] {dagbag.py:541} INFO - Filling up the DagBag from /home/airflow/.local/lib/python3.7/site-packages/airflow/example_dags/example_local_kubernetes_executor.py
[2026-09-27T03:00:00.671+0000] {processor.py:809} INFO - DAG(s) dict_keys(['example_local_kubernetes_executor']) retrieved from /home/airflow/.local/lib/python3.7/site-packages/airflow/example_dags/example_local_kubernetes_executor.py
[2026-09-27T03:00:00.735+0000] {logging_mixin.py:149} INFO - [2026-09-27T03:00:00.735+0000] {dag.py:2726} INFO - Sync 1 DAGs
[2026-09-27T03:00:00.776+0000] {logging_mixin.py:149} INFO - [2026-09-27T03:00:00.776+0000] {dag.py:3490} INFO - Setting next_dagrun for example_local_kubernetes_executor to None, run_after=None
[2026-09-27T03:00:00.808+0000] {processor.py:178} INFO - Processing /home/airflow/.local/lib/python3.7/site-packages/airflow/example_dags/example_local_kubernetes_executor.py took 0.671 seconds
[2026-09-27T03:00:31.553+0000] {processor.py:156} INFO - Started process (PID=1758) to work on /home/airflow/.local/lib/python3.7/site-packages/airflow/example_dags/example_local_kubernetes_executor.py
[2026-09-27T03:00:31.555+0000] {processor.py:799} INFO - Processing file /home/airflow/.local/lib/python3.7/site-packages/airflow/example_dags/example_local_kubernetes_executor.py for tasks to queue
[2026-09-27T03:00:31.556+0000] {logging_mixin.py:149} INFO - [2026-09-27T03:00:31.556+0000] {dagbag.py:541} INFO - Filling up the DagBag from /home/airflow/.local/lib/python3.7/site-packages/airflow/example_dags/example_local_kubernetes_executor.py
[2026-09-27T03:00:31.942+0000] {processor.py:809} INFO - DAG(s) dict_keys(['example_local_kubernetes_executor']) retrieved from /home/airflow/.local/lib/python3.7/site-packages/airflow/example_dags/example_local_kubernetes_executor.py
[2026-09-27T03:00:32.013+0000] {logging_mixin.py:149} INFO - [2026-09-27T03:00:32.013+0000] {dag.py:2726} INFO - Sync 1 DAGs
[2026-09-27T03:00:32.059+0000] {logging_mixin.py:149} INFO - [2026-09-27T03:00:32.059+0000] {dag.py:3490} INFO - Setting next_dagrun for example_local_kubernetes_executor to None, run_after=None
[2026-09-27T03:00:32.089+0000] {processor.py:178} INFO - Processing /home/airflow/.local/lib/python3.7/site-packages/airflow/example_dags/example_local_kubernetes_executor.py took 0.542 seconds
[2026-09-27T03:01:02.941+0000] {processor.py:156} INFO - Started process (PID=1815) to work on /home/airflow/.local/lib/python3.7/site-packages/airflow/example_dags/example_local_kubernetes_executor.py
[2026-09-27T03:01:02.943+0000] {processor.py:799} INFO - Processing file /home/airflow/.local/lib/python3.7/site-packages/airflow/example_dags/example_local_kubernetes_executor.py for tasks to queue
[2026-09-27T03:01:02.944+0000] {logging_mixin.py:149} INFO - [2026-09-27T03:01:02.943+0000] {dagbag.py:541} INFO - Filling up the DagBag from /home/airflow/.local/lib/python3.7/site-packages/airflow/example_dags/example_local_kubernetes_executor.py
[2026-09-27T03:01:03.303+0000] {processor.py:809} INFO - DAG(s) dict_keys(['example_local_kubernetes_executor']) retrieved from /home/airflow/.local/lib/python3.7/site-packages/airflow/example_dags/example_local_kubernetes_executor.py
[2026-09-27T03:01:03.361+0000] {logging_mixin.py:149} INFO - [2026-09-27T03:01:03.361+0000] {dag.py:2726} INFO - Sync 1 DAGs
[2026-09-27T03:01:03.407+0000] {logging_mixin.py:149} INFO - [2026-09-27T03:01:03.406+0000] {dag.py:3490} INFO - Setting next_dagrun for example_local_kubernetes_executor to None, run_after=None
[2026-09-27T03:01:03.441+0000] {processor.py:178} INFO - Processing /home/airflow/.local/lib/python3.7/site-packages/airflow/example_dags/example_local_kubernetes_executor.py took 0.508 seconds
[2026-09-27T03:01:33.699+0000] {processor.py:156} INFO - Started process (PID=1871) to work on /home/airflow/.local/lib/python3.7/site-packages/airflow/example_dags/example_local_kubernetes_executor.py
[2026-09-27T03:01:33.701+0000] {processor.py:799} INFO - Processing file /home/airflow/.local/lib/python3.7/site-packages/airflow/example_dags/example_local_kubernetes_executor.py for tasks to queue
[2026-09-27T03:01:33.702+0000] {logging_mixin.py:149} INFO - [2026-09-27T03:01:33.702+0000] {dagbag.py:541} INFO - Filling up the DagBag from /home/airflow/.local/lib/python3.7/site-packages/airflow/example_dags/example_local_kubernetes_executor.py
[2026-09-27T03:01:34.062+0000] {processor.py:809} INFO - DAG(s) dict_keys(['example_local_kubernetes_executor']) retrieved from /home/airflow/.local/lib/python3.7/site-packages/airflow/example_dags/example_local_kubernetes_executor.py
[2026-09-27T03:01:34.132+0000] {logging_mixin.py:149} INFO - [2026-09-27T03:01:34.132+0000] {dag.py:2726} INFO - Sync 1 DAGs
[2026-09-27T03:01:34.178+0000] {logging_mixin.py:149} INFO - [2026-09-27T03:01:34.178+0000] {dag.py:3490} INFO - Setting next_dagrun for example_local_kubernetes_executor to None, run_after=None
[2026-09-27T03:01:34.213+0000] {processor.py:178} INFO - Processing /home/airflow/.local/lib/python3.7/site-packages/airflow/example_dags/example_local_kubernetes_executor.py took 0.520 seconds
[2026-09-27T03:02:04.255+0000] {processor.py:156} INFO - Started process (PID=1926) to work on /home/airflow/.local/lib/python3.7/site-packages/airflow/example_dags/example_local_kubernetes_executor.py
[2026-09-27T03:02:04.256+0000] {processor.py:799} INFO - Processing file /home/airflow/.local/lib/python3.7/site-packages/airflow/example_dags/example_local_kubernetes_executor.py for tasks to queue
[2026-09-27T03:02:04.257+0000] {logging_mixin.py:149} INFO - [2026-09-27T03:02:04.257+0000] {dagbag.py:541} INFO - Filling up the DagBag from /home/airflow/.local/lib/python3.7/site-packages/airflow/example_dags/example_local_kubernetes_executor.py
[2026-09-27T03:02:04.638+0000] {processor.py:809} INFO - DAG(s) dict_keys(['example_local_kubernetes_executor']) retrieved from /home/airflow/.local/lib/python3.7/site-packages/airflow/example_dags/example_local_kubernetes_executor.py
[2026-09-27T03:02:04.707+0000] {logging_mixin.py:149} INFO - [2026-09-27T03:02:04.707+0000] {dag.py:2726} INFO - Sync 1 DAGs
[2026-09-27T03:02:04.755+0000] {logging_mixin.py:149} INFO - [2026-09-27T03:02:04.754+0000] {dag.py:3490} INFO - Setting next_dagrun for example_local_kubernetes_executor to None, run_after=None
[2026-09-27T03:02:04.787+0000] {processor.py:178} INFO - Processing /home/airflow/.local/lib/python3.7/site-packages/airflow/example_dags/example_local_kubernetes_executor.py took 0.539 seconds
[2026-09-27T03:02:35.522+0000] {processor.py:156} INFO - Started process (PID=1983) to work on /home/airflow/.local/lib/python3.7/site-packages/airflow/example_dags/example_local_kubernetes_executor.py
[2026-09-27T03:02:35.525+0000] {processor.py:799} INFO - Processing file /home/airflow/.local/lib/python3.7/site-packages/airflow/example_dags/example_local_kubernetes_executor.py for tasks to queue
[2026-09-27T03:02:35.526+0000] {logging_mixin.py:149} INFO - [2026-09-27T03:02:35.526+0000] {dagbag.py:541} INFO - Filling up the DagBag from /home/airflow/.local/lib/python3.7/site-packages/airflow/example_dags/example_local_kubernetes_executor.py
[2026-09-27T03:02:35.896+0000] {processor.py:809} INFO - DAG(s) dict_keys(['example_local_kubernetes_executor']) retrieved from /home/airflow/.local/lib/python3.7/site-packages/airflow/example_dags/example_local_kubernetes_executor.py
[2026-09-27T03:02:35.957+0000] {logging_mixin.py:149} INFO - [2026-09-27T03:02:35.956+0000] {dag.py:2726} INFO - Sync 1 DAGs
[2026-09-27T03:02:35.997+0000] {logging_mixin.py:149} INFO - [2026-09-27T03:02:35.996+0000] {dag.py:3490} INFO - Setting next_dagrun for example_local_kubernetes_executor to None, run_after=None
[2026-09-27T03:02:36.028+0000] {processor.py:178} INFO - Processing /home/airflow/.local/lib/python3.7/site-packages/airflow/example_dags/example_local_kubernetes_executor.py took 0.513 seconds
[2026-09-27T03:03:06.837+0000] {processor.py:156} INFO - Started process (PID=2039) to work on /home/airflow/.local/lib/python3.7/site-packages/airflow/example_dags/example_local_kubernetes_executor.py
[2026-09-27T03:03:06.839+0000] {processor.py:799} INFO - Processing file /home/airflow/.local/lib/python3.7/site-packages/airflow/example_dags/example_local_kubernetes_executor.py for tasks to queue
[2026-09-27T03:03:06.840+0000] {logging_mixin.py:149} INFO - [2026-09-27T03:03:06.840+0000] {dagbag.py:541} INFO - Filling up the DagBag from /home/airflow/.local/lib/python3.7/site-packages/airflow/example_dags/example_local_kubernetes_executor.py
[2026-09-27T03:03:07.264+0000] {processor.py:809} INFO - DAG(s) dict_keys(['example_local_kubernetes_executor']) retrieved from /home/airflow/.local/lib/python3.7/site-packages/airflow/example_dags/example_local_kubernetes_executor.py
[2026-09-27T03:03:07.333+0000] {logging_mixin.py:149} INFO - [2026-09-27T03:03:07.333+0000] {dag.py:2726} INFO - Sync 1 DAGs
[2026-09-27T03:03:07.382+0000] {logging_mixin.py:149} INFO - [2026-09-27T03:03:07.382+0000] {dag.py:3490} INFO - Setting next_dagrun for example_local_kubernetes_executor to None, run_after=None
[2026-09-27T03:03:07.433+0000] {processor.py:178} INFO - Processing /home/airflow/.local/lib/python3.7/site-packages/airflow/example_dags/example_local_kubernetes_executor.py took 0.604 seconds
[2026-09-27T03:03:37.566+0000] {processor.py:156} INFO - Started process (PID=2096) to work on /home/airflow/.local/lib/python3.7/site-packages/airflow/example_dags/example_local_kubernetes_executor.py
[2026-09-27T03:03:37.577+0000] {processor.py:799} INFO - Processing file /home/airflow/.local/lib/python3.7/site-packages/airflow/example_dags/example_local_kubernetes_executor.py for tasks to queue
[2026-09-27T03:03:37.578+0000] {logging_mixin.py:149} INFO - [2026-09-27T03:03:37.578+0000] {dagbag.py:541} INFO - Filling up the DagBag from /home/airflow/.local/lib/python3.7/site-packages/airflow/example_dags/example_local_kubernetes_executor.py
[2026-09-27T03:03:37.965+0000] {processor.py:809} INFO - DAG(s) dict_keys(['example_local_kubernetes_executor']) retrieved from /home/airflow/.local/lib/python3.7/site-packages/airflow/example_dags/example_local_kubernetes_executor.py
[2026-09-27T03:03:38.028+0000] {logging_mixin.py:149} INFO - [2026-09-27T03:03:38.028+0000] {dag.py:2726} INFO - Sync 1 DAGs
[2026-09-27T03:03:38.077+0000] {logging_mixin.py:149} INFO - [2026-09-27T03:03:38.077+0000] {dag.py:3490} INFO - Setting next_dagrun for example_local_kubernetes_executor to None, run_after=None
[2026-09-27T03:03:38.110+0000] {processor.py:178} INFO - Processing /home/airflow/.local/lib/python3.7/site-packages/airflow/example_dags/example_local_kubernetes_executor.py took 0.551 seconds
[2026-09-27T03:04:08.613+0000] {processor.py:156} INFO - Started process (PID=2152) to work on /home/airflow/.local/lib/python3.7/site-packages/airflow/example_dags/example_local_kubernetes_executor.py
[2026-09-27T03:04:08.619+0000] {processor.py:799} INFO - Processing file /home/airflow/.local/lib/python3.7/site-packages/airflow/example_dags/example_local_kubernetes_executor.py for tasks to queue
[2026-09-27T03:04:08.620+0000] {logging_mixin.py:149} INFO - [2026-09-27T03:04:08.620+0000] {dagbag.py:541} INFO - Filling up the DagBag from /home/airflow/.local/lib/python3.7/site-packages/airflow/example_dags/example_local_kubernetes_executor.py
[2026-09-27T03:04:08.958+0000] {processor.py:809} INFO - DAG(s) dict_keys(['example_local_kubernetes_executor']) retrieved from /home/airflow/.local/lib/python3.7/site-packages/airflow/example_dags/example_local_kubernetes_executor.py
[2026-09-27T03:04:09.014+0000] {logging_mixin.py:149} INFO - [2026-09-27T03:04:09.014+0000] {dag.py:2726} INFO - Sync 1 DAGs
[2026-09-27T03:04:09.057+0000] {logging_mixin.py:149} INFO - [2026-09-27T03:04:09.057+0000] {dag.py:3490} INFO - Setting next_dagrun for example_local_kubernetes_executor to None, run_after=None
[2026-09-27T03:04:09.091+0000] {processor.py:178} INFO - Processing /home/airflow/.local/lib/python3.7/site-packages/airflow/example_dags/example_local_kubernetes_executor.py took 0.484 seconds
[2026-09-27T03:04:40.016+0000] {processor.py:156} INFO - Started process (PID=2208) to work on /home/airflow/.local/lib/python3.7/site-packages/airflow/example_dags/example_local_kubernetes_executor.py
[2026-09-27T03:04:40.018+0000] {processor.py:799} INFO - Processing file /home/airflow/.local/lib/python3.7/site-packages/airflow/example_dags/example_local_kubernetes_executor.py for tasks to queue
[2026-09-27T03:04:40.027+0000] {logging_mixin.py:149} INFO - [2026-09-27T03:04:40.027+0000] {dagbag.py:541} INFO - Filling up the DagBag from /home/airflow/.local/lib/python3.7/site-packages/airflow/example_dags/example_local_kubernetes_executor.py
[2026-09-27T03:04:40.450+0000] {processor.py:809} INFO - DAG(s) dict_keys(['example_local_kubernetes_executor']) retrieved from /home/airflow/.local/lib/python3.7/site-packages/airflow/example_dags/example_local_kubernetes_executor.py
[2026-09-27T03:04:40.521+0000] {logging_mixin.py:149} INFO - [2026-09-27T03:04:40.521+0000] {dag.py:2726} INFO - Sync 1 DAGs
[2026-09-27T03:04:40.564+0000] {logging_mixin.py:149} INFO - [2026-09-27T03:04:40.563+0000] {dag.py:3490} INFO - Setting next_dagrun for example_local_kubernetes_executor to None, run_after=None
[2026-09-27T03:04:40.592+0000] {processor.py:178} INFO - Processing /home/airflow/.local/lib/python3.7/site-packages/airflow/example_dags/example_local_kubernetes_executor.py took 0.582 seconds
[2026-09-27T03:05:11.504+0000] {processor.py:156} INFO - Started process (PID=2264) to work on /home/airflow/.local/lib/python3.7/site-packages/airflow/example_dags/example_local_kubernetes_executor.py
[2026-09-27T03:05:11.506+0000] {processor.py:799} INFO - Processing file /home/airflow/.local/lib/python3.7/site-packages/airflow/example_dags/example_local_kubernetes_executor.py for tasks to queue
[2026-09-27T03:05:11.507+0000] {logging_mixin.py:149} INFO - [2026-09-27T03:05:11.506+0000] {dagbag.py:541} INFO - Filling up the DagBag from /home/airflow/.local/lib/python3.7/site-packages/airflow/example_dags/example_local_kubernetes_executor.py
[2026-09-27T03:05:11.904+0000] {processor.py:809} INFO - DAG(s) dict_keys(['example_local_kubernetes_executor']) retrieved from /home/airflow/.local/lib/python3.7/site-packages/airflow/example_dags/example_local_kubernetes_executor.py
[2026-09-27T03:05:11.968+0000] {logging_mixin.py:149} INFO - [2026-09-27T03:05:11.968+0000] {dag.py:2726} INFO - Sync 1 DAGs
[2026-09-27T03:05:12.035+0000] {logging_mixin.py:149} INFO - [2026-09-27T03:05:12.034+0000] {dag.py:3490} INFO - Setting next_dagrun for example_local_kubernetes_executor to None, run_after=None
[2026-09-27T03:05:12.065+0000] {processor.py:178} INFO - Processing /home/airflow/.local/lib/python3.7/site-packages/airflow/example_dags/example_local_kubernetes_executor.py took 0.568 seconds
[2026-09-27T03:05:43.043+0000] {processor.py:156} INFO - Started process (PID=2320) to work on /home/airflow/.local/lib/python3.7/site-packages/airflow/example_dags/example_local_kubernetes_executor.py
[2026-09-27T03:05:43.045+0000] {processor.py:799} INFO - Processing file /home/airflow/.local/lib/python3.7/site-packages/airflow/example_dags/example_local_kubernetes_executor.py for tasks to queue
[2026-09-27T03:05:43.046+0000] {logging_mixin.py:149} INFO - [2026-09-27T03:05:43.046+0000] {dagbag.py:541} INFO - Filling up the DagBag from /home/airflow/.local/lib/python3.7/site-packages/airflow/example_dags/example_local_kubernetes_executor.py
[2026-09-27T03:05:43.415+0000] {processor.py:809} INFO - DAG(s) dict_keys(['example_local_kubernetes_executor']) retrieved from /home/airflow/.local/lib/python3.7/site-packages/airflow/example_dags/example_local_kubernetes_executor.py
[2026-09-27T03:05:43.473+0000] {logging_mixin.py:149} INFO - [2026-09-27T03:05:43.473+0000] {dag.py:2726} INFO - Sync 1 DAGs
[2026-09-27T03:05:43.516+0000] {logging_mixin.py:149} INFO - [2026-09-27T03:05:43.516+0000] {dag.py:3490} INFO - Setting next_dagrun for example_local_kubernetes_executor to None, run_after=None
[2026-09-27T03:05:43.547+0000] {processor.py:178} INFO - Processing /home/airflow/.local/lib/python3.7/site-packages/airflow/example_dags/example_local_kubernetes_executor.py took 0.510 seconds
[2026-09-27T03:06:14.391+0000] {processor.py:156} INFO - Started process (PID=2376) to work on /home/airflow/.local/lib/python3.7/site-packages/airflow/example_dags/example_local_kubernetes_executor.py
[2026-09-27T03:06:14.396+0000] {processor.py:799} INFO - Processing file /home/airflow/.local/lib/python3.7/site-packages/airflow/example_dags/example_local_kubernetes_executor.py for tasks to queue
[2026-09-27T03:06:14.398+0000] {logging_mixin.py:149} INFO - [2026-09-27T03:06:14.397+0000] {dagbag.py:541} INFO - Filling up the DagBag from /home/airflow/.local/lib/python3.7/site-packages/airflow/example_dags/example_local_kubernetes_executor.py
[2026-09-27T03:06:14.762+0000] {processor.py:809} INFO - DAG(s) dict_keys(['example_local_kubernetes_executor']) retrieved from /home/airflow/.local/lib/python3.7/site-packages/airflow/example_dags/example_local_kubernetes_executor.py
[2026-09-27T03:06:14.818+0000] {logging_mixin.py:149} INFO - [2026-09-27T03:06:14.817+0000] {dag.py:2726} INFO - Sync 1 DAGs
[2026-09-27T03:06:14.857+0000] {logging_mixin.py:149} INFO - [2026-09-27T03:06:14.857+0000] {dag.py:3490} INFO - Setting next_dagrun for example_local_kubernetes_executor to None, run_after=None
[2026-09-27T03:06:14.884+0000] {processor.py:178} INFO - Processing /home/airflow/.local/lib/python3.7/site-packages/airflow/example_dags/example_local_kubernetes_executor.py took 0.499 seconds
[2026-09-27T03:06:44.973+0000] {processor.py:156} INFO - Started process (PID=2432) to work on /home/airflow/.local/lib/python3.7/site-packages/airflow/example_dags/example_local_kubernetes_executor.py
[2026-09-27T03:06:44.975+0000] {processor.py:799} INFO - Processing file /home/airflow/.local/lib/python3.7/site-packages/airflow/example_dags/example_local_kubernetes_executor.py for tasks to queue
[2026-09-27T03:06:44.976+0000] {logging_mixin.py:149} INFO - [2026-09-27T03:06:44.976+0000] {dagbag.py:541} INFO - Filling up the DagBag from /home/airflow/.local/lib/python3.7/site-packages/airflow/example_dags/example_local_kubernetes_executor.py
[2026-09-27T03:06:45.342+0000] {processor.py:809} INFO - DAG(s) dict_keys(['example_local_kubernetes_executor']) retrieved from /home/airflow/.local/lib/python3.7/site-packages/airflow/example_dags/example_local_kubernetes_executor.py
[2026-09-27T03:06:45.411+0000] {logging_mixin.py:149} INFO - [2026-09-27T03:06:45.410+0000] {dag.py:2726} INFO - Sync 1 DAGs
[2026-09-27T03:06:45.456+0000] {logging_mixin.py:149} INFO - [2026-09-27T03:06:45.456+0000] {dag.py:3490} INFO - Setting next_dagrun for example_local_kubernetes_executor to None, run_after=None
[2026-09-27T03:06:45.486+0000] {processor.py:178} INFO - Processing /home/airflow/.local/lib/python3.7/site-packages/airflow/example_dags/example_local_kubernetes_executor.py took 0.519 seconds
[2026-09-27T03:07:15.693+0000] {processor.py:156} INFO - Started process (PID=2488) to work on /home/airflow/.local/lib/python3.7/site-packages/airflow/example_dags/example_local_kubernetes_executor.py
[2026-09-27T03:07:15.694+0000] {processor.py:799} INFO - Processing file /home/airflow/.local/lib/python3.7/site-packages/airflow/example_dags/example_local_kubernetes_executor.py for tasks to queue
[2026-09-27T03:07:15.696+0000] {logging_mixin.py:149} INFO - [2026-09-27T03:07:15.695+0000] {dagbag.py:541} INFO - Filling up the DagBag from /home/airflow/.local/lib/python3.7/site-packages/airflow/example_dags/example_local_kubernetes_executor.py
[2026-09-27T03:07:16.091+0000] {processor.py:809} INFO - DAG(s) dict_keys(['example_local_kubernetes_executor']) retrieved from /home/airflow/.local/lib/python3.7/site-packages/airflow/example_dags/example_local_kubernetes_executor.py
[2026-09-27T03:07:16.159+0000] {logging_mixin.py:149} INFO - [2026-09-27T03:07:16.158+0000] {dag.py:2726} INFO - Sync 1 DAGs
[2026-09-27T03:07:16.208+0000] {logging_mixin.py:149} INFO - [2026-09-27T03:07:16.208+0000] {dag.py:3490} INFO - Setting next_dagrun for example_local_kubernetes_executor to None, run_after=None
[2026-09-27T03:07:16.238+0000] {processor.py:178} INFO - Processing /home/airflow/.local/lib/python3.7/site-packages/airflow/example_dags/example_local_kubernetes_executor.py took 0.554 seconds
[2026-09-27T03:07:46.642+0000] {processor.py:156} INFO - Started process (PID=2544) to work on /home/airflow/.local/lib/python3.7/site-packages/airflow/example_dags/example_local_kubernetes_executor.py
[2026-09-27T03:07:46.644+0000] {processor.py:799} INFO - Processing file /home/airflow/.local/lib/python3.7/site-packages/airflow/example_dags/example_local_kubernetes_executor.py for tasks to queue
[2026-09-27T03:07:46.645+0000] {logging_mixin.py:149} INFO - [2026-09-27T03:07:46.645+0000] {dagbag.py:541} INFO - Filling up the DagBag from /home/airflow/.local/lib/python3.7/site-packages/airflow/example_dags/example_local_kubernetes_executor.py
[2026-09-27T03:07:47.035+0000] {processor.py:809} INFO - DAG(s) dict_keys(['example_local_kubernetes_executor']) retrieved from /home/airflow/.local/lib/python3.7/site-packages/airflow/example_dags/example_local_kubernetes_executor.py
[2026-09-27T03:07:47.091+0000] {logging_mixin.py:149} INFO - [2026-09-27T03:07:47.091+0000] {dag.py:2726} INFO - Sync 1 DAGs
[2026-09-27T03:07:47.130+0000] {logging_mixin.py:149} INFO - [2026-09-27T03:07:47.130+0000] {dag.py:3490} INFO - Setting next_dagrun for example_local_kubernetes_executor to None, run_after=None
[2026-09-27T03:07:47.165+0000] {processor.py:178} INFO - Processing /home/airflow/.local/lib/python3.7/site-packages/airflow/example_dags/example_local_kubernetes_executor.py took 0.529 seconds
[2026-09-27T03:08:17.335+0000] {processor.py:156} INFO - Started process (PID=2600) to work on /home/airflow/.local/lib/python3.7/site-packages/airflow/example_dags/example_local_kubernetes_executor.py
[2026-09-27T03:08:17.340+0000] {processor.py:799} INFO - Processing file /home/airflow/.local/lib/python3.7/site-packages/airflow/example_dags/example_local_kubernetes_executor.py for tasks to queue
[2026-09-27T03:08:17.342+0000] {logging_mixin.py:149} INFO - [2026-09-27T03:08:17.341+0000] {dagbag.py:541} INFO - Filling up the DagBag from /home/airflow/.local/lib/python3.7/site-packages/airflow/example_dags/example_local_kubernetes_executor.py
[2026-09-27T03:08:17.724+0000] {processor.py:809} INFO - DAG(s) dict_keys(['example_local_kubernetes_executor']) retrieved from /home/airflow/.local/lib/python3.7/site-packages/airflow/example_dags/example_local_kubernetes_executor.py
[2026-09-27T03:08:17.790+0000] {logging_mixin.py:149} INFO - [2026-09-27T03:08:17.789+0000] {dag.py:2726} INFO - Sync 1 DAGs
[2026-09-27T03:08:17.835+0000] {logging_mixin.py:149} INFO - [2026-09-27T03:08:17.835+0000] {dag.py:3490} INFO - Setting next_dagrun for example_local_kubernetes_executor to None, run_after=None
[2026-09-27T03:08:17.866+0000] {processor.py:178} INFO - Processing /home/airflow/.local/lib/python3.7/site-packages/airflow/example_dags/example_local_kubernetes_executor.py took 0.537 seconds
[2026-09-27T03:08:48.323+0000] {processor.py:156} INFO - Started process (PID=2656) to work on /home/airflow/.local/lib/python3.7/site-packages/airflow/example_dags/example_local_kubernetes_executor.py
[2026-09-27T03:08:48.325+0000] {processor.py:799} INFO - Processing file /home/airflow/.local/lib/python3.7/site-packages/airflow/example_dags/example_local_kubernetes_executor.py for tasks to queue
[2026-09-27T03:08:48.326+0000] {logging_mixin.py:149} INFO - [2026-09-27T03:08:48.326+0000] {dagbag.py:541} INFO - Filling up the DagBag from /home/airflow/.local/lib/python3.7/site-packages/airflow/example_dags/example_local_kubernetes_executor.py
[2026-09-27T03:08:48.713+0000] {processor.py:809} INFO - DAG(s) dict_keys(['example_local_kubernetes_executor']) retrieved from /home/airflow/.local/lib/python3.7/site-packages/airflow/example_dags/example_local_kubernetes_executor.py
[2026-09-27T03:08:48.774+0000] {logging_mixin.py:149} INFO - [2026-09-27T03:08:48.774+0000] {dag.py:2726} INFO - Sync 1 DAGs
[2026-09-27T03:08:48.822+0000] {logging_mixin.py:149} INFO - [2026-09-27T03:08:48.822+0000] {dag.py:3490} INFO - Setting next_dagrun for example_local_kubernetes_executor to None, run_after=None
[2026-09-27T03:08:48.854+0000] {processor.py:178} INFO - Processing /home/airflow/.local/lib/python3.7/site-packages/airflow/example_dags/example_local_kubernetes_executor.py took 0.537 seconds
[2026-09-27T03:09:19.383+0000] {processor.py:156} INFO - Started process (PID=2712) to work on /home/airflow/.local/lib/python3.7/site-packages/airflow/example_dags/example_local_kubernetes_executor.py
[2026-09-27T03:09:19.385+0000] {processor.py:799} INFO - Processing file /home/airflow/.local/lib/python3.7/site-packages/airflow/example_dags/example_local_kubernetes_executor.py for tasks to queue
[2026-09-27T03:09:19.386+0000] {logging_mixin.py:149} INFO - [2026-09-27T03:09:19.386+0000] {dagbag.py:541} INFO - Filling up the DagBag from /home/airflow/.local/lib/python3.7/site-packages/airflow/example_dags/example_local_kubernetes_executor.py
[2026-09-27T03:09:19.735+0000] {processor.py:809} INFO - DAG(s) dict_keys(['example_local_kubernetes_executor']) retrieved from /home/airflow/.local/lib/python3.7/site-packages/airflow/example_dags/example_local_kubernetes_executor.py
[2026-09-27T03:09:19.798+0000] {logging_mixin.py:149} INFO - [2026-09-27T03:09:19.797+0000] {dag.py:2726} INFO - Sync 1 DAGs
[2026-09-27T03:09:19.843+0000] {logging_mixin.py:149} INFO - [2026-09-27T03:09:19.843+0000] {dag.py:3490} INFO - Setting next_dagrun for example_local_kubernetes_executor to None, run_after=None
[2026-09-27T03:09:19.877+0000] {processor.py:178} INFO - Processing /home/airflow/.local/lib/python3.7/site-packages/airflow/example_dags/example_local_kubernetes_executor.py took 0.500 seconds
[2026-09-27T03:09:50.062+0000] {processor.py:156} INFO - Started process (PID=2768) to work on /home/airflow/.local/lib/python3.7/site-packages/airflow/example_dags/example_local_kubernetes_executor.py
[2026-09-27T03:09:50.066+0000] {processor.py:799} INFO - Processing file /home/airflow/.local/lib/python3.7/site-packages/airflow/example_dags/example_local_kubernetes_executor.py for tasks to queue
[2026-09-27T03:09:50.067+0000] {logging_mixin.py:149} INFO - [2026-09-27T03:09:50.067+0000] {dagbag.py:541} INFO - Filling up the DagBag from /home/airflow/.local/lib/python3.7/site-packages/airflow/example_dags/example_local_kubernetes_executor.py
[2026-09-27T03:09:50.450+0000] {processor.py:809} INFO - DAG(s) dict_keys(['example_local_kubernetes_executor']) retrieved from /home/airflow/.local/lib/python3.7/site-packages/airflow/example_dags/example_local_kubernetes_executor.py
[2026-09-27T03:09:50.519+0000] {logging_mixin.py:149} INFO - [2026-09-27T03:09:50.518+0000] {dag.py:2726} INFO - Sync 1 DAGs
[2026-09-27T03:09:50.564+0000] {logging_mixin.py:149} INFO - [2026-09-27T03:09:50.564+0000] {dag.py:3490} INFO - Setting next_dagrun for example_local_kubernetes_executor to None, run_after=None
[2026-09-27T03:09:50.598+0000] {processor.py:178} INFO - Processing /home/airflow/.local/lib/python3.7/site-packages/airflow/example_dags/example_local_kubernetes_executor.py took 0.541 seconds
[2026-09-27T03:10:20.884+0000] {processor.py:156} INFO - Started process (PID=2824) to work on /home/airflow/.local/lib/python3.7/site-packages/airflow/example_dags/example_local_kubernetes_executor.py
[2026-09-27T03:10:20.886+0000] {processor.py:799} INFO - Processing file /home/airflow/.local/lib/python3.7/site-packages/airflow/example_dags/example_local_kubernetes_executor.py for tasks to queue
[2026-09-27T03:10:20.888+0000] {logging_mixin.py:149} INFO - [2026-09-27T03:10:20.887+0000] {dagbag.py:541} INFO - Filling up the DagBag from /home/airflow/.local/lib/python3.7/site-packages/airflow/example_dags/example_local_kubernetes_executor.py
[2026-09-27T03:10:21.249+0000] {processor.py:809} INFO - DAG(s) dict_keys(['example_local_kubernetes_executor']) retrieved from /home/airflow/.local/lib/python3.7/site-packages/airflow/example_dags/example_local_kubernetes_executor.py
[2026-09-27T03:10:21.301+0000] {logging_mixin.py:149} INFO - [2026-09-27T03:10:21.301+0000] {dag.py:2726} INFO - Sync 1 DAGs
[2026-09-27T03:10:21.343+0000] {logging_mixin.py:149} INFO - [2026-09-27T03:10:21.343+0000] {dag.py:3490} INFO - Setting next_dagrun for example_local_kubernetes_executor to None, run_after=None
[2026-09-27T03:10:21.369+0000] {processor.py:178} INFO - Processing /home/airflow/.local/lib/python3.7/site-packages/airflow/example_dags/example_local_kubernetes_executor.py took 0.492 seconds
[2026-09-27T03:10:51.673+0000] {processor.py:156} INFO - Started process (PID=2880) to work on /home/airflow/.local/lib/python3.7/site-packages/airflow/example_dags/example_local_kubernetes_executor.py
[2026-09-27T03:10:51.676+0000] {processor.py:799} INFO - Processing file /home/airflow/.local/lib/python3.7/site-packages/airflow/example_dags/example_local_kubernetes_executor.py for tasks to queue
[2026-09-27T03:10:51.677+0000] {logging_mixin.py:149} INFO - [2026-09-27T03:10:51.677+0000] {dagbag.py:541} INFO - Filling up the DagBag from /home/airflow/.local/lib/python3.7/site-packages/airflow/example_dags/example_local_kubernetes_executor.py
[2026-09-27T03:10:52.039+0000] {processor.py:809} INFO - DAG(s) dict_keys(['example_local_kubernetes_executor']) retrieved from /home/airflow/.local/lib/python3.7/site-packages/airflow/example_dags/example_local_kubernetes_executor.py
[2026-09-27T03:10:52.098+0000] {logging_mixin.py:149} INFO - [2026-09-27T03:10:52.098+0000] {dag.py:2726} INFO - Sync 1 DAGs
[2026-09-27T03:10:52.139+0000] {logging_mixin.py:149} INFO - [2026-09-27T03:10:52.139+0000] {dag.py:3490} INFO - Setting next_dagrun for example_local_kubernetes_executor to None, run_after=None
[2026-09-27T03:10:52.168+0000] {processor.py:178} INFO - Processing /home/airflow/.local/lib/python3.7/site-packages/airflow/example_dags/example_local_kubernetes_executor.py took 0.503 seconds
[2026-09-27T03:11:22.295+0000] {processor.py:156} INFO - Started process (PID=2936) to work on /home/airflow/.local/lib/python3.7/site-packages/airflow/example_dags/example_local_kubernetes_executor.py
[2026-09-27T03:11:22.296+0000] {processor.py:799} INFO - Processing file /home/airflow/.local/lib/python3.7/site-packages/airflow/example_dags/example_local_kubernetes_executor.py for tasks to queue
[2026-09-27T03:11:22.297+0000] {logging_mixin.py:149} INFO - [2026-09-27T03:11:22.297+0000] {dagbag.py:541} INFO - Filling up the DagBag from /home/airflow/.local/lib/python3.7/site-packages/airflow/example_dags/example_local_kubernetes_executor.py
[2026-09-27T03:11:22.674+0000] {processor.py:809} INFO - DAG(s) dict_keys(['example_local_kubernetes_executor']) retrieved from /home/airflow/.local/lib/python3.7/site-packages/airflow/example_dags/example_local_kubernetes_executor.py
[2026-09-27T03:11:22.734+0000] {logging_mixin.py:149} INFO - [2026-09-27T03:11:22.734+0000] {dag.py:2726} INFO - Sync 1 DAGs
[2026-09-27T03:11:22.775+0000] {logging_mixin.py:149} INFO - [2026-09-27T03:11:22.774+0000] {dag.py:3490} INFO - Setting next_dagrun for example_local_kubernetes_executor to None, run_after=None
[2026-09-27T03:11:22.810+0000] {processor.py:178} INFO - Processing /home/airflow/.local/lib/python3.7/site-packages/airflow/example_dags/example_local_kubernetes_executor.py took 0.521 seconds
[2026-09-27T03:11:53.083+0000] {processor.py:156} INFO - Started process (PID=2992) to work on /home/airflow/.local/lib/python3.7/site-packages/airflow/example_dags/example_local_kubernetes_executor.py
[2026-09-27T03:11:53.087+0000] {processor.py:799} INFO - Processing file /home/airflow/.local/lib/python3.7/site-packages/airflow/example_dags/example_local_kubernetes_executor.py for tasks to queue
[2026-09-27T03:11:53.088+0000] {logging_mixin.py:149} INFO - [2026-09-27T03:11:53.088+0000] {dagbag.py:541} INFO - Filling up the DagBag from /home/airflow/.local/lib/python3.7/site-packages/airflow/example_dags/example_local_kubernetes_executor.py
[2026-09-27T03:11:53.470+0000] {processor.py:809} INFO - DAG(s) dict_keys(['example_local_kubernetes_executor']) retrieved from /home/airflow/.local/lib/python3.7/site-packages/airflow/example_dags/example_local_kubernetes_executor.py
[2026-09-27T03:11:53.526+0000] {logging_mixin.py:149} INFO - [2026-09-27T03:11:53.526+0000] {dag.py:2726} INFO - Sync 1 DAGs
[2026-09-27T03:11:53.569+0000] {logging_mixin.py:149} INFO - [2026-09-27T03:11:53.569+0000] {dag.py:3490} INFO - Setting next_dagrun for example_local_kubernetes_executor to None, run_after=None
[2026-09-27T03:11:53.598+0000] {processor.py:178} INFO - Processing /home/airflow/.local/lib/python3.7/site-packages/airflow/example_dags/example_local_kubernetes_executor.py took 0.524 seconds
[2026-09-27T03:12:23.883+0000] {processor.py:156} INFO - Started process (PID=3048) to work on /home/airflow/.local/lib/python3.7/site-packages/airflow/example_dags/example_local_kubernetes_executor.py
[2026-09-27T03:12:23.886+0000] {processor.py:799} INFO - Processing file /home/airflow/.local/lib/python3.7/site-packages/airflow/example_dags/example_local_kubernetes_executor.py for tasks to queue
[2026-09-27T03:12:23.887+0000] {logging_mixin.py:149} INFO - [2026-09-27T03:12:23.887+0000] {dagbag.py:541} INFO - Filling up the DagBag from /home/airflow/.local/lib/python3.7/site-packages/airflow/example_dags/example_local_kubernetes_executor.py
[2026-09-27T03:12:24.269+0000] {processor.py:809} INFO - DAG(s) dict_keys(['example_local_kubernetes_executor']) retrieved from /home/airflow/.local/lib/python3.7/site-packages/airflow/example_dags/example_local_kubernetes_executor.py
[2026-09-27T03:12:24.336+0000] {logging_mixin.py:149} INFO - [2026-09-27T03:12:24.336+0000] {dag.py:2726} INFO - Sync 1 DAGs
[2026-09-27T03:12:24.379+0000] {logging_mixin.py:149} INFO - [2026-09-27T03:12:24.378+0000] {dag.py:3490} INFO - Setting next_dagrun for example_local_kubernetes_executor to None, run_after=None
[2026-09-27T03:12:24.408+0000] {processor.py:178} INFO - Processing /home/airflow/.local/lib/python3.7/site-packages/airflow/example_dags/example_local_kubernetes_executor.py took 0.533 seconds
[2026-09-27T03:12:54.456+0000] {processor.py:156} INFO - Started process (PID=3103) to work on /home/airflow/.local/lib/python3.7/site-packages/airflow/example_dags/example_local_kubernetes_executor.py
[2026-09-27T03:12:54.459+0000] {processor.py:799} INFO - Processing file /home/airflow/.local/lib/python3.7/site-packages/airflow/example_dags/example_local_kubernetes_executor.py for tasks to queue
[2026-09-27T03:12:54.460+0000] {logging_mixin.py:149} INFO - [2026-09-27T03:12:54.459+0000] {dagbag.py:541} INFO - Filling up the DagBag from /home/airflow/.local/lib/python3.7/site-packages/airflow/example_dags/example_local_kubernetes_executor.py
[2026-09-27T03:12:54.851+0000] {processor.py:809} INFO - DAG(s) dict_keys(['example_local_kubernetes_executor']) retrieved from /home/airflow/.local/lib/python3.7/site-packages/airflow/example_dags/example_local_kubernetes_executor.py
[2026-09-27T03:12:54.911+0000] {logging_mixin.py:149} INFO - [2026-09-27T03:12:54.911+0000] {dag.py:2726} INFO - Sync 1 DAGs
[2026-09-27T03:12:54.959+0000] {logging_mixin.py:149} INFO - [2026-09-27T03:12:54.959+0000] {dag.py:3490} INFO - Setting next_dagrun for example_local_kubernetes_executor to None, run_after=None
[2026-09-27T03:12:54.990+0000] {processor.py:178} INFO - Processing /home/airflow/.local/lib/python3.7/site-packages/airflow/example_dags/example_local_kubernetes_executor.py took 0.540 seconds
[2026-09-27T03:13:25.460+0000] {processor.py:156} INFO - Started process (PID=3160) to work on /home/airflow/.local/lib/python3.7/site-packages/airflow/example_dags/example_local_kubernetes_executor.py
[2026-09-27T03:13:25.462+0000] {processor.py:799} INFO - Processing file /home/airflow/.local/lib/python3.7/site-packages/airflow/example_dags/example_local_kubernetes_executor.py for tasks to queue
[2026-09-27T03:13:25.463+0000] {logging_mixin.py:149} INFO - [2026-09-27T03:13:25.463+0000] {dagbag.py:541} INFO - Filling up the DagBag from /home/airflow/.local/lib/python3.7/site-packages/airflow/example_dags/example_local_kubernetes_executor.py
[2026-09-27T03:13:25.819+0000] {processor.py:809} INFO - DAG(s) dict_keys(['example_local_kubernetes_executor']) retrieved from /home/airflow/.local/lib/python3.7/site-packages/airflow/example_dags/example_local_kubernetes_executor.py
[2026-09-27T03:13:25.873+0000] {logging_mixin.py:149} INFO - [2026-09-27T03:13:25.873+0000] {dag.py:2726} INFO - Sync 1 DAGs
[2026-09-27T03:13:25.918+0000] {logging_mixin.py:149} INFO - [2026-09-27T03:13:25.917+0000] {dag.py:3490} INFO - Setting next_dagrun for example_local_kubernetes_executor to None, run_after=None
[2026-09-27T03:13:25.952+0000] {processor.py:178} INFO - Processing /home/airflow/.local/lib/python3.7/site-packages/airflow/example_dags/example_local_kubernetes_executor.py took 0.499 seconds
[2026-09-27T03:13:56.197+0000] {processor.py:156} INFO - Started process (PID=3216) to work on /home/airflow/.local/lib/python3.7/site-packages/airflow/example_dags/example_local_kubernetes_executor.py
[2026-09-27T03:13:56.198+0000] {processor.py:799} INFO - Processing file /home/airflow/.local/lib/python3.7/site-packages/airflow/example_dags/example_local_kubernetes_executor.py for tasks to queue
[2026-09-27T03:13:56.200+0000] {logging_mixin.py:149} INFO - [2026-09-27T03:13:56.199+0000] {dagbag.py:541} INFO - Filling up the DagBag from /home/airflow/.local/lib/python3.7/site-packages/airflow/example_dags/example_local_kubernetes_executor.py
[2026-09-27T03:13:56.573+0000] {processor.py:809} INFO - DAG(s) dict_keys(['example_local_kubernetes_executor']) retrieved from /home/airflow/.local/lib/python3.7/site-packages/airflow/example_dags/example_local_kubernetes_executor.py
[2026-09-27T03:13:56.637+0000] {logging_mixin.py:149} INFO - [2026-09-27T03:13:56.637+0000] {dag.py:2726} INFO - Sync 1 DAGs
[2026-09-27T03:13:56.681+0000] {logging_mixin.py:149} INFO - [2026-09-27T03:13:56.681+0000] {dag.py:3490} INFO - Setting next_dagrun for example_local_kubernetes_executor to None, run_after=None
[2026-09-27T03:13:56.708+0000] {processor.py:178} INFO - Processing /home/airflow/.local/lib/python3.7/site-packages/airflow/example_dags/example_local_kubernetes_executor.py took 0.519 seconds
[2026-09-27T03:14:26.835+0000] {processor.py:156} INFO - Started process (PID=3272) to work on /home/airflow/.local/lib/python3.7/site-packages/airflow/example_dags/example_local_kubernetes_executor.py
[2026-09-27T03:14:26.838+0000] {processor.py:799} INFO - Processing file /home/airflow/.local/lib/python3.7/site-packages/airflow/example_dags/example_local_kubernetes_executor.py for tasks to queue
[2026-09-27T03:14:26.839+0000] {logging_mixin.py:149} INFO - [2026-09-27T03:14:26.839+0000] {dagbag.py:541} INFO - Filling up the DagBag from /home/airflow/.local/lib/python3.7/site-packages/airflow/example_dags/example_local_kubernetes_executor.py
[2026-09-27T03:14:27.207+0000] {processor.py:809} INFO - DAG(s) dict_keys(['example_local_kubernetes_executor']) retrieved from /home/airflow/.local/lib/python3.7/site-packages/airflow/example_dags/example_local_kubernetes_executor.py
[2026-09-27T03:14:27.274+0000] {logging_mixin.py:149} INFO - [2026-09-27T03:14:27.274+0000] {dag.py:2726} INFO - Sync 1 DAGs
[2026-09-27T03:14:27.319+0000] {logging_mixin.py:149} INFO - [2026-09-27T03:14:27.319+0000] {dag.py:3490} INFO - Setting next_dagrun for example_local_kubernetes_executor to None, run_after=None
[2026-09-27T03:14:27.352+0000] {processor.py:178} INFO - Processing /home/airflow/.local/lib/python3.7/site-packages/airflow/example_dags/example_local_kubernetes_executor.py took 0.523 seconds
[2026-09-27T03:14:57.546+0000] {processor.py:156} INFO - Started process (PID=3328) to work on /home/airflow/.local/lib/python3.7/site-packages/airflow/example_dags/example_local_kubernetes_executor.py
[2026-09-27T03:14:57.547+0000] {processor.py:799} INFO - Processing file /home/airflow/.local/lib/python3.7/site-packages/airflow/example_dags/example_local_kubernetes_executor.py for tasks to queue
[2026-09-27T03:14:57.548+0000] {logging_mixin.py:149} INFO - [2026-09-27T03:14:57.548+0000] {dagbag.py:541} INFO - Filling up the DagBag from /home/airflow/.local/lib/python3.7/site-packages/airflow/example_dags/example_local_kubernetes_executor.py
[2026-09-27T03:14:57.905+0000] {processor.py:809} INFO - DAG(s) dict_keys(['example_local_kubernetes_executor']) retrieved from /home/airflow/.local/lib/python3.7/site-packages/airflow/example_dags/example_local_kubernetes_executor.py
[2026-09-27T03:14:57.965+0000] {logging_mixin.py:149} INFO - [2026-09-27T03:14:57.965+0000] {dag.py:2726} INFO - Sync 1 DAGs
[2026-09-27T03:14:58.012+0000] {logging_mixin.py:149} INFO - [2026-09-27T03:14:58.012+0000] {dag.py:3490} INFO - Setting next_dagrun for example_local_kubernetes_executor to None, run_after=None
[2026-09-27T03:14:58.245+0000] {processor.py:178} INFO - Processing /home/airflow/.local/lib/python3.7/site-packages/airflow/example_dags/example_local_kubernetes_executor.py took 0.707 seconds
[2026-09-27T03:15:28.559+0000] {processor.py:156} INFO - Started process (PID=3384) to work on /home/airflow/.local/lib/python3.7/site-packages/airflow/example_dags/example_local_kubernetes_executor.py
[2026-09-27T03:15:28.561+0000] {processor.py:799} INFO - Processing file /home/airflow/.local/lib/python3.7/site-packages/airflow/example_dags/example_local_kubernetes_executor.py for tasks to queue
[2026-09-27T03:15:28.562+0000] {logging_mixin.py:149} INFO - [2026-09-27T03:15:28.562+0000] {dagbag.py:541} INFO - Filling up the DagBag from /home/airflow/.local/lib/python3.7/site-packages/airflow/example_dags/example_local_kubernetes_executor.py
[2026-09-27T03:15:28.904+0000] {processor.py:809} INFO - DAG(s) dict_keys(['example_local_kubernetes_executor']) retrieved from /home/airflow/.local/lib/python3.7/site-packages/airflow/example_dags/example_local_kubernetes_executor.py
[2026-09-27T03:15:28.963+0000] {logging_mixin.py:149} INFO - [2026-09-27T03:15:28.963+0000] {dag.py:2726} INFO - Sync 1 DAGs
[2026-09-27T03:15:29.015+0000] {logging_mixin.py:149} INFO - [2026-09-27T03:15:29.014+0000] {dag.py:3490} INFO - Setting next_dagrun for example_local_kubernetes_executor to None, run_after=None
[2026-09-27T03:15:29.066+0000] {processor.py:178} INFO - Processing /home/airflow/.local/lib/python3.7/site-packages/airflow/example_dags/example_local_kubernetes_executor.py took 0.514 seconds
[2026-09-27T03:15:59.229+0000] {processor.py:156} INFO - Started process (PID=3440) to work on /home/airflow/.local/lib/python3.7/site-packages/airflow/example_dags/example_local_kubernetes_executor.py
[2026-09-27T03:15:59.232+0000] {processor.py:799} INFO - Processing file /home/airflow/.local/lib/python3.7/site-packages/airflow/example_dags/example_local_kubernetes_executor.py for tasks to queue
[2026-09-27T03:15:59.233+0000] {logging_mixin.py:149} INFO - [2026-09-27T03:15:59.232+0000] {dagbag.py:541} INFO - Filling up the DagBag from /home/airflow/.local/lib/python3.7/site-packages/airflow/example_dags/example_local_kubernetes_executor.py
[2026-09-27T03:15:59.622+0000] {processor.py:809} INFO - DAG(s) dict_keys(['example_local_kubernetes_executor']) retrieved from /home/airflow/.local/lib/python3.7/site-packages/airflow/example_dags/example_local_kubernetes_executor.py
[2026-09-27T03:15:59.679+0000] {logging_mixin.py:149} INFO - [2026-09-27T03:15:59.679+0000] {dag.py:2726} INFO - Sync 1 DAGs
[2026-09-27T03:15:59.727+0000] {logging_mixin.py:149} INFO - [2026-09-27T03:15:59.726+0000] {dag.py:3490} INFO - Setting next_dagrun for example_local_kubernetes_executor to None, run_after=None
[2026-09-27T03:15:59.765+0000] {processor.py:178} INFO - Processing /home/airflow/.local/lib/python3.7/site-packages/airflow/example_dags/example_local_kubernetes_executor.py took 0.542 seconds
[2026-09-27T03:16:29.959+0000] {processor.py:156} INFO - Started process (PID=3496) to work on /home/airflow/.local/lib/python3.7/site-packages/airflow/example_dags/example_local_kubernetes_executor.py
[2026-09-27T03:16:29.961+0000] {processor.py:799} INFO - Processing file /home/airflow/.local/lib/python3.7/site-packages/airflow/example_dags/example_local_kubernetes_executor.py for tasks to queue
[2026-09-27T03:16:29.962+0000] {logging_mixin.py:149} INFO - [2026-09-27T03:16:29.962+0000] {dagbag.py:541} INFO - Filling up the DagBag from /home/airflow/.local/lib/python3.7/site-packages/airflow/example_dags/example_local_kubernetes_executor.py
[2026-09-27T03:16:30.349+0000] {processor.py:809} INFO - DAG(s) dict_keys(['example_local_kubernetes_executor']) retrieved from /home/airflow/.local/lib/python3.7/site-packages/airflow/example_dags/example_local_kubernetes_executor.py
[2026-09-27T03:16:30.411+0000] {logging_mixin.py:149} INFO - [2026-09-27T03:16:30.411+0000] {dag.py:2726} INFO - Sync 1 DAGs
[2026-09-27T03:16:30.655+0000] {logging_mixin.py:149} INFO - [2026-09-27T03:16:30.655+0000] {dag.py:3490} INFO - Setting next_dagrun for example_local_kubernetes_executor to None, run_after=None
[2026-09-27T03:16:30.684+0000] {processor.py:178} INFO - Processing /home/airflow/.local/lib/python3.7/site-packages/airflow/example_dags/example_local_kubernetes_executor.py took 0.731 seconds
[2026-09-27T03:17:00.930+0000] {processor.py:156} INFO - Started process (PID=3552) to work on /home/airflow/.local/lib/python3.7/site-packages/airflow/example_dags/example_local_kubernetes_executor.py
[2026-09-27T03:17:00.931+0000] {processor.py:799} INFO - Processing file /home/airflow/.local/lib/python3.7/site-packages/airflow/example_dags/example_local_kubernetes_executor.py for tasks to queue
[2026-09-27T03:17:00.933+0000] {logging_mixin.py:149} INFO - [2026-09-27T03:17:00.933+0000] {dagbag.py:541} INFO - Filling up the DagBag from /home/airflow/.local/lib/python3.7/site-packages/airflow/example_dags/example_local_kubernetes_executor.py
[2026-09-27T03:17:01.310+0000] {processor.py:809} INFO - DAG(s) dict_keys(['example_local_kubernetes_executor']) retrieved from /home/airflow/.local/lib/python3.7/site-packages/airflow/example_dags/example_local_kubernetes_executor.py
[2026-09-27T03:17:01.369+0000] {logging_mixin.py:149} INFO - [2026-09-27T03:17:01.368+0000] {dag.py:2726} INFO - Sync 1 DAGs
[2026-09-27T03:17:01.412+0000] {logging_mixin.py:149} INFO - [2026-09-27T03:17:01.412+0000] {dag.py:3490} INFO - Setting next_dagrun for example_local_kubernetes_executor to None, run_after=None
[2026-09-27T03:17:01.439+0000] {processor.py:178} INFO - Processing /home/airflow/.local/lib/python3.7/site-packages/airflow/example_dags/example_local_kubernetes_executor.py took 0.517 seconds
[2026-09-27T03:17:31.703+0000] {processor.py:156} INFO - Started process (PID=3608) to work on /home/airflow/.local/lib/python3.7/site-packages/airflow/example_dags/example_local_kubernetes_executor.py
[2026-09-27T03:17:31.705+0000] {processor.py:799} INFO - Processing file /home/airflow/.local/lib/python3.7/site-packages/airflow/example_dags/example_local_kubernetes_executor.py for tasks to queue
[2026-09-27T03:17:31.706+0000] {logging_mixin.py:149} INFO - [2026-09-27T03:17:31.706+0000] {dagbag.py:541} INFO - Filling up the DagBag from /home/airflow/.local/lib/python3.7/site-packages/airflow/example_dags/example_local_kubernetes_executor.py
[2026-09-27T03:17:32.082+0000] {processor.py:809} INFO - DAG(s) dict_keys(['example_local_kubernetes_executor']) retrieved from /home/airflow/.local/lib/python3.7/site-packages/airflow/example_dags/example_local_kubernetes_executor.py
[2026-09-27T03:17:32.344+0000] {logging_mixin.py:149} INFO - [2026-09-27T03:17:32.344+0000] {dag.py:2726} INFO - Sync 1 DAGs
[2026-09-27T03:17:32.383+0000] {logging_mixin.py:149} INFO - [2026-09-27T03:17:32.383+0000] {dag.py:3490} INFO - Setting next_dagrun for example_local_kubernetes_executor to None, run_after=None
[2026-09-27T03:17:32.413+0000] {processor.py:178} INFO - Processing /home/airflow/.local/lib/python3.7/site-packages/airflow/example_dags/example_local_kubernetes_executor.py took 0.716 seconds
[2026-09-27T03:18:02.537+0000] {processor.py:156} INFO - Started process (PID=3664) to work on /home/airflow/.local/lib/python3.7/site-packages/airflow/example_dags/example_local_kubernetes_executor.py
[2026-09-27T03:18:02.539+0000] {processor.py:799} INFO - Processing file /home/airflow/.local/lib/python3.7/site-packages/airflow/example_dags/example_local_kubernetes_executor.py for tasks to queue
[2026-09-27T03:18:02.540+0000] {logging_mixin.py:149} INFO - [2026-09-27T03:18:02.539+0000] {dagbag.py:541} INFO - Filling up the DagBag from /home/airflow/.local/lib/python3.7/site-packages/airflow/example_dags/example_local_kubernetes_executor.py
[2026-09-27T03:18:02.928+0000] {processor.py:809} INFO - DAG(s) dict_keys(['example_local_kubernetes_executor']) retrieved from /home/airflow/.local/lib/python3.7/site-packages/airflow/example_dags/example_local_kubernetes_executor.py
[2026-09-27T03:18:02.986+0000] {logging_mixin.py:149} INFO - [2026-09-27T03:18:02.986+0000] {dag.py:2726} INFO - Sync 1 DAGs
[2026-09-27T03:18:03.232+0000] {logging_mixin.py:149} INFO - [2026-09-27T03:18:03.232+0000] {dag.py:3490} INFO - Setting next_dagrun for example_local_kubernetes_executor to None, run_after=None
[2026-09-27T03:18:03.267+0000] {processor.py:178} INFO - Processing /home/airflow/.local/lib/python3.7/site-packages/airflow/example_dags/example_local_kubernetes_executor.py took 0.738 seconds
[2026-09-27T03:18:33.464+0000] {processor.py:156} INFO - Started process (PID=3719) to work on /home/airflow/.local/lib/python3.7/site-packages/airflow/example_dags/example_local_kubernetes_executor.py
[2026-09-27T03:18:33.466+0000] {processor.py:799} INFO - Processing file /home/airflow/.local/lib/python3.7/site-packages/airflow/example_dags/example_local_kubernetes_executor.py for tasks to queue
[2026-09-27T03:18:33.467+0000] {logging_mixin.py:149} INFO - [2026-09-27T03:18:33.467+0000] {dagbag.py:541} INFO - Filling up the DagBag from /home/airflow/.local/lib/python3.7/site-packages/airflow/example_dags/example_local_kubernetes_executor.py
[2026-09-27T03:18:33.814+0000] {processor.py:809} INFO - DAG(s) dict_keys(['example_local_kubernetes_executor']) retrieved from /home/airflow/.local/lib/python3.7/site-packages/airflow/example_dags/example_local_kubernetes_executor.py
[2026-09-27T03:18:33.883+0000] {logging_mixin.py:149} INFO - [2026-09-27T03:18:33.882+0000] {dag.py:2726} INFO - Sync 1 DAGs
[2026-09-27T03:18:33.934+0000] {logging_mixin.py:149} INFO - [2026-09-27T03:18:33.934+0000] {dag.py:3490} INFO - Setting next_dagrun for example_local_kubernetes_executor to None, run_after=None
[2026-09-27T03:18:34.178+0000] {processor.py:178} INFO - Processing /home/airflow/.local/lib/python3.7/site-packages/airflow/example_dags/example_local_kubernetes_executor.py took 0.722 seconds
[2026-09-27T03:19:04.347+0000] {processor.py:156} INFO - Started process (PID=3783) to work on /home/airflow/.local/lib/python3.7/site-packages/airflow/example_dags/example_local_kubernetes_executor.py
[2026-09-27T03:19:04.349+0000] {processor.py:799} INFO - Processing file /home/airflow/.local/lib/python3.7/site-packages/airflow/example_dags/example_local_kubernetes_executor.py for tasks to queue
[2026-09-27T03:19:04.350+0000] {logging_mixin.py:149} INFO - [2026-09-27T03:19:04.350+0000] {dagbag.py:541} INFO - Filling up the DagBag from /home/airflow/.local/lib/python3.7/site-packages/airflow/example_dags/example_local_kubernetes_executor.py
[2026-09-27T03:19:04.716+0000] {processor.py:809} INFO - DAG(s) dict_keys(['example_local_kubernetes_executor']) retrieved from /home/airflow/.local/lib/python3.7/site-packages/airflow/example_dags/example_local_kubernetes_executor.py
[2026-09-27T03:19:04.784+0000] {logging_mixin.py:149} INFO - [2026-09-27T03:19:04.783+0000] {dag.py:2726} INFO - Sync 1 DAGs
[2026-09-27T03:19:04.840+0000] {logging_mixin.py:149} INFO - [2026-09-27T03:19:04.840+0000] {dag.py:3490} INFO - Setting next_dagrun for example_local_kubernetes_executor to None, run_after=None
[2026-09-27T03:19:04.875+0000] {processor.py:178} INFO - Processing /home/airflow/.local/lib/python3.7/site-packages/airflow/example_dags/example_local_kubernetes_executor.py took 0.536 seconds
[2026-09-27T03:19:35.074+0000] {processor.py:156} INFO - Started process (PID=3839) to work on /home/airflow/.local/lib/python3.7/site-packages/airflow/example_dags/example_local_kubernetes_executor.py
[2026-09-27T03:19:35.076+0000] {processor.py:799} INFO - Processing file /home/airflow/.local/lib/python3.7/site-packages/airflow/example_dags/example_local_kubernetes_executor.py for tasks to queue
[2026-09-27T03:19:35.078+0000] {logging_mixin.py:149} INFO - [2026-09-27T03:19:35.077+0000] {dagbag.py:541} INFO - Filling up the DagBag from /home/airflow/.local/lib/python3.7/site-packages/airflow/example_dags/example_local_kubernetes_executor.py
[2026-09-27T03:19:35.442+0000] {processor.py:809} INFO - DAG(s) dict_keys(['example_local_kubernetes_executor']) retrieved from /home/airflow/.local/lib/python3.7/site-packages/airflow/example_dags/example_local_kubernetes_executor.py
[2026-09-27T03:19:35.703+0000] {logging_mixin.py:149} INFO - [2026-09-27T03:19:35.703+0000] {dag.py:2726} INFO - Sync 1 DAGs
[2026-09-27T03:19:35.741+0000] {logging_mixin.py:149} INFO - [2026-09-27T03:19:35.741+0000] {dag.py:3490} INFO - Setting next_dagrun for example_local_kubernetes_executor to None, run_after=None
[2026-09-27T03:19:35.767+0000] {processor.py:178} INFO - Processing /home/airflow/.local/lib/python3.7/site-packages/airflow/example_dags/example_local_kubernetes_executor.py took 0.700 seconds
[2026-09-27T03:20:06.361+0000] {processor.py:156} INFO - Started process (PID=3895) to work on /home/airflow/.local/lib/python3.7/site-packages/airflow/example_dags/example_local_kubernetes_executor.py
[2026-09-27T03:20:06.363+0000] {processor.py:799} INFO - Processing file /home/airflow/.local/lib/python3.7/site-packages/airflow/example_dags/example_local_kubernetes_executor.py for tasks to queue
[2026-09-27T03:20:06.364+0000] {logging_mixin.py:149} INFO - [2026-09-27T03:20:06.364+0000] {dagbag.py:541} INFO - Filling up the DagBag from /home/airflow/.local/lib/python3.7/site-packages/airflow/example_dags/example_local_kubernetes_executor.py
[2026-09-27T03:20:06.770+0000] {processor.py:809} INFO - DAG(s) dict_keys(['example_local_kubernetes_executor']) retrieved from /home/airflow/.local/lib/python3.7/site-packages/airflow/example_dags/example_local_kubernetes_executor.py
[2026-09-27T03:20:06.832+0000] {logging_mixin.py:149} INFO - [2026-09-27T03:20:06.831+0000] {dag.py:2726} INFO - Sync 1 DAGs
[2026-09-27T03:20:07.064+0000] {logging_mixin.py:149} INFO - [2026-09-27T03:20:07.063+0000] {dag.py:3490} INFO - Setting next_dagrun for example_local_kubernetes_executor to None, run_after=None
[2026-09-27T03:20:07.090+0000] {processor.py:178} INFO - Processing /home/airflow/.local/lib/python3.7/site-packages/airflow/example_dags/example_local_kubernetes_executor.py took 0.740 seconds
[2026-09-27T03:20:37.163+0000] {processor.py:156} INFO - Started process (PID=3951) to work on /home/airflow/.local/lib/python3.7/site-packages/airflow/example_dags/example_local_kubernetes_executor.py
[2026-09-27T03:20:37.165+0000] {processor.py:799} INFO - Processing file /home/airflow/.local/lib/python3.7/site-packages/airflow/example_dags/example_local_kubernetes_executor.py for tasks to queue
[2026-09-27T03:20:37.166+0000] {logging_mixin.py:149} INFO - [2026-09-27T03:20:37.166+0000] {dagbag.py:541} INFO - Filling up the DagBag from /home/airflow/.local/lib/python3.7/site-packages/airflow/example_dags/example_local_kubernetes_executor.py
[2026-09-27T03:20:37.525+0000] {processor.py:809} INFO - DAG(s) dict_keys(['example_local_kubernetes_executor']) retrieved from /home/airflow/.local/lib/python3.7/site-packages/airflow/example_dags/example_local_kubernetes_executor.py
[2026-09-27T03:20:37.603+0000] {logging_mixin.py:149} INFO - [2026-09-27T03:20:37.603+0000] {dag.py:2726} INFO - Sync 1 DAGs
[2026-09-27T03:20:37.657+0000] {logging_mixin.py:149} INFO - [2026-09-27T03:20:37.656+0000] {dag.py:3490} INFO - Setting next_dagrun for example_local_kubernetes_executor to None, run_after=None
[2026-09-27T03:20:37.887+0000] {processor.py:178} INFO - Processing /home/airflow/.local/lib/python3.7/site-packages/airflow/example_dags/example_local_kubernetes_executor.py took 0.731 seconds
[2026-09-27T03:21:08.496+0000] {processor.py:156} INFO - Started process (PID=4008) to work on /home/airflow/.local/lib/python3.7/site-packages/airflow/example_dags/example_local_kubernetes_executor.py
[2026-09-27T03:21:08.497+0000] {processor.py:799} INFO - Processing file /home/airflow/.local/lib/python3.7/site-packages/airflow/example_dags/example_local_kubernetes_executor.py for tasks to queue
[2026-09-27T03:21:08.498+0000] {logging_mixin.py:149} INFO - [2026-09-27T03:21:08.498+0000] {dagbag.py:541} INFO - Filling up the DagBag from /home/airflow/.local/lib/python3.7/site-packages/airflow/example_dags/example_local_kubernetes_executor.py
[2026-09-27T03:21:08.866+0000] {processor.py:809} INFO - DAG(s) dict_keys(['example_local_kubernetes_executor']) retrieved from /home/airflow/.local/lib/python3.7/site-packages/airflow/example_dags/example_local_kubernetes_executor.py
[2026-09-27T03:21:09.152+0000] {logging_mixin.py:149} INFO - [2026-09-27T03:21:09.152+0000] {dag.py:2726} INFO - Sync 1 DAGs
[2026-09-27T03:21:09.189+0000] {logging_mixin.py:149} INFO - [2026-09-27T03:21:09.188+0000] {dag.py:3490} INFO - Setting next_dagrun for example_local_kubernetes_executor to None, run_after=None
[2026-09-27T03:21:09.213+0000] {processor.py:178} INFO - Processing /home/airflow/.local/lib/python3.7/site-packages/airflow/example_dags/example_local_kubernetes_executor.py took 0.725 seconds
[2026-09-27T03:21:39.774+0000] {processor.py:156} INFO - Started process (PID=4065) to work on /home/airflow/.local/lib/python3.7/site-packages/airflow/example_dags/example_local_kubernetes_executor.py
[2026-09-27T03:21:39.776+0000] {processor.py:799} INFO - Processing file /home/airflow/.local/lib/python3.7/site-packages/airflow/example_dags/example_local_kubernetes_executor.py for tasks to queue
[2026-09-27T03:21:39.777+0000] {logging_mixin.py:149} INFO - [2026-09-27T03:21:39.776+0000] {dagbag.py:541} INFO - Filling up the DagBag from /home/airflow/.local/lib/python3.7/site-packages/airflow/example_dags/example_local_kubernetes_executor.py
[2026-09-27T03:21:40.142+0000] {processor.py:809} INFO - DAG(s) dict_keys(['example_local_kubernetes_executor']) retrieved from /home/airflow/.local/lib/python3.7/site-packages/airflow/example_dags/example_local_kubernetes_executor.py
[2026-09-27T03:21:40.432+0000] {logging_mixin.py:149} INFO - [2026-09-27T03:21:40.432+0000] {dag.py:2726} INFO - Sync 1 DAGs
[2026-09-27T03:21:40.471+0000] {logging_mixin.py:149} INFO - [2026-09-27T03:21:40.470+0000] {dag.py:3490} INFO - Setting next_dagrun for example_local_kubernetes_executor to None, run_after=None
[2026-09-27T03:21:40.495+0000] {processor.py:178} INFO - Processing /home/airflow/.local/lib/python3.7/site-packages/airflow/example_dags/example_local_kubernetes_executor.py took 0.729 seconds
[2026-09-27T03:22:11.130+0000] {processor.py:156} INFO - Started process (PID=4121) to work on /home/airflow/.local/lib/python3.7/site-packages/airflow/example_dags/example_local_kubernetes_executor.py
[2026-09-27T03:22:11.133+0000] {processor.py:799} INFO - Processing file /home/airflow/.local/lib/python3.7/site-packages/airflow/example_dags/example_local_kubernetes_executor.py for tasks to queue
[2026-09-27T03:22:11.134+0000] {logging_mixin.py:149} INFO - [2026-09-27T03:22:11.133+0000] {dagbag.py:541} INFO - Filling up the DagBag from /home/airflow/.local/lib/python3.7/site-packages/airflow/example_dags/example_local_kubernetes_executor.py
[2026-09-27T03:22:11.715+0000] {processor.py:809} INFO - DAG(s) dict_keys(['example_local_kubernetes_executor']) retrieved from /home/airflow/.local/lib/python3.7/site-packages/airflow/example_dags/example_local_kubernetes_executor.py
[2026-09-27T03:22:11.770+0000] {logging_mixin.py:149} INFO - [2026-09-27T03:22:11.769+0000] {dag.py:2726} INFO - Sync 1 DAGs
[2026-09-27T03:22:11.815+0000] {logging_mixin.py:149} INFO - [2026-09-27T03:22:11.814+0000] {dag.py:3490} INFO - Setting next_dagrun for example_local_kubernetes_executor to None, run_after=None
[2026-09-27T03:22:11.847+0000] {processor.py:178} INFO - Processing /home/airflow/.local/lib/python3.7/site-packages/airflow/example_dags/example_local_kubernetes_executor.py took 0.724 seconds
[2026-09-27T03:22:42.124+0000] {processor.py:156} INFO - Started process (PID=4180) to work on /home/airflow/.local/lib/python3.7/site-packages/airflow/example_dags/example_local_kubernetes_executor.py
[2026-09-27T03:22:42.128+0000] {processor.py:799} INFO - Processing file /home/airflow/.local/lib/python3.7/site-packages/airflow/example_dags/example_local_kubernetes_executor.py for tasks to queue
[2026-09-27T03:22:42.129+0000] {logging_mixin.py:149} INFO - [2026-09-27T03:22:42.129+0000] {dagbag.py:541} INFO - Filling up the DagBag from /home/airflow/.local/lib/python3.7/site-packages/airflow/example_dags/example_local_kubernetes_executor.py
[2026-09-27T03:22:42.492+0000] {processor.py:809} INFO - DAG(s) dict_keys(['example_local_kubernetes_executor']) retrieved from /home/airflow/.local/lib/python3.7/site-packages/airflow/example_dags/example_local_kubernetes_executor.py
[2026-09-27T03:22:42.745+0000] {logging_mixin.py:149} INFO - [2026-09-27T03:22:42.745+0000] {dag.py:2726} INFO - Sync 1 DAGs
[2026-09-27T03:22:42.782+0000] {logging_mixin.py:149} INFO - [2026-09-27T03:22:42.781+0000] {dag.py:3490} INFO - Setting next_dagrun for example_local_kubernetes_executor to None, run_after=None
[2026-09-27T03:22:42.810+0000] {processor.py:178} INFO - Processing /home/airflow/.local/lib/python3.7/site-packages/airflow/example_dags/example_local_kubernetes_executor.py took 0.692 seconds
[2026-09-27T03:23:13.148+0000] {processor.py:156} INFO - Started process (PID=4237) to work on /home/airflow/.local/lib/python3.7/site-packages/airflow/example_dags/example_local_kubernetes_executor.py
[2026-09-27T03:23:13.150+0000] {processor.py:799} INFO - Processing file /home/airflow/.local/lib/python3.7/site-packages/airflow/example_dags/example_local_kubernetes_executor.py for tasks to queue
[2026-09-27T03:23:13.151+0000] {logging_mixin.py:149} INFO - [2026-09-27T03:23:13.151+0000] {dagbag.py:541} INFO - Filling up the DagBag from /home/airflow/.local/lib/python3.7/site-packages/airflow/example_dags/example_local_kubernetes_executor.py
[2026-09-27T03:23:13.705+0000] {processor.py:809} INFO - DAG(s) dict_keys(['example_local_kubernetes_executor']) retrieved from /home/airflow/.local/lib/python3.7/site-packages/airflow/example_dags/example_local_kubernetes_executor.py
[2026-09-27T03:23:13.754+0000] {logging_mixin.py:149} INFO - [2026-09-27T03:23:13.754+0000] {dag.py:2726} INFO - Sync 1 DAGs
[2026-09-27T03:23:13.791+0000] {logging_mixin.py:149} INFO - [2026-09-27T03:23:13.791+0000] {dag.py:3490} INFO - Setting next_dagrun for example_local_kubernetes_executor to None, run_after=None
[2026-09-27T03:23:13.816+0000] {processor.py:178} INFO - Processing /home/airflow/.local/lib/python3.7/site-packages/airflow/example_dags/example_local_kubernetes_executor.py took 0.676 seconds
[2026-09-27T03:23:44.059+0000] {processor.py:156} INFO - Started process (PID=4295) to work on /home/airflow/.local/lib/python3.7/site-packages/airflow/example_dags/example_local_kubernetes_executor.py
[2026-09-27T03:23:44.066+0000] {processor.py:799} INFO - Processing file /home/airflow/.local/lib/python3.7/site-packages/airflow/example_dags/example_local_kubernetes_executor.py for tasks to queue
[2026-09-27T03:23:44.068+0000] {logging_mixin.py:149} INFO - [2026-09-27T03:23:44.067+0000] {dagbag.py:541} INFO - Filling up the DagBag from /home/airflow/.local/lib/python3.7/site-packages/airflow/example_dags/example_local_kubernetes_executor.py
[2026-09-27T03:23:44.645+0000] {processor.py:809} INFO - DAG(s) dict_keys(['example_local_kubernetes_executor']) retrieved from /home/airflow/.local/lib/python3.7/site-packages/airflow/example_dags/example_local_kubernetes_executor.py
[2026-09-27T03:23:44.691+0000] {logging_mixin.py:149} INFO - [2026-09-27T03:23:44.690+0000] {dag.py:2726} INFO - Sync 1 DAGs
[2026-09-27T03:23:44.737+0000] {logging_mixin.py:149} INFO - [2026-09-27T03:23:44.737+0000] {dag.py:3490} INFO - Setting next_dagrun for example_local_kubernetes_executor to None, run_after=None
[2026-09-27T03:23:44.775+0000] {processor.py:178} INFO - Processing /home/airflow/.local/lib/python3.7/site-packages/airflow/example_dags/example_local_kubernetes_executor.py took 0.723 seconds
[2026-09-27T03:24:15.010+0000] {processor.py:156} INFO - Started process (PID=4353) to work on /home/airflow/.local/lib/python3.7/site-packages/airflow/example_dags/example_local_kubernetes_executor.py
[2026-09-27T03:24:15.012+0000] {processor.py:799} INFO - Processing file /home/airflow/.local/lib/python3.7/site-packages/airflow/example_dags/example_local_kubernetes_executor.py for tasks to queue
[2026-09-27T03:24:15.013+0000] {logging_mixin.py:149} INFO - [2026-09-27T03:24:15.013+0000] {dagbag.py:541} INFO - Filling up the DagBag from /home/airflow/.local/lib/python3.7/site-packages/airflow/example_dags/example_local_kubernetes_executor.py
[2026-09-27T03:24:15.373+0000] {processor.py:809} INFO - DAG(s) dict_keys(['example_local_kubernetes_executor']) retrieved from /home/airflow/.local/lib/python3.7/site-packages/airflow/example_dags/example_local_kubernetes_executor.py
[2026-09-27T03:24:15.655+0000] {logging_mixin.py:149} INFO - [2026-09-27T03:24:15.655+0000] {dag.py:2726} INFO - Sync 1 DAGs
[2026-09-27T03:24:15.696+0000] {logging_mixin.py:149} INFO - [2026-09-27T03:24:15.696+0000] {dag.py:3490} INFO - Setting next_dagrun for example_local_kubernetes_executor to None, run_after=None
[2026-09-27T03:24:15.728+0000] {processor.py:178} INFO - Processing /home/airflow/.local/lib/python3.7/site-packages/airflow/example_dags/example_local_kubernetes_executor.py took 0.725 seconds
[2026-09-27T03:24:45.915+0000] {processor.py:156} INFO - Started process (PID=4412) to work on /home/airflow/.local/lib/python3.7/site-packages/airflow/example_dags/example_local_kubernetes_executor.py
[2026-09-27T03:24:45.917+0000] {processor.py:799} INFO - Processing file /home/airflow/.local/lib/python3.7/site-packages/airflow/example_dags/example_local_kubernetes_executor.py for tasks to queue
[2026-09-27T03:24:45.918+0000] {logging_mixin.py:149} INFO - [2026-09-27T03:24:45.918+0000] {dagbag.py:541} INFO - Filling up the DagBag from /home/airflow/.local/lib/python3.7/site-packages/airflow/example_dags/example_local_kubernetes_executor.py
[2026-09-27T03:24:46.474+0000] {processor.py:809} INFO - DAG(s) dict_keys(['example_local_kubernetes_executor']) retrieved from /home/airflow/.local/lib/python3.7/site-packages/airflow/example_dags/example_local_kubernetes_executor.py
[2026-09-27T03:24:46.522+0000] {logging_mixin.py:149} INFO - [2026-09-27T03:24:46.522+0000] {dag.py:2726} INFO - Sync 1 DAGs
[2026-09-27T03:24:46.559+0000] {logging_mixin.py:149} INFO - [2026-09-27T03:24:46.559+0000] {dag.py:3490} INFO - Setting next_dagrun for example_local_kubernetes_executor to None, run_after=None
[2026-09-27T03:24:46.586+0000] {processor.py:178} INFO - Processing /home/airflow/.local/lib/python3.7/site-packages/airflow/example_dags/example_local_kubernetes_executor.py took 0.678 seconds
[2026-09-27T03:25:16.855+0000] {processor.py:156} INFO - Started process (PID=4470) to work on /home/airflow/.local/lib/python3.7/site-packages/airflow/example_dags/example_local_kubernetes_executor.py
[2026-09-27T03:25:16.856+0000] {processor.py:799} INFO - Processing file /home/airflow/.local/lib/python3.7/site-packages/airflow/example_dags/example_local_kubernetes_executor.py for tasks to queue
[2026-09-27T03:25:16.857+0000] {logging_mixin.py:149} INFO - [2026-09-27T03:25:16.857+0000] {dagbag.py:541} INFO - Filling up the DagBag from /home/airflow/.local/lib/python3.7/site-packages/airflow/example_dags/example_local_kubernetes_executor.py
[2026-09-27T03:25:17.399+0000] {processor.py:809} INFO - DAG(s) dict_keys(['example_local_kubernetes_executor']) retrieved from /home/airflow/.local/lib/python3.7/site-packages/airflow/example_dags/example_local_kubernetes_executor.py
[2026-09-27T03:25:17.449+0000] {logging_mixin.py:149} INFO - [2026-09-27T03:25:17.449+0000] {dag.py:2726} INFO - Sync 1 DAGs
[2026-09-27T03:25:17.488+0000] {logging_mixin.py:149} INFO - [2026-09-27T03:25:17.488+0000] {dag.py:3490} INFO - Setting next_dagrun for example_local_kubernetes_executor to None, run_after=None
[2026-09-27T03:25:17.526+0000] {processor.py:178} INFO - Processing /home/airflow/.local/lib/python3.7/site-packages/airflow/example_dags/example_local_kubernetes_executor.py took 0.678 seconds
[2026-09-27T03:25:47.666+0000] {processor.py:156} INFO - Started process (PID=4530) to work on /home/airflow/.local/lib/python3.7/site-packages/airflow/example_dags/example_local_kubernetes_executor.py
[2026-09-27T03:25:47.668+0000] {processor.py:799} INFO - Processing file /home/airflow/.local/lib/python3.7/site-packages/airflow/example_dags/example_local_kubernetes_executor.py for tasks to queue
[2026-09-27T03:25:47.669+0000] {logging_mixin.py:149} INFO - [2026-09-27T03:25:47.669+0000] {dagbag.py:541} INFO - Filling up the DagBag from /home/airflow/.local/lib/python3.7/site-packages/airflow/example_dags/example_local_kubernetes_executor.py
[2026-09-27T03:25:48.212+0000] {processor.py:809} INFO - DAG(s) dict_keys(['example_local_kubernetes_executor']) retrieved from /home/airflow/.local/lib/python3.7/site-packages/airflow/example_dags/example_local_kubernetes_executor.py
[2026-09-27T03:25:48.267+0000] {logging_mixin.py:149} INFO - [2026-09-27T03:25:48.266+0000] {dag.py:2726} INFO - Sync 1 DAGs
[2026-09-27T03:25:48.306+0000] {logging_mixin.py:149} INFO - [2026-09-27T03:25:48.306+0000] {dag.py:3490} INFO - Setting next_dagrun for example_local_kubernetes_executor to None, run_after=None
[2026-09-27T03:25:48.339+0000] {processor.py:178} INFO - Processing /home/airflow/.local/lib/python3.7/site-packages/airflow/example_dags/example_local_kubernetes_executor.py took 0.680 seconds
[2026-09-27T03:26:18.425+0000] {processor.py:156} INFO - Started process (PID=4586) to work on /home/airflow/.local/lib/python3.7/site-packages/airflow/example_dags/example_local_kubernetes_executor.py
[2026-09-27T03:26:18.426+0000] {processor.py:799} INFO - Processing file /home/airflow/.local/lib/python3.7/site-packages/airflow/example_dags/example_local_kubernetes_executor.py for tasks to queue
[2026-09-27T03:26:18.427+0000] {logging_mixin.py:149} INFO - [2026-09-27T03:26:18.427+0000] {dagbag.py:541} INFO - Filling up the DagBag from /home/airflow/.local/lib/python3.7/site-packages/airflow/example_dags/example_local_kubernetes_executor.py
[2026-09-27T03:26:18.960+0000] {processor.py:809} INFO - DAG(s) dict_keys(['example_local_kubernetes_executor']) retrieved from /home/airflow/.local/lib/python3.7/site-packages/airflow/example_dags/example_local_kubernetes_executor.py
[2026-09-27T03:26:19.016+0000] {logging_mixin.py:149} INFO - [2026-09-27T03:26:19.016+0000] {dag.py:2726} INFO - Sync 1 DAGs
[2026-09-27T03:26:19.055+0000] {logging_mixin.py:149} INFO - [2026-09-27T03:26:19.055+0000] {dag.py:3490} INFO - Setting next_dagrun for example_local_kubernetes_executor to None, run_after=None
[2026-09-27T03:26:19.084+0000] {processor.py:178} INFO - Processing /home/airflow/.local/lib/python3.7/site-packages/airflow/example_dags/example_local_kubernetes_executor.py took 0.666 seconds
[2026-09-27T03:26:49.231+0000] {processor.py:156} INFO - Started process (PID=4642) to work on /home/airflow/.local/lib/python3.7/site-packages/airflow/example_dags/example_local_kubernetes_executor.py
[2026-09-27T03:26:49.233+0000] {processor.py:799} INFO - Processing file /home/airflow/.local/lib/python3.7/site-packages/airflow/example_dags/example_local_kubernetes_executor.py for tasks to queue
[2026-09-27T03:26:49.234+0000] {logging_mixin.py:149} INFO - [2026-09-27T03:26:49.234+0000] {dagbag.py:541} INFO - Filling up the DagBag from /home/airflow/.local/lib/python3.7/site-packages/airflow/example_dags/example_local_kubernetes_executor.py
[2026-09-27T03:26:49.823+0000] {processor.py:809} INFO - DAG(s) dict_keys(['example_local_kubernetes_executor']) retrieved from /home/airflow/.local/lib/python3.7/site-packages/airflow/example_dags/example_local_kubernetes_executor.py
[2026-09-27T03:26:49.878+0000] {logging_mixin.py:149} INFO - [2026-09-27T03:26:49.877+0000] {dag.py:2726} INFO - Sync 1 DAGs
[2026-09-27T03:26:49.925+0000] {logging_mixin.py:149} INFO - [2026-09-27T03:26:49.925+0000] {dag.py:3490} INFO - Setting next_dagrun for example_local_kubernetes_executor to None, run_after=None
[2026-09-27T03:26:49.958+0000] {processor.py:178} INFO - Processing /home/airflow/.local/lib/python3.7/site-packages/airflow/example_dags/example_local_kubernetes_executor.py took 0.738 seconds
[2026-09-27T03:27:20.581+0000] {processor.py:156} INFO - Started process (PID=4698) to work on /home/airflow/.local/lib/python3.7/site-packages/airflow/example_dags/example_local_kubernetes_executor.py
[2026-09-27T03:27:20.583+0000] {processor.py:799} INFO - Processing file /home/airflow/.local/lib/python3.7/site-packages/airflow/example_dags/example_local_kubernetes_executor.py for tasks to queue
[2026-09-27T03:27:20.584+0000] {logging_mixin.py:149} INFO - [2026-09-27T03:27:20.584+0000] {dagbag.py:541} INFO - Filling up the DagBag from /home/airflow/.local/lib/python3.7/site-packages/airflow/example_dags/example_local_kubernetes_executor.py
[2026-09-27T03:27:21.158+0000] {processor.py:809} INFO - DAG(s) dict_keys(['example_local_kubernetes_executor']) retrieved from /home/airflow/.local/lib/python3.7/site-packages/airflow/example_dags/example_local_kubernetes_executor.py
[2026-09-27T03:27:21.215+0000] {logging_mixin.py:149} INFO - [2026-09-27T03:27:21.215+0000] {dag.py:2726} INFO - Sync 1 DAGs
[2026-09-27T03:27:21.255+0000] {logging_mixin.py:149} INFO - [2026-09-27T03:27:21.255+0000] {dag.py:3490} INFO - Setting next_dagrun for example_local_kubernetes_executor to None, run_after=None
[2026-09-27T03:27:21.285+0000] {processor.py:178} INFO - Processing /home/airflow/.local/lib/python3.7/site-packages/airflow/example_dags/example_local_kubernetes_executor.py took 0.710 seconds
[2026-09-27T03:27:51.958+0000] {processor.py:156} INFO - Started process (PID=4754) to work on /home/airflow/.local/lib/python3.7/site-packages/airflow/example_dags/example_local_kubernetes_executor.py
[2026-09-27T03:27:51.960+0000] {processor.py:799} INFO - Processing file /home/airflow/.local/lib/python3.7/site-packages/airflow/example_dags/example_local_kubernetes_executor.py for tasks to queue
[2026-09-27T03:27:51.961+0000] {logging_mixin.py:149} INFO - [2026-09-27T03:27:51.961+0000] {dagbag.py:541} INFO - Filling up the DagBag from /home/airflow/.local/lib/python3.7/site-packages/airflow/example_dags/example_local_kubernetes_executor.py
[2026-09-27T03:27:52.524+0000] {processor.py:809} INFO - DAG(s) dict_keys(['example_local_kubernetes_executor']) retrieved from /home/airflow/.local/lib/python3.7/site-packages/airflow/example_dags/example_local_kubernetes_executor.py
[2026-09-27T03:27:52.580+0000] {logging_mixin.py:149} INFO - [2026-09-27T03:27:52.579+0000] {dag.py:2726} INFO - Sync 1 DAGs
[2026-09-27T03:27:52.625+0000] {logging_mixin.py:149} INFO - [2026-09-27T03:27:52.625+0000] {dag.py:3490} INFO - Setting next_dagrun for example_local_kubernetes_executor to None, run_after=None
[2026-09-27T03:27:52.653+0000] {processor.py:178} INFO - Processing /home/airflow/.local/lib/python3.7/site-packages/airflow/example_dags/example_local_kubernetes_executor.py took 0.702 seconds
[2026-09-27T03:28:22.810+0000] {processor.py:156} INFO - Started process (PID=4810) to work on /home/airflow/.local/lib/python3.7/site-packages/airflow/example_dags/example_local_kubernetes_executor.py
[2026-09-27T03:28:22.812+0000] {processor.py:799} INFO - Processing file /home/airflow/.local/lib/python3.7/site-packages/airflow/example_dags/example_local_kubernetes_executor.py for tasks to queue
[2026-09-27T03:28:22.813+0000] {logging_mixin.py:149} INFO - [2026-09-27T03:28:22.813+0000] {dagbag.py:541} INFO - Filling up the DagBag from /home/airflow/.local/lib/python3.7/site-packages/airflow/example_dags/example_local_kubernetes_executor.py
[2026-09-27T03:28:23.451+0000] {processor.py:809} INFO - DAG(s) dict_keys(['example_local_kubernetes_executor']) retrieved from /home/airflow/.local/lib/python3.7/site-packages/airflow/example_dags/example_local_kubernetes_executor.py
[2026-09-27T03:28:23.506+0000] {logging_mixin.py:149} INFO - [2026-09-27T03:28:23.506+0000] {dag.py:2726} INFO - Sync 1 DAGs
[2026-09-27T03:28:23.542+0000] {logging_mixin.py:149} INFO - [2026-09-27T03:28:23.541+0000] {dag.py:3490} INFO - Setting next_dagrun for example_local_kubernetes_executor to None, run_after=None
[2026-09-27T03:28:23.572+0000] {processor.py:178} INFO - Processing /home/airflow/.local/lib/python3.7/site-packages/airflow/example_dags/example_local_kubernetes_executor.py took 0.769 seconds
[2026-09-27T03:28:53.860+0000] {processor.py:156} INFO - Started process (PID=4866) to work on /home/airflow/.local/lib/python3.7/site-packages/airflow/example_dags/example_local_kubernetes_executor.py
[2026-09-27T03:28:53.862+0000] {processor.py:799} INFO - Processing file /home/airflow/.local/lib/python3.7/site-packages/airflow/example_dags/example_local_kubernetes_executor.py for tasks to queue
[2026-09-27T03:28:53.863+0000] {logging_mixin.py:149} INFO - [2026-09-27T03:28:53.863+0000] {dagbag.py:541} INFO - Filling up the DagBag from /home/airflow/.local/lib/python3.7/site-packages/airflow/example_dags/example_local_kubernetes_executor.py
[2026-09-27T03:28:54.437+0000] {processor.py:809} INFO - DAG(s) dict_keys(['example_local_kubernetes_executor']) retrieved from /home/airflow/.local/lib/python3.7/site-packages/airflow/example_dags/example_local_kubernetes_executor.py
[2026-09-27T03:28:54.484+0000] {logging_mixin.py:149} INFO - [2026-09-27T03:28:54.484+0000] {dag.py:2726} INFO - Sync 1 DAGs
[2026-09-27T03:28:54.523+0000] {logging_mixin.py:149} INFO - [2026-09-27T03:28:54.523+0000] {dag.py:3490} INFO - Setting next_dagrun for example_local_kubernetes_executor to None, run_after=None
[2026-09-27T03:28:54.548+0000] {processor.py:178} INFO - Processing /home/airflow/.local/lib/python3.7/site-packages/airflow/example_dags/example_local_kubernetes_executor.py took 0.694 seconds
[2026-09-27T03:29:25.442+0000] {processor.py:156} INFO - Started process (PID=4922) to work on /home/airflow/.local/lib/python3.7/site-packages/airflow/example_dags/example_local_kubernetes_executor.py
[2026-09-27T03:29:25.445+0000] {processor.py:799} INFO - Processing file /home/airflow/.local/lib/python3.7/site-packages/airflow/example_dags/example_local_kubernetes_executor.py for tasks to queue
[2026-09-27T03:29:25.446+0000] {logging_mixin.py:149} INFO - [2026-09-27T03:29:25.446+0000] {dagbag.py:541} INFO - Filling up the DagBag from /home/airflow/.local/lib/python3.7/site-packages/airflow/example_dags/example_local_kubernetes_executor.py
[2026-09-27T03:29:26.032+0000] {processor.py:809} INFO - DAG(s) dict_keys(['example_local_kubernetes_executor']) retrieved from /home/airflow/.local/lib/python3.7/site-packages/airflow/example_dags/example_local_kubernetes_executor.py
[2026-09-27T03:29:26.081+0000] {logging_mixin.py:149} INFO - [2026-09-27T03:29:26.080+0000] {dag.py:2726} INFO - Sync 1 DAGs
[2026-09-27T03:29:26.120+0000] {logging_mixin.py:149} INFO - [2026-09-27T03:29:26.120+0000] {dag.py:3490} INFO - Setting next_dagrun for example_local_kubernetes_executor to None, run_after=None
[2026-09-27T03:29:26.148+0000] {processor.py:178} INFO - Processing /home/airflow/.local/lib/python3.7/site-packages/airflow/example_dags/example_local_kubernetes_executor.py took 0.712 seconds
[2026-09-27T03:29:56.803+0000] {processor.py:156} INFO - Started process (PID=4978) to work on /home/airflow/.local/lib/python3.7/site-packages/airflow/example_dags/example_local_kubernetes_executor.py
[2026-09-27T03:29:56.805+0000] {processor.py:799} INFO - Processing file /home/airflow/.local/lib/python3.7/site-packages/airflow/example_dags/example_local_kubernetes_executor.py for tasks to queue
[2026-09-27T03:29:56.806+0000] {logging_mixin.py:149} INFO - [2026-09-27T03:29:56.806+0000] {dagbag.py:541} INFO - Filling up the DagBag from /home/airflow/.local/lib/python3.7/site-packages/airflow/example_dags/example_local_kubernetes_executor.py
[2026-09-27T03:29:57.380+0000] {processor.py:809} INFO - DAG(s) dict_keys(['example_local_kubernetes_executor']) retrieved from /home/airflow/.local/lib/python3.7/site-packages/airflow/example_dags/example_local_kubernetes_executor.py
[2026-09-27T03:29:57.439+0000] {logging_mixin.py:149} INFO - [2026-09-27T03:29:57.439+0000] {dag.py:2726} INFO - Sync 1 DAGs
[2026-09-27T03:29:57.479+0000] {logging_mixin.py:149} INFO - [2026-09-27T03:29:57.479+0000] {dag.py:3490} INFO - Setting next_dagrun for example_local_kubernetes_executor to None, run_after=None
[2026-09-27T03:29:57.512+0000] {processor.py:178} INFO - Processing /home/airflow/.local/lib/python3.7/site-packages/airflow/example_dags/example_local_kubernetes_executor.py took 0.716 seconds
[2026-09-27T03:30:27.779+0000] {processor.py:156} INFO - Started process (PID=5034) to work on /home/airflow/.local/lib/python3.7/site-packages/airflow/example_dags/example_local_kubernetes_executor.py
[2026-09-27T03:30:27.782+0000] {processor.py:799} INFO - Processing file /home/airflow/.local/lib/python3.7/site-packages/airflow/example_dags/example_local_kubernetes_executor.py for tasks to queue
[2026-09-27T03:30:27.783+0000] {logging_mixin.py:149} INFO - [2026-09-27T03:30:27.782+0000] {dagbag.py:541} INFO - Filling up the DagBag from /home/airflow/.local/lib/python3.7/site-packages/airflow/example_dags/example_local_kubernetes_executor.py
[2026-09-27T03:30:28.380+0000] {processor.py:809} INFO - DAG(s) dict_keys(['example_local_kubernetes_executor']) retrieved from /home/airflow/.local/lib/python3.7/site-packages/airflow/example_dags/example_local_kubernetes_executor.py
[2026-09-27T03:30:28.447+0000] {logging_mixin.py:149} INFO - [2026-09-27T03:30:28.447+0000] {dag.py:2726} INFO - Sync 1 DAGs
[2026-09-27T03:30:28.494+0000] {logging_mixin.py:149} INFO - [2026-09-27T03:30:28.494+0000] {dag.py:3490} INFO - Setting next_dagrun for example_local_kubernetes_executor to None, run_after=None
[2026-09-27T03:30:28.525+0000] {processor.py:178} INFO - Processing /home/airflow/.local/lib/python3.7/site-packages/airflow/example_dags/example_local_kubernetes_executor.py took 0.754 seconds
[2026-09-27T03:30:58.580+0000] {processor.py:156} INFO - Started process (PID=5089) to work on /home/airflow/.local/lib/python3.7/site-packages/airflow/example_dags/example_local_kubernetes_executor.py
[2026-09-27T03:30:58.585+0000] {processor.py:799} INFO - Processing file /home/airflow/.local/lib/python3.7/site-packages/airflow/example_dags/example_local_kubernetes_executor.py for tasks to queue
[2026-09-27T03:30:58.586+0000] {logging_mixin.py:149} INFO - [2026-09-27T03:30:58.586+0000] {dagbag.py:541} INFO - Filling up the DagBag from /home/airflow/.local/lib/python3.7/site-packages/airflow/example_dags/example_local_kubernetes_executor.py
[2026-09-27T03:30:59.177+0000] {processor.py:809} INFO - DAG(s) dict_keys(['example_local_kubernetes_executor']) retrieved from /home/airflow/.local/lib/python3.7/site-packages/airflow/example_dags/example_local_kubernetes_executor.py
[2026-09-27T03:30:59.228+0000] {logging_mixin.py:149} INFO - [2026-09-27T03:30:59.228+0000] {dag.py:2726} INFO - Sync 1 DAGs
[2026-09-27T03:30:59.268+0000] {logging_mixin.py:149} INFO - [2026-09-27T03:30:59.268+0000] {dag.py:3490} INFO - Setting next_dagrun for example_local_kubernetes_executor to None, run_after=None
[2026-09-27T03:30:59.297+0000] {processor.py:178} INFO - Processing /home/airflow/.local/lib/python3.7/site-packages/airflow/example_dags/example_local_kubernetes_executor.py took 0.724 seconds
[2026-09-27T03:31:29.986+0000] {processor.py:156} INFO - Started process (PID=5147) to work on /home/airflow/.local/lib/python3.7/site-packages/airflow/example_dags/example_local_kubernetes_executor.py
[2026-09-27T03:31:29.989+0000] {processor.py:799} INFO - Processing file /home/airflow/.local/lib/python3.7/site-packages/airflow/example_dags/example_local_kubernetes_executor.py for tasks to queue
[2026-09-27T03:31:29.990+0000] {logging_mixin.py:149} INFO - [2026-09-27T03:31:29.990+0000] {dagbag.py:541} INFO - Filling up the DagBag from /home/airflow/.local/lib/python3.7/site-packages/airflow/example_dags/example_local_kubernetes_executor.py
[2026-09-27T03:31:30.567+0000] {processor.py:809} INFO - DAG(s) dict_keys(['example_local_kubernetes_executor']) retrieved from /home/airflow/.local/lib/python3.7/site-packages/airflow/example_dags/example_local_kubernetes_executor.py
[2026-09-27T03:31:30.620+0000] {logging_mixin.py:149} INFO - [2026-09-27T03:31:30.620+0000] {dag.py:2726} INFO - Sync 1 DAGs
[2026-09-27T03:31:30.660+0000] {logging_mixin.py:149} INFO - [2026-09-27T03:31:30.659+0000] {dag.py:3490} INFO - Setting next_dagrun for example_local_kubernetes_executor to None, run_after=None
[2026-09-27T03:31:30.687+0000] {processor.py:178} INFO - Processing /home/airflow/.local/lib/python3.7/site-packages/airflow/example_dags/example_local_kubernetes_executor.py took 0.707 seconds
[2026-09-27T03:32:00.843+0000] {processor.py:156} INFO - Started process (PID=5207) to work on /home/airflow/.local/lib/python3.7/site-packages/airflow/example_dags/example_local_kubernetes_executor.py
[2026-09-27T03:32:00.845+0000] {processor.py:799} INFO - Processing file /home/airflow/.local/lib/python3.7/site-packages/airflow/example_dags/example_local_kubernetes_executor.py for tasks to queue
[2026-09-27T03:32:00.846+0000] {logging_mixin.py:149} INFO - [2026-09-27T03:32:00.846+0000] {dagbag.py:541} INFO - Filling up the DagBag from /home/airflow/.local/lib/python3.7/site-packages/airflow/example_dags/example_local_kubernetes_executor.py
[2026-09-27T03:32:01.404+0000] {processor.py:809} INFO - DAG(s) dict_keys(['example_local_kubernetes_executor']) retrieved from /home/airflow/.local/lib/python3.7/site-packages/airflow/example_dags/example_local_kubernetes_executor.py
[2026-09-27T03:32:01.459+0000] {logging_mixin.py:149} INFO - [2026-09-27T03:32:01.459+0000] {dag.py:2726} INFO - Sync 1 DAGs
[2026-09-27T03:32:01.497+0000] {logging_mixin.py:149} INFO - [2026-09-27T03:32:01.497+0000] {dag.py:3490} INFO - Setting next_dagrun for example_local_kubernetes_executor to None, run_after=None
[2026-09-27T03:32:01.522+0000] {processor.py:178} INFO - Processing /home/airflow/.local/lib/python3.7/site-packages/airflow/example_dags/example_local_kubernetes_executor.py took 0.691 seconds
[2026-09-27T03:32:31.985+0000] {processor.py:156} INFO - Started process (PID=5266) to work on /home/airflow/.local/lib/python3.7/site-packages/airflow/example_dags/example_local_kubernetes_executor.py
[2026-09-27T03:32:31.992+0000] {processor.py:799} INFO - Processing file /home/airflow/.local/lib/python3.7/site-packages/airflow/example_dags/example_local_kubernetes_executor.py for tasks to queue
[2026-09-27T03:32:31.994+0000] {logging_mixin.py:149} INFO - [2026-09-27T03:32:31.993+0000] {dagbag.py:541} INFO - Filling up the DagBag from /home/airflow/.local/lib/python3.7/site-packages/airflow/example_dags/example_local_kubernetes_executor.py
[2026-09-27T03:32:32.560+0000] {processor.py:809} INFO - DAG(s) dict_keys(['example_local_kubernetes_executor']) retrieved from /home/airflow/.local/lib/python3.7/site-packages/airflow/example_dags/example_local_kubernetes_executor.py
[2026-09-27T03:32:32.612+0000] {logging_mixin.py:149} INFO - [2026-09-27T03:32:32.611+0000] {dag.py:2726} INFO - Sync 1 DAGs
[2026-09-27T03:32:32.658+0000] {logging_mixin.py:149} INFO - [2026-09-27T03:32:32.657+0000] {dag.py:3490} INFO - Setting next_dagrun for example_local_kubernetes_executor to None, run_after=None
[2026-09-27T03:32:32.693+0000] {processor.py:178} INFO - Processing /home/airflow/.local/lib/python3.7/site-packages/airflow/example_dags/example_local_kubernetes_executor.py took 0.714 seconds
[2026-09-27T03:33:02.775+0000] {processor.py:156} INFO - Started process (PID=5322) to work on /home/airflow/.local/lib/python3.7/site-packages/airflow/example_dags/example_local_kubernetes_executor.py
[2026-09-27T03:33:02.777+0000] {processor.py:799} INFO - Processing file /home/airflow/.local/lib/python3.7/site-packages/airflow/example_dags/example_local_kubernetes_executor.py for tasks to queue
[2026-09-27T03:33:02.778+0000] {logging_mixin.py:149} INFO - [2026-09-27T03:33:02.778+0000] {dagbag.py:541} INFO - Filling up the DagBag from /home/airflow/.local/lib/python3.7/site-packages/airflow/example_dags/example_local_kubernetes_executor.py
[2026-09-27T03:33:03.348+0000] {processor.py:809} INFO - DAG(s) dict_keys(['example_local_kubernetes_executor']) retrieved from /home/airflow/.local/lib/python3.7/site-packages/airflow/example_dags/example_local_kubernetes_executor.py
[2026-09-27T03:33:03.397+0000] {logging_mixin.py:149} INFO - [2026-09-27T03:33:03.397+0000] {dag.py:2726} INFO - Sync 1 DAGs
[2026-09-27T03:33:03.433+0000] {logging_mixin.py:149} INFO - [2026-09-27T03:33:03.432+0000] {dag.py:3490} INFO - Setting next_dagrun for example_local_kubernetes_executor to None, run_after=None
[2026-09-27T03:33:03.458+0000] {processor.py:178} INFO - Processing /home/airflow/.local/lib/python3.7/site-packages/airflow/example_dags/example_local_kubernetes_executor.py took 0.690 seconds
[2026-09-27T03:33:33.623+0000] {processor.py:156} INFO - Started process (PID=5379) to work on /home/airflow/.local/lib/python3.7/site-packages/airflow/example_dags/example_local_kubernetes_executor.py
[2026-09-27T03:33:33.625+0000] {processor.py:799} INFO - Processing file /home/airflow/.local/lib/python3.7/site-packages/airflow/example_dags/example_local_kubernetes_executor.py for tasks to queue
[2026-09-27T03:33:33.626+0000] {logging_mixin.py:149} INFO - [2026-09-27T03:33:33.626+0000] {dagbag.py:541} INFO - Filling up the DagBag from /home/airflow/.local/lib/python3.7/site-packages/airflow/example_dags/example_local_kubernetes_executor.py
[2026-09-27T03:33:34.177+0000] {processor.py:809} INFO - DAG(s) dict_keys(['example_local_kubernetes_executor']) retrieved from /home/airflow/.local/lib/python3.7/site-packages/airflow/example_dags/example_local_kubernetes_executor.py
[2026-09-27T03:33:34.223+0000] {logging_mixin.py:149} INFO - [2026-09-27T03:33:34.223+0000] {dag.py:2726} INFO - Sync 1 DAGs
[2026-09-27T03:33:34.264+0000] {logging_mixin.py:149} INFO - [2026-09-27T03:33:34.264+0000] {dag.py:3490} INFO - Setting next_dagrun for example_local_kubernetes_executor to None, run_after=None
[2026-09-27T03:33:34.296+0000] {processor.py:178} INFO - Processing /home/airflow/.local/lib/python3.7/site-packages/airflow/example_dags/example_local_kubernetes_executor.py took 0.681 seconds
[2026-09-27T03:34:04.861+0000] {processor.py:156} INFO - Started process (PID=5437) to work on /home/airflow/.local/lib/python3.7/site-packages/airflow/example_dags/example_local_kubernetes_executor.py
[2026-09-27T03:34:04.865+0000] {processor.py:799} INFO - Processing file /home/airflow/.local/lib/python3.7/site-packages/airflow/example_dags/example_local_kubernetes_executor.py for tasks to queue
[2026-09-27T03:34:04.866+0000] {logging_mixin.py:149} INFO - [2026-09-27T03:34:04.865+0000] {dagbag.py:541} INFO - Filling up the DagBag from /home/airflow/.local/lib/python3.7/site-packages/airflow/example_dags/example_local_kubernetes_executor.py
[2026-09-27T03:34:05.420+0000] {processor.py:809} INFO - DAG(s) dict_keys(['example_local_kubernetes_executor']) retrieved from /home/airflow/.local/lib/python3.7/site-packages/airflow/example_dags/example_local_kubernetes_executor.py
[2026-09-27T03:34:05.469+0000] {logging_mixin.py:149} INFO - [2026-09-27T03:34:05.469+0000] {dag.py:2726} INFO - Sync 1 DAGs
[2026-09-27T03:34:05.510+0000] {logging_mixin.py:149} INFO - [2026-09-27T03:34:05.510+0000] {dag.py:3490} INFO - Setting next_dagrun for example_local_kubernetes_executor to None, run_after=None
[2026-09-27T03:34:05.538+0000] {processor.py:178} INFO - Processing /home/airflow/.local/lib/python3.7/site-packages/airflow/example_dags/example_local_kubernetes_executor.py took 0.684 seconds
[2026-09-27T03:34:35.732+0000] {processor.py:156} INFO - Started process (PID=5493) to work on /home/airflow/.local/lib/python3.7/site-packages/airflow/example_dags/example_local_kubernetes_executor.py
[2026-09-27T03:34:35.734+0000] {processor.py:799} INFO - Processing file /home/airflow/.local/lib/python3.7/site-packages/airflow/example_dags/example_local_kubernetes_executor.py for tasks to queue
[2026-09-27T03:34:35.736+0000] {logging_mixin.py:149} INFO - [2026-09-27T03:34:35.736+0000] {dagbag.py:541} INFO - Filling up the DagBag from /home/airflow/.local/lib/python3.7/site-packages/airflow/example_dags/example_local_kubernetes_executor.py
[2026-09-27T03:34:36.328+0000] {processor.py:809} INFO - DAG(s) dict_keys(['example_local_kubernetes_executor']) retrieved from /home/airflow/.local/lib/python3.7/site-packages/airflow/example_dags/example_local_kubernetes_executor.py
[2026-09-27T03:34:36.378+0000] {logging_mixin.py:149} INFO - [2026-09-27T03:34:36.377+0000] {dag.py:2726} INFO - Sync 1 DAGs
[2026-09-27T03:34:36.418+0000] {logging_mixin.py:149} INFO - [2026-09-27T03:34:36.418+0000] {dag.py:3490} INFO - Setting next_dagrun for example_local_kubernetes_executor to None, run_after=None
[2026-09-27T03:34:36.445+0000] {processor.py:178} INFO - Processing /home/airflow/.local/lib/python3.7/site-packages/airflow/example_dags/example_local_kubernetes_executor.py took 0.719 seconds
[2026-09-27T03:35:06.722+0000] {processor.py:156} INFO - Started process (PID=5549) to work on /home/airflow/.local/lib/python3.7/site-packages/airflow/example_dags/example_local_kubernetes_executor.py
[2026-09-27T03:35:06.724+0000] {processor.py:799} INFO - Processing file /home/airflow/.local/lib/python3.7/site-packages/airflow/example_dags/example_local_kubernetes_executor.py for tasks to queue
[2026-09-27T03:35:06.726+0000] {logging_mixin.py:149} INFO - [2026-09-27T03:35:06.726+0000] {dagbag.py:541} INFO - Filling up the DagBag from /home/airflow/.local/lib/python3.7/site-packages/airflow/example_dags/example_local_kubernetes_executor.py
[2026-09-27T03:35:07.319+0000] {processor.py:809} INFO - DAG(s) dict_keys(['example_local_kubernetes_executor']) retrieved from /home/airflow/.local/lib/python3.7/site-packages/airflow/example_dags/example_local_kubernetes_executor.py
[2026-09-27T03:35:07.373+0000] {logging_mixin.py:149} INFO - [2026-09-27T03:35:07.372+0000] {dag.py:2726} INFO - Sync 1 DAGs
[2026-09-27T03:35:07.418+0000] {logging_mixin.py:149} INFO - [2026-09-27T03:35:07.417+0000] {dag.py:3490} INFO - Setting next_dagrun for example_local_kubernetes_executor to None, run_after=None
[2026-09-27T03:35:07.445+0000] {processor.py:178} INFO - Processing /home/airflow/.local/lib/python3.7/site-packages/airflow/example_dags/example_local_kubernetes_executor.py took 0.730 seconds
[2026-09-27T03:35:37.513+0000] {processor.py:156} INFO - Started process (PID=5615) to work on /home/airflow/.local/lib/python3.7/site-packages/airflow/example_dags/example_local_kubernetes_executor.py
[2026-09-27T03:35:37.515+0000] {processor.py:799} INFO - Processing file /home/airflow/.local/lib/python3.7/site-packages/airflow/example_dags/example_local_kubernetes_executor.py for tasks to queue
[2026-09-27T03:35:37.517+0000] {logging_mixin.py:149} INFO - [2026-09-27T03:35:37.516+0000] {dagbag.py:541} INFO - Filling up the DagBag from /home/airflow/.local/lib/python3.7/site-packages/airflow/example_dags/example_local_kubernetes_executor.py
[2026-09-27T03:35:38.091+0000] {processor.py:809} INFO - DAG(s) dict_keys(['example_local_kubernetes_executor']) retrieved from /home/airflow/.local/lib/python3.7/site-packages/airflow/example_dags/example_local_kubernetes_executor.py
[2026-09-27T03:35:38.141+0000] {logging_mixin.py:149} INFO - [2026-09-27T03:35:38.141+0000] {dag.py:2726} INFO - Sync 1 DAGs
[2026-09-27T03:35:38.178+0000] {logging_mixin.py:149} INFO - [2026-09-27T03:35:38.178+0000] {dag.py:3490} INFO - Setting next_dagrun for example_local_kubernetes_executor to None, run_after=None
[2026-09-27T03:35:38.207+0000] {processor.py:178} INFO - Processing /home/airflow/.local/lib/python3.7/site-packages/airflow/example_dags/example_local_kubernetes_executor.py took 0.705 seconds
[2026-09-27T03:36:08.270+0000] {processor.py:156} INFO - Started process (PID=5671) to work on /home/airflow/.local/lib/python3.7/site-packages/airflow/example_dags/example_local_kubernetes_executor.py
[2026-09-27T03:36:08.273+0000] {processor.py:799} INFO - Processing file /home/airflow/.local/lib/python3.7/site-packages/airflow/example_dags/example_local_kubernetes_executor.py for tasks to queue
[2026-09-27T03:36:08.274+0000] {logging_mixin.py:149} INFO - [2026-09-27T03:36:08.274+0000] {dagbag.py:541} INFO - Filling up the DagBag from /home/airflow/.local/lib/python3.7/site-packages/airflow/example_dags/example_local_kubernetes_executor.py
[2026-09-27T03:36:08.830+0000] {processor.py:809} INFO - DAG(s) dict_keys(['example_local_kubernetes_executor']) retrieved from /home/airflow/.local/lib/python3.7/site-packages/airflow/example_dags/example_local_kubernetes_executor.py
[2026-09-27T03:36:08.882+0000] {logging_mixin.py:149} INFO - [2026-09-27T03:36:08.882+0000] {dag.py:2726} INFO - Sync 1 DAGs
[2026-09-27T03:36:08.926+0000] {logging_mixin.py:149} INFO - [2026-09-27T03:36:08.925+0000] {dag.py:3490} INFO - Setting next_dagrun for example_local_kubernetes_executor to None, run_after=None
[2026-09-27T03:36:08.957+0000] {processor.py:178} INFO - Processing /home/airflow/.local/lib/python3.7/site-packages/airflow/example_dags/example_local_kubernetes_executor.py took 0.697 seconds
[2026-09-27T03:36:39.442+0000] {processor.py:156} INFO - Started process (PID=5726) to work on /home/airflow/.local/lib/python3.7/site-packages/airflow/example_dags/example_local_kubernetes_executor.py
[2026-09-27T03:36:39.447+0000] {processor.py:799} INFO - Processing file /home/airflow/.local/lib/python3.7/site-packages/airflow/example_dags/example_local_kubernetes_executor.py for tasks to queue
[2026-09-27T03:36:39.448+0000] {logging_mixin.py:149} INFO - [2026-09-27T03:36:39.448+0000] {dagbag.py:541} INFO - Filling up the DagBag from /home/airflow/.local/lib/python3.7/site-packages/airflow/example_dags/example_local_kubernetes_executor.py
[2026-09-27T03:36:40.013+0000] {processor.py:809} INFO - DAG(s) dict_keys(['example_local_kubernetes_executor']) retrieved from /home/airflow/.local/lib/python3.7/site-packages/airflow/example_dags/example_local_kubernetes_executor.py
[2026-09-27T03:36:40.061+0000] {logging_mixin.py:149} INFO - [2026-09-27T03:36:40.060+0000] {dag.py:2726} INFO - Sync 1 DAGs
[2026-09-27T03:36:40.100+0000] {logging_mixin.py:149} INFO - [2026-09-27T03:36:40.099+0000] {dag.py:3490} INFO - Setting next_dagrun for example_local_kubernetes_executor to None, run_after=None
[2026-09-27T03:36:40.130+0000] {processor.py:178} INFO - Processing /home/airflow/.local/lib/python3.7/site-packages/airflow/example_dags/example_local_kubernetes_executor.py took 0.695 seconds
[2026-09-27T03:37:11.079+0000] {processor.py:156} INFO - Started process (PID=5784) to work on /home/airflow/.local/lib/python3.7/site-packages/airflow/example_dags/example_local_kubernetes_executor.py
[2026-09-27T03:37:11.081+0000] {processor.py:799} INFO - Processing file /home/airflow/.local/lib/python3.7/site-packages/airflow/example_dags/example_local_kubernetes_executor.py for tasks to queue
[2026-09-27T03:37:11.082+0000] {logging_mixin.py:149} INFO - [2026-09-27T03:37:11.082+0000] {dagbag.py:541} INFO - Filling up the DagBag from /home/airflow/.local/lib/python3.7/site-packages/airflow/example_dags/example_local_kubernetes_executor.py
[2026-09-27T03:37:11.670+0000] {processor.py:809} INFO - DAG(s) dict_keys(['example_local_kubernetes_executor']) retrieved from /home/airflow/.local/lib/python3.7/site-packages/airflow/example_dags/example_local_kubernetes_executor.py
[2026-09-27T03:37:11.729+0000] {logging_mixin.py:149} INFO - [2026-09-27T03:37:11.728+0000] {dag.py:2726} INFO - Sync 1 DAGs
[2026-09-27T03:37:11.774+0000] {logging_mixin.py:149} INFO - [2026-09-27T03:37:11.774+0000] {dag.py:3490} INFO - Setting next_dagrun for example_local_kubernetes_executor to None, run_after=None
[2026-09-27T03:37:11.799+0000] {processor.py:178} INFO - Processing /home/airflow/.local/lib/python3.7/site-packages/airflow/example_dags/example_local_kubernetes_executor.py took 0.725 seconds
[2026-09-27T03:37:42.507+0000] {processor.py:156} INFO - Started process (PID=5840) to work on /home/airflow/.local/lib/python3.7/site-packages/airflow/example_dags/example_local_kubernetes_executor.py
[2026-09-27T03:37:42.509+0000] {processor.py:799} INFO - Processing file /home/airflow/.local/lib/python3.7/site-packages/airflow/example_dags/example_local_kubernetes_executor.py for tasks to queue
[2026-09-27T03:37:42.510+0000] {logging_mixin.py:149} INFO - [2026-09-27T03:37:42.510+0000] {dagbag.py:541} INFO - Filling up the DagBag from /home/airflow/.local/lib/python3.7/site-packages/airflow/example_dags/example_local_kubernetes_executor.py
[2026-09-27T03:37:43.169+0000] {processor.py:809} INFO - DAG(s) dict_keys(['example_local_kubernetes_executor']) retrieved from /home/airflow/.local/lib/python3.7/site-packages/airflow/example_dags/example_local_kubernetes_executor.py
[2026-09-27T03:37:43.218+0000] {logging_mixin.py:149} INFO - [2026-09-27T03:37:43.218+0000] {dag.py:2726} INFO - Sync 1 DAGs
[2026-09-27T03:37:43.256+0000] {logging_mixin.py:149} INFO - [2026-09-27T03:37:43.256+0000] {dag.py:3490} INFO - Setting next_dagrun for example_local_kubernetes_executor to None, run_after=None
[2026-09-27T03:37:43.293+0000] {processor.py:178} INFO - Processing /home/airflow/.local/lib/python3.7/site-packages/airflow/example_dags/example_local_kubernetes_executor.py took 0.792 seconds
[2026-09-27T03:38:13.357+0000] {processor.py:156} INFO - Started process (PID=5896) to work on /home/airflow/.local/lib/python3.7/site-packages/airflow/example_dags/example_local_kubernetes_executor.py
[2026-09-27T03:38:13.360+0000] {processor.py:799} INFO - Processing file /home/airflow/.local/lib/python3.7/site-packages/airflow/example_dags/example_local_kubernetes_executor.py for tasks to queue
[2026-09-27T03:38:13.361+0000] {logging_mixin.py:149} INFO - [2026-09-27T03:38:13.360+0000] {dagbag.py:541} INFO - Filling up the DagBag from /home/airflow/.local/lib/python3.7/site-packages/airflow/example_dags/example_local_kubernetes_executor.py
[2026-09-27T03:38:13.908+0000] {processor.py:809} INFO - DAG(s) dict_keys(['example_local_kubernetes_executor']) retrieved from /home/airflow/.local/lib/python3.7/site-packages/airflow/example_dags/example_local_kubernetes_executor.py
[2026-09-27T03:38:13.962+0000] {logging_mixin.py:149} INFO - [2026-09-27T03:38:13.962+0000] {dag.py:2726} INFO - Sync 1 DAGs
[2026-09-27T03:38:14.000+0000] {logging_mixin.py:149} INFO - [2026-09-27T03:38:14.000+0000] {dag.py:3490} INFO - Setting next_dagrun for example_local_kubernetes_executor to None, run_after=None
[2026-09-27T03:38:14.027+0000] {processor.py:178} INFO - Processing /home/airflow/.local/lib/python3.7/site-packages/airflow/example_dags/example_local_kubernetes_executor.py took 0.676 seconds
[2026-09-27T03:38:44.317+0000] {processor.py:156} INFO - Started process (PID=5952) to work on /home/airflow/.local/lib/python3.7/site-packages/airflow/example_dags/example_local_kubernetes_executor.py
[2026-09-27T03:38:44.320+0000] {processor.py:799} INFO - Processing file /home/airflow/.local/lib/python3.7/site-packages/airflow/example_dags/example_local_kubernetes_executor.py for tasks to queue
[2026-09-27T03:38:44.321+0000] {logging_mixin.py:149} INFO - [2026-09-27T03:38:44.321+0000] {dagbag.py:541} INFO - Filling up the DagBag from /home/airflow/.local/lib/python3.7/site-packages/airflow/example_dags/example_local_kubernetes_executor.py
[2026-09-27T03:38:44.870+0000] {processor.py:809} INFO - DAG(s) dict_keys(['example_local_kubernetes_executor']) retrieved from /home/airflow/.local/lib/python3.7/site-packages/airflow/example_dags/example_local_kubernetes_executor.py
[2026-09-27T03:38:44.919+0000] {logging_mixin.py:149} INFO - [2026-09-27T03:38:44.919+0000] {dag.py:2726} INFO - Sync 1 DAGs
[2026-09-27T03:38:44.959+0000] {logging_mixin.py:149} INFO - [2026-09-27T03:38:44.959+0000] {dag.py:3490} INFO - Setting next_dagrun for example_local_kubernetes_executor to None, run_after=None
[2026-09-27T03:38:44.988+0000] {processor.py:178} INFO - Processing /home/airflow/.local/lib/python3.7/site-packages/airflow/example_dags/example_local_kubernetes_executor.py took 0.679 seconds
[2026-09-27T03:39:15.763+0000] {processor.py:156} INFO - Started process (PID=6008) to work on /home/airflow/.local/lib/python3.7/site-packages/airflow/example_dags/example_local_kubernetes_executor.py
[2026-09-27T03:39:15.765+0000] {processor.py:799} INFO - Processing file /home/airflow/.local/lib/python3.7/site-packages/airflow/example_dags/example_local_kubernetes_executor.py for tasks to queue
[2026-09-27T03:39:15.766+0000] {logging_mixin.py:149} INFO - [2026-09-27T03:39:15.766+0000] {dagbag.py:541} INFO - Filling up the DagBag from /home/airflow/.local/lib/python3.7/site-packages/airflow/example_dags/example_local_kubernetes_executor.py
[2026-09-27T03:39:16.317+0000] {processor.py:809} INFO - DAG(s) dict_keys(['example_local_kubernetes_executor']) retrieved from /home/airflow/.local/lib/python3.7/site-packages/airflow/example_dags/example_local_kubernetes_executor.py
[2026-09-27T03:39:16.366+0000] {logging_mixin.py:149} INFO - [2026-09-27T03:39:16.366+0000] {dag.py:2726} INFO - Sync 1 DAGs
[2026-09-27T03:39:16.406+0000] {logging_mixin.py:149} INFO - [2026-09-27T03:39:16.406+0000] {dag.py:3490} INFO - Setting next_dagrun for example_local_kubernetes_executor to None, run_after=None
[2026-09-27T03:39:16.432+0000] {processor.py:178} INFO - Processing /home/airflow/.local/lib/python3.7/site-packages/airflow/example_dags/example_local_kubernetes_executor.py took 0.678 seconds
[2026-09-27T03:39:46.598+0000] {processor.py:156} INFO - Started process (PID=6064) to work on /home/airflow/.local/lib/python3.7/site-packages/airflow/example_dags/example_local_kubernetes_executor.py
[2026-09-27T03:39:46.600+0000] {processor.py:799} INFO - Processing file /home/airflow/.local/lib/python3.7/site-packages/airflow/example_dags/example_local_kubernetes_executor.py for tasks to queue
[2026-09-27T03:39:46.602+0000] {logging_mixin.py:149} INFO - [2026-09-27T03:39:46.602+0000] {dagbag.py:541} INFO - Filling up the DagBag from /home/airflow/.local/lib/python3.7/site-packages/airflow/example_dags/example_local_kubernetes_executor.py
[2026-09-27T03:39:47.187+0000] {processor.py:809} INFO - DAG(s) dict_keys(['example_local_kubernetes_executor']) retrieved from /home/airflow/.local/lib/python3.7/site-packages/airflow/example_dags/example_local_kubernetes_executor.py
[2026-09-27T03:39:47.240+0000] {logging_mixin.py:149} INFO - [2026-09-27T03:39:47.240+0000] {dag.py:2726} INFO - Sync 1 DAGs
[2026-09-27T03:39:47.280+0000] {logging_mixin.py:149} INFO - [2026-09-27T03:39:47.279+0000] {dag.py:3490} INFO - Setting next_dagrun for example_local_kubernetes_executor to None, run_after=None
[2026-09-27T03:39:47.309+0000] {processor.py:178} INFO - Processing /home/airflow/.local/lib/python3.7/site-packages/airflow/example_dags/example_local_kubernetes_executor.py took 0.718 seconds
[2026-09-27T03:40:17.592+0000] {processor.py:156} INFO - Started process (PID=6120) to work on /home/airflow/.local/lib/python3.7/site-packages/airflow/example_dags/example_local_kubernetes_executor.py
[2026-09-27T03:40:17.594+0000] {processor.py:799} INFO - Processing file /home/airflow/.local/lib/python3.7/site-packages/airflow/example_dags/example_local_kubernetes_executor.py for tasks to queue
[2026-09-27T03:40:17.596+0000] {logging_mixin.py:149} INFO - [2026-09-27T03:40:17.595+0000] {dagbag.py:541} INFO - Filling up the DagBag from /home/airflow/.local/lib/python3.7/site-packages/airflow/example_dags/example_local_kubernetes_executor.py
[2026-09-27T03:40:18.148+0000] {processor.py:809} INFO - DAG(s) dict_keys(['example_local_kubernetes_executor']) retrieved from /home/airflow/.local/lib/python3.7/site-packages/airflow/example_dags/example_local_kubernetes_executor.py
[2026-09-27T03:40:18.204+0000] {logging_mixin.py:149} INFO - [2026-09-27T03:40:18.203+0000] {dag.py:2726} INFO - Sync 1 DAGs
[2026-09-27T03:40:18.246+0000] {logging_mixin.py:149} INFO - [2026-09-27T03:40:18.245+0000] {dag.py:3490} INFO - Setting next_dagrun for example_local_kubernetes_executor to None, run_after=None
[2026-09-27T03:40:18.278+0000] {processor.py:178} INFO - Processing /home/airflow/.local/lib/python3.7/site-packages/airflow/example_dags/example_local_kubernetes_executor.py took 0.692 seconds
[2026-09-27T03:40:48.384+0000] {processor.py:156} INFO - Started process (PID=6176) to work on /home/airflow/.local/lib/python3.7/site-packages/airflow/example_dags/example_local_kubernetes_executor.py
[2026-09-27T03:40:48.389+0000] {processor.py:799} INFO - Processing file /home/airflow/.local/lib/python3.7/site-packages/airflow/example_dags/example_local_kubernetes_executor.py for tasks to queue
[2026-09-27T03:40:48.390+0000] {logging_mixin.py:149} INFO - [2026-09-27T03:40:48.390+0000] {dagbag.py:541} INFO - Filling up the DagBag from /home/airflow/.local/lib/python3.7/site-packages/airflow/example_dags/example_local_kubernetes_executor.py
[2026-09-27T03:40:49.033+0000] {processor.py:809} INFO - DAG(s) dict_keys(['example_local_kubernetes_executor']) retrieved from /home/airflow/.local/lib/python3.7/site-packages/airflow/example_dags/example_local_kubernetes_executor.py
[2026-09-27T03:40:49.089+0000] {logging_mixin.py:149} INFO - [2026-09-27T03:40:49.088+0000] {dag.py:2726} INFO - Sync 1 DAGs
[2026-09-27T03:40:49.128+0000] {logging_mixin.py:149} INFO - [2026-09-27T03:40:49.127+0000] {dag.py:3490} INFO - Setting next_dagrun for example_local_kubernetes_executor to None, run_after=None
[2026-09-27T03:40:49.153+0000] {processor.py:178} INFO - Processing /home/airflow/.local/lib/python3.7/site-packages/airflow/example_dags/example_local_kubernetes_executor.py took 0.776 seconds
[2026-09-27T03:41:19.302+0000] {processor.py:156} INFO - Started process (PID=6232) to work on /home/airflow/.local/lib/python3.7/site-packages/airflow/example_dags/example_local_kubernetes_executor.py
[2026-09-27T03:41:19.304+0000] {processor.py:799} INFO - Processing file /home/airflow/.local/lib/python3.7/site-packages/airflow/example_dags/example_local_kubernetes_executor.py for tasks to queue
[2026-09-27T03:41:19.305+0000] {logging_mixin.py:149} INFO - [2026-09-27T03:41:19.305+0000] {dagbag.py:541} INFO - Filling up the DagBag from /home/airflow/.local/lib/python3.7/site-packages/airflow/example_dags/example_local_kubernetes_executor.py
[2026-09-27T03:41:19.863+0000] {processor.py:809} INFO - DAG(s) dict_keys(['example_local_kubernetes_executor']) retrieved from /home/airflow/.local/lib/python3.7/site-packages/airflow/example_dags/example_local_kubernetes_executor.py
[2026-09-27T03:41:19.918+0000] {logging_mixin.py:149} INFO - [2026-09-27T03:41:19.917+0000] {dag.py:2726} INFO - Sync 1 DAGs
[2026-09-27T03:41:19.957+0000] {logging_mixin.py:149} INFO - [2026-09-27T03:41:19.957+0000] {dag.py:3490} INFO - Setting next_dagrun for example_local_kubernetes_executor to None, run_after=None
[2026-09-27T03:41:19.985+0000] {processor.py:178} INFO - Processing /home/airflow/.local/lib/python3.7/site-packages/airflow/example_dags/example_local_kubernetes_executor.py took 0.691 seconds
[2026-09-27T03:41:50.107+0000] {processor.py:156} INFO - Started process (PID=6288) to work on /home/airflow/.local/lib/python3.7/site-packages/airflow/example_dags/example_local_kubernetes_executor.py
[2026-09-27T03:41:50.109+0000] {processor.py:799} INFO - Processing file /home/airflow/.local/lib/python3.7/site-packages/airflow/example_dags/example_local_kubernetes_executor.py for tasks to queue
[2026-09-27T03:41:50.110+0000] {logging_mixin.py:149} INFO - [2026-09-27T03:41:50.110+0000] {dagbag.py:541} INFO - Filling up the DagBag from /home/airflow/.local/lib/python3.7/site-packages/airflow/example_dags/example_local_kubernetes_executor.py
[2026-09-27T03:41:50.658+0000] {processor.py:809} INFO - DAG(s) dict_keys(['example_local_kubernetes_executor']) retrieved from /home/airflow/.local/lib/python3.7/site-packages/airflow/example_dags/example_local_kubernetes_executor.py
[2026-09-27T03:41:50.706+0000] {logging_mixin.py:149} INFO - [2026-09-27T03:41:50.705+0000] {dag.py:2726} INFO - Sync 1 DAGs
[2026-09-27T03:41:50.742+0000] {logging_mixin.py:149} INFO - [2026-09-27T03:41:50.742+0000] {dag.py:3490} INFO - Setting next_dagrun for example_local_kubernetes_executor to None, run_after=None
[2026-09-27T03:41:50.769+0000] {processor.py:178} INFO - Processing /home/airflow/.local/lib/python3.7/site-packages/airflow/example_dags/example_local_kubernetes_executor.py took 0.668 seconds
[2026-09-27T03:42:21.215+0000] {processor.py:156} INFO - Started process (PID=6344) to work on /home/airflow/.local/lib/python3.7/site-packages/airflow/example_dags/example_local_kubernetes_executor.py
[2026-09-27T03:42:21.217+0000] {processor.py:799} INFO - Processing file /home/airflow/.local/lib/python3.7/site-packages/airflow/example_dags/example_local_kubernetes_executor.py for tasks to queue
[2026-09-27T03:42:21.218+0000] {logging_mixin.py:149} INFO - [2026-09-27T03:42:21.218+0000] {dagbag.py:541} INFO - Filling up the DagBag from /home/airflow/.local/lib/python3.7/site-packages/airflow/example_dags/example_local_kubernetes_executor.py
[2026-09-27T03:42:21.774+0000] {processor.py:809} INFO - DAG(s) dict_keys(['example_local_kubernetes_executor']) retrieved from /home/airflow/.local/lib/python3.7/site-packages/airflow/example_dags/example_local_kubernetes_executor.py
[2026-09-27T03:42:21.831+0000] {logging_mixin.py:149} INFO - [2026-09-27T03:42:21.831+0000] {dag.py:2726} INFO - Sync 1 DAGs
[2026-09-27T03:42:21.878+0000] {logging_mixin.py:149} INFO - [2026-09-27T03:42:21.877+0000] {dag.py:3490} INFO - Setting next_dagrun for example_local_kubernetes_executor to None, run_after=None
[2026-09-27T03:42:21.906+0000] {processor.py:178} INFO - Processing /home/airflow/.local/lib/python3.7/site-packages/airflow/example_dags/example_local_kubernetes_executor.py took 0.698 seconds
[2026-09-27T03:42:52.143+0000] {processor.py:156} INFO - Started process (PID=6400) to work on /home/airflow/.local/lib/python3.7/site-packages/airflow/example_dags/example_local_kubernetes_executor.py
[2026-09-27T03:42:52.145+0000] {processor.py:799} INFO - Processing file /home/airflow/.local/lib/python3.7/site-packages/airflow/example_dags/example_local_kubernetes_executor.py for tasks to queue
[2026-09-27T03:42:52.146+0000] {logging_mixin.py:149} INFO - [2026-09-27T03:42:52.145+0000] {dagbag.py:541} INFO - Filling up the DagBag from /home/airflow/.local/lib/python3.7/site-packages/airflow/example_dags/example_local_kubernetes_executor.py
[2026-09-27T03:42:52.668+0000] {processor.py:809} INFO - DAG(s) dict_keys(['example_local_kubernetes_executor']) retrieved from /home/airflow/.local/lib/python3.7/site-packages/airflow/example_dags/example_local_kubernetes_executor.py
[2026-09-27T03:42:52.717+0000] {logging_mixin.py:149} INFO - [2026-09-27T03:42:52.717+0000] {dag.py:2726} INFO - Sync 1 DAGs
[2026-09-27T03:42:52.755+0000] {logging_mixin.py:149} INFO - [2026-09-27T03:42:52.755+0000] {dag.py:3490} INFO - Setting next_dagrun for example_local_kubernetes_executor to None, run_after=None
[2026-09-27T03:42:52.783+0000] {processor.py:178} INFO - Processing /home/airflow/.local/lib/python3.7/site-packages/airflow/example_dags/example_local_kubernetes_executor.py took 0.647 seconds
[2026-09-27T03:43:22.858+0000] {processor.py:156} INFO - Started process (PID=6450) to work on /home/airflow/.local/lib/python3.7/site-packages/airflow/example_dags/example_local_kubernetes_executor.py
[2026-09-27T03:43:22.860+0000] {processor.py:799} INFO - Processing file /home/airflow/.local/lib/python3.7/site-packages/airflow/example_dags/example_local_kubernetes_executor.py for tasks to queue
[2026-09-27T03:43:22.861+0000] {logging_mixin.py:149} INFO - [2026-09-27T03:43:22.861+0000] {dagbag.py:541} INFO - Filling up the DagBag from /home/airflow/.local/lib/python3.7/site-packages/airflow/example_dags/example_local_kubernetes_executor.py
[2026-09-27T03:43:23.447+0000] {processor.py:809} INFO - DAG(s) dict_keys(['example_local_kubernetes_executor']) retrieved from /home/airflow/.local/lib/python3.7/site-packages/airflow/example_dags/example_local_kubernetes_executor.py
[2026-09-27T03:43:23.513+0000] {logging_mixin.py:149} INFO - [2026-09-27T03:43:23.513+0000] {dag.py:2726} INFO - Sync 1 DAGs
[2026-09-27T03:43:23.553+0000] {logging_mixin.py:149} INFO - [2026-09-27T03:43:23.553+0000] {dag.py:3490} INFO - Setting next_dagrun for example_local_kubernetes_executor to None, run_after=None
[2026-09-27T03:43:23.582+0000] {processor.py:178} INFO - Processing /home/airflow/.local/lib/python3.7/site-packages/airflow/example_dags/example_local_kubernetes_executor.py took 0.738 seconds
[2026-09-27T03:43:54.070+0000] {processor.py:156} INFO - Started process (PID=6506) to work on /home/airflow/.local/lib/python3.7/site-packages/airflow/example_dags/example_local_kubernetes_executor.py
[2026-09-27T03:43:54.072+0000] {processor.py:799} INFO - Processing file /home/airflow/.local/lib/python3.7/site-packages/airflow/example_dags/example_local_kubernetes_executor.py for tasks to queue
[2026-09-27T03:43:54.073+0000] {logging_mixin.py:149} INFO - [2026-09-27T03:43:54.073+0000] {dagbag.py:541} INFO - Filling up the DagBag from /home/airflow/.local/lib/python3.7/site-packages/airflow/example_dags/example_local_kubernetes_executor.py
[2026-09-27T03:43:54.639+0000] {processor.py:809} INFO - DAG(s) dict_keys(['example_local_kubernetes_executor']) retrieved from /home/airflow/.local/lib/python3.7/site-packages/airflow/example_dags/example_local_kubernetes_executor.py
[2026-09-27T03:43:54.689+0000] {logging_mixin.py:149} INFO - [2026-09-27T03:43:54.688+0000] {dag.py:2726} INFO - Sync 1 DAGs
[2026-09-27T03:43:54.730+0000] {logging_mixin.py:149} INFO - [2026-09-27T03:43:54.729+0000] {dag.py:3490} INFO - Setting next_dagrun for example_local_kubernetes_executor to None, run_after=None
[2026-09-27T03:43:54.758+0000] {processor.py:178} INFO - Processing /home/airflow/.local/lib/python3.7/site-packages/airflow/example_dags/example_local_kubernetes_executor.py took 0.694 seconds
[2026-09-27T03:44:24.880+0000] {processor.py:156} INFO - Started process (PID=6563) to work on /home/airflow/.local/lib/python3.7/site-packages/airflow/example_dags/example_local_kubernetes_executor.py
[2026-09-27T03:44:24.882+0000] {processor.py:799} INFO - Processing file /home/airflow/.local/lib/python3.7/site-packages/airflow/example_dags/example_local_kubernetes_executor.py for tasks to queue
[2026-09-27T03:44:24.883+0000] {logging_mixin.py:149} INFO - [2026-09-27T03:44:24.883+0000] {dagbag.py:541} INFO - Filling up the DagBag from /home/airflow/.local/lib/python3.7/site-packages/airflow/example_dags/example_local_kubernetes_executor.py
[2026-09-27T03:44:25.463+0000] {processor.py:809} INFO - DAG(s) dict_keys(['example_local_kubernetes_executor']) retrieved from /home/airflow/.local/lib/python3.7/site-packages/airflow/example_dags/example_local_kubernetes_executor.py
[2026-09-27T03:44:25.513+0000] {logging_mixin.py:149} INFO - [2026-09-27T03:44:25.513+0000] {dag.py:2726} INFO - Sync 1 DAGs
[2026-09-27T03:44:25.551+0000] {logging_mixin.py:149} INFO - [2026-09-27T03:44:25.551+0000] {dag.py:3490} INFO - Setting next_dagrun for example_local_kubernetes_executor to None, run_after=None
[2026-09-27T03:44:25.576+0000] {processor.py:178} INFO - Processing /home/airflow/.local/lib/python3.7/site-packages/airflow/example_dags/example_local_kubernetes_executor.py took 0.702 seconds
[2026-09-27T03:44:55.816+0000] {processor.py:156} INFO - Started process (PID=6619) to work on /home/airflow/.local/lib/python3.7/site-packages/airflow/example_dags/example_local_kubernetes_executor.py
[2026-09-27T03:44:55.818+0000] {processor.py:799} INFO - Processing file /home/airflow/.local/lib/python3.7/site-packages/airflow/example_dags/example_local_kubernetes_executor.py for tasks to queue
[2026-09-27T03:44:55.819+0000] {logging_mixin.py:149} INFO - [2026-09-27T03:44:55.819+0000] {dagbag.py:541} INFO - Filling up the DagBag from /home/airflow/.local/lib/python3.7/site-packages/airflow/example_dags/example_local_kubernetes_executor.py
[2026-09-27T03:44:56.371+0000] {processor.py:809} INFO - DAG(s) dict_keys(['example_local_kubernetes_executor']) retrieved from /home/airflow/.local/lib/python3.7/site-packages/airflow/example_dags/example_local_kubernetes_executor.py
[2026-09-27T03:44:56.424+0000] {logging_mixin.py:149} INFO - [2026-09-27T03:44:56.424+0000] {dag.py:2726} INFO - Sync 1 DAGs
[2026-09-27T03:44:56.462+0000] {logging_mixin.py:149} INFO - [2026-09-27T03:44:56.462+0000] {dag.py:3490} INFO - Setting next_dagrun for example_local_kubernetes_executor to None, run_after=None
[2026-09-27T03:44:56.489+0000] {processor.py:178} INFO - Processing /home/airflow/.local/lib/python3.7/site-packages/airflow/example_dags/example_local_kubernetes_executor.py took 0.680 seconds
[2026-09-27T03:45:26.538+0000] {processor.py:156} INFO - Started process (PID=6676) to work on /home/airflow/.local/lib/python3.7/site-packages/airflow/example_dags/example_local_kubernetes_executor.py
[2026-09-27T03:45:26.540+0000] {processor.py:799} INFO - Processing file /home/airflow/.local/lib/python3.7/site-packages/airflow/example_dags/example_local_kubernetes_executor.py for tasks to queue
[2026-09-27T03:45:26.541+0000] {logging_mixin.py:149} INFO - [2026-09-27T03:45:26.541+0000] {dagbag.py:541} INFO - Filling up the DagBag from /home/airflow/.local/lib/python3.7/site-packages/airflow/example_dags/example_local_kubernetes_executor.py
[2026-09-27T03:45:27.089+0000] {processor.py:809} INFO - DAG(s) dict_keys(['example_local_kubernetes_executor']) retrieved from /home/airflow/.local/lib/python3.7/site-packages/airflow/example_dags/example_local_kubernetes_executor.py
[2026-09-27T03:45:27.138+0000] {logging_mixin.py:149} INFO - [2026-09-27T03:45:27.138+0000] {dag.py:2726} INFO - Sync 1 DAGs
[2026-09-27T03:45:27.174+0000] {logging_mixin.py:149} INFO - [2026-09-27T03:45:27.174+0000] {dag.py:3490} INFO - Setting next_dagrun for example_local_kubernetes_executor to None, run_after=None
[2026-09-27T03:45:27.202+0000] {processor.py:178} INFO - Processing /home/airflow/.local/lib/python3.7/site-packages/airflow/example_dags/example_local_kubernetes_executor.py took 0.670 seconds
[2026-09-27T03:45:57.949+0000] {processor.py:156} INFO - Started process (PID=6732) to work on /home/airflow/.local/lib/python3.7/site-packages/airflow/example_dags/example_local_kubernetes_executor.py
[2026-09-27T03:45:57.951+0000] {processor.py:799} INFO - Processing file /home/airflow/.local/lib/python3.7/site-packages/airflow/example_dags/example_local_kubernetes_executor.py for tasks to queue
[2026-09-27T03:45:57.953+0000] {logging_mixin.py:149} INFO - [2026-09-27T03:45:57.952+0000] {dagbag.py:541} INFO - Filling up the DagBag from /home/airflow/.local/lib/python3.7/site-packages/airflow/example_dags/example_local_kubernetes_executor.py
[2026-09-27T03:45:58.517+0000] {processor.py:809} INFO - DAG(s) dict_keys(['example_local_kubernetes_executor']) retrieved from /home/airflow/.local/lib/python3.7/site-packages/airflow/example_dags/example_local_kubernetes_executor.py
[2026-09-27T03:45:58.570+0000] {logging_mixin.py:149} INFO - [2026-09-27T03:45:58.569+0000] {dag.py:2726} INFO - Sync 1 DAGs
[2026-09-27T03:45:58.612+0000] {logging_mixin.py:149} INFO - [2026-09-27T03:45:58.612+0000] {dag.py:3490} INFO - Setting next_dagrun for example_local_kubernetes_executor to None, run_after=None
[2026-09-27T03:45:58.655+0000] {processor.py:178} INFO - Processing /home/airflow/.local/lib/python3.7/site-packages/airflow/example_dags/example_local_kubernetes_executor.py took 0.712 seconds
[2026-09-27T03:46:28.748+0000] {processor.py:156} INFO - Started process (PID=6790) to work on /home/airflow/.local/lib/python3.7/site-packages/airflow/example_dags/example_local_kubernetes_executor.py
[2026-09-27T03:46:28.750+0000] {processor.py:799} INFO - Processing file /home/airflow/.local/lib/python3.7/site-packages/airflow/example_dags/example_local_kubernetes_executor.py for tasks to queue
[2026-09-27T03:46:28.751+0000] {logging_mixin.py:149} INFO - [2026-09-27T03:46:28.751+0000] {dagbag.py:541} INFO - Filling up the DagBag from /home/airflow/.local/lib/python3.7/site-packages/airflow/example_dags/example_local_kubernetes_executor.py
[2026-09-27T03:46:29.312+0000] {processor.py:809} INFO - DAG(s) dict_keys(['example_local_kubernetes_executor']) retrieved from /home/airflow/.local/lib/python3.7/site-packages/airflow/example_dags/example_local_kubernetes_executor.py
[2026-09-27T03:46:29.359+0000] {logging_mixin.py:149} INFO - [2026-09-27T03:46:29.358+0000] {dag.py:2726} INFO - Sync 1 DAGs
[2026-09-27T03:46:29.400+0000] {logging_mixin.py:149} INFO - [2026-09-27T03:46:29.400+0000] {dag.py:3490} INFO - Setting next_dagrun for example_local_kubernetes_executor to None, run_after=None
[2026-09-27T03:46:29.425+0000] {processor.py:178} INFO - Processing /home/airflow/.local/lib/python3.7/site-packages/airflow/example_dags/example_local_kubernetes_executor.py took 0.684 seconds
[2026-09-27T03:46:59.579+0000] {processor.py:156} INFO - Started process (PID=6848) to work on /home/airflow/.local/lib/python3.7/site-packages/airflow/example_dags/example_local_kubernetes_executor.py
[2026-09-27T03:46:59.582+0000] {processor.py:799} INFO - Processing file /home/airflow/.local/lib/python3.7/site-packages/airflow/example_dags/example_local_kubernetes_executor.py for tasks to queue
[2026-09-27T03:46:59.584+0000] {logging_mixin.py:149} INFO - [2026-09-27T03:46:59.584+0000] {dagbag.py:541} INFO - Filling up the DagBag from /home/airflow/.local/lib/python3.7/site-packages/airflow/example_dags/example_local_kubernetes_executor.py
[2026-09-27T03:47:00.159+0000] {processor.py:809} INFO - DAG(s) dict_keys(['example_local_kubernetes_executor']) retrieved from /home/airflow/.local/lib/python3.7/site-packages/airflow/example_dags/example_local_kubernetes_executor.py
[2026-09-27T03:47:00.219+0000] {logging_mixin.py:149} INFO - [2026-09-27T03:47:00.219+0000] {dag.py:2726} INFO - Sync 1 DAGs
[2026-09-27T03:47:00.261+0000] {logging_mixin.py:149} INFO - [2026-09-27T03:47:00.260+0000] {dag.py:3490} INFO - Setting next_dagrun for example_local_kubernetes_executor to None, run_after=None
[2026-09-27T03:47:00.290+0000] {processor.py:178} INFO - Processing /home/airflow/.local/lib/python3.7/site-packages/airflow/example_dags/example_local_kubernetes_executor.py took 0.719 seconds
[2026-09-27T03:47:30.330+0000] {processor.py:156} INFO - Started process (PID=6900) to work on /home/airflow/.local/lib/python3.7/site-packages/airflow/example_dags/example_local_kubernetes_executor.py
[2026-09-27T03:47:30.333+0000] {processor.py:799} INFO - Processing file /home/airflow/.local/lib/python3.7/site-packages/airflow/example_dags/example_local_kubernetes_executor.py for tasks to queue
[2026-09-27T03:47:30.334+0000] {logging_mixin.py:149} INFO - [2026-09-27T03:47:30.334+0000] {dagbag.py:541} INFO - Filling up the DagBag from /home/airflow/.local/lib/python3.7/site-packages/airflow/example_dags/example_local_kubernetes_executor.py
[2026-09-27T03:47:30.901+0000] {processor.py:809} INFO - DAG(s) dict_keys(['example_local_kubernetes_executor']) retrieved from /home/airflow/.local/lib/python3.7/site-packages/airflow/example_dags/example_local_kubernetes_executor.py
[2026-09-27T03:47:30.960+0000] {logging_mixin.py:149} INFO - [2026-09-27T03:47:30.959+0000] {dag.py:2726} INFO - Sync 1 DAGs
[2026-09-27T03:47:30.999+0000] {logging_mixin.py:149} INFO - [2026-09-27T03:47:30.999+0000] {dag.py:3490} INFO - Setting next_dagrun for example_local_kubernetes_executor to None, run_after=None
[2026-09-27T03:47:31.031+0000] {processor.py:178} INFO - Processing /home/airflow/.local/lib/python3.7/site-packages/airflow/example_dags/example_local_kubernetes_executor.py took 0.706 seconds
[2026-09-27T03:48:01.649+0000] {processor.py:156} INFO - Started process (PID=6956) to work on /home/airflow/.local/lib/python3.7/site-packages/airflow/example_dags/example_local_kubernetes_executor.py
[2026-09-27T03:48:01.655+0000] {processor.py:799} INFO - Processing file /home/airflow/.local/lib/python3.7/site-packages/airflow/example_dags/example_local_kubernetes_executor.py for tasks to queue
[2026-09-27T03:48:01.657+0000] {logging_mixin.py:149} INFO - [2026-09-27T03:48:01.656+0000] {dagbag.py:541} INFO - Filling up the DagBag from /home/airflow/.local/lib/python3.7/site-packages/airflow/example_dags/example_local_kubernetes_executor.py
[2026-09-27T03:48:02.204+0000] {processor.py:809} INFO - DAG(s) dict_keys(['example_local_kubernetes_executor']) retrieved from /home/airflow/.local/lib/python3.7/site-packages/airflow/example_dags/example_local_kubernetes_executor.py
[2026-09-27T03:48:02.258+0000] {logging_mixin.py:149} INFO - [2026-09-27T03:48:02.258+0000] {dag.py:2726} INFO - Sync 1 DAGs
[2026-09-27T03:48:02.298+0000] {logging_mixin.py:149} INFO - [2026-09-27T03:48:02.298+0000] {dag.py:3490} INFO - Setting next_dagrun for example_local_kubernetes_executor to None, run_after=None
[2026-09-27T03:48:02.325+0000] {processor.py:178} INFO - Processing /home/airflow/.local/lib/python3.7/site-packages/airflow/example_dags/example_local_kubernetes_executor.py took 0.682 seconds
[2026-09-27T03:48:32.548+0000] {processor.py:156} INFO - Started process (PID=7015) to work on /home/airflow/.local/lib/python3.7/site-packages/airflow/example_dags/example_local_kubernetes_executor.py
[2026-09-27T03:48:32.550+0000] {processor.py:799} INFO - Processing file /home/airflow/.local/lib/python3.7/site-packages/airflow/example_dags/example_local_kubernetes_executor.py for tasks to queue
[2026-09-27T03:48:32.551+0000] {logging_mixin.py:149} INFO - [2026-09-27T03:48:32.551+0000] {dagbag.py:541} INFO - Filling up the DagBag from /home/airflow/.local/lib/python3.7/site-packages/airflow/example_dags/example_local_kubernetes_executor.py
[2026-09-27T03:48:33.116+0000] {processor.py:809} INFO - DAG(s) dict_keys(['example_local_kubernetes_executor']) retrieved from /home/airflow/.local/lib/python3.7/site-packages/airflow/example_dags/example_local_kubernetes_executor.py
[2026-09-27T03:48:33.176+0000] {logging_mixin.py:149} INFO - [2026-09-27T03:48:33.175+0000] {dag.py:2726} INFO - Sync 1 DAGs
[2026-09-27T03:48:33.218+0000] {logging_mixin.py:149} INFO - [2026-09-27T03:48:33.218+0000] {dag.py:3490} INFO - Setting next_dagrun for example_local_kubernetes_executor to None, run_after=None
[2026-09-27T03:48:33.248+0000] {processor.py:178} INFO - Processing /home/airflow/.local/lib/python3.7/site-packages/airflow/example_dags/example_local_kubernetes_executor.py took 0.707 seconds
[2026-09-27T03:49:04.122+0000] {processor.py:156} INFO - Started process (PID=7072) to work on /home/airflow/.local/lib/python3.7/site-packages/airflow/example_dags/example_local_kubernetes_executor.py
[2026-09-27T03:49:04.126+0000] {processor.py:799} INFO - Processing file /home/airflow/.local/lib/python3.7/site-packages/airflow/example_dags/example_local_kubernetes_executor.py for tasks to queue
[2026-09-27T03:49:04.128+0000] {logging_mixin.py:149} INFO - [2026-09-27T03:49:04.128+0000] {dagbag.py:541} INFO - Filling up the DagBag from /home/airflow/.local/lib/python3.7/site-packages/airflow/example_dags/example_local_kubernetes_executor.py
[2026-09-27T03:49:04.703+0000] {processor.py:809} INFO - DAG(s) dict_keys(['example_local_kubernetes_executor']) retrieved from /home/airflow/.local/lib/python3.7/site-packages/airflow/example_dags/example_local_kubernetes_executor.py
[2026-09-27T03:49:04.763+0000] {logging_mixin.py:149} INFO - [2026-09-27T03:49:04.763+0000] {dag.py:2726} INFO - Sync 1 DAGs
[2026-09-27T03:49:04.817+0000] {logging_mixin.py:149} INFO - [2026-09-27T03:49:04.816+0000] {dag.py:3490} INFO - Setting next_dagrun for example_local_kubernetes_executor to None, run_after=None
[2026-09-27T03:49:04.854+0000] {processor.py:178} INFO - Processing /home/airflow/.local/lib/python3.7/site-packages/airflow/example_dags/example_local_kubernetes_executor.py took 0.743 seconds
[2026-09-27T03:49:35.648+0000] {processor.py:156} INFO - Started process (PID=7129) to work on /home/airflow/.local/lib/python3.7/site-packages/airflow/example_dags/example_local_kubernetes_executor.py
[2026-09-27T03:49:35.650+0000] {processor.py:799} INFO - Processing file /home/airflow/.local/lib/python3.7/site-packages/airflow/example_dags/example_local_kubernetes_executor.py for tasks to queue
[2026-09-27T03:49:35.651+0000] {logging_mixin.py:149} INFO - [2026-09-27T03:49:35.651+0000] {dagbag.py:541} INFO - Filling up the DagBag from /home/airflow/.local/lib/python3.7/site-packages/airflow/example_dags/example_local_kubernetes_executor.py
[2026-09-27T03:49:36.198+0000] {processor.py:809} INFO - DAG(s) dict_keys(['example_local_kubernetes_executor']) retrieved from /home/airflow/.local/lib/python3.7/site-packages/airflow/example_dags/example_local_kubernetes_executor.py
[2026-09-27T03:49:36.257+0000] {logging_mixin.py:149} INFO - [2026-09-27T03:49:36.257+0000] {dag.py:2726} INFO - Sync 1 DAGs
[2026-09-27T03:49:36.301+0000] {logging_mixin.py:149} INFO - [2026-09-27T03:49:36.301+0000] {dag.py:3490} INFO - Setting next_dagrun for example_local_kubernetes_executor to None, run_after=None
[2026-09-27T03:49:36.334+0000] {processor.py:178} INFO - Processing /home/airflow/.local/lib/python3.7/site-packages/airflow/example_dags/example_local_kubernetes_executor.py took 0.692 seconds
[2026-09-27T03:50:06.415+0000] {processor.py:156} INFO - Started process (PID=7189) to work on /home/airflow/.local/lib/python3.7/site-packages/airflow/example_dags/example_local_kubernetes_executor.py
[2026-09-27T03:50:06.416+0000] {processor.py:799} INFO - Processing file /home/airflow/.local/lib/python3.7/site-packages/airflow/example_dags/example_local_kubernetes_executor.py for tasks to queue
[2026-09-27T03:50:06.417+0000] {logging_mixin.py:149} INFO - [2026-09-27T03:50:06.417+0000] {dagbag.py:541} INFO - Filling up the DagBag from /home/airflow/.local/lib/python3.7/site-packages/airflow/example_dags/example_local_kubernetes_executor.py
[2026-09-27T03:50:06.960+0000] {processor.py:809} INFO - DAG(s) dict_keys(['example_local_kubernetes_executor']) retrieved from /home/airflow/.local/lib/python3.7/site-packages/airflow/example_dags/example_local_kubernetes_executor.py
[2026-09-27T03:50:07.019+0000] {logging_mixin.py:149} INFO - [2026-09-27T03:50:07.018+0000] {dag.py:2726} INFO - Sync 1 DAGs
[2026-09-27T03:50:07.078+0000] {logging_mixin.py:149} INFO - [2026-09-27T03:50:07.078+0000] {dag.py:3490} INFO - Setting next_dagrun for example_local_kubernetes_executor to None, run_after=None
[2026-09-27T03:50:07.107+0000] {processor.py:178} INFO - Processing /home/airflow/.local/lib/python3.7/site-packages/airflow/example_dags/example_local_kubernetes_executor.py took 0.697 seconds
[2026-09-27T03:50:37.288+0000] {processor.py:156} INFO - Started process (PID=7245) to work on /home/airflow/.local/lib/python3.7/site-packages/airflow/example_dags/example_local_kubernetes_executor.py
[2026-09-27T03:50:37.290+0000] {processor.py:799} INFO - Processing file /home/airflow/.local/lib/python3.7/site-packages/airflow/example_dags/example_local_kubernetes_executor.py for tasks to queue
[2026-09-27T03:50:37.291+0000] {logging_mixin.py:149} INFO - [2026-09-27T03:50:37.291+0000] {dagbag.py:541} INFO - Filling up the DagBag from /home/airflow/.local/lib/python3.7/site-packages/airflow/example_dags/example_local_kubernetes_executor.py
[2026-09-27T03:50:37.839+0000] {processor.py:809} INFO - DAG(s) dict_keys(['example_local_kubernetes_executor']) retrieved from /home/airflow/.local/lib/python3.7/site-packages/airflow/example_dags/example_local_kubernetes_executor.py
[2026-09-27T03:50:37.886+0000] {logging_mixin.py:149} INFO - [2026-09-27T03:50:37.886+0000] {dag.py:2726} INFO - Sync 1 DAGs
[2026-09-27T03:50:37.927+0000] {logging_mixin.py:149} INFO - [2026-09-27T03:50:37.926+0000] {dag.py:3490} INFO - Setting next_dagrun for example_local_kubernetes_executor to None, run_after=None
[2026-09-27T03:50:37.955+0000] {processor.py:178} INFO - Processing /home/airflow/.local/lib/python3.7/site-packages/airflow/example_dags/example_local_kubernetes_executor.py took 0.674 seconds
[2026-09-27T03:51:08.023+0000] {processor.py:156} INFO - Started process (PID=7301) to work on /home/airflow/.local/lib/python3.7/site-packages/airflow/example_dags/example_local_kubernetes_executor.py
[2026-09-27T03:51:08.025+0000] {processor.py:799} INFO - Processing file /home/airflow/.local/lib/python3.7/site-packages/airflow/example_dags/example_local_kubernetes_executor.py for tasks to queue
[2026-09-27T03:51:08.026+0000] {logging_mixin.py:149} INFO - [2026-09-27T03:51:08.025+0000] {dagbag.py:541} INFO - Filling up the DagBag from /home/airflow/.local/lib/python3.7/site-packages/airflow/example_dags/example_local_kubernetes_executor.py
[2026-09-27T03:51:08.584+0000] {processor.py:809} INFO - DAG(s) dict_keys(['example_local_kubernetes_executor']) retrieved from /home/airflow/.local/lib/python3.7/site-packages/airflow/example_dags/example_local_kubernetes_executor.py
[2026-09-27T03:51:08.639+0000] {logging_mixin.py:149} INFO - [2026-09-27T03:51:08.638+0000] {dag.py:2726} INFO - Sync 1 DAGs
[2026-09-27T03:51:08.677+0000] {logging_mixin.py:149} INFO - [2026-09-27T03:51:08.677+0000] {dag.py:3490} INFO - Setting next_dagrun for example_local_kubernetes_executor to None, run_after=None
[2026-09-27T03:51:08.702+0000] {processor.py:178} INFO - Processing /home/airflow/.local/lib/python3.7/site-packages/airflow/example_dags/example_local_kubernetes_executor.py took 0.686 seconds
[2026-09-27T03:51:39.055+0000] {processor.py:156} INFO - Started process (PID=7358) to work on /home/airflow/.local/lib/python3.7/site-packages/airflow/example_dags/example_local_kubernetes_executor.py
[2026-09-27T03:51:39.057+0000] {processor.py:799} INFO - Processing file /home/airflow/.local/lib/python3.7/site-packages/airflow/example_dags/example_local_kubernetes_executor.py for tasks to queue
[2026-09-27T03:51:39.058+0000] {logging_mixin.py:149} INFO - [2026-09-27T03:51:39.057+0000] {dagbag.py:541} INFO - Filling up the DagBag from /home/airflow/.local/lib/python3.7/site-packages/airflow/example_dags/example_local_kubernetes_executor.py
[2026-09-27T03:51:39.592+0000] {processor.py:809} INFO - DAG(s) dict_keys(['example_local_kubernetes_executor']) retrieved from /home/airflow/.local/lib/python3.7/site-packages/airflow/example_dags/example_local_kubernetes_executor.py
[2026-09-27T03:51:39.644+0000] {logging_mixin.py:149} INFO - [2026-09-27T03:51:39.643+0000] {dag.py:2726} INFO - Sync 1 DAGs
[2026-09-27T03:51:39.682+0000] {logging_mixin.py:149} INFO - [2026-09-27T03:51:39.682+0000] {dag.py:3490} INFO - Setting next_dagrun for example_local_kubernetes_executor to None, run_after=None
[2026-09-27T03:51:39.708+0000] {processor.py:178} INFO - Processing /home/airflow/.local/lib/python3.7/site-packages/airflow/example_dags/example_local_kubernetes_executor.py took 0.660 seconds
[2026-09-27T03:52:09.820+0000] {processor.py:156} INFO - Started process (PID=7414) to work on /home/airflow/.local/lib/python3.7/site-packages/airflow/example_dags/example_local_kubernetes_executor.py
[2026-09-27T03:52:09.823+0000] {processor.py:799} INFO - Processing file /home/airflow/.local/lib/python3.7/site-packages/airflow/example_dags/example_local_kubernetes_executor.py for tasks to queue
[2026-09-27T03:52:09.825+0000] {logging_mixin.py:149} INFO - [2026-09-27T03:52:09.825+0000] {dagbag.py:541} INFO - Filling up the DagBag from /home/airflow/.local/lib/python3.7/site-packages/airflow/example_dags/example_local_kubernetes_executor.py
[2026-09-27T03:52:10.407+0000] {processor.py:809} INFO - DAG(s) dict_keys(['example_local_kubernetes_executor']) retrieved from /home/airflow/.local/lib/python3.7/site-packages/airflow/example_dags/example_local_kubernetes_executor.py
[2026-09-27T03:52:10.463+0000] {logging_mixin.py:149} INFO - [2026-09-27T03:52:10.463+0000] {dag.py:2726} INFO - Sync 1 DAGs
[2026-09-27T03:52:10.503+0000] {logging_mixin.py:149} INFO - [2026-09-27T03:52:10.503+0000] {dag.py:3490} INFO - Setting next_dagrun for example_local_kubernetes_executor to None, run_after=None
[2026-09-27T03:52:10.533+0000] {processor.py:178} INFO - Processing /home/airflow/.local/lib/python3.7/site-packages/airflow/example_dags/example_local_kubernetes_executor.py took 0.723 seconds
[2026-09-27T03:52:40.977+0000] {processor.py:156} INFO - Started process (PID=7478) to work on /home/airflow/.local/lib/python3.7/site-packages/airflow/example_dags/example_local_kubernetes_executor.py
[2026-09-27T03:52:40.979+0000] {processor.py:799} INFO - Processing file /home/airflow/.local/lib/python3.7/site-packages/airflow/example_dags/example_local_kubernetes_executor.py for tasks to queue
[2026-09-27T03:52:40.980+0000] {logging_mixin.py:149} INFO - [2026-09-27T03:52:40.980+0000] {dagbag.py:541} INFO - Filling up the DagBag from /home/airflow/.local/lib/python3.7/site-packages/airflow/example_dags/example_local_kubernetes_executor.py
[2026-09-27T03:52:41.359+0000] {processor.py:809} INFO - DAG(s) dict_keys(['example_local_kubernetes_executor']) retrieved from /home/airflow/.local/lib/python3.7/site-packages/airflow/example_dags/example_local_kubernetes_executor.py
[2026-09-27T03:52:41.416+0000] {logging_mixin.py:149} INFO - [2026-09-27T03:52:41.415+0000] {dag.py:2726} INFO - Sync 1 DAGs
[2026-09-27T03:52:41.457+0000] {logging_mixin.py:149} INFO - [2026-09-27T03:52:41.456+0000] {dag.py:3490} INFO - Setting next_dagrun for example_local_kubernetes_executor to None, run_after=None
[2026-09-27T03:52:41.488+0000] {processor.py:178} INFO - Processing /home/airflow/.local/lib/python3.7/site-packages/airflow/example_dags/example_local_kubernetes_executor.py took 0.519 seconds
[2026-09-27T03:53:11.853+0000] {processor.py:156} INFO - Started process (PID=7534) to work on /home/airflow/.local/lib/python3.7/site-packages/airflow/example_dags/example_local_kubernetes_executor.py
[2026-09-27T03:53:11.855+0000] {processor.py:799} INFO - Processing file /home/airflow/.local/lib/python3.7/site-packages/airflow/example_dags/example_local_kubernetes_executor.py for tasks to queue
[2026-09-27T03:53:11.855+0000] {logging_mixin.py:149} INFO - [2026-09-27T03:53:11.855+0000] {dagbag.py:541} INFO - Filling up the DagBag from /home/airflow/.local/lib/python3.7/site-packages/airflow/example_dags/example_local_kubernetes_executor.py
[2026-09-27T03:53:12.195+0000] {processor.py:809} INFO - DAG(s) dict_keys(['example_local_kubernetes_executor']) retrieved from /home/airflow/.local/lib/python3.7/site-packages/airflow/example_dags/example_local_kubernetes_executor.py
[2026-09-27T03:53:12.254+0000] {logging_mixin.py:149} INFO - [2026-09-27T03:53:12.253+0000] {dag.py:2726} INFO - Sync 1 DAGs
[2026-09-27T03:53:12.294+0000] {logging_mixin.py:149} INFO - [2026-09-27T03:53:12.293+0000] {dag.py:3490} INFO - Setting next_dagrun for example_local_kubernetes_executor to None, run_after=None
[2026-09-27T03:53:12.321+0000] {processor.py:178} INFO - Processing /home/airflow/.local/lib/python3.7/site-packages/airflow/example_dags/example_local_kubernetes_executor.py took 0.474 seconds
[2026-09-27T03:53:42.473+0000] {processor.py:156} INFO - Started process (PID=7590) to work on /home/airflow/.local/lib/python3.7/site-packages/airflow/example_dags/example_local_kubernetes_executor.py
[2026-09-27T03:53:42.474+0000] {processor.py:799} INFO - Processing file /home/airflow/.local/lib/python3.7/site-packages/airflow/example_dags/example_local_kubernetes_executor.py for tasks to queue
[2026-09-27T03:53:42.475+0000] {logging_mixin.py:149} INFO - [2026-09-27T03:53:42.475+0000] {dagbag.py:541} INFO - Filling up the DagBag from /home/airflow/.local/lib/python3.7/site-packages/airflow/example_dags/example_local_kubernetes_executor.py
[2026-09-27T03:53:42.860+0000] {processor.py:809} INFO - DAG(s) dict_keys(['example_local_kubernetes_executor']) retrieved from /home/airflow/.local/lib/python3.7/site-packages/airflow/example_dags/example_local_kubernetes_executor.py
[2026-09-27T03:53:42.928+0000] {logging_mixin.py:149} INFO - [2026-09-27T03:53:42.927+0000] {dag.py:2726} INFO - Sync 1 DAGs
[2026-09-27T03:53:42.977+0000] {logging_mixin.py:149} INFO - [2026-09-27T03:53:42.977+0000] {dag.py:3490} INFO - Setting next_dagrun for example_local_kubernetes_executor to None, run_after=None
[2026-09-27T03:53:43.008+0000] {processor.py:178} INFO - Processing /home/airflow/.local/lib/python3.7/site-packages/airflow/example_dags/example_local_kubernetes_executor.py took 0.541 seconds
[2026-09-27T04:16:02.320+0000] {processor.py:156} INFO - Started process (PID=66) to work on /home/airflow/.local/lib/python3.7/site-packages/airflow/example_dags/example_local_kubernetes_executor.py
[2026-09-27T04:16:02.327+0000] {processor.py:799} INFO - Processing file /home/airflow/.local/lib/python3.7/site-packages/airflow/example_dags/example_local_kubernetes_executor.py for tasks to queue
[2026-09-27T04:16:02.329+0000] {logging_mixin.py:149} INFO - [2026-09-27T04:16:02.328+0000] {dagbag.py:541} INFO - Filling up the DagBag from /home/airflow/.local/lib/python3.7/site-packages/airflow/example_dags/example_local_kubernetes_executor.py
[2026-09-27T04:16:03.002+0000] {processor.py:809} INFO - DAG(s) dict_keys(['example_local_kubernetes_executor']) retrieved from /home/airflow/.local/lib/python3.7/site-packages/airflow/example_dags/example_local_kubernetes_executor.py
[2026-09-27T04:16:03.022+0000] {logging_mixin.py:149} INFO - [2026-09-27T04:16:03.021+0000] {dag.py:2726} INFO - Sync 1 DAGs
[2026-09-27T04:16:03.075+0000] {logging_mixin.py:149} INFO - [2026-09-27T04:16:03.074+0000] {dag.py:3490} INFO - Setting next_dagrun for example_local_kubernetes_executor to None, run_after=None
[2026-09-27T04:16:03.134+0000] {processor.py:178} INFO - Processing /home/airflow/.local/lib/python3.7/site-packages/airflow/example_dags/example_local_kubernetes_executor.py took 0.824 seconds
[2026-09-27T04:16:33.730+0000] {processor.py:156} INFO - Started process (PID=132) to work on /home/airflow/.local/lib/python3.7/site-packages/airflow/example_dags/example_local_kubernetes_executor.py
[2026-09-27T04:16:33.734+0000] {processor.py:799} INFO - Processing file /home/airflow/.local/lib/python3.7/site-packages/airflow/example_dags/example_local_kubernetes_executor.py for tasks to queue
[2026-09-27T04:16:33.735+0000] {logging_mixin.py:149} INFO - [2026-09-27T04:16:33.735+0000] {dagbag.py:541} INFO - Filling up the DagBag from /home/airflow/.local/lib/python3.7/site-packages/airflow/example_dags/example_local_kubernetes_executor.py
[2026-09-27T04:16:34.113+0000] {processor.py:809} INFO - DAG(s) dict_keys(['example_local_kubernetes_executor']) retrieved from /home/airflow/.local/lib/python3.7/site-packages/airflow/example_dags/example_local_kubernetes_executor.py
[2026-09-27T04:16:34.184+0000] {logging_mixin.py:149} INFO - [2026-09-27T04:16:34.183+0000] {dag.py:2726} INFO - Sync 1 DAGs
[2026-09-27T04:16:34.229+0000] {logging_mixin.py:149} INFO - [2026-09-27T04:16:34.229+0000] {dag.py:3490} INFO - Setting next_dagrun for example_local_kubernetes_executor to None, run_after=None
[2026-09-27T04:16:34.266+0000] {processor.py:178} INFO - Processing /home/airflow/.local/lib/python3.7/site-packages/airflow/example_dags/example_local_kubernetes_executor.py took 0.542 seconds
[2026-09-27T04:17:04.355+0000] {processor.py:156} INFO - Started process (PID=188) to work on /home/airflow/.local/lib/python3.7/site-packages/airflow/example_dags/example_local_kubernetes_executor.py
[2026-09-27T04:17:04.358+0000] {processor.py:799} INFO - Processing file /home/airflow/.local/lib/python3.7/site-packages/airflow/example_dags/example_local_kubernetes_executor.py for tasks to queue
[2026-09-27T04:17:04.359+0000] {logging_mixin.py:149} INFO - [2026-09-27T04:17:04.359+0000] {dagbag.py:541} INFO - Filling up the DagBag from /home/airflow/.local/lib/python3.7/site-packages/airflow/example_dags/example_local_kubernetes_executor.py
[2026-09-27T04:17:04.707+0000] {processor.py:809} INFO - DAG(s) dict_keys(['example_local_kubernetes_executor']) retrieved from /home/airflow/.local/lib/python3.7/site-packages/airflow/example_dags/example_local_kubernetes_executor.py
[2026-09-27T04:17:04.767+0000] {logging_mixin.py:149} INFO - [2026-09-27T04:17:04.767+0000] {dag.py:2726} INFO - Sync 1 DAGs
[2026-09-27T04:17:04.812+0000] {logging_mixin.py:149} INFO - [2026-09-27T04:17:04.812+0000] {dag.py:3490} INFO - Setting next_dagrun for example_local_kubernetes_executor to None, run_after=None
[2026-09-27T04:17:04.843+0000] {processor.py:178} INFO - Processing /home/airflow/.local/lib/python3.7/site-packages/airflow/example_dags/example_local_kubernetes_executor.py took 0.494 seconds
[2026-09-27T04:17:35.163+0000] {processor.py:156} INFO - Started process (PID=244) to work on /home/airflow/.local/lib/python3.7/site-packages/airflow/example_dags/example_local_kubernetes_executor.py
[2026-09-27T04:17:35.166+0000] {processor.py:799} INFO - Processing file /home/airflow/.local/lib/python3.7/site-packages/airflow/example_dags/example_local_kubernetes_executor.py for tasks to queue
[2026-09-27T04:17:35.167+0000] {logging_mixin.py:149} INFO - [2026-09-27T04:17:35.167+0000] {dagbag.py:541} INFO - Filling up the DagBag from /home/airflow/.local/lib/python3.7/site-packages/airflow/example_dags/example_local_kubernetes_executor.py
[2026-09-27T04:17:35.525+0000] {processor.py:809} INFO - DAG(s) dict_keys(['example_local_kubernetes_executor']) retrieved from /home/airflow/.local/lib/python3.7/site-packages/airflow/example_dags/example_local_kubernetes_executor.py
[2026-09-27T04:17:35.583+0000] {logging_mixin.py:149} INFO - [2026-09-27T04:17:35.583+0000] {dag.py:2726} INFO - Sync 1 DAGs
[2026-09-27T04:17:35.631+0000] {logging_mixin.py:149} INFO - [2026-09-27T04:17:35.631+0000] {dag.py:3490} INFO - Setting next_dagrun for example_local_kubernetes_executor to None, run_after=None
[2026-09-27T04:17:35.658+0000] {processor.py:178} INFO - Processing /home/airflow/.local/lib/python3.7/site-packages/airflow/example_dags/example_local_kubernetes_executor.py took 0.500 seconds
[2026-09-27T04:18:06.571+0000] {processor.py:156} INFO - Started process (PID=300) to work on /home/airflow/.local/lib/python3.7/site-packages/airflow/example_dags/example_local_kubernetes_executor.py
[2026-09-27T04:18:06.573+0000] {processor.py:799} INFO - Processing file /home/airflow/.local/lib/python3.7/site-packages/airflow/example_dags/example_local_kubernetes_executor.py for tasks to queue
[2026-09-27T04:18:06.575+0000] {logging_mixin.py:149} INFO - [2026-09-27T04:18:06.574+0000] {dagbag.py:541} INFO - Filling up the DagBag from /home/airflow/.local/lib/python3.7/site-packages/airflow/example_dags/example_local_kubernetes_executor.py
[2026-09-27T04:18:07.013+0000] {processor.py:809} INFO - DAG(s) dict_keys(['example_local_kubernetes_executor']) retrieved from /home/airflow/.local/lib/python3.7/site-packages/airflow/example_dags/example_local_kubernetes_executor.py
[2026-09-27T04:18:07.092+0000] {logging_mixin.py:149} INFO - [2026-09-27T04:18:07.091+0000] {dag.py:2726} INFO - Sync 1 DAGs
[2026-09-27T04:18:07.157+0000] {logging_mixin.py:149} INFO - [2026-09-27T04:18:07.157+0000] {dag.py:3490} INFO - Setting next_dagrun for example_local_kubernetes_executor to None, run_after=None
[2026-09-27T04:18:07.218+0000] {processor.py:178} INFO - Processing /home/airflow/.local/lib/python3.7/site-packages/airflow/example_dags/example_local_kubernetes_executor.py took 0.656 seconds
[2026-09-27T04:18:37.900+0000] {processor.py:156} INFO - Started process (PID=357) to work on /home/airflow/.local/lib/python3.7/site-packages/airflow/example_dags/example_local_kubernetes_executor.py
[2026-09-27T04:18:37.904+0000] {processor.py:799} INFO - Processing file /home/airflow/.local/lib/python3.7/site-packages/airflow/example_dags/example_local_kubernetes_executor.py for tasks to queue
[2026-09-27T04:18:37.906+0000] {logging_mixin.py:149} INFO - [2026-09-27T04:18:37.905+0000] {dagbag.py:541} INFO - Filling up the DagBag from /home/airflow/.local/lib/python3.7/site-packages/airflow/example_dags/example_local_kubernetes_executor.py
[2026-09-27T04:18:38.267+0000] {processor.py:809} INFO - DAG(s) dict_keys(['example_local_kubernetes_executor']) retrieved from /home/airflow/.local/lib/python3.7/site-packages/airflow/example_dags/example_local_kubernetes_executor.py
[2026-09-27T04:18:38.335+0000] {logging_mixin.py:149} INFO - [2026-09-27T04:18:38.334+0000] {dag.py:2726} INFO - Sync 1 DAGs
[2026-09-27T04:18:38.383+0000] {logging_mixin.py:149} INFO - [2026-09-27T04:18:38.383+0000] {dag.py:3490} INFO - Setting next_dagrun for example_local_kubernetes_executor to None, run_after=None
[2026-09-27T04:18:38.417+0000] {processor.py:178} INFO - Processing /home/airflow/.local/lib/python3.7/site-packages/airflow/example_dags/example_local_kubernetes_executor.py took 0.524 seconds
[2026-09-27T04:19:08.868+0000] {processor.py:156} INFO - Started process (PID=413) to work on /home/airflow/.local/lib/python3.7/site-packages/airflow/example_dags/example_local_kubernetes_executor.py
[2026-09-27T04:19:08.878+0000] {processor.py:799} INFO - Processing file /home/airflow/.local/lib/python3.7/site-packages/airflow/example_dags/example_local_kubernetes_executor.py for tasks to queue
[2026-09-27T04:19:08.880+0000] {logging_mixin.py:149} INFO - [2026-09-27T04:19:08.880+0000] {dagbag.py:541} INFO - Filling up the DagBag from /home/airflow/.local/lib/python3.7/site-packages/airflow/example_dags/example_local_kubernetes_executor.py
[2026-09-27T04:19:09.242+0000] {processor.py:809} INFO - DAG(s) dict_keys(['example_local_kubernetes_executor']) retrieved from /home/airflow/.local/lib/python3.7/site-packages/airflow/example_dags/example_local_kubernetes_executor.py
[2026-09-27T04:19:09.308+0000] {logging_mixin.py:149} INFO - [2026-09-27T04:19:09.308+0000] {dag.py:2726} INFO - Sync 1 DAGs
[2026-09-27T04:19:09.351+0000] {logging_mixin.py:149} INFO - [2026-09-27T04:19:09.351+0000] {dag.py:3490} INFO - Setting next_dagrun for example_local_kubernetes_executor to None, run_after=None
[2026-09-27T04:19:09.381+0000] {processor.py:178} INFO - Processing /home/airflow/.local/lib/python3.7/site-packages/airflow/example_dags/example_local_kubernetes_executor.py took 0.518 seconds
[2026-09-27T04:19:39.801+0000] {processor.py:156} INFO - Started process (PID=469) to work on /home/airflow/.local/lib/python3.7/site-packages/airflow/example_dags/example_local_kubernetes_executor.py
[2026-09-27T04:19:39.804+0000] {processor.py:799} INFO - Processing file /home/airflow/.local/lib/python3.7/site-packages/airflow/example_dags/example_local_kubernetes_executor.py for tasks to queue
[2026-09-27T04:19:39.806+0000] {logging_mixin.py:149} INFO - [2026-09-27T04:19:39.805+0000] {dagbag.py:541} INFO - Filling up the DagBag from /home/airflow/.local/lib/python3.7/site-packages/airflow/example_dags/example_local_kubernetes_executor.py
[2026-09-27T04:19:40.200+0000] {processor.py:809} INFO - DAG(s) dict_keys(['example_local_kubernetes_executor']) retrieved from /home/airflow/.local/lib/python3.7/site-packages/airflow/example_dags/example_local_kubernetes_executor.py
[2026-09-27T04:19:40.270+0000] {logging_mixin.py:149} INFO - [2026-09-27T04:19:40.269+0000] {dag.py:2726} INFO - Sync 1 DAGs
[2026-09-27T04:19:40.320+0000] {logging_mixin.py:149} INFO - [2026-09-27T04:19:40.320+0000] {dag.py:3490} INFO - Setting next_dagrun for example_local_kubernetes_executor to None, run_after=None
[2026-09-27T04:19:40.355+0000] {processor.py:178} INFO - Processing /home/airflow/.local/lib/python3.7/site-packages/airflow/example_dags/example_local_kubernetes_executor.py took 0.560 seconds
[2026-09-27T04:20:10.427+0000] {processor.py:156} INFO - Started process (PID=526) to work on /home/airflow/.local/lib/python3.7/site-packages/airflow/example_dags/example_local_kubernetes_executor.py
[2026-09-27T04:20:10.430+0000] {processor.py:799} INFO - Processing file /home/airflow/.local/lib/python3.7/site-packages/airflow/example_dags/example_local_kubernetes_executor.py for tasks to queue
[2026-09-27T04:20:10.431+0000] {logging_mixin.py:149} INFO - [2026-09-27T04:20:10.431+0000] {dagbag.py:541} INFO - Filling up the DagBag from /home/airflow/.local/lib/python3.7/site-packages/airflow/example_dags/example_local_kubernetes_executor.py
[2026-09-27T04:20:10.806+0000] {processor.py:809} INFO - DAG(s) dict_keys(['example_local_kubernetes_executor']) retrieved from /home/airflow/.local/lib/python3.7/site-packages/airflow/example_dags/example_local_kubernetes_executor.py
[2026-09-27T04:20:10.864+0000] {logging_mixin.py:149} INFO - [2026-09-27T04:20:10.864+0000] {dag.py:2726} INFO - Sync 1 DAGs
[2026-09-27T04:20:10.905+0000] {logging_mixin.py:149} INFO - [2026-09-27T04:20:10.904+0000] {dag.py:3490} INFO - Setting next_dagrun for example_local_kubernetes_executor to None, run_after=None
[2026-09-27T04:20:10.956+0000] {processor.py:178} INFO - Processing /home/airflow/.local/lib/python3.7/site-packages/airflow/example_dags/example_local_kubernetes_executor.py took 0.538 seconds
[2026-09-27T04:20:41.934+0000] {processor.py:156} INFO - Started process (PID=582) to work on /home/airflow/.local/lib/python3.7/site-packages/airflow/example_dags/example_local_kubernetes_executor.py
[2026-09-27T04:20:41.939+0000] {processor.py:799} INFO - Processing file /home/airflow/.local/lib/python3.7/site-packages/airflow/example_dags/example_local_kubernetes_executor.py for tasks to queue
[2026-09-27T04:20:41.940+0000] {logging_mixin.py:149} INFO - [2026-09-27T04:20:41.940+0000] {dagbag.py:541} INFO - Filling up the DagBag from /home/airflow/.local/lib/python3.7/site-packages/airflow/example_dags/example_local_kubernetes_executor.py
[2026-09-27T04:20:42.294+0000] {processor.py:809} INFO - DAG(s) dict_keys(['example_local_kubernetes_executor']) retrieved from /home/airflow/.local/lib/python3.7/site-packages/airflow/example_dags/example_local_kubernetes_executor.py
[2026-09-27T04:20:42.365+0000] {logging_mixin.py:149} INFO - [2026-09-27T04:20:42.365+0000] {dag.py:2726} INFO - Sync 1 DAGs
[2026-09-27T04:20:42.409+0000] {logging_mixin.py:149} INFO - [2026-09-27T04:20:42.408+0000] {dag.py:3490} INFO - Setting next_dagrun for example_local_kubernetes_executor to None, run_after=None
[2026-09-27T04:20:42.439+0000] {processor.py:178} INFO - Processing /home/airflow/.local/lib/python3.7/site-packages/airflow/example_dags/example_local_kubernetes_executor.py took 0.512 seconds
[2026-09-27T04:21:12.632+0000] {processor.py:156} INFO - Started process (PID=638) to work on /home/airflow/.local/lib/python3.7/site-packages/airflow/example_dags/example_local_kubernetes_executor.py
[2026-09-27T04:21:12.634+0000] {processor.py:799} INFO - Processing file /home/airflow/.local/lib/python3.7/site-packages/airflow/example_dags/example_local_kubernetes_executor.py for tasks to queue
[2026-09-27T04:21:12.635+0000] {logging_mixin.py:149} INFO - [2026-09-27T04:21:12.635+0000] {dagbag.py:541} INFO - Filling up the DagBag from /home/airflow/.local/lib/python3.7/site-packages/airflow/example_dags/example_local_kubernetes_executor.py
[2026-09-27T04:21:13.025+0000] {processor.py:809} INFO - DAG(s) dict_keys(['example_local_kubernetes_executor']) retrieved from /home/airflow/.local/lib/python3.7/site-packages/airflow/example_dags/example_local_kubernetes_executor.py
[2026-09-27T04:21:13.081+0000] {logging_mixin.py:149} INFO - [2026-09-27T04:21:13.080+0000] {dag.py:2726} INFO - Sync 1 DAGs
[2026-09-27T04:21:13.123+0000] {logging_mixin.py:149} INFO - [2026-09-27T04:21:13.123+0000] {dag.py:3490} INFO - Setting next_dagrun for example_local_kubernetes_executor to None, run_after=None
[2026-09-27T04:21:13.154+0000] {processor.py:178} INFO - Processing /home/airflow/.local/lib/python3.7/site-packages/airflow/example_dags/example_local_kubernetes_executor.py took 0.529 seconds
[2026-09-27T04:21:43.976+0000] {processor.py:156} INFO - Started process (PID=694) to work on /home/airflow/.local/lib/python3.7/site-packages/airflow/example_dags/example_local_kubernetes_executor.py
[2026-09-27T04:21:43.979+0000] {processor.py:799} INFO - Processing file /home/airflow/.local/lib/python3.7/site-packages/airflow/example_dags/example_local_kubernetes_executor.py for tasks to queue
[2026-09-27T04:21:43.980+0000] {logging_mixin.py:149} INFO - [2026-09-27T04:21:43.979+0000] {dagbag.py:541} INFO - Filling up the DagBag from /home/airflow/.local/lib/python3.7/site-packages/airflow/example_dags/example_local_kubernetes_executor.py
[2026-09-27T04:21:44.366+0000] {processor.py:809} INFO - DAG(s) dict_keys(['example_local_kubernetes_executor']) retrieved from /home/airflow/.local/lib/python3.7/site-packages/airflow/example_dags/example_local_kubernetes_executor.py
[2026-09-27T04:21:44.432+0000] {logging_mixin.py:149} INFO - [2026-09-27T04:21:44.432+0000] {dag.py:2726} INFO - Sync 1 DAGs
[2026-09-27T04:21:44.476+0000] {logging_mixin.py:149} INFO - [2026-09-27T04:21:44.476+0000] {dag.py:3490} INFO - Setting next_dagrun for example_local_kubernetes_executor to None, run_after=None
[2026-09-27T04:21:44.508+0000] {processor.py:178} INFO - Processing /home/airflow/.local/lib/python3.7/site-packages/airflow/example_dags/example_local_kubernetes_executor.py took 0.538 seconds
[2026-09-27T04:22:14.642+0000] {processor.py:156} INFO - Started process (PID=750) to work on /home/airflow/.local/lib/python3.7/site-packages/airflow/example_dags/example_local_kubernetes_executor.py
[2026-09-27T04:22:14.643+0000] {processor.py:799} INFO - Processing file /home/airflow/.local/lib/python3.7/site-packages/airflow/example_dags/example_local_kubernetes_executor.py for tasks to queue
[2026-09-27T04:22:14.645+0000] {logging_mixin.py:149} INFO - [2026-09-27T04:22:14.644+0000] {dagbag.py:541} INFO - Filling up the DagBag from /home/airflow/.local/lib/python3.7/site-packages/airflow/example_dags/example_local_kubernetes_executor.py
[2026-09-27T04:22:15.061+0000] {processor.py:809} INFO - DAG(s) dict_keys(['example_local_kubernetes_executor']) retrieved from /home/airflow/.local/lib/python3.7/site-packages/airflow/example_dags/example_local_kubernetes_executor.py
[2026-09-27T04:22:15.147+0000] {logging_mixin.py:149} INFO - [2026-09-27T04:22:15.147+0000] {dag.py:2726} INFO - Sync 1 DAGs
[2026-09-27T04:22:15.202+0000] {logging_mixin.py:149} INFO - [2026-09-27T04:22:15.202+0000] {dag.py:3490} INFO - Setting next_dagrun for example_local_kubernetes_executor to None, run_after=None
[2026-09-27T04:22:15.240+0000] {processor.py:178} INFO - Processing /home/airflow/.local/lib/python3.7/site-packages/airflow/example_dags/example_local_kubernetes_executor.py took 0.605 seconds
[2026-09-27T04:22:45.960+0000] {processor.py:156} INFO - Started process (PID=806) to work on /home/airflow/.local/lib/python3.7/site-packages/airflow/example_dags/example_local_kubernetes_executor.py
[2026-09-27T04:22:45.964+0000] {processor.py:799} INFO - Processing file /home/airflow/.local/lib/python3.7/site-packages/airflow/example_dags/example_local_kubernetes_executor.py for tasks to queue
[2026-09-27T04:22:45.965+0000] {logging_mixin.py:149} INFO - [2026-09-27T04:22:45.965+0000] {dagbag.py:541} INFO - Filling up the DagBag from /home/airflow/.local/lib/python3.7/site-packages/airflow/example_dags/example_local_kubernetes_executor.py
[2026-09-27T04:22:46.330+0000] {processor.py:809} INFO - DAG(s) dict_keys(['example_local_kubernetes_executor']) retrieved from /home/airflow/.local/lib/python3.7/site-packages/airflow/example_dags/example_local_kubernetes_executor.py
[2026-09-27T04:22:46.404+0000] {logging_mixin.py:149} INFO - [2026-09-27T04:22:46.404+0000] {dag.py:2726} INFO - Sync 1 DAGs
[2026-09-27T04:22:46.461+0000] {logging_mixin.py:149} INFO - [2026-09-27T04:22:46.461+0000] {dag.py:3490} INFO - Setting next_dagrun for example_local_kubernetes_executor to None, run_after=None
[2026-09-27T04:22:46.498+0000] {processor.py:178} INFO - Processing /home/airflow/.local/lib/python3.7/site-packages/airflow/example_dags/example_local_kubernetes_executor.py took 0.546 seconds
[2026-09-27T04:23:16.599+0000] {processor.py:156} INFO - Started process (PID=863) to work on /home/airflow/.local/lib/python3.7/site-packages/airflow/example_dags/example_local_kubernetes_executor.py
[2026-09-27T04:23:16.601+0000] {processor.py:799} INFO - Processing file /home/airflow/.local/lib/python3.7/site-packages/airflow/example_dags/example_local_kubernetes_executor.py for tasks to queue
[2026-09-27T04:23:16.602+0000] {logging_mixin.py:149} INFO - [2026-09-27T04:23:16.602+0000] {dagbag.py:541} INFO - Filling up the DagBag from /home/airflow/.local/lib/python3.7/site-packages/airflow/example_dags/example_local_kubernetes_executor.py
[2026-09-27T04:23:16.977+0000] {processor.py:809} INFO - DAG(s) dict_keys(['example_local_kubernetes_executor']) retrieved from /home/airflow/.local/lib/python3.7/site-packages/airflow/example_dags/example_local_kubernetes_executor.py
[2026-09-27T04:23:17.035+0000] {logging_mixin.py:149} INFO - [2026-09-27T04:23:17.035+0000] {dag.py:2726} INFO - Sync 1 DAGs
[2026-09-27T04:23:17.089+0000] {logging_mixin.py:149} INFO - [2026-09-27T04:23:17.088+0000] {dag.py:3490} INFO - Setting next_dagrun for example_local_kubernetes_executor to None, run_after=None
[2026-09-27T04:23:17.124+0000] {processor.py:178} INFO - Processing /home/airflow/.local/lib/python3.7/site-packages/airflow/example_dags/example_local_kubernetes_executor.py took 0.530 seconds
[2026-09-27T04:23:47.318+0000] {processor.py:156} INFO - Started process (PID=919) to work on /home/airflow/.local/lib/python3.7/site-packages/airflow/example_dags/example_local_kubernetes_executor.py
[2026-09-27T04:23:47.320+0000] {processor.py:799} INFO - Processing file /home/airflow/.local/lib/python3.7/site-packages/airflow/example_dags/example_local_kubernetes_executor.py for tasks to queue
[2026-09-27T04:23:47.322+0000] {logging_mixin.py:149} INFO - [2026-09-27T04:23:47.322+0000] {dagbag.py:541} INFO - Filling up the DagBag from /home/airflow/.local/lib/python3.7/site-packages/airflow/example_dags/example_local_kubernetes_executor.py
[2026-09-27T04:23:47.715+0000] {processor.py:809} INFO - DAG(s) dict_keys(['example_local_kubernetes_executor']) retrieved from /home/airflow/.local/lib/python3.7/site-packages/airflow/example_dags/example_local_kubernetes_executor.py
[2026-09-27T04:23:47.777+0000] {logging_mixin.py:149} INFO - [2026-09-27T04:23:47.776+0000] {dag.py:2726} INFO - Sync 1 DAGs
[2026-09-27T04:23:47.822+0000] {logging_mixin.py:149} INFO - [2026-09-27T04:23:47.822+0000] {dag.py:3490} INFO - Setting next_dagrun for example_local_kubernetes_executor to None, run_after=None
[2026-09-27T04:23:47.867+0000] {processor.py:178} INFO - Processing /home/airflow/.local/lib/python3.7/site-packages/airflow/example_dags/example_local_kubernetes_executor.py took 0.554 seconds
[2026-09-27T04:24:17.981+0000] {processor.py:156} INFO - Started process (PID=975) to work on /home/airflow/.local/lib/python3.7/site-packages/airflow/example_dags/example_local_kubernetes_executor.py
[2026-09-27T04:24:17.989+0000] {processor.py:799} INFO - Processing file /home/airflow/.local/lib/python3.7/site-packages/airflow/example_dags/example_local_kubernetes_executor.py for tasks to queue
[2026-09-27T04:24:17.990+0000] {logging_mixin.py:149} INFO - [2026-09-27T04:24:17.989+0000] {dagbag.py:541} INFO - Filling up the DagBag from /home/airflow/.local/lib/python3.7/site-packages/airflow/example_dags/example_local_kubernetes_executor.py
[2026-09-27T04:24:18.354+0000] {processor.py:809} INFO - DAG(s) dict_keys(['example_local_kubernetes_executor']) retrieved from /home/airflow/.local/lib/python3.7/site-packages/airflow/example_dags/example_local_kubernetes_executor.py
[2026-09-27T04:24:18.422+0000] {logging_mixin.py:149} INFO - [2026-09-27T04:24:18.422+0000] {dag.py:2726} INFO - Sync 1 DAGs
[2026-09-27T04:24:18.472+0000] {logging_mixin.py:149} INFO - [2026-09-27T04:24:18.472+0000] {dag.py:3490} INFO - Setting next_dagrun for example_local_kubernetes_executor to None, run_after=None
[2026-09-27T04:24:18.504+0000] {processor.py:178} INFO - Processing /home/airflow/.local/lib/python3.7/site-packages/airflow/example_dags/example_local_kubernetes_executor.py took 0.530 seconds
[2026-09-27T04:24:49.285+0000] {processor.py:156} INFO - Started process (PID=1031) to work on /home/airflow/.local/lib/python3.7/site-packages/airflow/example_dags/example_local_kubernetes_executor.py
[2026-09-27T04:24:49.288+0000] {processor.py:799} INFO - Processing file /home/airflow/.local/lib/python3.7/site-packages/airflow/example_dags/example_local_kubernetes_executor.py for tasks to queue
[2026-09-27T04:24:49.289+0000] {logging_mixin.py:149} INFO - [2026-09-27T04:24:49.289+0000] {dagbag.py:541} INFO - Filling up the DagBag from /home/airflow/.local/lib/python3.7/site-packages/airflow/example_dags/example_local_kubernetes_executor.py
[2026-09-27T04:24:49.692+0000] {processor.py:809} INFO - DAG(s) dict_keys(['example_local_kubernetes_executor']) retrieved from /home/airflow/.local/lib/python3.7/site-packages/airflow/example_dags/example_local_kubernetes_executor.py
[2026-09-27T04:24:49.751+0000] {logging_mixin.py:149} INFO - [2026-09-27T04:24:49.750+0000] {dag.py:2726} INFO - Sync 1 DAGs
[2026-09-27T04:24:49.795+0000] {logging_mixin.py:149} INFO - [2026-09-27T04:24:49.795+0000] {dag.py:3490} INFO - Setting next_dagrun for example_local_kubernetes_executor to None, run_after=None
[2026-09-27T04:24:49.826+0000] {processor.py:178} INFO - Processing /home/airflow/.local/lib/python3.7/site-packages/airflow/example_dags/example_local_kubernetes_executor.py took 0.548 seconds
[2026-09-27T04:25:20.794+0000] {processor.py:156} INFO - Started process (PID=1087) to work on /home/airflow/.local/lib/python3.7/site-packages/airflow/example_dags/example_local_kubernetes_executor.py
[2026-09-27T04:25:20.797+0000] {processor.py:799} INFO - Processing file /home/airflow/.local/lib/python3.7/site-packages/airflow/example_dags/example_local_kubernetes_executor.py for tasks to queue
[2026-09-27T04:25:20.798+0000] {logging_mixin.py:149} INFO - [2026-09-27T04:25:20.797+0000] {dagbag.py:541} INFO - Filling up the DagBag from /home/airflow/.local/lib/python3.7/site-packages/airflow/example_dags/example_local_kubernetes_executor.py
[2026-09-27T04:25:21.196+0000] {processor.py:809} INFO - DAG(s) dict_keys(['example_local_kubernetes_executor']) retrieved from /home/airflow/.local/lib/python3.7/site-packages/airflow/example_dags/example_local_kubernetes_executor.py
[2026-09-27T04:25:21.261+0000] {logging_mixin.py:149} INFO - [2026-09-27T04:25:21.261+0000] {dag.py:2726} INFO - Sync 1 DAGs
[2026-09-27T04:25:21.309+0000] {logging_mixin.py:149} INFO - [2026-09-27T04:25:21.309+0000] {dag.py:3490} INFO - Setting next_dagrun for example_local_kubernetes_executor to None, run_after=None
[2026-09-27T04:25:21.347+0000] {processor.py:178} INFO - Processing /home/airflow/.local/lib/python3.7/site-packages/airflow/example_dags/example_local_kubernetes_executor.py took 0.559 seconds
[2026-09-27T04:25:51.541+0000] {processor.py:156} INFO - Started process (PID=1143) to work on /home/airflow/.local/lib/python3.7/site-packages/airflow/example_dags/example_local_kubernetes_executor.py
[2026-09-27T04:25:51.546+0000] {processor.py:799} INFO - Processing file /home/airflow/.local/lib/python3.7/site-packages/airflow/example_dags/example_local_kubernetes_executor.py for tasks to queue
[2026-09-27T04:25:51.547+0000] {logging_mixin.py:149} INFO - [2026-09-27T04:25:51.547+0000] {dagbag.py:541} INFO - Filling up the DagBag from /home/airflow/.local/lib/python3.7/site-packages/airflow/example_dags/example_local_kubernetes_executor.py
[2026-09-27T04:25:51.983+0000] {processor.py:809} INFO - DAG(s) dict_keys(['example_local_kubernetes_executor']) retrieved from /home/airflow/.local/lib/python3.7/site-packages/airflow/example_dags/example_local_kubernetes_executor.py
[2026-09-27T04:25:52.067+0000] {logging_mixin.py:149} INFO - [2026-09-27T04:25:52.067+0000] {dag.py:2726} INFO - Sync 1 DAGs
[2026-09-27T04:25:52.128+0000] {logging_mixin.py:149} INFO - [2026-09-27T04:25:52.128+0000] {dag.py:3490} INFO - Setting next_dagrun for example_local_kubernetes_executor to None, run_after=None
[2026-09-27T04:25:52.162+0000] {processor.py:178} INFO - Processing /home/airflow/.local/lib/python3.7/site-packages/airflow/example_dags/example_local_kubernetes_executor.py took 0.633 seconds
[2026-09-27T04:26:22.844+0000] {processor.py:156} INFO - Started process (PID=1199) to work on /home/airflow/.local/lib/python3.7/site-packages/airflow/example_dags/example_local_kubernetes_executor.py
[2026-09-27T04:26:22.849+0000] {processor.py:799} INFO - Processing file /home/airflow/.local/lib/python3.7/site-packages/airflow/example_dags/example_local_kubernetes_executor.py for tasks to queue
[2026-09-27T04:26:22.850+0000] {logging_mixin.py:149} INFO - [2026-09-27T04:26:22.850+0000] {dagbag.py:541} INFO - Filling up the DagBag from /home/airflow/.local/lib/python3.7/site-packages/airflow/example_dags/example_local_kubernetes_executor.py
[2026-09-27T04:26:23.252+0000] {processor.py:809} INFO - DAG(s) dict_keys(['example_local_kubernetes_executor']) retrieved from /home/airflow/.local/lib/python3.7/site-packages/airflow/example_dags/example_local_kubernetes_executor.py
[2026-09-27T04:26:23.319+0000] {logging_mixin.py:149} INFO - [2026-09-27T04:26:23.318+0000] {dag.py:2726} INFO - Sync 1 DAGs
[2026-09-27T04:26:23.365+0000] {logging_mixin.py:149} INFO - [2026-09-27T04:26:23.365+0000] {dag.py:3490} INFO - Setting next_dagrun for example_local_kubernetes_executor to None, run_after=None
[2026-09-27T04:26:23.397+0000] {processor.py:178} INFO - Processing /home/airflow/.local/lib/python3.7/site-packages/airflow/example_dags/example_local_kubernetes_executor.py took 0.560 seconds
[2026-09-27T04:26:53.681+0000] {processor.py:156} INFO - Started process (PID=1255) to work on /home/airflow/.local/lib/python3.7/site-packages/airflow/example_dags/example_local_kubernetes_executor.py
[2026-09-27T04:26:53.683+0000] {processor.py:799} INFO - Processing file /home/airflow/.local/lib/python3.7/site-packages/airflow/example_dags/example_local_kubernetes_executor.py for tasks to queue
[2026-09-27T04:26:53.684+0000] {logging_mixin.py:149} INFO - [2026-09-27T04:26:53.684+0000] {dagbag.py:541} INFO - Filling up the DagBag from /home/airflow/.local/lib/python3.7/site-packages/airflow/example_dags/example_local_kubernetes_executor.py
[2026-09-27T04:26:54.061+0000] {processor.py:809} INFO - DAG(s) dict_keys(['example_local_kubernetes_executor']) retrieved from /home/airflow/.local/lib/python3.7/site-packages/airflow/example_dags/example_local_kubernetes_executor.py
[2026-09-27T04:26:54.121+0000] {logging_mixin.py:149} INFO - [2026-09-27T04:26:54.121+0000] {dag.py:2726} INFO - Sync 1 DAGs
[2026-09-27T04:26:54.170+0000] {logging_mixin.py:149} INFO - [2026-09-27T04:26:54.170+0000] {dag.py:3490} INFO - Setting next_dagrun for example_local_kubernetes_executor to None, run_after=None
[2026-09-27T04:26:54.200+0000] {processor.py:178} INFO - Processing /home/airflow/.local/lib/python3.7/site-packages/airflow/example_dags/example_local_kubernetes_executor.py took 0.524 seconds
[2026-09-27T04:27:24.262+0000] {processor.py:156} INFO - Started process (PID=1311) to work on /home/airflow/.local/lib/python3.7/site-packages/airflow/example_dags/example_local_kubernetes_executor.py
[2026-09-27T04:27:24.268+0000] {processor.py:799} INFO - Processing file /home/airflow/.local/lib/python3.7/site-packages/airflow/example_dags/example_local_kubernetes_executor.py for tasks to queue
[2026-09-27T04:27:24.269+0000] {logging_mixin.py:149} INFO - [2026-09-27T04:27:24.269+0000] {dagbag.py:541} INFO - Filling up the DagBag from /home/airflow/.local/lib/python3.7/site-packages/airflow/example_dags/example_local_kubernetes_executor.py
[2026-09-27T04:27:24.659+0000] {processor.py:809} INFO - DAG(s) dict_keys(['example_local_kubernetes_executor']) retrieved from /home/airflow/.local/lib/python3.7/site-packages/airflow/example_dags/example_local_kubernetes_executor.py
[2026-09-27T04:27:24.721+0000] {logging_mixin.py:149} INFO - [2026-09-27T04:27:24.721+0000] {dag.py:2726} INFO - Sync 1 DAGs
[2026-09-27T04:27:24.769+0000] {logging_mixin.py:149} INFO - [2026-09-27T04:27:24.768+0000] {dag.py:3490} INFO - Setting next_dagrun for example_local_kubernetes_executor to None, run_after=None
[2026-09-27T04:27:24.804+0000] {processor.py:178} INFO - Processing /home/airflow/.local/lib/python3.7/site-packages/airflow/example_dags/example_local_kubernetes_executor.py took 0.549 seconds
[2026-09-27T04:27:55.742+0000] {processor.py:156} INFO - Started process (PID=1368) to work on /home/airflow/.local/lib/python3.7/site-packages/airflow/example_dags/example_local_kubernetes_executor.py
[2026-09-27T04:27:55.749+0000] {processor.py:799} INFO - Processing file /home/airflow/.local/lib/python3.7/site-packages/airflow/example_dags/example_local_kubernetes_executor.py for tasks to queue
[2026-09-27T04:27:55.750+0000] {logging_mixin.py:149} INFO - [2026-09-27T04:27:55.750+0000] {dagbag.py:541} INFO - Filling up the DagBag from /home/airflow/.local/lib/python3.7/site-packages/airflow/example_dags/example_local_kubernetes_executor.py
[2026-09-27T04:27:56.141+0000] {processor.py:809} INFO - DAG(s) dict_keys(['example_local_kubernetes_executor']) retrieved from /home/airflow/.local/lib/python3.7/site-packages/airflow/example_dags/example_local_kubernetes_executor.py
[2026-09-27T04:27:56.212+0000] {logging_mixin.py:149} INFO - [2026-09-27T04:27:56.212+0000] {dag.py:2726} INFO - Sync 1 DAGs
[2026-09-27T04:27:56.266+0000] {logging_mixin.py:149} INFO - [2026-09-27T04:27:56.266+0000] {dag.py:3490} INFO - Setting next_dagrun for example_local_kubernetes_executor to None, run_after=None
[2026-09-27T04:27:56.309+0000] {processor.py:178} INFO - Processing /home/airflow/.local/lib/python3.7/site-packages/airflow/example_dags/example_local_kubernetes_executor.py took 0.577 seconds
[2026-09-27T04:28:27.168+0000] {processor.py:156} INFO - Started process (PID=1424) to work on /home/airflow/.local/lib/python3.7/site-packages/airflow/example_dags/example_local_kubernetes_executor.py
[2026-09-27T04:28:27.170+0000] {processor.py:799} INFO - Processing file /home/airflow/.local/lib/python3.7/site-packages/airflow/example_dags/example_local_kubernetes_executor.py for tasks to queue
[2026-09-27T04:28:27.172+0000] {logging_mixin.py:149} INFO - [2026-09-27T04:28:27.172+0000] {dagbag.py:541} INFO - Filling up the DagBag from /home/airflow/.local/lib/python3.7/site-packages/airflow/example_dags/example_local_kubernetes_executor.py
[2026-09-27T04:28:27.589+0000] {processor.py:809} INFO - DAG(s) dict_keys(['example_local_kubernetes_executor']) retrieved from /home/airflow/.local/lib/python3.7/site-packages/airflow/example_dags/example_local_kubernetes_executor.py
[2026-09-27T04:28:27.681+0000] {logging_mixin.py:149} INFO - [2026-09-27T04:28:27.680+0000] {dag.py:2726} INFO - Sync 1 DAGs
[2026-09-27T04:28:27.743+0000] {logging_mixin.py:149} INFO - [2026-09-27T04:28:27.742+0000] {dag.py:3490} INFO - Setting next_dagrun for example_local_kubernetes_executor to None, run_after=None
[2026-09-27T04:28:27.788+0000] {processor.py:178} INFO - Processing /home/airflow/.local/lib/python3.7/site-packages/airflow/example_dags/example_local_kubernetes_executor.py took 0.631 seconds
[2026-09-27T04:28:58.528+0000] {processor.py:156} INFO - Started process (PID=1480) to work on /home/airflow/.local/lib/python3.7/site-packages/airflow/example_dags/example_local_kubernetes_executor.py
[2026-09-27T04:28:58.530+0000] {processor.py:799} INFO - Processing file /home/airflow/.local/lib/python3.7/site-packages/airflow/example_dags/example_local_kubernetes_executor.py for tasks to queue
[2026-09-27T04:28:58.532+0000] {logging_mixin.py:149} INFO - [2026-09-27T04:28:58.531+0000] {dagbag.py:541} INFO - Filling up the DagBag from /home/airflow/.local/lib/python3.7/site-packages/airflow/example_dags/example_local_kubernetes_executor.py
[2026-09-27T04:28:58.927+0000] {processor.py:809} INFO - DAG(s) dict_keys(['example_local_kubernetes_executor']) retrieved from /home/airflow/.local/lib/python3.7/site-packages/airflow/example_dags/example_local_kubernetes_executor.py
[2026-09-27T04:28:58.985+0000] {logging_mixin.py:149} INFO - [2026-09-27T04:28:58.985+0000] {dag.py:2726} INFO - Sync 1 DAGs
[2026-09-27T04:28:59.035+0000] {logging_mixin.py:149} INFO - [2026-09-27T04:28:59.035+0000] {dag.py:3490} INFO - Setting next_dagrun for example_local_kubernetes_executor to None, run_after=None
[2026-09-27T04:28:59.073+0000] {processor.py:178} INFO - Processing /home/airflow/.local/lib/python3.7/site-packages/airflow/example_dags/example_local_kubernetes_executor.py took 0.551 seconds
[2026-09-27T04:29:29.910+0000] {processor.py:156} INFO - Started process (PID=1536) to work on /home/airflow/.local/lib/python3.7/site-packages/airflow/example_dags/example_local_kubernetes_executor.py
[2026-09-27T04:29:29.911+0000] {processor.py:799} INFO - Processing file /home/airflow/.local/lib/python3.7/site-packages/airflow/example_dags/example_local_kubernetes_executor.py for tasks to queue
[2026-09-27T04:29:29.912+0000] {logging_mixin.py:149} INFO - [2026-09-27T04:29:29.912+0000] {dagbag.py:541} INFO - Filling up the DagBag from /home/airflow/.local/lib/python3.7/site-packages/airflow/example_dags/example_local_kubernetes_executor.py
[2026-09-27T04:29:30.289+0000] {processor.py:809} INFO - DAG(s) dict_keys(['example_local_kubernetes_executor']) retrieved from /home/airflow/.local/lib/python3.7/site-packages/airflow/example_dags/example_local_kubernetes_executor.py
[2026-09-27T04:29:30.352+0000] {logging_mixin.py:149} INFO - [2026-09-27T04:29:30.352+0000] {dag.py:2726} INFO - Sync 1 DAGs
[2026-09-27T04:29:30.401+0000] {logging_mixin.py:149} INFO - [2026-09-27T04:29:30.400+0000] {dag.py:3490} INFO - Setting next_dagrun for example_local_kubernetes_executor to None, run_after=None
[2026-09-27T04:29:30.433+0000] {processor.py:178} INFO - Processing /home/airflow/.local/lib/python3.7/site-packages/airflow/example_dags/example_local_kubernetes_executor.py took 0.530 seconds
[2026-09-27T04:30:01.039+0000] {processor.py:156} INFO - Started process (PID=1599) to work on /home/airflow/.local/lib/python3.7/site-packages/airflow/example_dags/example_local_kubernetes_executor.py
[2026-09-27T04:30:01.041+0000] {processor.py:799} INFO - Processing file /home/airflow/.local/lib/python3.7/site-packages/airflow/example_dags/example_local_kubernetes_executor.py for tasks to queue
[2026-09-27T04:30:01.042+0000] {logging_mixin.py:149} INFO - [2026-09-27T04:30:01.042+0000] {dagbag.py:541} INFO - Filling up the DagBag from /home/airflow/.local/lib/python3.7/site-packages/airflow/example_dags/example_local_kubernetes_executor.py
[2026-09-27T04:30:01.445+0000] {processor.py:809} INFO - DAG(s) dict_keys(['example_local_kubernetes_executor']) retrieved from /home/airflow/.local/lib/python3.7/site-packages/airflow/example_dags/example_local_kubernetes_executor.py
[2026-09-27T04:30:01.519+0000] {logging_mixin.py:149} INFO - [2026-09-27T04:30:01.518+0000] {dag.py:2726} INFO - Sync 1 DAGs
[2026-09-27T04:30:01.560+0000] {logging_mixin.py:149} INFO - [2026-09-27T04:30:01.560+0000] {dag.py:3490} INFO - Setting next_dagrun for example_local_kubernetes_executor to None, run_after=None
[2026-09-27T04:30:01.593+0000] {processor.py:178} INFO - Processing /home/airflow/.local/lib/python3.7/site-packages/airflow/example_dags/example_local_kubernetes_executor.py took 0.561 seconds
