[2026-09-27T02:06:46.402+0000] {processor.py:156} INFO - Started process (PID=92) to work on /home/airflow/.local/lib/python3.7/site-packages/airflow/example_dags/tutorial_taskflow_api_virtualenv.py
[2026-09-27T02:06:46.415+0000] {processor.py:799} INFO - Processing file /home/airflow/.local/lib/python3.7/site-packages/airflow/example_dags/tutorial_taskflow_api_virtualenv.py for tasks to queue
[2026-09-27T02:06:46.416+0000] {logging_mixin.py:149} INFO - [2026-09-27T02:06:46.416+0000] {dagbag.py:541} INFO - Filling up the DagBag from /home/airflow/.local/lib/python3.7/site-packages/airflow/example_dags/tutorial_taskflow_api_virtualenv.py
[2026-09-27T02:06:46.446+0000] {processor.py:809} INFO - DAG(s) dict_keys(['tutorial_taskflow_api_virtualenv']) retrieved from /home/airflow/.local/lib/python3.7/site-packages/airflow/example_dags/tutorial_taskflow_api_virtualenv.py
[2026-09-27T02:06:46.500+0000] {logging_mixin.py:149} INFO - [2026-09-27T02:06:46.499+0000] {dag.py:2726} INFO - Sync 1 DAGs
[2026-09-27T02:06:46.541+0000] {logging_mixin.py:149} INFO - [2026-09-27T02:06:46.541+0000] {dag.py:3490} INFO - Setting next_dagrun for tutorial_taskflow_api_virtualenv to None, run_after=None
[2026-09-27T02:06:46.588+0000] {processor.py:178} INFO - Processing /home/airflow/.local/lib/python3.7/site-packages/airflow/example_dags/tutorial_taskflow_api_virtualenv.py took 0.191 seconds
[2026-09-27T02:07:16.815+0000] {processor.py:156} INFO - Started process (PID=148) to work on /home/airflow/.local/lib/python3.7/site-packages/airflow/example_dags/tutorial_taskflow_api_virtualenv.py
[2026-09-27T02:07:16.817+0000] {processor.py:799} INFO - Processing file /home/airflow/.local/lib/python3.7/site-packages/airflow/example_dags/tutorial_taskflow_api_virtualenv.py for tasks to queue
[2026-09-27T02:07:16.818+0000] {logging_mixin.py:149} INFO - [2026-09-27T02:07:16.818+0000] {dagbag.py:541} INFO - Filling up the DagBag from /home/airflow/.local/lib/python3.7/site-packages/airflow/example_dags/tutorial_taskflow_api_virtualenv.py
[2026-09-27T02:07:16.829+0000] {processor.py:809} INFO - DAG(s) dict_keys(['tutorial_taskflow_api_virtualenv']) retrieved from /home/airflow/.local/lib/python3.7/site-packages/airflow/example_dags/tutorial_taskflow_api_virtualenv.py
[2026-09-27T02:07:16.878+0000] {logging_mixin.py:149} INFO - [2026-09-27T02:07:16.878+0000] {dag.py:2726} INFO - Sync 1 DAGs
[2026-09-27T02:07:16.927+0000] {logging_mixin.py:149} INFO - [2026-09-27T02:07:16.927+0000] {dag.py:3490} INFO - Setting next_dagrun for tutorial_taskflow_api_virtualenv to None, run_after=None
[2026-09-27T02:07:16.966+0000] {processor.py:178} INFO - Processing /home/airflow/.local/lib/python3.7/site-packages/airflow/example_dags/tutorial_taskflow_api_virtualenv.py took 0.158 seconds
[2026-09-27T02:07:47.628+0000] {processor.py:156} INFO - Started process (PID=204) to work on /home/airflow/.local/lib/python3.7/site-packages/airflow/example_dags/tutorial_taskflow_api_virtualenv.py
[2026-09-27T02:07:47.630+0000] {processor.py:799} INFO - Processing file /home/airflow/.local/lib/python3.7/site-packages/airflow/example_dags/tutorial_taskflow_api_virtualenv.py for tasks to queue
[2026-09-27T02:07:47.631+0000] {logging_mixin.py:149} INFO - [2026-09-27T02:07:47.631+0000] {dagbag.py:541} INFO - Filling up the DagBag from /home/airflow/.local/lib/python3.7/site-packages/airflow/example_dags/tutorial_taskflow_api_virtualenv.py
[2026-09-27T02:07:47.643+0000] {processor.py:809} INFO - DAG(s) dict_keys(['tutorial_taskflow_api_virtualenv']) retrieved from /home/airflow/.local/lib/python3.7/site-packages/airflow/example_dags/tutorial_taskflow_api_virtualenv.py
[2026-09-27T02:07:47.686+0000] {logging_mixin.py:149} INFO - [2026-09-27T02:07:47.686+0000] {dag.py:2726} INFO - Sync 1 DAGs
[2026-09-27T02:07:47.733+0000] {logging_mixin.py:149} INFO - [2026-09-27T02:07:47.733+0000] {dag.py:3490} INFO - Setting next_dagrun for tutorial_taskflow_api_virtualenv to None, run_after=None
[2026-09-27T02:07:47.766+0000] {processor.py:178} INFO - Processing /home/airflow/.local/lib/python3.7/site-packages/airflow/example_dags/tutorial_taskflow_api_virtualenv.py took 0.144 seconds
[2026-09-27T02:08:18.463+0000] {processor.py:156} INFO - Started process (PID=260) to work on /home/airflow/.local/lib/python3.7/site-packages/airflow/example_dags/tutorial_taskflow_api_virtualenv.py
[2026-09-27T02:08:18.465+0000] {processor.py:799} INFO - Processing file /home/airflow/.local/lib/python3.7/site-packages/airflow/example_dags/tutorial_taskflow_api_virtualenv.py for tasks to queue
[2026-09-27T02:08:18.466+0000] {logging_mixin.py:149} INFO - [2026-09-27T02:08:18.465+0000] {dagbag.py:541} INFO - Filling up the DagBag from /home/airflow/.local/lib/python3.7/site-packages/airflow/example_dags/tutorial_taskflow_api_virtualenv.py
[2026-09-27T02:08:18.478+0000] {processor.py:809} INFO - DAG(s) dict_keys(['tutorial_taskflow_api_virtualenv']) retrieved from /home/airflow/.local/lib/python3.7/site-packages/airflow/example_dags/tutorial_taskflow_api_virtualenv.py
[2026-09-27T02:08:18.521+0000] {logging_mixin.py:149} INFO - [2026-09-27T02:08:18.521+0000] {dag.py:2726} INFO - Sync 1 DAGs
[2026-09-27T02:08:18.569+0000] {logging_mixin.py:149} INFO - [2026-09-27T02:08:18.569+0000] {dag.py:3490} INFO - Setting next_dagrun for tutorial_taskflow_api_virtualenv to None, run_after=None
[2026-09-27T02:08:18.599+0000] {processor.py:178} INFO - Processing /home/airflow/.local/lib/python3.7/site-packages/airflow/example_dags/tutorial_taskflow_api_virtualenv.py took 0.142 seconds
[2026-09-27T02:08:49.881+0000] {processor.py:156} INFO - Started process (PID=316) to work on /home/airflow/.local/lib/python3.7/site-packages/airflow/example_dags/tutorial_taskflow_api_virtualenv.py
[2026-09-27T02:08:49.883+0000] {processor.py:799} INFO - Processing file /home/airflow/.local/lib/python3.7/site-packages/airflow/example_dags/tutorial_taskflow_api_virtualenv.py for tasks to queue
[2026-09-27T02:08:49.884+0000] {logging_mixin.py:149} INFO - [2026-09-27T02:08:49.884+0000] {dagbag.py:541} INFO - Filling up the DagBag from /home/airflow/.local/lib/python3.7/site-packages/airflow/example_dags/tutorial_taskflow_api_virtualenv.py
[2026-09-27T02:08:49.898+0000] {processor.py:809} INFO - DAG(s) dict_keys(['tutorial_taskflow_api_virtualenv']) retrieved from /home/airflow/.local/lib/python3.7/site-packages/airflow/example_dags/tutorial_taskflow_api_virtualenv.py
[2026-09-27T02:08:49.945+0000] {logging_mixin.py:149} INFO - [2026-09-27T02:08:49.945+0000] {dag.py:2726} INFO - Sync 1 DAGs
[2026-09-27T02:08:50.000+0000] {logging_mixin.py:149} INFO - [2026-09-27T02:08:50.000+0000] {dag.py:3490} INFO - Setting next_dagrun for tutorial_taskflow_api_virtualenv to None, run_after=None
[2026-09-27T02:08:50.031+0000] {processor.py:178} INFO - Processing /home/airflow/.local/lib/python3.7/site-packages/airflow/example_dags/tutorial_taskflow_api_virtualenv.py took 0.158 seconds
[2026-09-27T02:09:20.525+0000] {processor.py:156} INFO - Started process (PID=372) to work on /home/airflow/.local/lib/python3.7/site-packages/airflow/example_dags/tutorial_taskflow_api_virtualenv.py
[2026-09-27T02:09:20.527+0000] {processor.py:799} INFO - Processing file /home/airflow/.local/lib/python3.7/site-packages/airflow/example_dags/tutorial_taskflow_api_virtualenv.py for tasks to queue
[2026-09-27T02:09:20.528+0000] {logging_mixin.py:149} INFO - [2026-09-27T02:09:20.528+0000] {dagbag.py:541} INFO - Filling up the DagBag from /home/airflow/.local/lib/python3.7/site-packages/airflow/example_dags/tutorial_taskflow_api_virtualenv.py
[2026-09-27T02:09:20.543+0000] {processor.py:809} INFO - DAG(s) dict_keys(['tutorial_taskflow_api_virtualenv']) retrieved from /home/airflow/.local/lib/python3.7/site-packages/airflow/example_dags/tutorial_taskflow_api_virtualenv.py
[2026-09-27T02:09:20.587+0000] {logging_mixin.py:149} INFO - [2026-09-27T02:09:20.586+0000] {dag.py:2726} INFO - Sync 1 DAGs
[2026-09-27T02:09:20.632+0000] {logging_mixin.py:149} INFO - [2026-09-27T02:09:20.632+0000] {dag.py:3490} INFO - Setting next_dagrun for tutorial_taskflow_api_virtualenv to None, run_after=None
[2026-09-27T02:09:20.667+0000] {processor.py:178} INFO - Processing /home/airflow/.local/lib/python3.7/site-packages/airflow/example_dags/tutorial_taskflow_api_virtualenv.py took 0.148 seconds
[2026-09-27T02:09:52.154+0000] {processor.py:156} INFO - Started process (PID=428) to work on /home/airflow/.local/lib/python3.7/site-packages/airflow/example_dags/tutorial_taskflow_api_virtualenv.py
[2026-09-27T02:09:52.157+0000] {processor.py:799} INFO - Processing file /home/airflow/.local/lib/python3.7/site-packages/airflow/example_dags/tutorial_taskflow_api_virtualenv.py for tasks to queue
[2026-09-27T02:09:52.158+0000] {logging_mixin.py:149} INFO - [2026-09-27T02:09:52.158+0000] {dagbag.py:541} INFO - Filling up the DagBag from /home/airflow/.local/lib/python3.7/site-packages/airflow/example_dags/tutorial_taskflow_api_virtualenv.py
[2026-09-27T02:09:52.172+0000] {processor.py:809} INFO - DAG(s) dict_keys(['tutorial_taskflow_api_virtualenv']) retrieved from /home/airflow/.local/lib/python3.7/site-packages/airflow/example_dags/tutorial_taskflow_api_virtualenv.py
[2026-09-27T02:09:52.227+0000] {logging_mixin.py:149} INFO - [2026-09-27T02:09:52.226+0000] {dag.py:2726} INFO - Sync 1 DAGs
[2026-09-27T02:09:52.270+0000] {logging_mixin.py:149} INFO - [2026-09-27T02:09:52.270+0000] {dag.py:3490} INFO - Setting next_dagrun for tutorial_taskflow_api_virtualenv to None, run_after=None
[2026-09-27T02:09:52.300+0000] {processor.py:178} INFO - Processing /home/airflow/.local/lib/python3.7/site-packages/airflow/example_dags/tutorial_taskflow_api_virtualenv.py took 0.153 seconds
[2026-09-27T02:10:22.980+0000] {processor.py:156} INFO - Started process (PID=484) to work on /home/airflow/.local/lib/python3.7/site-packages/airflow/example_dags/tutorial_taskflow_api_virtualenv.py
[2026-09-27T02:10:22.982+0000] {processor.py:799} INFO - Processing file /home/airflow/.local/lib/python3.7/site-packages/airflow/example_dags/tutorial_taskflow_api_virtualenv.py for tasks to queue
[2026-09-27T02:10:22.984+0000] {logging_mixin.py:149} INFO - [2026-09-27T02:10:22.983+0000] {dagbag.py:541} INFO - Filling up the DagBag from /home/airflow/.local/lib/python3.7/site-packages/airflow/example_dags/tutorial_taskflow_api_virtualenv.py
[2026-09-27T02:10:23.003+0000] {processor.py:809} INFO - DAG(s) dict_keys(['tutorial_taskflow_api_virtualenv']) retrieved from /home/airflow/.local/lib/python3.7/site-packages/airflow/example_dags/tutorial_taskflow_api_virtualenv.py
[2026-09-27T02:10:23.048+0000] {logging_mixin.py:149} INFO - [2026-09-27T02:10:23.048+0000] {dag.py:2726} INFO - Sync 1 DAGs
[2026-09-27T02:10:23.094+0000] {logging_mixin.py:149} INFO - [2026-09-27T02:10:23.094+0000] {dag.py:3490} INFO - Setting next_dagrun for tutorial_taskflow_api_virtualenv to None, run_after=None
[2026-09-27T02:10:23.122+0000] {processor.py:178} INFO - Processing /home/airflow/.local/lib/python3.7/site-packages/airflow/example_dags/tutorial_taskflow_api_virtualenv.py took 0.148 seconds
[2026-09-27T02:10:53.722+0000] {processor.py:156} INFO - Started process (PID=540) to work on /home/airflow/.local/lib/python3.7/site-packages/airflow/example_dags/tutorial_taskflow_api_virtualenv.py
[2026-09-27T02:10:53.723+0000] {processor.py:799} INFO - Processing file /home/airflow/.local/lib/python3.7/site-packages/airflow/example_dags/tutorial_taskflow_api_virtualenv.py for tasks to queue
[2026-09-27T02:10:53.724+0000] {logging_mixin.py:149} INFO - [2026-09-27T02:10:53.724+0000] {dagbag.py:541} INFO - Filling up the DagBag from /home/airflow/.local/lib/python3.7/site-packages/airflow/example_dags/tutorial_taskflow_api_virtualenv.py
[2026-09-27T02:10:53.734+0000] {processor.py:809} INFO - DAG(s) dict_keys(['tutorial_taskflow_api_virtualenv']) retrieved from /home/airflow/.local/lib/python3.7/site-packages/airflow/example_dags/tutorial_taskflow_api_virtualenv.py
[2026-09-27T02:10:53.773+0000] {logging_mixin.py:149} INFO - [2026-09-27T02:10:53.772+0000] {dag.py:2726} INFO - Sync 1 DAGs
[2026-09-27T02:10:53.823+0000] {logging_mixin.py:149} INFO - [2026-09-27T02:10:53.823+0000] {dag.py:3490} INFO - Setting next_dagrun for tutorial_taskflow_api_virtualenv to None, run_after=None
[2026-09-27T02:10:53.859+0000] {processor.py:178} INFO - Processing /home/airflow/.local/lib/python3.7/site-packages/airflow/example_dags/tutorial_taskflow_api_virtualenv.py took 0.143 seconds
[2026-09-27T02:11:24.647+0000] {processor.py:156} INFO - Started process (PID=596) to work on /home/airflow/.local/lib/python3.7/site-packages/airflow/example_dags/tutorial_taskflow_api_virtualenv.py
[2026-09-27T02:11:24.649+0000] {processor.py:799} INFO - Processing file /home/airflow/.local/lib/python3.7/site-packages/airflow/example_dags/tutorial_taskflow_api_virtualenv.py for tasks to queue
[2026-09-27T02:11:24.650+0000] {logging_mixin.py:149} INFO - [2026-09-27T02:11:24.650+0000] {dagbag.py:541} INFO - Filling up the DagBag from /home/airflow/.local/lib/python3.7/site-packages/airflow/example_dags/tutorial_taskflow_api_virtualenv.py
[2026-09-27T02:11:24.661+0000] {processor.py:809} INFO - DAG(s) dict_keys(['tutorial_taskflow_api_virtualenv']) retrieved from /home/airflow/.local/lib/python3.7/site-packages/airflow/example_dags/tutorial_taskflow_api_virtualenv.py
[2026-09-27T02:11:24.702+0000] {logging_mixin.py:149} INFO - [2026-09-27T02:11:24.702+0000] {dag.py:2726} INFO - Sync 1 DAGs
[2026-09-27T02:11:24.745+0000] {logging_mixin.py:149} INFO - [2026-09-27T02:11:24.745+0000] {dag.py:3490} INFO - Setting next_dagrun for tutorial_taskflow_api_virtualenv to None, run_after=None
[2026-09-27T02:11:24.780+0000] {processor.py:178} INFO - Processing /home/airflow/.local/lib/python3.7/site-packages/airflow/example_dags/tutorial_taskflow_api_virtualenv.py took 0.138 seconds
[2026-09-27T02:11:55.445+0000] {processor.py:156} INFO - Started process (PID=652) to work on /home/airflow/.local/lib/python3.7/site-packages/airflow/example_dags/tutorial_taskflow_api_virtualenv.py
[2026-09-27T02:11:55.447+0000] {processor.py:799} INFO - Processing file /home/airflow/.local/lib/python3.7/site-packages/airflow/example_dags/tutorial_taskflow_api_virtualenv.py for tasks to queue
[2026-09-27T02:11:55.448+0000] {logging_mixin.py:149} INFO - [2026-09-27T02:11:55.448+0000] {dagbag.py:541} INFO - Filling up the DagBag from /home/airflow/.local/lib/python3.7/site-packages/airflow/example_dags/tutorial_taskflow_api_virtualenv.py
[2026-09-27T02:11:55.462+0000] {processor.py:809} INFO - DAG(s) dict_keys(['tutorial_taskflow_api_virtualenv']) retrieved from /home/airflow/.local/lib/python3.7/site-packages/airflow/example_dags/tutorial_taskflow_api_virtualenv.py
[2026-09-27T02:11:55.509+0000] {logging_mixin.py:149} INFO - [2026-09-27T02:11:55.508+0000] {dag.py:2726} INFO - Sync 1 DAGs
[2026-09-27T02:11:55.574+0000] {logging_mixin.py:149} INFO - [2026-09-27T02:11:55.574+0000] {dag.py:3490} INFO - Setting next_dagrun for tutorial_taskflow_api_virtualenv to None, run_after=None
[2026-09-27T02:11:55.618+0000] {processor.py:178} INFO - Processing /home/airflow/.local/lib/python3.7/site-packages/airflow/example_dags/tutorial_taskflow_api_virtualenv.py took 0.180 seconds
[2026-09-27T02:12:26.341+0000] {processor.py:156} INFO - Started process (PID=708) to work on /home/airflow/.local/lib/python3.7/site-packages/airflow/example_dags/tutorial_taskflow_api_virtualenv.py
[2026-09-27T02:12:26.343+0000] {processor.py:799} INFO - Processing file /home/airflow/.local/lib/python3.7/site-packages/airflow/example_dags/tutorial_taskflow_api_virtualenv.py for tasks to queue
[2026-09-27T02:12:26.344+0000] {logging_mixin.py:149} INFO - [2026-09-27T02:12:26.344+0000] {dagbag.py:541} INFO - Filling up the DagBag from /home/airflow/.local/lib/python3.7/site-packages/airflow/example_dags/tutorial_taskflow_api_virtualenv.py
[2026-09-27T02:12:26.356+0000] {processor.py:809} INFO - DAG(s) dict_keys(['tutorial_taskflow_api_virtualenv']) retrieved from /home/airflow/.local/lib/python3.7/site-packages/airflow/example_dags/tutorial_taskflow_api_virtualenv.py
[2026-09-27T02:12:26.400+0000] {logging_mixin.py:149} INFO - [2026-09-27T02:12:26.400+0000] {dag.py:2726} INFO - Sync 1 DAGs
[2026-09-27T02:12:26.447+0000] {logging_mixin.py:149} INFO - [2026-09-27T02:12:26.447+0000] {dag.py:3490} INFO - Setting next_dagrun for tutorial_taskflow_api_virtualenv to None, run_after=None
[2026-09-27T02:12:26.480+0000] {processor.py:178} INFO - Processing /home/airflow/.local/lib/python3.7/site-packages/airflow/example_dags/tutorial_taskflow_api_virtualenv.py took 0.146 seconds
[2026-09-27T02:12:57.041+0000] {processor.py:156} INFO - Started process (PID=764) to work on /home/airflow/.local/lib/python3.7/site-packages/airflow/example_dags/tutorial_taskflow_api_virtualenv.py
[2026-09-27T02:12:57.044+0000] {processor.py:799} INFO - Processing file /home/airflow/.local/lib/python3.7/site-packages/airflow/example_dags/tutorial_taskflow_api_virtualenv.py for tasks to queue
[2026-09-27T02:12:57.045+0000] {logging_mixin.py:149} INFO - [2026-09-27T02:12:57.045+0000] {dagbag.py:541} INFO - Filling up the DagBag from /home/airflow/.local/lib/python3.7/site-packages/airflow/example_dags/tutorial_taskflow_api_virtualenv.py
[2026-09-27T02:12:57.056+0000] {processor.py:809} INFO - DAG(s) dict_keys(['tutorial_taskflow_api_virtualenv']) retrieved from /home/airflow/.local/lib/python3.7/site-packages/airflow/example_dags/tutorial_taskflow_api_virtualenv.py
[2026-09-27T02:12:57.098+0000] {logging_mixin.py:149} INFO - [2026-09-27T02:12:57.098+0000] {dag.py:2726} INFO - Sync 1 DAGs
[2026-09-27T02:12:57.140+0000] {logging_mixin.py:149} INFO - [2026-09-27T02:12:57.140+0000] {dag.py:3490} INFO - Setting next_dagrun for tutorial_taskflow_api_virtualenv to None, run_after=None
[2026-09-27T02:12:57.170+0000] {processor.py:178} INFO - Processing /home/airflow/.local/lib/python3.7/site-packages/airflow/example_dags/tutorial_taskflow_api_virtualenv.py took 0.136 seconds
[2026-09-27T02:13:28.249+0000] {processor.py:156} INFO - Started process (PID=820) to work on /home/airflow/.local/lib/python3.7/site-packages/airflow/example_dags/tutorial_taskflow_api_virtualenv.py
[2026-09-27T02:13:28.254+0000] {processor.py:799} INFO - Processing file /home/airflow/.local/lib/python3.7/site-packages/airflow/example_dags/tutorial_taskflow_api_virtualenv.py for tasks to queue
[2026-09-27T02:13:28.256+0000] {logging_mixin.py:149} INFO - [2026-09-27T02:13:28.255+0000] {dagbag.py:541} INFO - Filling up the DagBag from /home/airflow/.local/lib/python3.7/site-packages/airflow/example_dags/tutorial_taskflow_api_virtualenv.py
[2026-09-27T02:13:28.268+0000] {processor.py:809} INFO - DAG(s) dict_keys(['tutorial_taskflow_api_virtualenv']) retrieved from /home/airflow/.local/lib/python3.7/site-packages/airflow/example_dags/tutorial_taskflow_api_virtualenv.py
[2026-09-27T02:13:28.317+0000] {logging_mixin.py:149} INFO - [2026-09-27T02:13:28.316+0000] {dag.py:2726} INFO - Sync 1 DAGs
[2026-09-27T02:13:28.357+0000] {logging_mixin.py:149} INFO - [2026-09-27T02:13:28.357+0000] {dag.py:3490} INFO - Setting next_dagrun for tutorial_taskflow_api_virtualenv to None, run_after=None
[2026-09-27T02:13:28.384+0000] {processor.py:178} INFO - Processing /home/airflow/.local/lib/python3.7/site-packages/airflow/example_dags/tutorial_taskflow_api_virtualenv.py took 0.141 seconds
[2026-09-27T02:13:59.023+0000] {processor.py:156} INFO - Started process (PID=876) to work on /home/airflow/.local/lib/python3.7/site-packages/airflow/example_dags/tutorial_taskflow_api_virtualenv.py
[2026-09-27T02:13:59.025+0000] {processor.py:799} INFO - Processing file /home/airflow/.local/lib/python3.7/site-packages/airflow/example_dags/tutorial_taskflow_api_virtualenv.py for tasks to queue
[2026-09-27T02:13:59.026+0000] {logging_mixin.py:149} INFO - [2026-09-27T02:13:59.026+0000] {dagbag.py:541} INFO - Filling up the DagBag from /home/airflow/.local/lib/python3.7/site-packages/airflow/example_dags/tutorial_taskflow_api_virtualenv.py
[2026-09-27T02:13:59.044+0000] {processor.py:809} INFO - DAG(s) dict_keys(['tutorial_taskflow_api_virtualenv']) retrieved from /home/airflow/.local/lib/python3.7/site-packages/airflow/example_dags/tutorial_taskflow_api_virtualenv.py
[2026-09-27T02:13:59.089+0000] {logging_mixin.py:149} INFO - [2026-09-27T02:13:59.088+0000] {dag.py:2726} INFO - Sync 1 DAGs
[2026-09-27T02:13:59.132+0000] {logging_mixin.py:149} INFO - [2026-09-27T02:13:59.132+0000] {dag.py:3490} INFO - Setting next_dagrun for tutorial_taskflow_api_virtualenv to None, run_after=None
[2026-09-27T02:13:59.159+0000] {processor.py:178} INFO - Processing /home/airflow/.local/lib/python3.7/site-packages/airflow/example_dags/tutorial_taskflow_api_virtualenv.py took 0.143 seconds
[2026-09-27T02:14:30.054+0000] {processor.py:156} INFO - Started process (PID=932) to work on /home/airflow/.local/lib/python3.7/site-packages/airflow/example_dags/tutorial_taskflow_api_virtualenv.py
[2026-09-27T02:14:30.055+0000] {processor.py:799} INFO - Processing file /home/airflow/.local/lib/python3.7/site-packages/airflow/example_dags/tutorial_taskflow_api_virtualenv.py for tasks to queue
[2026-09-27T02:14:30.057+0000] {logging_mixin.py:149} INFO - [2026-09-27T02:14:30.057+0000] {dagbag.py:541} INFO - Filling up the DagBag from /home/airflow/.local/lib/python3.7/site-packages/airflow/example_dags/tutorial_taskflow_api_virtualenv.py
[2026-09-27T02:14:30.070+0000] {processor.py:809} INFO - DAG(s) dict_keys(['tutorial_taskflow_api_virtualenv']) retrieved from /home/airflow/.local/lib/python3.7/site-packages/airflow/example_dags/tutorial_taskflow_api_virtualenv.py
[2026-09-27T02:14:30.119+0000] {logging_mixin.py:149} INFO - [2026-09-27T02:14:30.118+0000] {dag.py:2726} INFO - Sync 1 DAGs
[2026-09-27T02:14:30.166+0000] {logging_mixin.py:149} INFO - [2026-09-27T02:14:30.166+0000] {dag.py:3490} INFO - Setting next_dagrun for tutorial_taskflow_api_virtualenv to None, run_after=None
[2026-09-27T02:14:30.202+0000] {processor.py:178} INFO - Processing /home/airflow/.local/lib/python3.7/site-packages/airflow/example_dags/tutorial_taskflow_api_virtualenv.py took 0.155 seconds
[2026-09-27T02:15:00.426+0000] {processor.py:156} INFO - Started process (PID=988) to work on /home/airflow/.local/lib/python3.7/site-packages/airflow/example_dags/tutorial_taskflow_api_virtualenv.py
[2026-09-27T02:15:00.428+0000] {processor.py:799} INFO - Processing file /home/airflow/.local/lib/python3.7/site-packages/airflow/example_dags/tutorial_taskflow_api_virtualenv.py for tasks to queue
[2026-09-27T02:15:00.429+0000] {logging_mixin.py:149} INFO - [2026-09-27T02:15:00.429+0000] {dagbag.py:541} INFO - Filling up the DagBag from /home/airflow/.local/lib/python3.7/site-packages/airflow/example_dags/tutorial_taskflow_api_virtualenv.py
[2026-09-27T02:15:00.441+0000] {processor.py:809} INFO - DAG(s) dict_keys(['tutorial_taskflow_api_virtualenv']) retrieved from /home/airflow/.local/lib/python3.7/site-packages/airflow/example_dags/tutorial_taskflow_api_virtualenv.py
[2026-09-27T02:15:00.487+0000] {logging_mixin.py:149} INFO - [2026-09-27T02:15:00.487+0000] {dag.py:2726} INFO - Sync 1 DAGs
[2026-09-27T02:15:00.536+0000] {logging_mixin.py:149} INFO - [2026-09-27T02:15:00.536+0000] {dag.py:3490} INFO - Setting next_dagrun for tutorial_taskflow_api_virtualenv to None, run_after=None
[2026-09-27T02:15:00.566+0000] {processor.py:178} INFO - Processing /home/airflow/.local/lib/python3.7/site-packages/airflow/example_dags/tutorial_taskflow_api_virtualenv.py took 0.147 seconds
[2026-09-27T02:15:31.795+0000] {processor.py:156} INFO - Started process (PID=1044) to work on /home/airflow/.local/lib/python3.7/site-packages/airflow/example_dags/tutorial_taskflow_api_virtualenv.py
[2026-09-27T02:15:31.798+0000] {processor.py:799} INFO - Processing file /home/airflow/.local/lib/python3.7/site-packages/airflow/example_dags/tutorial_taskflow_api_virtualenv.py for tasks to queue
[2026-09-27T02:15:31.799+0000] {logging_mixin.py:149} INFO - [2026-09-27T02:15:31.799+0000] {dagbag.py:541} INFO - Filling up the DagBag from /home/airflow/.local/lib/python3.7/site-packages/airflow/example_dags/tutorial_taskflow_api_virtualenv.py
[2026-09-27T02:15:31.813+0000] {processor.py:809} INFO - DAG(s) dict_keys(['tutorial_taskflow_api_virtualenv']) retrieved from /home/airflow/.local/lib/python3.7/site-packages/airflow/example_dags/tutorial_taskflow_api_virtualenv.py
[2026-09-27T02:15:31.871+0000] {logging_mixin.py:149} INFO - [2026-09-27T02:15:31.871+0000] {dag.py:2726} INFO - Sync 1 DAGs
[2026-09-27T02:15:31.924+0000] {logging_mixin.py:149} INFO - [2026-09-27T02:15:31.924+0000] {dag.py:3490} INFO - Setting next_dagrun for tutorial_taskflow_api_virtualenv to None, run_after=None
[2026-09-27T02:15:31.952+0000] {processor.py:178} INFO - Processing /home/airflow/.local/lib/python3.7/site-packages/airflow/example_dags/tutorial_taskflow_api_virtualenv.py took 0.164 seconds
[2026-09-27T02:16:02.935+0000] {processor.py:156} INFO - Started process (PID=1100) to work on /home/airflow/.local/lib/python3.7/site-packages/airflow/example_dags/tutorial_taskflow_api_virtualenv.py
[2026-09-27T02:16:02.937+0000] {processor.py:799} INFO - Processing file /home/airflow/.local/lib/python3.7/site-packages/airflow/example_dags/tutorial_taskflow_api_virtualenv.py for tasks to queue
[2026-09-27T02:16:02.938+0000] {logging_mixin.py:149} INFO - [2026-09-27T02:16:02.938+0000] {dagbag.py:541} INFO - Filling up the DagBag from /home/airflow/.local/lib/python3.7/site-packages/airflow/example_dags/tutorial_taskflow_api_virtualenv.py
[2026-09-27T02:16:02.949+0000] {processor.py:809} INFO - DAG(s) dict_keys(['tutorial_taskflow_api_virtualenv']) retrieved from /home/airflow/.local/lib/python3.7/site-packages/airflow/example_dags/tutorial_taskflow_api_virtualenv.py
[2026-09-27T02:16:02.989+0000] {logging_mixin.py:149} INFO - [2026-09-27T02:16:02.988+0000] {dag.py:2726} INFO - Sync 1 DAGs
[2026-09-27T02:16:03.034+0000] {logging_mixin.py:149} INFO - [2026-09-27T02:16:03.034+0000] {dag.py:3490} INFO - Setting next_dagrun for tutorial_taskflow_api_virtualenv to None, run_after=None
[2026-09-27T02:16:03.065+0000] {processor.py:178} INFO - Processing /home/airflow/.local/lib/python3.7/site-packages/airflow/example_dags/tutorial_taskflow_api_virtualenv.py took 0.136 seconds
[2026-09-27T02:16:34.717+0000] {processor.py:156} INFO - Started process (PID=1156) to work on /home/airflow/.local/lib/python3.7/site-packages/airflow/example_dags/tutorial_taskflow_api_virtualenv.py
[2026-09-27T02:16:34.723+0000] {processor.py:799} INFO - Processing file /home/airflow/.local/lib/python3.7/site-packages/airflow/example_dags/tutorial_taskflow_api_virtualenv.py for tasks to queue
[2026-09-27T02:16:34.724+0000] {logging_mixin.py:149} INFO - [2026-09-27T02:16:34.724+0000] {dagbag.py:541} INFO - Filling up the DagBag from /home/airflow/.local/lib/python3.7/site-packages/airflow/example_dags/tutorial_taskflow_api_virtualenv.py
[2026-09-27T02:16:34.738+0000] {processor.py:809} INFO - DAG(s) dict_keys(['tutorial_taskflow_api_virtualenv']) retrieved from /home/airflow/.local/lib/python3.7/site-packages/airflow/example_dags/tutorial_taskflow_api_virtualenv.py
[2026-09-27T02:16:34.786+0000] {logging_mixin.py:149} INFO - [2026-09-27T02:16:34.785+0000] {dag.py:2726} INFO - Sync 1 DAGs
[2026-09-27T02:16:34.835+0000] {logging_mixin.py:149} INFO - [2026-09-27T02:16:34.835+0000] {dag.py:3490} INFO - Setting next_dagrun for tutorial_taskflow_api_virtualenv to None, run_after=None
[2026-09-27T02:16:34.865+0000] {processor.py:178} INFO - Processing /home/airflow/.local/lib/python3.7/site-packages/airflow/example_dags/tutorial_taskflow_api_virtualenv.py took 0.157 seconds
[2026-09-27T02:17:05.487+0000] {processor.py:156} INFO - Started process (PID=1212) to work on /home/airflow/.local/lib/python3.7/site-packages/airflow/example_dags/tutorial_taskflow_api_virtualenv.py
[2026-09-27T02:17:05.490+0000] {processor.py:799} INFO - Processing file /home/airflow/.local/lib/python3.7/site-packages/airflow/example_dags/tutorial_taskflow_api_virtualenv.py for tasks to queue
[2026-09-27T02:17:05.491+0000] {logging_mixin.py:149} INFO - [2026-09-27T02:17:05.491+0000] {dagbag.py:541} INFO - Filling up the DagBag from /home/airflow/.local/lib/python3.7/site-packages/airflow/example_dags/tutorial_taskflow_api_virtualenv.py
[2026-09-27T02:17:05.502+0000] {processor.py:809} INFO - DAG(s) dict_keys(['tutorial_taskflow_api_virtualenv']) retrieved from /home/airflow/.local/lib/python3.7/site-packages/airflow/example_dags/tutorial_taskflow_api_virtualenv.py
[2026-09-27T02:17:05.550+0000] {logging_mixin.py:149} INFO - [2026-09-27T02:17:05.549+0000] {dag.py:2726} INFO - Sync 1 DAGs
[2026-09-27T02:17:05.599+0000] {logging_mixin.py:149} INFO - [2026-09-27T02:17:05.599+0000] {dag.py:3490} INFO - Setting next_dagrun for tutorial_taskflow_api_virtualenv to None, run_after=None
[2026-09-27T02:17:05.632+0000] {processor.py:178} INFO - Processing /home/airflow/.local/lib/python3.7/site-packages/airflow/example_dags/tutorial_taskflow_api_virtualenv.py took 0.151 seconds
[2026-09-27T02:17:36.384+0000] {processor.py:156} INFO - Started process (PID=1269) to work on /home/airflow/.local/lib/python3.7/site-packages/airflow/example_dags/tutorial_taskflow_api_virtualenv.py
[2026-09-27T02:17:36.388+0000] {processor.py:799} INFO - Processing file /home/airflow/.local/lib/python3.7/site-packages/airflow/example_dags/tutorial_taskflow_api_virtualenv.py for tasks to queue
[2026-09-27T02:17:36.389+0000] {logging_mixin.py:149} INFO - [2026-09-27T02:17:36.389+0000] {dagbag.py:541} INFO - Filling up the DagBag from /home/airflow/.local/lib/python3.7/site-packages/airflow/example_dags/tutorial_taskflow_api_virtualenv.py
[2026-09-27T02:17:36.401+0000] {processor.py:809} INFO - DAG(s) dict_keys(['tutorial_taskflow_api_virtualenv']) retrieved from /home/airflow/.local/lib/python3.7/site-packages/airflow/example_dags/tutorial_taskflow_api_virtualenv.py
[2026-09-27T02:17:36.452+0000] {logging_mixin.py:149} INFO - [2026-09-27T02:17:36.452+0000] {dag.py:2726} INFO - Sync 1 DAGs
[2026-09-27T02:17:36.495+0000] {logging_mixin.py:149} INFO - [2026-09-27T02:17:36.494+0000] {dag.py:3490} INFO - Setting next_dagrun for tutorial_taskflow_api_virtualenv to None, run_after=None
[2026-09-27T02:17:36.525+0000] {processor.py:178} INFO - Processing /home/airflow/.local/lib/python3.7/site-packages/airflow/example_dags/tutorial_taskflow_api_virtualenv.py took 0.148 seconds
[2026-09-27T02:18:07.730+0000] {processor.py:156} INFO - Started process (PID=1325) to work on /home/airflow/.local/lib/python3.7/site-packages/airflow/example_dags/tutorial_taskflow_api_virtualenv.py
[2026-09-27T02:18:07.741+0000] {processor.py:799} INFO - Processing file /home/airflow/.local/lib/python3.7/site-packages/airflow/example_dags/tutorial_taskflow_api_virtualenv.py for tasks to queue
[2026-09-27T02:18:07.742+0000] {logging_mixin.py:149} INFO - [2026-09-27T02:18:07.742+0000] {dagbag.py:541} INFO - Filling up the DagBag from /home/airflow/.local/lib/python3.7/site-packages/airflow/example_dags/tutorial_taskflow_api_virtualenv.py
[2026-09-27T02:18:07.757+0000] {processor.py:809} INFO - DAG(s) dict_keys(['tutorial_taskflow_api_virtualenv']) retrieved from /home/airflow/.local/lib/python3.7/site-packages/airflow/example_dags/tutorial_taskflow_api_virtualenv.py
[2026-09-27T02:18:07.815+0000] {logging_mixin.py:149} INFO - [2026-09-27T02:18:07.814+0000] {dag.py:2726} INFO - Sync 1 DAGs
[2026-09-27T02:18:07.870+0000] {logging_mixin.py:149} INFO - [2026-09-27T02:18:07.870+0000] {dag.py:3490} INFO - Setting next_dagrun for tutorial_taskflow_api_virtualenv to None, run_after=None
[2026-09-27T02:18:07.908+0000] {processor.py:178} INFO - Processing /home/airflow/.local/lib/python3.7/site-packages/airflow/example_dags/tutorial_taskflow_api_virtualenv.py took 0.185 seconds
[2026-09-27T02:18:38.645+0000] {processor.py:156} INFO - Started process (PID=1382) to work on /home/airflow/.local/lib/python3.7/site-packages/airflow/example_dags/tutorial_taskflow_api_virtualenv.py
[2026-09-27T02:18:38.673+0000] {processor.py:799} INFO - Processing file /home/airflow/.local/lib/python3.7/site-packages/airflow/example_dags/tutorial_taskflow_api_virtualenv.py for tasks to queue
[2026-09-27T02:18:38.676+0000] {logging_mixin.py:149} INFO - [2026-09-27T02:18:38.675+0000] {dagbag.py:541} INFO - Filling up the DagBag from /home/airflow/.local/lib/python3.7/site-packages/airflow/example_dags/tutorial_taskflow_api_virtualenv.py
[2026-09-27T02:18:38.691+0000] {processor.py:809} INFO - DAG(s) dict_keys(['tutorial_taskflow_api_virtualenv']) retrieved from /home/airflow/.local/lib/python3.7/site-packages/airflow/example_dags/tutorial_taskflow_api_virtualenv.py
[2026-09-27T02:18:38.737+0000] {logging_mixin.py:149} INFO - [2026-09-27T02:18:38.736+0000] {dag.py:2726} INFO - Sync 1 DAGs
[2026-09-27T02:18:38.779+0000] {logging_mixin.py:149} INFO - [2026-09-27T02:18:38.779+0000] {dag.py:3490} INFO - Setting next_dagrun for tutorial_taskflow_api_virtualenv to None, run_after=None
[2026-09-27T02:18:38.808+0000] {processor.py:178} INFO - Processing /home/airflow/.local/lib/python3.7/site-packages/airflow/example_dags/tutorial_taskflow_api_virtualenv.py took 0.170 seconds
[2026-09-27T02:19:10.122+0000] {processor.py:156} INFO - Started process (PID=1445) to work on /home/airflow/.local/lib/python3.7/site-packages/airflow/example_dags/tutorial_taskflow_api_virtualenv.py
[2026-09-27T02:19:10.124+0000] {processor.py:799} INFO - Processing file /home/airflow/.local/lib/python3.7/site-packages/airflow/example_dags/tutorial_taskflow_api_virtualenv.py for tasks to queue
[2026-09-27T02:19:10.125+0000] {logging_mixin.py:149} INFO - [2026-09-27T02:19:10.124+0000] {dagbag.py:541} INFO - Filling up the DagBag from /home/airflow/.local/lib/python3.7/site-packages/airflow/example_dags/tutorial_taskflow_api_virtualenv.py
[2026-09-27T02:19:10.137+0000] {processor.py:809} INFO - DAG(s) dict_keys(['tutorial_taskflow_api_virtualenv']) retrieved from /home/airflow/.local/lib/python3.7/site-packages/airflow/example_dags/tutorial_taskflow_api_virtualenv.py
[2026-09-27T02:19:10.184+0000] {logging_mixin.py:149} INFO - [2026-09-27T02:19:10.184+0000] {dag.py:2726} INFO - Sync 1 DAGs
[2026-09-27T02:19:10.234+0000] {logging_mixin.py:149} INFO - [2026-09-27T02:19:10.233+0000] {dag.py:3490} INFO - Setting next_dagrun for tutorial_taskflow_api_virtualenv to None, run_after=None
[2026-09-27T02:19:10.266+0000] {processor.py:178} INFO - Processing /home/airflow/.local/lib/python3.7/site-packages/airflow/example_dags/tutorial_taskflow_api_virtualenv.py took 0.150 seconds
[2026-09-27T02:19:41.439+0000] {processor.py:156} INFO - Started process (PID=1502) to work on /home/airflow/.local/lib/python3.7/site-packages/airflow/example_dags/tutorial_taskflow_api_virtualenv.py
[2026-09-27T02:19:41.443+0000] {processor.py:799} INFO - Processing file /home/airflow/.local/lib/python3.7/site-packages/airflow/example_dags/tutorial_taskflow_api_virtualenv.py for tasks to queue
[2026-09-27T02:19:41.444+0000] {logging_mixin.py:149} INFO - [2026-09-27T02:19:41.444+0000] {dagbag.py:541} INFO - Filling up the DagBag from /home/airflow/.local/lib/python3.7/site-packages/airflow/example_dags/tutorial_taskflow_api_virtualenv.py
[2026-09-27T02:19:41.458+0000] {processor.py:809} INFO - DAG(s) dict_keys(['tutorial_taskflow_api_virtualenv']) retrieved from /home/airflow/.local/lib/python3.7/site-packages/airflow/example_dags/tutorial_taskflow_api_virtualenv.py
[2026-09-27T02:19:41.504+0000] {logging_mixin.py:149} INFO - [2026-09-27T02:19:41.504+0000] {dag.py:2726} INFO - Sync 1 DAGs
[2026-09-27T02:19:41.553+0000] {logging_mixin.py:149} INFO - [2026-09-27T02:19:41.553+0000] {dag.py:3490} INFO - Setting next_dagrun for tutorial_taskflow_api_virtualenv to None, run_after=None
[2026-09-27T02:19:41.585+0000] {processor.py:178} INFO - Processing /home/airflow/.local/lib/python3.7/site-packages/airflow/example_dags/tutorial_taskflow_api_virtualenv.py took 0.153 seconds
[2026-09-27T02:20:13.274+0000] {processor.py:156} INFO - Started process (PID=1557) to work on /home/airflow/.local/lib/python3.7/site-packages/airflow/example_dags/tutorial_taskflow_api_virtualenv.py
[2026-09-27T02:20:13.275+0000] {processor.py:799} INFO - Processing file /home/airflow/.local/lib/python3.7/site-packages/airflow/example_dags/tutorial_taskflow_api_virtualenv.py for tasks to queue
[2026-09-27T02:20:13.276+0000] {logging_mixin.py:149} INFO - [2026-09-27T02:20:13.276+0000] {dagbag.py:541} INFO - Filling up the DagBag from /home/airflow/.local/lib/python3.7/site-packages/airflow/example_dags/tutorial_taskflow_api_virtualenv.py
[2026-09-27T02:20:13.289+0000] {processor.py:809} INFO - DAG(s) dict_keys(['tutorial_taskflow_api_virtualenv']) retrieved from /home/airflow/.local/lib/python3.7/site-packages/airflow/example_dags/tutorial_taskflow_api_virtualenv.py
[2026-09-27T02:20:13.332+0000] {logging_mixin.py:149} INFO - [2026-09-27T02:20:13.332+0000] {dag.py:2726} INFO - Sync 1 DAGs
[2026-09-27T02:20:13.375+0000] {logging_mixin.py:149} INFO - [2026-09-27T02:20:13.374+0000] {dag.py:3490} INFO - Setting next_dagrun for tutorial_taskflow_api_virtualenv to None, run_after=None
[2026-09-27T02:20:13.406+0000] {processor.py:178} INFO - Processing /home/airflow/.local/lib/python3.7/site-packages/airflow/example_dags/tutorial_taskflow_api_virtualenv.py took 0.139 seconds
[2026-09-27T02:20:44.105+0000] {processor.py:156} INFO - Started process (PID=1613) to work on /home/airflow/.local/lib/python3.7/site-packages/airflow/example_dags/tutorial_taskflow_api_virtualenv.py
[2026-09-27T02:20:44.107+0000] {processor.py:799} INFO - Processing file /home/airflow/.local/lib/python3.7/site-packages/airflow/example_dags/tutorial_taskflow_api_virtualenv.py for tasks to queue
[2026-09-27T02:20:44.108+0000] {logging_mixin.py:149} INFO - [2026-09-27T02:20:44.108+0000] {dagbag.py:541} INFO - Filling up the DagBag from /home/airflow/.local/lib/python3.7/site-packages/airflow/example_dags/tutorial_taskflow_api_virtualenv.py
[2026-09-27T02:20:44.127+0000] {processor.py:809} INFO - DAG(s) dict_keys(['tutorial_taskflow_api_virtualenv']) retrieved from /home/airflow/.local/lib/python3.7/site-packages/airflow/example_dags/tutorial_taskflow_api_virtualenv.py
[2026-09-27T02:20:44.180+0000] {logging_mixin.py:149} INFO - [2026-09-27T02:20:44.180+0000] {dag.py:2726} INFO - Sync 1 DAGs
[2026-09-27T02:20:44.232+0000] {logging_mixin.py:149} INFO - [2026-09-27T02:20:44.232+0000] {dag.py:3490} INFO - Setting next_dagrun for tutorial_taskflow_api_virtualenv to None, run_after=None
[2026-09-27T02:20:44.274+0000] {processor.py:178} INFO - Processing /home/airflow/.local/lib/python3.7/site-packages/airflow/example_dags/tutorial_taskflow_api_virtualenv.py took 0.180 seconds
[2026-09-27T02:21:15.641+0000] {processor.py:156} INFO - Started process (PID=1670) to work on /home/airflow/.local/lib/python3.7/site-packages/airflow/example_dags/tutorial_taskflow_api_virtualenv.py
[2026-09-27T02:21:15.644+0000] {processor.py:799} INFO - Processing file /home/airflow/.local/lib/python3.7/site-packages/airflow/example_dags/tutorial_taskflow_api_virtualenv.py for tasks to queue
[2026-09-27T02:21:15.645+0000] {logging_mixin.py:149} INFO - [2026-09-27T02:21:15.645+0000] {dagbag.py:541} INFO - Filling up the DagBag from /home/airflow/.local/lib/python3.7/site-packages/airflow/example_dags/tutorial_taskflow_api_virtualenv.py
[2026-09-27T02:21:15.655+0000] {processor.py:809} INFO - DAG(s) dict_keys(['tutorial_taskflow_api_virtualenv']) retrieved from /home/airflow/.local/lib/python3.7/site-packages/airflow/example_dags/tutorial_taskflow_api_virtualenv.py
[2026-09-27T02:21:15.699+0000] {logging_mixin.py:149} INFO - [2026-09-27T02:21:15.699+0000] {dag.py:2726} INFO - Sync 1 DAGs
[2026-09-27T02:21:15.747+0000] {logging_mixin.py:149} INFO - [2026-09-27T02:21:15.746+0000] {dag.py:3490} INFO - Setting next_dagrun for tutorial_taskflow_api_virtualenv to None, run_after=None
[2026-09-27T02:21:15.781+0000] {processor.py:178} INFO - Processing /home/airflow/.local/lib/python3.7/site-packages/airflow/example_dags/tutorial_taskflow_api_virtualenv.py took 0.146 seconds
[2026-09-27T02:21:46.948+0000] {processor.py:156} INFO - Started process (PID=1726) to work on /home/airflow/.local/lib/python3.7/site-packages/airflow/example_dags/tutorial_taskflow_api_virtualenv.py
[2026-09-27T02:21:46.949+0000] {processor.py:799} INFO - Processing file /home/airflow/.local/lib/python3.7/site-packages/airflow/example_dags/tutorial_taskflow_api_virtualenv.py for tasks to queue
[2026-09-27T02:21:46.950+0000] {logging_mixin.py:149} INFO - [2026-09-27T02:21:46.950+0000] {dagbag.py:541} INFO - Filling up the DagBag from /home/airflow/.local/lib/python3.7/site-packages/airflow/example_dags/tutorial_taskflow_api_virtualenv.py
[2026-09-27T02:21:46.963+0000] {processor.py:809} INFO - DAG(s) dict_keys(['tutorial_taskflow_api_virtualenv']) retrieved from /home/airflow/.local/lib/python3.7/site-packages/airflow/example_dags/tutorial_taskflow_api_virtualenv.py
[2026-09-27T02:21:47.010+0000] {logging_mixin.py:149} INFO - [2026-09-27T02:21:47.010+0000] {dag.py:2726} INFO - Sync 1 DAGs
[2026-09-27T02:21:47.055+0000] {logging_mixin.py:149} INFO - [2026-09-27T02:21:47.055+0000] {dag.py:3490} INFO - Setting next_dagrun for tutorial_taskflow_api_virtualenv to None, run_after=None
[2026-09-27T02:21:47.084+0000] {processor.py:178} INFO - Processing /home/airflow/.local/lib/python3.7/site-packages/airflow/example_dags/tutorial_taskflow_api_virtualenv.py took 0.143 seconds
[2026-09-27T02:22:18.191+0000] {processor.py:156} INFO - Started process (PID=1781) to work on /home/airflow/.local/lib/python3.7/site-packages/airflow/example_dags/tutorial_taskflow_api_virtualenv.py
[2026-09-27T02:22:18.195+0000] {processor.py:799} INFO - Processing file /home/airflow/.local/lib/python3.7/site-packages/airflow/example_dags/tutorial_taskflow_api_virtualenv.py for tasks to queue
[2026-09-27T02:22:18.196+0000] {logging_mixin.py:149} INFO - [2026-09-27T02:22:18.195+0000] {dagbag.py:541} INFO - Filling up the DagBag from /home/airflow/.local/lib/python3.7/site-packages/airflow/example_dags/tutorial_taskflow_api_virtualenv.py
[2026-09-27T02:22:18.208+0000] {processor.py:809} INFO - DAG(s) dict_keys(['tutorial_taskflow_api_virtualenv']) retrieved from /home/airflow/.local/lib/python3.7/site-packages/airflow/example_dags/tutorial_taskflow_api_virtualenv.py
[2026-09-27T02:22:18.252+0000] {logging_mixin.py:149} INFO - [2026-09-27T02:22:18.252+0000] {dag.py:2726} INFO - Sync 1 DAGs
[2026-09-27T02:22:18.303+0000] {logging_mixin.py:149} INFO - [2026-09-27T02:22:18.302+0000] {dag.py:3490} INFO - Setting next_dagrun for tutorial_taskflow_api_virtualenv to None, run_after=None
[2026-09-27T02:22:18.329+0000] {processor.py:178} INFO - Processing /home/airflow/.local/lib/python3.7/site-packages/airflow/example_dags/tutorial_taskflow_api_virtualenv.py took 0.149 seconds
[2026-09-27T02:22:49.644+0000] {processor.py:156} INFO - Started process (PID=1837) to work on /home/airflow/.local/lib/python3.7/site-packages/airflow/example_dags/tutorial_taskflow_api_virtualenv.py
[2026-09-27T02:22:49.645+0000] {processor.py:799} INFO - Processing file /home/airflow/.local/lib/python3.7/site-packages/airflow/example_dags/tutorial_taskflow_api_virtualenv.py for tasks to queue
[2026-09-27T02:22:49.646+0000] {logging_mixin.py:149} INFO - [2026-09-27T02:22:49.646+0000] {dagbag.py:541} INFO - Filling up the DagBag from /home/airflow/.local/lib/python3.7/site-packages/airflow/example_dags/tutorial_taskflow_api_virtualenv.py
[2026-09-27T02:22:49.659+0000] {processor.py:809} INFO - DAG(s) dict_keys(['tutorial_taskflow_api_virtualenv']) retrieved from /home/airflow/.local/lib/python3.7/site-packages/airflow/example_dags/tutorial_taskflow_api_virtualenv.py
[2026-09-27T02:22:49.701+0000] {logging_mixin.py:149} INFO - [2026-09-27T02:22:49.701+0000] {dag.py:2726} INFO - Sync 1 DAGs
[2026-09-27T02:22:49.748+0000] {logging_mixin.py:149} INFO - [2026-09-27T02:22:49.748+0000] {dag.py:3490} INFO - Setting next_dagrun for tutorial_taskflow_api_virtualenv to None, run_after=None
[2026-09-27T02:22:49.782+0000] {processor.py:178} INFO - Processing /home/airflow/.local/lib/python3.7/site-packages/airflow/example_dags/tutorial_taskflow_api_virtualenv.py took 0.147 seconds
[2026-09-27T02:23:20.878+0000] {processor.py:156} INFO - Started process (PID=1893) to work on /home/airflow/.local/lib/python3.7/site-packages/airflow/example_dags/tutorial_taskflow_api_virtualenv.py
[2026-09-27T02:23:20.880+0000] {processor.py:799} INFO - Processing file /home/airflow/.local/lib/python3.7/site-packages/airflow/example_dags/tutorial_taskflow_api_virtualenv.py for tasks to queue
[2026-09-27T02:23:20.881+0000] {logging_mixin.py:149} INFO - [2026-09-27T02:23:20.881+0000] {dagbag.py:541} INFO - Filling up the DagBag from /home/airflow/.local/lib/python3.7/site-packages/airflow/example_dags/tutorial_taskflow_api_virtualenv.py
[2026-09-27T02:23:20.895+0000] {processor.py:809} INFO - DAG(s) dict_keys(['tutorial_taskflow_api_virtualenv']) retrieved from /home/airflow/.local/lib/python3.7/site-packages/airflow/example_dags/tutorial_taskflow_api_virtualenv.py
[2026-09-27T02:23:20.940+0000] {logging_mixin.py:149} INFO - [2026-09-27T02:23:20.940+0000] {dag.py:2726} INFO - Sync 1 DAGs
[2026-09-27T02:23:20.986+0000] {logging_mixin.py:149} INFO - [2026-09-27T02:23:20.986+0000] {dag.py:3490} INFO - Setting next_dagrun for tutorial_taskflow_api_virtualenv to None, run_after=None
[2026-09-27T02:23:21.020+0000] {processor.py:178} INFO - Processing /home/airflow/.local/lib/python3.7/site-packages/airflow/example_dags/tutorial_taskflow_api_virtualenv.py took 0.149 seconds
[2026-09-27T02:23:52.878+0000] {processor.py:156} INFO - Started process (PID=1953) to work on /home/airflow/.local/lib/python3.7/site-packages/airflow/example_dags/tutorial_taskflow_api_virtualenv.py
[2026-09-27T02:23:52.879+0000] {processor.py:799} INFO - Processing file /home/airflow/.local/lib/python3.7/site-packages/airflow/example_dags/tutorial_taskflow_api_virtualenv.py for tasks to queue
[2026-09-27T02:23:52.881+0000] {logging_mixin.py:149} INFO - [2026-09-27T02:23:52.880+0000] {dagbag.py:541} INFO - Filling up the DagBag from /home/airflow/.local/lib/python3.7/site-packages/airflow/example_dags/tutorial_taskflow_api_virtualenv.py
[2026-09-27T02:23:52.892+0000] {processor.py:809} INFO - DAG(s) dict_keys(['tutorial_taskflow_api_virtualenv']) retrieved from /home/airflow/.local/lib/python3.7/site-packages/airflow/example_dags/tutorial_taskflow_api_virtualenv.py
[2026-09-27T02:23:52.934+0000] {logging_mixin.py:149} INFO - [2026-09-27T02:23:52.933+0000] {dag.py:2726} INFO - Sync 1 DAGs
[2026-09-27T02:23:52.979+0000] {logging_mixin.py:149} INFO - [2026-09-27T02:23:52.978+0000] {dag.py:3490} INFO - Setting next_dagrun for tutorial_taskflow_api_virtualenv to None, run_after=None
[2026-09-27T02:23:53.010+0000] {processor.py:178} INFO - Processing /home/airflow/.local/lib/python3.7/site-packages/airflow/example_dags/tutorial_taskflow_api_virtualenv.py took 0.138 seconds
[2026-09-27T02:24:24.183+0000] {processor.py:156} INFO - Started process (PID=2011) to work on /home/airflow/.local/lib/python3.7/site-packages/airflow/example_dags/tutorial_taskflow_api_virtualenv.py
[2026-09-27T02:24:24.185+0000] {processor.py:799} INFO - Processing file /home/airflow/.local/lib/python3.7/site-packages/airflow/example_dags/tutorial_taskflow_api_virtualenv.py for tasks to queue
[2026-09-27T02:24:24.186+0000] {logging_mixin.py:149} INFO - [2026-09-27T02:24:24.186+0000] {dagbag.py:541} INFO - Filling up the DagBag from /home/airflow/.local/lib/python3.7/site-packages/airflow/example_dags/tutorial_taskflow_api_virtualenv.py
[2026-09-27T02:24:24.199+0000] {processor.py:809} INFO - DAG(s) dict_keys(['tutorial_taskflow_api_virtualenv']) retrieved from /home/airflow/.local/lib/python3.7/site-packages/airflow/example_dags/tutorial_taskflow_api_virtualenv.py
[2026-09-27T02:24:24.245+0000] {logging_mixin.py:149} INFO - [2026-09-27T02:24:24.245+0000] {dag.py:2726} INFO - Sync 1 DAGs
[2026-09-27T02:24:24.302+0000] {logging_mixin.py:149} INFO - [2026-09-27T02:24:24.302+0000] {dag.py:3490} INFO - Setting next_dagrun for tutorial_taskflow_api_virtualenv to None, run_after=None
[2026-09-27T02:24:24.330+0000] {processor.py:178} INFO - Processing /home/airflow/.local/lib/python3.7/site-packages/airflow/example_dags/tutorial_taskflow_api_virtualenv.py took 0.153 seconds
[2026-09-27T02:24:55.620+0000] {processor.py:156} INFO - Started process (PID=2067) to work on /home/airflow/.local/lib/python3.7/site-packages/airflow/example_dags/tutorial_taskflow_api_virtualenv.py
[2026-09-27T02:24:55.623+0000] {processor.py:799} INFO - Processing file /home/airflow/.local/lib/python3.7/site-packages/airflow/example_dags/tutorial_taskflow_api_virtualenv.py for tasks to queue
[2026-09-27T02:24:55.624+0000] {logging_mixin.py:149} INFO - [2026-09-27T02:24:55.624+0000] {dagbag.py:541} INFO - Filling up the DagBag from /home/airflow/.local/lib/python3.7/site-packages/airflow/example_dags/tutorial_taskflow_api_virtualenv.py
[2026-09-27T02:24:55.634+0000] {processor.py:809} INFO - DAG(s) dict_keys(['tutorial_taskflow_api_virtualenv']) retrieved from /home/airflow/.local/lib/python3.7/site-packages/airflow/example_dags/tutorial_taskflow_api_virtualenv.py
[2026-09-27T02:24:55.675+0000] {logging_mixin.py:149} INFO - [2026-09-27T02:24:55.675+0000] {dag.py:2726} INFO - Sync 1 DAGs
[2026-09-27T02:24:55.719+0000] {logging_mixin.py:149} INFO - [2026-09-27T02:24:55.719+0000] {dag.py:3490} INFO - Setting next_dagrun for tutorial_taskflow_api_virtualenv to None, run_after=None
[2026-09-27T02:24:55.748+0000] {processor.py:178} INFO - Processing /home/airflow/.local/lib/python3.7/site-packages/airflow/example_dags/tutorial_taskflow_api_virtualenv.py took 0.133 seconds
[2026-09-27T02:25:26.597+0000] {processor.py:156} INFO - Started process (PID=2123) to work on /home/airflow/.local/lib/python3.7/site-packages/airflow/example_dags/tutorial_taskflow_api_virtualenv.py
[2026-09-27T02:25:26.599+0000] {processor.py:799} INFO - Processing file /home/airflow/.local/lib/python3.7/site-packages/airflow/example_dags/tutorial_taskflow_api_virtualenv.py for tasks to queue
[2026-09-27T02:25:26.600+0000] {logging_mixin.py:149} INFO - [2026-09-27T02:25:26.599+0000] {dagbag.py:541} INFO - Filling up the DagBag from /home/airflow/.local/lib/python3.7/site-packages/airflow/example_dags/tutorial_taskflow_api_virtualenv.py
[2026-09-27T02:25:26.610+0000] {processor.py:809} INFO - DAG(s) dict_keys(['tutorial_taskflow_api_virtualenv']) retrieved from /home/airflow/.local/lib/python3.7/site-packages/airflow/example_dags/tutorial_taskflow_api_virtualenv.py
[2026-09-27T02:25:26.658+0000] {logging_mixin.py:149} INFO - [2026-09-27T02:25:26.657+0000] {dag.py:2726} INFO - Sync 1 DAGs
[2026-09-27T02:25:26.703+0000] {logging_mixin.py:149} INFO - [2026-09-27T02:25:26.703+0000] {dag.py:3490} INFO - Setting next_dagrun for tutorial_taskflow_api_virtualenv to None, run_after=None
[2026-09-27T02:25:26.734+0000] {processor.py:178} INFO - Processing /home/airflow/.local/lib/python3.7/site-packages/airflow/example_dags/tutorial_taskflow_api_virtualenv.py took 0.145 seconds
[2026-09-27T02:25:57.733+0000] {processor.py:156} INFO - Started process (PID=2181) to work on /home/airflow/.local/lib/python3.7/site-packages/airflow/example_dags/tutorial_taskflow_api_virtualenv.py
[2026-09-27T02:25:57.735+0000] {processor.py:799} INFO - Processing file /home/airflow/.local/lib/python3.7/site-packages/airflow/example_dags/tutorial_taskflow_api_virtualenv.py for tasks to queue
[2026-09-27T02:25:57.737+0000] {logging_mixin.py:149} INFO - [2026-09-27T02:25:57.736+0000] {dagbag.py:541} INFO - Filling up the DagBag from /home/airflow/.local/lib/python3.7/site-packages/airflow/example_dags/tutorial_taskflow_api_virtualenv.py
[2026-09-27T02:25:57.748+0000] {processor.py:809} INFO - DAG(s) dict_keys(['tutorial_taskflow_api_virtualenv']) retrieved from /home/airflow/.local/lib/python3.7/site-packages/airflow/example_dags/tutorial_taskflow_api_virtualenv.py
[2026-09-27T02:25:57.793+0000] {logging_mixin.py:149} INFO - [2026-09-27T02:25:57.792+0000] {dag.py:2726} INFO - Sync 1 DAGs
[2026-09-27T02:25:57.841+0000] {logging_mixin.py:149} INFO - [2026-09-27T02:25:57.841+0000] {dag.py:3490} INFO - Setting next_dagrun for tutorial_taskflow_api_virtualenv to None, run_after=None
[2026-09-27T02:25:57.870+0000] {processor.py:178} INFO - Processing /home/airflow/.local/lib/python3.7/site-packages/airflow/example_dags/tutorial_taskflow_api_virtualenv.py took 0.143 seconds
[2026-09-27T02:26:28.245+0000] {processor.py:156} INFO - Started process (PID=2237) to work on /home/airflow/.local/lib/python3.7/site-packages/airflow/example_dags/tutorial_taskflow_api_virtualenv.py
[2026-09-27T02:26:28.246+0000] {processor.py:799} INFO - Processing file /home/airflow/.local/lib/python3.7/site-packages/airflow/example_dags/tutorial_taskflow_api_virtualenv.py for tasks to queue
[2026-09-27T02:26:28.247+0000] {logging_mixin.py:149} INFO - [2026-09-27T02:26:28.247+0000] {dagbag.py:541} INFO - Filling up the DagBag from /home/airflow/.local/lib/python3.7/site-packages/airflow/example_dags/tutorial_taskflow_api_virtualenv.py
[2026-09-27T02:26:28.260+0000] {processor.py:809} INFO - DAG(s) dict_keys(['tutorial_taskflow_api_virtualenv']) retrieved from /home/airflow/.local/lib/python3.7/site-packages/airflow/example_dags/tutorial_taskflow_api_virtualenv.py
[2026-09-27T02:26:28.308+0000] {logging_mixin.py:149} INFO - [2026-09-27T02:26:28.308+0000] {dag.py:2726} INFO - Sync 1 DAGs
[2026-09-27T02:26:28.354+0000] {logging_mixin.py:149} INFO - [2026-09-27T02:26:28.354+0000] {dag.py:3490} INFO - Setting next_dagrun for tutorial_taskflow_api_virtualenv to None, run_after=None
[2026-09-27T02:26:28.384+0000] {processor.py:178} INFO - Processing /home/airflow/.local/lib/python3.7/site-packages/airflow/example_dags/tutorial_taskflow_api_virtualenv.py took 0.145 seconds
[2026-09-27T02:37:20.439+0000] {processor.py:156} INFO - Started process (PID=90) to work on /home/airflow/.local/lib/python3.7/site-packages/airflow/example_dags/tutorial_taskflow_api_virtualenv.py
[2026-09-27T02:37:20.441+0000] {processor.py:799} INFO - Processing file /home/airflow/.local/lib/python3.7/site-packages/airflow/example_dags/tutorial_taskflow_api_virtualenv.py for tasks to queue
[2026-09-27T02:37:20.442+0000] {logging_mixin.py:149} INFO - [2026-09-27T02:37:20.442+0000] {dagbag.py:541} INFO - Filling up the DagBag from /home/airflow/.local/lib/python3.7/site-packages/airflow/example_dags/tutorial_taskflow_api_virtualenv.py
[2026-09-27T02:37:20.460+0000] {processor.py:809} INFO - DAG(s) dict_keys(['tutorial_taskflow_api_virtualenv']) retrieved from /home/airflow/.local/lib/python3.7/site-packages/airflow/example_dags/tutorial_taskflow_api_virtualenv.py
[2026-09-27T02:37:20.543+0000] {logging_mixin.py:149} INFO - [2026-09-27T02:37:20.543+0000] {dag.py:2726} INFO - Sync 1 DAGs
[2026-09-27T02:37:20.592+0000] {logging_mixin.py:149} INFO - [2026-09-27T02:37:20.592+0000] {dag.py:3490} INFO - Setting next_dagrun for tutorial_taskflow_api_virtualenv to None, run_after=None
[2026-09-27T02:37:20.632+0000] {processor.py:178} INFO - Processing /home/airflow/.local/lib/python3.7/site-packages/airflow/example_dags/tutorial_taskflow_api_virtualenv.py took 0.199 seconds
[2026-09-27T02:37:51.600+0000] {processor.py:156} INFO - Started process (PID=146) to work on /home/airflow/.local/lib/python3.7/site-packages/airflow/example_dags/tutorial_taskflow_api_virtualenv.py
[2026-09-27T02:37:51.606+0000] {processor.py:799} INFO - Processing file /home/airflow/.local/lib/python3.7/site-packages/airflow/example_dags/tutorial_taskflow_api_virtualenv.py for tasks to queue
[2026-09-27T02:37:51.608+0000] {logging_mixin.py:149} INFO - [2026-09-27T02:37:51.607+0000] {dagbag.py:541} INFO - Filling up the DagBag from /home/airflow/.local/lib/python3.7/site-packages/airflow/example_dags/tutorial_taskflow_api_virtualenv.py
[2026-09-27T02:37:51.621+0000] {processor.py:809} INFO - DAG(s) dict_keys(['tutorial_taskflow_api_virtualenv']) retrieved from /home/airflow/.local/lib/python3.7/site-packages/airflow/example_dags/tutorial_taskflow_api_virtualenv.py
[2026-09-27T02:37:51.667+0000] {logging_mixin.py:149} INFO - [2026-09-27T02:37:51.667+0000] {dag.py:2726} INFO - Sync 1 DAGs
[2026-09-27T02:37:51.720+0000] {logging_mixin.py:149} INFO - [2026-09-27T02:37:51.720+0000] {dag.py:3490} INFO - Setting next_dagrun for tutorial_taskflow_api_virtualenv to None, run_after=None
[2026-09-27T02:37:51.757+0000] {processor.py:178} INFO - Processing /home/airflow/.local/lib/python3.7/site-packages/airflow/example_dags/tutorial_taskflow_api_virtualenv.py took 0.164 seconds
[2026-09-27T02:38:22.012+0000] {processor.py:156} INFO - Started process (PID=202) to work on /home/airflow/.local/lib/python3.7/site-packages/airflow/example_dags/tutorial_taskflow_api_virtualenv.py
[2026-09-27T02:38:22.014+0000] {processor.py:799} INFO - Processing file /home/airflow/.local/lib/python3.7/site-packages/airflow/example_dags/tutorial_taskflow_api_virtualenv.py for tasks to queue
[2026-09-27T02:38:22.015+0000] {logging_mixin.py:149} INFO - [2026-09-27T02:38:22.015+0000] {dagbag.py:541} INFO - Filling up the DagBag from /home/airflow/.local/lib/python3.7/site-packages/airflow/example_dags/tutorial_taskflow_api_virtualenv.py
[2026-09-27T02:38:22.029+0000] {processor.py:809} INFO - DAG(s) dict_keys(['tutorial_taskflow_api_virtualenv']) retrieved from /home/airflow/.local/lib/python3.7/site-packages/airflow/example_dags/tutorial_taskflow_api_virtualenv.py
[2026-09-27T02:38:22.075+0000] {logging_mixin.py:149} INFO - [2026-09-27T02:38:22.075+0000] {dag.py:2726} INFO - Sync 1 DAGs
[2026-09-27T02:38:22.119+0000] {logging_mixin.py:149} INFO - [2026-09-27T02:38:22.119+0000] {dag.py:3490} INFO - Setting next_dagrun for tutorial_taskflow_api_virtualenv to None, run_after=None
[2026-09-27T02:38:22.151+0000] {processor.py:178} INFO - Processing /home/airflow/.local/lib/python3.7/site-packages/airflow/example_dags/tutorial_taskflow_api_virtualenv.py took 0.145 seconds
[2026-09-27T02:38:52.688+0000] {processor.py:156} INFO - Started process (PID=258) to work on /home/airflow/.local/lib/python3.7/site-packages/airflow/example_dags/tutorial_taskflow_api_virtualenv.py
[2026-09-27T02:38:52.690+0000] {processor.py:799} INFO - Processing file /home/airflow/.local/lib/python3.7/site-packages/airflow/example_dags/tutorial_taskflow_api_virtualenv.py for tasks to queue
[2026-09-27T02:38:52.691+0000] {logging_mixin.py:149} INFO - [2026-09-27T02:38:52.690+0000] {dagbag.py:541} INFO - Filling up the DagBag from /home/airflow/.local/lib/python3.7/site-packages/airflow/example_dags/tutorial_taskflow_api_virtualenv.py
[2026-09-27T02:38:52.702+0000] {processor.py:809} INFO - DAG(s) dict_keys(['tutorial_taskflow_api_virtualenv']) retrieved from /home/airflow/.local/lib/python3.7/site-packages/airflow/example_dags/tutorial_taskflow_api_virtualenv.py
[2026-09-27T02:38:52.744+0000] {logging_mixin.py:149} INFO - [2026-09-27T02:38:52.743+0000] {dag.py:2726} INFO - Sync 1 DAGs
[2026-09-27T02:38:52.783+0000] {logging_mixin.py:149} INFO - [2026-09-27T02:38:52.783+0000] {dag.py:3490} INFO - Setting next_dagrun for tutorial_taskflow_api_virtualenv to None, run_after=None
[2026-09-27T02:38:52.811+0000] {processor.py:178} INFO - Processing /home/airflow/.local/lib/python3.7/site-packages/airflow/example_dags/tutorial_taskflow_api_virtualenv.py took 0.128 seconds
[2026-09-27T02:39:22.887+0000] {processor.py:156} INFO - Started process (PID=314) to work on /home/airflow/.local/lib/python3.7/site-packages/airflow/example_dags/tutorial_taskflow_api_virtualenv.py
[2026-09-27T02:39:22.889+0000] {processor.py:799} INFO - Processing file /home/airflow/.local/lib/python3.7/site-packages/airflow/example_dags/tutorial_taskflow_api_virtualenv.py for tasks to queue
[2026-09-27T02:39:22.890+0000] {logging_mixin.py:149} INFO - [2026-09-27T02:39:22.890+0000] {dagbag.py:541} INFO - Filling up the DagBag from /home/airflow/.local/lib/python3.7/site-packages/airflow/example_dags/tutorial_taskflow_api_virtualenv.py
[2026-09-27T02:39:22.905+0000] {processor.py:809} INFO - DAG(s) dict_keys(['tutorial_taskflow_api_virtualenv']) retrieved from /home/airflow/.local/lib/python3.7/site-packages/airflow/example_dags/tutorial_taskflow_api_virtualenv.py
[2026-09-27T02:39:22.955+0000] {logging_mixin.py:149} INFO - [2026-09-27T02:39:22.954+0000] {dag.py:2726} INFO - Sync 1 DAGs
[2026-09-27T02:39:23.000+0000] {logging_mixin.py:149} INFO - [2026-09-27T02:39:23.000+0000] {dag.py:3490} INFO - Setting next_dagrun for tutorial_taskflow_api_virtualenv to None, run_after=None
[2026-09-27T02:39:23.035+0000] {processor.py:178} INFO - Processing /home/airflow/.local/lib/python3.7/site-packages/airflow/example_dags/tutorial_taskflow_api_virtualenv.py took 0.155 seconds
[2026-09-27T02:39:53.716+0000] {processor.py:156} INFO - Started process (PID=370) to work on /home/airflow/.local/lib/python3.7/site-packages/airflow/example_dags/tutorial_taskflow_api_virtualenv.py
[2026-09-27T02:39:53.718+0000] {processor.py:799} INFO - Processing file /home/airflow/.local/lib/python3.7/site-packages/airflow/example_dags/tutorial_taskflow_api_virtualenv.py for tasks to queue
[2026-09-27T02:39:53.719+0000] {logging_mixin.py:149} INFO - [2026-09-27T02:39:53.718+0000] {dagbag.py:541} INFO - Filling up the DagBag from /home/airflow/.local/lib/python3.7/site-packages/airflow/example_dags/tutorial_taskflow_api_virtualenv.py
[2026-09-27T02:39:53.729+0000] {processor.py:809} INFO - DAG(s) dict_keys(['tutorial_taskflow_api_virtualenv']) retrieved from /home/airflow/.local/lib/python3.7/site-packages/airflow/example_dags/tutorial_taskflow_api_virtualenv.py
[2026-09-27T02:39:53.774+0000] {logging_mixin.py:149} INFO - [2026-09-27T02:39:53.774+0000] {dag.py:2726} INFO - Sync 1 DAGs
[2026-09-27T02:39:53.818+0000] {logging_mixin.py:149} INFO - [2026-09-27T02:39:53.818+0000] {dag.py:3490} INFO - Setting next_dagrun for tutorial_taskflow_api_virtualenv to None, run_after=None
[2026-09-27T02:39:53.852+0000] {processor.py:178} INFO - Processing /home/airflow/.local/lib/python3.7/site-packages/airflow/example_dags/tutorial_taskflow_api_virtualenv.py took 0.141 seconds
[2026-09-27T02:45:05.668+0000] {processor.py:156} INFO - Started process (PID=91) to work on /home/airflow/.local/lib/python3.7/site-packages/airflow/example_dags/tutorial_taskflow_api_virtualenv.py
[2026-09-27T02:45:05.671+0000] {processor.py:799} INFO - Processing file /home/airflow/.local/lib/python3.7/site-packages/airflow/example_dags/tutorial_taskflow_api_virtualenv.py for tasks to queue
[2026-09-27T02:45:05.672+0000] {logging_mixin.py:149} INFO - [2026-09-27T02:45:05.672+0000] {dagbag.py:541} INFO - Filling up the DagBag from /home/airflow/.local/lib/python3.7/site-packages/airflow/example_dags/tutorial_taskflow_api_virtualenv.py
[2026-09-27T02:45:05.699+0000] {processor.py:809} INFO - DAG(s) dict_keys(['tutorial_taskflow_api_virtualenv']) retrieved from /home/airflow/.local/lib/python3.7/site-packages/airflow/example_dags/tutorial_taskflow_api_virtualenv.py
[2026-09-27T02:45:05.782+0000] {logging_mixin.py:149} INFO - [2026-09-27T02:45:05.782+0000] {dag.py:2726} INFO - Sync 1 DAGs
[2026-09-27T02:45:05.850+0000] {logging_mixin.py:149} INFO - [2026-09-27T02:45:05.850+0000] {dag.py:3490} INFO - Setting next_dagrun for tutorial_taskflow_api_virtualenv to None, run_after=None
[2026-09-27T02:45:05.885+0000] {processor.py:178} INFO - Processing /home/airflow/.local/lib/python3.7/site-packages/airflow/example_dags/tutorial_taskflow_api_virtualenv.py took 0.223 seconds
[2026-09-27T02:45:36.161+0000] {processor.py:156} INFO - Started process (PID=147) to work on /home/airflow/.local/lib/python3.7/site-packages/airflow/example_dags/tutorial_taskflow_api_virtualenv.py
[2026-09-27T02:45:36.162+0000] {processor.py:799} INFO - Processing file /home/airflow/.local/lib/python3.7/site-packages/airflow/example_dags/tutorial_taskflow_api_virtualenv.py for tasks to queue
[2026-09-27T02:45:36.163+0000] {logging_mixin.py:149} INFO - [2026-09-27T02:45:36.163+0000] {dagbag.py:541} INFO - Filling up the DagBag from /home/airflow/.local/lib/python3.7/site-packages/airflow/example_dags/tutorial_taskflow_api_virtualenv.py
[2026-09-27T02:45:36.174+0000] {processor.py:809} INFO - DAG(s) dict_keys(['tutorial_taskflow_api_virtualenv']) retrieved from /home/airflow/.local/lib/python3.7/site-packages/airflow/example_dags/tutorial_taskflow_api_virtualenv.py
[2026-09-27T02:45:36.217+0000] {logging_mixin.py:149} INFO - [2026-09-27T02:45:36.217+0000] {dag.py:2726} INFO - Sync 1 DAGs
[2026-09-27T02:45:36.270+0000] {logging_mixin.py:149} INFO - [2026-09-27T02:45:36.270+0000] {dag.py:3490} INFO - Setting next_dagrun for tutorial_taskflow_api_virtualenv to None, run_after=None
[2026-09-27T02:45:36.301+0000] {processor.py:178} INFO - Processing /home/airflow/.local/lib/python3.7/site-packages/airflow/example_dags/tutorial_taskflow_api_virtualenv.py took 0.147 seconds
[2026-09-27T02:46:07.232+0000] {processor.py:156} INFO - Started process (PID=203) to work on /home/airflow/.local/lib/python3.7/site-packages/airflow/example_dags/tutorial_taskflow_api_virtualenv.py
[2026-09-27T02:46:07.234+0000] {processor.py:799} INFO - Processing file /home/airflow/.local/lib/python3.7/site-packages/airflow/example_dags/tutorial_taskflow_api_virtualenv.py for tasks to queue
[2026-09-27T02:46:07.235+0000] {logging_mixin.py:149} INFO - [2026-09-27T02:46:07.235+0000] {dagbag.py:541} INFO - Filling up the DagBag from /home/airflow/.local/lib/python3.7/site-packages/airflow/example_dags/tutorial_taskflow_api_virtualenv.py
[2026-09-27T02:46:07.246+0000] {processor.py:809} INFO - DAG(s) dict_keys(['tutorial_taskflow_api_virtualenv']) retrieved from /home/airflow/.local/lib/python3.7/site-packages/airflow/example_dags/tutorial_taskflow_api_virtualenv.py
[2026-09-27T02:46:07.295+0000] {logging_mixin.py:149} INFO - [2026-09-27T02:46:07.294+0000] {dag.py:2726} INFO - Sync 1 DAGs
[2026-09-27T02:46:07.346+0000] {logging_mixin.py:149} INFO - [2026-09-27T02:46:07.345+0000] {dag.py:3490} INFO - Setting next_dagrun for tutorial_taskflow_api_virtualenv to None, run_after=None
[2026-09-27T02:46:07.376+0000] {processor.py:178} INFO - Processing /home/airflow/.local/lib/python3.7/site-packages/airflow/example_dags/tutorial_taskflow_api_virtualenv.py took 0.151 seconds
[2026-09-27T02:46:37.820+0000] {processor.py:156} INFO - Started process (PID=259) to work on /home/airflow/.local/lib/python3.7/site-packages/airflow/example_dags/tutorial_taskflow_api_virtualenv.py
[2026-09-27T02:46:37.822+0000] {processor.py:799} INFO - Processing file /home/airflow/.local/lib/python3.7/site-packages/airflow/example_dags/tutorial_taskflow_api_virtualenv.py for tasks to queue
[2026-09-27T02:46:37.823+0000] {logging_mixin.py:149} INFO - [2026-09-27T02:46:37.823+0000] {dagbag.py:541} INFO - Filling up the DagBag from /home/airflow/.local/lib/python3.7/site-packages/airflow/example_dags/tutorial_taskflow_api_virtualenv.py
[2026-09-27T02:46:37.835+0000] {processor.py:809} INFO - DAG(s) dict_keys(['tutorial_taskflow_api_virtualenv']) retrieved from /home/airflow/.local/lib/python3.7/site-packages/airflow/example_dags/tutorial_taskflow_api_virtualenv.py
[2026-09-27T02:46:37.875+0000] {logging_mixin.py:149} INFO - [2026-09-27T02:46:37.874+0000] {dag.py:2726} INFO - Sync 1 DAGs
[2026-09-27T02:46:37.921+0000] {logging_mixin.py:149} INFO - [2026-09-27T02:46:37.921+0000] {dag.py:3490} INFO - Setting next_dagrun for tutorial_taskflow_api_virtualenv to None, run_after=None
[2026-09-27T02:46:37.951+0000] {processor.py:178} INFO - Processing /home/airflow/.local/lib/python3.7/site-packages/airflow/example_dags/tutorial_taskflow_api_virtualenv.py took 0.138 seconds
[2026-09-27T02:47:08.661+0000] {processor.py:156} INFO - Started process (PID=316) to work on /home/airflow/.local/lib/python3.7/site-packages/airflow/example_dags/tutorial_taskflow_api_virtualenv.py
[2026-09-27T02:47:08.663+0000] {processor.py:799} INFO - Processing file /home/airflow/.local/lib/python3.7/site-packages/airflow/example_dags/tutorial_taskflow_api_virtualenv.py for tasks to queue
[2026-09-27T02:47:08.664+0000] {logging_mixin.py:149} INFO - [2026-09-27T02:47:08.664+0000] {dagbag.py:541} INFO - Filling up the DagBag from /home/airflow/.local/lib/python3.7/site-packages/airflow/example_dags/tutorial_taskflow_api_virtualenv.py
[2026-09-27T02:47:08.677+0000] {processor.py:809} INFO - DAG(s) dict_keys(['tutorial_taskflow_api_virtualenv']) retrieved from /home/airflow/.local/lib/python3.7/site-packages/airflow/example_dags/tutorial_taskflow_api_virtualenv.py
[2026-09-27T02:47:08.719+0000] {logging_mixin.py:149} INFO - [2026-09-27T02:47:08.719+0000] {dag.py:2726} INFO - Sync 1 DAGs
[2026-09-27T02:47:08.765+0000] {logging_mixin.py:149} INFO - [2026-09-27T02:47:08.765+0000] {dag.py:3490} INFO - Setting next_dagrun for tutorial_taskflow_api_virtualenv to None, run_after=None
[2026-09-27T02:47:08.799+0000] {processor.py:178} INFO - Processing /home/airflow/.local/lib/python3.7/site-packages/airflow/example_dags/tutorial_taskflow_api_virtualenv.py took 0.144 seconds
[2026-09-27T02:47:38.949+0000] {processor.py:156} INFO - Started process (PID=372) to work on /home/airflow/.local/lib/python3.7/site-packages/airflow/example_dags/tutorial_taskflow_api_virtualenv.py
[2026-09-27T02:47:38.951+0000] {processor.py:799} INFO - Processing file /home/airflow/.local/lib/python3.7/site-packages/airflow/example_dags/tutorial_taskflow_api_virtualenv.py for tasks to queue
[2026-09-27T02:47:38.952+0000] {logging_mixin.py:149} INFO - [2026-09-27T02:47:38.952+0000] {dagbag.py:541} INFO - Filling up the DagBag from /home/airflow/.local/lib/python3.7/site-packages/airflow/example_dags/tutorial_taskflow_api_virtualenv.py
[2026-09-27T02:47:38.965+0000] {processor.py:809} INFO - DAG(s) dict_keys(['tutorial_taskflow_api_virtualenv']) retrieved from /home/airflow/.local/lib/python3.7/site-packages/airflow/example_dags/tutorial_taskflow_api_virtualenv.py
[2026-09-27T02:47:39.018+0000] {logging_mixin.py:149} INFO - [2026-09-27T02:47:39.018+0000] {dag.py:2726} INFO - Sync 1 DAGs
[2026-09-27T02:47:39.066+0000] {logging_mixin.py:149} INFO - [2026-09-27T02:47:39.065+0000] {dag.py:3490} INFO - Setting next_dagrun for tutorial_taskflow_api_virtualenv to None, run_after=None
[2026-09-27T02:47:39.099+0000] {processor.py:178} INFO - Processing /home/airflow/.local/lib/python3.7/site-packages/airflow/example_dags/tutorial_taskflow_api_virtualenv.py took 0.156 seconds
[2026-09-27T02:48:10.051+0000] {processor.py:156} INFO - Started process (PID=428) to work on /home/airflow/.local/lib/python3.7/site-packages/airflow/example_dags/tutorial_taskflow_api_virtualenv.py
[2026-09-27T02:48:10.053+0000] {processor.py:799} INFO - Processing file /home/airflow/.local/lib/python3.7/site-packages/airflow/example_dags/tutorial_taskflow_api_virtualenv.py for tasks to queue
[2026-09-27T02:48:10.054+0000] {logging_mixin.py:149} INFO - [2026-09-27T02:48:10.054+0000] {dagbag.py:541} INFO - Filling up the DagBag from /home/airflow/.local/lib/python3.7/site-packages/airflow/example_dags/tutorial_taskflow_api_virtualenv.py
[2026-09-27T02:48:10.065+0000] {processor.py:809} INFO - DAG(s) dict_keys(['tutorial_taskflow_api_virtualenv']) retrieved from /home/airflow/.local/lib/python3.7/site-packages/airflow/example_dags/tutorial_taskflow_api_virtualenv.py
[2026-09-27T02:48:10.106+0000] {logging_mixin.py:149} INFO - [2026-09-27T02:48:10.106+0000] {dag.py:2726} INFO - Sync 1 DAGs
[2026-09-27T02:48:10.147+0000] {logging_mixin.py:149} INFO - [2026-09-27T02:48:10.147+0000] {dag.py:3490} INFO - Setting next_dagrun for tutorial_taskflow_api_virtualenv to None, run_after=None
[2026-09-27T02:48:10.178+0000] {processor.py:178} INFO - Processing /home/airflow/.local/lib/python3.7/site-packages/airflow/example_dags/tutorial_taskflow_api_virtualenv.py took 0.134 seconds
[2026-09-27T02:48:40.996+0000] {processor.py:156} INFO - Started process (PID=484) to work on /home/airflow/.local/lib/python3.7/site-packages/airflow/example_dags/tutorial_taskflow_api_virtualenv.py
[2026-09-27T02:48:41.000+0000] {processor.py:799} INFO - Processing file /home/airflow/.local/lib/python3.7/site-packages/airflow/example_dags/tutorial_taskflow_api_virtualenv.py for tasks to queue
[2026-09-27T02:48:41.001+0000] {logging_mixin.py:149} INFO - [2026-09-27T02:48:41.001+0000] {dagbag.py:541} INFO - Filling up the DagBag from /home/airflow/.local/lib/python3.7/site-packages/airflow/example_dags/tutorial_taskflow_api_virtualenv.py
[2026-09-27T02:48:41.012+0000] {processor.py:809} INFO - DAG(s) dict_keys(['tutorial_taskflow_api_virtualenv']) retrieved from /home/airflow/.local/lib/python3.7/site-packages/airflow/example_dags/tutorial_taskflow_api_virtualenv.py
[2026-09-27T02:48:41.057+0000] {logging_mixin.py:149} INFO - [2026-09-27T02:48:41.057+0000] {dag.py:2726} INFO - Sync 1 DAGs
[2026-09-27T02:48:41.103+0000] {logging_mixin.py:149} INFO - [2026-09-27T02:48:41.102+0000] {dag.py:3490} INFO - Setting next_dagrun for tutorial_taskflow_api_virtualenv to None, run_after=None
[2026-09-27T02:48:41.132+0000] {processor.py:178} INFO - Processing /home/airflow/.local/lib/python3.7/site-packages/airflow/example_dags/tutorial_taskflow_api_virtualenv.py took 0.142 seconds
[2026-09-27T02:49:12.345+0000] {processor.py:156} INFO - Started process (PID=539) to work on /home/airflow/.local/lib/python3.7/site-packages/airflow/example_dags/tutorial_taskflow_api_virtualenv.py
[2026-09-27T02:49:12.347+0000] {processor.py:799} INFO - Processing file /home/airflow/.local/lib/python3.7/site-packages/airflow/example_dags/tutorial_taskflow_api_virtualenv.py for tasks to queue
[2026-09-27T02:49:12.348+0000] {logging_mixin.py:149} INFO - [2026-09-27T02:49:12.348+0000] {dagbag.py:541} INFO - Filling up the DagBag from /home/airflow/.local/lib/python3.7/site-packages/airflow/example_dags/tutorial_taskflow_api_virtualenv.py
[2026-09-27T02:49:12.360+0000] {processor.py:809} INFO - DAG(s) dict_keys(['tutorial_taskflow_api_virtualenv']) retrieved from /home/airflow/.local/lib/python3.7/site-packages/airflow/example_dags/tutorial_taskflow_api_virtualenv.py
[2026-09-27T02:49:12.406+0000] {logging_mixin.py:149} INFO - [2026-09-27T02:49:12.406+0000] {dag.py:2726} INFO - Sync 1 DAGs
[2026-09-27T02:49:12.453+0000] {logging_mixin.py:149} INFO - [2026-09-27T02:49:12.452+0000] {dag.py:3490} INFO - Setting next_dagrun for tutorial_taskflow_api_virtualenv to None, run_after=None
[2026-09-27T02:49:12.492+0000] {processor.py:178} INFO - Processing /home/airflow/.local/lib/python3.7/site-packages/airflow/example_dags/tutorial_taskflow_api_virtualenv.py took 0.153 seconds
[2026-09-27T02:49:43.760+0000] {processor.py:156} INFO - Started process (PID=595) to work on /home/airflow/.local/lib/python3.7/site-packages/airflow/example_dags/tutorial_taskflow_api_virtualenv.py
[2026-09-27T02:49:43.765+0000] {processor.py:799} INFO - Processing file /home/airflow/.local/lib/python3.7/site-packages/airflow/example_dags/tutorial_taskflow_api_virtualenv.py for tasks to queue
[2026-09-27T02:49:43.766+0000] {logging_mixin.py:149} INFO - [2026-09-27T02:49:43.766+0000] {dagbag.py:541} INFO - Filling up the DagBag from /home/airflow/.local/lib/python3.7/site-packages/airflow/example_dags/tutorial_taskflow_api_virtualenv.py
[2026-09-27T02:49:43.780+0000] {processor.py:809} INFO - DAG(s) dict_keys(['tutorial_taskflow_api_virtualenv']) retrieved from /home/airflow/.local/lib/python3.7/site-packages/airflow/example_dags/tutorial_taskflow_api_virtualenv.py
[2026-09-27T02:49:43.838+0000] {logging_mixin.py:149} INFO - [2026-09-27T02:49:43.838+0000] {dag.py:2726} INFO - Sync 1 DAGs
[2026-09-27T02:49:43.887+0000] {logging_mixin.py:149} INFO - [2026-09-27T02:49:43.886+0000] {dag.py:3490} INFO - Setting next_dagrun for tutorial_taskflow_api_virtualenv to None, run_after=None
[2026-09-27T02:49:43.916+0000] {processor.py:178} INFO - Processing /home/airflow/.local/lib/python3.7/site-packages/airflow/example_dags/tutorial_taskflow_api_virtualenv.py took 0.162 seconds
[2026-09-27T02:50:14.109+0000] {processor.py:156} INFO - Started process (PID=651) to work on /home/airflow/.local/lib/python3.7/site-packages/airflow/example_dags/tutorial_taskflow_api_virtualenv.py
[2026-09-27T02:50:14.111+0000] {processor.py:799} INFO - Processing file /home/airflow/.local/lib/python3.7/site-packages/airflow/example_dags/tutorial_taskflow_api_virtualenv.py for tasks to queue
[2026-09-27T02:50:14.113+0000] {logging_mixin.py:149} INFO - [2026-09-27T02:50:14.112+0000] {dagbag.py:541} INFO - Filling up the DagBag from /home/airflow/.local/lib/python3.7/site-packages/airflow/example_dags/tutorial_taskflow_api_virtualenv.py
[2026-09-27T02:50:14.125+0000] {processor.py:809} INFO - DAG(s) dict_keys(['tutorial_taskflow_api_virtualenv']) retrieved from /home/airflow/.local/lib/python3.7/site-packages/airflow/example_dags/tutorial_taskflow_api_virtualenv.py
[2026-09-27T02:50:14.168+0000] {logging_mixin.py:149} INFO - [2026-09-27T02:50:14.168+0000] {dag.py:2726} INFO - Sync 1 DAGs
[2026-09-27T02:50:14.212+0000] {logging_mixin.py:149} INFO - [2026-09-27T02:50:14.211+0000] {dag.py:3490} INFO - Setting next_dagrun for tutorial_taskflow_api_virtualenv to None, run_after=None
[2026-09-27T02:50:14.240+0000] {processor.py:178} INFO - Processing /home/airflow/.local/lib/python3.7/site-packages/airflow/example_dags/tutorial_taskflow_api_virtualenv.py took 0.137 seconds
[2026-09-27T02:50:44.532+0000] {processor.py:156} INFO - Started process (PID=707) to work on /home/airflow/.local/lib/python3.7/site-packages/airflow/example_dags/tutorial_taskflow_api_virtualenv.py
[2026-09-27T02:50:44.534+0000] {processor.py:799} INFO - Processing file /home/airflow/.local/lib/python3.7/site-packages/airflow/example_dags/tutorial_taskflow_api_virtualenv.py for tasks to queue
[2026-09-27T02:50:44.535+0000] {logging_mixin.py:149} INFO - [2026-09-27T02:50:44.535+0000] {dagbag.py:541} INFO - Filling up the DagBag from /home/airflow/.local/lib/python3.7/site-packages/airflow/example_dags/tutorial_taskflow_api_virtualenv.py
[2026-09-27T02:50:44.547+0000] {processor.py:809} INFO - DAG(s) dict_keys(['tutorial_taskflow_api_virtualenv']) retrieved from /home/airflow/.local/lib/python3.7/site-packages/airflow/example_dags/tutorial_taskflow_api_virtualenv.py
[2026-09-27T02:50:44.597+0000] {logging_mixin.py:149} INFO - [2026-09-27T02:50:44.597+0000] {dag.py:2726} INFO - Sync 1 DAGs
[2026-09-27T02:50:44.646+0000] {logging_mixin.py:149} INFO - [2026-09-27T02:50:44.646+0000] {dag.py:3490} INFO - Setting next_dagrun for tutorial_taskflow_api_virtualenv to None, run_after=None
[2026-09-27T02:50:44.678+0000] {processor.py:178} INFO - Processing /home/airflow/.local/lib/python3.7/site-packages/airflow/example_dags/tutorial_taskflow_api_virtualenv.py took 0.152 seconds
[2026-09-27T02:51:15.626+0000] {processor.py:156} INFO - Started process (PID=763) to work on /home/airflow/.local/lib/python3.7/site-packages/airflow/example_dags/tutorial_taskflow_api_virtualenv.py
[2026-09-27T02:51:15.628+0000] {processor.py:799} INFO - Processing file /home/airflow/.local/lib/python3.7/site-packages/airflow/example_dags/tutorial_taskflow_api_virtualenv.py for tasks to queue
[2026-09-27T02:51:15.629+0000] {logging_mixin.py:149} INFO - [2026-09-27T02:51:15.629+0000] {dagbag.py:541} INFO - Filling up the DagBag from /home/airflow/.local/lib/python3.7/site-packages/airflow/example_dags/tutorial_taskflow_api_virtualenv.py
[2026-09-27T02:51:15.641+0000] {processor.py:809} INFO - DAG(s) dict_keys(['tutorial_taskflow_api_virtualenv']) retrieved from /home/airflow/.local/lib/python3.7/site-packages/airflow/example_dags/tutorial_taskflow_api_virtualenv.py
[2026-09-27T02:51:15.681+0000] {logging_mixin.py:149} INFO - [2026-09-27T02:51:15.681+0000] {dag.py:2726} INFO - Sync 1 DAGs
[2026-09-27T02:51:15.727+0000] {logging_mixin.py:149} INFO - [2026-09-27T02:51:15.727+0000] {dag.py:3490} INFO - Setting next_dagrun for tutorial_taskflow_api_virtualenv to None, run_after=None
[2026-09-27T02:51:15.757+0000] {processor.py:178} INFO - Processing /home/airflow/.local/lib/python3.7/site-packages/airflow/example_dags/tutorial_taskflow_api_virtualenv.py took 0.138 seconds
[2026-09-27T02:51:46.473+0000] {processor.py:156} INFO - Started process (PID=820) to work on /home/airflow/.local/lib/python3.7/site-packages/airflow/example_dags/tutorial_taskflow_api_virtualenv.py
[2026-09-27T02:51:46.475+0000] {processor.py:799} INFO - Processing file /home/airflow/.local/lib/python3.7/site-packages/airflow/example_dags/tutorial_taskflow_api_virtualenv.py for tasks to queue
[2026-09-27T02:51:46.476+0000] {logging_mixin.py:149} INFO - [2026-09-27T02:51:46.476+0000] {dagbag.py:541} INFO - Filling up the DagBag from /home/airflow/.local/lib/python3.7/site-packages/airflow/example_dags/tutorial_taskflow_api_virtualenv.py
[2026-09-27T02:51:46.487+0000] {processor.py:809} INFO - DAG(s) dict_keys(['tutorial_taskflow_api_virtualenv']) retrieved from /home/airflow/.local/lib/python3.7/site-packages/airflow/example_dags/tutorial_taskflow_api_virtualenv.py
[2026-09-27T02:51:46.535+0000] {logging_mixin.py:149} INFO - [2026-09-27T02:51:46.535+0000] {dag.py:2726} INFO - Sync 1 DAGs
[2026-09-27T02:51:46.583+0000] {logging_mixin.py:149} INFO - [2026-09-27T02:51:46.583+0000] {dag.py:3490} INFO - Setting next_dagrun for tutorial_taskflow_api_virtualenv to None, run_after=None
[2026-09-27T02:51:46.618+0000] {processor.py:178} INFO - Processing /home/airflow/.local/lib/python3.7/site-packages/airflow/example_dags/tutorial_taskflow_api_virtualenv.py took 0.150 seconds
[2026-09-27T02:52:17.695+0000] {processor.py:156} INFO - Started process (PID=875) to work on /home/airflow/.local/lib/python3.7/site-packages/airflow/example_dags/tutorial_taskflow_api_virtualenv.py
[2026-09-27T02:52:17.696+0000] {processor.py:799} INFO - Processing file /home/airflow/.local/lib/python3.7/site-packages/airflow/example_dags/tutorial_taskflow_api_virtualenv.py for tasks to queue
[2026-09-27T02:52:17.697+0000] {logging_mixin.py:149} INFO - [2026-09-27T02:52:17.697+0000] {dagbag.py:541} INFO - Filling up the DagBag from /home/airflow/.local/lib/python3.7/site-packages/airflow/example_dags/tutorial_taskflow_api_virtualenv.py
[2026-09-27T02:52:17.708+0000] {processor.py:809} INFO - DAG(s) dict_keys(['tutorial_taskflow_api_virtualenv']) retrieved from /home/airflow/.local/lib/python3.7/site-packages/airflow/example_dags/tutorial_taskflow_api_virtualenv.py
[2026-09-27T02:52:17.748+0000] {logging_mixin.py:149} INFO - [2026-09-27T02:52:17.748+0000] {dag.py:2726} INFO - Sync 1 DAGs
[2026-09-27T02:52:17.790+0000] {logging_mixin.py:149} INFO - [2026-09-27T02:52:17.790+0000] {dag.py:3490} INFO - Setting next_dagrun for tutorial_taskflow_api_virtualenv to None, run_after=None
[2026-09-27T02:52:17.832+0000] {processor.py:178} INFO - Processing /home/airflow/.local/lib/python3.7/site-packages/airflow/example_dags/tutorial_taskflow_api_virtualenv.py took 0.143 seconds
[2026-09-27T02:52:48.211+0000] {processor.py:156} INFO - Started process (PID=931) to work on /home/airflow/.local/lib/python3.7/site-packages/airflow/example_dags/tutorial_taskflow_api_virtualenv.py
[2026-09-27T02:52:48.212+0000] {processor.py:799} INFO - Processing file /home/airflow/.local/lib/python3.7/site-packages/airflow/example_dags/tutorial_taskflow_api_virtualenv.py for tasks to queue
[2026-09-27T02:52:48.214+0000] {logging_mixin.py:149} INFO - [2026-09-27T02:52:48.213+0000] {dagbag.py:541} INFO - Filling up the DagBag from /home/airflow/.local/lib/python3.7/site-packages/airflow/example_dags/tutorial_taskflow_api_virtualenv.py
[2026-09-27T02:52:48.228+0000] {processor.py:809} INFO - DAG(s) dict_keys(['tutorial_taskflow_api_virtualenv']) retrieved from /home/airflow/.local/lib/python3.7/site-packages/airflow/example_dags/tutorial_taskflow_api_virtualenv.py
[2026-09-27T02:52:48.273+0000] {logging_mixin.py:149} INFO - [2026-09-27T02:52:48.272+0000] {dag.py:2726} INFO - Sync 1 DAGs
[2026-09-27T02:52:48.320+0000] {logging_mixin.py:149} INFO - [2026-09-27T02:52:48.319+0000] {dag.py:3490} INFO - Setting next_dagrun for tutorial_taskflow_api_virtualenv to None, run_after=None
[2026-09-27T02:52:48.349+0000] {processor.py:178} INFO - Processing /home/airflow/.local/lib/python3.7/site-packages/airflow/example_dags/tutorial_taskflow_api_virtualenv.py took 0.146 seconds
[2026-09-27T02:53:18.971+0000] {processor.py:156} INFO - Started process (PID=987) to work on /home/airflow/.local/lib/python3.7/site-packages/airflow/example_dags/tutorial_taskflow_api_virtualenv.py
[2026-09-27T02:53:18.973+0000] {processor.py:799} INFO - Processing file /home/airflow/.local/lib/python3.7/site-packages/airflow/example_dags/tutorial_taskflow_api_virtualenv.py for tasks to queue
[2026-09-27T02:53:18.974+0000] {logging_mixin.py:149} INFO - [2026-09-27T02:53:18.974+0000] {dagbag.py:541} INFO - Filling up the DagBag from /home/airflow/.local/lib/python3.7/site-packages/airflow/example_dags/tutorial_taskflow_api_virtualenv.py
[2026-09-27T02:53:18.986+0000] {processor.py:809} INFO - DAG(s) dict_keys(['tutorial_taskflow_api_virtualenv']) retrieved from /home/airflow/.local/lib/python3.7/site-packages/airflow/example_dags/tutorial_taskflow_api_virtualenv.py
[2026-09-27T02:53:19.034+0000] {logging_mixin.py:149} INFO - [2026-09-27T02:53:19.034+0000] {dag.py:2726} INFO - Sync 1 DAGs
[2026-09-27T02:53:19.074+0000] {logging_mixin.py:149} INFO - [2026-09-27T02:53:19.074+0000] {dag.py:3490} INFO - Setting next_dagrun for tutorial_taskflow_api_virtualenv to None, run_after=None
[2026-09-27T02:53:19.102+0000] {processor.py:178} INFO - Processing /home/airflow/.local/lib/python3.7/site-packages/airflow/example_dags/tutorial_taskflow_api_virtualenv.py took 0.138 seconds
[2026-09-27T02:53:50.453+0000] {processor.py:156} INFO - Started process (PID=1043) to work on /home/airflow/.local/lib/python3.7/site-packages/airflow/example_dags/tutorial_taskflow_api_virtualenv.py
[2026-09-27T02:53:50.455+0000] {processor.py:799} INFO - Processing file /home/airflow/.local/lib/python3.7/site-packages/airflow/example_dags/tutorial_taskflow_api_virtualenv.py for tasks to queue
[2026-09-27T02:53:50.456+0000] {logging_mixin.py:149} INFO - [2026-09-27T02:53:50.456+0000] {dagbag.py:541} INFO - Filling up the DagBag from /home/airflow/.local/lib/python3.7/site-packages/airflow/example_dags/tutorial_taskflow_api_virtualenv.py
[2026-09-27T02:53:50.469+0000] {processor.py:809} INFO - DAG(s) dict_keys(['tutorial_taskflow_api_virtualenv']) retrieved from /home/airflow/.local/lib/python3.7/site-packages/airflow/example_dags/tutorial_taskflow_api_virtualenv.py
[2026-09-27T02:53:50.518+0000] {logging_mixin.py:149} INFO - [2026-09-27T02:53:50.518+0000] {dag.py:2726} INFO - Sync 1 DAGs
[2026-09-27T02:53:50.566+0000] {logging_mixin.py:149} INFO - [2026-09-27T02:53:50.565+0000] {dag.py:3490} INFO - Setting next_dagrun for tutorial_taskflow_api_virtualenv to None, run_after=None
[2026-09-27T02:53:50.609+0000] {processor.py:178} INFO - Processing /home/airflow/.local/lib/python3.7/site-packages/airflow/example_dags/tutorial_taskflow_api_virtualenv.py took 0.163 seconds
[2026-09-27T02:54:22.067+0000] {processor.py:156} INFO - Started process (PID=1099) to work on /home/airflow/.local/lib/python3.7/site-packages/airflow/example_dags/tutorial_taskflow_api_virtualenv.py
[2026-09-27T02:54:22.068+0000] {processor.py:799} INFO - Processing file /home/airflow/.local/lib/python3.7/site-packages/airflow/example_dags/tutorial_taskflow_api_virtualenv.py for tasks to queue
[2026-09-27T02:54:22.070+0000] {logging_mixin.py:149} INFO - [2026-09-27T02:54:22.069+0000] {dagbag.py:541} INFO - Filling up the DagBag from /home/airflow/.local/lib/python3.7/site-packages/airflow/example_dags/tutorial_taskflow_api_virtualenv.py
[2026-09-27T02:54:22.080+0000] {processor.py:809} INFO - DAG(s) dict_keys(['tutorial_taskflow_api_virtualenv']) retrieved from /home/airflow/.local/lib/python3.7/site-packages/airflow/example_dags/tutorial_taskflow_api_virtualenv.py
[2026-09-27T02:54:22.118+0000] {logging_mixin.py:149} INFO - [2026-09-27T02:54:22.118+0000] {dag.py:2726} INFO - Sync 1 DAGs
[2026-09-27T02:54:22.165+0000] {logging_mixin.py:149} INFO - [2026-09-27T02:54:22.165+0000] {dag.py:3490} INFO - Setting next_dagrun for tutorial_taskflow_api_virtualenv to None, run_after=None
[2026-09-27T02:54:22.199+0000] {processor.py:178} INFO - Processing /home/airflow/.local/lib/python3.7/site-packages/airflow/example_dags/tutorial_taskflow_api_virtualenv.py took 0.139 seconds
[2026-09-27T02:54:52.786+0000] {processor.py:156} INFO - Started process (PID=1156) to work on /home/airflow/.local/lib/python3.7/site-packages/airflow/example_dags/tutorial_taskflow_api_virtualenv.py
[2026-09-27T02:54:52.788+0000] {processor.py:799} INFO - Processing file /home/airflow/.local/lib/python3.7/site-packages/airflow/example_dags/tutorial_taskflow_api_virtualenv.py for tasks to queue
[2026-09-27T02:54:52.789+0000] {logging_mixin.py:149} INFO - [2026-09-27T02:54:52.789+0000] {dagbag.py:541} INFO - Filling up the DagBag from /home/airflow/.local/lib/python3.7/site-packages/airflow/example_dags/tutorial_taskflow_api_virtualenv.py
[2026-09-27T02:54:52.803+0000] {processor.py:809} INFO - DAG(s) dict_keys(['tutorial_taskflow_api_virtualenv']) retrieved from /home/airflow/.local/lib/python3.7/site-packages/airflow/example_dags/tutorial_taskflow_api_virtualenv.py
[2026-09-27T02:54:52.847+0000] {logging_mixin.py:149} INFO - [2026-09-27T02:54:52.847+0000] {dag.py:2726} INFO - Sync 1 DAGs
[2026-09-27T02:54:52.897+0000] {logging_mixin.py:149} INFO - [2026-09-27T02:54:52.896+0000] {dag.py:3490} INFO - Setting next_dagrun for tutorial_taskflow_api_virtualenv to None, run_after=None
[2026-09-27T02:54:52.926+0000] {processor.py:178} INFO - Processing /home/airflow/.local/lib/python3.7/site-packages/airflow/example_dags/tutorial_taskflow_api_virtualenv.py took 0.147 seconds
[2026-09-27T02:55:23.411+0000] {processor.py:156} INFO - Started process (PID=1212) to work on /home/airflow/.local/lib/python3.7/site-packages/airflow/example_dags/tutorial_taskflow_api_virtualenv.py
[2026-09-27T02:55:23.414+0000] {processor.py:799} INFO - Processing file /home/airflow/.local/lib/python3.7/site-packages/airflow/example_dags/tutorial_taskflow_api_virtualenv.py for tasks to queue
[2026-09-27T02:55:23.415+0000] {logging_mixin.py:149} INFO - [2026-09-27T02:55:23.415+0000] {dagbag.py:541} INFO - Filling up the DagBag from /home/airflow/.local/lib/python3.7/site-packages/airflow/example_dags/tutorial_taskflow_api_virtualenv.py
[2026-09-27T02:55:23.429+0000] {processor.py:809} INFO - DAG(s) dict_keys(['tutorial_taskflow_api_virtualenv']) retrieved from /home/airflow/.local/lib/python3.7/site-packages/airflow/example_dags/tutorial_taskflow_api_virtualenv.py
[2026-09-27T02:55:23.480+0000] {logging_mixin.py:149} INFO - [2026-09-27T02:55:23.479+0000] {dag.py:2726} INFO - Sync 1 DAGs
[2026-09-27T02:55:23.525+0000] {logging_mixin.py:149} INFO - [2026-09-27T02:55:23.525+0000] {dag.py:3490} INFO - Setting next_dagrun for tutorial_taskflow_api_virtualenv to None, run_after=None
[2026-09-27T02:55:23.559+0000] {processor.py:178} INFO - Processing /home/airflow/.local/lib/python3.7/site-packages/airflow/example_dags/tutorial_taskflow_api_virtualenv.py took 0.153 seconds
[2026-09-27T02:55:53.981+0000] {processor.py:156} INFO - Started process (PID=1269) to work on /home/airflow/.local/lib/python3.7/site-packages/airflow/example_dags/tutorial_taskflow_api_virtualenv.py
[2026-09-27T02:55:53.983+0000] {processor.py:799} INFO - Processing file /home/airflow/.local/lib/python3.7/site-packages/airflow/example_dags/tutorial_taskflow_api_virtualenv.py for tasks to queue
[2026-09-27T02:55:53.984+0000] {logging_mixin.py:149} INFO - [2026-09-27T02:55:53.984+0000] {dagbag.py:541} INFO - Filling up the DagBag from /home/airflow/.local/lib/python3.7/site-packages/airflow/example_dags/tutorial_taskflow_api_virtualenv.py
[2026-09-27T02:55:53.996+0000] {processor.py:809} INFO - DAG(s) dict_keys(['tutorial_taskflow_api_virtualenv']) retrieved from /home/airflow/.local/lib/python3.7/site-packages/airflow/example_dags/tutorial_taskflow_api_virtualenv.py
[2026-09-27T02:55:54.043+0000] {logging_mixin.py:149} INFO - [2026-09-27T02:55:54.043+0000] {dag.py:2726} INFO - Sync 1 DAGs
[2026-09-27T02:55:54.085+0000] {logging_mixin.py:149} INFO - [2026-09-27T02:55:54.085+0000] {dag.py:3490} INFO - Setting next_dagrun for tutorial_taskflow_api_virtualenv to None, run_after=None
[2026-09-27T02:55:54.113+0000] {processor.py:178} INFO - Processing /home/airflow/.local/lib/python3.7/site-packages/airflow/example_dags/tutorial_taskflow_api_virtualenv.py took 0.138 seconds
[2026-09-27T02:56:25.616+0000] {processor.py:156} INFO - Started process (PID=1325) to work on /home/airflow/.local/lib/python3.7/site-packages/airflow/example_dags/tutorial_taskflow_api_virtualenv.py
[2026-09-27T02:56:25.618+0000] {processor.py:799} INFO - Processing file /home/airflow/.local/lib/python3.7/site-packages/airflow/example_dags/tutorial_taskflow_api_virtualenv.py for tasks to queue
[2026-09-27T02:56:25.619+0000] {logging_mixin.py:149} INFO - [2026-09-27T02:56:25.619+0000] {dagbag.py:541} INFO - Filling up the DagBag from /home/airflow/.local/lib/python3.7/site-packages/airflow/example_dags/tutorial_taskflow_api_virtualenv.py
[2026-09-27T02:56:25.632+0000] {processor.py:809} INFO - DAG(s) dict_keys(['tutorial_taskflow_api_virtualenv']) retrieved from /home/airflow/.local/lib/python3.7/site-packages/airflow/example_dags/tutorial_taskflow_api_virtualenv.py
[2026-09-27T02:56:25.678+0000] {logging_mixin.py:149} INFO - [2026-09-27T02:56:25.677+0000] {dag.py:2726} INFO - Sync 1 DAGs
[2026-09-27T02:56:25.724+0000] {logging_mixin.py:149} INFO - [2026-09-27T02:56:25.724+0000] {dag.py:3490} INFO - Setting next_dagrun for tutorial_taskflow_api_virtualenv to None, run_after=None
[2026-09-27T02:56:25.751+0000] {processor.py:178} INFO - Processing /home/airflow/.local/lib/python3.7/site-packages/airflow/example_dags/tutorial_taskflow_api_virtualenv.py took 0.142 seconds
[2026-09-27T02:56:56.267+0000] {processor.py:156} INFO - Started process (PID=1382) to work on /home/airflow/.local/lib/python3.7/site-packages/airflow/example_dags/tutorial_taskflow_api_virtualenv.py
[2026-09-27T02:56:56.268+0000] {processor.py:799} INFO - Processing file /home/airflow/.local/lib/python3.7/site-packages/airflow/example_dags/tutorial_taskflow_api_virtualenv.py for tasks to queue
[2026-09-27T02:56:56.270+0000] {logging_mixin.py:149} INFO - [2026-09-27T02:56:56.269+0000] {dagbag.py:541} INFO - Filling up the DagBag from /home/airflow/.local/lib/python3.7/site-packages/airflow/example_dags/tutorial_taskflow_api_virtualenv.py
[2026-09-27T02:56:56.282+0000] {processor.py:809} INFO - DAG(s) dict_keys(['tutorial_taskflow_api_virtualenv']) retrieved from /home/airflow/.local/lib/python3.7/site-packages/airflow/example_dags/tutorial_taskflow_api_virtualenv.py
[2026-09-27T02:56:56.323+0000] {logging_mixin.py:149} INFO - [2026-09-27T02:56:56.323+0000] {dag.py:2726} INFO - Sync 1 DAGs
[2026-09-27T02:56:56.366+0000] {logging_mixin.py:149} INFO - [2026-09-27T02:56:56.366+0000] {dag.py:3490} INFO - Setting next_dagrun for tutorial_taskflow_api_virtualenv to None, run_after=None
[2026-09-27T02:56:56.395+0000] {processor.py:178} INFO - Processing /home/airflow/.local/lib/python3.7/site-packages/airflow/example_dags/tutorial_taskflow_api_virtualenv.py took 0.135 seconds
[2026-09-27T02:57:27.726+0000] {processor.py:156} INFO - Started process (PID=1438) to work on /home/airflow/.local/lib/python3.7/site-packages/airflow/example_dags/tutorial_taskflow_api_virtualenv.py
[2026-09-27T02:57:27.728+0000] {processor.py:799} INFO - Processing file /home/airflow/.local/lib/python3.7/site-packages/airflow/example_dags/tutorial_taskflow_api_virtualenv.py for tasks to queue
[2026-09-27T02:57:27.729+0000] {logging_mixin.py:149} INFO - [2026-09-27T02:57:27.729+0000] {dagbag.py:541} INFO - Filling up the DagBag from /home/airflow/.local/lib/python3.7/site-packages/airflow/example_dags/tutorial_taskflow_api_virtualenv.py
[2026-09-27T02:57:27.742+0000] {processor.py:809} INFO - DAG(s) dict_keys(['tutorial_taskflow_api_virtualenv']) retrieved from /home/airflow/.local/lib/python3.7/site-packages/airflow/example_dags/tutorial_taskflow_api_virtualenv.py
[2026-09-27T02:57:27.789+0000] {logging_mixin.py:149} INFO - [2026-09-27T02:57:27.788+0000] {dag.py:2726} INFO - Sync 1 DAGs
[2026-09-27T02:57:27.835+0000] {logging_mixin.py:149} INFO - [2026-09-27T02:57:27.834+0000] {dag.py:3490} INFO - Setting next_dagrun for tutorial_taskflow_api_virtualenv to None, run_after=None
[2026-09-27T02:57:27.867+0000] {processor.py:178} INFO - Processing /home/airflow/.local/lib/python3.7/site-packages/airflow/example_dags/tutorial_taskflow_api_virtualenv.py took 0.147 seconds
[2026-09-27T02:57:59.468+0000] {processor.py:156} INFO - Started process (PID=1494) to work on /home/airflow/.local/lib/python3.7/site-packages/airflow/example_dags/tutorial_taskflow_api_virtualenv.py
[2026-09-27T02:57:59.473+0000] {processor.py:799} INFO - Processing file /home/airflow/.local/lib/python3.7/site-packages/airflow/example_dags/tutorial_taskflow_api_virtualenv.py for tasks to queue
[2026-09-27T02:57:59.475+0000] {logging_mixin.py:149} INFO - [2026-09-27T02:57:59.475+0000] {dagbag.py:541} INFO - Filling up the DagBag from /home/airflow/.local/lib/python3.7/site-packages/airflow/example_dags/tutorial_taskflow_api_virtualenv.py
[2026-09-27T02:57:59.489+0000] {processor.py:809} INFO - DAG(s) dict_keys(['tutorial_taskflow_api_virtualenv']) retrieved from /home/airflow/.local/lib/python3.7/site-packages/airflow/example_dags/tutorial_taskflow_api_virtualenv.py
[2026-09-27T02:57:59.537+0000] {logging_mixin.py:149} INFO - [2026-09-27T02:57:59.537+0000] {dag.py:2726} INFO - Sync 1 DAGs
[2026-09-27T02:57:59.582+0000] {logging_mixin.py:149} INFO - [2026-09-27T02:57:59.582+0000] {dag.py:3490} INFO - Setting next_dagrun for tutorial_taskflow_api_virtualenv to None, run_after=None
[2026-09-27T02:57:59.613+0000] {processor.py:178} INFO - Processing /home/airflow/.local/lib/python3.7/site-packages/airflow/example_dags/tutorial_taskflow_api_virtualenv.py took 0.154 seconds
[2026-09-27T02:58:30.086+0000] {processor.py:156} INFO - Started process (PID=1550) to work on /home/airflow/.local/lib/python3.7/site-packages/airflow/example_dags/tutorial_taskflow_api_virtualenv.py
[2026-09-27T02:58:30.087+0000] {processor.py:799} INFO - Processing file /home/airflow/.local/lib/python3.7/site-packages/airflow/example_dags/tutorial_taskflow_api_virtualenv.py for tasks to queue
[2026-09-27T02:58:30.089+0000] {logging_mixin.py:149} INFO - [2026-09-27T02:58:30.088+0000] {dagbag.py:541} INFO - Filling up the DagBag from /home/airflow/.local/lib/python3.7/site-packages/airflow/example_dags/tutorial_taskflow_api_virtualenv.py
[2026-09-27T02:58:30.102+0000] {processor.py:809} INFO - DAG(s) dict_keys(['tutorial_taskflow_api_virtualenv']) retrieved from /home/airflow/.local/lib/python3.7/site-packages/airflow/example_dags/tutorial_taskflow_api_virtualenv.py
[2026-09-27T02:58:30.156+0000] {logging_mixin.py:149} INFO - [2026-09-27T02:58:30.156+0000] {dag.py:2726} INFO - Sync 1 DAGs
[2026-09-27T02:58:30.201+0000] {logging_mixin.py:149} INFO - [2026-09-27T02:58:30.200+0000] {dag.py:3490} INFO - Setting next_dagrun for tutorial_taskflow_api_virtualenv to None, run_after=None
[2026-09-27T02:58:30.230+0000] {processor.py:178} INFO - Processing /home/airflow/.local/lib/python3.7/site-packages/airflow/example_dags/tutorial_taskflow_api_virtualenv.py took 0.152 seconds
[2026-09-27T02:59:00.503+0000] {processor.py:156} INFO - Started process (PID=1614) to work on /home/airflow/.local/lib/python3.7/site-packages/airflow/example_dags/tutorial_taskflow_api_virtualenv.py
[2026-09-27T02:59:00.506+0000] {processor.py:799} INFO - Processing file /home/airflow/.local/lib/python3.7/site-packages/airflow/example_dags/tutorial_taskflow_api_virtualenv.py for tasks to queue
[2026-09-27T02:59:00.508+0000] {logging_mixin.py:149} INFO - [2026-09-27T02:59:00.507+0000] {dagbag.py:541} INFO - Filling up the DagBag from /home/airflow/.local/lib/python3.7/site-packages/airflow/example_dags/tutorial_taskflow_api_virtualenv.py
[2026-09-27T02:59:00.525+0000] {processor.py:809} INFO - DAG(s) dict_keys(['tutorial_taskflow_api_virtualenv']) retrieved from /home/airflow/.local/lib/python3.7/site-packages/airflow/example_dags/tutorial_taskflow_api_virtualenv.py
[2026-09-27T02:59:00.575+0000] {logging_mixin.py:149} INFO - [2026-09-27T02:59:00.575+0000] {dag.py:2726} INFO - Sync 1 DAGs
[2026-09-27T02:59:00.622+0000] {logging_mixin.py:149} INFO - [2026-09-27T02:59:00.622+0000] {dag.py:3490} INFO - Setting next_dagrun for tutorial_taskflow_api_virtualenv to None, run_after=None
[2026-09-27T02:59:00.655+0000] {processor.py:178} INFO - Processing /home/airflow/.local/lib/python3.7/site-packages/airflow/example_dags/tutorial_taskflow_api_virtualenv.py took 0.161 seconds
[2026-09-27T02:59:32.366+0000] {processor.py:156} INFO - Started process (PID=1670) to work on /home/airflow/.local/lib/python3.7/site-packages/airflow/example_dags/tutorial_taskflow_api_virtualenv.py
[2026-09-27T02:59:32.368+0000] {processor.py:799} INFO - Processing file /home/airflow/.local/lib/python3.7/site-packages/airflow/example_dags/tutorial_taskflow_api_virtualenv.py for tasks to queue
[2026-09-27T02:59:32.369+0000] {logging_mixin.py:149} INFO - [2026-09-27T02:59:32.369+0000] {dagbag.py:541} INFO - Filling up the DagBag from /home/airflow/.local/lib/python3.7/site-packages/airflow/example_dags/tutorial_taskflow_api_virtualenv.py
[2026-09-27T02:59:32.381+0000] {processor.py:809} INFO - DAG(s) dict_keys(['tutorial_taskflow_api_virtualenv']) retrieved from /home/airflow/.local/lib/python3.7/site-packages/airflow/example_dags/tutorial_taskflow_api_virtualenv.py
[2026-09-27T02:59:32.430+0000] {logging_mixin.py:149} INFO - [2026-09-27T02:59:32.430+0000] {dag.py:2726} INFO - Sync 1 DAGs
[2026-09-27T02:59:32.476+0000] {logging_mixin.py:149} INFO - [2026-09-27T02:59:32.476+0000] {dag.py:3490} INFO - Setting next_dagrun for tutorial_taskflow_api_virtualenv to None, run_after=None
[2026-09-27T02:59:32.506+0000] {processor.py:178} INFO - Processing /home/airflow/.local/lib/python3.7/site-packages/airflow/example_dags/tutorial_taskflow_api_virtualenv.py took 0.146 seconds
[2026-09-27T03:00:03.169+0000] {processor.py:156} INFO - Started process (PID=1727) to work on /home/airflow/.local/lib/python3.7/site-packages/airflow/example_dags/tutorial_taskflow_api_virtualenv.py
[2026-09-27T03:00:03.171+0000] {processor.py:799} INFO - Processing file /home/airflow/.local/lib/python3.7/site-packages/airflow/example_dags/tutorial_taskflow_api_virtualenv.py for tasks to queue
[2026-09-27T03:00:03.173+0000] {logging_mixin.py:149} INFO - [2026-09-27T03:00:03.172+0000] {dagbag.py:541} INFO - Filling up the DagBag from /home/airflow/.local/lib/python3.7/site-packages/airflow/example_dags/tutorial_taskflow_api_virtualenv.py
[2026-09-27T03:00:03.187+0000] {processor.py:809} INFO - DAG(s) dict_keys(['tutorial_taskflow_api_virtualenv']) retrieved from /home/airflow/.local/lib/python3.7/site-packages/airflow/example_dags/tutorial_taskflow_api_virtualenv.py
[2026-09-27T03:00:03.228+0000] {logging_mixin.py:149} INFO - [2026-09-27T03:00:03.227+0000] {dag.py:2726} INFO - Sync 1 DAGs
[2026-09-27T03:00:03.269+0000] {logging_mixin.py:149} INFO - [2026-09-27T03:00:03.269+0000] {dag.py:3490} INFO - Setting next_dagrun for tutorial_taskflow_api_virtualenv to None, run_after=None
[2026-09-27T03:00:03.299+0000] {processor.py:178} INFO - Processing /home/airflow/.local/lib/python3.7/site-packages/airflow/example_dags/tutorial_taskflow_api_virtualenv.py took 0.137 seconds
[2026-09-27T03:00:34.411+0000] {processor.py:156} INFO - Started process (PID=1783) to work on /home/airflow/.local/lib/python3.7/site-packages/airflow/example_dags/tutorial_taskflow_api_virtualenv.py
[2026-09-27T03:00:34.413+0000] {processor.py:799} INFO - Processing file /home/airflow/.local/lib/python3.7/site-packages/airflow/example_dags/tutorial_taskflow_api_virtualenv.py for tasks to queue
[2026-09-27T03:00:34.414+0000] {logging_mixin.py:149} INFO - [2026-09-27T03:00:34.414+0000] {dagbag.py:541} INFO - Filling up the DagBag from /home/airflow/.local/lib/python3.7/site-packages/airflow/example_dags/tutorial_taskflow_api_virtualenv.py
[2026-09-27T03:00:34.426+0000] {processor.py:809} INFO - DAG(s) dict_keys(['tutorial_taskflow_api_virtualenv']) retrieved from /home/airflow/.local/lib/python3.7/site-packages/airflow/example_dags/tutorial_taskflow_api_virtualenv.py
[2026-09-27T03:00:34.473+0000] {logging_mixin.py:149} INFO - [2026-09-27T03:00:34.472+0000] {dag.py:2726} INFO - Sync 1 DAGs
[2026-09-27T03:00:34.518+0000] {logging_mixin.py:149} INFO - [2026-09-27T03:00:34.518+0000] {dag.py:3490} INFO - Setting next_dagrun for tutorial_taskflow_api_virtualenv to None, run_after=None
[2026-09-27T03:00:34.547+0000] {processor.py:178} INFO - Processing /home/airflow/.local/lib/python3.7/site-packages/airflow/example_dags/tutorial_taskflow_api_virtualenv.py took 0.143 seconds
[2026-09-27T03:01:05.783+0000] {processor.py:156} INFO - Started process (PID=1840) to work on /home/airflow/.local/lib/python3.7/site-packages/airflow/example_dags/tutorial_taskflow_api_virtualenv.py
[2026-09-27T03:01:05.785+0000] {processor.py:799} INFO - Processing file /home/airflow/.local/lib/python3.7/site-packages/airflow/example_dags/tutorial_taskflow_api_virtualenv.py for tasks to queue
[2026-09-27T03:01:05.786+0000] {logging_mixin.py:149} INFO - [2026-09-27T03:01:05.786+0000] {dagbag.py:541} INFO - Filling up the DagBag from /home/airflow/.local/lib/python3.7/site-packages/airflow/example_dags/tutorial_taskflow_api_virtualenv.py
[2026-09-27T03:01:05.797+0000] {processor.py:809} INFO - DAG(s) dict_keys(['tutorial_taskflow_api_virtualenv']) retrieved from /home/airflow/.local/lib/python3.7/site-packages/airflow/example_dags/tutorial_taskflow_api_virtualenv.py
[2026-09-27T03:01:05.847+0000] {logging_mixin.py:149} INFO - [2026-09-27T03:01:05.846+0000] {dag.py:2726} INFO - Sync 1 DAGs
[2026-09-27T03:01:05.899+0000] {logging_mixin.py:149} INFO - [2026-09-27T03:01:05.899+0000] {dag.py:3490} INFO - Setting next_dagrun for tutorial_taskflow_api_virtualenv to None, run_after=None
[2026-09-27T03:01:05.934+0000] {processor.py:178} INFO - Processing /home/airflow/.local/lib/python3.7/site-packages/airflow/example_dags/tutorial_taskflow_api_virtualenv.py took 0.158 seconds
[2026-09-27T03:01:36.550+0000] {processor.py:156} INFO - Started process (PID=1896) to work on /home/airflow/.local/lib/python3.7/site-packages/airflow/example_dags/tutorial_taskflow_api_virtualenv.py
[2026-09-27T03:01:36.553+0000] {processor.py:799} INFO - Processing file /home/airflow/.local/lib/python3.7/site-packages/airflow/example_dags/tutorial_taskflow_api_virtualenv.py for tasks to queue
[2026-09-27T03:01:36.554+0000] {logging_mixin.py:149} INFO - [2026-09-27T03:01:36.554+0000] {dagbag.py:541} INFO - Filling up the DagBag from /home/airflow/.local/lib/python3.7/site-packages/airflow/example_dags/tutorial_taskflow_api_virtualenv.py
[2026-09-27T03:01:36.566+0000] {processor.py:809} INFO - DAG(s) dict_keys(['tutorial_taskflow_api_virtualenv']) retrieved from /home/airflow/.local/lib/python3.7/site-packages/airflow/example_dags/tutorial_taskflow_api_virtualenv.py
[2026-09-27T03:01:36.611+0000] {logging_mixin.py:149} INFO - [2026-09-27T03:01:36.611+0000] {dag.py:2726} INFO - Sync 1 DAGs
[2026-09-27T03:01:36.658+0000] {logging_mixin.py:149} INFO - [2026-09-27T03:01:36.658+0000] {dag.py:3490} INFO - Setting next_dagrun for tutorial_taskflow_api_virtualenv to None, run_after=None
[2026-09-27T03:01:36.689+0000] {processor.py:178} INFO - Processing /home/airflow/.local/lib/python3.7/site-packages/airflow/example_dags/tutorial_taskflow_api_virtualenv.py took 0.145 seconds
[2026-09-27T03:02:07.462+0000] {processor.py:156} INFO - Started process (PID=1952) to work on /home/airflow/.local/lib/python3.7/site-packages/airflow/example_dags/tutorial_taskflow_api_virtualenv.py
[2026-09-27T03:02:07.464+0000] {processor.py:799} INFO - Processing file /home/airflow/.local/lib/python3.7/site-packages/airflow/example_dags/tutorial_taskflow_api_virtualenv.py for tasks to queue
[2026-09-27T03:02:07.465+0000] {logging_mixin.py:149} INFO - [2026-09-27T03:02:07.465+0000] {dagbag.py:541} INFO - Filling up the DagBag from /home/airflow/.local/lib/python3.7/site-packages/airflow/example_dags/tutorial_taskflow_api_virtualenv.py
[2026-09-27T03:02:07.478+0000] {processor.py:809} INFO - DAG(s) dict_keys(['tutorial_taskflow_api_virtualenv']) retrieved from /home/airflow/.local/lib/python3.7/site-packages/airflow/example_dags/tutorial_taskflow_api_virtualenv.py
[2026-09-27T03:02:07.523+0000] {logging_mixin.py:149} INFO - [2026-09-27T03:02:07.523+0000] {dag.py:2726} INFO - Sync 1 DAGs
[2026-09-27T03:02:07.566+0000] {logging_mixin.py:149} INFO - [2026-09-27T03:02:07.566+0000] {dag.py:3490} INFO - Setting next_dagrun for tutorial_taskflow_api_virtualenv to None, run_after=None
[2026-09-27T03:02:07.594+0000] {processor.py:178} INFO - Processing /home/airflow/.local/lib/python3.7/site-packages/airflow/example_dags/tutorial_taskflow_api_virtualenv.py took 0.138 seconds
[2026-09-27T03:02:38.397+0000] {processor.py:156} INFO - Started process (PID=2008) to work on /home/airflow/.local/lib/python3.7/site-packages/airflow/example_dags/tutorial_taskflow_api_virtualenv.py
[2026-09-27T03:02:38.398+0000] {processor.py:799} INFO - Processing file /home/airflow/.local/lib/python3.7/site-packages/airflow/example_dags/tutorial_taskflow_api_virtualenv.py for tasks to queue
[2026-09-27T03:02:38.400+0000] {logging_mixin.py:149} INFO - [2026-09-27T03:02:38.399+0000] {dagbag.py:541} INFO - Filling up the DagBag from /home/airflow/.local/lib/python3.7/site-packages/airflow/example_dags/tutorial_taskflow_api_virtualenv.py
[2026-09-27T03:02:38.411+0000] {processor.py:809} INFO - DAG(s) dict_keys(['tutorial_taskflow_api_virtualenv']) retrieved from /home/airflow/.local/lib/python3.7/site-packages/airflow/example_dags/tutorial_taskflow_api_virtualenv.py
[2026-09-27T03:02:38.456+0000] {logging_mixin.py:149} INFO - [2026-09-27T03:02:38.455+0000] {dag.py:2726} INFO - Sync 1 DAGs
[2026-09-27T03:02:38.499+0000] {logging_mixin.py:149} INFO - [2026-09-27T03:02:38.499+0000] {dag.py:3490} INFO - Setting next_dagrun for tutorial_taskflow_api_virtualenv to None, run_after=None
[2026-09-27T03:02:38.531+0000] {processor.py:178} INFO - Processing /home/airflow/.local/lib/python3.7/site-packages/airflow/example_dags/tutorial_taskflow_api_virtualenv.py took 0.141 seconds
[2026-09-27T03:03:09.992+0000] {processor.py:156} INFO - Started process (PID=2064) to work on /home/airflow/.local/lib/python3.7/site-packages/airflow/example_dags/tutorial_taskflow_api_virtualenv.py
[2026-09-27T03:03:09.994+0000] {processor.py:799} INFO - Processing file /home/airflow/.local/lib/python3.7/site-packages/airflow/example_dags/tutorial_taskflow_api_virtualenv.py for tasks to queue
[2026-09-27T03:03:09.995+0000] {logging_mixin.py:149} INFO - [2026-09-27T03:03:09.994+0000] {dagbag.py:541} INFO - Filling up the DagBag from /home/airflow/.local/lib/python3.7/site-packages/airflow/example_dags/tutorial_taskflow_api_virtualenv.py
[2026-09-27T03:03:10.005+0000] {processor.py:809} INFO - DAG(s) dict_keys(['tutorial_taskflow_api_virtualenv']) retrieved from /home/airflow/.local/lib/python3.7/site-packages/airflow/example_dags/tutorial_taskflow_api_virtualenv.py
[2026-09-27T03:03:10.046+0000] {logging_mixin.py:149} INFO - [2026-09-27T03:03:10.046+0000] {dag.py:2726} INFO - Sync 1 DAGs
[2026-09-27T03:03:10.088+0000] {logging_mixin.py:149} INFO - [2026-09-27T03:03:10.088+0000] {dag.py:3490} INFO - Setting next_dagrun for tutorial_taskflow_api_virtualenv to None, run_after=None
[2026-09-27T03:03:10.119+0000] {processor.py:178} INFO - Processing /home/airflow/.local/lib/python3.7/site-packages/airflow/example_dags/tutorial_taskflow_api_virtualenv.py took 0.133 seconds
[2026-09-27T03:03:40.369+0000] {processor.py:156} INFO - Started process (PID=2122) to work on /home/airflow/.local/lib/python3.7/site-packages/airflow/example_dags/tutorial_taskflow_api_virtualenv.py
[2026-09-27T03:03:40.371+0000] {processor.py:799} INFO - Processing file /home/airflow/.local/lib/python3.7/site-packages/airflow/example_dags/tutorial_taskflow_api_virtualenv.py for tasks to queue
[2026-09-27T03:03:40.372+0000] {logging_mixin.py:149} INFO - [2026-09-27T03:03:40.372+0000] {dagbag.py:541} INFO - Filling up the DagBag from /home/airflow/.local/lib/python3.7/site-packages/airflow/example_dags/tutorial_taskflow_api_virtualenv.py
[2026-09-27T03:03:40.383+0000] {processor.py:809} INFO - DAG(s) dict_keys(['tutorial_taskflow_api_virtualenv']) retrieved from /home/airflow/.local/lib/python3.7/site-packages/airflow/example_dags/tutorial_taskflow_api_virtualenv.py
[2026-09-27T03:03:40.423+0000] {logging_mixin.py:149} INFO - [2026-09-27T03:03:40.422+0000] {dag.py:2726} INFO - Sync 1 DAGs
[2026-09-27T03:03:40.469+0000] {logging_mixin.py:149} INFO - [2026-09-27T03:03:40.469+0000] {dag.py:3490} INFO - Setting next_dagrun for tutorial_taskflow_api_virtualenv to None, run_after=None
[2026-09-27T03:03:40.501+0000] {processor.py:178} INFO - Processing /home/airflow/.local/lib/python3.7/site-packages/airflow/example_dags/tutorial_taskflow_api_virtualenv.py took 0.137 seconds
[2026-09-27T03:04:11.813+0000] {processor.py:156} INFO - Started process (PID=2177) to work on /home/airflow/.local/lib/python3.7/site-packages/airflow/example_dags/tutorial_taskflow_api_virtualenv.py
[2026-09-27T03:04:11.814+0000] {processor.py:799} INFO - Processing file /home/airflow/.local/lib/python3.7/site-packages/airflow/example_dags/tutorial_taskflow_api_virtualenv.py for tasks to queue
[2026-09-27T03:04:11.815+0000] {logging_mixin.py:149} INFO - [2026-09-27T03:04:11.815+0000] {dagbag.py:541} INFO - Filling up the DagBag from /home/airflow/.local/lib/python3.7/site-packages/airflow/example_dags/tutorial_taskflow_api_virtualenv.py
[2026-09-27T03:04:11.827+0000] {processor.py:809} INFO - DAG(s) dict_keys(['tutorial_taskflow_api_virtualenv']) retrieved from /home/airflow/.local/lib/python3.7/site-packages/airflow/example_dags/tutorial_taskflow_api_virtualenv.py
[2026-09-27T03:04:11.868+0000] {logging_mixin.py:149} INFO - [2026-09-27T03:04:11.868+0000] {dag.py:2726} INFO - Sync 1 DAGs
[2026-09-27T03:04:11.910+0000] {logging_mixin.py:149} INFO - [2026-09-27T03:04:11.910+0000] {dag.py:3490} INFO - Setting next_dagrun for tutorial_taskflow_api_virtualenv to None, run_after=None
[2026-09-27T03:04:11.939+0000] {processor.py:178} INFO - Processing /home/airflow/.local/lib/python3.7/site-packages/airflow/example_dags/tutorial_taskflow_api_virtualenv.py took 0.133 seconds
[2026-09-27T03:04:43.188+0000] {processor.py:156} INFO - Started process (PID=2233) to work on /home/airflow/.local/lib/python3.7/site-packages/airflow/example_dags/tutorial_taskflow_api_virtualenv.py
[2026-09-27T03:04:43.190+0000] {processor.py:799} INFO - Processing file /home/airflow/.local/lib/python3.7/site-packages/airflow/example_dags/tutorial_taskflow_api_virtualenv.py for tasks to queue
[2026-09-27T03:04:43.192+0000] {logging_mixin.py:149} INFO - [2026-09-27T03:04:43.192+0000] {dagbag.py:541} INFO - Filling up the DagBag from /home/airflow/.local/lib/python3.7/site-packages/airflow/example_dags/tutorial_taskflow_api_virtualenv.py
[2026-09-27T03:04:43.207+0000] {processor.py:809} INFO - DAG(s) dict_keys(['tutorial_taskflow_api_virtualenv']) retrieved from /home/airflow/.local/lib/python3.7/site-packages/airflow/example_dags/tutorial_taskflow_api_virtualenv.py
[2026-09-27T03:04:43.259+0000] {logging_mixin.py:149} INFO - [2026-09-27T03:04:43.259+0000] {dag.py:2726} INFO - Sync 1 DAGs
[2026-09-27T03:04:43.310+0000] {logging_mixin.py:149} INFO - [2026-09-27T03:04:43.309+0000] {dag.py:3490} INFO - Setting next_dagrun for tutorial_taskflow_api_virtualenv to None, run_after=None
[2026-09-27T03:04:43.355+0000] {processor.py:178} INFO - Processing /home/airflow/.local/lib/python3.7/site-packages/airflow/example_dags/tutorial_taskflow_api_virtualenv.py took 0.175 seconds
[2026-09-27T03:05:15.450+0000] {processor.py:156} INFO - Started process (PID=2289) to work on /home/airflow/.local/lib/python3.7/site-packages/airflow/example_dags/tutorial_taskflow_api_virtualenv.py
[2026-09-27T03:05:15.452+0000] {processor.py:799} INFO - Processing file /home/airflow/.local/lib/python3.7/site-packages/airflow/example_dags/tutorial_taskflow_api_virtualenv.py for tasks to queue
[2026-09-27T03:05:15.453+0000] {logging_mixin.py:149} INFO - [2026-09-27T03:05:15.453+0000] {dagbag.py:541} INFO - Filling up the DagBag from /home/airflow/.local/lib/python3.7/site-packages/airflow/example_dags/tutorial_taskflow_api_virtualenv.py
[2026-09-27T03:05:15.466+0000] {processor.py:809} INFO - DAG(s) dict_keys(['tutorial_taskflow_api_virtualenv']) retrieved from /home/airflow/.local/lib/python3.7/site-packages/airflow/example_dags/tutorial_taskflow_api_virtualenv.py
[2026-09-27T03:05:15.513+0000] {logging_mixin.py:149} INFO - [2026-09-27T03:05:15.513+0000] {dag.py:2726} INFO - Sync 1 DAGs
[2026-09-27T03:05:15.555+0000] {logging_mixin.py:149} INFO - [2026-09-27T03:05:15.555+0000] {dag.py:3490} INFO - Setting next_dagrun for tutorial_taskflow_api_virtualenv to None, run_after=None
[2026-09-27T03:05:15.584+0000] {processor.py:178} INFO - Processing /home/airflow/.local/lib/python3.7/site-packages/airflow/example_dags/tutorial_taskflow_api_virtualenv.py took 0.140 seconds
[2026-09-27T03:05:45.977+0000] {processor.py:156} INFO - Started process (PID=2345) to work on /home/airflow/.local/lib/python3.7/site-packages/airflow/example_dags/tutorial_taskflow_api_virtualenv.py
[2026-09-27T03:05:45.980+0000] {processor.py:799} INFO - Processing file /home/airflow/.local/lib/python3.7/site-packages/airflow/example_dags/tutorial_taskflow_api_virtualenv.py for tasks to queue
[2026-09-27T03:05:45.981+0000] {logging_mixin.py:149} INFO - [2026-09-27T03:05:45.981+0000] {dagbag.py:541} INFO - Filling up the DagBag from /home/airflow/.local/lib/python3.7/site-packages/airflow/example_dags/tutorial_taskflow_api_virtualenv.py
[2026-09-27T03:05:45.996+0000] {processor.py:809} INFO - DAG(s) dict_keys(['tutorial_taskflow_api_virtualenv']) retrieved from /home/airflow/.local/lib/python3.7/site-packages/airflow/example_dags/tutorial_taskflow_api_virtualenv.py
[2026-09-27T03:05:46.042+0000] {logging_mixin.py:149} INFO - [2026-09-27T03:05:46.041+0000] {dag.py:2726} INFO - Sync 1 DAGs
[2026-09-27T03:05:46.088+0000] {logging_mixin.py:149} INFO - [2026-09-27T03:05:46.088+0000] {dag.py:3490} INFO - Setting next_dagrun for tutorial_taskflow_api_virtualenv to None, run_after=None
[2026-09-27T03:05:46.120+0000] {processor.py:178} INFO - Processing /home/airflow/.local/lib/python3.7/site-packages/airflow/example_dags/tutorial_taskflow_api_virtualenv.py took 0.150 seconds
[2026-09-27T03:06:17.375+0000] {processor.py:156} INFO - Started process (PID=2401) to work on /home/airflow/.local/lib/python3.7/site-packages/airflow/example_dags/tutorial_taskflow_api_virtualenv.py
[2026-09-27T03:06:17.379+0000] {processor.py:799} INFO - Processing file /home/airflow/.local/lib/python3.7/site-packages/airflow/example_dags/tutorial_taskflow_api_virtualenv.py for tasks to queue
[2026-09-27T03:06:17.380+0000] {logging_mixin.py:149} INFO - [2026-09-27T03:06:17.380+0000] {dagbag.py:541} INFO - Filling up the DagBag from /home/airflow/.local/lib/python3.7/site-packages/airflow/example_dags/tutorial_taskflow_api_virtualenv.py
[2026-09-27T03:06:17.391+0000] {processor.py:809} INFO - DAG(s) dict_keys(['tutorial_taskflow_api_virtualenv']) retrieved from /home/airflow/.local/lib/python3.7/site-packages/airflow/example_dags/tutorial_taskflow_api_virtualenv.py
[2026-09-27T03:06:17.437+0000] {logging_mixin.py:149} INFO - [2026-09-27T03:06:17.437+0000] {dag.py:2726} INFO - Sync 1 DAGs
[2026-09-27T03:06:17.486+0000] {logging_mixin.py:149} INFO - [2026-09-27T03:06:17.486+0000] {dag.py:3490} INFO - Setting next_dagrun for tutorial_taskflow_api_virtualenv to None, run_after=None
[2026-09-27T03:06:17.516+0000] {processor.py:178} INFO - Processing /home/airflow/.local/lib/python3.7/site-packages/airflow/example_dags/tutorial_taskflow_api_virtualenv.py took 0.147 seconds
[2026-09-27T03:06:48.022+0000] {processor.py:156} INFO - Started process (PID=2457) to work on /home/airflow/.local/lib/python3.7/site-packages/airflow/example_dags/tutorial_taskflow_api_virtualenv.py
[2026-09-27T03:06:48.024+0000] {processor.py:799} INFO - Processing file /home/airflow/.local/lib/python3.7/site-packages/airflow/example_dags/tutorial_taskflow_api_virtualenv.py for tasks to queue
[2026-09-27T03:06:48.025+0000] {logging_mixin.py:149} INFO - [2026-09-27T03:06:48.025+0000] {dagbag.py:541} INFO - Filling up the DagBag from /home/airflow/.local/lib/python3.7/site-packages/airflow/example_dags/tutorial_taskflow_api_virtualenv.py
[2026-09-27T03:06:48.035+0000] {processor.py:809} INFO - DAG(s) dict_keys(['tutorial_taskflow_api_virtualenv']) retrieved from /home/airflow/.local/lib/python3.7/site-packages/airflow/example_dags/tutorial_taskflow_api_virtualenv.py
[2026-09-27T03:06:48.082+0000] {logging_mixin.py:149} INFO - [2026-09-27T03:06:48.082+0000] {dag.py:2726} INFO - Sync 1 DAGs
[2026-09-27T03:06:48.128+0000] {logging_mixin.py:149} INFO - [2026-09-27T03:06:48.128+0000] {dag.py:3490} INFO - Setting next_dagrun for tutorial_taskflow_api_virtualenv to None, run_after=None
[2026-09-27T03:06:48.165+0000] {processor.py:178} INFO - Processing /home/airflow/.local/lib/python3.7/site-packages/airflow/example_dags/tutorial_taskflow_api_virtualenv.py took 0.150 seconds
[2026-09-27T03:07:18.835+0000] {processor.py:156} INFO - Started process (PID=2513) to work on /home/airflow/.local/lib/python3.7/site-packages/airflow/example_dags/tutorial_taskflow_api_virtualenv.py
[2026-09-27T03:07:18.837+0000] {processor.py:799} INFO - Processing file /home/airflow/.local/lib/python3.7/site-packages/airflow/example_dags/tutorial_taskflow_api_virtualenv.py for tasks to queue
[2026-09-27T03:07:18.838+0000] {logging_mixin.py:149} INFO - [2026-09-27T03:07:18.838+0000] {dagbag.py:541} INFO - Filling up the DagBag from /home/airflow/.local/lib/python3.7/site-packages/airflow/example_dags/tutorial_taskflow_api_virtualenv.py
[2026-09-27T03:07:18.849+0000] {processor.py:809} INFO - DAG(s) dict_keys(['tutorial_taskflow_api_virtualenv']) retrieved from /home/airflow/.local/lib/python3.7/site-packages/airflow/example_dags/tutorial_taskflow_api_virtualenv.py
[2026-09-27T03:07:18.900+0000] {logging_mixin.py:149} INFO - [2026-09-27T03:07:18.900+0000] {dag.py:2726} INFO - Sync 1 DAGs
[2026-09-27T03:07:18.956+0000] {logging_mixin.py:149} INFO - [2026-09-27T03:07:18.956+0000] {dag.py:3490} INFO - Setting next_dagrun for tutorial_taskflow_api_virtualenv to None, run_after=None
[2026-09-27T03:07:18.989+0000] {processor.py:178} INFO - Processing /home/airflow/.local/lib/python3.7/site-packages/airflow/example_dags/tutorial_taskflow_api_virtualenv.py took 0.161 seconds
[2026-09-27T03:07:49.496+0000] {processor.py:156} INFO - Started process (PID=2569) to work on /home/airflow/.local/lib/python3.7/site-packages/airflow/example_dags/tutorial_taskflow_api_virtualenv.py
[2026-09-27T03:07:49.499+0000] {processor.py:799} INFO - Processing file /home/airflow/.local/lib/python3.7/site-packages/airflow/example_dags/tutorial_taskflow_api_virtualenv.py for tasks to queue
[2026-09-27T03:07:49.500+0000] {logging_mixin.py:149} INFO - [2026-09-27T03:07:49.500+0000] {dagbag.py:541} INFO - Filling up the DagBag from /home/airflow/.local/lib/python3.7/site-packages/airflow/example_dags/tutorial_taskflow_api_virtualenv.py
[2026-09-27T03:07:49.511+0000] {processor.py:809} INFO - DAG(s) dict_keys(['tutorial_taskflow_api_virtualenv']) retrieved from /home/airflow/.local/lib/python3.7/site-packages/airflow/example_dags/tutorial_taskflow_api_virtualenv.py
[2026-09-27T03:07:49.554+0000] {logging_mixin.py:149} INFO - [2026-09-27T03:07:49.554+0000] {dag.py:2726} INFO - Sync 1 DAGs
[2026-09-27T03:07:49.601+0000] {logging_mixin.py:149} INFO - [2026-09-27T03:07:49.600+0000] {dag.py:3490} INFO - Setting next_dagrun for tutorial_taskflow_api_virtualenv to None, run_after=None
[2026-09-27T03:07:49.630+0000] {processor.py:178} INFO - Processing /home/airflow/.local/lib/python3.7/site-packages/airflow/example_dags/tutorial_taskflow_api_virtualenv.py took 0.140 seconds
[2026-09-27T03:08:20.073+0000] {processor.py:156} INFO - Started process (PID=2625) to work on /home/airflow/.local/lib/python3.7/site-packages/airflow/example_dags/tutorial_taskflow_api_virtualenv.py
[2026-09-27T03:08:20.076+0000] {processor.py:799} INFO - Processing file /home/airflow/.local/lib/python3.7/site-packages/airflow/example_dags/tutorial_taskflow_api_virtualenv.py for tasks to queue
[2026-09-27T03:08:20.077+0000] {logging_mixin.py:149} INFO - [2026-09-27T03:08:20.076+0000] {dagbag.py:541} INFO - Filling up the DagBag from /home/airflow/.local/lib/python3.7/site-packages/airflow/example_dags/tutorial_taskflow_api_virtualenv.py
[2026-09-27T03:08:20.089+0000] {processor.py:809} INFO - DAG(s) dict_keys(['tutorial_taskflow_api_virtualenv']) retrieved from /home/airflow/.local/lib/python3.7/site-packages/airflow/example_dags/tutorial_taskflow_api_virtualenv.py
[2026-09-27T03:08:20.133+0000] {logging_mixin.py:149} INFO - [2026-09-27T03:08:20.133+0000] {dag.py:2726} INFO - Sync 1 DAGs
[2026-09-27T03:08:20.178+0000] {logging_mixin.py:149} INFO - [2026-09-27T03:08:20.178+0000] {dag.py:3490} INFO - Setting next_dagrun for tutorial_taskflow_api_virtualenv to None, run_after=None
[2026-09-27T03:08:20.215+0000] {processor.py:178} INFO - Processing /home/airflow/.local/lib/python3.7/site-packages/airflow/example_dags/tutorial_taskflow_api_virtualenv.py took 0.149 seconds
[2026-09-27T03:08:51.524+0000] {processor.py:156} INFO - Started process (PID=2681) to work on /home/airflow/.local/lib/python3.7/site-packages/airflow/example_dags/tutorial_taskflow_api_virtualenv.py
[2026-09-27T03:08:51.527+0000] {processor.py:799} INFO - Processing file /home/airflow/.local/lib/python3.7/site-packages/airflow/example_dags/tutorial_taskflow_api_virtualenv.py for tasks to queue
[2026-09-27T03:08:51.528+0000] {logging_mixin.py:149} INFO - [2026-09-27T03:08:51.528+0000] {dagbag.py:541} INFO - Filling up the DagBag from /home/airflow/.local/lib/python3.7/site-packages/airflow/example_dags/tutorial_taskflow_api_virtualenv.py
[2026-09-27T03:08:51.541+0000] {processor.py:809} INFO - DAG(s) dict_keys(['tutorial_taskflow_api_virtualenv']) retrieved from /home/airflow/.local/lib/python3.7/site-packages/airflow/example_dags/tutorial_taskflow_api_virtualenv.py
[2026-09-27T03:08:51.591+0000] {logging_mixin.py:149} INFO - [2026-09-27T03:08:51.590+0000] {dag.py:2726} INFO - Sync 1 DAGs
[2026-09-27T03:08:51.641+0000] {logging_mixin.py:149} INFO - [2026-09-27T03:08:51.641+0000] {dag.py:3490} INFO - Setting next_dagrun for tutorial_taskflow_api_virtualenv to None, run_after=None
[2026-09-27T03:08:51.676+0000] {processor.py:178} INFO - Processing /home/airflow/.local/lib/python3.7/site-packages/airflow/example_dags/tutorial_taskflow_api_virtualenv.py took 0.160 seconds
[2026-09-27T03:09:22.327+0000] {processor.py:156} INFO - Started process (PID=2737) to work on /home/airflow/.local/lib/python3.7/site-packages/airflow/example_dags/tutorial_taskflow_api_virtualenv.py
[2026-09-27T03:09:22.328+0000] {processor.py:799} INFO - Processing file /home/airflow/.local/lib/python3.7/site-packages/airflow/example_dags/tutorial_taskflow_api_virtualenv.py for tasks to queue
[2026-09-27T03:09:22.330+0000] {logging_mixin.py:149} INFO - [2026-09-27T03:09:22.330+0000] {dagbag.py:541} INFO - Filling up the DagBag from /home/airflow/.local/lib/python3.7/site-packages/airflow/example_dags/tutorial_taskflow_api_virtualenv.py
[2026-09-27T03:09:22.342+0000] {processor.py:809} INFO - DAG(s) dict_keys(['tutorial_taskflow_api_virtualenv']) retrieved from /home/airflow/.local/lib/python3.7/site-packages/airflow/example_dags/tutorial_taskflow_api_virtualenv.py
[2026-09-27T03:09:22.389+0000] {logging_mixin.py:149} INFO - [2026-09-27T03:09:22.389+0000] {dag.py:2726} INFO - Sync 1 DAGs
[2026-09-27T03:09:22.435+0000] {logging_mixin.py:149} INFO - [2026-09-27T03:09:22.435+0000] {dag.py:3490} INFO - Setting next_dagrun for tutorial_taskflow_api_virtualenv to None, run_after=None
[2026-09-27T03:09:22.467+0000] {processor.py:178} INFO - Processing /home/airflow/.local/lib/python3.7/site-packages/airflow/example_dags/tutorial_taskflow_api_virtualenv.py took 0.146 seconds
[2026-09-27T03:09:53.161+0000] {processor.py:156} INFO - Started process (PID=2793) to work on /home/airflow/.local/lib/python3.7/site-packages/airflow/example_dags/tutorial_taskflow_api_virtualenv.py
[2026-09-27T03:09:53.163+0000] {processor.py:799} INFO - Processing file /home/airflow/.local/lib/python3.7/site-packages/airflow/example_dags/tutorial_taskflow_api_virtualenv.py for tasks to queue
[2026-09-27T03:09:53.164+0000] {logging_mixin.py:149} INFO - [2026-09-27T03:09:53.163+0000] {dagbag.py:541} INFO - Filling up the DagBag from /home/airflow/.local/lib/python3.7/site-packages/airflow/example_dags/tutorial_taskflow_api_virtualenv.py
[2026-09-27T03:09:53.176+0000] {processor.py:809} INFO - DAG(s) dict_keys(['tutorial_taskflow_api_virtualenv']) retrieved from /home/airflow/.local/lib/python3.7/site-packages/airflow/example_dags/tutorial_taskflow_api_virtualenv.py
[2026-09-27T03:09:53.225+0000] {logging_mixin.py:149} INFO - [2026-09-27T03:09:53.224+0000] {dag.py:2726} INFO - Sync 1 DAGs
[2026-09-27T03:09:53.271+0000] {logging_mixin.py:149} INFO - [2026-09-27T03:09:53.271+0000] {dag.py:3490} INFO - Setting next_dagrun for tutorial_taskflow_api_virtualenv to None, run_after=None
[2026-09-27T03:09:53.303+0000] {processor.py:178} INFO - Processing /home/airflow/.local/lib/python3.7/site-packages/airflow/example_dags/tutorial_taskflow_api_virtualenv.py took 0.149 seconds
[2026-09-27T03:10:23.970+0000] {processor.py:156} INFO - Started process (PID=2849) to work on /home/airflow/.local/lib/python3.7/site-packages/airflow/example_dags/tutorial_taskflow_api_virtualenv.py
[2026-09-27T03:10:23.972+0000] {processor.py:799} INFO - Processing file /home/airflow/.local/lib/python3.7/site-packages/airflow/example_dags/tutorial_taskflow_api_virtualenv.py for tasks to queue
[2026-09-27T03:10:23.973+0000] {logging_mixin.py:149} INFO - [2026-09-27T03:10:23.973+0000] {dagbag.py:541} INFO - Filling up the DagBag from /home/airflow/.local/lib/python3.7/site-packages/airflow/example_dags/tutorial_taskflow_api_virtualenv.py
[2026-09-27T03:10:23.987+0000] {processor.py:809} INFO - DAG(s) dict_keys(['tutorial_taskflow_api_virtualenv']) retrieved from /home/airflow/.local/lib/python3.7/site-packages/airflow/example_dags/tutorial_taskflow_api_virtualenv.py
[2026-09-27T03:10:24.029+0000] {logging_mixin.py:149} INFO - [2026-09-27T03:10:24.028+0000] {dag.py:2726} INFO - Sync 1 DAGs
[2026-09-27T03:10:24.069+0000] {logging_mixin.py:149} INFO - [2026-09-27T03:10:24.069+0000] {dag.py:3490} INFO - Setting next_dagrun for tutorial_taskflow_api_virtualenv to None, run_after=None
[2026-09-27T03:10:24.098+0000] {processor.py:178} INFO - Processing /home/airflow/.local/lib/python3.7/site-packages/airflow/example_dags/tutorial_taskflow_api_virtualenv.py took 0.135 seconds
[2026-09-27T03:10:54.546+0000] {processor.py:156} INFO - Started process (PID=2906) to work on /home/airflow/.local/lib/python3.7/site-packages/airflow/example_dags/tutorial_taskflow_api_virtualenv.py
[2026-09-27T03:10:54.548+0000] {processor.py:799} INFO - Processing file /home/airflow/.local/lib/python3.7/site-packages/airflow/example_dags/tutorial_taskflow_api_virtualenv.py for tasks to queue
[2026-09-27T03:10:54.549+0000] {logging_mixin.py:149} INFO - [2026-09-27T03:10:54.549+0000] {dagbag.py:541} INFO - Filling up the DagBag from /home/airflow/.local/lib/python3.7/site-packages/airflow/example_dags/tutorial_taskflow_api_virtualenv.py
[2026-09-27T03:10:54.561+0000] {processor.py:809} INFO - DAG(s) dict_keys(['tutorial_taskflow_api_virtualenv']) retrieved from /home/airflow/.local/lib/python3.7/site-packages/airflow/example_dags/tutorial_taskflow_api_virtualenv.py
[2026-09-27T03:10:54.608+0000] {logging_mixin.py:149} INFO - [2026-09-27T03:10:54.608+0000] {dag.py:2726} INFO - Sync 1 DAGs
[2026-09-27T03:10:54.656+0000] {logging_mixin.py:149} INFO - [2026-09-27T03:10:54.656+0000] {dag.py:3490} INFO - Setting next_dagrun for tutorial_taskflow_api_virtualenv to None, run_after=None
[2026-09-27T03:10:54.685+0000] {processor.py:178} INFO - Processing /home/airflow/.local/lib/python3.7/site-packages/airflow/example_dags/tutorial_taskflow_api_virtualenv.py took 0.145 seconds
[2026-09-27T03:11:25.136+0000] {processor.py:156} INFO - Started process (PID=2962) to work on /home/airflow/.local/lib/python3.7/site-packages/airflow/example_dags/tutorial_taskflow_api_virtualenv.py
[2026-09-27T03:11:25.137+0000] {processor.py:799} INFO - Processing file /home/airflow/.local/lib/python3.7/site-packages/airflow/example_dags/tutorial_taskflow_api_virtualenv.py for tasks to queue
[2026-09-27T03:11:25.138+0000] {logging_mixin.py:149} INFO - [2026-09-27T03:11:25.138+0000] {dagbag.py:541} INFO - Filling up the DagBag from /home/airflow/.local/lib/python3.7/site-packages/airflow/example_dags/tutorial_taskflow_api_virtualenv.py
[2026-09-27T03:11:25.154+0000] {processor.py:809} INFO - DAG(s) dict_keys(['tutorial_taskflow_api_virtualenv']) retrieved from /home/airflow/.local/lib/python3.7/site-packages/airflow/example_dags/tutorial_taskflow_api_virtualenv.py
[2026-09-27T03:11:25.204+0000] {logging_mixin.py:149} INFO - [2026-09-27T03:11:25.203+0000] {dag.py:2726} INFO - Sync 1 DAGs
[2026-09-27T03:11:25.254+0000] {logging_mixin.py:149} INFO - [2026-09-27T03:11:25.253+0000] {dag.py:3490} INFO - Setting next_dagrun for tutorial_taskflow_api_virtualenv to None, run_after=None
[2026-09-27T03:11:25.286+0000] {processor.py:178} INFO - Processing /home/airflow/.local/lib/python3.7/site-packages/airflow/example_dags/tutorial_taskflow_api_virtualenv.py took 0.157 seconds
[2026-09-27T03:11:56.130+0000] {processor.py:156} INFO - Started process (PID=3017) to work on /home/airflow/.local/lib/python3.7/site-packages/airflow/example_dags/tutorial_taskflow_api_virtualenv.py
[2026-09-27T03:11:56.132+0000] {processor.py:799} INFO - Processing file /home/airflow/.local/lib/python3.7/site-packages/airflow/example_dags/tutorial_taskflow_api_virtualenv.py for tasks to queue
[2026-09-27T03:11:56.133+0000] {logging_mixin.py:149} INFO - [2026-09-27T03:11:56.133+0000] {dagbag.py:541} INFO - Filling up the DagBag from /home/airflow/.local/lib/python3.7/site-packages/airflow/example_dags/tutorial_taskflow_api_virtualenv.py
[2026-09-27T03:11:56.146+0000] {processor.py:809} INFO - DAG(s) dict_keys(['tutorial_taskflow_api_virtualenv']) retrieved from /home/airflow/.local/lib/python3.7/site-packages/airflow/example_dags/tutorial_taskflow_api_virtualenv.py
[2026-09-27T03:11:56.195+0000] {logging_mixin.py:149} INFO - [2026-09-27T03:11:56.195+0000] {dag.py:2726} INFO - Sync 1 DAGs
[2026-09-27T03:11:56.244+0000] {logging_mixin.py:149} INFO - [2026-09-27T03:11:56.244+0000] {dag.py:3490} INFO - Setting next_dagrun for tutorial_taskflow_api_virtualenv to None, run_after=None
[2026-09-27T03:11:56.283+0000] {processor.py:178} INFO - Processing /home/airflow/.local/lib/python3.7/site-packages/airflow/example_dags/tutorial_taskflow_api_virtualenv.py took 0.160 seconds
[2026-09-27T03:12:26.937+0000] {processor.py:156} INFO - Started process (PID=3073) to work on /home/airflow/.local/lib/python3.7/site-packages/airflow/example_dags/tutorial_taskflow_api_virtualenv.py
[2026-09-27T03:12:26.938+0000] {processor.py:799} INFO - Processing file /home/airflow/.local/lib/python3.7/site-packages/airflow/example_dags/tutorial_taskflow_api_virtualenv.py for tasks to queue
[2026-09-27T03:12:26.940+0000] {logging_mixin.py:149} INFO - [2026-09-27T03:12:26.940+0000] {dagbag.py:541} INFO - Filling up the DagBag from /home/airflow/.local/lib/python3.7/site-packages/airflow/example_dags/tutorial_taskflow_api_virtualenv.py
[2026-09-27T03:12:26.951+0000] {processor.py:809} INFO - DAG(s) dict_keys(['tutorial_taskflow_api_virtualenv']) retrieved from /home/airflow/.local/lib/python3.7/site-packages/airflow/example_dags/tutorial_taskflow_api_virtualenv.py
[2026-09-27T03:12:26.994+0000] {logging_mixin.py:149} INFO - [2026-09-27T03:12:26.994+0000] {dag.py:2726} INFO - Sync 1 DAGs
[2026-09-27T03:12:27.042+0000] {logging_mixin.py:149} INFO - [2026-09-27T03:12:27.042+0000] {dag.py:3490} INFO - Setting next_dagrun for tutorial_taskflow_api_virtualenv to None, run_after=None
[2026-09-27T03:12:27.072+0000] {processor.py:178} INFO - Processing /home/airflow/.local/lib/python3.7/site-packages/airflow/example_dags/tutorial_taskflow_api_virtualenv.py took 0.141 seconds
[2026-09-27T03:12:57.647+0000] {processor.py:156} INFO - Started process (PID=3129) to work on /home/airflow/.local/lib/python3.7/site-packages/airflow/example_dags/tutorial_taskflow_api_virtualenv.py
[2026-09-27T03:12:57.649+0000] {processor.py:799} INFO - Processing file /home/airflow/.local/lib/python3.7/site-packages/airflow/example_dags/tutorial_taskflow_api_virtualenv.py for tasks to queue
[2026-09-27T03:12:57.650+0000] {logging_mixin.py:149} INFO - [2026-09-27T03:12:57.650+0000] {dagbag.py:541} INFO - Filling up the DagBag from /home/airflow/.local/lib/python3.7/site-packages/airflow/example_dags/tutorial_taskflow_api_virtualenv.py
[2026-09-27T03:12:57.662+0000] {processor.py:809} INFO - DAG(s) dict_keys(['tutorial_taskflow_api_virtualenv']) retrieved from /home/airflow/.local/lib/python3.7/site-packages/airflow/example_dags/tutorial_taskflow_api_virtualenv.py
[2026-09-27T03:12:57.709+0000] {logging_mixin.py:149} INFO - [2026-09-27T03:12:57.709+0000] {dag.py:2726} INFO - Sync 1 DAGs
[2026-09-27T03:12:57.751+0000] {logging_mixin.py:149} INFO - [2026-09-27T03:12:57.751+0000] {dag.py:3490} INFO - Setting next_dagrun for tutorial_taskflow_api_virtualenv to None, run_after=None
[2026-09-27T03:12:57.781+0000] {processor.py:178} INFO - Processing /home/airflow/.local/lib/python3.7/site-packages/airflow/example_dags/tutorial_taskflow_api_virtualenv.py took 0.140 seconds
[2026-09-27T03:13:28.477+0000] {processor.py:156} INFO - Started process (PID=3185) to work on /home/airflow/.local/lib/python3.7/site-packages/airflow/example_dags/tutorial_taskflow_api_virtualenv.py
[2026-09-27T03:13:28.478+0000] {processor.py:799} INFO - Processing file /home/airflow/.local/lib/python3.7/site-packages/airflow/example_dags/tutorial_taskflow_api_virtualenv.py for tasks to queue
[2026-09-27T03:13:28.479+0000] {logging_mixin.py:149} INFO - [2026-09-27T03:13:28.479+0000] {dagbag.py:541} INFO - Filling up the DagBag from /home/airflow/.local/lib/python3.7/site-packages/airflow/example_dags/tutorial_taskflow_api_virtualenv.py
[2026-09-27T03:13:28.490+0000] {processor.py:809} INFO - DAG(s) dict_keys(['tutorial_taskflow_api_virtualenv']) retrieved from /home/airflow/.local/lib/python3.7/site-packages/airflow/example_dags/tutorial_taskflow_api_virtualenv.py
[2026-09-27T03:13:28.531+0000] {logging_mixin.py:149} INFO - [2026-09-27T03:13:28.531+0000] {dag.py:2726} INFO - Sync 1 DAGs
[2026-09-27T03:13:28.574+0000] {logging_mixin.py:149} INFO - [2026-09-27T03:13:28.574+0000] {dag.py:3490} INFO - Setting next_dagrun for tutorial_taskflow_api_virtualenv to None, run_after=None
[2026-09-27T03:13:28.603+0000] {processor.py:178} INFO - Processing /home/airflow/.local/lib/python3.7/site-packages/airflow/example_dags/tutorial_taskflow_api_virtualenv.py took 0.132 seconds
[2026-09-27T03:13:59.007+0000] {processor.py:156} INFO - Started process (PID=3241) to work on /home/airflow/.local/lib/python3.7/site-packages/airflow/example_dags/tutorial_taskflow_api_virtualenv.py
[2026-09-27T03:13:59.009+0000] {processor.py:799} INFO - Processing file /home/airflow/.local/lib/python3.7/site-packages/airflow/example_dags/tutorial_taskflow_api_virtualenv.py for tasks to queue
[2026-09-27T03:13:59.010+0000] {logging_mixin.py:149} INFO - [2026-09-27T03:13:59.010+0000] {dagbag.py:541} INFO - Filling up the DagBag from /home/airflow/.local/lib/python3.7/site-packages/airflow/example_dags/tutorial_taskflow_api_virtualenv.py
[2026-09-27T03:13:59.023+0000] {processor.py:809} INFO - DAG(s) dict_keys(['tutorial_taskflow_api_virtualenv']) retrieved from /home/airflow/.local/lib/python3.7/site-packages/airflow/example_dags/tutorial_taskflow_api_virtualenv.py
[2026-09-27T03:13:59.061+0000] {logging_mixin.py:149} INFO - [2026-09-27T03:13:59.060+0000] {dag.py:2726} INFO - Sync 1 DAGs
[2026-09-27T03:13:59.103+0000] {logging_mixin.py:149} INFO - [2026-09-27T03:13:59.103+0000] {dag.py:3490} INFO - Setting next_dagrun for tutorial_taskflow_api_virtualenv to None, run_after=None
[2026-09-27T03:13:59.129+0000] {processor.py:178} INFO - Processing /home/airflow/.local/lib/python3.7/site-packages/airflow/example_dags/tutorial_taskflow_api_virtualenv.py took 0.130 seconds
[2026-09-27T03:14:29.970+0000] {processor.py:156} INFO - Started process (PID=3297) to work on /home/airflow/.local/lib/python3.7/site-packages/airflow/example_dags/tutorial_taskflow_api_virtualenv.py
[2026-09-27T03:14:29.971+0000] {processor.py:799} INFO - Processing file /home/airflow/.local/lib/python3.7/site-packages/airflow/example_dags/tutorial_taskflow_api_virtualenv.py for tasks to queue
[2026-09-27T03:14:29.973+0000] {logging_mixin.py:149} INFO - [2026-09-27T03:14:29.972+0000] {dagbag.py:541} INFO - Filling up the DagBag from /home/airflow/.local/lib/python3.7/site-packages/airflow/example_dags/tutorial_taskflow_api_virtualenv.py
[2026-09-27T03:14:29.984+0000] {processor.py:809} INFO - DAG(s) dict_keys(['tutorial_taskflow_api_virtualenv']) retrieved from /home/airflow/.local/lib/python3.7/site-packages/airflow/example_dags/tutorial_taskflow_api_virtualenv.py
[2026-09-27T03:14:30.034+0000] {logging_mixin.py:149} INFO - [2026-09-27T03:14:30.033+0000] {dag.py:2726} INFO - Sync 1 DAGs
[2026-09-27T03:14:30.073+0000] {logging_mixin.py:149} INFO - [2026-09-27T03:14:30.073+0000] {dag.py:3490} INFO - Setting next_dagrun for tutorial_taskflow_api_virtualenv to None, run_after=None
[2026-09-27T03:14:30.101+0000] {processor.py:178} INFO - Processing /home/airflow/.local/lib/python3.7/site-packages/airflow/example_dags/tutorial_taskflow_api_virtualenv.py took 0.137 seconds
[2026-09-27T03:15:00.711+0000] {processor.py:156} INFO - Started process (PID=3353) to work on /home/airflow/.local/lib/python3.7/site-packages/airflow/example_dags/tutorial_taskflow_api_virtualenv.py
[2026-09-27T03:15:00.713+0000] {processor.py:799} INFO - Processing file /home/airflow/.local/lib/python3.7/site-packages/airflow/example_dags/tutorial_taskflow_api_virtualenv.py for tasks to queue
[2026-09-27T03:15:00.714+0000] {logging_mixin.py:149} INFO - [2026-09-27T03:15:00.713+0000] {dagbag.py:541} INFO - Filling up the DagBag from /home/airflow/.local/lib/python3.7/site-packages/airflow/example_dags/tutorial_taskflow_api_virtualenv.py
[2026-09-27T03:15:00.724+0000] {processor.py:809} INFO - DAG(s) dict_keys(['tutorial_taskflow_api_virtualenv']) retrieved from /home/airflow/.local/lib/python3.7/site-packages/airflow/example_dags/tutorial_taskflow_api_virtualenv.py
[2026-09-27T03:15:00.765+0000] {logging_mixin.py:149} INFO - [2026-09-27T03:15:00.765+0000] {dag.py:2726} INFO - Sync 1 DAGs
[2026-09-27T03:15:00.806+0000] {logging_mixin.py:149} INFO - [2026-09-27T03:15:00.806+0000] {dag.py:3490} INFO - Setting next_dagrun for tutorial_taskflow_api_virtualenv to None, run_after=None
[2026-09-27T03:15:00.833+0000] {processor.py:178} INFO - Processing /home/airflow/.local/lib/python3.7/site-packages/airflow/example_dags/tutorial_taskflow_api_virtualenv.py took 0.128 seconds
[2026-09-27T03:15:31.470+0000] {processor.py:156} INFO - Started process (PID=3409) to work on /home/airflow/.local/lib/python3.7/site-packages/airflow/example_dags/tutorial_taskflow_api_virtualenv.py
[2026-09-27T03:15:31.471+0000] {processor.py:799} INFO - Processing file /home/airflow/.local/lib/python3.7/site-packages/airflow/example_dags/tutorial_taskflow_api_virtualenv.py for tasks to queue
[2026-09-27T03:15:31.472+0000] {logging_mixin.py:149} INFO - [2026-09-27T03:15:31.472+0000] {dagbag.py:541} INFO - Filling up the DagBag from /home/airflow/.local/lib/python3.7/site-packages/airflow/example_dags/tutorial_taskflow_api_virtualenv.py
[2026-09-27T03:15:31.484+0000] {processor.py:809} INFO - DAG(s) dict_keys(['tutorial_taskflow_api_virtualenv']) retrieved from /home/airflow/.local/lib/python3.7/site-packages/airflow/example_dags/tutorial_taskflow_api_virtualenv.py
[2026-09-27T03:15:31.524+0000] {logging_mixin.py:149} INFO - [2026-09-27T03:15:31.523+0000] {dag.py:2726} INFO - Sync 1 DAGs
[2026-09-27T03:15:31.567+0000] {logging_mixin.py:149} INFO - [2026-09-27T03:15:31.567+0000] {dag.py:3490} INFO - Setting next_dagrun for tutorial_taskflow_api_virtualenv to None, run_after=None
[2026-09-27T03:15:31.597+0000] {processor.py:178} INFO - Processing /home/airflow/.local/lib/python3.7/site-packages/airflow/example_dags/tutorial_taskflow_api_virtualenv.py took 0.133 seconds
[2026-09-27T03:16:01.919+0000] {processor.py:156} INFO - Started process (PID=3465) to work on /home/airflow/.local/lib/python3.7/site-packages/airflow/example_dags/tutorial_taskflow_api_virtualenv.py
[2026-09-27T03:16:01.921+0000] {processor.py:799} INFO - Processing file /home/airflow/.local/lib/python3.7/site-packages/airflow/example_dags/tutorial_taskflow_api_virtualenv.py for tasks to queue
[2026-09-27T03:16:01.923+0000] {logging_mixin.py:149} INFO - [2026-09-27T03:16:01.922+0000] {dagbag.py:541} INFO - Filling up the DagBag from /home/airflow/.local/lib/python3.7/site-packages/airflow/example_dags/tutorial_taskflow_api_virtualenv.py
[2026-09-27T03:16:01.934+0000] {processor.py:809} INFO - DAG(s) dict_keys(['tutorial_taskflow_api_virtualenv']) retrieved from /home/airflow/.local/lib/python3.7/site-packages/airflow/example_dags/tutorial_taskflow_api_virtualenv.py
[2026-09-27T03:16:01.975+0000] {logging_mixin.py:149} INFO - [2026-09-27T03:16:01.975+0000] {dag.py:2726} INFO - Sync 1 DAGs
[2026-09-27T03:16:02.019+0000] {logging_mixin.py:149} INFO - [2026-09-27T03:16:02.019+0000] {dag.py:3490} INFO - Setting next_dagrun for tutorial_taskflow_api_virtualenv to None, run_after=None
[2026-09-27T03:16:02.049+0000] {processor.py:178} INFO - Processing /home/airflow/.local/lib/python3.7/site-packages/airflow/example_dags/tutorial_taskflow_api_virtualenv.py took 0.137 seconds
[2026-09-27T03:16:33.225+0000] {processor.py:156} INFO - Started process (PID=3521) to work on /home/airflow/.local/lib/python3.7/site-packages/airflow/example_dags/tutorial_taskflow_api_virtualenv.py
[2026-09-27T03:16:33.227+0000] {processor.py:799} INFO - Processing file /home/airflow/.local/lib/python3.7/site-packages/airflow/example_dags/tutorial_taskflow_api_virtualenv.py for tasks to queue
[2026-09-27T03:16:33.229+0000] {logging_mixin.py:149} INFO - [2026-09-27T03:16:33.228+0000] {dagbag.py:541} INFO - Filling up the DagBag from /home/airflow/.local/lib/python3.7/site-packages/airflow/example_dags/tutorial_taskflow_api_virtualenv.py
[2026-09-27T03:16:33.239+0000] {processor.py:809} INFO - DAG(s) dict_keys(['tutorial_taskflow_api_virtualenv']) retrieved from /home/airflow/.local/lib/python3.7/site-packages/airflow/example_dags/tutorial_taskflow_api_virtualenv.py
[2026-09-27T03:16:33.286+0000] {logging_mixin.py:149} INFO - [2026-09-27T03:16:33.286+0000] {dag.py:2726} INFO - Sync 1 DAGs
[2026-09-27T03:16:33.334+0000] {logging_mixin.py:149} INFO - [2026-09-27T03:16:33.334+0000] {dag.py:3490} INFO - Setting next_dagrun for tutorial_taskflow_api_virtualenv to None, run_after=None
[2026-09-27T03:16:33.364+0000] {processor.py:178} INFO - Processing /home/airflow/.local/lib/python3.7/site-packages/airflow/example_dags/tutorial_taskflow_api_virtualenv.py took 0.146 seconds
[2026-09-27T03:17:04.492+0000] {processor.py:156} INFO - Started process (PID=3589) to work on /home/airflow/.local/lib/python3.7/site-packages/airflow/example_dags/tutorial_taskflow_api_virtualenv.py
[2026-09-27T03:17:04.495+0000] {processor.py:799} INFO - Processing file /home/airflow/.local/lib/python3.7/site-packages/airflow/example_dags/tutorial_taskflow_api_virtualenv.py for tasks to queue
[2026-09-27T03:17:04.496+0000] {logging_mixin.py:149} INFO - [2026-09-27T03:17:04.496+0000] {dagbag.py:541} INFO - Filling up the DagBag from /home/airflow/.local/lib/python3.7/site-packages/airflow/example_dags/tutorial_taskflow_api_virtualenv.py
[2026-09-27T03:17:04.508+0000] {processor.py:809} INFO - DAG(s) dict_keys(['tutorial_taskflow_api_virtualenv']) retrieved from /home/airflow/.local/lib/python3.7/site-packages/airflow/example_dags/tutorial_taskflow_api_virtualenv.py
[2026-09-27T03:17:04.549+0000] {logging_mixin.py:149} INFO - [2026-09-27T03:17:04.548+0000] {dag.py:2726} INFO - Sync 1 DAGs
[2026-09-27T03:17:04.590+0000] {logging_mixin.py:149} INFO - [2026-09-27T03:17:04.590+0000] {dag.py:3490} INFO - Setting next_dagrun for tutorial_taskflow_api_virtualenv to None, run_after=None
[2026-09-27T03:17:04.618+0000] {processor.py:178} INFO - Processing /home/airflow/.local/lib/python3.7/site-packages/airflow/example_dags/tutorial_taskflow_api_virtualenv.py took 0.132 seconds
[2026-09-27T03:17:35.754+0000] {processor.py:156} INFO - Started process (PID=3648) to work on /home/airflow/.local/lib/python3.7/site-packages/airflow/example_dags/tutorial_taskflow_api_virtualenv.py
[2026-09-27T03:17:35.756+0000] {processor.py:799} INFO - Processing file /home/airflow/.local/lib/python3.7/site-packages/airflow/example_dags/tutorial_taskflow_api_virtualenv.py for tasks to queue
[2026-09-27T03:17:35.757+0000] {logging_mixin.py:149} INFO - [2026-09-27T03:17:35.757+0000] {dagbag.py:541} INFO - Filling up the DagBag from /home/airflow/.local/lib/python3.7/site-packages/airflow/example_dags/tutorial_taskflow_api_virtualenv.py
[2026-09-27T03:17:35.768+0000] {processor.py:809} INFO - DAG(s) dict_keys(['tutorial_taskflow_api_virtualenv']) retrieved from /home/airflow/.local/lib/python3.7/site-packages/airflow/example_dags/tutorial_taskflow_api_virtualenv.py
[2026-09-27T03:17:35.808+0000] {logging_mixin.py:149} INFO - [2026-09-27T03:17:35.807+0000] {dag.py:2726} INFO - Sync 1 DAGs
[2026-09-27T03:17:35.856+0000] {logging_mixin.py:149} INFO - [2026-09-27T03:17:35.855+0000] {dag.py:3490} INFO - Setting next_dagrun for tutorial_taskflow_api_virtualenv to None, run_after=None
[2026-09-27T03:17:35.886+0000] {processor.py:178} INFO - Processing /home/airflow/.local/lib/python3.7/site-packages/airflow/example_dags/tutorial_taskflow_api_virtualenv.py took 0.139 seconds
[2026-09-27T03:18:06.614+0000] {processor.py:156} INFO - Started process (PID=3703) to work on /home/airflow/.local/lib/python3.7/site-packages/airflow/example_dags/tutorial_taskflow_api_virtualenv.py
[2026-09-27T03:18:06.620+0000] {processor.py:799} INFO - Processing file /home/airflow/.local/lib/python3.7/site-packages/airflow/example_dags/tutorial_taskflow_api_virtualenv.py for tasks to queue
[2026-09-27T03:18:06.622+0000] {logging_mixin.py:149} INFO - [2026-09-27T03:18:06.622+0000] {dagbag.py:541} INFO - Filling up the DagBag from /home/airflow/.local/lib/python3.7/site-packages/airflow/example_dags/tutorial_taskflow_api_virtualenv.py
[2026-09-27T03:18:06.638+0000] {processor.py:809} INFO - DAG(s) dict_keys(['tutorial_taskflow_api_virtualenv']) retrieved from /home/airflow/.local/lib/python3.7/site-packages/airflow/example_dags/tutorial_taskflow_api_virtualenv.py
[2026-09-27T03:18:06.691+0000] {logging_mixin.py:149} INFO - [2026-09-27T03:18:06.691+0000] {dag.py:2726} INFO - Sync 1 DAGs
[2026-09-27T03:18:06.742+0000] {logging_mixin.py:149} INFO - [2026-09-27T03:18:06.742+0000] {dag.py:3490} INFO - Setting next_dagrun for tutorial_taskflow_api_virtualenv to None, run_after=None
[2026-09-27T03:18:06.788+0000] {processor.py:178} INFO - Processing /home/airflow/.local/lib/python3.7/site-packages/airflow/example_dags/tutorial_taskflow_api_virtualenv.py took 0.181 seconds
[2026-09-27T03:18:37.339+0000] {processor.py:156} INFO - Started process (PID=3760) to work on /home/airflow/.local/lib/python3.7/site-packages/airflow/example_dags/tutorial_taskflow_api_virtualenv.py
[2026-09-27T03:18:37.341+0000] {processor.py:799} INFO - Processing file /home/airflow/.local/lib/python3.7/site-packages/airflow/example_dags/tutorial_taskflow_api_virtualenv.py for tasks to queue
[2026-09-27T03:18:37.342+0000] {logging_mixin.py:149} INFO - [2026-09-27T03:18:37.341+0000] {dagbag.py:541} INFO - Filling up the DagBag from /home/airflow/.local/lib/python3.7/site-packages/airflow/example_dags/tutorial_taskflow_api_virtualenv.py
[2026-09-27T03:18:37.352+0000] {processor.py:809} INFO - DAG(s) dict_keys(['tutorial_taskflow_api_virtualenv']) retrieved from /home/airflow/.local/lib/python3.7/site-packages/airflow/example_dags/tutorial_taskflow_api_virtualenv.py
[2026-09-27T03:18:37.395+0000] {logging_mixin.py:149} INFO - [2026-09-27T03:18:37.395+0000] {dag.py:2726} INFO - Sync 1 DAGs
[2026-09-27T03:18:37.439+0000] {logging_mixin.py:149} INFO - [2026-09-27T03:18:37.438+0000] {dag.py:3490} INFO - Setting next_dagrun for tutorial_taskflow_api_virtualenv to None, run_after=None
[2026-09-27T03:18:37.467+0000] {processor.py:178} INFO - Processing /home/airflow/.local/lib/python3.7/site-packages/airflow/example_dags/tutorial_taskflow_api_virtualenv.py took 0.135 seconds
[2026-09-27T03:19:08.058+0000] {processor.py:156} INFO - Started process (PID=3817) to work on /home/airflow/.local/lib/python3.7/site-packages/airflow/example_dags/tutorial_taskflow_api_virtualenv.py
[2026-09-27T03:19:08.060+0000] {processor.py:799} INFO - Processing file /home/airflow/.local/lib/python3.7/site-packages/airflow/example_dags/tutorial_taskflow_api_virtualenv.py for tasks to queue
[2026-09-27T03:19:08.061+0000] {logging_mixin.py:149} INFO - [2026-09-27T03:19:08.061+0000] {dagbag.py:541} INFO - Filling up the DagBag from /home/airflow/.local/lib/python3.7/site-packages/airflow/example_dags/tutorial_taskflow_api_virtualenv.py
[2026-09-27T03:19:08.073+0000] {processor.py:809} INFO - DAG(s) dict_keys(['tutorial_taskflow_api_virtualenv']) retrieved from /home/airflow/.local/lib/python3.7/site-packages/airflow/example_dags/tutorial_taskflow_api_virtualenv.py
[2026-09-27T03:19:08.117+0000] {logging_mixin.py:149} INFO - [2026-09-27T03:19:08.117+0000] {dag.py:2726} INFO - Sync 1 DAGs
[2026-09-27T03:19:08.163+0000] {logging_mixin.py:149} INFO - [2026-09-27T03:19:08.163+0000] {dag.py:3490} INFO - Setting next_dagrun for tutorial_taskflow_api_virtualenv to None, run_after=None
[2026-09-27T03:19:08.192+0000] {processor.py:178} INFO - Processing /home/airflow/.local/lib/python3.7/site-packages/airflow/example_dags/tutorial_taskflow_api_virtualenv.py took 0.142 seconds
[2026-09-27T03:19:39.251+0000] {processor.py:156} INFO - Started process (PID=3872) to work on /home/airflow/.local/lib/python3.7/site-packages/airflow/example_dags/tutorial_taskflow_api_virtualenv.py
[2026-09-27T03:19:39.253+0000] {processor.py:799} INFO - Processing file /home/airflow/.local/lib/python3.7/site-packages/airflow/example_dags/tutorial_taskflow_api_virtualenv.py for tasks to queue
[2026-09-27T03:19:39.255+0000] {logging_mixin.py:149} INFO - [2026-09-27T03:19:39.254+0000] {dagbag.py:541} INFO - Filling up the DagBag from /home/airflow/.local/lib/python3.7/site-packages/airflow/example_dags/tutorial_taskflow_api_virtualenv.py
[2026-09-27T03:19:39.270+0000] {processor.py:809} INFO - DAG(s) dict_keys(['tutorial_taskflow_api_virtualenv']) retrieved from /home/airflow/.local/lib/python3.7/site-packages/airflow/example_dags/tutorial_taskflow_api_virtualenv.py
[2026-09-27T03:19:39.310+0000] {logging_mixin.py:149} INFO - [2026-09-27T03:19:39.310+0000] {dag.py:2726} INFO - Sync 1 DAGs
[2026-09-27T03:19:39.365+0000] {logging_mixin.py:149} INFO - [2026-09-27T03:19:39.365+0000] {dag.py:3490} INFO - Setting next_dagrun for tutorial_taskflow_api_virtualenv to None, run_after=None
[2026-09-27T03:19:39.411+0000] {processor.py:178} INFO - Processing /home/airflow/.local/lib/python3.7/site-packages/airflow/example_dags/tutorial_taskflow_api_virtualenv.py took 0.169 seconds
[2026-09-27T03:20:10.173+0000] {processor.py:156} INFO - Started process (PID=3928) to work on /home/airflow/.local/lib/python3.7/site-packages/airflow/example_dags/tutorial_taskflow_api_virtualenv.py
[2026-09-27T03:20:10.174+0000] {processor.py:799} INFO - Processing file /home/airflow/.local/lib/python3.7/site-packages/airflow/example_dags/tutorial_taskflow_api_virtualenv.py for tasks to queue
[2026-09-27T03:20:10.175+0000] {logging_mixin.py:149} INFO - [2026-09-27T03:20:10.175+0000] {dagbag.py:541} INFO - Filling up the DagBag from /home/airflow/.local/lib/python3.7/site-packages/airflow/example_dags/tutorial_taskflow_api_virtualenv.py
[2026-09-27T03:20:10.186+0000] {processor.py:809} INFO - DAG(s) dict_keys(['tutorial_taskflow_api_virtualenv']) retrieved from /home/airflow/.local/lib/python3.7/site-packages/airflow/example_dags/tutorial_taskflow_api_virtualenv.py
[2026-09-27T03:20:10.226+0000] {logging_mixin.py:149} INFO - [2026-09-27T03:20:10.226+0000] {dag.py:2726} INFO - Sync 1 DAGs
[2026-09-27T03:20:10.271+0000] {logging_mixin.py:149} INFO - [2026-09-27T03:20:10.271+0000] {dag.py:3490} INFO - Setting next_dagrun for tutorial_taskflow_api_virtualenv to None, run_after=None
[2026-09-27T03:20:10.297+0000] {processor.py:178} INFO - Processing /home/airflow/.local/lib/python3.7/site-packages/airflow/example_dags/tutorial_taskflow_api_virtualenv.py took 0.131 seconds
[2026-09-27T03:20:41.498+0000] {processor.py:156} INFO - Started process (PID=3984) to work on /home/airflow/.local/lib/python3.7/site-packages/airflow/example_dags/tutorial_taskflow_api_virtualenv.py
[2026-09-27T03:20:41.500+0000] {processor.py:799} INFO - Processing file /home/airflow/.local/lib/python3.7/site-packages/airflow/example_dags/tutorial_taskflow_api_virtualenv.py for tasks to queue
[2026-09-27T03:20:41.503+0000] {logging_mixin.py:149} INFO - [2026-09-27T03:20:41.502+0000] {dagbag.py:541} INFO - Filling up the DagBag from /home/airflow/.local/lib/python3.7/site-packages/airflow/example_dags/tutorial_taskflow_api_virtualenv.py
[2026-09-27T03:20:41.520+0000] {processor.py:809} INFO - DAG(s) dict_keys(['tutorial_taskflow_api_virtualenv']) retrieved from /home/airflow/.local/lib/python3.7/site-packages/airflow/example_dags/tutorial_taskflow_api_virtualenv.py
[2026-09-27T03:20:41.572+0000] {logging_mixin.py:149} INFO - [2026-09-27T03:20:41.572+0000] {dag.py:2726} INFO - Sync 1 DAGs
[2026-09-27T03:20:41.620+0000] {logging_mixin.py:149} INFO - [2026-09-27T03:20:41.619+0000] {dag.py:3490} INFO - Setting next_dagrun for tutorial_taskflow_api_virtualenv to None, run_after=None
[2026-09-27T03:20:41.651+0000] {processor.py:178} INFO - Processing /home/airflow/.local/lib/python3.7/site-packages/airflow/example_dags/tutorial_taskflow_api_virtualenv.py took 0.159 seconds
[2026-09-27T03:21:12.400+0000] {processor.py:156} INFO - Started process (PID=4040) to work on /home/airflow/.local/lib/python3.7/site-packages/airflow/example_dags/tutorial_taskflow_api_virtualenv.py
[2026-09-27T03:21:12.402+0000] {processor.py:799} INFO - Processing file /home/airflow/.local/lib/python3.7/site-packages/airflow/example_dags/tutorial_taskflow_api_virtualenv.py for tasks to queue
[2026-09-27T03:21:12.403+0000] {logging_mixin.py:149} INFO - [2026-09-27T03:21:12.403+0000] {dagbag.py:541} INFO - Filling up the DagBag from /home/airflow/.local/lib/python3.7/site-packages/airflow/example_dags/tutorial_taskflow_api_virtualenv.py
[2026-09-27T03:21:12.416+0000] {processor.py:809} INFO - DAG(s) dict_keys(['tutorial_taskflow_api_virtualenv']) retrieved from /home/airflow/.local/lib/python3.7/site-packages/airflow/example_dags/tutorial_taskflow_api_virtualenv.py
[2026-09-27T03:21:12.464+0000] {logging_mixin.py:149} INFO - [2026-09-27T03:21:12.464+0000] {dag.py:2726} INFO - Sync 1 DAGs
[2026-09-27T03:21:12.506+0000] {logging_mixin.py:149} INFO - [2026-09-27T03:21:12.505+0000] {dag.py:3490} INFO - Setting next_dagrun for tutorial_taskflow_api_virtualenv to None, run_after=None
[2026-09-27T03:21:12.534+0000] {processor.py:178} INFO - Processing /home/airflow/.local/lib/python3.7/site-packages/airflow/example_dags/tutorial_taskflow_api_virtualenv.py took 0.141 seconds
[2026-09-27T03:21:43.508+0000] {processor.py:156} INFO - Started process (PID=4096) to work on /home/airflow/.local/lib/python3.7/site-packages/airflow/example_dags/tutorial_taskflow_api_virtualenv.py
[2026-09-27T03:21:43.510+0000] {processor.py:799} INFO - Processing file /home/airflow/.local/lib/python3.7/site-packages/airflow/example_dags/tutorial_taskflow_api_virtualenv.py for tasks to queue
[2026-09-27T03:21:43.512+0000] {logging_mixin.py:149} INFO - [2026-09-27T03:21:43.511+0000] {dagbag.py:541} INFO - Filling up the DagBag from /home/airflow/.local/lib/python3.7/site-packages/airflow/example_dags/tutorial_taskflow_api_virtualenv.py
[2026-09-27T03:21:43.524+0000] {processor.py:809} INFO - DAG(s) dict_keys(['tutorial_taskflow_api_virtualenv']) retrieved from /home/airflow/.local/lib/python3.7/site-packages/airflow/example_dags/tutorial_taskflow_api_virtualenv.py
[2026-09-27T03:21:43.573+0000] {logging_mixin.py:149} INFO - [2026-09-27T03:21:43.573+0000] {dag.py:2726} INFO - Sync 1 DAGs
[2026-09-27T03:21:43.622+0000] {logging_mixin.py:149} INFO - [2026-09-27T03:21:43.622+0000] {dag.py:3490} INFO - Setting next_dagrun for tutorial_taskflow_api_virtualenv to None, run_after=None
[2026-09-27T03:21:43.653+0000] {processor.py:178} INFO - Processing /home/airflow/.local/lib/python3.7/site-packages/airflow/example_dags/tutorial_taskflow_api_virtualenv.py took 0.151 seconds
[2026-09-27T03:22:14.279+0000] {processor.py:156} INFO - Started process (PID=4152) to work on /home/airflow/.local/lib/python3.7/site-packages/airflow/example_dags/tutorial_taskflow_api_virtualenv.py
[2026-09-27T03:22:14.281+0000] {processor.py:799} INFO - Processing file /home/airflow/.local/lib/python3.7/site-packages/airflow/example_dags/tutorial_taskflow_api_virtualenv.py for tasks to queue
[2026-09-27T03:22:14.282+0000] {logging_mixin.py:149} INFO - [2026-09-27T03:22:14.281+0000] {dagbag.py:541} INFO - Filling up the DagBag from /home/airflow/.local/lib/python3.7/site-packages/airflow/example_dags/tutorial_taskflow_api_virtualenv.py
[2026-09-27T03:22:14.295+0000] {processor.py:809} INFO - DAG(s) dict_keys(['tutorial_taskflow_api_virtualenv']) retrieved from /home/airflow/.local/lib/python3.7/site-packages/airflow/example_dags/tutorial_taskflow_api_virtualenv.py
[2026-09-27T03:22:14.338+0000] {logging_mixin.py:149} INFO - [2026-09-27T03:22:14.337+0000] {dag.py:2726} INFO - Sync 1 DAGs
[2026-09-27T03:22:14.378+0000] {logging_mixin.py:149} INFO - [2026-09-27T03:22:14.378+0000] {dag.py:3490} INFO - Setting next_dagrun for tutorial_taskflow_api_virtualenv to None, run_after=None
[2026-09-27T03:22:14.406+0000] {processor.py:178} INFO - Processing /home/airflow/.local/lib/python3.7/site-packages/airflow/example_dags/tutorial_taskflow_api_virtualenv.py took 0.132 seconds
[2026-09-27T03:22:45.458+0000] {processor.py:156} INFO - Started process (PID=4209) to work on /home/airflow/.local/lib/python3.7/site-packages/airflow/example_dags/tutorial_taskflow_api_virtualenv.py
[2026-09-27T03:22:45.460+0000] {processor.py:799} INFO - Processing file /home/airflow/.local/lib/python3.7/site-packages/airflow/example_dags/tutorial_taskflow_api_virtualenv.py for tasks to queue
[2026-09-27T03:22:45.461+0000] {logging_mixin.py:149} INFO - [2026-09-27T03:22:45.461+0000] {dagbag.py:541} INFO - Filling up the DagBag from /home/airflow/.local/lib/python3.7/site-packages/airflow/example_dags/tutorial_taskflow_api_virtualenv.py
[2026-09-27T03:22:45.476+0000] {processor.py:809} INFO - DAG(s) dict_keys(['tutorial_taskflow_api_virtualenv']) retrieved from /home/airflow/.local/lib/python3.7/site-packages/airflow/example_dags/tutorial_taskflow_api_virtualenv.py
[2026-09-27T03:22:45.523+0000] {logging_mixin.py:149} INFO - [2026-09-27T03:22:45.523+0000] {dag.py:2726} INFO - Sync 1 DAGs
[2026-09-27T03:22:45.565+0000] {logging_mixin.py:149} INFO - [2026-09-27T03:22:45.565+0000] {dag.py:3490} INFO - Setting next_dagrun for tutorial_taskflow_api_virtualenv to None, run_after=None
[2026-09-27T03:22:45.597+0000] {processor.py:178} INFO - Processing /home/airflow/.local/lib/python3.7/site-packages/airflow/example_dags/tutorial_taskflow_api_virtualenv.py took 0.146 seconds
[2026-09-27T03:23:16.180+0000] {processor.py:156} INFO - Started process (PID=4265) to work on /home/airflow/.local/lib/python3.7/site-packages/airflow/example_dags/tutorial_taskflow_api_virtualenv.py
[2026-09-27T03:23:16.182+0000] {processor.py:799} INFO - Processing file /home/airflow/.local/lib/python3.7/site-packages/airflow/example_dags/tutorial_taskflow_api_virtualenv.py for tasks to queue
[2026-09-27T03:23:16.183+0000] {logging_mixin.py:149} INFO - [2026-09-27T03:23:16.183+0000] {dagbag.py:541} INFO - Filling up the DagBag from /home/airflow/.local/lib/python3.7/site-packages/airflow/example_dags/tutorial_taskflow_api_virtualenv.py
[2026-09-27T03:23:16.196+0000] {processor.py:809} INFO - DAG(s) dict_keys(['tutorial_taskflow_api_virtualenv']) retrieved from /home/airflow/.local/lib/python3.7/site-packages/airflow/example_dags/tutorial_taskflow_api_virtualenv.py
[2026-09-27T03:23:16.242+0000] {logging_mixin.py:149} INFO - [2026-09-27T03:23:16.242+0000] {dag.py:2726} INFO - Sync 1 DAGs
[2026-09-27T03:23:16.285+0000] {logging_mixin.py:149} INFO - [2026-09-27T03:23:16.285+0000] {dag.py:3490} INFO - Setting next_dagrun for tutorial_taskflow_api_virtualenv to None, run_after=None
[2026-09-27T03:23:16.313+0000] {processor.py:178} INFO - Processing /home/airflow/.local/lib/python3.7/site-packages/airflow/example_dags/tutorial_taskflow_api_virtualenv.py took 0.139 seconds
[2026-09-27T03:23:46.899+0000] {processor.py:156} INFO - Started process (PID=4322) to work on /home/airflow/.local/lib/python3.7/site-packages/airflow/example_dags/tutorial_taskflow_api_virtualenv.py
[2026-09-27T03:23:46.904+0000] {processor.py:799} INFO - Processing file /home/airflow/.local/lib/python3.7/site-packages/airflow/example_dags/tutorial_taskflow_api_virtualenv.py for tasks to queue
[2026-09-27T03:23:46.905+0000] {logging_mixin.py:149} INFO - [2026-09-27T03:23:46.904+0000] {dagbag.py:541} INFO - Filling up the DagBag from /home/airflow/.local/lib/python3.7/site-packages/airflow/example_dags/tutorial_taskflow_api_virtualenv.py
[2026-09-27T03:23:46.916+0000] {processor.py:809} INFO - DAG(s) dict_keys(['tutorial_taskflow_api_virtualenv']) retrieved from /home/airflow/.local/lib/python3.7/site-packages/airflow/example_dags/tutorial_taskflow_api_virtualenv.py
[2026-09-27T03:23:46.955+0000] {logging_mixin.py:149} INFO - [2026-09-27T03:23:46.955+0000] {dag.py:2726} INFO - Sync 1 DAGs
[2026-09-27T03:23:46.997+0000] {logging_mixin.py:149} INFO - [2026-09-27T03:23:46.997+0000] {dag.py:3490} INFO - Setting next_dagrun for tutorial_taskflow_api_virtualenv to None, run_after=None
[2026-09-27T03:23:47.026+0000] {processor.py:178} INFO - Processing /home/airflow/.local/lib/python3.7/site-packages/airflow/example_dags/tutorial_taskflow_api_virtualenv.py took 0.133 seconds
[2026-09-27T03:24:17.750+0000] {processor.py:156} INFO - Started process (PID=4378) to work on /home/airflow/.local/lib/python3.7/site-packages/airflow/example_dags/tutorial_taskflow_api_virtualenv.py
[2026-09-27T03:24:17.752+0000] {processor.py:799} INFO - Processing file /home/airflow/.local/lib/python3.7/site-packages/airflow/example_dags/tutorial_taskflow_api_virtualenv.py for tasks to queue
[2026-09-27T03:24:17.753+0000] {logging_mixin.py:149} INFO - [2026-09-27T03:24:17.753+0000] {dagbag.py:541} INFO - Filling up the DagBag from /home/airflow/.local/lib/python3.7/site-packages/airflow/example_dags/tutorial_taskflow_api_virtualenv.py
[2026-09-27T03:24:17.767+0000] {processor.py:809} INFO - DAG(s) dict_keys(['tutorial_taskflow_api_virtualenv']) retrieved from /home/airflow/.local/lib/python3.7/site-packages/airflow/example_dags/tutorial_taskflow_api_virtualenv.py
[2026-09-27T03:24:17.813+0000] {logging_mixin.py:149} INFO - [2026-09-27T03:24:17.813+0000] {dag.py:2726} INFO - Sync 1 DAGs
[2026-09-27T03:24:17.857+0000] {logging_mixin.py:149} INFO - [2026-09-27T03:24:17.857+0000] {dag.py:3490} INFO - Setting next_dagrun for tutorial_taskflow_api_virtualenv to None, run_after=None
[2026-09-27T03:24:17.888+0000] {processor.py:178} INFO - Processing /home/airflow/.local/lib/python3.7/site-packages/airflow/example_dags/tutorial_taskflow_api_virtualenv.py took 0.146 seconds
[2026-09-27T03:24:48.232+0000] {processor.py:156} INFO - Started process (PID=4434) to work on /home/airflow/.local/lib/python3.7/site-packages/airflow/example_dags/tutorial_taskflow_api_virtualenv.py
[2026-09-27T03:24:48.233+0000] {processor.py:799} INFO - Processing file /home/airflow/.local/lib/python3.7/site-packages/airflow/example_dags/tutorial_taskflow_api_virtualenv.py for tasks to queue
[2026-09-27T03:24:48.234+0000] {logging_mixin.py:149} INFO - [2026-09-27T03:24:48.234+0000] {dagbag.py:541} INFO - Filling up the DagBag from /home/airflow/.local/lib/python3.7/site-packages/airflow/example_dags/tutorial_taskflow_api_virtualenv.py
[2026-09-27T03:24:48.245+0000] {processor.py:809} INFO - DAG(s) dict_keys(['tutorial_taskflow_api_virtualenv']) retrieved from /home/airflow/.local/lib/python3.7/site-packages/airflow/example_dags/tutorial_taskflow_api_virtualenv.py
[2026-09-27T03:24:48.291+0000] {logging_mixin.py:149} INFO - [2026-09-27T03:24:48.291+0000] {dag.py:2726} INFO - Sync 1 DAGs
[2026-09-27T03:24:48.336+0000] {logging_mixin.py:149} INFO - [2026-09-27T03:24:48.335+0000] {dag.py:3490} INFO - Setting next_dagrun for tutorial_taskflow_api_virtualenv to None, run_after=None
[2026-09-27T03:24:48.368+0000] {processor.py:178} INFO - Processing /home/airflow/.local/lib/python3.7/site-packages/airflow/example_dags/tutorial_taskflow_api_virtualenv.py took 0.143 seconds
[2026-09-27T03:25:18.993+0000] {processor.py:156} INFO - Started process (PID=4490) to work on /home/airflow/.local/lib/python3.7/site-packages/airflow/example_dags/tutorial_taskflow_api_virtualenv.py
[2026-09-27T03:25:18.995+0000] {processor.py:799} INFO - Processing file /home/airflow/.local/lib/python3.7/site-packages/airflow/example_dags/tutorial_taskflow_api_virtualenv.py for tasks to queue
[2026-09-27T03:25:18.996+0000] {logging_mixin.py:149} INFO - [2026-09-27T03:25:18.996+0000] {dagbag.py:541} INFO - Filling up the DagBag from /home/airflow/.local/lib/python3.7/site-packages/airflow/example_dags/tutorial_taskflow_api_virtualenv.py
[2026-09-27T03:25:19.008+0000] {processor.py:809} INFO - DAG(s) dict_keys(['tutorial_taskflow_api_virtualenv']) retrieved from /home/airflow/.local/lib/python3.7/site-packages/airflow/example_dags/tutorial_taskflow_api_virtualenv.py
[2026-09-27T03:25:19.052+0000] {logging_mixin.py:149} INFO - [2026-09-27T03:25:19.052+0000] {dag.py:2726} INFO - Sync 1 DAGs
[2026-09-27T03:25:19.101+0000] {logging_mixin.py:149} INFO - [2026-09-27T03:25:19.101+0000] {dag.py:3490} INFO - Setting next_dagrun for tutorial_taskflow_api_virtualenv to None, run_after=None
[2026-09-27T03:25:19.132+0000] {processor.py:178} INFO - Processing /home/airflow/.local/lib/python3.7/site-packages/airflow/example_dags/tutorial_taskflow_api_virtualenv.py took 0.145 seconds
[2026-09-27T03:25:50.082+0000] {processor.py:156} INFO - Started process (PID=4547) to work on /home/airflow/.local/lib/python3.7/site-packages/airflow/example_dags/tutorial_taskflow_api_virtualenv.py
[2026-09-27T03:25:50.083+0000] {processor.py:799} INFO - Processing file /home/airflow/.local/lib/python3.7/site-packages/airflow/example_dags/tutorial_taskflow_api_virtualenv.py for tasks to queue
[2026-09-27T03:25:50.084+0000] {logging_mixin.py:149} INFO - [2026-09-27T03:25:50.084+0000] {dagbag.py:541} INFO - Filling up the DagBag from /home/airflow/.local/lib/python3.7/site-packages/airflow/example_dags/tutorial_taskflow_api_virtualenv.py
[2026-09-27T03:25:50.095+0000] {processor.py:809} INFO - DAG(s) dict_keys(['tutorial_taskflow_api_virtualenv']) retrieved from /home/airflow/.local/lib/python3.7/site-packages/airflow/example_dags/tutorial_taskflow_api_virtualenv.py
[2026-09-27T03:25:50.141+0000] {logging_mixin.py:149} INFO - [2026-09-27T03:25:50.140+0000] {dag.py:2726} INFO - Sync 1 DAGs
[2026-09-27T03:25:50.190+0000] {logging_mixin.py:149} INFO - [2026-09-27T03:25:50.190+0000] {dag.py:3490} INFO - Setting next_dagrun for tutorial_taskflow_api_virtualenv to None, run_after=None
[2026-09-27T03:25:50.221+0000] {processor.py:178} INFO - Processing /home/airflow/.local/lib/python3.7/site-packages/airflow/example_dags/tutorial_taskflow_api_virtualenv.py took 0.145 seconds
[2026-09-27T03:26:20.480+0000] {processor.py:156} INFO - Started process (PID=4603) to work on /home/airflow/.local/lib/python3.7/site-packages/airflow/example_dags/tutorial_taskflow_api_virtualenv.py
[2026-09-27T03:26:20.482+0000] {processor.py:799} INFO - Processing file /home/airflow/.local/lib/python3.7/site-packages/airflow/example_dags/tutorial_taskflow_api_virtualenv.py for tasks to queue
[2026-09-27T03:26:20.483+0000] {logging_mixin.py:149} INFO - [2026-09-27T03:26:20.483+0000] {dagbag.py:541} INFO - Filling up the DagBag from /home/airflow/.local/lib/python3.7/site-packages/airflow/example_dags/tutorial_taskflow_api_virtualenv.py
[2026-09-27T03:26:20.497+0000] {processor.py:809} INFO - DAG(s) dict_keys(['tutorial_taskflow_api_virtualenv']) retrieved from /home/airflow/.local/lib/python3.7/site-packages/airflow/example_dags/tutorial_taskflow_api_virtualenv.py
[2026-09-27T03:26:20.545+0000] {logging_mixin.py:149} INFO - [2026-09-27T03:26:20.544+0000] {dag.py:2726} INFO - Sync 1 DAGs
[2026-09-27T03:26:20.587+0000] {logging_mixin.py:149} INFO - [2026-09-27T03:26:20.587+0000] {dag.py:3490} INFO - Setting next_dagrun for tutorial_taskflow_api_virtualenv to None, run_after=None
[2026-09-27T03:26:20.618+0000] {processor.py:178} INFO - Processing /home/airflow/.local/lib/python3.7/site-packages/airflow/example_dags/tutorial_taskflow_api_virtualenv.py took 0.145 seconds
[2026-09-27T03:26:51.566+0000] {processor.py:156} INFO - Started process (PID=4659) to work on /home/airflow/.local/lib/python3.7/site-packages/airflow/example_dags/tutorial_taskflow_api_virtualenv.py
[2026-09-27T03:26:51.568+0000] {processor.py:799} INFO - Processing file /home/airflow/.local/lib/python3.7/site-packages/airflow/example_dags/tutorial_taskflow_api_virtualenv.py for tasks to queue
[2026-09-27T03:26:51.569+0000] {logging_mixin.py:149} INFO - [2026-09-27T03:26:51.569+0000] {dagbag.py:541} INFO - Filling up the DagBag from /home/airflow/.local/lib/python3.7/site-packages/airflow/example_dags/tutorial_taskflow_api_virtualenv.py
[2026-09-27T03:26:51.583+0000] {processor.py:809} INFO - DAG(s) dict_keys(['tutorial_taskflow_api_virtualenv']) retrieved from /home/airflow/.local/lib/python3.7/site-packages/airflow/example_dags/tutorial_taskflow_api_virtualenv.py
[2026-09-27T03:26:51.628+0000] {logging_mixin.py:149} INFO - [2026-09-27T03:26:51.628+0000] {dag.py:2726} INFO - Sync 1 DAGs
[2026-09-27T03:26:51.678+0000] {logging_mixin.py:149} INFO - [2026-09-27T03:26:51.678+0000] {dag.py:3490} INFO - Setting next_dagrun for tutorial_taskflow_api_virtualenv to None, run_after=None
[2026-09-27T03:26:51.711+0000] {processor.py:178} INFO - Processing /home/airflow/.local/lib/python3.7/site-packages/airflow/example_dags/tutorial_taskflow_api_virtualenv.py took 0.158 seconds
[2026-09-27T03:27:22.811+0000] {processor.py:156} INFO - Started process (PID=4715) to work on /home/airflow/.local/lib/python3.7/site-packages/airflow/example_dags/tutorial_taskflow_api_virtualenv.py
[2026-09-27T03:27:22.813+0000] {processor.py:799} INFO - Processing file /home/airflow/.local/lib/python3.7/site-packages/airflow/example_dags/tutorial_taskflow_api_virtualenv.py for tasks to queue
[2026-09-27T03:27:22.814+0000] {logging_mixin.py:149} INFO - [2026-09-27T03:27:22.813+0000] {dagbag.py:541} INFO - Filling up the DagBag from /home/airflow/.local/lib/python3.7/site-packages/airflow/example_dags/tutorial_taskflow_api_virtualenv.py
[2026-09-27T03:27:22.824+0000] {processor.py:809} INFO - DAG(s) dict_keys(['tutorial_taskflow_api_virtualenv']) retrieved from /home/airflow/.local/lib/python3.7/site-packages/airflow/example_dags/tutorial_taskflow_api_virtualenv.py
[2026-09-27T03:27:22.868+0000] {logging_mixin.py:149} INFO - [2026-09-27T03:27:22.868+0000] {dag.py:2726} INFO - Sync 1 DAGs
[2026-09-27T03:27:22.918+0000] {logging_mixin.py:149} INFO - [2026-09-27T03:27:22.917+0000] {dag.py:3490} INFO - Setting next_dagrun for tutorial_taskflow_api_virtualenv to None, run_after=None
[2026-09-27T03:27:22.947+0000] {processor.py:178} INFO - Processing /home/airflow/.local/lib/python3.7/site-packages/airflow/example_dags/tutorial_taskflow_api_virtualenv.py took 0.143 seconds
[2026-09-27T03:27:54.232+0000] {processor.py:156} INFO - Started process (PID=4771) to work on /home/airflow/.local/lib/python3.7/site-packages/airflow/example_dags/tutorial_taskflow_api_virtualenv.py
[2026-09-27T03:27:54.234+0000] {processor.py:799} INFO - Processing file /home/airflow/.local/lib/python3.7/site-packages/airflow/example_dags/tutorial_taskflow_api_virtualenv.py for tasks to queue
[2026-09-27T03:27:54.235+0000] {logging_mixin.py:149} INFO - [2026-09-27T03:27:54.235+0000] {dagbag.py:541} INFO - Filling up the DagBag from /home/airflow/.local/lib/python3.7/site-packages/airflow/example_dags/tutorial_taskflow_api_virtualenv.py
[2026-09-27T03:27:54.246+0000] {processor.py:809} INFO - DAG(s) dict_keys(['tutorial_taskflow_api_virtualenv']) retrieved from /home/airflow/.local/lib/python3.7/site-packages/airflow/example_dags/tutorial_taskflow_api_virtualenv.py
[2026-09-27T03:27:54.290+0000] {logging_mixin.py:149} INFO - [2026-09-27T03:27:54.290+0000] {dag.py:2726} INFO - Sync 1 DAGs
[2026-09-27T03:27:54.337+0000] {logging_mixin.py:149} INFO - [2026-09-27T03:27:54.336+0000] {dag.py:3490} INFO - Setting next_dagrun for tutorial_taskflow_api_virtualenv to None, run_after=None
[2026-09-27T03:27:54.364+0000] {processor.py:178} INFO - Processing /home/airflow/.local/lib/python3.7/site-packages/airflow/example_dags/tutorial_taskflow_api_virtualenv.py took 0.138 seconds
[2026-09-27T03:28:25.731+0000] {processor.py:156} INFO - Started process (PID=4832) to work on /home/airflow/.local/lib/python3.7/site-packages/airflow/example_dags/tutorial_taskflow_api_virtualenv.py
[2026-09-27T03:28:25.732+0000] {processor.py:799} INFO - Processing file /home/airflow/.local/lib/python3.7/site-packages/airflow/example_dags/tutorial_taskflow_api_virtualenv.py for tasks to queue
[2026-09-27T03:28:25.734+0000] {logging_mixin.py:149} INFO - [2026-09-27T03:28:25.733+0000] {dagbag.py:541} INFO - Filling up the DagBag from /home/airflow/.local/lib/python3.7/site-packages/airflow/example_dags/tutorial_taskflow_api_virtualenv.py
[2026-09-27T03:28:25.748+0000] {processor.py:809} INFO - DAG(s) dict_keys(['tutorial_taskflow_api_virtualenv']) retrieved from /home/airflow/.local/lib/python3.7/site-packages/airflow/example_dags/tutorial_taskflow_api_virtualenv.py
[2026-09-27T03:28:25.795+0000] {logging_mixin.py:149} INFO - [2026-09-27T03:28:25.795+0000] {dag.py:2726} INFO - Sync 1 DAGs
[2026-09-27T03:28:25.843+0000] {logging_mixin.py:149} INFO - [2026-09-27T03:28:25.843+0000] {dag.py:3490} INFO - Setting next_dagrun for tutorial_taskflow_api_virtualenv to None, run_after=None
[2026-09-27T03:28:25.874+0000] {processor.py:178} INFO - Processing /home/airflow/.local/lib/python3.7/site-packages/airflow/example_dags/tutorial_taskflow_api_virtualenv.py took 0.150 seconds
[2026-09-27T03:28:56.683+0000] {processor.py:156} INFO - Started process (PID=4889) to work on /home/airflow/.local/lib/python3.7/site-packages/airflow/example_dags/tutorial_taskflow_api_virtualenv.py
[2026-09-27T03:28:56.690+0000] {processor.py:799} INFO - Processing file /home/airflow/.local/lib/python3.7/site-packages/airflow/example_dags/tutorial_taskflow_api_virtualenv.py for tasks to queue
[2026-09-27T03:28:56.691+0000] {logging_mixin.py:149} INFO - [2026-09-27T03:28:56.690+0000] {dagbag.py:541} INFO - Filling up the DagBag from /home/airflow/.local/lib/python3.7/site-packages/airflow/example_dags/tutorial_taskflow_api_virtualenv.py
[2026-09-27T03:28:56.705+0000] {processor.py:809} INFO - DAG(s) dict_keys(['tutorial_taskflow_api_virtualenv']) retrieved from /home/airflow/.local/lib/python3.7/site-packages/airflow/example_dags/tutorial_taskflow_api_virtualenv.py
[2026-09-27T03:28:56.755+0000] {logging_mixin.py:149} INFO - [2026-09-27T03:28:56.755+0000] {dag.py:2726} INFO - Sync 1 DAGs
[2026-09-27T03:28:56.800+0000] {logging_mixin.py:149} INFO - [2026-09-27T03:28:56.800+0000] {dag.py:3490} INFO - Setting next_dagrun for tutorial_taskflow_api_virtualenv to None, run_after=None
[2026-09-27T03:28:56.831+0000] {processor.py:178} INFO - Processing /home/airflow/.local/lib/python3.7/site-packages/airflow/example_dags/tutorial_taskflow_api_virtualenv.py took 0.155 seconds
[2026-09-27T03:29:28.234+0000] {processor.py:156} INFO - Started process (PID=4946) to work on /home/airflow/.local/lib/python3.7/site-packages/airflow/example_dags/tutorial_taskflow_api_virtualenv.py
[2026-09-27T03:29:28.235+0000] {processor.py:799} INFO - Processing file /home/airflow/.local/lib/python3.7/site-packages/airflow/example_dags/tutorial_taskflow_api_virtualenv.py for tasks to queue
[2026-09-27T03:29:28.237+0000] {logging_mixin.py:149} INFO - [2026-09-27T03:29:28.237+0000] {dagbag.py:541} INFO - Filling up the DagBag from /home/airflow/.local/lib/python3.7/site-packages/airflow/example_dags/tutorial_taskflow_api_virtualenv.py
[2026-09-27T03:29:28.250+0000] {processor.py:809} INFO - DAG(s) dict_keys(['tutorial_taskflow_api_virtualenv']) retrieved from /home/airflow/.local/lib/python3.7/site-packages/airflow/example_dags/tutorial_taskflow_api_virtualenv.py
[2026-09-27T03:29:28.302+0000] {logging_mixin.py:149} INFO - [2026-09-27T03:29:28.302+0000] {dag.py:2726} INFO - Sync 1 DAGs
[2026-09-27T03:29:28.349+0000] {logging_mixin.py:149} INFO - [2026-09-27T03:29:28.349+0000] {dag.py:3490} INFO - Setting next_dagrun for tutorial_taskflow_api_virtualenv to None, run_after=None
[2026-09-27T03:29:28.384+0000] {processor.py:178} INFO - Processing /home/airflow/.local/lib/python3.7/site-packages/airflow/example_dags/tutorial_taskflow_api_virtualenv.py took 0.159 seconds
[2026-09-27T03:29:59.853+0000] {processor.py:156} INFO - Started process (PID=5001) to work on /home/airflow/.local/lib/python3.7/site-packages/airflow/example_dags/tutorial_taskflow_api_virtualenv.py
[2026-09-27T03:29:59.855+0000] {processor.py:799} INFO - Processing file /home/airflow/.local/lib/python3.7/site-packages/airflow/example_dags/tutorial_taskflow_api_virtualenv.py for tasks to queue
[2026-09-27T03:29:59.856+0000] {logging_mixin.py:149} INFO - [2026-09-27T03:29:59.856+0000] {dagbag.py:541} INFO - Filling up the DagBag from /home/airflow/.local/lib/python3.7/site-packages/airflow/example_dags/tutorial_taskflow_api_virtualenv.py
[2026-09-27T03:29:59.869+0000] {processor.py:809} INFO - DAG(s) dict_keys(['tutorial_taskflow_api_virtualenv']) retrieved from /home/airflow/.local/lib/python3.7/site-packages/airflow/example_dags/tutorial_taskflow_api_virtualenv.py
[2026-09-27T03:29:59.916+0000] {logging_mixin.py:149} INFO - [2026-09-27T03:29:59.915+0000] {dag.py:2726} INFO - Sync 1 DAGs
[2026-09-27T03:29:59.962+0000] {logging_mixin.py:149} INFO - [2026-09-27T03:29:59.961+0000] {dag.py:3490} INFO - Setting next_dagrun for tutorial_taskflow_api_virtualenv to None, run_after=None
[2026-09-27T03:29:59.989+0000] {processor.py:178} INFO - Processing /home/airflow/.local/lib/python3.7/site-packages/airflow/example_dags/tutorial_taskflow_api_virtualenv.py took 0.144 seconds
[2026-09-27T03:30:30.591+0000] {processor.py:156} INFO - Started process (PID=5057) to work on /home/airflow/.local/lib/python3.7/site-packages/airflow/example_dags/tutorial_taskflow_api_virtualenv.py
[2026-09-27T03:30:30.592+0000] {processor.py:799} INFO - Processing file /home/airflow/.local/lib/python3.7/site-packages/airflow/example_dags/tutorial_taskflow_api_virtualenv.py for tasks to queue
[2026-09-27T03:30:30.593+0000] {logging_mixin.py:149} INFO - [2026-09-27T03:30:30.593+0000] {dagbag.py:541} INFO - Filling up the DagBag from /home/airflow/.local/lib/python3.7/site-packages/airflow/example_dags/tutorial_taskflow_api_virtualenv.py
[2026-09-27T03:30:30.604+0000] {processor.py:809} INFO - DAG(s) dict_keys(['tutorial_taskflow_api_virtualenv']) retrieved from /home/airflow/.local/lib/python3.7/site-packages/airflow/example_dags/tutorial_taskflow_api_virtualenv.py
[2026-09-27T03:30:30.649+0000] {logging_mixin.py:149} INFO - [2026-09-27T03:30:30.649+0000] {dag.py:2726} INFO - Sync 1 DAGs
[2026-09-27T03:30:30.691+0000] {logging_mixin.py:149} INFO - [2026-09-27T03:30:30.691+0000] {dag.py:3490} INFO - Setting next_dagrun for tutorial_taskflow_api_virtualenv to None, run_after=None
[2026-09-27T03:30:30.722+0000] {processor.py:178} INFO - Processing /home/airflow/.local/lib/python3.7/site-packages/airflow/example_dags/tutorial_taskflow_api_virtualenv.py took 0.138 seconds
[2026-09-27T03:31:02.171+0000] {processor.py:156} INFO - Started process (PID=5113) to work on /home/airflow/.local/lib/python3.7/site-packages/airflow/example_dags/tutorial_taskflow_api_virtualenv.py
[2026-09-27T03:31:02.173+0000] {processor.py:799} INFO - Processing file /home/airflow/.local/lib/python3.7/site-packages/airflow/example_dags/tutorial_taskflow_api_virtualenv.py for tasks to queue
[2026-09-27T03:31:02.174+0000] {logging_mixin.py:149} INFO - [2026-09-27T03:31:02.174+0000] {dagbag.py:541} INFO - Filling up the DagBag from /home/airflow/.local/lib/python3.7/site-packages/airflow/example_dags/tutorial_taskflow_api_virtualenv.py
[2026-09-27T03:31:02.189+0000] {processor.py:809} INFO - DAG(s) dict_keys(['tutorial_taskflow_api_virtualenv']) retrieved from /home/airflow/.local/lib/python3.7/site-packages/airflow/example_dags/tutorial_taskflow_api_virtualenv.py
[2026-09-27T03:31:02.236+0000] {logging_mixin.py:149} INFO - [2026-09-27T03:31:02.235+0000] {dag.py:2726} INFO - Sync 1 DAGs
[2026-09-27T03:31:02.285+0000] {logging_mixin.py:149} INFO - [2026-09-27T03:31:02.284+0000] {dag.py:3490} INFO - Setting next_dagrun for tutorial_taskflow_api_virtualenv to None, run_after=None
[2026-09-27T03:31:02.314+0000] {processor.py:178} INFO - Processing /home/airflow/.local/lib/python3.7/site-packages/airflow/example_dags/tutorial_taskflow_api_virtualenv.py took 0.150 seconds
[2026-09-27T03:31:32.601+0000] {processor.py:156} INFO - Started process (PID=5169) to work on /home/airflow/.local/lib/python3.7/site-packages/airflow/example_dags/tutorial_taskflow_api_virtualenv.py
[2026-09-27T03:31:32.605+0000] {processor.py:799} INFO - Processing file /home/airflow/.local/lib/python3.7/site-packages/airflow/example_dags/tutorial_taskflow_api_virtualenv.py for tasks to queue
[2026-09-27T03:31:32.607+0000] {logging_mixin.py:149} INFO - [2026-09-27T03:31:32.606+0000] {dagbag.py:541} INFO - Filling up the DagBag from /home/airflow/.local/lib/python3.7/site-packages/airflow/example_dags/tutorial_taskflow_api_virtualenv.py
[2026-09-27T03:31:32.618+0000] {processor.py:809} INFO - DAG(s) dict_keys(['tutorial_taskflow_api_virtualenv']) retrieved from /home/airflow/.local/lib/python3.7/site-packages/airflow/example_dags/tutorial_taskflow_api_virtualenv.py
[2026-09-27T03:31:32.659+0000] {logging_mixin.py:149} INFO - [2026-09-27T03:31:32.659+0000] {dag.py:2726} INFO - Sync 1 DAGs
[2026-09-27T03:31:32.703+0000] {logging_mixin.py:149} INFO - [2026-09-27T03:31:32.703+0000] {dag.py:3490} INFO - Setting next_dagrun for tutorial_taskflow_api_virtualenv to None, run_after=None
[2026-09-27T03:31:32.733+0000] {processor.py:178} INFO - Processing /home/airflow/.local/lib/python3.7/site-packages/airflow/example_dags/tutorial_taskflow_api_virtualenv.py took 0.137 seconds
[2026-09-27T03:32:03.233+0000] {processor.py:156} INFO - Started process (PID=5227) to work on /home/airflow/.local/lib/python3.7/site-packages/airflow/example_dags/tutorial_taskflow_api_virtualenv.py
[2026-09-27T03:32:03.236+0000] {processor.py:799} INFO - Processing file /home/airflow/.local/lib/python3.7/site-packages/airflow/example_dags/tutorial_taskflow_api_virtualenv.py for tasks to queue
[2026-09-27T03:32:03.237+0000] {logging_mixin.py:149} INFO - [2026-09-27T03:32:03.236+0000] {dagbag.py:541} INFO - Filling up the DagBag from /home/airflow/.local/lib/python3.7/site-packages/airflow/example_dags/tutorial_taskflow_api_virtualenv.py
[2026-09-27T03:32:03.249+0000] {processor.py:809} INFO - DAG(s) dict_keys(['tutorial_taskflow_api_virtualenv']) retrieved from /home/airflow/.local/lib/python3.7/site-packages/airflow/example_dags/tutorial_taskflow_api_virtualenv.py
[2026-09-27T03:32:03.291+0000] {logging_mixin.py:149} INFO - [2026-09-27T03:32:03.291+0000] {dag.py:2726} INFO - Sync 1 DAGs
[2026-09-27T03:32:03.332+0000] {logging_mixin.py:149} INFO - [2026-09-27T03:32:03.331+0000] {dag.py:3490} INFO - Setting next_dagrun for tutorial_taskflow_api_virtualenv to None, run_after=None
[2026-09-27T03:32:03.365+0000] {processor.py:178} INFO - Processing /home/airflow/.local/lib/python3.7/site-packages/airflow/example_dags/tutorial_taskflow_api_virtualenv.py took 0.139 seconds
[2026-09-27T03:32:34.137+0000] {processor.py:156} INFO - Started process (PID=5283) to work on /home/airflow/.local/lib/python3.7/site-packages/airflow/example_dags/tutorial_taskflow_api_virtualenv.py
[2026-09-27T03:32:34.139+0000] {processor.py:799} INFO - Processing file /home/airflow/.local/lib/python3.7/site-packages/airflow/example_dags/tutorial_taskflow_api_virtualenv.py for tasks to queue
[2026-09-27T03:32:34.140+0000] {logging_mixin.py:149} INFO - [2026-09-27T03:32:34.140+0000] {dagbag.py:541} INFO - Filling up the DagBag from /home/airflow/.local/lib/python3.7/site-packages/airflow/example_dags/tutorial_taskflow_api_virtualenv.py
[2026-09-27T03:32:34.153+0000] {processor.py:809} INFO - DAG(s) dict_keys(['tutorial_taskflow_api_virtualenv']) retrieved from /home/airflow/.local/lib/python3.7/site-packages/airflow/example_dags/tutorial_taskflow_api_virtualenv.py
[2026-09-27T03:32:34.198+0000] {logging_mixin.py:149} INFO - [2026-09-27T03:32:34.198+0000] {dag.py:2726} INFO - Sync 1 DAGs
[2026-09-27T03:32:34.241+0000] {logging_mixin.py:149} INFO - [2026-09-27T03:32:34.241+0000] {dag.py:3490} INFO - Setting next_dagrun for tutorial_taskflow_api_virtualenv to None, run_after=None
[2026-09-27T03:32:34.272+0000] {processor.py:178} INFO - Processing /home/airflow/.local/lib/python3.7/site-packages/airflow/example_dags/tutorial_taskflow_api_virtualenv.py took 0.141 seconds
[2026-09-27T03:33:05.351+0000] {processor.py:156} INFO - Started process (PID=5339) to work on /home/airflow/.local/lib/python3.7/site-packages/airflow/example_dags/tutorial_taskflow_api_virtualenv.py
[2026-09-27T03:33:05.353+0000] {processor.py:799} INFO - Processing file /home/airflow/.local/lib/python3.7/site-packages/airflow/example_dags/tutorial_taskflow_api_virtualenv.py for tasks to queue
[2026-09-27T03:33:05.354+0000] {logging_mixin.py:149} INFO - [2026-09-27T03:33:05.353+0000] {dagbag.py:541} INFO - Filling up the DagBag from /home/airflow/.local/lib/python3.7/site-packages/airflow/example_dags/tutorial_taskflow_api_virtualenv.py
[2026-09-27T03:33:05.367+0000] {processor.py:809} INFO - DAG(s) dict_keys(['tutorial_taskflow_api_virtualenv']) retrieved from /home/airflow/.local/lib/python3.7/site-packages/airflow/example_dags/tutorial_taskflow_api_virtualenv.py
[2026-09-27T03:33:05.413+0000] {logging_mixin.py:149} INFO - [2026-09-27T03:33:05.412+0000] {dag.py:2726} INFO - Sync 1 DAGs
[2026-09-27T03:33:05.461+0000] {logging_mixin.py:149} INFO - [2026-09-27T03:33:05.460+0000] {dag.py:3490} INFO - Setting next_dagrun for tutorial_taskflow_api_virtualenv to None, run_after=None
[2026-09-27T03:33:05.498+0000] {processor.py:178} INFO - Processing /home/airflow/.local/lib/python3.7/site-packages/airflow/example_dags/tutorial_taskflow_api_virtualenv.py took 0.154 seconds
[2026-09-27T03:33:35.961+0000] {processor.py:156} INFO - Started process (PID=5394) to work on /home/airflow/.local/lib/python3.7/site-packages/airflow/example_dags/tutorial_taskflow_api_virtualenv.py
[2026-09-27T03:33:35.963+0000] {processor.py:799} INFO - Processing file /home/airflow/.local/lib/python3.7/site-packages/airflow/example_dags/tutorial_taskflow_api_virtualenv.py for tasks to queue
[2026-09-27T03:33:35.964+0000] {logging_mixin.py:149} INFO - [2026-09-27T03:33:35.963+0000] {dagbag.py:541} INFO - Filling up the DagBag from /home/airflow/.local/lib/python3.7/site-packages/airflow/example_dags/tutorial_taskflow_api_virtualenv.py
[2026-09-27T03:33:35.975+0000] {processor.py:809} INFO - DAG(s) dict_keys(['tutorial_taskflow_api_virtualenv']) retrieved from /home/airflow/.local/lib/python3.7/site-packages/airflow/example_dags/tutorial_taskflow_api_virtualenv.py
[2026-09-27T03:33:36.013+0000] {logging_mixin.py:149} INFO - [2026-09-27T03:33:36.012+0000] {dag.py:2726} INFO - Sync 1 DAGs
[2026-09-27T03:33:36.055+0000] {logging_mixin.py:149} INFO - [2026-09-27T03:33:36.054+0000] {dag.py:3490} INFO - Setting next_dagrun for tutorial_taskflow_api_virtualenv to None, run_after=None
[2026-09-27T03:33:36.084+0000] {processor.py:178} INFO - Processing /home/airflow/.local/lib/python3.7/site-packages/airflow/example_dags/tutorial_taskflow_api_virtualenv.py took 0.128 seconds
[2026-09-27T03:34:06.718+0000] {processor.py:156} INFO - Started process (PID=5451) to work on /home/airflow/.local/lib/python3.7/site-packages/airflow/example_dags/tutorial_taskflow_api_virtualenv.py
[2026-09-27T03:34:06.720+0000] {processor.py:799} INFO - Processing file /home/airflow/.local/lib/python3.7/site-packages/airflow/example_dags/tutorial_taskflow_api_virtualenv.py for tasks to queue
[2026-09-27T03:34:06.721+0000] {logging_mixin.py:149} INFO - [2026-09-27T03:34:06.721+0000] {dagbag.py:541} INFO - Filling up the DagBag from /home/airflow/.local/lib/python3.7/site-packages/airflow/example_dags/tutorial_taskflow_api_virtualenv.py
[2026-09-27T03:34:06.732+0000] {processor.py:809} INFO - DAG(s) dict_keys(['tutorial_taskflow_api_virtualenv']) retrieved from /home/airflow/.local/lib/python3.7/site-packages/airflow/example_dags/tutorial_taskflow_api_virtualenv.py
[2026-09-27T03:34:06.788+0000] {logging_mixin.py:149} INFO - [2026-09-27T03:34:06.788+0000] {dag.py:2726} INFO - Sync 1 DAGs
[2026-09-27T03:34:06.837+0000] {logging_mixin.py:149} INFO - [2026-09-27T03:34:06.837+0000] {dag.py:3490} INFO - Setting next_dagrun for tutorial_taskflow_api_virtualenv to None, run_after=None
[2026-09-27T03:34:06.868+0000] {processor.py:178} INFO - Processing /home/airflow/.local/lib/python3.7/site-packages/airflow/example_dags/tutorial_taskflow_api_virtualenv.py took 0.156 seconds
[2026-09-27T03:34:37.625+0000] {processor.py:156} INFO - Started process (PID=5514) to work on /home/airflow/.local/lib/python3.7/site-packages/airflow/example_dags/tutorial_taskflow_api_virtualenv.py
[2026-09-27T03:34:37.626+0000] {processor.py:799} INFO - Processing file /home/airflow/.local/lib/python3.7/site-packages/airflow/example_dags/tutorial_taskflow_api_virtualenv.py for tasks to queue
[2026-09-27T03:34:37.628+0000] {logging_mixin.py:149} INFO - [2026-09-27T03:34:37.627+0000] {dagbag.py:541} INFO - Filling up the DagBag from /home/airflow/.local/lib/python3.7/site-packages/airflow/example_dags/tutorial_taskflow_api_virtualenv.py
[2026-09-27T03:34:37.643+0000] {processor.py:809} INFO - DAG(s) dict_keys(['tutorial_taskflow_api_virtualenv']) retrieved from /home/airflow/.local/lib/python3.7/site-packages/airflow/example_dags/tutorial_taskflow_api_virtualenv.py
[2026-09-27T03:34:37.687+0000] {logging_mixin.py:149} INFO - [2026-09-27T03:34:37.687+0000] {dag.py:2726} INFO - Sync 1 DAGs
[2026-09-27T03:34:37.734+0000] {logging_mixin.py:149} INFO - [2026-09-27T03:34:37.733+0000] {dag.py:3490} INFO - Setting next_dagrun for tutorial_taskflow_api_virtualenv to None, run_after=None
[2026-09-27T03:34:37.764+0000] {processor.py:178} INFO - Processing /home/airflow/.local/lib/python3.7/site-packages/airflow/example_dags/tutorial_taskflow_api_virtualenv.py took 0.147 seconds
[2026-09-27T03:35:08.739+0000] {processor.py:156} INFO - Started process (PID=5570) to work on /home/airflow/.local/lib/python3.7/site-packages/airflow/example_dags/tutorial_taskflow_api_virtualenv.py
[2026-09-27T03:35:08.740+0000] {processor.py:799} INFO - Processing file /home/airflow/.local/lib/python3.7/site-packages/airflow/example_dags/tutorial_taskflow_api_virtualenv.py for tasks to queue
[2026-09-27T03:35:08.742+0000] {logging_mixin.py:149} INFO - [2026-09-27T03:35:08.741+0000] {dagbag.py:541} INFO - Filling up the DagBag from /home/airflow/.local/lib/python3.7/site-packages/airflow/example_dags/tutorial_taskflow_api_virtualenv.py
[2026-09-27T03:35:08.753+0000] {processor.py:809} INFO - DAG(s) dict_keys(['tutorial_taskflow_api_virtualenv']) retrieved from /home/airflow/.local/lib/python3.7/site-packages/airflow/example_dags/tutorial_taskflow_api_virtualenv.py
[2026-09-27T03:35:08.799+0000] {logging_mixin.py:149} INFO - [2026-09-27T03:35:08.798+0000] {dag.py:2726} INFO - Sync 1 DAGs
[2026-09-27T03:35:08.840+0000] {logging_mixin.py:149} INFO - [2026-09-27T03:35:08.839+0000] {dag.py:3490} INFO - Setting next_dagrun for tutorial_taskflow_api_virtualenv to None, run_after=None
[2026-09-27T03:35:08.878+0000] {processor.py:178} INFO - Processing /home/airflow/.local/lib/python3.7/site-packages/airflow/example_dags/tutorial_taskflow_api_virtualenv.py took 0.145 seconds
[2026-09-27T03:35:39.463+0000] {processor.py:156} INFO - Started process (PID=5626) to work on /home/airflow/.local/lib/python3.7/site-packages/airflow/example_dags/tutorial_taskflow_api_virtualenv.py
[2026-09-27T03:35:39.465+0000] {processor.py:799} INFO - Processing file /home/airflow/.local/lib/python3.7/site-packages/airflow/example_dags/tutorial_taskflow_api_virtualenv.py for tasks to queue
[2026-09-27T03:35:39.466+0000] {logging_mixin.py:149} INFO - [2026-09-27T03:35:39.465+0000] {dagbag.py:541} INFO - Filling up the DagBag from /home/airflow/.local/lib/python3.7/site-packages/airflow/example_dags/tutorial_taskflow_api_virtualenv.py
[2026-09-27T03:35:39.485+0000] {processor.py:809} INFO - DAG(s) dict_keys(['tutorial_taskflow_api_virtualenv']) retrieved from /home/airflow/.local/lib/python3.7/site-packages/airflow/example_dags/tutorial_taskflow_api_virtualenv.py
[2026-09-27T03:35:39.532+0000] {logging_mixin.py:149} INFO - [2026-09-27T03:35:39.532+0000] {dag.py:2726} INFO - Sync 1 DAGs
[2026-09-27T03:35:39.583+0000] {logging_mixin.py:149} INFO - [2026-09-27T03:35:39.582+0000] {dag.py:3490} INFO - Setting next_dagrun for tutorial_taskflow_api_virtualenv to None, run_after=None
[2026-09-27T03:35:39.620+0000] {processor.py:178} INFO - Processing /home/airflow/.local/lib/python3.7/site-packages/airflow/example_dags/tutorial_taskflow_api_virtualenv.py took 0.163 seconds
[2026-09-27T03:36:10.051+0000] {processor.py:156} INFO - Started process (PID=5682) to work on /home/airflow/.local/lib/python3.7/site-packages/airflow/example_dags/tutorial_taskflow_api_virtualenv.py
[2026-09-27T03:36:10.055+0000] {processor.py:799} INFO - Processing file /home/airflow/.local/lib/python3.7/site-packages/airflow/example_dags/tutorial_taskflow_api_virtualenv.py for tasks to queue
[2026-09-27T03:36:10.057+0000] {logging_mixin.py:149} INFO - [2026-09-27T03:36:10.057+0000] {dagbag.py:541} INFO - Filling up the DagBag from /home/airflow/.local/lib/python3.7/site-packages/airflow/example_dags/tutorial_taskflow_api_virtualenv.py
[2026-09-27T03:36:10.070+0000] {processor.py:809} INFO - DAG(s) dict_keys(['tutorial_taskflow_api_virtualenv']) retrieved from /home/airflow/.local/lib/python3.7/site-packages/airflow/example_dags/tutorial_taskflow_api_virtualenv.py
[2026-09-27T03:36:10.112+0000] {logging_mixin.py:149} INFO - [2026-09-27T03:36:10.112+0000] {dag.py:2726} INFO - Sync 1 DAGs
[2026-09-27T03:36:10.156+0000] {logging_mixin.py:149} INFO - [2026-09-27T03:36:10.156+0000] {dag.py:3490} INFO - Setting next_dagrun for tutorial_taskflow_api_virtualenv to None, run_after=None
[2026-09-27T03:36:10.182+0000] {processor.py:178} INFO - Processing /home/airflow/.local/lib/python3.7/site-packages/airflow/example_dags/tutorial_taskflow_api_virtualenv.py took 0.138 seconds
[2026-09-27T03:36:40.951+0000] {processor.py:156} INFO - Started process (PID=5737) to work on /home/airflow/.local/lib/python3.7/site-packages/airflow/example_dags/tutorial_taskflow_api_virtualenv.py
[2026-09-27T03:36:40.955+0000] {processor.py:799} INFO - Processing file /home/airflow/.local/lib/python3.7/site-packages/airflow/example_dags/tutorial_taskflow_api_virtualenv.py for tasks to queue
[2026-09-27T03:36:40.956+0000] {logging_mixin.py:149} INFO - [2026-09-27T03:36:40.956+0000] {dagbag.py:541} INFO - Filling up the DagBag from /home/airflow/.local/lib/python3.7/site-packages/airflow/example_dags/tutorial_taskflow_api_virtualenv.py
[2026-09-27T03:36:40.966+0000] {processor.py:809} INFO - DAG(s) dict_keys(['tutorial_taskflow_api_virtualenv']) retrieved from /home/airflow/.local/lib/python3.7/site-packages/airflow/example_dags/tutorial_taskflow_api_virtualenv.py
[2026-09-27T03:36:41.012+0000] {logging_mixin.py:149} INFO - [2026-09-27T03:36:41.012+0000] {dag.py:2726} INFO - Sync 1 DAGs
[2026-09-27T03:36:41.057+0000] {logging_mixin.py:149} INFO - [2026-09-27T03:36:41.056+0000] {dag.py:3490} INFO - Setting next_dagrun for tutorial_taskflow_api_virtualenv to None, run_after=None
[2026-09-27T03:36:41.087+0000] {processor.py:178} INFO - Processing /home/airflow/.local/lib/python3.7/site-packages/airflow/example_dags/tutorial_taskflow_api_virtualenv.py took 0.142 seconds
[2026-09-27T03:37:12.722+0000] {processor.py:156} INFO - Started process (PID=5792) to work on /home/airflow/.local/lib/python3.7/site-packages/airflow/example_dags/tutorial_taskflow_api_virtualenv.py
[2026-09-27T03:37:12.724+0000] {processor.py:799} INFO - Processing file /home/airflow/.local/lib/python3.7/site-packages/airflow/example_dags/tutorial_taskflow_api_virtualenv.py for tasks to queue
[2026-09-27T03:37:12.725+0000] {logging_mixin.py:149} INFO - [2026-09-27T03:37:12.725+0000] {dagbag.py:541} INFO - Filling up the DagBag from /home/airflow/.local/lib/python3.7/site-packages/airflow/example_dags/tutorial_taskflow_api_virtualenv.py
[2026-09-27T03:37:12.739+0000] {processor.py:809} INFO - DAG(s) dict_keys(['tutorial_taskflow_api_virtualenv']) retrieved from /home/airflow/.local/lib/python3.7/site-packages/airflow/example_dags/tutorial_taskflow_api_virtualenv.py
[2026-09-27T03:37:12.784+0000] {logging_mixin.py:149} INFO - [2026-09-27T03:37:12.784+0000] {dag.py:2726} INFO - Sync 1 DAGs
[2026-09-27T03:37:12.826+0000] {logging_mixin.py:149} INFO - [2026-09-27T03:37:12.826+0000] {dag.py:3490} INFO - Setting next_dagrun for tutorial_taskflow_api_virtualenv to None, run_after=None
[2026-09-27T03:37:12.861+0000] {processor.py:178} INFO - Processing /home/airflow/.local/lib/python3.7/site-packages/airflow/example_dags/tutorial_taskflow_api_virtualenv.py took 0.146 seconds
[2026-09-27T03:37:43.991+0000] {processor.py:156} INFO - Started process (PID=5848) to work on /home/airflow/.local/lib/python3.7/site-packages/airflow/example_dags/tutorial_taskflow_api_virtualenv.py
[2026-09-27T03:37:43.993+0000] {processor.py:799} INFO - Processing file /home/airflow/.local/lib/python3.7/site-packages/airflow/example_dags/tutorial_taskflow_api_virtualenv.py for tasks to queue
[2026-09-27T03:37:43.994+0000] {logging_mixin.py:149} INFO - [2026-09-27T03:37:43.994+0000] {dagbag.py:541} INFO - Filling up the DagBag from /home/airflow/.local/lib/python3.7/site-packages/airflow/example_dags/tutorial_taskflow_api_virtualenv.py
[2026-09-27T03:37:44.006+0000] {processor.py:809} INFO - DAG(s) dict_keys(['tutorial_taskflow_api_virtualenv']) retrieved from /home/airflow/.local/lib/python3.7/site-packages/airflow/example_dags/tutorial_taskflow_api_virtualenv.py
[2026-09-27T03:37:44.052+0000] {logging_mixin.py:149} INFO - [2026-09-27T03:37:44.051+0000] {dag.py:2726} INFO - Sync 1 DAGs
[2026-09-27T03:37:44.102+0000] {logging_mixin.py:149} INFO - [2026-09-27T03:37:44.102+0000] {dag.py:3490} INFO - Setting next_dagrun for tutorial_taskflow_api_virtualenv to None, run_after=None
[2026-09-27T03:37:44.134+0000] {processor.py:178} INFO - Processing /home/airflow/.local/lib/python3.7/site-packages/airflow/example_dags/tutorial_taskflow_api_virtualenv.py took 0.149 seconds
[2026-09-27T03:38:14.809+0000] {processor.py:156} INFO - Started process (PID=5904) to work on /home/airflow/.local/lib/python3.7/site-packages/airflow/example_dags/tutorial_taskflow_api_virtualenv.py
[2026-09-27T03:38:14.811+0000] {processor.py:799} INFO - Processing file /home/airflow/.local/lib/python3.7/site-packages/airflow/example_dags/tutorial_taskflow_api_virtualenv.py for tasks to queue
[2026-09-27T03:38:14.812+0000] {logging_mixin.py:149} INFO - [2026-09-27T03:38:14.812+0000] {dagbag.py:541} INFO - Filling up the DagBag from /home/airflow/.local/lib/python3.7/site-packages/airflow/example_dags/tutorial_taskflow_api_virtualenv.py
[2026-09-27T03:38:14.823+0000] {processor.py:809} INFO - DAG(s) dict_keys(['tutorial_taskflow_api_virtualenv']) retrieved from /home/airflow/.local/lib/python3.7/site-packages/airflow/example_dags/tutorial_taskflow_api_virtualenv.py
[2026-09-27T03:38:14.866+0000] {logging_mixin.py:149} INFO - [2026-09-27T03:38:14.866+0000] {dag.py:2726} INFO - Sync 1 DAGs
[2026-09-27T03:38:14.909+0000] {logging_mixin.py:149} INFO - [2026-09-27T03:38:14.909+0000] {dag.py:3490} INFO - Setting next_dagrun for tutorial_taskflow_api_virtualenv to None, run_after=None
[2026-09-27T03:38:14.940+0000] {processor.py:178} INFO - Processing /home/airflow/.local/lib/python3.7/site-packages/airflow/example_dags/tutorial_taskflow_api_virtualenv.py took 0.137 seconds
[2026-09-27T03:38:45.632+0000] {processor.py:156} INFO - Started process (PID=5960) to work on /home/airflow/.local/lib/python3.7/site-packages/airflow/example_dags/tutorial_taskflow_api_virtualenv.py
[2026-09-27T03:38:45.634+0000] {processor.py:799} INFO - Processing file /home/airflow/.local/lib/python3.7/site-packages/airflow/example_dags/tutorial_taskflow_api_virtualenv.py for tasks to queue
[2026-09-27T03:38:45.635+0000] {logging_mixin.py:149} INFO - [2026-09-27T03:38:45.635+0000] {dagbag.py:541} INFO - Filling up the DagBag from /home/airflow/.local/lib/python3.7/site-packages/airflow/example_dags/tutorial_taskflow_api_virtualenv.py
[2026-09-27T03:38:45.653+0000] {processor.py:809} INFO - DAG(s) dict_keys(['tutorial_taskflow_api_virtualenv']) retrieved from /home/airflow/.local/lib/python3.7/site-packages/airflow/example_dags/tutorial_taskflow_api_virtualenv.py
[2026-09-27T03:38:45.701+0000] {logging_mixin.py:149} INFO - [2026-09-27T03:38:45.701+0000] {dag.py:2726} INFO - Sync 1 DAGs
[2026-09-27T03:38:45.754+0000] {logging_mixin.py:149} INFO - [2026-09-27T03:38:45.754+0000] {dag.py:3490} INFO - Setting next_dagrun for tutorial_taskflow_api_virtualenv to None, run_after=None
[2026-09-27T03:38:45.791+0000] {processor.py:178} INFO - Processing /home/airflow/.local/lib/python3.7/site-packages/airflow/example_dags/tutorial_taskflow_api_virtualenv.py took 0.165 seconds
[2026-09-27T03:39:17.044+0000] {processor.py:156} INFO - Started process (PID=6016) to work on /home/airflow/.local/lib/python3.7/site-packages/airflow/example_dags/tutorial_taskflow_api_virtualenv.py
[2026-09-27T03:39:17.048+0000] {processor.py:799} INFO - Processing file /home/airflow/.local/lib/python3.7/site-packages/airflow/example_dags/tutorial_taskflow_api_virtualenv.py for tasks to queue
[2026-09-27T03:39:17.049+0000] {logging_mixin.py:149} INFO - [2026-09-27T03:39:17.049+0000] {dagbag.py:541} INFO - Filling up the DagBag from /home/airflow/.local/lib/python3.7/site-packages/airflow/example_dags/tutorial_taskflow_api_virtualenv.py
[2026-09-27T03:39:17.065+0000] {processor.py:809} INFO - DAG(s) dict_keys(['tutorial_taskflow_api_virtualenv']) retrieved from /home/airflow/.local/lib/python3.7/site-packages/airflow/example_dags/tutorial_taskflow_api_virtualenv.py
[2026-09-27T03:39:17.112+0000] {logging_mixin.py:149} INFO - [2026-09-27T03:39:17.111+0000] {dag.py:2726} INFO - Sync 1 DAGs
[2026-09-27T03:39:17.154+0000] {logging_mixin.py:149} INFO - [2026-09-27T03:39:17.154+0000] {dag.py:3490} INFO - Setting next_dagrun for tutorial_taskflow_api_virtualenv to None, run_after=None
[2026-09-27T03:39:17.185+0000] {processor.py:178} INFO - Processing /home/airflow/.local/lib/python3.7/site-packages/airflow/example_dags/tutorial_taskflow_api_virtualenv.py took 0.146 seconds
[2026-09-27T03:39:47.903+0000] {processor.py:156} INFO - Started process (PID=6072) to work on /home/airflow/.local/lib/python3.7/site-packages/airflow/example_dags/tutorial_taskflow_api_virtualenv.py
[2026-09-27T03:39:47.905+0000] {processor.py:799} INFO - Processing file /home/airflow/.local/lib/python3.7/site-packages/airflow/example_dags/tutorial_taskflow_api_virtualenv.py for tasks to queue
[2026-09-27T03:39:47.906+0000] {logging_mixin.py:149} INFO - [2026-09-27T03:39:47.906+0000] {dagbag.py:541} INFO - Filling up the DagBag from /home/airflow/.local/lib/python3.7/site-packages/airflow/example_dags/tutorial_taskflow_api_virtualenv.py
[2026-09-27T03:39:47.918+0000] {processor.py:809} INFO - DAG(s) dict_keys(['tutorial_taskflow_api_virtualenv']) retrieved from /home/airflow/.local/lib/python3.7/site-packages/airflow/example_dags/tutorial_taskflow_api_virtualenv.py
[2026-09-27T03:39:47.960+0000] {logging_mixin.py:149} INFO - [2026-09-27T03:39:47.960+0000] {dag.py:2726} INFO - Sync 1 DAGs
[2026-09-27T03:39:48.007+0000] {logging_mixin.py:149} INFO - [2026-09-27T03:39:48.007+0000] {dag.py:3490} INFO - Setting next_dagrun for tutorial_taskflow_api_virtualenv to None, run_after=None
[2026-09-27T03:39:48.039+0000] {processor.py:178} INFO - Processing /home/airflow/.local/lib/python3.7/site-packages/airflow/example_dags/tutorial_taskflow_api_virtualenv.py took 0.142 seconds
[2026-09-27T03:40:18.933+0000] {processor.py:156} INFO - Started process (PID=6128) to work on /home/airflow/.local/lib/python3.7/site-packages/airflow/example_dags/tutorial_taskflow_api_virtualenv.py
[2026-09-27T03:40:18.935+0000] {processor.py:799} INFO - Processing file /home/airflow/.local/lib/python3.7/site-packages/airflow/example_dags/tutorial_taskflow_api_virtualenv.py for tasks to queue
[2026-09-27T03:40:18.936+0000] {logging_mixin.py:149} INFO - [2026-09-27T03:40:18.936+0000] {dagbag.py:541} INFO - Filling up the DagBag from /home/airflow/.local/lib/python3.7/site-packages/airflow/example_dags/tutorial_taskflow_api_virtualenv.py
[2026-09-27T03:40:18.951+0000] {processor.py:809} INFO - DAG(s) dict_keys(['tutorial_taskflow_api_virtualenv']) retrieved from /home/airflow/.local/lib/python3.7/site-packages/airflow/example_dags/tutorial_taskflow_api_virtualenv.py
[2026-09-27T03:40:19.001+0000] {logging_mixin.py:149} INFO - [2026-09-27T03:40:19.001+0000] {dag.py:2726} INFO - Sync 1 DAGs
[2026-09-27T03:40:19.051+0000] {logging_mixin.py:149} INFO - [2026-09-27T03:40:19.051+0000] {dag.py:3490} INFO - Setting next_dagrun for tutorial_taskflow_api_virtualenv to None, run_after=None
[2026-09-27T03:40:19.084+0000] {processor.py:178} INFO - Processing /home/airflow/.local/lib/python3.7/site-packages/airflow/example_dags/tutorial_taskflow_api_virtualenv.py took 0.160 seconds
[2026-09-27T03:40:49.745+0000] {processor.py:156} INFO - Started process (PID=6184) to work on /home/airflow/.local/lib/python3.7/site-packages/airflow/example_dags/tutorial_taskflow_api_virtualenv.py
[2026-09-27T03:40:49.747+0000] {processor.py:799} INFO - Processing file /home/airflow/.local/lib/python3.7/site-packages/airflow/example_dags/tutorial_taskflow_api_virtualenv.py for tasks to queue
[2026-09-27T03:40:49.749+0000] {logging_mixin.py:149} INFO - [2026-09-27T03:40:49.749+0000] {dagbag.py:541} INFO - Filling up the DagBag from /home/airflow/.local/lib/python3.7/site-packages/airflow/example_dags/tutorial_taskflow_api_virtualenv.py
[2026-09-27T03:40:49.761+0000] {processor.py:809} INFO - DAG(s) dict_keys(['tutorial_taskflow_api_virtualenv']) retrieved from /home/airflow/.local/lib/python3.7/site-packages/airflow/example_dags/tutorial_taskflow_api_virtualenv.py
[2026-09-27T03:40:49.808+0000] {logging_mixin.py:149} INFO - [2026-09-27T03:40:49.808+0000] {dag.py:2726} INFO - Sync 1 DAGs
[2026-09-27T03:40:49.852+0000] {logging_mixin.py:149} INFO - [2026-09-27T03:40:49.851+0000] {dag.py:3490} INFO - Setting next_dagrun for tutorial_taskflow_api_virtualenv to None, run_after=None
[2026-09-27T03:40:49.881+0000] {processor.py:178} INFO - Processing /home/airflow/.local/lib/python3.7/site-packages/airflow/example_dags/tutorial_taskflow_api_virtualenv.py took 0.146 seconds
[2026-09-27T03:41:20.862+0000] {processor.py:156} INFO - Started process (PID=6240) to work on /home/airflow/.local/lib/python3.7/site-packages/airflow/example_dags/tutorial_taskflow_api_virtualenv.py
[2026-09-27T03:41:20.864+0000] {processor.py:799} INFO - Processing file /home/airflow/.local/lib/python3.7/site-packages/airflow/example_dags/tutorial_taskflow_api_virtualenv.py for tasks to queue
[2026-09-27T03:41:20.866+0000] {logging_mixin.py:149} INFO - [2026-09-27T03:41:20.865+0000] {dagbag.py:541} INFO - Filling up the DagBag from /home/airflow/.local/lib/python3.7/site-packages/airflow/example_dags/tutorial_taskflow_api_virtualenv.py
[2026-09-27T03:41:20.877+0000] {processor.py:809} INFO - DAG(s) dict_keys(['tutorial_taskflow_api_virtualenv']) retrieved from /home/airflow/.local/lib/python3.7/site-packages/airflow/example_dags/tutorial_taskflow_api_virtualenv.py
[2026-09-27T03:41:20.924+0000] {logging_mixin.py:149} INFO - [2026-09-27T03:41:20.923+0000] {dag.py:2726} INFO - Sync 1 DAGs
[2026-09-27T03:41:20.972+0000] {logging_mixin.py:149} INFO - [2026-09-27T03:41:20.972+0000] {dag.py:3490} INFO - Setting next_dagrun for tutorial_taskflow_api_virtualenv to None, run_after=None
[2026-09-27T03:41:21.012+0000] {processor.py:178} INFO - Processing /home/airflow/.local/lib/python3.7/site-packages/airflow/example_dags/tutorial_taskflow_api_virtualenv.py took 0.156 seconds
[2026-09-27T03:41:51.535+0000] {processor.py:156} INFO - Started process (PID=6296) to work on /home/airflow/.local/lib/python3.7/site-packages/airflow/example_dags/tutorial_taskflow_api_virtualenv.py
[2026-09-27T03:41:51.538+0000] {processor.py:799} INFO - Processing file /home/airflow/.local/lib/python3.7/site-packages/airflow/example_dags/tutorial_taskflow_api_virtualenv.py for tasks to queue
[2026-09-27T03:41:51.540+0000] {logging_mixin.py:149} INFO - [2026-09-27T03:41:51.539+0000] {dagbag.py:541} INFO - Filling up the DagBag from /home/airflow/.local/lib/python3.7/site-packages/airflow/example_dags/tutorial_taskflow_api_virtualenv.py
[2026-09-27T03:41:51.551+0000] {processor.py:809} INFO - DAG(s) dict_keys(['tutorial_taskflow_api_virtualenv']) retrieved from /home/airflow/.local/lib/python3.7/site-packages/airflow/example_dags/tutorial_taskflow_api_virtualenv.py
[2026-09-27T03:41:51.595+0000] {logging_mixin.py:149} INFO - [2026-09-27T03:41:51.595+0000] {dag.py:2726} INFO - Sync 1 DAGs
[2026-09-27T03:41:51.644+0000] {logging_mixin.py:149} INFO - [2026-09-27T03:41:51.644+0000] {dag.py:3490} INFO - Setting next_dagrun for tutorial_taskflow_api_virtualenv to None, run_after=None
[2026-09-27T03:41:51.675+0000] {processor.py:178} INFO - Processing /home/airflow/.local/lib/python3.7/site-packages/airflow/example_dags/tutorial_taskflow_api_virtualenv.py took 0.148 seconds
[2026-09-27T03:42:22.661+0000] {processor.py:156} INFO - Started process (PID=6352) to work on /home/airflow/.local/lib/python3.7/site-packages/airflow/example_dags/tutorial_taskflow_api_virtualenv.py
[2026-09-27T03:42:22.663+0000] {processor.py:799} INFO - Processing file /home/airflow/.local/lib/python3.7/site-packages/airflow/example_dags/tutorial_taskflow_api_virtualenv.py for tasks to queue
[2026-09-27T03:42:22.664+0000] {logging_mixin.py:149} INFO - [2026-09-27T03:42:22.664+0000] {dagbag.py:541} INFO - Filling up the DagBag from /home/airflow/.local/lib/python3.7/site-packages/airflow/example_dags/tutorial_taskflow_api_virtualenv.py
[2026-09-27T03:42:22.677+0000] {processor.py:809} INFO - DAG(s) dict_keys(['tutorial_taskflow_api_virtualenv']) retrieved from /home/airflow/.local/lib/python3.7/site-packages/airflow/example_dags/tutorial_taskflow_api_virtualenv.py
[2026-09-27T03:42:22.724+0000] {logging_mixin.py:149} INFO - [2026-09-27T03:42:22.724+0000] {dag.py:2726} INFO - Sync 1 DAGs
[2026-09-27T03:42:22.771+0000] {logging_mixin.py:149} INFO - [2026-09-27T03:42:22.771+0000] {dag.py:3490} INFO - Setting next_dagrun for tutorial_taskflow_api_virtualenv to None, run_after=None
[2026-09-27T03:42:22.798+0000] {processor.py:178} INFO - Processing /home/airflow/.local/lib/python3.7/site-packages/airflow/example_dags/tutorial_taskflow_api_virtualenv.py took 0.144 seconds
[2026-09-27T03:42:53.366+0000] {processor.py:156} INFO - Started process (PID=6408) to work on /home/airflow/.local/lib/python3.7/site-packages/airflow/example_dags/tutorial_taskflow_api_virtualenv.py
[2026-09-27T03:42:53.373+0000] {processor.py:799} INFO - Processing file /home/airflow/.local/lib/python3.7/site-packages/airflow/example_dags/tutorial_taskflow_api_virtualenv.py for tasks to queue
[2026-09-27T03:42:53.374+0000] {logging_mixin.py:149} INFO - [2026-09-27T03:42:53.374+0000] {dagbag.py:541} INFO - Filling up the DagBag from /home/airflow/.local/lib/python3.7/site-packages/airflow/example_dags/tutorial_taskflow_api_virtualenv.py
[2026-09-27T03:42:53.385+0000] {processor.py:809} INFO - DAG(s) dict_keys(['tutorial_taskflow_api_virtualenv']) retrieved from /home/airflow/.local/lib/python3.7/site-packages/airflow/example_dags/tutorial_taskflow_api_virtualenv.py
[2026-09-27T03:42:53.433+0000] {logging_mixin.py:149} INFO - [2026-09-27T03:42:53.433+0000] {dag.py:2726} INFO - Sync 1 DAGs
[2026-09-27T03:42:53.479+0000] {logging_mixin.py:149} INFO - [2026-09-27T03:42:53.479+0000] {dag.py:3490} INFO - Setting next_dagrun for tutorial_taskflow_api_virtualenv to None, run_after=None
[2026-09-27T03:42:53.509+0000] {processor.py:178} INFO - Processing /home/airflow/.local/lib/python3.7/site-packages/airflow/example_dags/tutorial_taskflow_api_virtualenv.py took 0.150 seconds
[2026-09-27T03:43:24.663+0000] {processor.py:156} INFO - Started process (PID=6464) to work on /home/airflow/.local/lib/python3.7/site-packages/airflow/example_dags/tutorial_taskflow_api_virtualenv.py
[2026-09-27T03:43:24.665+0000] {processor.py:799} INFO - Processing file /home/airflow/.local/lib/python3.7/site-packages/airflow/example_dags/tutorial_taskflow_api_virtualenv.py for tasks to queue
[2026-09-27T03:43:24.667+0000] {logging_mixin.py:149} INFO - [2026-09-27T03:43:24.666+0000] {dagbag.py:541} INFO - Filling up the DagBag from /home/airflow/.local/lib/python3.7/site-packages/airflow/example_dags/tutorial_taskflow_api_virtualenv.py
[2026-09-27T03:43:24.680+0000] {processor.py:809} INFO - DAG(s) dict_keys(['tutorial_taskflow_api_virtualenv']) retrieved from /home/airflow/.local/lib/python3.7/site-packages/airflow/example_dags/tutorial_taskflow_api_virtualenv.py
[2026-09-27T03:43:24.727+0000] {logging_mixin.py:149} INFO - [2026-09-27T03:43:24.727+0000] {dag.py:2726} INFO - Sync 1 DAGs
[2026-09-27T03:43:24.768+0000] {logging_mixin.py:149} INFO - [2026-09-27T03:43:24.768+0000] {dag.py:3490} INFO - Setting next_dagrun for tutorial_taskflow_api_virtualenv to None, run_after=None
[2026-09-27T03:43:24.796+0000] {processor.py:178} INFO - Processing /home/airflow/.local/lib/python3.7/site-packages/airflow/example_dags/tutorial_taskflow_api_virtualenv.py took 0.140 seconds
[2026-09-27T03:43:55.890+0000] {processor.py:156} INFO - Started process (PID=6521) to work on /home/airflow/.local/lib/python3.7/site-packages/airflow/example_dags/tutorial_taskflow_api_virtualenv.py
[2026-09-27T03:43:55.892+0000] {processor.py:799} INFO - Processing file /home/airflow/.local/lib/python3.7/site-packages/airflow/example_dags/tutorial_taskflow_api_virtualenv.py for tasks to queue
[2026-09-27T03:43:55.893+0000] {logging_mixin.py:149} INFO - [2026-09-27T03:43:55.893+0000] {dagbag.py:541} INFO - Filling up the DagBag from /home/airflow/.local/lib/python3.7/site-packages/airflow/example_dags/tutorial_taskflow_api_virtualenv.py
[2026-09-27T03:43:55.907+0000] {processor.py:809} INFO - DAG(s) dict_keys(['tutorial_taskflow_api_virtualenv']) retrieved from /home/airflow/.local/lib/python3.7/site-packages/airflow/example_dags/tutorial_taskflow_api_virtualenv.py
[2026-09-27T03:43:55.955+0000] {logging_mixin.py:149} INFO - [2026-09-27T03:43:55.954+0000] {dag.py:2726} INFO - Sync 1 DAGs
[2026-09-27T03:43:56.004+0000] {logging_mixin.py:149} INFO - [2026-09-27T03:43:56.004+0000] {dag.py:3490} INFO - Setting next_dagrun for tutorial_taskflow_api_virtualenv to None, run_after=None
[2026-09-27T03:43:56.039+0000] {processor.py:178} INFO - Processing /home/airflow/.local/lib/python3.7/site-packages/airflow/example_dags/tutorial_taskflow_api_virtualenv.py took 0.156 seconds
[2026-09-27T03:44:26.933+0000] {processor.py:156} INFO - Started process (PID=6576) to work on /home/airflow/.local/lib/python3.7/site-packages/airflow/example_dags/tutorial_taskflow_api_virtualenv.py
[2026-09-27T03:44:26.935+0000] {processor.py:799} INFO - Processing file /home/airflow/.local/lib/python3.7/site-packages/airflow/example_dags/tutorial_taskflow_api_virtualenv.py for tasks to queue
[2026-09-27T03:44:26.937+0000] {logging_mixin.py:149} INFO - [2026-09-27T03:44:26.936+0000] {dagbag.py:541} INFO - Filling up the DagBag from /home/airflow/.local/lib/python3.7/site-packages/airflow/example_dags/tutorial_taskflow_api_virtualenv.py
[2026-09-27T03:44:26.950+0000] {processor.py:809} INFO - DAG(s) dict_keys(['tutorial_taskflow_api_virtualenv']) retrieved from /home/airflow/.local/lib/python3.7/site-packages/airflow/example_dags/tutorial_taskflow_api_virtualenv.py
[2026-09-27T03:44:26.995+0000] {logging_mixin.py:149} INFO - [2026-09-27T03:44:26.995+0000] {dag.py:2726} INFO - Sync 1 DAGs
[2026-09-27T03:44:27.054+0000] {logging_mixin.py:149} INFO - [2026-09-27T03:44:27.053+0000] {dag.py:3490} INFO - Setting next_dagrun for tutorial_taskflow_api_virtualenv to None, run_after=None
[2026-09-27T03:44:27.081+0000] {processor.py:178} INFO - Processing /home/airflow/.local/lib/python3.7/site-packages/airflow/example_dags/tutorial_taskflow_api_virtualenv.py took 0.156 seconds
[2026-09-27T03:44:57.632+0000] {processor.py:156} INFO - Started process (PID=6632) to work on /home/airflow/.local/lib/python3.7/site-packages/airflow/example_dags/tutorial_taskflow_api_virtualenv.py
[2026-09-27T03:44:57.634+0000] {processor.py:799} INFO - Processing file /home/airflow/.local/lib/python3.7/site-packages/airflow/example_dags/tutorial_taskflow_api_virtualenv.py for tasks to queue
[2026-09-27T03:44:57.635+0000] {logging_mixin.py:149} INFO - [2026-09-27T03:44:57.635+0000] {dagbag.py:541} INFO - Filling up the DagBag from /home/airflow/.local/lib/python3.7/site-packages/airflow/example_dags/tutorial_taskflow_api_virtualenv.py
[2026-09-27T03:44:57.649+0000] {processor.py:809} INFO - DAG(s) dict_keys(['tutorial_taskflow_api_virtualenv']) retrieved from /home/airflow/.local/lib/python3.7/site-packages/airflow/example_dags/tutorial_taskflow_api_virtualenv.py
[2026-09-27T03:44:57.698+0000] {logging_mixin.py:149} INFO - [2026-09-27T03:44:57.698+0000] {dag.py:2726} INFO - Sync 1 DAGs
[2026-09-27T03:44:57.747+0000] {logging_mixin.py:149} INFO - [2026-09-27T03:44:57.746+0000] {dag.py:3490} INFO - Setting next_dagrun for tutorial_taskflow_api_virtualenv to None, run_after=None
[2026-09-27T03:44:57.782+0000] {processor.py:178} INFO - Processing /home/airflow/.local/lib/python3.7/site-packages/airflow/example_dags/tutorial_taskflow_api_virtualenv.py took 0.158 seconds
[2026-09-27T03:45:27.944+0000] {processor.py:156} INFO - Started process (PID=6683) to work on /home/airflow/.local/lib/python3.7/site-packages/airflow/example_dags/tutorial_taskflow_api_virtualenv.py
[2026-09-27T03:45:27.947+0000] {processor.py:799} INFO - Processing file /home/airflow/.local/lib/python3.7/site-packages/airflow/example_dags/tutorial_taskflow_api_virtualenv.py for tasks to queue
[2026-09-27T03:45:27.948+0000] {logging_mixin.py:149} INFO - [2026-09-27T03:45:27.948+0000] {dagbag.py:541} INFO - Filling up the DagBag from /home/airflow/.local/lib/python3.7/site-packages/airflow/example_dags/tutorial_taskflow_api_virtualenv.py
[2026-09-27T03:45:27.962+0000] {processor.py:809} INFO - DAG(s) dict_keys(['tutorial_taskflow_api_virtualenv']) retrieved from /home/airflow/.local/lib/python3.7/site-packages/airflow/example_dags/tutorial_taskflow_api_virtualenv.py
[2026-09-27T03:45:28.011+0000] {logging_mixin.py:149} INFO - [2026-09-27T03:45:28.010+0000] {dag.py:2726} INFO - Sync 1 DAGs
[2026-09-27T03:45:28.060+0000] {logging_mixin.py:149} INFO - [2026-09-27T03:45:28.060+0000] {dag.py:3490} INFO - Setting next_dagrun for tutorial_taskflow_api_virtualenv to None, run_after=None
[2026-09-27T03:45:28.091+0000] {processor.py:178} INFO - Processing /home/airflow/.local/lib/python3.7/site-packages/airflow/example_dags/tutorial_taskflow_api_virtualenv.py took 0.155 seconds
[2026-09-27T03:45:58.854+0000] {processor.py:156} INFO - Started process (PID=6739) to work on /home/airflow/.local/lib/python3.7/site-packages/airflow/example_dags/tutorial_taskflow_api_virtualenv.py
[2026-09-27T03:45:58.856+0000] {processor.py:799} INFO - Processing file /home/airflow/.local/lib/python3.7/site-packages/airflow/example_dags/tutorial_taskflow_api_virtualenv.py for tasks to queue
[2026-09-27T03:45:58.857+0000] {logging_mixin.py:149} INFO - [2026-09-27T03:45:58.857+0000] {dagbag.py:541} INFO - Filling up the DagBag from /home/airflow/.local/lib/python3.7/site-packages/airflow/example_dags/tutorial_taskflow_api_virtualenv.py
[2026-09-27T03:45:58.868+0000] {processor.py:809} INFO - DAG(s) dict_keys(['tutorial_taskflow_api_virtualenv']) retrieved from /home/airflow/.local/lib/python3.7/site-packages/airflow/example_dags/tutorial_taskflow_api_virtualenv.py
[2026-09-27T03:45:58.916+0000] {logging_mixin.py:149} INFO - [2026-09-27T03:45:58.915+0000] {dag.py:2726} INFO - Sync 1 DAGs
[2026-09-27T03:45:58.965+0000] {logging_mixin.py:149} INFO - [2026-09-27T03:45:58.964+0000] {dag.py:3490} INFO - Setting next_dagrun for tutorial_taskflow_api_virtualenv to None, run_after=None
[2026-09-27T03:45:58.996+0000] {processor.py:178} INFO - Processing /home/airflow/.local/lib/python3.7/site-packages/airflow/example_dags/tutorial_taskflow_api_virtualenv.py took 0.149 seconds
[2026-09-27T03:46:29.466+0000] {processor.py:156} INFO - Started process (PID=6794) to work on /home/airflow/.local/lib/python3.7/site-packages/airflow/example_dags/tutorial_taskflow_api_virtualenv.py
[2026-09-27T03:46:29.468+0000] {processor.py:799} INFO - Processing file /home/airflow/.local/lib/python3.7/site-packages/airflow/example_dags/tutorial_taskflow_api_virtualenv.py for tasks to queue
[2026-09-27T03:46:29.469+0000] {logging_mixin.py:149} INFO - [2026-09-27T03:46:29.469+0000] {dagbag.py:541} INFO - Filling up the DagBag from /home/airflow/.local/lib/python3.7/site-packages/airflow/example_dags/tutorial_taskflow_api_virtualenv.py
[2026-09-27T03:46:29.481+0000] {processor.py:809} INFO - DAG(s) dict_keys(['tutorial_taskflow_api_virtualenv']) retrieved from /home/airflow/.local/lib/python3.7/site-packages/airflow/example_dags/tutorial_taskflow_api_virtualenv.py
[2026-09-27T03:46:29.525+0000] {logging_mixin.py:149} INFO - [2026-09-27T03:46:29.525+0000] {dag.py:2726} INFO - Sync 1 DAGs
[2026-09-27T03:46:29.567+0000] {logging_mixin.py:149} INFO - [2026-09-27T03:46:29.567+0000] {dag.py:3490} INFO - Setting next_dagrun for tutorial_taskflow_api_virtualenv to None, run_after=None
[2026-09-27T03:46:29.814+0000] {processor.py:178} INFO - Processing /home/airflow/.local/lib/python3.7/site-packages/airflow/example_dags/tutorial_taskflow_api_virtualenv.py took 0.354 seconds
[2026-09-27T03:47:00.004+0000] {processor.py:156} INFO - Started process (PID=6853) to work on /home/airflow/.local/lib/python3.7/site-packages/airflow/example_dags/tutorial_taskflow_api_virtualenv.py
[2026-09-27T03:47:00.006+0000] {processor.py:799} INFO - Processing file /home/airflow/.local/lib/python3.7/site-packages/airflow/example_dags/tutorial_taskflow_api_virtualenv.py for tasks to queue
[2026-09-27T03:47:00.008+0000] {logging_mixin.py:149} INFO - [2026-09-27T03:47:00.007+0000] {dagbag.py:541} INFO - Filling up the DagBag from /home/airflow/.local/lib/python3.7/site-packages/airflow/example_dags/tutorial_taskflow_api_virtualenv.py
[2026-09-27T03:47:00.020+0000] {processor.py:809} INFO - DAG(s) dict_keys(['tutorial_taskflow_api_virtualenv']) retrieved from /home/airflow/.local/lib/python3.7/site-packages/airflow/example_dags/tutorial_taskflow_api_virtualenv.py
[2026-09-27T03:47:00.066+0000] {logging_mixin.py:149} INFO - [2026-09-27T03:47:00.066+0000] {dag.py:2726} INFO - Sync 1 DAGs
[2026-09-27T03:47:00.113+0000] {logging_mixin.py:149} INFO - [2026-09-27T03:47:00.112+0000] {dag.py:3490} INFO - Setting next_dagrun for tutorial_taskflow_api_virtualenv to None, run_after=None
[2026-09-27T03:47:00.146+0000] {processor.py:178} INFO - Processing /home/airflow/.local/lib/python3.7/site-packages/airflow/example_dags/tutorial_taskflow_api_virtualenv.py took 0.147 seconds
[2026-09-27T03:47:31.523+0000] {processor.py:156} INFO - Started process (PID=6906) to work on /home/airflow/.local/lib/python3.7/site-packages/airflow/example_dags/tutorial_taskflow_api_virtualenv.py
[2026-09-27T03:47:31.525+0000] {processor.py:799} INFO - Processing file /home/airflow/.local/lib/python3.7/site-packages/airflow/example_dags/tutorial_taskflow_api_virtualenv.py for tasks to queue
[2026-09-27T03:47:31.526+0000] {logging_mixin.py:149} INFO - [2026-09-27T03:47:31.525+0000] {dagbag.py:541} INFO - Filling up the DagBag from /home/airflow/.local/lib/python3.7/site-packages/airflow/example_dags/tutorial_taskflow_api_virtualenv.py
[2026-09-27T03:47:31.537+0000] {processor.py:809} INFO - DAG(s) dict_keys(['tutorial_taskflow_api_virtualenv']) retrieved from /home/airflow/.local/lib/python3.7/site-packages/airflow/example_dags/tutorial_taskflow_api_virtualenv.py
[2026-09-27T03:47:31.576+0000] {logging_mixin.py:149} INFO - [2026-09-27T03:47:31.576+0000] {dag.py:2726} INFO - Sync 1 DAGs
[2026-09-27T03:47:31.826+0000] {logging_mixin.py:149} INFO - [2026-09-27T03:47:31.826+0000] {dag.py:3490} INFO - Setting next_dagrun for tutorial_taskflow_api_virtualenv to None, run_after=None
[2026-09-27T03:47:31.855+0000] {processor.py:178} INFO - Processing /home/airflow/.local/lib/python3.7/site-packages/airflow/example_dags/tutorial_taskflow_api_virtualenv.py took 0.338 seconds
[2026-09-27T03:48:02.528+0000] {processor.py:156} INFO - Started process (PID=6962) to work on /home/airflow/.local/lib/python3.7/site-packages/airflow/example_dags/tutorial_taskflow_api_virtualenv.py
[2026-09-27T03:48:02.530+0000] {processor.py:799} INFO - Processing file /home/airflow/.local/lib/python3.7/site-packages/airflow/example_dags/tutorial_taskflow_api_virtualenv.py for tasks to queue
[2026-09-27T03:48:02.531+0000] {logging_mixin.py:149} INFO - [2026-09-27T03:48:02.531+0000] {dagbag.py:541} INFO - Filling up the DagBag from /home/airflow/.local/lib/python3.7/site-packages/airflow/example_dags/tutorial_taskflow_api_virtualenv.py
[2026-09-27T03:48:02.543+0000] {processor.py:809} INFO - DAG(s) dict_keys(['tutorial_taskflow_api_virtualenv']) retrieved from /home/airflow/.local/lib/python3.7/site-packages/airflow/example_dags/tutorial_taskflow_api_virtualenv.py
[2026-09-27T03:48:02.586+0000] {logging_mixin.py:149} INFO - [2026-09-27T03:48:02.586+0000] {dag.py:2726} INFO - Sync 1 DAGs
[2026-09-27T03:48:02.630+0000] {logging_mixin.py:149} INFO - [2026-09-27T03:48:02.630+0000] {dag.py:3490} INFO - Setting next_dagrun for tutorial_taskflow_api_virtualenv to None, run_after=None
[2026-09-27T03:48:02.658+0000] {processor.py:178} INFO - Processing /home/airflow/.local/lib/python3.7/site-packages/airflow/example_dags/tutorial_taskflow_api_virtualenv.py took 0.136 seconds
[2026-09-27T03:48:33.056+0000] {processor.py:156} INFO - Started process (PID=7018) to work on /home/airflow/.local/lib/python3.7/site-packages/airflow/example_dags/tutorial_taskflow_api_virtualenv.py
[2026-09-27T03:48:33.058+0000] {processor.py:799} INFO - Processing file /home/airflow/.local/lib/python3.7/site-packages/airflow/example_dags/tutorial_taskflow_api_virtualenv.py for tasks to queue
[2026-09-27T03:48:33.059+0000] {logging_mixin.py:149} INFO - [2026-09-27T03:48:33.058+0000] {dagbag.py:541} INFO - Filling up the DagBag from /home/airflow/.local/lib/python3.7/site-packages/airflow/example_dags/tutorial_taskflow_api_virtualenv.py
[2026-09-27T03:48:33.070+0000] {processor.py:809} INFO - DAG(s) dict_keys(['tutorial_taskflow_api_virtualenv']) retrieved from /home/airflow/.local/lib/python3.7/site-packages/airflow/example_dags/tutorial_taskflow_api_virtualenv.py
[2026-09-27T03:48:33.114+0000] {logging_mixin.py:149} INFO - [2026-09-27T03:48:33.114+0000] {dag.py:2726} INFO - Sync 1 DAGs
[2026-09-27T03:48:33.172+0000] {logging_mixin.py:149} INFO - [2026-09-27T03:48:33.172+0000] {dag.py:3490} INFO - Setting next_dagrun for tutorial_taskflow_api_virtualenv to None, run_after=None
[2026-09-27T03:48:33.207+0000] {processor.py:178} INFO - Processing /home/airflow/.local/lib/python3.7/site-packages/airflow/example_dags/tutorial_taskflow_api_virtualenv.py took 0.158 seconds
[2026-09-27T03:49:04.516+0000] {processor.py:156} INFO - Started process (PID=7074) to work on /home/airflow/.local/lib/python3.7/site-packages/airflow/example_dags/tutorial_taskflow_api_virtualenv.py
[2026-09-27T03:49:04.518+0000] {processor.py:799} INFO - Processing file /home/airflow/.local/lib/python3.7/site-packages/airflow/example_dags/tutorial_taskflow_api_virtualenv.py for tasks to queue
[2026-09-27T03:49:04.519+0000] {logging_mixin.py:149} INFO - [2026-09-27T03:49:04.519+0000] {dagbag.py:541} INFO - Filling up the DagBag from /home/airflow/.local/lib/python3.7/site-packages/airflow/example_dags/tutorial_taskflow_api_virtualenv.py
[2026-09-27T03:49:04.530+0000] {processor.py:809} INFO - DAG(s) dict_keys(['tutorial_taskflow_api_virtualenv']) retrieved from /home/airflow/.local/lib/python3.7/site-packages/airflow/example_dags/tutorial_taskflow_api_virtualenv.py
[2026-09-27T03:49:04.577+0000] {logging_mixin.py:149} INFO - [2026-09-27T03:49:04.576+0000] {dag.py:2726} INFO - Sync 1 DAGs
[2026-09-27T03:49:04.845+0000] {logging_mixin.py:149} INFO - [2026-09-27T03:49:04.844+0000] {dag.py:3490} INFO - Setting next_dagrun for tutorial_taskflow_api_virtualenv to None, run_after=None
[2026-09-27T03:49:04.894+0000] {processor.py:178} INFO - Processing /home/airflow/.local/lib/python3.7/site-packages/airflow/example_dags/tutorial_taskflow_api_virtualenv.py took 0.384 seconds
[2026-09-27T03:49:35.663+0000] {processor.py:156} INFO - Started process (PID=7130) to work on /home/airflow/.local/lib/python3.7/site-packages/airflow/example_dags/tutorial_taskflow_api_virtualenv.py
[2026-09-27T03:49:35.665+0000] {processor.py:799} INFO - Processing file /home/airflow/.local/lib/python3.7/site-packages/airflow/example_dags/tutorial_taskflow_api_virtualenv.py for tasks to queue
[2026-09-27T03:49:35.666+0000] {logging_mixin.py:149} INFO - [2026-09-27T03:49:35.666+0000] {dagbag.py:541} INFO - Filling up the DagBag from /home/airflow/.local/lib/python3.7/site-packages/airflow/example_dags/tutorial_taskflow_api_virtualenv.py
[2026-09-27T03:49:35.678+0000] {processor.py:809} INFO - DAG(s) dict_keys(['tutorial_taskflow_api_virtualenv']) retrieved from /home/airflow/.local/lib/python3.7/site-packages/airflow/example_dags/tutorial_taskflow_api_virtualenv.py
[2026-09-27T03:49:35.725+0000] {logging_mixin.py:149} INFO - [2026-09-27T03:49:35.725+0000] {dag.py:2726} INFO - Sync 1 DAGs
[2026-09-27T03:49:35.769+0000] {logging_mixin.py:149} INFO - [2026-09-27T03:49:35.769+0000] {dag.py:3490} INFO - Setting next_dagrun for tutorial_taskflow_api_virtualenv to None, run_after=None
[2026-09-27T03:49:35.800+0000] {processor.py:178} INFO - Processing /home/airflow/.local/lib/python3.7/site-packages/airflow/example_dags/tutorial_taskflow_api_virtualenv.py took 0.143 seconds
[2026-09-27T03:50:05.920+0000] {processor.py:156} INFO - Started process (PID=7185) to work on /home/airflow/.local/lib/python3.7/site-packages/airflow/example_dags/tutorial_taskflow_api_virtualenv.py
[2026-09-27T03:50:05.922+0000] {processor.py:799} INFO - Processing file /home/airflow/.local/lib/python3.7/site-packages/airflow/example_dags/tutorial_taskflow_api_virtualenv.py for tasks to queue
[2026-09-27T03:50:05.923+0000] {logging_mixin.py:149} INFO - [2026-09-27T03:50:05.923+0000] {dagbag.py:541} INFO - Filling up the DagBag from /home/airflow/.local/lib/python3.7/site-packages/airflow/example_dags/tutorial_taskflow_api_virtualenv.py
[2026-09-27T03:50:05.935+0000] {processor.py:809} INFO - DAG(s) dict_keys(['tutorial_taskflow_api_virtualenv']) retrieved from /home/airflow/.local/lib/python3.7/site-packages/airflow/example_dags/tutorial_taskflow_api_virtualenv.py
[2026-09-27T03:50:06.317+0000] {logging_mixin.py:149} INFO - [2026-09-27T03:50:06.316+0000] {dag.py:2726} INFO - Sync 1 DAGs
[2026-09-27T03:50:06.354+0000] {logging_mixin.py:149} INFO - [2026-09-27T03:50:06.354+0000] {dag.py:3490} INFO - Setting next_dagrun for tutorial_taskflow_api_virtualenv to None, run_after=None
[2026-09-27T03:50:06.381+0000] {processor.py:178} INFO - Processing /home/airflow/.local/lib/python3.7/site-packages/airflow/example_dags/tutorial_taskflow_api_virtualenv.py took 0.472 seconds
[2026-09-27T03:50:36.757+0000] {processor.py:156} INFO - Started process (PID=7241) to work on /home/airflow/.local/lib/python3.7/site-packages/airflow/example_dags/tutorial_taskflow_api_virtualenv.py
[2026-09-27T03:50:36.759+0000] {processor.py:799} INFO - Processing file /home/airflow/.local/lib/python3.7/site-packages/airflow/example_dags/tutorial_taskflow_api_virtualenv.py for tasks to queue
[2026-09-27T03:50:36.760+0000] {logging_mixin.py:149} INFO - [2026-09-27T03:50:36.760+0000] {dagbag.py:541} INFO - Filling up the DagBag from /home/airflow/.local/lib/python3.7/site-packages/airflow/example_dags/tutorial_taskflow_api_virtualenv.py
[2026-09-27T03:50:36.772+0000] {processor.py:809} INFO - DAG(s) dict_keys(['tutorial_taskflow_api_virtualenv']) retrieved from /home/airflow/.local/lib/python3.7/site-packages/airflow/example_dags/tutorial_taskflow_api_virtualenv.py
[2026-09-27T03:50:36.819+0000] {logging_mixin.py:149} INFO - [2026-09-27T03:50:36.819+0000] {dag.py:2726} INFO - Sync 1 DAGs
[2026-09-27T03:50:37.075+0000] {logging_mixin.py:149} INFO - [2026-09-27T03:50:37.075+0000] {dag.py:3490} INFO - Setting next_dagrun for tutorial_taskflow_api_virtualenv to None, run_after=None
[2026-09-27T03:50:37.104+0000] {processor.py:178} INFO - Processing /home/airflow/.local/lib/python3.7/site-packages/airflow/example_dags/tutorial_taskflow_api_virtualenv.py took 0.354 seconds
[2026-09-27T03:51:07.655+0000] {processor.py:156} INFO - Started process (PID=7297) to work on /home/airflow/.local/lib/python3.7/site-packages/airflow/example_dags/tutorial_taskflow_api_virtualenv.py
[2026-09-27T03:51:07.657+0000] {processor.py:799} INFO - Processing file /home/airflow/.local/lib/python3.7/site-packages/airflow/example_dags/tutorial_taskflow_api_virtualenv.py for tasks to queue
[2026-09-27T03:51:07.659+0000] {logging_mixin.py:149} INFO - [2026-09-27T03:51:07.659+0000] {dagbag.py:541} INFO - Filling up the DagBag from /home/airflow/.local/lib/python3.7/site-packages/airflow/example_dags/tutorial_taskflow_api_virtualenv.py
[2026-09-27T03:51:07.674+0000] {processor.py:809} INFO - DAG(s) dict_keys(['tutorial_taskflow_api_virtualenv']) retrieved from /home/airflow/.local/lib/python3.7/site-packages/airflow/example_dags/tutorial_taskflow_api_virtualenv.py
[2026-09-27T03:51:07.729+0000] {logging_mixin.py:149} INFO - [2026-09-27T03:51:07.728+0000] {dag.py:2726} INFO - Sync 1 DAGs
[2026-09-27T03:51:07.799+0000] {logging_mixin.py:149} INFO - [2026-09-27T03:51:07.799+0000] {dag.py:3490} INFO - Setting next_dagrun for tutorial_taskflow_api_virtualenv to None, run_after=None
[2026-09-27T03:51:07.840+0000] {processor.py:178} INFO - Processing /home/airflow/.local/lib/python3.7/site-packages/airflow/example_dags/tutorial_taskflow_api_virtualenv.py took 0.193 seconds
[2026-09-27T03:51:38.580+0000] {processor.py:156} INFO - Started process (PID=7354) to work on /home/airflow/.local/lib/python3.7/site-packages/airflow/example_dags/tutorial_taskflow_api_virtualenv.py
[2026-09-27T03:51:38.582+0000] {processor.py:799} INFO - Processing file /home/airflow/.local/lib/python3.7/site-packages/airflow/example_dags/tutorial_taskflow_api_virtualenv.py for tasks to queue
[2026-09-27T03:51:38.583+0000] {logging_mixin.py:149} INFO - [2026-09-27T03:51:38.583+0000] {dagbag.py:541} INFO - Filling up the DagBag from /home/airflow/.local/lib/python3.7/site-packages/airflow/example_dags/tutorial_taskflow_api_virtualenv.py
[2026-09-27T03:51:38.594+0000] {processor.py:809} INFO - DAG(s) dict_keys(['tutorial_taskflow_api_virtualenv']) retrieved from /home/airflow/.local/lib/python3.7/site-packages/airflow/example_dags/tutorial_taskflow_api_virtualenv.py
[2026-09-27T03:51:38.824+0000] {logging_mixin.py:149} INFO - [2026-09-27T03:51:38.824+0000] {dag.py:2726} INFO - Sync 1 DAGs
[2026-09-27T03:51:38.863+0000] {logging_mixin.py:149} INFO - [2026-09-27T03:51:38.863+0000] {dag.py:3490} INFO - Setting next_dagrun for tutorial_taskflow_api_virtualenv to None, run_after=None
[2026-09-27T03:51:38.889+0000] {processor.py:178} INFO - Processing /home/airflow/.local/lib/python3.7/site-packages/airflow/example_dags/tutorial_taskflow_api_virtualenv.py took 0.314 seconds
[2026-09-27T03:52:09.340+0000] {processor.py:156} INFO - Started process (PID=7410) to work on /home/airflow/.local/lib/python3.7/site-packages/airflow/example_dags/tutorial_taskflow_api_virtualenv.py
[2026-09-27T03:52:09.341+0000] {processor.py:799} INFO - Processing file /home/airflow/.local/lib/python3.7/site-packages/airflow/example_dags/tutorial_taskflow_api_virtualenv.py for tasks to queue
[2026-09-27T03:52:09.342+0000] {logging_mixin.py:149} INFO - [2026-09-27T03:52:09.342+0000] {dagbag.py:541} INFO - Filling up the DagBag from /home/airflow/.local/lib/python3.7/site-packages/airflow/example_dags/tutorial_taskflow_api_virtualenv.py
[2026-09-27T03:52:09.356+0000] {processor.py:809} INFO - DAG(s) dict_keys(['tutorial_taskflow_api_virtualenv']) retrieved from /home/airflow/.local/lib/python3.7/site-packages/airflow/example_dags/tutorial_taskflow_api_virtualenv.py
[2026-09-27T03:52:09.399+0000] {logging_mixin.py:149} INFO - [2026-09-27T03:52:09.399+0000] {dag.py:2726} INFO - Sync 1 DAGs
[2026-09-27T03:52:09.633+0000] {logging_mixin.py:149} INFO - [2026-09-27T03:52:09.633+0000] {dag.py:3490} INFO - Setting next_dagrun for tutorial_taskflow_api_virtualenv to None, run_after=None
[2026-09-27T03:52:09.659+0000] {processor.py:178} INFO - Processing /home/airflow/.local/lib/python3.7/site-packages/airflow/example_dags/tutorial_taskflow_api_virtualenv.py took 0.326 seconds
[2026-09-27T03:52:39.724+0000] {processor.py:156} INFO - Started process (PID=7467) to work on /home/airflow/.local/lib/python3.7/site-packages/airflow/example_dags/tutorial_taskflow_api_virtualenv.py
[2026-09-27T03:52:39.725+0000] {processor.py:799} INFO - Processing file /home/airflow/.local/lib/python3.7/site-packages/airflow/example_dags/tutorial_taskflow_api_virtualenv.py for tasks to queue
[2026-09-27T03:52:39.726+0000] {logging_mixin.py:149} INFO - [2026-09-27T03:52:39.726+0000] {dagbag.py:541} INFO - Filling up the DagBag from /home/airflow/.local/lib/python3.7/site-packages/airflow/example_dags/tutorial_taskflow_api_virtualenv.py
[2026-09-27T03:52:39.739+0000] {processor.py:809} INFO - DAG(s) dict_keys(['tutorial_taskflow_api_virtualenv']) retrieved from /home/airflow/.local/lib/python3.7/site-packages/airflow/example_dags/tutorial_taskflow_api_virtualenv.py
[2026-09-27T03:52:39.787+0000] {logging_mixin.py:149} INFO - [2026-09-27T03:52:39.787+0000] {dag.py:2726} INFO - Sync 1 DAGs
[2026-09-27T03:52:39.829+0000] {logging_mixin.py:149} INFO - [2026-09-27T03:52:39.829+0000] {dag.py:3490} INFO - Setting next_dagrun for tutorial_taskflow_api_virtualenv to None, run_after=None
[2026-09-27T03:52:39.857+0000] {processor.py:178} INFO - Processing /home/airflow/.local/lib/python3.7/site-packages/airflow/example_dags/tutorial_taskflow_api_virtualenv.py took 0.139 seconds
[2026-09-27T03:53:10.600+0000] {processor.py:156} INFO - Started process (PID=7530) to work on /home/airflow/.local/lib/python3.7/site-packages/airflow/example_dags/tutorial_taskflow_api_virtualenv.py
[2026-09-27T03:53:10.602+0000] {processor.py:799} INFO - Processing file /home/airflow/.local/lib/python3.7/site-packages/airflow/example_dags/tutorial_taskflow_api_virtualenv.py for tasks to queue
[2026-09-27T03:53:10.603+0000] {logging_mixin.py:149} INFO - [2026-09-27T03:53:10.603+0000] {dagbag.py:541} INFO - Filling up the DagBag from /home/airflow/.local/lib/python3.7/site-packages/airflow/example_dags/tutorial_taskflow_api_virtualenv.py
[2026-09-27T03:53:10.616+0000] {processor.py:809} INFO - DAG(s) dict_keys(['tutorial_taskflow_api_virtualenv']) retrieved from /home/airflow/.local/lib/python3.7/site-packages/airflow/example_dags/tutorial_taskflow_api_virtualenv.py
[2026-09-27T03:53:10.660+0000] {logging_mixin.py:149} INFO - [2026-09-27T03:53:10.659+0000] {dag.py:2726} INFO - Sync 1 DAGs
[2026-09-27T03:53:10.701+0000] {logging_mixin.py:149} INFO - [2026-09-27T03:53:10.701+0000] {dag.py:3490} INFO - Setting next_dagrun for tutorial_taskflow_api_virtualenv to None, run_after=None
[2026-09-27T03:53:10.733+0000] {processor.py:178} INFO - Processing /home/airflow/.local/lib/python3.7/site-packages/airflow/example_dags/tutorial_taskflow_api_virtualenv.py took 0.140 seconds
[2026-09-27T03:53:41.286+0000] {processor.py:156} INFO - Started process (PID=7586) to work on /home/airflow/.local/lib/python3.7/site-packages/airflow/example_dags/tutorial_taskflow_api_virtualenv.py
[2026-09-27T03:53:41.287+0000] {processor.py:799} INFO - Processing file /home/airflow/.local/lib/python3.7/site-packages/airflow/example_dags/tutorial_taskflow_api_virtualenv.py for tasks to queue
[2026-09-27T03:53:41.289+0000] {logging_mixin.py:149} INFO - [2026-09-27T03:53:41.289+0000] {dagbag.py:541} INFO - Filling up the DagBag from /home/airflow/.local/lib/python3.7/site-packages/airflow/example_dags/tutorial_taskflow_api_virtualenv.py
[2026-09-27T03:53:41.301+0000] {processor.py:809} INFO - DAG(s) dict_keys(['tutorial_taskflow_api_virtualenv']) retrieved from /home/airflow/.local/lib/python3.7/site-packages/airflow/example_dags/tutorial_taskflow_api_virtualenv.py
[2026-09-27T03:53:41.346+0000] {logging_mixin.py:149} INFO - [2026-09-27T03:53:41.346+0000] {dag.py:2726} INFO - Sync 1 DAGs
[2026-09-27T03:53:41.392+0000] {logging_mixin.py:149} INFO - [2026-09-27T03:53:41.392+0000] {dag.py:3490} INFO - Setting next_dagrun for tutorial_taskflow_api_virtualenv to None, run_after=None
[2026-09-27T03:53:41.422+0000] {processor.py:178} INFO - Processing /home/airflow/.local/lib/python3.7/site-packages/airflow/example_dags/tutorial_taskflow_api_virtualenv.py took 0.142 seconds
[2026-09-27T04:16:07.170+0000] {processor.py:156} INFO - Started process (PID=98) to work on /home/airflow/.local/lib/python3.7/site-packages/airflow/example_dags/tutorial_taskflow_api_virtualenv.py
[2026-09-27T04:16:07.172+0000] {processor.py:799} INFO - Processing file /home/airflow/.local/lib/python3.7/site-packages/airflow/example_dags/tutorial_taskflow_api_virtualenv.py for tasks to queue
[2026-09-27T04:16:07.173+0000] {logging_mixin.py:149} INFO - [2026-09-27T04:16:07.173+0000] {dagbag.py:541} INFO - Filling up the DagBag from /home/airflow/.local/lib/python3.7/site-packages/airflow/example_dags/tutorial_taskflow_api_virtualenv.py
[2026-09-27T04:16:07.187+0000] {processor.py:809} INFO - DAG(s) dict_keys(['tutorial_taskflow_api_virtualenv']) retrieved from /home/airflow/.local/lib/python3.7/site-packages/airflow/example_dags/tutorial_taskflow_api_virtualenv.py
[2026-09-27T04:16:07.236+0000] {logging_mixin.py:149} INFO - [2026-09-27T04:16:07.236+0000] {dag.py:2726} INFO - Sync 1 DAGs
[2026-09-27T04:16:07.282+0000] {logging_mixin.py:149} INFO - [2026-09-27T04:16:07.282+0000] {dag.py:3490} INFO - Setting next_dagrun for tutorial_taskflow_api_virtualenv to None, run_after=None
[2026-09-27T04:16:07.314+0000] {processor.py:178} INFO - Processing /home/airflow/.local/lib/python3.7/site-packages/airflow/example_dags/tutorial_taskflow_api_virtualenv.py took 0.150 seconds
[2026-09-27T04:16:37.870+0000] {processor.py:156} INFO - Started process (PID=157) to work on /home/airflow/.local/lib/python3.7/site-packages/airflow/example_dags/tutorial_taskflow_api_virtualenv.py
[2026-09-27T04:16:37.871+0000] {processor.py:799} INFO - Processing file /home/airflow/.local/lib/python3.7/site-packages/airflow/example_dags/tutorial_taskflow_api_virtualenv.py for tasks to queue
[2026-09-27T04:16:37.872+0000] {logging_mixin.py:149} INFO - [2026-09-27T04:16:37.872+0000] {dagbag.py:541} INFO - Filling up the DagBag from /home/airflow/.local/lib/python3.7/site-packages/airflow/example_dags/tutorial_taskflow_api_virtualenv.py
[2026-09-27T04:16:37.883+0000] {processor.py:809} INFO - DAG(s) dict_keys(['tutorial_taskflow_api_virtualenv']) retrieved from /home/airflow/.local/lib/python3.7/site-packages/airflow/example_dags/tutorial_taskflow_api_virtualenv.py
[2026-09-27T04:16:37.926+0000] {logging_mixin.py:149} INFO - [2026-09-27T04:16:37.926+0000] {dag.py:2726} INFO - Sync 1 DAGs
[2026-09-27T04:16:37.969+0000] {logging_mixin.py:149} INFO - [2026-09-27T04:16:37.969+0000] {dag.py:3490} INFO - Setting next_dagrun for tutorial_taskflow_api_virtualenv to None, run_after=None
[2026-09-27T04:16:38.000+0000] {processor.py:178} INFO - Processing /home/airflow/.local/lib/python3.7/site-packages/airflow/example_dags/tutorial_taskflow_api_virtualenv.py took 0.136 seconds
[2026-09-27T04:17:08.424+0000] {processor.py:156} INFO - Started process (PID=213) to work on /home/airflow/.local/lib/python3.7/site-packages/airflow/example_dags/tutorial_taskflow_api_virtualenv.py
[2026-09-27T04:17:08.426+0000] {processor.py:799} INFO - Processing file /home/airflow/.local/lib/python3.7/site-packages/airflow/example_dags/tutorial_taskflow_api_virtualenv.py for tasks to queue
[2026-09-27T04:17:08.427+0000] {logging_mixin.py:149} INFO - [2026-09-27T04:17:08.427+0000] {dagbag.py:541} INFO - Filling up the DagBag from /home/airflow/.local/lib/python3.7/site-packages/airflow/example_dags/tutorial_taskflow_api_virtualenv.py
[2026-09-27T04:17:08.439+0000] {processor.py:809} INFO - DAG(s) dict_keys(['tutorial_taskflow_api_virtualenv']) retrieved from /home/airflow/.local/lib/python3.7/site-packages/airflow/example_dags/tutorial_taskflow_api_virtualenv.py
[2026-09-27T04:17:08.491+0000] {logging_mixin.py:149} INFO - [2026-09-27T04:17:08.491+0000] {dag.py:2726} INFO - Sync 1 DAGs
[2026-09-27T04:17:08.541+0000] {logging_mixin.py:149} INFO - [2026-09-27T04:17:08.541+0000] {dag.py:3490} INFO - Setting next_dagrun for tutorial_taskflow_api_virtualenv to None, run_after=None
[2026-09-27T04:17:08.573+0000] {processor.py:178} INFO - Processing /home/airflow/.local/lib/python3.7/site-packages/airflow/example_dags/tutorial_taskflow_api_virtualenv.py took 0.156 seconds
[2026-09-27T04:17:38.845+0000] {processor.py:156} INFO - Started process (PID=269) to work on /home/airflow/.local/lib/python3.7/site-packages/airflow/example_dags/tutorial_taskflow_api_virtualenv.py
[2026-09-27T04:17:38.848+0000] {processor.py:799} INFO - Processing file /home/airflow/.local/lib/python3.7/site-packages/airflow/example_dags/tutorial_taskflow_api_virtualenv.py for tasks to queue
[2026-09-27T04:17:38.849+0000] {logging_mixin.py:149} INFO - [2026-09-27T04:17:38.849+0000] {dagbag.py:541} INFO - Filling up the DagBag from /home/airflow/.local/lib/python3.7/site-packages/airflow/example_dags/tutorial_taskflow_api_virtualenv.py
[2026-09-27T04:17:38.860+0000] {processor.py:809} INFO - DAG(s) dict_keys(['tutorial_taskflow_api_virtualenv']) retrieved from /home/airflow/.local/lib/python3.7/site-packages/airflow/example_dags/tutorial_taskflow_api_virtualenv.py
[2026-09-27T04:17:38.908+0000] {logging_mixin.py:149} INFO - [2026-09-27T04:17:38.908+0000] {dag.py:2726} INFO - Sync 1 DAGs
[2026-09-27T04:17:38.950+0000] {logging_mixin.py:149} INFO - [2026-09-27T04:17:38.949+0000] {dag.py:3490} INFO - Setting next_dagrun for tutorial_taskflow_api_virtualenv to None, run_after=None
[2026-09-27T04:17:38.981+0000] {processor.py:178} INFO - Processing /home/airflow/.local/lib/python3.7/site-packages/airflow/example_dags/tutorial_taskflow_api_virtualenv.py took 0.142 seconds
[2026-09-27T04:18:09.568+0000] {processor.py:156} INFO - Started process (PID=325) to work on /home/airflow/.local/lib/python3.7/site-packages/airflow/example_dags/tutorial_taskflow_api_virtualenv.py
[2026-09-27T04:18:09.572+0000] {processor.py:799} INFO - Processing file /home/airflow/.local/lib/python3.7/site-packages/airflow/example_dags/tutorial_taskflow_api_virtualenv.py for tasks to queue
[2026-09-27T04:18:09.574+0000] {logging_mixin.py:149} INFO - [2026-09-27T04:18:09.574+0000] {dagbag.py:541} INFO - Filling up the DagBag from /home/airflow/.local/lib/python3.7/site-packages/airflow/example_dags/tutorial_taskflow_api_virtualenv.py
[2026-09-27T04:18:09.587+0000] {processor.py:809} INFO - DAG(s) dict_keys(['tutorial_taskflow_api_virtualenv']) retrieved from /home/airflow/.local/lib/python3.7/site-packages/airflow/example_dags/tutorial_taskflow_api_virtualenv.py
[2026-09-27T04:18:09.627+0000] {logging_mixin.py:149} INFO - [2026-09-27T04:18:09.627+0000] {dag.py:2726} INFO - Sync 1 DAGs
[2026-09-27T04:18:09.669+0000] {logging_mixin.py:149} INFO - [2026-09-27T04:18:09.668+0000] {dag.py:3490} INFO - Setting next_dagrun for tutorial_taskflow_api_virtualenv to None, run_after=None
[2026-09-27T04:18:09.701+0000] {processor.py:178} INFO - Processing /home/airflow/.local/lib/python3.7/site-packages/airflow/example_dags/tutorial_taskflow_api_virtualenv.py took 0.140 seconds
[2026-09-27T04:18:40.936+0000] {processor.py:156} INFO - Started process (PID=382) to work on /home/airflow/.local/lib/python3.7/site-packages/airflow/example_dags/tutorial_taskflow_api_virtualenv.py
[2026-09-27T04:18:40.942+0000] {processor.py:799} INFO - Processing file /home/airflow/.local/lib/python3.7/site-packages/airflow/example_dags/tutorial_taskflow_api_virtualenv.py for tasks to queue
[2026-09-27T04:18:40.943+0000] {logging_mixin.py:149} INFO - [2026-09-27T04:18:40.943+0000] {dagbag.py:541} INFO - Filling up the DagBag from /home/airflow/.local/lib/python3.7/site-packages/airflow/example_dags/tutorial_taskflow_api_virtualenv.py
[2026-09-27T04:18:40.955+0000] {processor.py:809} INFO - DAG(s) dict_keys(['tutorial_taskflow_api_virtualenv']) retrieved from /home/airflow/.local/lib/python3.7/site-packages/airflow/example_dags/tutorial_taskflow_api_virtualenv.py
[2026-09-27T04:18:40.996+0000] {logging_mixin.py:149} INFO - [2026-09-27T04:18:40.996+0000] {dag.py:2726} INFO - Sync 1 DAGs
[2026-09-27T04:18:41.038+0000] {logging_mixin.py:149} INFO - [2026-09-27T04:18:41.037+0000] {dag.py:3490} INFO - Setting next_dagrun for tutorial_taskflow_api_virtualenv to None, run_after=None
[2026-09-27T04:18:41.076+0000] {processor.py:178} INFO - Processing /home/airflow/.local/lib/python3.7/site-packages/airflow/example_dags/tutorial_taskflow_api_virtualenv.py took 0.146 seconds
[2026-09-27T04:19:11.908+0000] {processor.py:156} INFO - Started process (PID=438) to work on /home/airflow/.local/lib/python3.7/site-packages/airflow/example_dags/tutorial_taskflow_api_virtualenv.py
[2026-09-27T04:19:11.915+0000] {processor.py:799} INFO - Processing file /home/airflow/.local/lib/python3.7/site-packages/airflow/example_dags/tutorial_taskflow_api_virtualenv.py for tasks to queue
[2026-09-27T04:19:11.916+0000] {logging_mixin.py:149} INFO - [2026-09-27T04:19:11.916+0000] {dagbag.py:541} INFO - Filling up the DagBag from /home/airflow/.local/lib/python3.7/site-packages/airflow/example_dags/tutorial_taskflow_api_virtualenv.py
[2026-09-27T04:19:11.927+0000] {processor.py:809} INFO - DAG(s) dict_keys(['tutorial_taskflow_api_virtualenv']) retrieved from /home/airflow/.local/lib/python3.7/site-packages/airflow/example_dags/tutorial_taskflow_api_virtualenv.py
[2026-09-27T04:19:11.973+0000] {logging_mixin.py:149} INFO - [2026-09-27T04:19:11.972+0000] {dag.py:2726} INFO - Sync 1 DAGs
[2026-09-27T04:19:12.020+0000] {logging_mixin.py:149} INFO - [2026-09-27T04:19:12.020+0000] {dag.py:3490} INFO - Setting next_dagrun for tutorial_taskflow_api_virtualenv to None, run_after=None
[2026-09-27T04:19:12.047+0000] {processor.py:178} INFO - Processing /home/airflow/.local/lib/python3.7/site-packages/airflow/example_dags/tutorial_taskflow_api_virtualenv.py took 0.149 seconds
[2026-09-27T04:19:42.886+0000] {processor.py:156} INFO - Started process (PID=494) to work on /home/airflow/.local/lib/python3.7/site-packages/airflow/example_dags/tutorial_taskflow_api_virtualenv.py
[2026-09-27T04:19:42.888+0000] {processor.py:799} INFO - Processing file /home/airflow/.local/lib/python3.7/site-packages/airflow/example_dags/tutorial_taskflow_api_virtualenv.py for tasks to queue
[2026-09-27T04:19:42.890+0000] {logging_mixin.py:149} INFO - [2026-09-27T04:19:42.889+0000] {dagbag.py:541} INFO - Filling up the DagBag from /home/airflow/.local/lib/python3.7/site-packages/airflow/example_dags/tutorial_taskflow_api_virtualenv.py
[2026-09-27T04:19:42.901+0000] {processor.py:809} INFO - DAG(s) dict_keys(['tutorial_taskflow_api_virtualenv']) retrieved from /home/airflow/.local/lib/python3.7/site-packages/airflow/example_dags/tutorial_taskflow_api_virtualenv.py
[2026-09-27T04:19:42.947+0000] {logging_mixin.py:149} INFO - [2026-09-27T04:19:42.947+0000] {dag.py:2726} INFO - Sync 1 DAGs
[2026-09-27T04:19:42.996+0000] {logging_mixin.py:149} INFO - [2026-09-27T04:19:42.996+0000] {dag.py:3490} INFO - Setting next_dagrun for tutorial_taskflow_api_virtualenv to None, run_after=None
[2026-09-27T04:19:43.033+0000] {processor.py:178} INFO - Processing /home/airflow/.local/lib/python3.7/site-packages/airflow/example_dags/tutorial_taskflow_api_virtualenv.py took 0.154 seconds
[2026-09-27T04:20:13.522+0000] {processor.py:156} INFO - Started process (PID=551) to work on /home/airflow/.local/lib/python3.7/site-packages/airflow/example_dags/tutorial_taskflow_api_virtualenv.py
[2026-09-27T04:20:13.525+0000] {processor.py:799} INFO - Processing file /home/airflow/.local/lib/python3.7/site-packages/airflow/example_dags/tutorial_taskflow_api_virtualenv.py for tasks to queue
[2026-09-27T04:20:13.526+0000] {logging_mixin.py:149} INFO - [2026-09-27T04:20:13.526+0000] {dagbag.py:541} INFO - Filling up the DagBag from /home/airflow/.local/lib/python3.7/site-packages/airflow/example_dags/tutorial_taskflow_api_virtualenv.py
[2026-09-27T04:20:13.539+0000] {processor.py:809} INFO - DAG(s) dict_keys(['tutorial_taskflow_api_virtualenv']) retrieved from /home/airflow/.local/lib/python3.7/site-packages/airflow/example_dags/tutorial_taskflow_api_virtualenv.py
[2026-09-27T04:20:13.583+0000] {logging_mixin.py:149} INFO - [2026-09-27T04:20:13.582+0000] {dag.py:2726} INFO - Sync 1 DAGs
[2026-09-27T04:20:13.631+0000] {logging_mixin.py:149} INFO - [2026-09-27T04:20:13.631+0000] {dag.py:3490} INFO - Setting next_dagrun for tutorial_taskflow_api_virtualenv to None, run_after=None
[2026-09-27T04:20:13.664+0000] {processor.py:178} INFO - Processing /home/airflow/.local/lib/python3.7/site-packages/airflow/example_dags/tutorial_taskflow_api_virtualenv.py took 0.149 seconds
[2026-09-27T04:20:44.940+0000] {processor.py:156} INFO - Started process (PID=607) to work on /home/airflow/.local/lib/python3.7/site-packages/airflow/example_dags/tutorial_taskflow_api_virtualenv.py
[2026-09-27T04:20:44.943+0000] {processor.py:799} INFO - Processing file /home/airflow/.local/lib/python3.7/site-packages/airflow/example_dags/tutorial_taskflow_api_virtualenv.py for tasks to queue
[2026-09-27T04:20:44.943+0000] {logging_mixin.py:149} INFO - [2026-09-27T04:20:44.943+0000] {dagbag.py:541} INFO - Filling up the DagBag from /home/airflow/.local/lib/python3.7/site-packages/airflow/example_dags/tutorial_taskflow_api_virtualenv.py
[2026-09-27T04:20:44.955+0000] {processor.py:809} INFO - DAG(s) dict_keys(['tutorial_taskflow_api_virtualenv']) retrieved from /home/airflow/.local/lib/python3.7/site-packages/airflow/example_dags/tutorial_taskflow_api_virtualenv.py
[2026-09-27T04:20:45.001+0000] {logging_mixin.py:149} INFO - [2026-09-27T04:20:45.001+0000] {dag.py:2726} INFO - Sync 1 DAGs
[2026-09-27T04:20:45.049+0000] {logging_mixin.py:149} INFO - [2026-09-27T04:20:45.049+0000] {dag.py:3490} INFO - Setting next_dagrun for tutorial_taskflow_api_virtualenv to None, run_after=None
[2026-09-27T04:20:45.078+0000] {processor.py:178} INFO - Processing /home/airflow/.local/lib/python3.7/site-packages/airflow/example_dags/tutorial_taskflow_api_virtualenv.py took 0.145 seconds
[2026-09-27T04:21:15.548+0000] {processor.py:156} INFO - Started process (PID=663) to work on /home/airflow/.local/lib/python3.7/site-packages/airflow/example_dags/tutorial_taskflow_api_virtualenv.py
[2026-09-27T04:21:15.553+0000] {processor.py:799} INFO - Processing file /home/airflow/.local/lib/python3.7/site-packages/airflow/example_dags/tutorial_taskflow_api_virtualenv.py for tasks to queue
[2026-09-27T04:21:15.554+0000] {logging_mixin.py:149} INFO - [2026-09-27T04:21:15.554+0000] {dagbag.py:541} INFO - Filling up the DagBag from /home/airflow/.local/lib/python3.7/site-packages/airflow/example_dags/tutorial_taskflow_api_virtualenv.py
[2026-09-27T04:21:15.567+0000] {processor.py:809} INFO - DAG(s) dict_keys(['tutorial_taskflow_api_virtualenv']) retrieved from /home/airflow/.local/lib/python3.7/site-packages/airflow/example_dags/tutorial_taskflow_api_virtualenv.py
[2026-09-27T04:21:15.610+0000] {logging_mixin.py:149} INFO - [2026-09-27T04:21:15.610+0000] {dag.py:2726} INFO - Sync 1 DAGs
[2026-09-27T04:21:15.654+0000] {logging_mixin.py:149} INFO - [2026-09-27T04:21:15.654+0000] {dag.py:3490} INFO - Setting next_dagrun for tutorial_taskflow_api_virtualenv to None, run_after=None
[2026-09-27T04:21:15.684+0000] {processor.py:178} INFO - Processing /home/airflow/.local/lib/python3.7/site-packages/airflow/example_dags/tutorial_taskflow_api_virtualenv.py took 0.144 seconds
[2026-09-27T04:21:47.039+0000] {processor.py:156} INFO - Started process (PID=719) to work on /home/airflow/.local/lib/python3.7/site-packages/airflow/example_dags/tutorial_taskflow_api_virtualenv.py
[2026-09-27T04:21:47.042+0000] {processor.py:799} INFO - Processing file /home/airflow/.local/lib/python3.7/site-packages/airflow/example_dags/tutorial_taskflow_api_virtualenv.py for tasks to queue
[2026-09-27T04:21:47.043+0000] {logging_mixin.py:149} INFO - [2026-09-27T04:21:47.042+0000] {dagbag.py:541} INFO - Filling up the DagBag from /home/airflow/.local/lib/python3.7/site-packages/airflow/example_dags/tutorial_taskflow_api_virtualenv.py
[2026-09-27T04:21:47.056+0000] {processor.py:809} INFO - DAG(s) dict_keys(['tutorial_taskflow_api_virtualenv']) retrieved from /home/airflow/.local/lib/python3.7/site-packages/airflow/example_dags/tutorial_taskflow_api_virtualenv.py
[2026-09-27T04:21:47.107+0000] {logging_mixin.py:149} INFO - [2026-09-27T04:21:47.106+0000] {dag.py:2726} INFO - Sync 1 DAGs
[2026-09-27T04:21:47.161+0000] {logging_mixin.py:149} INFO - [2026-09-27T04:21:47.160+0000] {dag.py:3490} INFO - Setting next_dagrun for tutorial_taskflow_api_virtualenv to None, run_after=None
[2026-09-27T04:21:47.195+0000] {processor.py:178} INFO - Processing /home/airflow/.local/lib/python3.7/site-packages/airflow/example_dags/tutorial_taskflow_api_virtualenv.py took 0.163 seconds
[2026-09-27T04:22:17.598+0000] {processor.py:156} INFO - Started process (PID=775) to work on /home/airflow/.local/lib/python3.7/site-packages/airflow/example_dags/tutorial_taskflow_api_virtualenv.py
[2026-09-27T04:22:17.600+0000] {processor.py:799} INFO - Processing file /home/airflow/.local/lib/python3.7/site-packages/airflow/example_dags/tutorial_taskflow_api_virtualenv.py for tasks to queue
[2026-09-27T04:22:17.601+0000] {logging_mixin.py:149} INFO - [2026-09-27T04:22:17.601+0000] {dagbag.py:541} INFO - Filling up the DagBag from /home/airflow/.local/lib/python3.7/site-packages/airflow/example_dags/tutorial_taskflow_api_virtualenv.py
[2026-09-27T04:22:17.612+0000] {processor.py:809} INFO - DAG(s) dict_keys(['tutorial_taskflow_api_virtualenv']) retrieved from /home/airflow/.local/lib/python3.7/site-packages/airflow/example_dags/tutorial_taskflow_api_virtualenv.py
[2026-09-27T04:22:17.655+0000] {logging_mixin.py:149} INFO - [2026-09-27T04:22:17.654+0000] {dag.py:2726} INFO - Sync 1 DAGs
[2026-09-27T04:22:17.702+0000] {logging_mixin.py:149} INFO - [2026-09-27T04:22:17.701+0000] {dag.py:3490} INFO - Setting next_dagrun for tutorial_taskflow_api_virtualenv to None, run_after=None
[2026-09-27T04:22:17.735+0000] {processor.py:178} INFO - Processing /home/airflow/.local/lib/python3.7/site-packages/airflow/example_dags/tutorial_taskflow_api_virtualenv.py took 0.144 seconds
[2026-09-27T04:22:49.013+0000] {processor.py:156} INFO - Started process (PID=831) to work on /home/airflow/.local/lib/python3.7/site-packages/airflow/example_dags/tutorial_taskflow_api_virtualenv.py
[2026-09-27T04:22:49.017+0000] {processor.py:799} INFO - Processing file /home/airflow/.local/lib/python3.7/site-packages/airflow/example_dags/tutorial_taskflow_api_virtualenv.py for tasks to queue
[2026-09-27T04:22:49.018+0000] {logging_mixin.py:149} INFO - [2026-09-27T04:22:49.018+0000] {dagbag.py:541} INFO - Filling up the DagBag from /home/airflow/.local/lib/python3.7/site-packages/airflow/example_dags/tutorial_taskflow_api_virtualenv.py
[2026-09-27T04:22:49.031+0000] {processor.py:809} INFO - DAG(s) dict_keys(['tutorial_taskflow_api_virtualenv']) retrieved from /home/airflow/.local/lib/python3.7/site-packages/airflow/example_dags/tutorial_taskflow_api_virtualenv.py
[2026-09-27T04:22:49.088+0000] {logging_mixin.py:149} INFO - [2026-09-27T04:22:49.087+0000] {dag.py:2726} INFO - Sync 1 DAGs
[2026-09-27T04:22:49.141+0000] {logging_mixin.py:149} INFO - [2026-09-27T04:22:49.140+0000] {dag.py:3490} INFO - Setting next_dagrun for tutorial_taskflow_api_virtualenv to None, run_after=None
[2026-09-27T04:22:49.170+0000] {processor.py:178} INFO - Processing /home/airflow/.local/lib/python3.7/site-packages/airflow/example_dags/tutorial_taskflow_api_virtualenv.py took 0.164 seconds
[2026-09-27T04:23:19.825+0000] {processor.py:156} INFO - Started process (PID=888) to work on /home/airflow/.local/lib/python3.7/site-packages/airflow/example_dags/tutorial_taskflow_api_virtualenv.py
[2026-09-27T04:23:19.828+0000] {processor.py:799} INFO - Processing file /home/airflow/.local/lib/python3.7/site-packages/airflow/example_dags/tutorial_taskflow_api_virtualenv.py for tasks to queue
[2026-09-27T04:23:19.829+0000] {logging_mixin.py:149} INFO - [2026-09-27T04:23:19.829+0000] {dagbag.py:541} INFO - Filling up the DagBag from /home/airflow/.local/lib/python3.7/site-packages/airflow/example_dags/tutorial_taskflow_api_virtualenv.py
[2026-09-27T04:23:19.842+0000] {processor.py:809} INFO - DAG(s) dict_keys(['tutorial_taskflow_api_virtualenv']) retrieved from /home/airflow/.local/lib/python3.7/site-packages/airflow/example_dags/tutorial_taskflow_api_virtualenv.py
[2026-09-27T04:23:19.887+0000] {logging_mixin.py:149} INFO - [2026-09-27T04:23:19.887+0000] {dag.py:2726} INFO - Sync 1 DAGs
[2026-09-27T04:23:19.932+0000] {logging_mixin.py:149} INFO - [2026-09-27T04:23:19.932+0000] {dag.py:3490} INFO - Setting next_dagrun for tutorial_taskflow_api_virtualenv to None, run_after=None
[2026-09-27T04:23:19.963+0000] {processor.py:178} INFO - Processing /home/airflow/.local/lib/python3.7/site-packages/airflow/example_dags/tutorial_taskflow_api_virtualenv.py took 0.144 seconds
[2026-09-27T04:23:50.341+0000] {processor.py:156} INFO - Started process (PID=944) to work on /home/airflow/.local/lib/python3.7/site-packages/airflow/example_dags/tutorial_taskflow_api_virtualenv.py
[2026-09-27T04:23:50.343+0000] {processor.py:799} INFO - Processing file /home/airflow/.local/lib/python3.7/site-packages/airflow/example_dags/tutorial_taskflow_api_virtualenv.py for tasks to queue
[2026-09-27T04:23:50.344+0000] {logging_mixin.py:149} INFO - [2026-09-27T04:23:50.344+0000] {dagbag.py:541} INFO - Filling up the DagBag from /home/airflow/.local/lib/python3.7/site-packages/airflow/example_dags/tutorial_taskflow_api_virtualenv.py
[2026-09-27T04:23:50.358+0000] {processor.py:809} INFO - DAG(s) dict_keys(['tutorial_taskflow_api_virtualenv']) retrieved from /home/airflow/.local/lib/python3.7/site-packages/airflow/example_dags/tutorial_taskflow_api_virtualenv.py
[2026-09-27T04:23:50.402+0000] {logging_mixin.py:149} INFO - [2026-09-27T04:23:50.402+0000] {dag.py:2726} INFO - Sync 1 DAGs
[2026-09-27T04:23:50.452+0000] {logging_mixin.py:149} INFO - [2026-09-27T04:23:50.451+0000] {dag.py:3490} INFO - Setting next_dagrun for tutorial_taskflow_api_virtualenv to None, run_after=None
[2026-09-27T04:23:50.482+0000] {processor.py:178} INFO - Processing /home/airflow/.local/lib/python3.7/site-packages/airflow/example_dags/tutorial_taskflow_api_virtualenv.py took 0.150 seconds
[2026-09-27T04:24:20.965+0000] {processor.py:156} INFO - Started process (PID=1000) to work on /home/airflow/.local/lib/python3.7/site-packages/airflow/example_dags/tutorial_taskflow_api_virtualenv.py
[2026-09-27T04:24:20.967+0000] {processor.py:799} INFO - Processing file /home/airflow/.local/lib/python3.7/site-packages/airflow/example_dags/tutorial_taskflow_api_virtualenv.py for tasks to queue
[2026-09-27T04:24:20.968+0000] {logging_mixin.py:149} INFO - [2026-09-27T04:24:20.968+0000] {dagbag.py:541} INFO - Filling up the DagBag from /home/airflow/.local/lib/python3.7/site-packages/airflow/example_dags/tutorial_taskflow_api_virtualenv.py
[2026-09-27T04:24:20.981+0000] {processor.py:809} INFO - DAG(s) dict_keys(['tutorial_taskflow_api_virtualenv']) retrieved from /home/airflow/.local/lib/python3.7/site-packages/airflow/example_dags/tutorial_taskflow_api_virtualenv.py
[2026-09-27T04:24:21.023+0000] {logging_mixin.py:149} INFO - [2026-09-27T04:24:21.023+0000] {dag.py:2726} INFO - Sync 1 DAGs
[2026-09-27T04:24:21.070+0000] {logging_mixin.py:149} INFO - [2026-09-27T04:24:21.069+0000] {dag.py:3490} INFO - Setting next_dagrun for tutorial_taskflow_api_virtualenv to None, run_after=None
[2026-09-27T04:24:21.098+0000] {processor.py:178} INFO - Processing /home/airflow/.local/lib/python3.7/site-packages/airflow/example_dags/tutorial_taskflow_api_virtualenv.py took 0.140 seconds
[2026-09-27T04:24:52.328+0000] {processor.py:156} INFO - Started process (PID=1056) to work on /home/airflow/.local/lib/python3.7/site-packages/airflow/example_dags/tutorial_taskflow_api_virtualenv.py
[2026-09-27T04:24:52.329+0000] {processor.py:799} INFO - Processing file /home/airflow/.local/lib/python3.7/site-packages/airflow/example_dags/tutorial_taskflow_api_virtualenv.py for tasks to queue
[2026-09-27T04:24:52.330+0000] {logging_mixin.py:149} INFO - [2026-09-27T04:24:52.330+0000] {dagbag.py:541} INFO - Filling up the DagBag from /home/airflow/.local/lib/python3.7/site-packages/airflow/example_dags/tutorial_taskflow_api_virtualenv.py
[2026-09-27T04:24:52.341+0000] {processor.py:809} INFO - DAG(s) dict_keys(['tutorial_taskflow_api_virtualenv']) retrieved from /home/airflow/.local/lib/python3.7/site-packages/airflow/example_dags/tutorial_taskflow_api_virtualenv.py
[2026-09-27T04:24:52.381+0000] {logging_mixin.py:149} INFO - [2026-09-27T04:24:52.381+0000] {dag.py:2726} INFO - Sync 1 DAGs
[2026-09-27T04:24:52.431+0000] {logging_mixin.py:149} INFO - [2026-09-27T04:24:52.430+0000] {dag.py:3490} INFO - Setting next_dagrun for tutorial_taskflow_api_virtualenv to None, run_after=None
[2026-09-27T04:24:52.462+0000] {processor.py:178} INFO - Processing /home/airflow/.local/lib/python3.7/site-packages/airflow/example_dags/tutorial_taskflow_api_virtualenv.py took 0.141 seconds
[2026-09-27T04:25:24.250+0000] {processor.py:156} INFO - Started process (PID=1112) to work on /home/airflow/.local/lib/python3.7/site-packages/airflow/example_dags/tutorial_taskflow_api_virtualenv.py
[2026-09-27T04:25:24.254+0000] {processor.py:799} INFO - Processing file /home/airflow/.local/lib/python3.7/site-packages/airflow/example_dags/tutorial_taskflow_api_virtualenv.py for tasks to queue
[2026-09-27T04:25:24.255+0000] {logging_mixin.py:149} INFO - [2026-09-27T04:25:24.255+0000] {dagbag.py:541} INFO - Filling up the DagBag from /home/airflow/.local/lib/python3.7/site-packages/airflow/example_dags/tutorial_taskflow_api_virtualenv.py
[2026-09-27T04:25:24.267+0000] {processor.py:809} INFO - DAG(s) dict_keys(['tutorial_taskflow_api_virtualenv']) retrieved from /home/airflow/.local/lib/python3.7/site-packages/airflow/example_dags/tutorial_taskflow_api_virtualenv.py
[2026-09-27T04:25:24.321+0000] {logging_mixin.py:149} INFO - [2026-09-27T04:25:24.321+0000] {dag.py:2726} INFO - Sync 1 DAGs
[2026-09-27T04:25:24.372+0000] {logging_mixin.py:149} INFO - [2026-09-27T04:25:24.370+0000] {dag.py:3490} INFO - Setting next_dagrun for tutorial_taskflow_api_virtualenv to None, run_after=None
[2026-09-27T04:25:24.407+0000] {processor.py:178} INFO - Processing /home/airflow/.local/lib/python3.7/site-packages/airflow/example_dags/tutorial_taskflow_api_virtualenv.py took 0.165 seconds
[2026-09-27T04:25:55.110+0000] {processor.py:156} INFO - Started process (PID=1168) to work on /home/airflow/.local/lib/python3.7/site-packages/airflow/example_dags/tutorial_taskflow_api_virtualenv.py
[2026-09-27T04:25:55.113+0000] {processor.py:799} INFO - Processing file /home/airflow/.local/lib/python3.7/site-packages/airflow/example_dags/tutorial_taskflow_api_virtualenv.py for tasks to queue
[2026-09-27T04:25:55.114+0000] {logging_mixin.py:149} INFO - [2026-09-27T04:25:55.114+0000] {dagbag.py:541} INFO - Filling up the DagBag from /home/airflow/.local/lib/python3.7/site-packages/airflow/example_dags/tutorial_taskflow_api_virtualenv.py
[2026-09-27T04:25:55.129+0000] {processor.py:809} INFO - DAG(s) dict_keys(['tutorial_taskflow_api_virtualenv']) retrieved from /home/airflow/.local/lib/python3.7/site-packages/airflow/example_dags/tutorial_taskflow_api_virtualenv.py
[2026-09-27T04:25:55.202+0000] {logging_mixin.py:149} INFO - [2026-09-27T04:25:55.201+0000] {dag.py:2726} INFO - Sync 1 DAGs
[2026-09-27T04:25:55.250+0000] {logging_mixin.py:149} INFO - [2026-09-27T04:25:55.249+0000] {dag.py:3490} INFO - Setting next_dagrun for tutorial_taskflow_api_virtualenv to None, run_after=None
[2026-09-27T04:25:55.291+0000] {processor.py:178} INFO - Processing /home/airflow/.local/lib/python3.7/site-packages/airflow/example_dags/tutorial_taskflow_api_virtualenv.py took 0.191 seconds
[2026-09-27T04:26:25.996+0000] {processor.py:156} INFO - Started process (PID=1224) to work on /home/airflow/.local/lib/python3.7/site-packages/airflow/example_dags/tutorial_taskflow_api_virtualenv.py
[2026-09-27T04:26:25.999+0000] {processor.py:799} INFO - Processing file /home/airflow/.local/lib/python3.7/site-packages/airflow/example_dags/tutorial_taskflow_api_virtualenv.py for tasks to queue
[2026-09-27T04:26:26.001+0000] {logging_mixin.py:149} INFO - [2026-09-27T04:26:26.000+0000] {dagbag.py:541} INFO - Filling up the DagBag from /home/airflow/.local/lib/python3.7/site-packages/airflow/example_dags/tutorial_taskflow_api_virtualenv.py
[2026-09-27T04:26:26.013+0000] {processor.py:809} INFO - DAG(s) dict_keys(['tutorial_taskflow_api_virtualenv']) retrieved from /home/airflow/.local/lib/python3.7/site-packages/airflow/example_dags/tutorial_taskflow_api_virtualenv.py
[2026-09-27T04:26:26.061+0000] {logging_mixin.py:149} INFO - [2026-09-27T04:26:26.060+0000] {dag.py:2726} INFO - Sync 1 DAGs
[2026-09-27T04:26:26.108+0000] {logging_mixin.py:149} INFO - [2026-09-27T04:26:26.108+0000] {dag.py:3490} INFO - Setting next_dagrun for tutorial_taskflow_api_virtualenv to None, run_after=None
[2026-09-27T04:26:26.141+0000] {processor.py:178} INFO - Processing /home/airflow/.local/lib/python3.7/site-packages/airflow/example_dags/tutorial_taskflow_api_virtualenv.py took 0.152 seconds
[2026-09-27T04:26:56.723+0000] {processor.py:156} INFO - Started process (PID=1280) to work on /home/airflow/.local/lib/python3.7/site-packages/airflow/example_dags/tutorial_taskflow_api_virtualenv.py
[2026-09-27T04:26:56.726+0000] {processor.py:799} INFO - Processing file /home/airflow/.local/lib/python3.7/site-packages/airflow/example_dags/tutorial_taskflow_api_virtualenv.py for tasks to queue
[2026-09-27T04:26:56.727+0000] {logging_mixin.py:149} INFO - [2026-09-27T04:26:56.727+0000] {dagbag.py:541} INFO - Filling up the DagBag from /home/airflow/.local/lib/python3.7/site-packages/airflow/example_dags/tutorial_taskflow_api_virtualenv.py
[2026-09-27T04:26:56.740+0000] {processor.py:809} INFO - DAG(s) dict_keys(['tutorial_taskflow_api_virtualenv']) retrieved from /home/airflow/.local/lib/python3.7/site-packages/airflow/example_dags/tutorial_taskflow_api_virtualenv.py
[2026-09-27T04:26:56.786+0000] {logging_mixin.py:149} INFO - [2026-09-27T04:26:56.786+0000] {dag.py:2726} INFO - Sync 1 DAGs
[2026-09-27T04:26:56.835+0000] {logging_mixin.py:149} INFO - [2026-09-27T04:26:56.835+0000] {dag.py:3490} INFO - Setting next_dagrun for tutorial_taskflow_api_virtualenv to None, run_after=None
[2026-09-27T04:26:56.867+0000] {processor.py:178} INFO - Processing /home/airflow/.local/lib/python3.7/site-packages/airflow/example_dags/tutorial_taskflow_api_virtualenv.py took 0.150 seconds
[2026-09-27T04:27:27.513+0000] {processor.py:156} INFO - Started process (PID=1336) to work on /home/airflow/.local/lib/python3.7/site-packages/airflow/example_dags/tutorial_taskflow_api_virtualenv.py
[2026-09-27T04:27:27.515+0000] {processor.py:799} INFO - Processing file /home/airflow/.local/lib/python3.7/site-packages/airflow/example_dags/tutorial_taskflow_api_virtualenv.py for tasks to queue
[2026-09-27T04:27:27.516+0000] {logging_mixin.py:149} INFO - [2026-09-27T04:27:27.516+0000] {dagbag.py:541} INFO - Filling up the DagBag from /home/airflow/.local/lib/python3.7/site-packages/airflow/example_dags/tutorial_taskflow_api_virtualenv.py
[2026-09-27T04:27:27.529+0000] {processor.py:809} INFO - DAG(s) dict_keys(['tutorial_taskflow_api_virtualenv']) retrieved from /home/airflow/.local/lib/python3.7/site-packages/airflow/example_dags/tutorial_taskflow_api_virtualenv.py
[2026-09-27T04:27:27.581+0000] {logging_mixin.py:149} INFO - [2026-09-27T04:27:27.580+0000] {dag.py:2726} INFO - Sync 1 DAGs
[2026-09-27T04:27:27.631+0000] {logging_mixin.py:149} INFO - [2026-09-27T04:27:27.630+0000] {dag.py:3490} INFO - Setting next_dagrun for tutorial_taskflow_api_virtualenv to None, run_after=None
[2026-09-27T04:27:27.666+0000] {processor.py:178} INFO - Processing /home/airflow/.local/lib/python3.7/site-packages/airflow/example_dags/tutorial_taskflow_api_virtualenv.py took 0.160 seconds
[2026-09-27T04:27:58.797+0000] {processor.py:156} INFO - Started process (PID=1393) to work on /home/airflow/.local/lib/python3.7/site-packages/airflow/example_dags/tutorial_taskflow_api_virtualenv.py
[2026-09-27T04:27:58.804+0000] {processor.py:799} INFO - Processing file /home/airflow/.local/lib/python3.7/site-packages/airflow/example_dags/tutorial_taskflow_api_virtualenv.py for tasks to queue
[2026-09-27T04:27:58.805+0000] {logging_mixin.py:149} INFO - [2026-09-27T04:27:58.805+0000] {dagbag.py:541} INFO - Filling up the DagBag from /home/airflow/.local/lib/python3.7/site-packages/airflow/example_dags/tutorial_taskflow_api_virtualenv.py
[2026-09-27T04:27:58.817+0000] {processor.py:809} INFO - DAG(s) dict_keys(['tutorial_taskflow_api_virtualenv']) retrieved from /home/airflow/.local/lib/python3.7/site-packages/airflow/example_dags/tutorial_taskflow_api_virtualenv.py
[2026-09-27T04:27:58.863+0000] {logging_mixin.py:149} INFO - [2026-09-27T04:27:58.863+0000] {dag.py:2726} INFO - Sync 1 DAGs
[2026-09-27T04:27:58.911+0000] {logging_mixin.py:149} INFO - [2026-09-27T04:27:58.911+0000] {dag.py:3490} INFO - Setting next_dagrun for tutorial_taskflow_api_virtualenv to None, run_after=None
[2026-09-27T04:27:58.951+0000] {processor.py:178} INFO - Processing /home/airflow/.local/lib/python3.7/site-packages/airflow/example_dags/tutorial_taskflow_api_virtualenv.py took 0.162 seconds
[2026-09-27T04:28:30.262+0000] {processor.py:156} INFO - Started process (PID=1449) to work on /home/airflow/.local/lib/python3.7/site-packages/airflow/example_dags/tutorial_taskflow_api_virtualenv.py
[2026-09-27T04:28:30.264+0000] {processor.py:799} INFO - Processing file /home/airflow/.local/lib/python3.7/site-packages/airflow/example_dags/tutorial_taskflow_api_virtualenv.py for tasks to queue
[2026-09-27T04:28:30.265+0000] {logging_mixin.py:149} INFO - [2026-09-27T04:28:30.265+0000] {dagbag.py:541} INFO - Filling up the DagBag from /home/airflow/.local/lib/python3.7/site-packages/airflow/example_dags/tutorial_taskflow_api_virtualenv.py
[2026-09-27T04:28:30.278+0000] {processor.py:809} INFO - DAG(s) dict_keys(['tutorial_taskflow_api_virtualenv']) retrieved from /home/airflow/.local/lib/python3.7/site-packages/airflow/example_dags/tutorial_taskflow_api_virtualenv.py
[2026-09-27T04:28:30.326+0000] {logging_mixin.py:149} INFO - [2026-09-27T04:28:30.326+0000] {dag.py:2726} INFO - Sync 1 DAGs
[2026-09-27T04:28:30.382+0000] {logging_mixin.py:149} INFO - [2026-09-27T04:28:30.381+0000] {dag.py:3490} INFO - Setting next_dagrun for tutorial_taskflow_api_virtualenv to None, run_after=None
[2026-09-27T04:28:30.417+0000] {processor.py:178} INFO - Processing /home/airflow/.local/lib/python3.7/site-packages/airflow/example_dags/tutorial_taskflow_api_virtualenv.py took 0.162 seconds
[2026-09-27T04:29:01.697+0000] {processor.py:156} INFO - Started process (PID=1512) to work on /home/airflow/.local/lib/python3.7/site-packages/airflow/example_dags/tutorial_taskflow_api_virtualenv.py
[2026-09-27T04:29:01.700+0000] {processor.py:799} INFO - Processing file /home/airflow/.local/lib/python3.7/site-packages/airflow/example_dags/tutorial_taskflow_api_virtualenv.py for tasks to queue
[2026-09-27T04:29:01.701+0000] {logging_mixin.py:149} INFO - [2026-09-27T04:29:01.700+0000] {dagbag.py:541} INFO - Filling up the DagBag from /home/airflow/.local/lib/python3.7/site-packages/airflow/example_dags/tutorial_taskflow_api_virtualenv.py
[2026-09-27T04:29:01.713+0000] {processor.py:809} INFO - DAG(s) dict_keys(['tutorial_taskflow_api_virtualenv']) retrieved from /home/airflow/.local/lib/python3.7/site-packages/airflow/example_dags/tutorial_taskflow_api_virtualenv.py
[2026-09-27T04:29:01.774+0000] {logging_mixin.py:149} INFO - [2026-09-27T04:29:01.774+0000] {dag.py:2726} INFO - Sync 1 DAGs
[2026-09-27T04:29:01.824+0000] {logging_mixin.py:149} INFO - [2026-09-27T04:29:01.824+0000] {dag.py:3490} INFO - Setting next_dagrun for tutorial_taskflow_api_virtualenv to None, run_after=None
[2026-09-27T04:29:01.858+0000] {processor.py:178} INFO - Processing /home/airflow/.local/lib/python3.7/site-packages/airflow/example_dags/tutorial_taskflow_api_virtualenv.py took 0.169 seconds
[2026-09-27T04:29:33.274+0000] {processor.py:156} INFO - Started process (PID=1568) to work on /home/airflow/.local/lib/python3.7/site-packages/airflow/example_dags/tutorial_taskflow_api_virtualenv.py
[2026-09-27T04:29:33.278+0000] {processor.py:799} INFO - Processing file /home/airflow/.local/lib/python3.7/site-packages/airflow/example_dags/tutorial_taskflow_api_virtualenv.py for tasks to queue
[2026-09-27T04:29:33.280+0000] {logging_mixin.py:149} INFO - [2026-09-27T04:29:33.279+0000] {dagbag.py:541} INFO - Filling up the DagBag from /home/airflow/.local/lib/python3.7/site-packages/airflow/example_dags/tutorial_taskflow_api_virtualenv.py
[2026-09-27T04:29:33.291+0000] {processor.py:809} INFO - DAG(s) dict_keys(['tutorial_taskflow_api_virtualenv']) retrieved from /home/airflow/.local/lib/python3.7/site-packages/airflow/example_dags/tutorial_taskflow_api_virtualenv.py
[2026-09-27T04:29:33.344+0000] {logging_mixin.py:149} INFO - [2026-09-27T04:29:33.344+0000] {dag.py:2726} INFO - Sync 1 DAGs
[2026-09-27T04:29:33.400+0000] {logging_mixin.py:149} INFO - [2026-09-27T04:29:33.399+0000] {dag.py:3490} INFO - Setting next_dagrun for tutorial_taskflow_api_virtualenv to None, run_after=None
[2026-09-27T04:29:33.433+0000] {processor.py:178} INFO - Processing /home/airflow/.local/lib/python3.7/site-packages/airflow/example_dags/tutorial_taskflow_api_virtualenv.py took 0.165 seconds
[2026-09-27T04:30:04.591+0000] {processor.py:156} INFO - Started process (PID=1624) to work on /home/airflow/.local/lib/python3.7/site-packages/airflow/example_dags/tutorial_taskflow_api_virtualenv.py
[2026-09-27T04:30:04.593+0000] {processor.py:799} INFO - Processing file /home/airflow/.local/lib/python3.7/site-packages/airflow/example_dags/tutorial_taskflow_api_virtualenv.py for tasks to queue
[2026-09-27T04:30:04.594+0000] {logging_mixin.py:149} INFO - [2026-09-27T04:30:04.594+0000] {dagbag.py:541} INFO - Filling up the DagBag from /home/airflow/.local/lib/python3.7/site-packages/airflow/example_dags/tutorial_taskflow_api_virtualenv.py
[2026-09-27T04:30:04.608+0000] {processor.py:809} INFO - DAG(s) dict_keys(['tutorial_taskflow_api_virtualenv']) retrieved from /home/airflow/.local/lib/python3.7/site-packages/airflow/example_dags/tutorial_taskflow_api_virtualenv.py
[2026-09-27T04:30:04.657+0000] {logging_mixin.py:149} INFO - [2026-09-27T04:30:04.656+0000] {dag.py:2726} INFO - Sync 1 DAGs
[2026-09-27T04:30:04.706+0000] {logging_mixin.py:149} INFO - [2026-09-27T04:30:04.706+0000] {dag.py:3490} INFO - Setting next_dagrun for tutorial_taskflow_api_virtualenv to None, run_after=None
[2026-09-27T04:30:04.739+0000] {processor.py:178} INFO - Processing /home/airflow/.local/lib/python3.7/site-packages/airflow/example_dags/tutorial_taskflow_api_virtualenv.py took 0.156 seconds
